epoch,symbol,price
1778125654,R_100,566.55
1778125656,R_100,566.63
1778125658,R_100,566.66
1778125660,R_100,566.75
1778125662,R_100,566.68
1778125664,R_100,566.76
1778125666,R_100,566.78
1778125668,R_100,566.76
1778125670,R_100,566.91
1778125672,R_100,566.74
1778125674,R_100,566.39
1778125676,R_100,566.36
1778125678,R_100,566.3
1778125680,R_100,566.48
1778125682,R_100,566.48
1778125684,R_100,566.47
1778125686,R_100,566.61
1778125688,R_100,566.47
1778125690,R_100,566.58
1778125692,R_100,566.8
1778125694,R_100,566.79
1778125696,R_100,566.83
1778125698,R_100,566.66
1778125700,R_100,566.56
1778125702,R_100,566.57
1778125704,R_100,566.28
1778125706,R_100,566.25
1778125708,R_100,566.31
1778125710,R_100,566.68
1778125712,R_100,566.62
1778125714,R_100,566.58
1778125716,R_100,566.47
1778125718,R_100,566.59
1778125720,R_100,566.58
1778125722,R_100,566.61
1778125724,R_100,566.54
1778125726,R_100,566.52
1778125728,R_100,566.61
1778125730,R_100,566.5
1778125732,R_100,566.52
1778125734,R_100,566.58
1778125736,R_100,566.3
1778125738,R_100,566.29
1778125740,R_100,566.34
1778125742,R_100,566.58
1778125744,R_100,566.65
1778125746,R_100,566.36
1778125748,R_100,566.35
1778125750,R_100,566.2
1778125752,R_100,566.2
1778125754,R_100,566.18
1778125756,R_100,566.17
1778125758,R_100,566.33
1778125760,R_100,566.52
1778125762,R_100,566.64
1778125764,R_100,566.63
1778125766,R_100,566.58
1778125768,R_100,566.78
1778125770,R_100,566.8
1778125772,R_100,566.76
1778125774,R_100,566.78
1778125776,R_100,566.8
1778125778,R_100,566.72
1778125780,R_100,566.76
1778125782,R_100,566.82
1778125784,R_100,566.93
1778125786,R_100,567.25
1778125788,R_100,567.3
1778125790,R_100,567.23
1778125792,R_100,567.29
1778125794,R_100,567.2
1778125796,R_100,567.05
1778125798,R_100,566.59
1778125800,R_100,566.63
1778125802,R_100,566.72
1778125804,R_100,566.89
1778125806,R_100,566.95
1778125808,R_100,567.23
1778125810,R_100,567.05
1778125812,R_100,567.14
1778125814,R_100,567.2
1778125816,R_100,567.26
1778125818,R_100,567.16
1778125820,R_100,567.01
1778125822,R_100,566.73
1778125824,R_100,566.57
1778125826,R_100,566.5
1778125828,R_100,566.43
1778125830,R_100,566.45
1778125832,R_100,566.43
1778125834,R_100,566.47
1778125836,R_100,566.6
1778125838,R_100,566.76
1778125840,R_100,566.8
1778125842,R_100,566.95
1778125844,R_100,566.9
1778125846,R_100,566.97
1778125848,R_100,566.7
1778125850,R_100,566.67
1778125852,R_100,566.82
1778125854,R_100,566.99
1778125856,R_100,566.98
1778125858,R_100,567.12
1778125860,R_100,567.41
1778125862,R_100,567.47
1778125864,R_100,567.47
1778125866,R_100,567.57
1778125868,R_100,567.68
1778125870,R_100,567.93
1778125872,R_100,568.06
1778125874,R_100,568.16
1778125876,R_100,567.81
1778125878,R_100,567.89
1778125880,R_100,567.72
1778125882,R_100,567.75
1778125884,R_100,567.66
1778125886,R_100,567.76
1778125888,R_100,567.9
1778125890,R_100,567.85
1778125892,R_100,567.89
1778125894,R_100,567.95
1778125896,R_100,568.15
1778125898,R_100,568.07
1778125900,R_100,568.07
1778125902,R_100,568.2
1778125904,R_100,568.23
1778125906,R_100,568.12
1778125908,R_100,568.13
1778125910,R_100,568.13
1778125912,R_100,568.07
1778125914,R_100,567.74
1778125916,R_100,567.74
1778125918,R_100,567.85
1778125920,R_100,567.79
1778125922,R_100,568
1778125924,R_100,568.33
1778125926,R_100,568.43
1778125928,R_100,568.56
1778125930,R_100,568.44
1778125932,R_100,568.76
1778125934,R_100,568.68
1778125936,R_100,568.66
1778125938,R_100,568.49
1778125940,R_100,568.46
1778125942,R_100,568.48
1778125944,R_100,568.52
1778125946,R_100,568.66
1778125948,R_100,568.57
1778125950,R_100,568.71
1778125952,R_100,568.59
1778125954,R_100,568.72
1778125956,R_100,568.72
1778125958,R_100,568.63
1778125960,R_100,568.63
1778125962,R_100,568.5
1778125964,R_100,568.68
1778125966,R_100,568.56
1778125968,R_100,568.57
1778125970,R_100,568.36
1778125972,R_100,568.47
1778125974,R_100,568.78
1778125976,R_100,568.89
1778125978,R_100,568.9
1778125980,R_100,568.98
1778125982,R_100,569.07
1778125984,R_100,569.09
1778125986,R_100,569.24
1778125988,R_100,569.24
1778125990,R_100,569.41
1778125992,R_100,569.51
1778125994,R_100,569.4
1778125996,R_100,569.6
1778125998,R_100,569.61
1778126000,R_100,569.4
1778126002,R_100,569.51
1778126004,R_100,569.4
1778126006,R_100,569.29
1778126008,R_100,569.42
1778126010,R_100,569.35
1778126012,R_100,569.32
1778126014,R_100,569.35
1778126016,R_100,569.24
1778126018,R_100,569.17
1778126020,R_100,569.08
1778126022,R_100,569
1778126024,R_100,569.2
1778126026,R_100,569.07
1778126028,R_100,568.82
1778126030,R_100,568.86
1778126032,R_100,568.86
1778126034,R_100,569.02
1778126036,R_100,569.16
1778126038,R_100,569.28
1778126040,R_100,569.28
1778126042,R_100,569.49
1778126044,R_100,569.42
1778126046,R_100,569.39
1778126048,R_100,569.21
1778126050,R_100,569.06
1778126052,R_100,569
1778126054,R_100,568.85
1778126056,R_100,568.79
1778126058,R_100,568.56
1778126060,R_100,568.6
1778126062,R_100,568.63
1778126064,R_100,568.52
1778126066,R_100,568.44
1778126068,R_100,568.41
1778126070,R_100,568.39
1778126072,R_100,568.31
1778126074,R_100,568.28
1778126076,R_100,568.33
1778126078,R_100,568.11
1778126080,R_100,568.14
1778126082,R_100,568.1
1778126084,R_100,568.13
1778126086,R_100,568.03
1778126088,R_100,568.3
1778126090,R_100,568.16
1778126092,R_100,568.13
1778126094,R_100,568.13
1778126096,R_100,568.12
1778126098,R_100,568.02
1778126100,R_100,568.08
1778126102,R_100,567.95
1778126104,R_100,567.76
1778126106,R_100,567.83
1778126108,R_100,568.04
1778126110,R_100,567.99
1778126112,R_100,568.01
1778126114,R_100,568.15
1778126116,R_100,567.95
1778126118,R_100,567.87
1778126120,R_100,568.07
1778126122,R_100,567.98
1778126124,R_100,567.73
1778126126,R_100,567.85
1778126128,R_100,567.86
1778126130,R_100,567.68
1778126132,R_100,567.61
1778126134,R_100,567.59
1778126136,R_100,567.57
1778126138,R_100,567.49
1778126140,R_100,567.52
1778126142,R_100,567.53
1778126144,R_100,567.55
1778126146,R_100,567.6
1778126148,R_100,567.52
1778126150,R_100,567.55
1778126152,R_100,567.56
1778126154,R_100,567.62
1778126156,R_100,567.6
1778126158,R_100,567.63
1778126160,R_100,567.51
1778126162,R_100,567.39
1778126164,R_100,567.36
1778126166,R_100,567.44
1778126168,R_100,567.3
1778126170,R_100,567.2
1778126172,R_100,566.99
1778126174,R_100,567.11
1778126176,R_100,567.34
1778126178,R_100,567.49
1778126180,R_100,567.31
1778126182,R_100,567.24
1778126184,R_100,567.16
1778126186,R_100,567.12
1778126188,R_100,567.04
1778126190,R_100,567.39
1778126192,R_100,567.66
1778126194,R_100,567.67
1778126196,R_100,567.81
1778126198,R_100,567.64
1778126200,R_100,567.84
1778126202,R_100,567.84
1778126204,R_100,567.75
1778126206,R_100,567.52
1778126208,R_100,567.71
1778126210,R_100,567.62
1778126212,R_100,567.76
1778126214,R_100,568.09
1778126216,R_100,568.09
1778126218,R_100,568.38
1778126220,R_100,568.54
1778126222,R_100,568.57
1778126224,R_100,568.49
1778126226,R_100,568.22
1778126228,R_100,568.56
1778126230,R_100,568.66
1778126232,R_100,568.92
1778126234,R_100,568.91
1778126236,R_100,569.16
1778126238,R_100,569.36
1778126240,R_100,569.54
1778126242,R_100,569.55
1778126244,R_100,569.45
1778126246,R_100,569.47
1778126248,R_100,569.48
1778126250,R_100,569.56
1778126252,R_100,569.28
1778126254,R_100,568.79
1778126256,R_100,568.97
1778126258,R_100,568.85
1778126260,R_100,568.66
1778126262,R_100,568.56
1778126264,R_100,568.68
1778126266,R_100,568.65
1778126268,R_100,568.93
1778126270,R_100,569.17
1778126272,R_100,569.19
1778126274,R_100,569.22
1778126276,R_100,569.15
1778126278,R_100,568.99
1778126280,R_100,569.21
1778126282,R_100,569.26
1778126284,R_100,569.38
1778126286,R_100,569.33
1778126288,R_100,569.48
1778126290,R_100,569.42
1778126292,R_100,569.3
1778126294,R_100,569.12
1778126296,R_100,568.93
1778126298,R_100,568.82
1778126300,R_100,568.68
1778126302,R_100,568.82
1778126304,R_100,568.86
1778126306,R_100,568.8
1778126308,R_100,568.7
1778126310,R_100,569.02
1778126312,R_100,568.92
1778126314,R_100,568.65
1778126316,R_100,568.6
1778126318,R_100,568.58
1778126320,R_100,568.63
1778126322,R_100,568.45
1778126324,R_100,568.23
1778126326,R_100,568.08
1778126328,R_100,568.11
1778126330,R_100,568.32
1778126332,R_100,568.22
1778126334,R_100,568.43
1778126336,R_100,568.67
1778126338,R_100,568.71
1778126340,R_100,568.76
1778126342,R_100,568.62
1778126344,R_100,568.77
1778126346,R_100,568.83
1778126348,R_100,569.02
1778126350,R_100,569.1
1778126352,R_100,568.98
1778126354,R_100,568.98
1778126356,R_100,568.96
1778126358,R_100,568.96
1778126360,R_100,568.96
1778126362,R_100,568.86
1778126364,R_100,568.88
1778126366,R_100,568.8
1778126368,R_100,568.72
1778126370,R_100,568.47
1778126372,R_100,568.71
1778126374,R_100,568.84
1778126376,R_100,568.69
1778126378,R_100,568.73
1778126380,R_100,568.65
1778126382,R_100,568.69
1778126384,R_100,568.58
1778126386,R_100,568.87
1778126388,R_100,568.89
1778126390,R_100,568.77
1778126392,R_100,568.64
1778126394,R_100,568.74
1778126396,R_100,568.65
1778126398,R_100,568.72
1778126400,R_100,568.95
1778126402,R_100,568.79
1778126404,R_100,568.75
1778126406,R_100,568.7
1778126408,R_100,568.59
1778126410,R_100,568.82
1778126412,R_100,568.89
1778126414,R_100,568.66
1778126416,R_100,568.75
1778126418,R_100,568.84
1778126420,R_100,568.94
1778126422,R_100,568.98
1778126424,R_100,568.72
1778126426,R_100,568.74
1778126428,R_100,568.57
1778126430,R_100,568.75
1778126432,R_100,568.99
1778126434,R_100,569
1778126436,R_100,569.17
1778126438,R_100,569.09
1778126440,R_100,569.16
1778126442,R_100,569.12
1778126444,R_100,569.2
1778126446,R_100,569.16
1778126448,R_100,569.24
1778126450,R_100,569.3
1778126452,R_100,569.47
1778126454,R_100,569.16
1778126456,R_100,569.11
1778126458,R_100,569.17
1778126460,R_100,569.11
1778126462,R_100,569.24
1778126464,R_100,569.08
1778126466,R_100,569.11
1778126468,R_100,569.14
1778126470,R_100,569.31
1778126472,R_100,569.2
1778126474,R_100,568.96
1778126476,R_100,569.04
1778126478,R_100,569.08
1778126480,R_100,569.04
1778126482,R_100,569.17
1778126484,R_100,569.18
1778126486,R_100,569.23
1778126488,R_100,569.42
1778126490,R_100,569.52
1778126492,R_100,569.37
1778126494,R_100,569.19
1778126496,R_100,569.02
1778126498,R_100,568.87
1778126500,R_100,568.74
1778126502,R_100,568.66
1778126504,R_100,568.87
1778126506,R_100,568.87
1778126508,R_100,568.85
1778126510,R_100,568.81
1778126512,R_100,569.04
1778126514,R_100,569.12
1778126516,R_100,569.04
1778126518,R_100,569.31
1778126520,R_100,569.32
1778126522,R_100,569.33
1778126524,R_100,569.41
1778126526,R_100,569.39
1778126528,R_100,569.22
1778126530,R_100,568.99
1778126532,R_100,568.74
1778126534,R_100,568.82
1778126536,R_100,568.64
1778126538,R_100,568.68
1778126540,R_100,568.89
1778126542,R_100,568.87
1778126544,R_100,568.79
1778126546,R_100,568.93
1778126548,R_100,568.87
1778126550,R_100,568.99
1778126552,R_100,568.73
1778126554,R_100,568.71
1778126556,R_100,568.63
1778126558,R_100,568.86
1778126560,R_100,569.02
1778126562,R_100,569.02
1778126564,R_100,569.04
1778126566,R_100,569.04
1778126568,R_100,568.95
1778126570,R_100,568.82
1778126572,R_100,568.7
1778126574,R_100,568.74
1778126576,R_100,568.62
1778126578,R_100,568.67
1778126580,R_100,568.75
1778126582,R_100,568.59
1778126584,R_100,568.63
1778126586,R_100,568.79
1778126588,R_100,568.87
1778126590,R_100,568.96
1778126592,R_100,568.69
1778126594,R_100,568.74
1778126596,R_100,568.67
1778126598,R_100,568.96
1778126600,R_100,568.96
1778126602,R_100,569.13
1778126604,R_100,569.33
1778126606,R_100,569.26
1778126608,R_100,569.53
1778126610,R_100,569.4
1778126612,R_100,569.31
1778126614,R_100,569.15
1778126616,R_100,569.27
1778126618,R_100,569.07
1778126620,R_100,569.1
1778126622,R_100,569.08
1778126624,R_100,568.97
1778126626,R_100,569
1778126628,R_100,569.12
1778126630,R_100,568.94
1778126632,R_100,569.03
1778126634,R_100,568.91
1778126636,R_100,568.96
1778126638,R_100,569.21
1778126640,R_100,569.08
1778126642,R_100,569.09
1778126644,R_100,568.95
1778126646,R_100,568.65
1778126648,R_100,568.78
1778126650,R_100,569.16
1778126652,R_100,569.22
1778126654,R_100,569.22
1778126656,R_100,569.01
1778126658,R_100,568.78
1778126660,R_100,568.94
1778126662,R_100,569.27
1778126664,R_100,568.99
1778126666,R_100,569
1778126668,R_100,568.89
1778126670,R_100,568.7
1778126672,R_100,568.64
1778126674,R_100,568.88
1778126676,R_100,569.18
1778126678,R_100,569.13
1778126680,R_100,568.94
1778126682,R_100,568.76
1778126684,R_100,568.8
1778126686,R_100,568.72
1778126688,R_100,568.61
1778126690,R_100,568.55
1778126692,R_100,568.8
1778126694,R_100,568.78
1778126696,R_100,569.04
1778126698,R_100,569
1778126700,R_100,568.92
1778126702,R_100,568.86
1778126704,R_100,568.74
1778126706,R_100,568.77
1778126708,R_100,568.79
1778126710,R_100,568.75
1778126712,R_100,568.78
1778126714,R_100,568.57
1778126716,R_100,568.42
1778126718,R_100,568.27
1778126720,R_100,568.23
1778126722,R_100,568.36
1778126724,R_100,568.02
1778126726,R_100,568.04
1778126728,R_100,568.05
1778126730,R_100,568.2
1778126732,R_100,568.57
1778126734,R_100,568.71
1778126736,R_100,568.77
1778126738,R_100,568.74
1778126740,R_100,568.97
1778126742,R_100,568.73
1778126744,R_100,568.74
1778126746,R_100,568.56
1778126748,R_100,568.57
1778126750,R_100,568.52
1778126752,R_100,568.53
1778126754,R_100,568.59
1778126756,R_100,568.81
1778126758,R_100,568.98
1778126760,R_100,568.97
1778126762,R_100,569.19
1778126764,R_100,569.25
1778126766,R_100,569.36
1778126768,R_100,569.47
1778126770,R_100,569.6
1778126772,R_100,569.67
1778126774,R_100,569.89
1778126776,R_100,570.05
1778126778,R_100,570.08
1778126780,R_100,570.06
1778126782,R_100,570.24
1778126784,R_100,570.08
1778126786,R_100,570.21
1778126788,R_100,569.99
1778126790,R_100,569.83
1778126792,R_100,570.15
1778126794,R_100,570.16
1778126796,R_100,570.17
1778126798,R_100,570.28
1778126800,R_100,570.27
1778126802,R_100,570.29
1778126804,R_100,570.28
1778126806,R_100,570.02
1778126808,R_100,569.98
1778126810,R_100,570.12
1778126812,R_100,570.36
1778126814,R_100,570.42
1778126816,R_100,570.44
1778126818,R_100,570.55
1778126820,R_100,570.4
1778126822,R_100,570.38
1778126824,R_100,570.56
1778126826,R_100,570.67
1778126828,R_100,570.54
1778126830,R_100,570.58
1778126832,R_100,570.51
1778126834,R_100,570.39
1778126836,R_100,570.49
1778126838,R_100,570.56
1778126840,R_100,570.5
1778126842,R_100,570.5
1778126844,R_100,570.48
1778126846,R_100,570.69
1778126848,R_100,570.72
1778126850,R_100,570.63
1778126852,R_100,570.85
1778126854,R_100,570.8
1778126856,R_100,570.77
1778126858,R_100,570.89
1778126860,R_100,570.99
1778126862,R_100,571.13
1778126864,R_100,571.03
1778126866,R_100,570.98
1778126868,R_100,571.09
1778126870,R_100,571.13
1778126872,R_100,571.05
1778126874,R_100,570.75
1778126876,R_100,570.94
1778126878,R_100,571.1
1778126880,R_100,570.96
1778126882,R_100,570.9
1778126884,R_100,570.67
1778126886,R_100,570.4
1778126888,R_100,570.48
1778126890,R_100,570.4
1778126892,R_100,570.3
1778126894,R_100,570.27
1778126896,R_100,570.14
1778126898,R_100,570.09
1778126900,R_100,570.18
1778126902,R_100,570.21
1778126904,R_100,570.32
1778126906,R_100,570.08
1778126908,R_100,570.38
1778126910,R_100,570.45
1778126912,R_100,570.28
1778126914,R_100,570.29
1778126916,R_100,570.26
1778126918,R_100,570.38
1778126920,R_100,570.27
1778126922,R_100,570.21
1778126924,R_100,570.16
1778126926,R_100,570.07
1778126928,R_100,570.06
1778126930,R_100,570.17
1778126932,R_100,570.28
1778126934,R_100,570.45
1778126936,R_100,570.72
1778126938,R_100,570.87
1778126940,R_100,570.82
1778126942,R_100,570.72
1778126944,R_100,570.52
1778126946,R_100,570.52
1778126948,R_100,570.35
1778126950,R_100,570.47
1778126952,R_100,570.47
1778126954,R_100,570.31
1778126956,R_100,570.36
1778126958,R_100,570.22
1778126960,R_100,570.21
1778126962,R_100,570.48
1778126964,R_100,570.22
1778126966,R_100,570.22
1778126968,R_100,570.1
1778126970,R_100,570.22
1778126972,R_100,570.26
1778126974,R_100,570.43
1778126976,R_100,570.37
1778126978,R_100,570.43
1778126980,R_100,570.18
1778126982,R_100,570.25
1778126984,R_100,570.02
1778126986,R_100,569.89
1778126988,R_100,569.94
1778126990,R_100,570.1
1778126992,R_100,570.35
1778126994,R_100,570.46
1778126996,R_100,570.38
1778126998,R_100,570.32
1778127000,R_100,570.13
1778127002,R_100,570.18
1778127004,R_100,570.21
1778127006,R_100,570.02
1778127008,R_100,570.04
1778127010,R_100,569.91
1778127012,R_100,569.98
1778127014,R_100,569.99
1778127016,R_100,570.14
1778127018,R_100,570.05
1778127020,R_100,570.05
1778127022,R_100,569.97
1778127024,R_100,569.95
1778127026,R_100,570.05
1778127028,R_100,569.9
1778127030,R_100,570.05
1778127032,R_100,569.92
1778127034,R_100,569.95
1778127036,R_100,570.11
1778127038,R_100,569.96
1778127040,R_100,569.69
1778127042,R_100,569.43
1778127044,R_100,569.09
1778127046,R_100,569.05
1778127048,R_100,568.91
1778127050,R_100,568.95
1778127052,R_100,568.91
1778127054,R_100,569
1778127056,R_100,569.17
1778127058,R_100,569.25
1778127060,R_100,568.91
1778127062,R_100,569.01
1778127064,R_100,569.14
1778127066,R_100,569.23
1778127068,R_100,569.17
1778127070,R_100,569.21
1778127072,R_100,569.34
1778127074,R_100,569.42
1778127076,R_100,569.32
1778127078,R_100,569.29
1778127080,R_100,569.26
1778127082,R_100,569.45
1778127084,R_100,569.31
1778127086,R_100,569.4
1778127088,R_100,569.32
1778127090,R_100,568.92
1778127092,R_100,569
1778127094,R_100,568.93
1778127096,R_100,568.97
1778127098,R_100,568.7
1778127100,R_100,568.87
1778127102,R_100,568.95
1778127104,R_100,568.85
1778127106,R_100,568.93
1778127108,R_100,569.21
1778127110,R_100,569.24
1778127112,R_100,568.9
1778127114,R_100,569.36
1778127116,R_100,569.42
1778127118,R_100,569.3
1778127120,R_100,569.17
1778127122,R_100,569.36
1778127124,R_100,569.04
1778127126,R_100,569.24
1778127128,R_100,569.27
1778127130,R_100,569.33
1778127132,R_100,569.56
1778127134,R_100,569.6
1778127136,R_100,569.52
1778127138,R_100,569.26
1778127140,R_100,569.3
1778127142,R_100,569.44
1778127144,R_100,569.53
1778127146,R_100,569.53
1778127148,R_100,569.77
1778127150,R_100,570.02
1778127152,R_100,570.16
1778127154,R_100,570.34
1778127156,R_100,570.03
1778127158,R_100,569.95
1778127160,R_100,570.09
1778127162,R_100,570.25
1778127164,R_100,570.43
1778127166,R_100,570.4
1778127168,R_100,570.27
1778127170,R_100,570.39
1778127172,R_100,570.41
1778127174,R_100,570.47
1778127176,R_100,570.51
1778127178,R_100,570.62
1778127180,R_100,570.47
1778127182,R_100,570.31
1778127184,R_100,570.24
1778127186,R_100,570
1778127188,R_100,569.77
1778127190,R_100,569.8
1778127192,R_100,569.91
1778127194,R_100,570.19
1778127196,R_100,570.06
1778127198,R_100,570.08
1778127200,R_100,570.13
1778127202,R_100,570.03
1778127204,R_100,569.92
1778127206,R_100,570.06
1778127208,R_100,569.9
1778127210,R_100,569.88
1778127212,R_100,569.59
1778127214,R_100,569.77
1778127216,R_100,569.61
1778127218,R_100,569.47
1778127220,R_100,569.25
1778127222,R_100,569.34
1778127224,R_100,569.34
1778127226,R_100,569.52
1778127228,R_100,569.24
1778127230,R_100,569.39
1778127232,R_100,569.48
1778127234,R_100,569.62
1778127236,R_100,569.71
1778127238,R_100,569.57
1778127240,R_100,569.49
1778127242,R_100,569.57
1778127244,R_100,569.71
1778127246,R_100,569.75
1778127248,R_100,569.72
1778127250,R_100,569.84
1778127252,R_100,570.08
1778127254,R_100,570.05
1778127256,R_100,570.21
1778127258,R_100,570.09
1778127260,R_100,570.05
1778127262,R_100,570.12
1778127264,R_100,569.91
1778127266,R_100,569.96
1778127268,R_100,569.91
1778127270,R_100,570
1778127272,R_100,569.94
1778127274,R_100,570.06
1778127276,R_100,570.18
1778127278,R_100,570.18
1778127280,R_100,570.21
1778127282,R_100,570.18
1778127284,R_100,570.18
1778127286,R_100,570.11
1778127288,R_100,570.15
1778127290,R_100,570.23
1778127292,R_100,570.33
1778127294,R_100,570.35
1778127296,R_100,570.25
1778127298,R_100,570.23
1778127300,R_100,570.2
1778127302,R_100,570.12
1778127304,R_100,570.19
1778127306,R_100,569.92
1778127308,R_100,569.86
1778127310,R_100,569.82
1778127312,R_100,570.1
1778127314,R_100,570.19
1778127316,R_100,570.23
1778127318,R_100,570.26
1778127320,R_100,570.05
1778127322,R_100,569.93
1778127324,R_100,569.97
1778127326,R_100,569.89
1778127328,R_100,570.03
1778127330,R_100,570.21
1778127332,R_100,570.25
1778127334,R_100,570.32
1778127336,R_100,570.18
1778127338,R_100,570.08
1778127340,R_100,570
1778127342,R_100,569.93
1778127344,R_100,570.06
1778127346,R_100,570.07
1778127348,R_100,570.27
1778127350,R_100,570.4
1778127352,R_100,570.29
1778127354,R_100,570.08
1778127356,R_100,570.25
1778127358,R_100,570.27
1778127360,R_100,570.35
1778127362,R_100,570.41
1778127364,R_100,570.67
1778127366,R_100,570.77
1778127368,R_100,570.84
1778127370,R_100,570.94
1778127372,R_100,570.91
1778127374,R_100,571.09
1778127376,R_100,571
1778127378,R_100,570.95
1778127380,R_100,570.75
1778127382,R_100,570.63
1778127384,R_100,570.71
1778127386,R_100,570.69
1778127388,R_100,570.64
1778127390,R_100,570.54
1778127392,R_100,570.46
1778127394,R_100,570.67
1778127396,R_100,570.95
1778127398,R_100,570.81
1778127400,R_100,571.33
1778127402,R_100,571.29
1778127404,R_100,571.12
1778127406,R_100,571.19
1778127408,R_100,571.38
1778127410,R_100,571.35
1778127412,R_100,571.47
1778127414,R_100,571.36
1778127416,R_100,571.43
1778127418,R_100,571.46
1778127420,R_100,571.4
1778127422,R_100,571.2
1778127424,R_100,571.03
1778127426,R_100,571.14
1778127428,R_100,571.19
1778127430,R_100,570.8
1778127432,R_100,570.81
1778127434,R_100,570.69
1778127436,R_100,570.71
1778127438,R_100,570.81
1778127440,R_100,570.88
1778127442,R_100,570.71
1778127444,R_100,570.42
1778127446,R_100,570.53
1778127448,R_100,570.38
1778127450,R_100,570.49
1778127452,R_100,570.5
1778127454,R_100,570.7
1778127456,R_100,570.82
1778127458,R_100,570.92
1778127460,R_100,571.17
1778127462,R_100,571.24
1778127464,R_100,571.21
1778127466,R_100,571.34
1778127468,R_100,571.46
1778127470,R_100,571.46
1778127472,R_100,571.24
1778127474,R_100,571.08
1778127476,R_100,571.03
1778127478,R_100,570.89
1778127480,R_100,571.03
1778127482,R_100,570.88
1778127484,R_100,571.01
1778127486,R_100,570.93
1778127488,R_100,571.06
1778127490,R_100,570.91
1778127492,R_100,570.87
1778127494,R_100,571.03
1778127496,R_100,570.9
1778127498,R_100,570.86
1778127500,R_100,570.83
1778127502,R_100,570.76
1778127504,R_100,570.84
1778127506,R_100,570.56
1778127508,R_100,570.61
1778127510,R_100,570.59
1778127512,R_100,570.63
1778127514,R_100,570.6
1778127516,R_100,570.77
1778127518,R_100,570.53
1778127520,R_100,570.34
1778127522,R_100,570.41
1778127524,R_100,570.5
1778127526,R_100,570.33
1778127528,R_100,570.4
1778127530,R_100,570.43
1778127532,R_100,570.29
1778127534,R_100,570.29
1778127536,R_100,570.44
1778127538,R_100,570.25
1778127540,R_100,570.31
1778127542,R_100,570.09
1778127544,R_100,570.22
1778127546,R_100,570.42
1778127548,R_100,570.52
1778127550,R_100,570.47
1778127552,R_100,570.43
1778127554,R_100,570.37
1778127556,R_100,570.51
1778127558,R_100,570.45
1778127560,R_100,570.69
1778127562,R_100,570.55
1778127564,R_100,570.44
1778127566,R_100,570.38
1778127568,R_100,570.19
1778127570,R_100,570.08
1778127572,R_100,570.37
1778127574,R_100,570.16
1778127576,R_100,570.21
1778127578,R_100,570.35
1778127580,R_100,570.56
1778127582,R_100,570.53
1778127584,R_100,570.5
1778127586,R_100,570.28
1778127588,R_100,570.32
1778127590,R_100,570.12
1778127592,R_100,569.96
1778127594,R_100,570.05
1778127596,R_100,569.86
1778127598,R_100,569.92
1778127600,R_100,569.84
1778127602,R_100,569.85
1778127604,R_100,569.77
1778127606,R_100,569.86
1778127608,R_100,569.84
1778127610,R_100,569.8
1778127612,R_100,570
1778127614,R_100,570.23
1778127616,R_100,570.22
1778127618,R_100,570.04
1778127620,R_100,570.34
1778127622,R_100,570.49
1778127624,R_100,570.49
1778127626,R_100,570.72
1778127628,R_100,570.72
1778127630,R_100,570.63
1778127632,R_100,570.61
1778127634,R_100,570.43
1778127636,R_100,570.58
1778127638,R_100,570.57
1778127640,R_100,570.7
1778127642,R_100,570.53
1778127644,R_100,570.71
1778127646,R_100,570.76
1778127648,R_100,570.63
1778127650,R_100,570.29
1778127652,R_100,570.12
1778127654,R_100,570.03
1778127656,R_100,570.01
1778127658,R_100,570.02
1778127660,R_100,570.11
1778127662,R_100,570.01
1778127664,R_100,570.02
1778127666,R_100,570.15
1778127668,R_100,570.14
1778127670,R_100,570.25
1778127672,R_100,570.14
1778127674,R_100,570
1778127676,R_100,570.11
1778127678,R_100,570.28
1778127680,R_100,570.22
1778127682,R_100,570.13
1778127684,R_100,570.31
1778127686,R_100,570.46
1778127688,R_100,570.4
1778127690,R_100,570.52
1778127692,R_100,570.62
1778127694,R_100,570.74
1778127696,R_100,570.85
1778127698,R_100,570.88
1778127700,R_100,570.89
1778127702,R_100,571.14
1778127704,R_100,571.01
1778127706,R_100,571.13
1778127708,R_100,571.21
1778127710,R_100,571.49
1778127712,R_100,571.35
1778127714,R_100,571.43
1778127716,R_100,571.28
1778127718,R_100,571.23
1778127720,R_100,571.33
1778127722,R_100,571.42
1778127724,R_100,571.25
1778127726,R_100,570.98
1778127728,R_100,571.08
1778127730,R_100,571.13
1778127732,R_100,571.09
1778127734,R_100,571.15
1778127736,R_100,571.28
1778127738,R_100,571.34
1778127740,R_100,571.12
1778127742,R_100,571.25
1778127744,R_100,571.39
1778127746,R_100,571.04
1778127748,R_100,571.31
1778127750,R_100,571.62
1778127752,R_100,571.55
1778127754,R_100,571.6
1778127756,R_100,571.38
1778127758,R_100,571.3
1778127760,R_100,571.34
1778127762,R_100,571.22
1778127764,R_100,571.01
1778127766,R_100,570.98
1778127768,R_100,570.96
1778127770,R_100,571.02
1778127772,R_100,571.03
1778127774,R_100,570.92
1778127776,R_100,571.01
1778127778,R_100,570.96
1778127780,R_100,571.08
1778127782,R_100,570.65
1778127784,R_100,570.76
1778127786,R_100,570.84
1778127788,R_100,570.54
1778127790,R_100,570.51
1778127792,R_100,570.9
1778127794,R_100,570.71
1778127796,R_100,570.7
1778127798,R_100,570.67
1778127800,R_100,570.69
1778127802,R_100,570.63
1778127804,R_100,570.7
1778127806,R_100,570.74
1778127808,R_100,570.75
1778127810,R_100,570.44
1778127812,R_100,570.42
1778127814,R_100,570.48
1778127816,R_100,570.57
1778127818,R_100,570.55
1778127820,R_100,570.55
1778127822,R_100,570.62
1778127824,R_100,570.65
1778127826,R_100,570.76
1778127828,R_100,570.55
1778127830,R_100,570.57
1778127832,R_100,570.66
1778127834,R_100,570.77
1778127836,R_100,570.5
1778127838,R_100,570.62
1778127840,R_100,570.51
1778127842,R_100,570.42
1778127844,R_100,570.44
1778127846,R_100,570.37
1778127848,R_100,570.34
1778127850,R_100,570.48
1778127852,R_100,570.48
1778127854,R_100,570.52
1778127856,R_100,570.6
1778127858,R_100,570.63
1778127860,R_100,570.56
1778127862,R_100,570.41
1778127864,R_100,570.42
1778127866,R_100,570.63
1778127868,R_100,570.61
1778127870,R_100,570.44
1778127872,R_100,570.53
1778127874,R_100,570.57
1778127876,R_100,570.6
1778127878,R_100,570.34
1778127880,R_100,570.35
1778127882,R_100,570.12
1778127884,R_100,569.86
1778127886,R_100,569.96
1778127888,R_100,569.94
1778127890,R_100,569.81
1778127892,R_100,569.96
1778127894,R_100,569.68
1778127896,R_100,569.82
1778127898,R_100,569.71
1778127900,R_100,569.8
1778127902,R_100,570.15
1778127904,R_100,570.36
1778127906,R_100,570.29
1778127908,R_100,570.32
1778127910,R_100,570.32
1778127912,R_100,570.37
1778127914,R_100,570.46
1778127916,R_100,570.42
1778127918,R_100,570.53
1778127920,R_100,570.5
1778127922,R_100,570.56
1778127924,R_100,570.8
1778127926,R_100,570.91
1778127928,R_100,570.92
1778127930,R_100,570.96
1778127932,R_100,571.02
1778127934,R_100,571.19
1778127936,R_100,571.17
1778127938,R_100,571.18
1778127940,R_100,571.18
1778127942,R_100,571.09
1778127944,R_100,570.93
1778127946,R_100,571.03
1778127948,R_100,571.13
1778127950,R_100,571.15
1778127952,R_100,571.05
1778127954,R_100,570.82
1778127956,R_100,570.78
1778127958,R_100,570.81
1778127960,R_100,570.88
1778127962,R_100,570.88
1778127964,R_100,570.9
1778127966,R_100,571.13
1778127968,R_100,571.3
1778127970,R_100,571.29
1778127972,R_100,571.13
1778127974,R_100,571.21
1778127976,R_100,571.23
1778127978,R_100,570.99
1778127980,R_100,570.93
1778127982,R_100,570.75
1778127984,R_100,570.83
1778127986,R_100,570.68
1778127988,R_100,570.56
1778127990,R_100,570.84
1778127992,R_100,570.95
1778127994,R_100,571.02
1778127996,R_100,570.94
1778127998,R_100,570.84
1778128000,R_100,570.57
1778128002,R_100,570.55
1778128004,R_100,570.59
1778128006,R_100,570.65
1778128008,R_100,570.69
1778128010,R_100,570.68
1778128012,R_100,570.77
1778128014,R_100,570.77
1778128016,R_100,570.67
1778128018,R_100,570.69
1778128020,R_100,570.65
1778128022,R_100,570.67
1778128024,R_100,570.91
1778128026,R_100,570.73
1778128028,R_100,570.86
1778128030,R_100,571.04
1778128032,R_100,570.83
1778128034,R_100,570.68
1778128036,R_100,570.94
1778128038,R_100,570.94
1778128040,R_100,571.11
1778128042,R_100,571.03
1778128044,R_100,570.94
1778128046,R_100,570.99
1778128048,R_100,571.04
1778128050,R_100,570.9
1778128052,R_100,570.76
1778128054,R_100,570.48
1778128056,R_100,570.56
1778128058,R_100,570.52
1778128060,R_100,570.65
1778128062,R_100,570.7
1778128064,R_100,570.4
1778128066,R_100,570.33
1778128068,R_100,570.41
1778128070,R_100,570.31
1778128072,R_100,570.59
1778128074,R_100,570.36
1778128076,R_100,570.63
1778128078,R_100,570.38
1778128080,R_100,570.44
1778128082,R_100,570.23
1778128084,R_100,570.04
1778128086,R_100,570.07
1778128088,R_100,570.09
1778128090,R_100,570.19
1778128092,R_100,570.47
1778128094,R_100,570.56
1778128096,R_100,570.56
1778128098,R_100,570.59
1778128100,R_100,570.71
1778128102,R_100,570.79
1778128104,R_100,570.77
1778128106,R_100,570.65
1778128108,R_100,570.74
1778128110,R_100,570.64
1778128112,R_100,570.8
1778128114,R_100,570.84
1778128116,R_100,571.07
1778128118,R_100,571.09
1778128120,R_100,571.23
1778128122,R_100,571.18
1778128124,R_100,571.2
1778128126,R_100,571.41
1778128128,R_100,571.28
1778128130,R_100,571.29
1778128132,R_100,571.52
1778128134,R_100,571.52
1778128136,R_100,571.34
1778128138,R_100,571.29
1778128140,R_100,571.44
1778128142,R_100,571.6
1778128144,R_100,571.8
1778128146,R_100,571.87
1778128148,R_100,571.95
1778128150,R_100,571.98
1778128152,R_100,572.21
1778128154,R_100,572.2
1778128156,R_100,572
1778128158,R_100,572.01
1778128160,R_100,572.06
1778128162,R_100,572.2
1778128164,R_100,572.27
1778128166,R_100,572.44
1778128168,R_100,572.58
1778128170,R_100,572.62
1778128172,R_100,572.54
1778128174,R_100,572.28
1778128176,R_100,572.15
1778128178,R_100,572.22
1778128180,R_100,572.16
1778128182,R_100,572.07
1778128184,R_100,571.98
1778128186,R_100,571.9
1778128188,R_100,572.01
1778128190,R_100,571.92
1778128192,R_100,571.94
1778128194,R_100,571.8
1778128196,R_100,571.98
1778128198,R_100,571.94
1778128200,R_100,571.94
1778128202,R_100,572.25
1778128204,R_100,572.32
1778128206,R_100,572.42
1778128208,R_100,572.71
1778128210,R_100,572.89
1778128212,R_100,572.81
1778128214,R_100,572.8
1778128216,R_100,572.64
1778128218,R_100,572.49
1778128220,R_100,572.44
1778128222,R_100,572.29
1778128224,R_100,572.46
1778128226,R_100,572.25
1778128228,R_100,572.27
1778128230,R_100,572.54
1778128232,R_100,572.86
1778128234,R_100,572.58
1778128236,R_100,572.4
1778128238,R_100,572.3
1778128240,R_100,572.1
1778128242,R_100,571.87
1778128244,R_100,571.81
1778128246,R_100,571.98
1778128248,R_100,572.01
1778128250,R_100,571.91
1778128252,R_100,571.71
1778128254,R_100,571.68
1778128256,R_100,571.72
1778128258,R_100,571.66
1778128260,R_100,571.54
1778128262,R_100,571.44
1778128264,R_100,571.68
1778128266,R_100,571.59
1778128268,R_100,571.43
1778128270,R_100,571.5
1778128272,R_100,571.03
1778128274,R_100,571.24
1778128276,R_100,571.47
1778128278,R_100,571.34
1778128280,R_100,571.3
1778128282,R_100,571.25
1778128284,R_100,571.2
1778128286,R_100,571.11
1778128288,R_100,570.71
1778128290,R_100,570.57
1778128292,R_100,570.54
1778128294,R_100,570.52
1778128296,R_100,570.46
1778128298,R_100,570.45
1778128300,R_100,570.36
1778128302,R_100,570.45
1778128304,R_100,570.39
1778128306,R_100,569.97
1778128308,R_100,569.74
1778128310,R_100,569.63
1778128312,R_100,569.63
1778128314,R_100,569.64
1778128316,R_100,569.53
1778128318,R_100,569.3
1778128320,R_100,569.34
1778128322,R_100,569.17
1778128324,R_100,569.48
1778128326,R_100,569.53
1778128328,R_100,569.7
1778128330,R_100,569.77
1778128332,R_100,569.63
1778128334,R_100,569.68
1778128336,R_100,569.61
1778128338,R_100,569.52
1778128340,R_100,569.97
1778128342,R_100,569.81
1778128344,R_100,569.63
1778128346,R_100,569.58
1778128348,R_100,569.58
1778128350,R_100,569.63
1778128352,R_100,569.51
1778128354,R_100,569.43
1778128356,R_100,569.6
1778128358,R_100,569.6
1778128360,R_100,569.55
1778128362,R_100,569.8
1778128364,R_100,569.88
1778128366,R_100,569.96
1778128368,R_100,569.84
1778128370,R_100,569.6
1778128372,R_100,569.56
1778128374,R_100,569.55
1778128376,R_100,569.36
1778128378,R_100,569.45
1778128380,R_100,569.33
1778128382,R_100,569.33
1778128384,R_100,569.41
1778128386,R_100,569.37
1778128388,R_100,569.04
1778128390,R_100,569.08
1778128392,R_100,569.02
1778128394,R_100,569.16
1778128396,R_100,569.13
1778128398,R_100,569.05
1778128400,R_100,568.89
1778128402,R_100,568.85
1778128404,R_100,568.82
1778128406,R_100,568.59
1778128408,R_100,568.54
1778128410,R_100,568.63
1778128412,R_100,568.57
1778128414,R_100,568.33
1778128416,R_100,568.34
1778128418,R_100,568.13
1778128420,R_100,568.03
1778128422,R_100,568.03
1778128424,R_100,568.05
1778128426,R_100,568.14
1778128428,R_100,568.16
1778128430,R_100,568.19
1778128432,R_100,568.12
1778128434,R_100,568.14
1778128436,R_100,568.02
1778128438,R_100,567.89
1778128440,R_100,567.94
1778128442,R_100,567.91
1778128444,R_100,568.08
1778128446,R_100,568.12
1778128448,R_100,568.24
1778128450,R_100,568.33
1778128452,R_100,568.37
1778128454,R_100,568.36
1778128456,R_100,568.3
1778128458,R_100,568.31
1778128460,R_100,568.16
1778128462,R_100,568
1778128464,R_100,567.96
1778128466,R_100,567.88
1778128468,R_100,567.94
1778128470,R_100,567.91
1778128472,R_100,567.92
1778128474,R_100,567.91
1778128476,R_100,567.79
1778128478,R_100,567.76
1778128480,R_100,567.88
1778128482,R_100,567.72
1778128484,R_100,567.81
1778128486,R_100,567.83
1778128488,R_100,567.8
1778128490,R_100,567.57
1778128492,R_100,567.76
1778128494,R_100,567.65
1778128496,R_100,567.59
1778128498,R_100,567.39
1778128500,R_100,567.44
1778128502,R_100,567.37
1778128504,R_100,567.42
1778128506,R_100,567.21
1778128508,R_100,566.93
1778128510,R_100,566.74
1778128512,R_100,566.83
1778128514,R_100,566.75
1778128516,R_100,566.83
1778128518,R_100,566.98
1778128520,R_100,566.8
1778128522,R_100,566.87
1778128524,R_100,566.69
1778128526,R_100,566.74
1778128528,R_100,566.51
1778128530,R_100,566.22
1778128532,R_100,566.1
1778128534,R_100,566.01
1778128536,R_100,565.78
1778128538,R_100,565.63
1778128540,R_100,565.34
1778128542,R_100,565.44
1778128544,R_100,565.4
1778128546,R_100,565.41
1778128548,R_100,565.31
1778128550,R_100,565.53
1778128552,R_100,565.71
1778128554,R_100,565.61
1778128556,R_100,565.62
1778128558,R_100,565.7
1778128560,R_100,565.45
1778128562,R_100,565.19
1778128564,R_100,565.3
1778128566,R_100,565.08
1778128568,R_100,565
1778128570,R_100,565.02
1778128572,R_100,565.05
1778128574,R_100,565.22
1778128576,R_100,565.27
1778128578,R_100,565.33
1778128580,R_100,565.22
1778128582,R_100,565.21
1778128584,R_100,565.35
1778128586,R_100,565.43
1778128588,R_100,565.56
1778128590,R_100,565.31
1778128592,R_100,565.35
1778128594,R_100,565.59
1778128596,R_100,565.6
1778128598,R_100,565.44
1778128600,R_100,565.1
1778128602,R_100,564.82
1778128604,R_100,564.79
1778128606,R_100,564.65
1778128608,R_100,564.75
1778128610,R_100,564.9
1778128612,R_100,564.88
1778128614,R_100,564.93
1778128616,R_100,565.04
1778128618,R_100,565.1
1778128620,R_100,564.92
1778128622,R_100,564.73
1778128624,R_100,564.52
1778128626,R_100,564.6
1778128628,R_100,564.53
1778128630,R_100,564.47
1778128632,R_100,564.48
1778128634,R_100,564.6
1778128636,R_100,564.61
1778128638,R_100,564.61
1778128640,R_100,564.56
1778128642,R_100,564.62
1778128644,R_100,564.56
1778128646,R_100,564.46
1778128648,R_100,564.55
1778128650,R_100,564.75
1778128652,R_100,564.72
1778128654,R_100,565.07
1778128656,R_100,565.26
1778128658,R_100,565.31
1778128660,R_100,565.62
1778128662,R_100,565.52
1778128664,R_100,565.39
1778128666,R_100,565.36
1778128668,R_100,565.03
1778128670,R_100,564.78
1778128672,R_100,564.69
1778128674,R_100,564.98
1778128676,R_100,565.12
1778128678,R_100,565.17
1778128680,R_100,565.11
1778128682,R_100,565.12
1778128684,R_100,565.15
1778128686,R_100,564.79
1778128688,R_100,564.67
1778128690,R_100,564.77
1778128692,R_100,564.67
1778128694,R_100,564.5
1778128696,R_100,564.43
1778128698,R_100,564.36
1778128700,R_100,564.27
1778128702,R_100,564.44
1778128704,R_100,564.38
1778128706,R_100,564.19
1778128708,R_100,564.34
1778128710,R_100,564.35
1778128712,R_100,564.29
1778128714,R_100,564.4
1778128716,R_100,564.54
1778128718,R_100,564.73
1778128720,R_100,564.85
1778128722,R_100,564.64
1778128724,R_100,564.58
1778128726,R_100,564.72
1778128728,R_100,564.64
1778128730,R_100,564.44
1778128732,R_100,564.09
1778128734,R_100,564.1
1778128736,R_100,563.79
1778128738,R_100,563.58
1778128740,R_100,563.89
1778128742,R_100,564.04
1778128744,R_100,564
1778128746,R_100,564.03
1778128748,R_100,564.35
1778128750,R_100,564.44
1778128752,R_100,564.18
1778128754,R_100,564.09
1778128756,R_100,564.29
1778128758,R_100,564.17
1778128760,R_100,564.5
1778128762,R_100,564.32
1778128764,R_100,564.2
1778128766,R_100,564.15
1778128768,R_100,563.83
1778128770,R_100,563.65
1778128772,R_100,563.71
1778128774,R_100,563.51
1778128776,R_100,563.32
1778128778,R_100,563.5
1778128780,R_100,563.47
1778128782,R_100,563.41
1778128784,R_100,563.24
1778128786,R_100,563.31
1778128788,R_100,563.17
1778128790,R_100,562.88
1778128792,R_100,562.97
1778128794,R_100,562.88
1778128796,R_100,563.11
1778128798,R_100,563.16
1778128800,R_100,563.07
1778128802,R_100,563.35
1778128804,R_100,563.3
1778128806,R_100,563.35
1778128808,R_100,563.21
1778128810,R_100,563.04
1778128812,R_100,562.9
1778128814,R_100,562.73
1778128816,R_100,562.86
1778128818,R_100,563.02
1778128820,R_100,562.82
1778128822,R_100,562.78
1778128824,R_100,562.65
1778128826,R_100,562.54
1778128828,R_100,562.74
1778128830,R_100,562.7
1778128832,R_100,562.55
1778128834,R_100,562.66
1778128836,R_100,562.66
1778128838,R_100,562.36
1778128840,R_100,562.01
1778128842,R_100,562.09
1778128844,R_100,561.98
1778128846,R_100,562.08
1778128848,R_100,562.2
1778128850,R_100,562.32
1778128852,R_100,562.56
1778128854,R_100,562.27
1778128856,R_100,562.04
1778128858,R_100,561.7
1778128860,R_100,561.63
1778128862,R_100,561.67
1778128864,R_100,561.62
1778128866,R_100,561.67
1778128868,R_100,561.47
1778128870,R_100,561.8
1778128872,R_100,561.78
1778128874,R_100,561.68
1778128876,R_100,561.81
1778128878,R_100,562
1778128880,R_100,561.75
1778128882,R_100,561.72
1778128884,R_100,561.68
1778128886,R_100,561.9
1778128888,R_100,562.23
1778128890,R_100,562.28
1778128892,R_100,562.04
1778128894,R_100,562.13
1778128896,R_100,562.05
1778128898,R_100,562.08
1778128900,R_100,562.02
1778128902,R_100,562.19
1778128904,R_100,562.03
1778128906,R_100,562.06
1778128908,R_100,562
1778128910,R_100,561.9
1778128912,R_100,561.7
1778128914,R_100,561.56
1778128916,R_100,561.59
1778128918,R_100,561.84
1778128920,R_100,561.49
1778128922,R_100,561.44
1778128924,R_100,561.64
1778128926,R_100,561.61
1778128928,R_100,561.78
1778128930,R_100,561.82
1778128932,R_100,561.9
1778128934,R_100,562.06
1778128936,R_100,561.94
1778128938,R_100,561.93
1778128940,R_100,561.77
1778128942,R_100,561.89
1778128944,R_100,561.87
1778128946,R_100,561.71
1778128948,R_100,561.96
1778128950,R_100,562.12
1778128952,R_100,562.01
1778128954,R_100,562.18
1778128956,R_100,562.22
1778128958,R_100,562.08
1778128960,R_100,562.28
1778128962,R_100,562.2
1778128964,R_100,562.47
1778128966,R_100,562.29
1778128968,R_100,562.2
1778128970,R_100,562.32
1778128972,R_100,562.46
1778128974,R_100,562.49
1778128976,R_100,562.44
1778128978,R_100,562.32
1778128980,R_100,562.55
1778128982,R_100,562.58
1778128984,R_100,562.63
1778128986,R_100,562.44
1778128988,R_100,562.52
1778128990,R_100,562.33
1778128992,R_100,562.23
1778128994,R_100,562.16
1778128996,R_100,562.41
1778128998,R_100,562.34
1778129000,R_100,562.2
1778129002,R_100,562.28
1778129004,R_100,562.48
1778129006,R_100,562.5
1778129008,R_100,562.36
1778129010,R_100,562.15
1778129012,R_100,562.56
1778129014,R_100,562.57
1778129016,R_100,562.44
1778129018,R_100,562.37
1778129020,R_100,562.33
1778129022,R_100,562.29
1778129024,R_100,562.3
1778129026,R_100,562.22
1778129028,R_100,561.99
1778129030,R_100,562.28
1778129032,R_100,562.39
1778129034,R_100,562.45
1778129036,R_100,562.5
1778129038,R_100,562.35
1778129040,R_100,562.26
1778129042,R_100,562.37
1778129044,R_100,562.67
1778129046,R_100,562.8
1778129048,R_100,562.7
1778129050,R_100,562.73
1778129052,R_100,562.63
1778129054,R_100,562.49
1778129056,R_100,562.48
1778129058,R_100,562.08
1778129060,R_100,562.11
1778129062,R_100,562.42
1778129064,R_100,562.23
1778129066,R_100,562.15
1778129068,R_100,562.28
1778129070,R_100,562.27
1778129072,R_100,562.3
1778129074,R_100,562.12
1778129076,R_100,562.15
1778129078,R_100,562.37
1778129080,R_100,562.58
1778129082,R_100,562.48
1778129084,R_100,562.27
1778129086,R_100,562.22
1778129088,R_100,562.07
1778129090,R_100,562.19
1778129092,R_100,561.87
1778129094,R_100,561.99
1778129096,R_100,561.92
1778129098,R_100,561.95
1778129100,R_100,561.85
1778129102,R_100,562.05
1778129104,R_100,562.26
1778129106,R_100,562.24
1778129108,R_100,562.39
1778129110,R_100,562.3
1778129112,R_100,562.27
1778129114,R_100,562.12
1778129116,R_100,562.11
1778129118,R_100,562.19
1778129120,R_100,562.35
1778129122,R_100,562.47
1778129124,R_100,562.44
1778129126,R_100,562.36
1778129128,R_100,562.4
1778129130,R_100,562.4
1778129132,R_100,562.3
1778129134,R_100,562.25
1778129136,R_100,562.34
1778129138,R_100,562.29
1778129140,R_100,562.33
1778129142,R_100,562.38
1778129144,R_100,562.48
1778129146,R_100,562.42
1778129148,R_100,562.37
1778129150,R_100,562.36
1778129152,R_100,562.16
1778129154,R_100,562.03
1778129156,R_100,562.12
1778129158,R_100,562.37
1778129160,R_100,562.39
1778129162,R_100,562.35
1778129164,R_100,562.31
1778129166,R_100,562.45
1778129168,R_100,562.65
1778129170,R_100,562.69
1778129172,R_100,562.77
1778129174,R_100,562.87
1778129176,R_100,562.9
1778129178,R_100,563.04
1778129180,R_100,563.27
1778129182,R_100,563.16
1778129184,R_100,563.29
1778129186,R_100,562.97
1778129188,R_100,562.99
1778129190,R_100,562.9
1778129192,R_100,562.93
1778129194,R_100,562.77
1778129196,R_100,563.04
1778129198,R_100,563.02
1778129200,R_100,563.02
1778129202,R_100,563.13
1778129204,R_100,563.21
1778129206,R_100,563.29
1778129208,R_100,563.3
1778129210,R_100,563.24
1778129212,R_100,563.4
1778129214,R_100,563
1778129216,R_100,562.82
1778129218,R_100,562.57
1778129220,R_100,562.73
1778129222,R_100,562.61
1778129224,R_100,562.61
1778129226,R_100,562.61
1778129228,R_100,562.59
1778129230,R_100,562.51
1778129232,R_100,562.6
1778129234,R_100,562.7
1778129236,R_100,562.87
1778129238,R_100,562.62
1778129240,R_100,562.6
1778129242,R_100,562.59
1778129244,R_100,562.59
1778129246,R_100,562.58
1778129248,R_100,562.46
1778129250,R_100,562.71
1778129252,R_100,562.5
1778129254,R_100,562.58
1778129256,R_100,562.8
1778129258,R_100,562.86
1778129260,R_100,562.89
1778129262,R_100,562.8
1778129264,R_100,562.97
1778129266,R_100,562.91
1778129268,R_100,562.98
1778129270,R_100,563.05
1778129272,R_100,562.97
1778129274,R_100,562.7
1778129276,R_100,562.63
1778129278,R_100,562.58
1778129280,R_100,562.53
1778129282,R_100,562.63
1778129284,R_100,562.6
1778129286,R_100,562.62
1778129288,R_100,562.62
1778129290,R_100,562.68
1778129292,R_100,562.68
1778129294,R_100,562.43
1778129296,R_100,562.44
1778129298,R_100,562.53
1778129300,R_100,562.79
1778129302,R_100,562.61
1778129304,R_100,562.63
1778129306,R_100,562.41
1778129308,R_100,562.44
1778129310,R_100,562.4
1778129312,R_100,562.18
1778129314,R_100,561.92
1778129316,R_100,561.93
1778129318,R_100,561.92
1778129320,R_100,561.88
1778129322,R_100,561.98
1778129324,R_100,561.94
1778129326,R_100,561.77
1778129328,R_100,561.5
1778129330,R_100,561.47
1778129332,R_100,561.52
1778129334,R_100,561.81
1778129336,R_100,561.72
1778129338,R_100,561.68
1778129340,R_100,561.65
1778129342,R_100,561.48
1778129344,R_100,561.34
1778129346,R_100,561.4
1778129348,R_100,561.55
1778129350,R_100,561.67
1778129352,R_100,561.63
1778129354,R_100,561.62
1778129356,R_100,561.8
1778129358,R_100,561.48
1778129360,R_100,561.63
1778129362,R_100,561.5
1778129364,R_100,561.49
1778129366,R_100,561.35
1778129368,R_100,561.44
1778129370,R_100,561.53
1778129372,R_100,561.54
1778129374,R_100,561.59
1778129376,R_100,561.74
1778129378,R_100,561.75
1778129380,R_100,561.7
1778129382,R_100,561.56
1778129384,R_100,561.52
1778129386,R_100,561.43
1778129388,R_100,561.41
1778129390,R_100,561.62
1778129392,R_100,561.58
1778129394,R_100,561.45
1778129396,R_100,561.68
1778129398,R_100,561.78
1778129400,R_100,561.86
1778129402,R_100,561.87
1778129404,R_100,561.87
1778129406,R_100,561.58
1778129408,R_100,561.59
1778129410,R_100,561.7
1778129412,R_100,561.58
1778129414,R_100,561.61
1778129416,R_100,561.6
1778129418,R_100,561.44
1778129420,R_100,561.62
1778129422,R_100,561.66
1778129424,R_100,561.77
1778129426,R_100,561.69
1778129428,R_100,561.55
1778129430,R_100,561.38
1778129432,R_100,561.62
1778129434,R_100,561.92
1778129436,R_100,561.96
1778129438,R_100,561.7
1778129440,R_100,561.74
1778129442,R_100,561.9
1778129444,R_100,561.77
1778129446,R_100,561.71
1778129448,R_100,561.64
1778129450,R_100,561.59
1778129452,R_100,561.73
1778129454,R_100,561.83
1778129456,R_100,561.64
1778129458,R_100,561.73
1778129460,R_100,561.78
1778129462,R_100,561.74
1778129464,R_100,561.67
1778129466,R_100,561.56
1778129468,R_100,561.59
1778129470,R_100,561.66
1778129472,R_100,561.71
1778129474,R_100,561.68
1778129476,R_100,561.67
1778129478,R_100,561.72
1778129480,R_100,561.68
1778129482,R_100,561.64
1778129484,R_100,561.39
1778129486,R_100,561.33
1778129488,R_100,561.35
1778129490,R_100,561.29
1778129492,R_100,561.2
1778129494,R_100,561.25
1778129496,R_100,561.49
1778129498,R_100,561.51
1778129500,R_100,561.45
1778129502,R_100,561.34
1778129504,R_100,561.22
1778129506,R_100,561.25
1778129508,R_100,561.27
1778129510,R_100,561.39
1778129512,R_100,561.4
1778129514,R_100,561.51
1778129516,R_100,561.34
1778129518,R_100,561.45
1778129520,R_100,561.53
1778129522,R_100,561.93
1778129524,R_100,562.05
1778129526,R_100,562.14
1778129528,R_100,562.13
1778129530,R_100,562.02
1778129532,R_100,562.1
1778129534,R_100,562.22
1778129536,R_100,562.5
1778129538,R_100,562.39
1778129540,R_100,562.36
1778129542,R_100,562.25
1778129544,R_100,562.09
1778129546,R_100,561.99
1778129548,R_100,561.93
1778129550,R_100,561.98
1778129552,R_100,561.97
1778129554,R_100,561.85
1778129556,R_100,561.87
1778129558,R_100,561.82
1778129560,R_100,561.7
1778129562,R_100,561.63
1778129564,R_100,561.66
1778129566,R_100,561.7
1778129568,R_100,561.69
1778129570,R_100,561.91
1778129572,R_100,561.73
1778129574,R_100,561.61
1778129576,R_100,561.82
1778129578,R_100,561.68
1778129580,R_100,561.55
1778129582,R_100,561.51
1778129584,R_100,561.41
1778129586,R_100,561.47
1778129588,R_100,561.77
1778129590,R_100,561.61
1778129592,R_100,561.44
1778129594,R_100,561.36
1778129596,R_100,561.23
1778129598,R_100,561.23
1778129600,R_100,561.06
1778129602,R_100,561.24
1778129604,R_100,561
1778129606,R_100,560.93
1778129608,R_100,560.92
1778129610,R_100,560.78
1778129612,R_100,560.72
1778129614,R_100,560.4
1778129616,R_100,560.6
1778129618,R_100,560.68
1778129620,R_100,560.69
1778129622,R_100,560.8
1778129624,R_100,560.76
1778129626,R_100,560.52
1778129628,R_100,560.45
1778129630,R_100,560.43
1778129632,R_100,560.45
1778129634,R_100,560.24
1778129636,R_100,560.38
1778129638,R_100,560.34
1778129640,R_100,560.4
1778129642,R_100,560.6
1778129644,R_100,560.65
1778129646,R_100,560.92
1778129648,R_100,560.89
1778129650,R_100,560.73
1778129652,R_100,560.63
1778129654,R_100,560.53
1778129656,R_100,560.48
1778129658,R_100,560.45
1778129660,R_100,560.64
1778129662,R_100,560.59
1778129664,R_100,560.53
1778129666,R_100,560.46
1778129668,R_100,560.39
1778129670,R_100,560.36
1778129672,R_100,560.45
1778129674,R_100,560.26
1778129676,R_100,560.15
1778129678,R_100,560.3
1778129680,R_100,560.17
1778129682,R_100,559.93
1778129684,R_100,559.7
1778129686,R_100,559.83
1778129688,R_100,559.61
1778129690,R_100,559.53
1778129692,R_100,559.55
1778129694,R_100,559.32
1778129696,R_100,559.35
1778129698,R_100,559.51
1778129700,R_100,559.65
1778129702,R_100,559.74
1778129704,R_100,559.94
1778129706,R_100,559.81
1778129708,R_100,559.66
1778129710,R_100,559.48
1778129712,R_100,559.6
1778129714,R_100,559.71
1778129716,R_100,559.99
1778129718,R_100,559.98
1778129720,R_100,560.11
1778129722,R_100,560.02
1778129724,R_100,559.97
1778129726,R_100,560.07
1778129728,R_100,560.11
1778129730,R_100,560.42
1778129732,R_100,560.61
1778129734,R_100,560.43
1778129736,R_100,560.4
1778129738,R_100,560.48
1778129740,R_100,560.36
1778129742,R_100,560.21
1778129744,R_100,560.17
1778129746,R_100,560.09
1778129748,R_100,560.23
1778129750,R_100,560.3
1778129752,R_100,560.11
1778129754,R_100,560.19
1778129756,R_100,560.14
1778129758,R_100,560.36
1778129760,R_100,560.44
1778129762,R_100,560.62
1778129764,R_100,560.84
1778129766,R_100,561.15
1778129768,R_100,561.29
1778129770,R_100,561.18
1778129772,R_100,560.83
1778129774,R_100,560.94
1778129776,R_100,560.86
1778129778,R_100,560.8
1778129780,R_100,560.96
1778129782,R_100,561.08
1778129784,R_100,561.22
1778129786,R_100,561.24
1778129788,R_100,561.27
1778129790,R_100,561.49
1778129792,R_100,561.62
1778129794,R_100,561.53
1778129796,R_100,561.45
1778129798,R_100,561.55
1778129800,R_100,561.35
1778129802,R_100,561.61
1778129804,R_100,561.34
1778129806,R_100,561.27
1778129808,R_100,561.19
1778129810,R_100,561.03
1778129812,R_100,561.11
1778129814,R_100,561.24
1778129816,R_100,561.27
1778129818,R_100,561.21
1778129820,R_100,561.29
1778129822,R_100,561.24
1778129824,R_100,561.23
1778129826,R_100,561.17
1778129828,R_100,561.41
1778129830,R_100,561.34
1778129832,R_100,561.49
1778129834,R_100,561.37
1778129836,R_100,561.15
1778129838,R_100,561.08
1778129840,R_100,561.03
1778129842,R_100,561.03
1778129844,R_100,561.03
1778129846,R_100,561.13
1778129848,R_100,561.2
1778129850,R_100,561.26
1778129852,R_100,561.26
1778129854,R_100,561.14
1778129856,R_100,560.91
1778129858,R_100,561.07
1778129860,R_100,560.84
1778129862,R_100,560.58
1778129864,R_100,560.37
1778129866,R_100,560.68
1778129868,R_100,560.91
1778129870,R_100,561
1778129872,R_100,560.84
1778129874,R_100,560.89
1778129876,R_100,560.96
1778129878,R_100,560.98
1778129880,R_100,560.85
1778129882,R_100,560.83
1778129884,R_100,560.71
1778129886,R_100,560.6
1778129888,R_100,560.66
1778129890,R_100,560.82
1778129892,R_100,560.79
1778129894,R_100,560.85
1778129896,R_100,560.79
1778129898,R_100,560.53
1778129900,R_100,560.19
1778129902,R_100,560.04
1778129904,R_100,560
1778129906,R_100,560.24
1778129908,R_100,560.15
1778129910,R_100,560.09
1778129912,R_100,560.18
1778129914,R_100,560.24
1778129916,R_100,560.51
1778129918,R_100,560.36
1778129920,R_100,560.46
1778129922,R_100,560.62
1778129924,R_100,560.49
1778129926,R_100,560.38
1778129928,R_100,560.66
1778129930,R_100,560.48
1778129932,R_100,560.55
1778129934,R_100,560.56
1778129936,R_100,560.53
1778129938,R_100,560.61
1778129940,R_100,560.25
1778129942,R_100,560.08
1778129944,R_100,560.11
1778129946,R_100,560.24
1778129948,R_100,560.04
1778129950,R_100,560.04
1778129952,R_100,559.91
1778129954,R_100,559.81
1778129956,R_100,560.03
1778129958,R_100,559.95
1778129960,R_100,559.76
1778129962,R_100,559.72
1778129964,R_100,559.72
1778129966,R_100,559.57
1778129968,R_100,559.74
1778129970,R_100,559.76
1778129972,R_100,559.75
1778129974,R_100,559.66
1778129976,R_100,559.64
1778129978,R_100,559.57
1778129980,R_100,559.67
1778129982,R_100,560
1778129984,R_100,560.03
1778129986,R_100,560.01
1778129988,R_100,559.92
1778129990,R_100,559.76
1778129992,R_100,559.74
1778129994,R_100,559.73
1778129996,R_100,559.77
1778129998,R_100,559.83
1778130000,R_100,559.8
1778130002,R_100,559.87
1778130004,R_100,560.02
1778130006,R_100,560.09
1778130008,R_100,560.1
1778130010,R_100,560.12
1778130012,R_100,560.02
1778130014,R_100,559.92
1778130016,R_100,559.8
1778130018,R_100,559.74
1778130020,R_100,559.55
1778130022,R_100,559.6
1778130024,R_100,559.67
1778130026,R_100,559.69
1778130028,R_100,559.84
1778130030,R_100,559.88
1778130032,R_100,559.85
1778130034,R_100,560.03
1778130036,R_100,560.09
1778130038,R_100,560.18
1778130040,R_100,559.83
1778130042,R_100,559.66
1778130044,R_100,559.87
1778130046,R_100,559.85
1778130048,R_100,559.76
1778130050,R_100,559.37
1778130052,R_100,559.15
1778130054,R_100,559.13
1778130056,R_100,559.14
1778130058,R_100,559.22
1778130060,R_100,559.19
1778130062,R_100,559.15
1778130064,R_100,558.98
1778130066,R_100,559.04
1778130068,R_100,558.85
1778130070,R_100,558.81
1778130072,R_100,558.67
1778130074,R_100,558.41
1778130076,R_100,558.26
1778130078,R_100,558.31
1778130080,R_100,557.93
1778130082,R_100,557.97
1778130084,R_100,558.23
1778130086,R_100,558.27
1778130088,R_100,558.43
1778130090,R_100,558.53
1778130092,R_100,558.52
1778130094,R_100,558.55
1778130096,R_100,558.39
1778130098,R_100,558.41
1778130100,R_100,558.47
1778130102,R_100,558.55
1778130104,R_100,558.54
1778130106,R_100,558.48
1778130108,R_100,558.49
1778130110,R_100,558.18
1778130112,R_100,558.27
1778130114,R_100,558.14
1778130116,R_100,557.8
1778130118,R_100,557.95
1778130120,R_100,557.75
1778130122,R_100,557.77
1778130124,R_100,557.66
1778130126,R_100,557.75
1778130128,R_100,558.04
1778130130,R_100,558.05
1778130132,R_100,558.22
1778130134,R_100,558.24
1778130136,R_100,558.21
1778130138,R_100,558.26
1778130140,R_100,558.29
1778130142,R_100,558.79
1778130144,R_100,558.59
1778130146,R_100,558.65
1778130148,R_100,558.76
1778130150,R_100,558.55
1778130152,R_100,558.44
1778130154,R_100,558.54
1778130156,R_100,558.6
1778130158,R_100,558.48
1778130160,R_100,558.43
1778130162,R_100,558.8
1778130164,R_100,558.84
1778130166,R_100,559.07
1778130168,R_100,558.76
1778130170,R_100,559.16
1778130172,R_100,559.1
1778130174,R_100,558.86
1778130176,R_100,558.83
1778130178,R_100,558.7
1778130180,R_100,558.75
1778130182,R_100,558.72
1778130184,R_100,558.5
1778130186,R_100,558.58
1778130188,R_100,558.71
1778130190,R_100,558.64
1778130192,R_100,558.63
1778130194,R_100,558.66
1778130196,R_100,558.69
1778130198,R_100,558.7
1778130200,R_100,558.61
1778130202,R_100,558.56
1778130204,R_100,558.6
1778130206,R_100,558.64
1778130208,R_100,558.46
1778130210,R_100,558.34
1778130212,R_100,558.49
1778130214,R_100,558.39
1778130216,R_100,558.31
1778130218,R_100,558.11
1778130220,R_100,558.04
1778130222,R_100,558.13
1778130224,R_100,558.05
1778130226,R_100,557.8
1778130228,R_100,557.77
1778130230,R_100,557.69
1778130232,R_100,557.6
1778130234,R_100,557.63
1778130236,R_100,557.84
1778130238,R_100,558.17
1778130240,R_100,558.01
1778130242,R_100,557.85
1778130244,R_100,557.73
1778130246,R_100,557.78
1778130248,R_100,557.97
1778130250,R_100,557.92
1778130252,R_100,557.76
1778130254,R_100,557.87
1778130256,R_100,557.85
1778130258,R_100,557.97
1778130260,R_100,557.88
1778130262,R_100,557.79
1778130264,R_100,557.74
1778130266,R_100,557.66
1778130268,R_100,557.73
1778130270,R_100,557.65
1778130272,R_100,557.21
1778130274,R_100,557.32
1778130276,R_100,557.31
1778130278,R_100,557.34
1778130280,R_100,557.41
1778130282,R_100,557.58
1778130284,R_100,557.49
1778130286,R_100,557.15
1778130288,R_100,557.19
1778130290,R_100,557.19
1778130292,R_100,557.22
1778130294,R_100,557.12
1778130296,R_100,557.21
1778130298,R_100,557.12
1778130300,R_100,557.15
1778130302,R_100,557.13
1778130304,R_100,557.23
1778130306,R_100,557.44
1778130308,R_100,557.55
1778130310,R_100,557.44
1778130312,R_100,557.43
1778130314,R_100,557.2
1778130316,R_100,557.5
1778130318,R_100,557.69
1778130320,R_100,557.61
1778130322,R_100,557.62
1778130324,R_100,557.52
1778130326,R_100,557.33
1778130328,R_100,557.2
1778130330,R_100,557.23
1778130332,R_100,557.54
1778130334,R_100,557.62
1778130336,R_100,557.59
1778130338,R_100,557.47
1778130340,R_100,557.58
1778130342,R_100,557.61
1778130344,R_100,557.52
1778130346,R_100,557.38
1778130348,R_100,557.34
1778130350,R_100,557.27
1778130352,R_100,557.12
1778130354,R_100,557.09
1778130356,R_100,557.08
1778130358,R_100,557.08
1778130360,R_100,556.91
1778130362,R_100,556.85
1778130364,R_100,556.81
1778130366,R_100,556.57
1778130368,R_100,556.85
1778130370,R_100,556.86
1778130372,R_100,556.84
1778130374,R_100,556.8
1778130376,R_100,556.65
1778130378,R_100,556.42
1778130380,R_100,556.29
1778130382,R_100,556.25
1778130384,R_100,556.1
1778130386,R_100,556.07
1778130388,R_100,556.08
1778130390,R_100,556.08
1778130392,R_100,555.88
1778130394,R_100,555.91
1778130396,R_100,555.87
1778130398,R_100,555.83
1778130400,R_100,555.72
1778130402,R_100,555.86
1778130404,R_100,555.94
1778130406,R_100,555.99
1778130408,R_100,556.02
1778130410,R_100,556.21
1778130412,R_100,556.28
1778130414,R_100,556.21
1778130416,R_100,556.51
1778130418,R_100,556.6
1778130420,R_100,556.47
1778130422,R_100,556.43
1778130424,R_100,556.66
1778130426,R_100,556.77
1778130428,R_100,556.86
1778130430,R_100,557.16
1778130432,R_100,557.36
1778130434,R_100,556.95
1778130436,R_100,556.83
1778130438,R_100,556.8
1778130440,R_100,556.71
1778130442,R_100,556.66
1778130444,R_100,556.41
1778130446,R_100,556.44
1778130448,R_100,556.36
1778130450,R_100,556.43
1778130452,R_100,556.19
1778130454,R_100,556.23
1778130456,R_100,556
1778130458,R_100,555.97
1778130460,R_100,555.81
1778130462,R_100,555.83
1778130464,R_100,555.87
1778130466,R_100,555.82
1778130468,R_100,555.74
1778130470,R_100,555.59
1778130472,R_100,555.66
1778130474,R_100,556.04
1778130476,R_100,556.26
1778130478,R_100,556.2
1778130480,R_100,556.32
1778130482,R_100,556.52
1778130484,R_100,556.48
1778130486,R_100,556.42
1778130488,R_100,556.6
1778130490,R_100,556.63
1778130492,R_100,556.58
1778130494,R_100,556.75
1778130496,R_100,556.76
1778130498,R_100,556.79
1778130500,R_100,556.76
1778130502,R_100,556.92
1778130504,R_100,556.74
1778130506,R_100,556.69
1778130508,R_100,556.67
1778130510,R_100,556.72
1778130512,R_100,556.79
1778130514,R_100,556.75
1778130516,R_100,556.81
1778130518,R_100,556.64
1778130520,R_100,556.75
1778130522,R_100,556.59
1778130524,R_100,556.32
1778130526,R_100,556.28
1778130528,R_100,556.47
1778130530,R_100,556.38
1778130532,R_100,556.35
1778130534,R_100,556.13
1778130536,R_100,556.25
1778130538,R_100,556.37
1778130540,R_100,556.32
1778130542,R_100,556.42
1778130544,R_100,556.58
1778130546,R_100,556.74
1778130548,R_100,556.84
1778130550,R_100,556.88
1778130552,R_100,556.68
1778130554,R_100,556.81
1778130556,R_100,557.01
1778130558,R_100,557.09
1778130560,R_100,556.84
1778130562,R_100,557.04
1778130564,R_100,557.17
1778130566,R_100,557.28
1778130568,R_100,557.3
1778130570,R_100,557.34
1778130572,R_100,557.29
1778130574,R_100,557.1
1778130576,R_100,557.41
1778130578,R_100,557.42
1778130580,R_100,557.42
1778130582,R_100,557.38
1778130584,R_100,557.19
1778130586,R_100,557.19
1778130588,R_100,557.34
1778130590,R_100,557.14
1778130592,R_100,557.23
1778130594,R_100,557.28
1778130596,R_100,557.41
1778130598,R_100,557.41
1778130600,R_100,557.48
1778130602,R_100,557.51
1778130604,R_100,557.55
1778130606,R_100,557.51
1778130608,R_100,557.54
1778130610,R_100,557.5
1778130612,R_100,557.8
1778130614,R_100,557.8
1778130616,R_100,557.76
1778130618,R_100,557.63
1778130620,R_100,557.53
1778130622,R_100,557.21
1778130624,R_100,557.21
1778130626,R_100,557.14
1778130628,R_100,557.07
1778130630,R_100,557.22
1778130632,R_100,557.22
1778130634,R_100,557.22
1778130636,R_100,557.25
1778130638,R_100,557.11
1778130640,R_100,556.99
1778130642,R_100,556.87
1778130644,R_100,556.8
1778130646,R_100,556.94
1778130648,R_100,556.57
1778130650,R_100,556.36
1778130652,R_100,556.46
1778130654,R_100,556.47
1778130656,R_100,556.56
1778130658,R_100,556.64
1778130660,R_100,556.71
1778130662,R_100,556.56
1778130664,R_100,556.97
1778130666,R_100,557.23
1778130668,R_100,557.24
1778130670,R_100,557.48
1778130672,R_100,557.81
1778130674,R_100,557.57
1778130676,R_100,557.62
1778130678,R_100,557.69
1778130680,R_100,557.93
1778130682,R_100,558.15
1778130684,R_100,558.3
1778130686,R_100,558.39
1778130688,R_100,558.21
1778130690,R_100,558.23
1778130692,R_100,558.05
1778130694,R_100,557.83
1778130696,R_100,557.83
1778130698,R_100,557.74
1778130700,R_100,557.72
1778130702,R_100,557.63
1778130704,R_100,557.72
1778130706,R_100,557.9
1778130708,R_100,557.92
1778130710,R_100,557.88
1778130712,R_100,558.02
1778130714,R_100,557.99
1778130716,R_100,557.7
1778130718,R_100,557.75
1778130720,R_100,557.73
1778130722,R_100,557.54
1778130724,R_100,557.43
1778130726,R_100,557.43
1778130728,R_100,557.47
1778130730,R_100,557.45
1778130732,R_100,557.41
1778130734,R_100,557.29
1778130736,R_100,557.38
1778130738,R_100,557.32
1778130740,R_100,557.22
1778130742,R_100,557.3
1778130744,R_100,557.57
1778130746,R_100,557.45
1778130748,R_100,557.51
1778130750,R_100,557.74
1778130752,R_100,557.87
1778130754,R_100,557.87
1778130756,R_100,557.91
1778130758,R_100,557.88
1778130760,R_100,558.14
1778130762,R_100,558.28
1778130764,R_100,558.14
1778130766,R_100,558.18
1778130768,R_100,558.3
1778130770,R_100,558.33
1778130772,R_100,558.33
1778130774,R_100,558.49
1778130776,R_100,558.42
1778130778,R_100,558.33
1778130780,R_100,558.3
1778130782,R_100,558.27
1778130784,R_100,558.21
1778130786,R_100,558.31
1778130788,R_100,558.42
1778130790,R_100,558.73
1778130792,R_100,558.49
1778130794,R_100,558.51
1778130796,R_100,558.47
1778130798,R_100,558.5
1778130800,R_100,558.46
1778130802,R_100,558.4
1778130804,R_100,558.18
1778130806,R_100,558.18
1778130808,R_100,558.26
1778130810,R_100,558.06
1778130812,R_100,557.92
1778130814,R_100,557.8
1778130816,R_100,557.5
1778130818,R_100,557.71
1778130820,R_100,557.35
1778130822,R_100,557.26
1778130824,R_100,557.45
1778130826,R_100,557.56
1778130828,R_100,557.42
1778130830,R_100,557.48
1778130832,R_100,557.25
1778130834,R_100,557.27
1778130836,R_100,557.22
1778130838,R_100,557.13
1778130840,R_100,557.34
1778130842,R_100,557.3
1778130844,R_100,557.35
1778130846,R_100,557.14
1778130848,R_100,557.11
1778130850,R_100,557.02
1778130852,R_100,557.21
1778130854,R_100,557.04
1778130856,R_100,556.97
1778130858,R_100,557.17
1778130860,R_100,557.46
1778130862,R_100,557.54
1778130864,R_100,557.42
1778130866,R_100,557.53
1778130868,R_100,557.76
1778130870,R_100,557.84
1778130872,R_100,557.64
1778130874,R_100,557.78
1778130876,R_100,557.84
1778130878,R_100,557.83
1778130880,R_100,557.73
1778130882,R_100,557.79
1778130884,R_100,558.11
1778130886,R_100,558.01
1778130888,R_100,558.02
1778130890,R_100,557.8
1778130892,R_100,557.87
1778130894,R_100,557.7
1778130896,R_100,557.67
1778130898,R_100,557.87
1778130900,R_100,557.86
1778130902,R_100,558
1778130904,R_100,558.09
1778130906,R_100,557.94
1778130908,R_100,558.07
1778130910,R_100,558.27
1778130912,R_100,558.27
1778130914,R_100,558.35
1778130916,R_100,558.3
1778130918,R_100,558.35
1778130920,R_100,558.34
1778130922,R_100,558.37
1778130924,R_100,558.55
1778130926,R_100,558.81
1778130928,R_100,558.74
1778130930,R_100,558.77
1778130932,R_100,558.63
1778130934,R_100,558.62
1778130936,R_100,558.6
1778130938,R_100,558.73
1778130940,R_100,558.75
1778130942,R_100,558.46
1778130944,R_100,558.31
1778130946,R_100,558.18
1778130948,R_100,558.5
1778130950,R_100,558.47
1778130952,R_100,558.58
1778130954,R_100,558.66
1778130956,R_100,558.85
1778130958,R_100,558.74
1778130960,R_100,558.79
1778130962,R_100,558.73
1778130964,R_100,558.74
1778130966,R_100,558.68
1778130968,R_100,558.45
1778130970,R_100,558.19
1778130972,R_100,558.25
1778130974,R_100,558.3
1778130976,R_100,558.23
1778130978,R_100,558.42
1778130980,R_100,558.29
1778130982,R_100,558.2
1778130984,R_100,558.2
1778130986,R_100,558.08
1778130988,R_100,557.95
1778130990,R_100,557.66
1778130992,R_100,557.86
1778130994,R_100,557.92
1778130996,R_100,557.99
1778130998,R_100,558.12
1778131000,R_100,558.41
1778131002,R_100,558.5
1778131004,R_100,558.33
1778131006,R_100,558.29
1778131008,R_100,558.14
1778131010,R_100,558.1
1778131012,R_100,557.84
1778131014,R_100,557.82
1778131016,R_100,557.97
1778131018,R_100,558.04
1778131020,R_100,557.94
1778131022,R_100,557.95
1778131024,R_100,558.07
1778131026,R_100,558.02
1778131028,R_100,558.01
1778131030,R_100,558.03
1778131032,R_100,557.94
1778131034,R_100,557.96
1778131036,R_100,557.86
1778131038,R_100,558.11
1778131040,R_100,558.07
1778131042,R_100,558.23
1778131044,R_100,558.25
1778131046,R_100,558.44
1778131048,R_100,558.19
1778131050,R_100,558.03
1778131052,R_100,557.96
1778131054,R_100,558.08
1778131056,R_100,558.06
1778131058,R_100,558.17
1778131060,R_100,557.8
1778131062,R_100,557.83
1778131064,R_100,557.77
1778131066,R_100,557.98
1778131068,R_100,558.07
1778131070,R_100,558.1
1778131072,R_100,557.97
1778131074,R_100,558.02
1778131076,R_100,557.93
1778131078,R_100,557.87
1778131080,R_100,557.64
1778131082,R_100,557.53
1778131084,R_100,557.58
1778131086,R_100,557.5
1778131088,R_100,557.58
1778131090,R_100,557.56
1778131092,R_100,557.56
1778131094,R_100,557.66
1778131096,R_100,557.63
1778131098,R_100,557.68
1778131100,R_100,557.42
1778131102,R_100,557.27
1778131104,R_100,557.36
1778131106,R_100,557.26
1778131108,R_100,556.98
1778131110,R_100,556.88
1778131112,R_100,556.81
1778131114,R_100,556.7
1778131116,R_100,556.92
1778131118,R_100,556.92
1778131120,R_100,557.08
1778131122,R_100,557.15
1778131124,R_100,557.05
1778131126,R_100,556.94
1778131128,R_100,556.89
1778131130,R_100,556.68
1778131132,R_100,556.67
1778131134,R_100,556.57
1778131136,R_100,556.59
1778131138,R_100,556.67
1778131140,R_100,556.47
1778131142,R_100,556.52
1778131144,R_100,556.48
1778131146,R_100,556.34
1778131148,R_100,556.47
1778131150,R_100,556.48
1778131152,R_100,556.22
1778131154,R_100,556.2
1778131156,R_100,556.18
1778131158,R_100,556.51
1778131160,R_100,556.34
1778131162,R_100,556.14
1778131164,R_100,555.93
1778131166,R_100,555.71
1778131168,R_100,555.64
1778131170,R_100,555.64
1778131172,R_100,555.76
1778131174,R_100,555.89
1778131176,R_100,555.99
1778131178,R_100,556.03
1778131180,R_100,555.95
1778131182,R_100,555.68
1778131184,R_100,555.61
1778131186,R_100,555.75
1778131188,R_100,555.76
1778131190,R_100,555.87
1778131192,R_100,555.85
1778131194,R_100,556.07
1778131196,R_100,555.91
1778131198,R_100,555.9
1778131200,R_100,555.91
1778131202,R_100,555.89
1778131204,R_100,555.97
1778131206,R_100,555.79
1778131208,R_100,556.04
1778131210,R_100,556.16
1778131212,R_100,556.29
1778131214,R_100,556.41
1778131216,R_100,556.2
1778131218,R_100,556.4
1778131220,R_100,556.57
1778131222,R_100,556.67
1778131224,R_100,556.57
1778131226,R_100,556.54
1778131228,R_100,556.57
1778131230,R_100,556.68
1778131232,R_100,556.69
1778131234,R_100,556.6
1778131236,R_100,556.55
1778131238,R_100,556.64
1778131240,R_100,556.6
1778131242,R_100,556.6
1778131244,R_100,556.6
1778131246,R_100,556.56
1778131248,R_100,556.47
1778131250,R_100,556.49
1778131252,R_100,556.51
1778131254,R_100,556.6
1778131256,R_100,556.59
1778131258,R_100,556.58
1778131260,R_100,556.57
1778131262,R_100,556.31
1778131264,R_100,556.32
1778131266,R_100,556.51
1778131268,R_100,556.54
1778131270,R_100,556.53
1778131272,R_100,556.46
1778131274,R_100,556.22
1778131276,R_100,556.2
1778131278,R_100,556.19
1778131280,R_100,556.36
1778131282,R_100,556.2
1778131284,R_100,556.04
1778131286,R_100,556.05
1778131288,R_100,556.09
1778131290,R_100,556.2
1778131292,R_100,556.13
1778131294,R_100,556.18
1778131296,R_100,556.38
1778131298,R_100,556.47
1778131300,R_100,556.24
1778131302,R_100,556.15
1778131304,R_100,556.23
1778131306,R_100,556.05
1778131308,R_100,556.18
1778131310,R_100,556.19
1778131312,R_100,556.14
1778131314,R_100,555.99
1778131316,R_100,555.77
1778131318,R_100,555.89
1778131320,R_100,555.9
1778131322,R_100,556.03
1778131324,R_100,556.24
1778131326,R_100,556.52
1778131328,R_100,556.56
1778131330,R_100,556.78
1778131332,R_100,556.8
1778131334,R_100,556.77
1778131336,R_100,556.72
1778131338,R_100,556.72
1778131340,R_100,556.62
1778131342,R_100,556.74
1778131344,R_100,556.57
1778131346,R_100,556.4
1778131348,R_100,556.53
1778131350,R_100,556.68
1778131352,R_100,556.62
1778131354,R_100,556.7
1778131356,R_100,556.69
1778131358,R_100,556.63
1778131360,R_100,556.74
1778131362,R_100,556.81
1778131364,R_100,556.81
1778131366,R_100,556.81
1778131368,R_100,556.73
1778131370,R_100,556.69
1778131372,R_100,556.99
1778131374,R_100,557.06
1778131376,R_100,556.88
1778131378,R_100,557.14
1778131380,R_100,557.13
1778131382,R_100,557.1
1778131384,R_100,557.03
1778131386,R_100,556.72
1778131388,R_100,556.66
1778131390,R_100,556.65
1778131392,R_100,556.59
1778131394,R_100,556.53
1778131396,R_100,556.71
1778131398,R_100,556.79
1778131400,R_100,556.73
1778131402,R_100,556.83
1778131404,R_100,557
1778131406,R_100,556.73
1778131408,R_100,556.55
1778131410,R_100,556.49
1778131412,R_100,556.45
1778131414,R_100,556.57
1778131416,R_100,556.62
1778131418,R_100,556.65
1778131420,R_100,556.67
1778131422,R_100,556.74
1778131424,R_100,556.91
1778131426,R_100,556.72
1778131428,R_100,556.78
1778131430,R_100,556.84
1778131432,R_100,557.02
1778131434,R_100,556.93
1778131436,R_100,556.76
1778131438,R_100,556.8
1778131440,R_100,557
1778131442,R_100,557.08
1778131444,R_100,557.02
1778131446,R_100,556.94
1778131448,R_100,557.11
1778131450,R_100,557.24
1778131452,R_100,557.37
1778131454,R_100,557.29
1778131456,R_100,557.06
1778131458,R_100,557.2
1778131460,R_100,556.98
1778131462,R_100,556.99
1778131464,R_100,556.94
1778131466,R_100,556.88
1778131468,R_100,556.77
1778131470,R_100,556.78
1778131472,R_100,556.8
1778131474,R_100,556.6
1778131476,R_100,556.53
1778131478,R_100,556.61
1778131480,R_100,556.77
1778131482,R_100,556.67
1778131484,R_100,556.43
1778131486,R_100,556.62
1778131488,R_100,556.69
1778131490,R_100,556.57
1778131492,R_100,556.35
1778131494,R_100,556.25
1778131496,R_100,556.35
1778131498,R_100,556.48
1778131500,R_100,556.53
1778131502,R_100,556.57
1778131504,R_100,556.63
1778131506,R_100,556.99
1778131508,R_100,557
1778131510,R_100,557.02
1778131512,R_100,556.85
1778131514,R_100,556.99
1778131516,R_100,557.16
1778131518,R_100,557.39
1778131520,R_100,557.12
1778131522,R_100,557.11
1778131524,R_100,556.94
1778131526,R_100,557.18
1778131528,R_100,557.06
1778131530,R_100,556.74
1778131532,R_100,556.48
1778131534,R_100,556.69
1778131536,R_100,556.98
1778131538,R_100,556.87
1778131540,R_100,556.76
1778131542,R_100,556.99
1778131544,R_100,557.01
1778131546,R_100,556.98
1778131548,R_100,557.08
1778131550,R_100,557.17
1778131552,R_100,557.12
1778131554,R_100,557.22
1778131556,R_100,557
1778131558,R_100,556.96
1778131560,R_100,557.23
1778131562,R_100,557.12
1778131564,R_100,557.23
1778131566,R_100,557.11
1778131568,R_100,557.33
1778131570,R_100,557.45
1778131572,R_100,557.42
1778131574,R_100,557.64
1778131576,R_100,557.79
1778131578,R_100,557.8
1778131580,R_100,557.61
1778131582,R_100,557.66
1778131584,R_100,557.71
1778131586,R_100,557.35
1778131588,R_100,557.3
1778131590,R_100,557.13
1778131592,R_100,557.24
1778131594,R_100,557.41
1778131596,R_100,557.47
1778131598,R_100,557.61
1778131600,R_100,557.67
1778131602,R_100,557.82
1778131604,R_100,557.55
1778131606,R_100,557.32
1778131608,R_100,557.5
1778131610,R_100,557.55
1778131612,R_100,557.75
1778131614,R_100,557.88
1778131616,R_100,557.73
1778131618,R_100,557.94
1778131620,R_100,557.78
1778131622,R_100,558.09
1778131624,R_100,558.06
1778131626,R_100,558.03
1778131628,R_100,557.94
1778131630,R_100,558.11
1778131632,R_100,558.12
1778131634,R_100,558.2
1778131636,R_100,558.23
1778131638,R_100,558.28
1778131640,R_100,558.21
1778131642,R_100,558.1
1778131644,R_100,558.22
1778131646,R_100,558.1
1778131648,R_100,558.21
1778131650,R_100,557.91
1778131652,R_100,557.81
1778131654,R_100,558.04
1778131656,R_100,557.81
1778131658,R_100,557.68
1778131660,R_100,557.7
1778131662,R_100,557.65
1778131664,R_100,557.65
1778131666,R_100,557.7
1778131668,R_100,557.81
1778131670,R_100,557.78
1778131672,R_100,558.03
1778131674,R_100,558.17
1778131676,R_100,558.31
1778131678,R_100,558.18
1778131680,R_100,558.34
1778131682,R_100,558.57
1778131684,R_100,558.57
1778131686,R_100,558.6
1778131688,R_100,558.52
1778131690,R_100,558.37
1778131692,R_100,558.39
1778131694,R_100,558.49
1778131696,R_100,558.45
1778131698,R_100,558.48
1778131700,R_100,558.68
1778131702,R_100,558.68
1778131704,R_100,558.58
1778131706,R_100,558.53
1778131708,R_100,558.59
1778131710,R_100,558.8
1778131712,R_100,558.55
1778131714,R_100,558.48
1778131716,R_100,558.26
1778131718,R_100,558.3
1778131720,R_100,558.25
1778131722,R_100,558.19
1778131724,R_100,558.24
1778131726,R_100,558.08
1778131728,R_100,558.09
1778131730,R_100,558.31
1778131732,R_100,558.32
1778131734,R_100,558.36
1778131736,R_100,558.08
1778131738,R_100,557.92
1778131740,R_100,557.91
1778131742,R_100,558.01
1778131744,R_100,557.85
1778131746,R_100,557.81
1778131748,R_100,557.82
1778131750,R_100,557.83
1778131752,R_100,557.92
1778131754,R_100,558.09
1778131756,R_100,558.05
1778131758,R_100,558.19
1778131760,R_100,558.12
1778131762,R_100,558.06
1778131764,R_100,558.25
1778131766,R_100,558.23
1778131768,R_100,558.26
1778131770,R_100,558.34
1778131772,R_100,558.19
1778131774,R_100,558.26
1778131776,R_100,557.98
1778131778,R_100,557.86
1778131780,R_100,557.91
1778131782,R_100,558.13
1778131784,R_100,558.25
1778131786,R_100,558.21
1778131788,R_100,558.2
1778131790,R_100,558.11
1778131792,R_100,558.12
1778131794,R_100,558.37
1778131796,R_100,558.47
1778131798,R_100,558.25
1778131800,R_100,558.05
1778131802,R_100,558.26
1778131804,R_100,558.24
1778131806,R_100,558.41
1778131808,R_100,558.7
1778131810,R_100,558.79
1778131812,R_100,558.83
1778131814,R_100,558.57
1778131816,R_100,558.85
1778131818,R_100,558.8
1778131820,R_100,559.02
1778131822,R_100,559.02
1778131824,R_100,558.71
1778131826,R_100,558.75
1778131828,R_100,558.66
1778131830,R_100,558.66
1778131832,R_100,558.74
1778131834,R_100,558.67
1778131836,R_100,558.53
1778131838,R_100,558.67
1778131840,R_100,558.52
1778131842,R_100,558.57
1778131844,R_100,558.51
1778131846,R_100,558.51
1778131848,R_100,558.48
1778131850,R_100,558.48
1778131852,R_100,558.38
1778131854,R_100,558.66
1778131856,R_100,558.71
1778131858,R_100,558.66
1778131860,R_100,558.7
1778131862,R_100,558.64
1778131864,R_100,558.39
1778131866,R_100,558.5
1778131868,R_100,558.63
1778131870,R_100,558.82
1778131872,R_100,558.72
1778131874,R_100,558.77
1778131876,R_100,558.58
1778131878,R_100,558.32
1778131880,R_100,558.23
1778131882,R_100,558.23
1778131884,R_100,558.49
1778131886,R_100,558.54
1778131888,R_100,558.75
1778131890,R_100,558.89
1778131892,R_100,558.73
1778131894,R_100,558.7
1778131896,R_100,558.7
1778131898,R_100,558.64
1778131900,R_100,558.65
1778131902,R_100,558.57
1778131904,R_100,558.78
1778131906,R_100,558.72
1778131908,R_100,558.8
1778131910,R_100,558.85
1778131912,R_100,558.54
1778131914,R_100,558.63
1778131916,R_100,558.85
1778131918,R_100,558.99
1778131920,R_100,559.01
1778131922,R_100,558.89
1778131924,R_100,558.71
1778131926,R_100,558.55
1778131928,R_100,558.67
1778131930,R_100,558.55
1778131932,R_100,558.58
1778131934,R_100,558.54
1778131936,R_100,558.69
1778131938,R_100,558.73
1778131940,R_100,558.59
1778131942,R_100,558.73
1778131944,R_100,558.78
1778131946,R_100,558.77
1778131948,R_100,558.9
1778131950,R_100,558.66
1778131952,R_100,558.9
1778131954,R_100,558.62
1778131956,R_100,558.61
1778131958,R_100,558.81
1778131960,R_100,558.49
1778131962,R_100,558.81
1778131964,R_100,558.91
1778131966,R_100,558.76
1778131968,R_100,558.78
1778131970,R_100,558.94
1778131972,R_100,558.93
1778131974,R_100,559.27
1778131976,R_100,559.22
1778131978,R_100,559.07
1778131980,R_100,558.66
1778131982,R_100,558.65
1778131984,R_100,558.32
1778131986,R_100,558.36
1778131988,R_100,558.59
1778131990,R_100,558.51
1778131992,R_100,558.41
1778131994,R_100,558.39
1778131996,R_100,558.07
1778131998,R_100,557.98
1778132000,R_100,557.88
1778132002,R_100,557.82
1778132004,R_100,557.76
1778132006,R_100,557.73
1778132008,R_100,557.92
1778132010,R_100,557.86
1778132012,R_100,557.89
1778132014,R_100,557.86
1778132016,R_100,558.02
1778132018,R_100,557.85
1778132020,R_100,558.04
1778132022,R_100,557.77
1778132024,R_100,557.65
1778132026,R_100,557.96
1778132028,R_100,558
1778132030,R_100,557.9
1778132032,R_100,558.02
1778132034,R_100,558.25
1778132036,R_100,558.4
1778132038,R_100,558.34
1778132040,R_100,558.27
1778132042,R_100,558.18
1778132044,R_100,558.08
1778132046,R_100,557.91
1778132048,R_100,558.01
1778132050,R_100,557.91
1778132052,R_100,557.96
1778132054,R_100,557.87
1778132056,R_100,558.01
1778132058,R_100,557.96
1778132060,R_100,558.18
1778132062,R_100,558.28
1778132064,R_100,558.33
1778132066,R_100,558.44
1778132068,R_100,558.71
1778132070,R_100,558.88
1778132072,R_100,558.92
1778132074,R_100,558.9
1778132076,R_100,558.86
1778132078,R_100,558.69
1778132080,R_100,558.75
1778132082,R_100,558.87
1778132084,R_100,558.8
1778132086,R_100,558.56
1778132088,R_100,558.56
1778132090,R_100,558.27
1778132092,R_100,558.1
1778132094,R_100,557.87
1778132096,R_100,557.7
1778132098,R_100,557.73
1778132100,R_100,557.5
1778132102,R_100,557.62
1778132104,R_100,557.6
1778132106,R_100,557.7
1778132108,R_100,557.65
1778132110,R_100,557.6
1778132112,R_100,557.69
1778132114,R_100,557.77
1778132116,R_100,557.76
1778132118,R_100,557.66
1778132120,R_100,557.65
1778132122,R_100,557.76
1778132124,R_100,557.8
1778132126,R_100,557.71
1778132128,R_100,557.66
1778132130,R_100,557.59
1778132132,R_100,557.72
1778132134,R_100,557.82
1778132136,R_100,557.68
1778132138,R_100,557.67
1778132140,R_100,557.48
1778132142,R_100,557.32
1778132144,R_100,557.42
1778132146,R_100,557.39
1778132148,R_100,557.38
1778132150,R_100,557.56
1778132152,R_100,557.72
1778132154,R_100,557.82
1778132156,R_100,558.02
1778132158,R_100,558.31
1778132160,R_100,558.3
1778132162,R_100,558.16
1778132164,R_100,558.21
1778132166,R_100,558.01
1778132168,R_100,557.89
1778132170,R_100,557.78
1778132172,R_100,557.64
1778132174,R_100,557.83
1778132176,R_100,557.81
1778132178,R_100,557.76
1778132180,R_100,557.93
1778132182,R_100,557.99
1778132184,R_100,557.87
1778132186,R_100,557.78
1778132188,R_100,557.67
1778132190,R_100,557.62
1778132192,R_100,557.57
1778132194,R_100,557.44
1778132196,R_100,557.54
1778132198,R_100,557.67
1778132200,R_100,557.57
1778132202,R_100,557.74
1778132204,R_100,557.72
1778132206,R_100,557.8
1778132208,R_100,557.94
1778132210,R_100,557.86
1778132212,R_100,557.8
1778132214,R_100,558
1778132216,R_100,558.04
1778132218,R_100,558.17
1778132220,R_100,558.23
1778132222,R_100,558.68
1778132224,R_100,558.55
1778132226,R_100,558.55
1778132228,R_100,558.43
1778132230,R_100,558.41
1778132232,R_100,558.37
1778132234,R_100,558.23
1778132236,R_100,558.27
1778132238,R_100,558.29
1778132240,R_100,558.35
1778132242,R_100,558.33
1778132244,R_100,558.23
1778132246,R_100,557.9
1778132248,R_100,558.01
1778132250,R_100,557.93
1778132252,R_100,557.94
1778132254,R_100,557.86
1778132256,R_100,557.99
1778132258,R_100,557.91
1778132260,R_100,558.15
1778132262,R_100,558.09
1778132264,R_100,558.03
1778132266,R_100,558
1778132268,R_100,558.17
1778132270,R_100,558.26
1778132272,R_100,558.17
1778132274,R_100,558.37
1778132276,R_100,558.36
1778132278,R_100,558.48
1778132280,R_100,558.35
1778132282,R_100,558.56
1778132284,R_100,558.68
1778132286,R_100,558.7
1778132288,R_100,558.71
1778132290,R_100,559.05
1778132292,R_100,558.9
1778132294,R_100,558.85
1778132296,R_100,558.81
1778132298,R_100,558.87
1778132300,R_100,558.73
1778132302,R_100,558.83
1778132304,R_100,558.93
1778132306,R_100,559.11
1778132308,R_100,559.05
1778132310,R_100,559.19
1778132312,R_100,559.16
1778132314,R_100,558.98
1778132316,R_100,558.83
1778132318,R_100,558.73
1778132320,R_100,558.59
1778132322,R_100,558.73
1778132324,R_100,558.82
1778132326,R_100,558.76
1778132328,R_100,558.66
1778132330,R_100,558.49
1778132332,R_100,558.24
1778132334,R_100,558.31
1778132336,R_100,558.29
1778132338,R_100,558.42
1778132340,R_100,558.36
1778132342,R_100,558.3
1778132344,R_100,558.26
1778132346,R_100,558.45
1778132348,R_100,558.14
1778132350,R_100,558.32
1778132352,R_100,558.23
1778132354,R_100,558.05
1778132356,R_100,557.95
1778132358,R_100,557.77
1778132360,R_100,557.79
1778132362,R_100,557.59
1778132364,R_100,557.61
1778132366,R_100,557.57
1778132368,R_100,557.4
1778132370,R_100,557.56
1778132372,R_100,557.69
1778132374,R_100,557.7
1778132376,R_100,557.75
1778132378,R_100,557.83
1778132380,R_100,557.75
1778132382,R_100,557.8
1778132384,R_100,557.79
1778132386,R_100,557.63
1778132388,R_100,557.55
1778132390,R_100,557.69
1778132392,R_100,557.64
1778132394,R_100,557.89
1778132396,R_100,558.01
1778132398,R_100,558.07
1778132400,R_100,558.07
1778132402,R_100,557.97
1778132404,R_100,557.79
1778132406,R_100,557.57
1778132408,R_100,557.39
1778132410,R_100,557.39
1778132412,R_100,557.25
1778132414,R_100,557.17
1778132416,R_100,557.08
1778132418,R_100,557.33
1778132420,R_100,557.36
1778132422,R_100,557.33
1778132424,R_100,557.29
1778132426,R_100,557.2
1778132428,R_100,557.19
1778132430,R_100,557.11
1778132432,R_100,557.17
1778132434,R_100,557.08
1778132436,R_100,557.2
1778132438,R_100,557.26
1778132440,R_100,557.01
1778132442,R_100,556.97
1778132444,R_100,556.81
1778132446,R_100,556.75
1778132448,R_100,556.69
1778132450,R_100,557.06
1778132452,R_100,557.02
1778132454,R_100,556.9
1778132456,R_100,557.13
1778132458,R_100,557.27
1778132460,R_100,557.19
1778132462,R_100,557.24
1778132464,R_100,557.29
1778132466,R_100,557.16
1778132468,R_100,557.39
1778132470,R_100,557.49
1778132472,R_100,557.69
1778132474,R_100,557.91
1778132476,R_100,557.88
1778132478,R_100,557.94
1778132480,R_100,557.84
1778132482,R_100,557.79
1778132484,R_100,557.82
1778132486,R_100,557.75
1778132488,R_100,557.87
1778132490,R_100,557.84
1778132492,R_100,557.68
1778132494,R_100,557.77
1778132496,R_100,557.7
1778132498,R_100,557.51
1778132500,R_100,557.39
1778132502,R_100,557.19
1778132504,R_100,557.18
1778132506,R_100,557.2
1778132508,R_100,557.27
1778132510,R_100,557.26
1778132512,R_100,557.53
1778132514,R_100,557.44
1778132516,R_100,557.25
1778132518,R_100,557.32
1778132520,R_100,557.52
1778132522,R_100,557.53
1778132524,R_100,557.69
1778132526,R_100,557.82
1778132528,R_100,557.91
1778132530,R_100,557.66
1778132532,R_100,557.64
1778132534,R_100,557.86
1778132536,R_100,557.89
1778132538,R_100,557.61
1778132540,R_100,557.61
1778132542,R_100,557.67
1778132544,R_100,557.67
1778132546,R_100,557.53
1778132548,R_100,557.2
1778132550,R_100,557.31
1778132552,R_100,557.11
1778132554,R_100,556.99
1778132556,R_100,556.76
1778132558,R_100,556.81
1778132560,R_100,556.72
1778132562,R_100,556.98
1778132564,R_100,557
1778132566,R_100,556.96
1778132568,R_100,556.91
1778132570,R_100,556.88
1778132572,R_100,556.71
1778132574,R_100,556.66
1778132576,R_100,556.87
1778132578,R_100,556.78
1778132580,R_100,556.71
1778132582,R_100,556.66
1778132584,R_100,556.7
1778132586,R_100,556.73
1778132588,R_100,556.68
1778132590,R_100,556.45
1778132592,R_100,556.59
1778132594,R_100,556.73
1778132596,R_100,556.71
1778132598,R_100,556.78
1778132600,R_100,556.68
1778132602,R_100,556.86
1778132604,R_100,556.97
1778132606,R_100,556.96
1778132608,R_100,556.73
1778132610,R_100,556.9
1778132612,R_100,556.79
1778132614,R_100,556.72
1778132616,R_100,556.92
1778132618,R_100,556.6
1778132620,R_100,556.68
1778132622,R_100,557.05
1778132624,R_100,557.18
1778132626,R_100,557.11
1778132628,R_100,557.05
1778132630,R_100,557.02
1778132632,R_100,557
1778132634,R_100,556.95
1778132636,R_100,556.92
1778132638,R_100,557.16
1778132640,R_100,557.14
1778132642,R_100,557.22
1778132644,R_100,557.02
1778132646,R_100,557.25
1778132648,R_100,557.19
1778132650,R_100,557.1
1778132652,R_100,556.94
1778132654,R_100,556.97
1778132656,R_100,557.08
1778132658,R_100,557.06
1778132660,R_100,557.01
1778132662,R_100,557.23
1778132664,R_100,556.93
1778132666,R_100,556.98
1778132668,R_100,556.94
1778132670,R_100,556.93
1778132672,R_100,557.13
1778132674,R_100,557.15
1778132676,R_100,557.09
1778132678,R_100,557.02
1778132680,R_100,556.96
1778132682,R_100,557.05
1778132684,R_100,557.09
1778132686,R_100,557.16
1778132688,R_100,557.01
1778132690,R_100,557.03
1778132692,R_100,557.03
1778132694,R_100,557.09
1778132696,R_100,557.21
1778132698,R_100,557.12
1778132700,R_100,556.95
1778132702,R_100,556.84
1778132704,R_100,556.93
1778132706,R_100,556.97
1778132708,R_100,556.92
1778132710,R_100,556.9
1778132712,R_100,556.85
1778132714,R_100,557
1778132716,R_100,556.99
1778132718,R_100,557.17
1778132720,R_100,557.11
1778132722,R_100,557.08
1778132724,R_100,557.32
1778132726,R_100,557.34
1778132728,R_100,557.29
1778132730,R_100,557.34
1778132732,R_100,557.41
1778132734,R_100,557.31
1778132736,R_100,557.2
1778132738,R_100,557.13
1778132740,R_100,557.12
1778132742,R_100,557.19
1778132744,R_100,557.2
1778132746,R_100,557.37
1778132748,R_100,557.52
1778132750,R_100,557.6
1778132752,R_100,557.4
1778132754,R_100,557.33
1778132756,R_100,557.27
1778132758,R_100,557.23
1778132760,R_100,557.29
1778132762,R_100,557.32
1778132764,R_100,557.28
1778132766,R_100,557.25
1778132768,R_100,557.56
1778132770,R_100,557.41
1778132772,R_100,557.39
1778132774,R_100,557.2
1778132776,R_100,557.34
1778132778,R_100,557.62
1778132780,R_100,557.79
1778132782,R_100,557.98
1778132784,R_100,557.93
1778132786,R_100,557.86
1778132788,R_100,557.81
1778132790,R_100,557.88
1778132792,R_100,557.86
1778132794,R_100,557.84
1778132796,R_100,557.96
1778132798,R_100,558.08
1778132800,R_100,558.05
1778132802,R_100,558.08
1778132804,R_100,557.88
1778132806,R_100,557.73
1778132808,R_100,557.81
1778132810,R_100,557.65
1778132812,R_100,557.83
1778132814,R_100,557.84
1778132816,R_100,558.02
1778132818,R_100,558.11
1778132820,R_100,558.02
1778132822,R_100,558.3
1778132824,R_100,558.33
1778132826,R_100,558.18
1778132828,R_100,558.15
1778132830,R_100,558.1
1778132832,R_100,557.95
1778132834,R_100,557.92
1778132836,R_100,557.96
1778132838,R_100,557.88
1778132840,R_100,557.85
1778132842,R_100,557.98
1778132844,R_100,558.13
1778132846,R_100,558.27
1778132848,R_100,558.29
1778132850,R_100,558.36
1778132852,R_100,558.46
1778132854,R_100,558.42
1778132856,R_100,558.32
1778132858,R_100,558.25
1778132860,R_100,558.37
1778132862,R_100,558.36
1778132864,R_100,558.42
1778132866,R_100,558.26
1778132868,R_100,558.46
1778132870,R_100,558.68
1778132872,R_100,558.8
1778132874,R_100,558.64
1778132876,R_100,558.86
1778132878,R_100,558.85
1778132880,R_100,558.83
1778132882,R_100,558.8
1778132884,R_100,559.22
1778132886,R_100,559.27
1778132888,R_100,559.48
1778132890,R_100,559.6
1778132892,R_100,559.27
1778132894,R_100,559.38
1778132896,R_100,559.35
1778132898,R_100,559.44
1778132900,R_100,559.41
1778132902,R_100,559.23
1778132904,R_100,559.08
1778132906,R_100,559.16
1778132908,R_100,559.4
1778132910,R_100,559.6
1778132912,R_100,559.52
1778132914,R_100,559.44
1778132916,R_100,559.35
1778132918,R_100,559.19
1778132920,R_100,559.23
1778132922,R_100,559
1778132924,R_100,559.01
1778132926,R_100,559.1
1778132928,R_100,558.79
1778132930,R_100,558.99
1778132932,R_100,558.98
1778132934,R_100,559.11
1778132936,R_100,559.04
1778132938,R_100,558.94
1778132940,R_100,558.92
1778132942,R_100,558.8
1778132944,R_100,558.77
1778132946,R_100,558.6
1778132948,R_100,558.55
1778132950,R_100,558.41
1778132952,R_100,558.28
1778132954,R_100,558.11
1778132956,R_100,557.91
1778132958,R_100,557.88
1778132960,R_100,557.87
1778132962,R_100,558.04
1778132964,R_100,557.92
1778132966,R_100,557.89
1778132968,R_100,558.07
1778132970,R_100,558.01
1778132972,R_100,558.21
1778132974,R_100,558.37
1778132976,R_100,558.41
1778132978,R_100,558.61
1778132980,R_100,558.44
1778132982,R_100,558.34
1778132984,R_100,558.33
1778132986,R_100,558.33
1778132988,R_100,558.24
1778132990,R_100,558.2
1778132992,R_100,558.03
1778132994,R_100,558.05
1778132996,R_100,558.09
1778132998,R_100,557.96
1778133000,R_100,557.96
1778133002,R_100,557.9
1778133004,R_100,557.74
1778133006,R_100,557.65
1778133008,R_100,557.66
1778133010,R_100,557.82
1778133012,R_100,557.83
1778133014,R_100,557.75
1778133016,R_100,557.76
1778133018,R_100,557.94
1778133020,R_100,557.79
1778133022,R_100,557.66
1778133024,R_100,557.84
1778133026,R_100,557.68
1778133028,R_100,557.2
1778133030,R_100,557.33
1778133032,R_100,557.35
1778133034,R_100,557.47
1778133036,R_100,557.54
1778133038,R_100,557.43
1778133040,R_100,557.41
1778133042,R_100,557.34
1778133044,R_100,557.3
1778133046,R_100,557.4
1778133048,R_100,557.26
1778133050,R_100,557.13
1778133052,R_100,557.27
1778133054,R_100,557.35
1778133056,R_100,557.39
1778133058,R_100,557.34
1778133060,R_100,557.44
1778133062,R_100,557.61
1778133064,R_100,557.46
1778133066,R_100,557.18
1778133068,R_100,557.06
1778133070,R_100,556.91
1778133072,R_100,556.75
1778133074,R_100,556.73
1778133076,R_100,556.78
1778133078,R_100,556.87
1778133080,R_100,556.91
1778133082,R_100,556.91
1778133084,R_100,556.98
1778133086,R_100,557.06
1778133088,R_100,557.15
1778133090,R_100,557.19
1778133092,R_100,557.09
1778133094,R_100,557.09
1778133096,R_100,556.96
1778133098,R_100,556.96
1778133100,R_100,556.92
1778133102,R_100,556.8
1778133104,R_100,556.68
1778133106,R_100,556.52
1778133108,R_100,556.46
1778133110,R_100,556.43
1778133112,R_100,556.36
1778133114,R_100,556.34
1778133116,R_100,556.38
1778133118,R_100,556.56
1778133120,R_100,556.7
1778133122,R_100,556.67
1778133124,R_100,556.75
1778133126,R_100,556.71
1778133128,R_100,556.62
1778133130,R_100,556.7
1778133132,R_100,556.65
1778133134,R_100,556.56
1778133136,R_100,556.71
1778133138,R_100,556.77
1778133140,R_100,556.93
1778133142,R_100,556.96
1778133144,R_100,557.16
1778133146,R_100,557.24
1778133148,R_100,557.25
1778133150,R_100,557.15
1778133152,R_100,557.28
1778133154,R_100,557.05
1778133156,R_100,557.01
1778133158,R_100,556.94
1778133160,R_100,557.09
1778133162,R_100,557.05
1778133164,R_100,556.95
1778133166,R_100,557
1778133168,R_100,557.34
1778133170,R_100,557.64
1778133172,R_100,557.56
1778133174,R_100,557.58
1778133176,R_100,557.35
1778133178,R_100,557.27
1778133180,R_100,557.33
1778133182,R_100,557.43
1778133184,R_100,557.34
1778133186,R_100,557.33
1778133188,R_100,557.27
1778133190,R_100,557.23
1778133192,R_100,557.11
1778133194,R_100,556.93
1778133196,R_100,556.77
1778133198,R_100,556.88
1778133200,R_100,557
1778133202,R_100,557.06
1778133204,R_100,556.97
1778133206,R_100,556.78
1778133208,R_100,556.72
1778133210,R_100,556.65
1778133212,R_100,556.84
1778133214,R_100,556.75
1778133216,R_100,556.67
1778133218,R_100,556.58
1778133220,R_100,556.48
1778133222,R_100,556.64
1778133224,R_100,556.73
1778133226,R_100,556.77
1778133228,R_100,556.54
1778133230,R_100,556.5
1778133232,R_100,556.45
1778133234,R_100,556.28
1778133236,R_100,556.19
1778133238,R_100,556.14
1778133240,R_100,556.07
1778133242,R_100,556.21
1778133244,R_100,556.43
1778133246,R_100,556.43
1778133248,R_100,556.49
1778133250,R_100,556.31
1778133252,R_100,556.41
1778133254,R_100,556.5
1778133256,R_100,556.23
1778133258,R_100,556.4
1778133260,R_100,556.29
1778133262,R_100,556.44
1778133264,R_100,556.38
1778133266,R_100,556.27
1778133268,R_100,556.33
1778133270,R_100,556.2
1778133272,R_100,556.11
1778133274,R_100,556.27
1778133276,R_100,556.34
1778133278,R_100,556.33
1778133280,R_100,556.3
1778133282,R_100,556.48
1778133284,R_100,556.45
1778133286,R_100,556.47
1778133288,R_100,556.55
1778133290,R_100,556.6
1778133292,R_100,556.49
1778133294,R_100,556.67
1778133296,R_100,556.67
1778133298,R_100,556.81
1778133300,R_100,556.88
1778133302,R_100,556.73
1778133304,R_100,556.73
1778133306,R_100,556.69
1778133308,R_100,556.52
1778133310,R_100,556.5
1778133312,R_100,556.48
1778133314,R_100,556.59
1778133316,R_100,556.59
1778133318,R_100,556.54
1778133320,R_100,556.6
1778133322,R_100,556.64
1778133324,R_100,556.55
1778133326,R_100,556.77
1778133328,R_100,557.02
1778133330,R_100,557
1778133332,R_100,556.85
1778133334,R_100,556.69
1778133336,R_100,556.68
1778133338,R_100,556.9
1778133340,R_100,556.83
1778133342,R_100,556.83
1778133344,R_100,556.88
1778133346,R_100,556.63
1778133348,R_100,556.38
1778133350,R_100,556.43
1778133352,R_100,556.3
1778133354,R_100,556.46
1778133356,R_100,556.67
1778133358,R_100,556.64
1778133360,R_100,556.81
1778133362,R_100,556.57
1778133364,R_100,556.57
1778133366,R_100,556.42
1778133368,R_100,556.37
1778133370,R_100,556.27
1778133372,R_100,556.28
1778133374,R_100,556.34
1778133376,R_100,556.34
1778133378,R_100,556.28
1778133380,R_100,556.22
1778133382,R_100,556.35
1778133384,R_100,556.65
1778133386,R_100,556.53
1778133388,R_100,556.51
1778133390,R_100,556.71
1778133392,R_100,556.87
1778133394,R_100,556.85
1778133396,R_100,556.84
1778133398,R_100,556.91
1778133400,R_100,556.79
1778133402,R_100,556.8
1778133404,R_100,556.66
1778133406,R_100,556.74
1778133408,R_100,556.5
1778133410,R_100,556.61
1778133412,R_100,556.73
1778133414,R_100,556.82
1778133416,R_100,556.8
1778133418,R_100,556.77
1778133420,R_100,556.76
1778133422,R_100,556.81
1778133424,R_100,556.85
1778133426,R_100,556.78
1778133428,R_100,556.82
1778133430,R_100,556.82
1778133432,R_100,556.97
1778133434,R_100,557.24
1778133436,R_100,557.15
1778133438,R_100,557.23
1778133440,R_100,557.03
1778133442,R_100,557.15
1778133444,R_100,557.13
1778133446,R_100,557.25
1778133448,R_100,557.22
1778133450,R_100,557.14
1778133452,R_100,557.07
1778133454,R_100,556.93
1778133456,R_100,557.05
1778133458,R_100,556.99
1778133460,R_100,557.05
1778133462,R_100,557.06
1778133464,R_100,556.93
1778133466,R_100,556.85
1778133468,R_100,556.89
1778133470,R_100,556.95
1778133472,R_100,557.08
1778133474,R_100,557.14
1778133476,R_100,556.96
1778133478,R_100,556.95
1778133480,R_100,557.04
1778133482,R_100,557.16
1778133484,R_100,557
1778133486,R_100,557.07
1778133488,R_100,556.98
1778133490,R_100,556.77
1778133492,R_100,556.88
1778133494,R_100,557.05
1778133496,R_100,556.94
1778133498,R_100,557.33
1778133500,R_100,557.43
1778133502,R_100,557.35
1778133504,R_100,557.22
1778133506,R_100,557.33
1778133508,R_100,557.38
1778133510,R_100,557.24
1778133512,R_100,557.06
1778133514,R_100,557.21
1778133516,R_100,556.95
1778133518,R_100,556.83
1778133520,R_100,556.93
1778133522,R_100,557.07
1778133524,R_100,556.99
1778133526,R_100,557.03
1778133528,R_100,557.31
1778133530,R_100,557.57
1778133532,R_100,557.56
1778133534,R_100,557.6
1778133536,R_100,557.61
1778133538,R_100,557.33
1778133540,R_100,557.34
1778133542,R_100,557.26
1778133544,R_100,557.08
1778133546,R_100,557.09
1778133548,R_100,557.23
1778133550,R_100,557.01
1778133552,R_100,556.97
1778133554,R_100,557.1
1778133556,R_100,557.14
1778133558,R_100,557.09
1778133560,R_100,556.88
1778133562,R_100,556.72
1778133564,R_100,556.63
1778133566,R_100,556.7
1778133568,R_100,556.62
1778133570,R_100,556.43
1778133572,R_100,556.24
1778133574,R_100,556.19
1778133576,R_100,556.27
1778133578,R_100,556.28
1778133580,R_100,556.56
1778133582,R_100,556.33
1778133584,R_100,556.51
1778133586,R_100,556.44
1778133588,R_100,556.44
1778133590,R_100,556.45
1778133592,R_100,556.6
1778133594,R_100,556.74
1778133596,R_100,556.57
1778133598,R_100,556.47
1778133600,R_100,556.5
1778133602,R_100,556.62
1778133604,R_100,556.4
1778133606,R_100,556.47
1778133608,R_100,556.47
1778133610,R_100,556.36
1778133612,R_100,556.3
1778133614,R_100,556.36
1778133616,R_100,556.43
1778133618,R_100,556.23
1778133620,R_100,556.36
1778133622,R_100,556.65
1778133624,R_100,556.51
1778133626,R_100,556.49
1778133628,R_100,556.43
1778133630,R_100,556.57
1778133632,R_100,556.69
1778133634,R_100,556.78
1778133636,R_100,556.52
1778133638,R_100,556.48
1778133640,R_100,556.25
1778133642,R_100,556.22
1778133644,R_100,556.6
1778133646,R_100,556.42
1778133648,R_100,556.6
1778133650,R_100,556.74
1778133652,R_100,556.9
1778133654,R_100,556.71
1778133656,R_100,556.76
1778133658,R_100,556.94
1778133660,R_100,556.82
1778133662,R_100,556.69
1778133664,R_100,556.52
1778133666,R_100,556.77
1778133668,R_100,556.79
1778133670,R_100,556.72
1778133672,R_100,556.66
1778133674,R_100,556.62
1778133676,R_100,556.64
1778133678,R_100,556.72
1778133680,R_100,556.88
1778133682,R_100,556.8
1778133684,R_100,556.59
1778133686,R_100,556.61
1778133688,R_100,556.81
1778133690,R_100,556.73
1778133692,R_100,556.65
1778133694,R_100,556.59
1778133696,R_100,556.45
1778133698,R_100,556.44
1778133700,R_100,556.36
1778133702,R_100,556.39
1778133704,R_100,556.39
1778133706,R_100,556.12
1778133708,R_100,556.22
1778133710,R_100,556.2
1778133712,R_100,556.12
1778133714,R_100,556.12
1778133716,R_100,556.04
1778133718,R_100,556.06
1778133720,R_100,556.16
1778133722,R_100,556.21
1778133724,R_100,556.27
1778133726,R_100,556.36
1778133728,R_100,556.36
1778133730,R_100,556.45
1778133732,R_100,556.49
1778133734,R_100,556.38
1778133736,R_100,556.51
1778133738,R_100,556.68
1778133740,R_100,556.67
1778133742,R_100,556.77
1778133744,R_100,556.93
1778133746,R_100,556.89
1778133748,R_100,556.84
1778133750,R_100,556.61
1778133752,R_100,556.66
1778133754,R_100,556.77
1778133756,R_100,556.72
1778133758,R_100,556.6
1778133760,R_100,556.45
1778133762,R_100,556.4
1778133764,R_100,556.41
1778133766,R_100,556.38
1778133768,R_100,556.17
1778133770,R_100,555.97
1778133772,R_100,556.06
1778133774,R_100,556.01
1778133776,R_100,556.01
1778133778,R_100,555.97
1778133780,R_100,556.14
1778133782,R_100,556.08
1778133784,R_100,556.04
1778133786,R_100,556.07
1778133788,R_100,556.17
1778133790,R_100,556.27
1778133792,R_100,556.15
1778133794,R_100,556.13
1778133796,R_100,556.28
1778133798,R_100,556.34
1778133800,R_100,556.41
1778133802,R_100,556.59
1778133804,R_100,556.51
1778133806,R_100,556.46
1778133808,R_100,556.44
1778133810,R_100,556.39
1778133812,R_100,556.09
1778133814,R_100,556.22
1778133816,R_100,556.26
1778133818,R_100,556.28
1778133820,R_100,556.08
1778133822,R_100,556.19
1778133824,R_100,556.15
1778133826,R_100,556.08
1778133828,R_100,556.33
1778133830,R_100,556.25
1778133832,R_100,556.27
1778133834,R_100,556.29
1778133836,R_100,556.36
1778133838,R_100,556.28
1778133840,R_100,556.4
1778133842,R_100,556.41
1778133844,R_100,556.78
1778133846,R_100,556.87
1778133848,R_100,556.94
1778133850,R_100,556.94
1778133852,R_100,557.04
1778133854,R_100,557.14
1778133856,R_100,557.12
1778133858,R_100,557.23
1778133860,R_100,557.13
1778133862,R_100,557.21
1778133864,R_100,557.21
1778133866,R_100,557.24
1778133868,R_100,557.1
1778133870,R_100,556.87
1778133872,R_100,556.52
1778133874,R_100,556.73
1778133876,R_100,556.56
1778133878,R_100,556.49
1778133880,R_100,556.38
1778133882,R_100,556.17
1778133884,R_100,556.07
1778133886,R_100,556.03
1778133888,R_100,555.94
1778133890,R_100,556.29
1778133892,R_100,556.19
1778133894,R_100,556.13
1778133896,R_100,556.32
1778133898,R_100,556.18
1778133900,R_100,556.19
1778133902,R_100,556.08
1778133904,R_100,555.96
1778133906,R_100,555.86
1778133908,R_100,555.68
1778133910,R_100,555.56
1778133912,R_100,555.61
1778133914,R_100,555.79
1778133916,R_100,555.89
1778133918,R_100,555.81
1778133920,R_100,555.72
1778133922,R_100,555.69
1778133924,R_100,555.75
1778133926,R_100,555.82
1778133928,R_100,555.93
1778133930,R_100,555.92
1778133932,R_100,556.07
1778133934,R_100,556.08
1778133936,R_100,556.19
1778133938,R_100,556.24
1778133940,R_100,556.33
1778133942,R_100,556.25
1778133944,R_100,556.46
1778133946,R_100,556.21
1778133948,R_100,556.49
1778133950,R_100,556.51
1778133952,R_100,556.32
1778133954,R_100,556.42
1778133956,R_100,556.28
1778133958,R_100,556.39
1778133960,R_100,556.36
1778133962,R_100,556.43
1778133964,R_100,556.09
1778133966,R_100,556.16
1778133968,R_100,556.08
1778133970,R_100,556.09
1778133972,R_100,556.22
1778133974,R_100,556.09
1778133976,R_100,556.14
1778133978,R_100,556.15
1778133980,R_100,556.04
1778133982,R_100,556.01
1778133984,R_100,555.84
1778133986,R_100,555.97
1778133988,R_100,556.01
1778133990,R_100,556.06
1778133992,R_100,556.12
1778133994,R_100,556.18
1778133996,R_100,556.31
1778133998,R_100,556.14
1778134000,R_100,556.34
1778134002,R_100,556.34
1778134004,R_100,556.33
1778134006,R_100,556.53
1778134008,R_100,556.57
1778134010,R_100,556.62
1778134012,R_100,556.61
1778134014,R_100,556.6
1778134016,R_100,556.45
1778134018,R_100,556.25
1778134020,R_100,556.2
1778134022,R_100,556.07
1778134024,R_100,555.88
1778134026,R_100,555.8
1778134028,R_100,555.86
1778134030,R_100,555.74
1778134032,R_100,555.69
1778134034,R_100,555.72
1778134036,R_100,555.56
1778134038,R_100,555.4
1778134040,R_100,555.29
1778134042,R_100,555.25
1778134044,R_100,555.14
1778134046,R_100,555.09
1778134048,R_100,554.87
1778134050,R_100,555.03
1778134052,R_100,555.04
1778134054,R_100,555.26
1778134056,R_100,555.07
1778134058,R_100,554.89
1778134060,R_100,554.87
1778134062,R_100,554.97
1778134064,R_100,555.06
1778134066,R_100,555.06
1778134068,R_100,555
1778134070,R_100,554.89
1778134072,R_100,554.51
1778134074,R_100,554.72
1778134076,R_100,554.56
1778134078,R_100,554.71
1778134080,R_100,554.52
1778134082,R_100,554.56
1778134084,R_100,554.6
1778134086,R_100,554.59
1778134088,R_100,554.5
1778134090,R_100,554.32
1778134092,R_100,554.41
1778134094,R_100,554.58
1778134096,R_100,554.64
1778134098,R_100,554.42
1778134100,R_100,554.41
1778134102,R_100,554.57
1778134104,R_100,554.42
1778134106,R_100,554.43
1778134108,R_100,554.31
1778134110,R_100,554.38
1778134112,R_100,554.75
1778134114,R_100,554.9
1778134116,R_100,554.89
1778134118,R_100,554.88
1778134120,R_100,554.94
1778134122,R_100,555.09
1778134124,R_100,554.83
1778134126,R_100,554.77
1778134128,R_100,554.7
1778134130,R_100,554.7
1778134132,R_100,554.85
1778134134,R_100,554.77
1778134136,R_100,554.5
1778134138,R_100,554.54
1778134140,R_100,554.39
1778134142,R_100,554.58
1778134144,R_100,554.4
1778134146,R_100,554.31
1778134148,R_100,554.55
1778134150,R_100,554.28
1778134152,R_100,554.55
1778134154,R_100,554.51
1778134156,R_100,554.86
1778134158,R_100,554.94
1778134160,R_100,554.71
1778134162,R_100,554.83
1778134164,R_100,554.82
1778134166,R_100,554.79
1778134168,R_100,554.9
1778134170,R_100,554.92
1778134172,R_100,555.05
1778134174,R_100,555.16
1778134176,R_100,555.21
1778134178,R_100,555.07
1778134180,R_100,554.82
1778134182,R_100,554.81
1778134184,R_100,554.78
1778134186,R_100,554.83
1778134188,R_100,555.05
1778134190,R_100,554.81
1778134192,R_100,554.74
1778134194,R_100,554.73
1778134196,R_100,554.7
1778134198,R_100,554.62
1778134200,R_100,554.63
1778134202,R_100,554.31
1778134204,R_100,554.2
1778134206,R_100,554.44
1778134208,R_100,554.34
1778134210,R_100,554.39
1778134212,R_100,554.42
1778134214,R_100,554.44
1778134216,R_100,554.45
1778134218,R_100,554.31
1778134220,R_100,554.22
1778134222,R_100,554.17
1778134224,R_100,554
1778134226,R_100,553.89
1778134228,R_100,553.94
1778134230,R_100,553.72
1778134232,R_100,553.57
1778134234,R_100,553.59
1778134236,R_100,553.81
1778134238,R_100,553.8
1778134240,R_100,553.83
1778134242,R_100,553.72
1778134244,R_100,553.67
1778134246,R_100,553.52
1778134248,R_100,553.56
1778134250,R_100,553.47
1778134252,R_100,553.56
1778134254,R_100,553.85
1778134256,R_100,553.78
1778134258,R_100,553.78
1778134260,R_100,553.78
1778134262,R_100,553.68
1778134264,R_100,553.6
1778134266,R_100,553.66
1778134268,R_100,553.5
1778134270,R_100,553.64
1778134272,R_100,553.83
1778134274,R_100,553.96
1778134276,R_100,554.01
1778134278,R_100,554.08
1778134280,R_100,554.02
1778134282,R_100,554.15
1778134284,R_100,554.15
1778134286,R_100,554.24
1778134288,R_100,554.12
1778134290,R_100,553.95
1778134292,R_100,553.9
1778134294,R_100,554.04
1778134296,R_100,554.36
1778134298,R_100,554.33
1778134300,R_100,554.19
1778134302,R_100,554.03
1778134304,R_100,554.14
1778134306,R_100,554.18
1778134308,R_100,554.02
1778134310,R_100,554.03
1778134312,R_100,553.77
1778134314,R_100,553.79
1778134316,R_100,553.9
1778134318,R_100,553.88
1778134320,R_100,554.17
1778134322,R_100,554.06
1778134324,R_100,554.05
1778134326,R_100,554.1
1778134328,R_100,554.05
1778134330,R_100,554.02
1778134332,R_100,553.99
1778134334,R_100,554.09
1778134336,R_100,554.29
1778134338,R_100,554.17
1778134340,R_100,554.07
1778134342,R_100,553.94
1778134344,R_100,554.01
1778134346,R_100,554.16
1778134348,R_100,553.86
1778134350,R_100,553.93
1778134352,R_100,553.92
1778134354,R_100,553.82
1778134356,R_100,553.95
1778134358,R_100,554.08
1778134360,R_100,554.44
1778134362,R_100,554.5
1778134364,R_100,554.3
1778134366,R_100,554.14
1778134368,R_100,554.16
1778134370,R_100,554.15
1778134372,R_100,553.87
1778134374,R_100,554.19
1778134376,R_100,553.98
1778134378,R_100,553.94
1778134380,R_100,553.96
1778134382,R_100,553.84
1778134384,R_100,553.76
1778134386,R_100,553.83
1778134388,R_100,553.87
1778134390,R_100,554.05
1778134392,R_100,554.09
1778134394,R_100,554.02
1778134396,R_100,553.86
1778134398,R_100,553.76
1778134400,R_100,553.94
1778134402,R_100,553.65
1778134404,R_100,553.78
1778134406,R_100,553.61
1778134408,R_100,553.19
1778134410,R_100,553.01
1778134412,R_100,553.16
1778134414,R_100,553.25
1778134416,R_100,553.31
1778134418,R_100,553.15
1778134420,R_100,552.99
1778134422,R_100,553.17
1778134424,R_100,553.32
1778134426,R_100,553.4
1778134428,R_100,553.65
1778134430,R_100,553.53
1778134432,R_100,553.48
1778134434,R_100,553.56
1778134436,R_100,553.45
1778134438,R_100,553.29
1778134440,R_100,553.27
1778134442,R_100,553.38
1778134444,R_100,553.19
1778134446,R_100,553.36
1778134448,R_100,553.42
1778134450,R_100,553.51
1778134452,R_100,553.48
1778134454,R_100,553.5
1778134456,R_100,553.55
1778134458,R_100,553.81
1778134460,R_100,554.04
1778134462,R_100,554.06
1778134464,R_100,554.09
1778134466,R_100,554.03
1778134468,R_100,553.96
1778134470,R_100,553.85
1778134472,R_100,553.66
1778134474,R_100,553.7
1778134476,R_100,553.53
1778134478,R_100,553.26
1778134480,R_100,553.19
1778134482,R_100,553.12
1778134484,R_100,553.12
1778134486,R_100,553.21
1778134488,R_100,553.22
1778134490,R_100,553.12
1778134492,R_100,553.06
1778134494,R_100,553.03
1778134496,R_100,553.11
1778134498,R_100,553.29
1778134500,R_100,553.23
1778134502,R_100,553.23
1778134504,R_100,553.31
1778134506,R_100,553.38
1778134508,R_100,553.5
1778134510,R_100,553.5
1778134512,R_100,553.4
1778134514,R_100,553.4
1778134516,R_100,553.38
1778134518,R_100,553.37
1778134520,R_100,553.63
1778134522,R_100,553.59
1778134524,R_100,553.78
1778134526,R_100,553.69
1778134528,R_100,553.66
1778134530,R_100,553.77
1778134532,R_100,553.97
1778134534,R_100,554.18
1778134536,R_100,554.45
1778134538,R_100,554.48
1778134540,R_100,554.47
1778134542,R_100,554.81
1778134544,R_100,554.96
1778134546,R_100,555
1778134548,R_100,554.94
1778134550,R_100,554.83
1778134552,R_100,554.66
1778134554,R_100,554.64
1778134556,R_100,554.71
1778134558,R_100,554.72
1778134560,R_100,554.61
1778134562,R_100,554.76
1778134564,R_100,554.82
1778134566,R_100,554.86
1778134568,R_100,554.89
1778134570,R_100,555.09
1778134572,R_100,555.25
1778134574,R_100,555.02
1778134576,R_100,554.99
1778134578,R_100,555.1
1778134580,R_100,555.1
1778134582,R_100,555.07
1778134584,R_100,555.27
1778134586,R_100,555.21
1778134588,R_100,555.43
1778134590,R_100,555.52
1778134592,R_100,555.63
1778134594,R_100,555.84
1778134596,R_100,555.7
1778134598,R_100,555.79
1778134600,R_100,555.76
1778134602,R_100,555.98
1778134604,R_100,556.02
1778134606,R_100,556.06
1778134608,R_100,556.14
1778134610,R_100,556.07
1778134612,R_100,556.09
1778134614,R_100,556.23
1778134616,R_100,556.28
1778134618,R_100,556.36
1778134620,R_100,556.38
1778134622,R_100,556.31
1778134624,R_100,556.23
1778134626,R_100,556.22
1778134628,R_100,556.19
1778134630,R_100,556.2
1778134632,R_100,556.04
1778134634,R_100,556.14
1778134636,R_100,555.95
1778134638,R_100,555.8
1778134640,R_100,555.47
1778134642,R_100,555.65
1778134644,R_100,555.86
1778134646,R_100,555.97
1778134648,R_100,555.96
1778134650,R_100,556
1778134652,R_100,556.25
1778134654,R_100,556.21
1778134656,R_100,556.43
1778134658,R_100,556.36
1778134660,R_100,556.52
1778134662,R_100,556.5
1778134664,R_100,556.55
1778134666,R_100,556.63
1778134668,R_100,556.79
1778134670,R_100,556.7
1778134672,R_100,556.71
1778134674,R_100,556.63
1778134676,R_100,556.54
1778134678,R_100,556.55
1778134680,R_100,556.49
1778134682,R_100,556.57
1778134684,R_100,556.87
1778134686,R_100,556.85
1778134688,R_100,556.67
1778134690,R_100,556.92
1778134692,R_100,556.87
1778134694,R_100,556.73
1778134696,R_100,556.61
1778134698,R_100,556.44
1778134700,R_100,556.28
1778134702,R_100,556.29
1778134704,R_100,556.24
1778134706,R_100,556.32
1778134708,R_100,556.28
1778134710,R_100,556.43
1778134712,R_100,556.6
1778134714,R_100,556.75
1778134716,R_100,556.49
1778134718,R_100,556.34
1778134720,R_100,556.23
1778134722,R_100,556.24
1778134724,R_100,556.31
1778134726,R_100,556.51
1778134728,R_100,556.67
1778134730,R_100,556.7
1778134732,R_100,556.64
1778134734,R_100,556.38
1778134736,R_100,556.68
1778134738,R_100,556.68
1778134740,R_100,556.93
1778134742,R_100,557.05
1778134744,R_100,557.06
1778134746,R_100,556.95
1778134748,R_100,556.94
1778134750,R_100,556.96
1778134752,R_100,557.1
1778134754,R_100,556.95
1778134756,R_100,556.93
1778134758,R_100,556.97
1778134760,R_100,557.07
1778134762,R_100,556.83
1778134764,R_100,556.6
1778134766,R_100,556.5
1778134768,R_100,556.52
1778134770,R_100,556.53
1778134772,R_100,556.36
1778134774,R_100,556.37
1778134776,R_100,556.29
1778134778,R_100,556.38
1778134780,R_100,556.32
1778134782,R_100,556.33
1778134784,R_100,556.28
1778134786,R_100,556.39
1778134788,R_100,556.65
1778134790,R_100,556.8
1778134792,R_100,556.62
1778134794,R_100,556.45
1778134796,R_100,556.42
1778134798,R_100,556.4
1778134800,R_100,556.36
1778134802,R_100,556.36
1778134804,R_100,556.12
1778134806,R_100,556.47
1778134808,R_100,556.48
1778134810,R_100,556.41
1778134812,R_100,556.32
1778134814,R_100,556.14
1778134816,R_100,556.26
1778134818,R_100,556.35
1778134820,R_100,556.61
1778134822,R_100,556.51
1778134824,R_100,556.32
1778134826,R_100,556.23
1778134828,R_100,556.13
1778134830,R_100,556.02
1778134832,R_100,556.02
1778134834,R_100,556.07
1778134836,R_100,556.08
1778134838,R_100,556.2
1778134840,R_100,556.31
1778134842,R_100,556.33
1778134844,R_100,556.28
1778134846,R_100,556.42
1778134848,R_100,556.36
1778134850,R_100,556.43
1778134852,R_100,556.35
1778134854,R_100,556.3
1778134856,R_100,556.15
1778134858,R_100,556.16
1778134860,R_100,556.24
1778134862,R_100,556.23
1778134864,R_100,556.05
1778134866,R_100,556.07
1778134868,R_100,556.1
1778134870,R_100,556
1778134872,R_100,556.09
1778134874,R_100,555.82
1778134876,R_100,555.85
1778134878,R_100,556.02
1778134880,R_100,556.03
1778134882,R_100,555.94
1778134884,R_100,556.38
1778134886,R_100,556.34
1778134888,R_100,556.46
1778134890,R_100,556.48
1778134892,R_100,556.56
1778134894,R_100,556.72
1778134896,R_100,556.89
1778134898,R_100,556.97
1778134900,R_100,557.07
1778134902,R_100,557.14
1778134904,R_100,556.98
1778134906,R_100,556.89
1778134908,R_100,556.81
1778134910,R_100,556.89
1778134912,R_100,556.85
1778134914,R_100,556.85
1778134916,R_100,556.72
1778134918,R_100,556.93
1778134920,R_100,556.93
1778134922,R_100,557.18
1778134924,R_100,557.18
1778134926,R_100,557.03
1778134928,R_100,556.82
1778134930,R_100,556.74
1778134932,R_100,556.56
1778134934,R_100,556.64
1778134936,R_100,556.52
1778134938,R_100,556.62
1778134940,R_100,556.48
1778134942,R_100,556.54
1778134944,R_100,556.83
1778134946,R_100,556.94
1778134948,R_100,557.12
1778134950,R_100,557.18
1778134952,R_100,557.18
1778134954,R_100,557.19
1778134956,R_100,557.24
1778134958,R_100,557.09
1778134960,R_100,557.12
1778134962,R_100,557.01
1778134964,R_100,557.37
1778134966,R_100,557.46
1778134968,R_100,557.56
1778134970,R_100,557.83
1778134972,R_100,557.88
1778134974,R_100,557.75
1778134976,R_100,557.91
1778134978,R_100,557.89
1778134980,R_100,557.89
1778134982,R_100,557.7
1778134984,R_100,557.87
1778134986,R_100,558.21
1778134988,R_100,558.25
1778134990,R_100,558.37
1778134992,R_100,558.21
1778134994,R_100,558.55
1778134996,R_100,558.79
1778134998,R_100,558.76
1778135000,R_100,558.74
1778135002,R_100,558.83
1778135004,R_100,559.04
1778135006,R_100,558.87
1778135008,R_100,558.78
1778135010,R_100,558.88
1778135012,R_100,558.84
1778135014,R_100,558.97
1778135016,R_100,558.74
1778135018,R_100,558.81
1778135020,R_100,558.72
1778135022,R_100,558.63
1778135024,R_100,558.57
1778135026,R_100,558.35
1778135028,R_100,558.21
1778135030,R_100,558.16
1778135032,R_100,558.37
1778135034,R_100,558.52
1778135036,R_100,558.68
1778135038,R_100,558.9
1778135040,R_100,558.74
1778135042,R_100,558.72
1778135044,R_100,558.69
1778135046,R_100,558.68
1778135048,R_100,558.84
1778135050,R_100,558.48
1778135052,R_100,558.48
1778135054,R_100,558.63
1778135056,R_100,558.62
1778135058,R_100,558.66
1778135060,R_100,558.64
1778135062,R_100,558.75
1778135064,R_100,558.59
1778135066,R_100,558.5
1778135068,R_100,558.51
1778135070,R_100,558.33
1778135072,R_100,558.44
1778135074,R_100,558.26
1778135076,R_100,558.12
1778135078,R_100,557.94
1778135080,R_100,558.21
1778135082,R_100,558.09
1778135084,R_100,558.16
1778135086,R_100,558.26
1778135088,R_100,558.13
1778135090,R_100,558.09
1778135092,R_100,558.14
1778135094,R_100,558.26
1778135096,R_100,558.23
1778135098,R_100,557.82
1778135100,R_100,557.54
1778135102,R_100,557.49
1778135104,R_100,557.25
1778135106,R_100,557.3
1778135108,R_100,557.34
1778135110,R_100,557.11
1778135112,R_100,557.22
1778135114,R_100,557.36
1778135116,R_100,557.36
1778135118,R_100,557.56
1778135120,R_100,557.49
1778135122,R_100,557.58
1778135124,R_100,557.53
1778135126,R_100,557.76
1778135128,R_100,557.74
1778135130,R_100,557.58
1778135132,R_100,557.73
1778135134,R_100,557.86
1778135136,R_100,558.02
1778135138,R_100,558.16
1778135140,R_100,558.41
1778135142,R_100,558.33
1778135144,R_100,558.42
1778135146,R_100,558.61
1778135148,R_100,558.5
1778135150,R_100,558.56
1778135152,R_100,558.54
1778135154,R_100,558.28
1778135156,R_100,558.15
1778135158,R_100,558.08
1778135160,R_100,558.03
1778135162,R_100,558.04
1778135164,R_100,558.3
1778135166,R_100,558.37
1778135168,R_100,558.33
1778135170,R_100,558.39
1778135172,R_100,558.38
1778135174,R_100,558.15
1778135176,R_100,558.19
1778135178,R_100,558.27
1778135180,R_100,558.27
1778135182,R_100,558.36
1778135184,R_100,558.51
1778135186,R_100,558.72
1778135188,R_100,558.76
1778135190,R_100,558.92
1778135192,R_100,558.95
1778135194,R_100,558.99
1778135196,R_100,558.97
1778135198,R_100,558.92
1778135200,R_100,558.91
1778135202,R_100,559.08
1778135204,R_100,559.13
1778135206,R_100,559.07
1778135208,R_100,559.14
1778135210,R_100,559.17
1778135212,R_100,559.1
1778135214,R_100,559.3
1778135216,R_100,559.41
1778135218,R_100,559.54
1778135220,R_100,559.45
1778135222,R_100,559.23
1778135224,R_100,559.37
1778135226,R_100,559.46
1778135228,R_100,559.4
1778135230,R_100,559.34
1778135232,R_100,559.44
1778135234,R_100,559.62
1778135236,R_100,559.89
1778135238,R_100,559.89
1778135240,R_100,559.82
1778135242,R_100,560.04
1778135244,R_100,559.65
1778135246,R_100,559.77
1778135248,R_100,559.74
1778135250,R_100,559.73
1778135252,R_100,559.87
1778135254,R_100,559.75
1778135256,R_100,559.74
1778135258,R_100,559.65
1778135260,R_100,559.84
1778135262,R_100,559.94
1778135264,R_100,559.97
1778135266,R_100,560.01
1778135268,R_100,560.31
1778135270,R_100,560.39
1778135272,R_100,560.49
1778135274,R_100,560.67
1778135276,R_100,560.59
1778135278,R_100,560.64
1778135280,R_100,560.64
1778135282,R_100,560.91
1778135284,R_100,560.89
1778135286,R_100,561.1
1778135288,R_100,561.1
1778135290,R_100,561.07
1778135292,R_100,561.18
1778135294,R_100,561.24
1778135296,R_100,561.17
1778135298,R_100,561.22
1778135300,R_100,561
1778135302,R_100,561.24
1778135304,R_100,561.33
1778135306,R_100,561.35
1778135308,R_100,561.44
1778135310,R_100,561.27
1778135312,R_100,561.32
1778135314,R_100,561.22
1778135316,R_100,561.59
1778135318,R_100,561.39
1778135320,R_100,561.22
1778135322,R_100,561.28
1778135324,R_100,561.31
1778135326,R_100,561.29
1778135328,R_100,561.23
1778135330,R_100,561.39
1778135332,R_100,561.36
1778135334,R_100,561.46
1778135336,R_100,561.04
1778135338,R_100,561.14
1778135340,R_100,561.17
1778135342,R_100,560.98
1778135344,R_100,561
1778135346,R_100,560.9
1778135348,R_100,560.9
1778135350,R_100,560.47
1778135352,R_100,560.41
1778135354,R_100,560.77
1778135356,R_100,560.82
1778135358,R_100,560.88
1778135360,R_100,560.86
1778135362,R_100,560.92
1778135364,R_100,561
1778135366,R_100,561.06
1778135368,R_100,561.13
1778135370,R_100,560.99
1778135372,R_100,561.02
1778135374,R_100,560.95
1778135376,R_100,560.99
1778135378,R_100,560.82
1778135380,R_100,560.71
1778135382,R_100,560.97
1778135384,R_100,561.01
1778135386,R_100,560.95
1778135388,R_100,560.95
1778135390,R_100,560.89
1778135392,R_100,560.93
1778135394,R_100,561.13
1778135396,R_100,561.03
1778135398,R_100,560.87
1778135400,R_100,560.89
1778135402,R_100,560.92
1778135404,R_100,561.1
1778135406,R_100,561.24
1778135408,R_100,561.16
1778135410,R_100,561.27
1778135412,R_100,561.38
1778135414,R_100,561.41
1778135416,R_100,561.38
1778135418,R_100,561.62
1778135420,R_100,561.62
1778135422,R_100,561.48
1778135424,R_100,561.48
1778135426,R_100,561.54
1778135428,R_100,561.56
1778135430,R_100,561.66
1778135432,R_100,561.49
1778135434,R_100,561.6
1778135436,R_100,561.56
1778135438,R_100,561.77
1778135440,R_100,561.79
1778135442,R_100,561.64
1778135444,R_100,561.44
1778135446,R_100,561.13
1778135448,R_100,561
1778135450,R_100,560.85
1778135452,R_100,560.69
1778135454,R_100,560.55
1778135456,R_100,560.58
1778135458,R_100,560.57
1778135460,R_100,560.51
1778135462,R_100,560.56
1778135464,R_100,560.55
1778135466,R_100,560.52
1778135468,R_100,560.47
1778135470,R_100,560.65
1778135472,R_100,560.73
1778135474,R_100,560.81
1778135476,R_100,560.81
1778135478,R_100,560.97
1778135480,R_100,561
1778135482,R_100,560.97
1778135484,R_100,560.7
1778135486,R_100,560.68
1778135488,R_100,560.57
1778135490,R_100,560.62
1778135492,R_100,560.41
1778135494,R_100,560.73
1778135496,R_100,560.76
1778135498,R_100,560.76
1778135500,R_100,560.64
1778135502,R_100,560.63
1778135504,R_100,560.6
1778135506,R_100,560.81
1778135508,R_100,560.82
1778135510,R_100,560.76
1778135512,R_100,560.88
1778135514,R_100,560.83
1778135516,R_100,560.8
1778135518,R_100,560.78
1778135520,R_100,560.5
1778135522,R_100,560.26
1778135524,R_100,560.33
1778135526,R_100,560.28
1778135528,R_100,560.37
1778135530,R_100,560.58
1778135532,R_100,560.49
1778135534,R_100,560.61
1778135536,R_100,560.36
1778135538,R_100,560.37
1778135540,R_100,560.19
1778135542,R_100,560.16
1778135544,R_100,560.38
1778135546,R_100,560.3
1778135548,R_100,560.39
1778135550,R_100,560.36
1778135552,R_100,560.11
1778135554,R_100,560.09
1778135556,R_100,560.21
1778135558,R_100,560.15
1778135560,R_100,560.1
1778135562,R_100,560.27
1778135564,R_100,560.11
1778135566,R_100,560.23
1778135568,R_100,560.19
1778135570,R_100,560.38
1778135572,R_100,560.46
1778135574,R_100,560.68
1778135576,R_100,560.9
1778135578,R_100,561.03
1778135580,R_100,561.03
1778135582,R_100,560.88
1778135584,R_100,560.86
1778135586,R_100,560.89
1778135588,R_100,560.76
1778135590,R_100,560.66
1778135592,R_100,560.74
1778135594,R_100,560.71
1778135596,R_100,560.52
1778135598,R_100,560.45
1778135600,R_100,560.34
1778135602,R_100,560.5
1778135604,R_100,560.47
1778135606,R_100,560.37
1778135608,R_100,560.35
1778135610,R_100,560.37
1778135612,R_100,560.36
1778135614,R_100,560.41
1778135616,R_100,560.48
1778135618,R_100,560.98
1778135620,R_100,560.87
1778135622,R_100,560.83
1778135624,R_100,560.75
1778135626,R_100,560.77
1778135628,R_100,560.81
1778135630,R_100,560.53
1778135632,R_100,560.92
1778135634,R_100,560.81
1778135636,R_100,560.87
1778135638,R_100,560.93
1778135640,R_100,560.93
1778135642,R_100,560.97
1778135644,R_100,560.82
1778135646,R_100,560.58
1778135648,R_100,560.54
1778135650,R_100,560.38
1778135652,R_100,560.62
1778139432,R_100,570.23
1778139434,R_100,569.95
1778139436,R_100,569.99
1778139438,R_100,570.18
1778139440,R_100,570.21
1778139442,R_100,570.06
1778139444,R_100,570.05
1778139446,R_100,570.24
1778139448,R_100,570.34
1778139450,R_100,570.44
1778139452,R_100,570.36
1778139454,R_100,570.27
1778139456,R_100,570.19
1778139458,R_100,570.08
1778139460,R_100,569.82
1778139462,R_100,569.79
1778139464,R_100,569.69
1778139466,R_100,569.48
1778139468,R_100,569.52
1778139470,R_100,569.65
1778139472,R_100,569.53
1778139474,R_100,569.71
1778139476,R_100,569.75
1778139478,R_100,569.81
1778139480,R_100,569.83
1778139482,R_100,569.94
1778139484,R_100,570.04
1778139486,R_100,570.27
1778139488,R_100,570.18
1778139490,R_100,570.03
1778139492,R_100,569.91
1778139494,R_100,569.79
1778139496,R_100,569.73
1778139498,R_100,569.89
1778139500,R_100,569.95
1778139502,R_100,570.12
1778139504,R_100,569.91
1778139506,R_100,569.99
1778139508,R_100,569.85
1778139510,R_100,569.69
1778139512,R_100,569.75
1778139514,R_100,569.87
1778139516,R_100,569.78
1778139518,R_100,570
1778139520,R_100,569.9
1778139522,R_100,569.83
1778139524,R_100,569.76
1778139526,R_100,569.88
1778139528,R_100,569.87
1778139530,R_100,569.86
1778139532,R_100,569.82
1778139534,R_100,569.94
1778139536,R_100,569.91
1778139538,R_100,569.87
1778139540,R_100,569.9
1778139542,R_100,569.71
1778139544,R_100,569.84
1778139546,R_100,569.98
1778139548,R_100,569.83
1778139550,R_100,569.72
1778139552,R_100,569.41
1778139554,R_100,569.43
1778139556,R_100,569.22
1778139558,R_100,569.17
1778139560,R_100,569.29
1778139562,R_100,569.51
1778139564,R_100,569.48
1778139566,R_100,569.44
1778139568,R_100,569.51
1778139570,R_100,569.39
1778139572,R_100,569.52
1778139574,R_100,569.6
1778139576,R_100,569.42
1778139578,R_100,569.44
1778139580,R_100,569.4
1778139582,R_100,569.45
1778139584,R_100,569.44
1778139586,R_100,569.67
1778139588,R_100,569.87
1778139590,R_100,570.18
1778139592,R_100,570.13
1778139594,R_100,570.27
1778139596,R_100,569.93
1778139598,R_100,569.91
1778139600,R_100,569.87
1778139602,R_100,569.87
1778139604,R_100,569.79
1778139606,R_100,569.82
1778139608,R_100,570.02
1778139610,R_100,569.94
1778139612,R_100,570.14
1778139614,R_100,570.27
1778139616,R_100,570.16
1778139618,R_100,569.95
1778139620,R_100,570.07
1778139622,R_100,570.14
1778139624,R_100,570.18
1778139626,R_100,570.35
1778139628,R_100,570.41
1778139630,R_100,570.4
1778139632,R_100,570.25
1778139634,R_100,570.31
1778139636,R_100,570.19
1778139638,R_100,570.3
1778139640,R_100,570.21
1778139642,R_100,570.01
1778139644,R_100,570.22
1778139646,R_100,570.3
1778139648,R_100,570.15
1778139650,R_100,570.22
1778139652,R_100,570.41
1778139654,R_100,570.46
1778139656,R_100,570.48
1778139658,R_100,570.7
1778139660,R_100,570.55
1778139662,R_100,570.9
1778139664,R_100,570.94
1778139666,R_100,571.16
1778139668,R_100,570.96
1778139670,R_100,571.06
1778139672,R_100,571.05
1778139674,R_100,571.01
1778139676,R_100,571.11
1778139678,R_100,571.16
1778139680,R_100,571.11
1778139682,R_100,571.32
1778139684,R_100,571.34
1778139686,R_100,571.37
1778139688,R_100,571.4
1778139690,R_100,571.39
1778139692,R_100,571.4
1778139694,R_100,571.31
1778139696,R_100,571.29
1778139698,R_100,571.39
1778139700,R_100,571.52
1778139702,R_100,571.34
1778139704,R_100,571.1
1778139706,R_100,570.97
1778139708,R_100,570.84
1778139710,R_100,570.55
1778139712,R_100,570.96
1778139714,R_100,570.74
1778139716,R_100,570.74
1778139718,R_100,570.46
1778139720,R_100,570.3
1778139722,R_100,570.24
1778139724,R_100,569.99
1778139726,R_100,570.02
1778139728,R_100,570.19
1778139730,R_100,570.17
1778139732,R_100,570.11
1778139734,R_100,570.07
1778139736,R_100,570.12
1778139738,R_100,570.3
1778139740,R_100,570.05
1778139742,R_100,569.44
1778139744,R_100,569.52
1778139746,R_100,569.52
1778139748,R_100,569.5
1778139750,R_100,569.43
1778139752,R_100,569.46
1778139754,R_100,569.37
1778139756,R_100,569.39
1778139758,R_100,569.64
1778139760,R_100,569.55
1778139762,R_100,569.07
1778139764,R_100,569.22
1778139766,R_100,569.43
1778139768,R_100,569.61
1778139770,R_100,569.5
1778139772,R_100,569.52
1778139774,R_100,569.72
1778139776,R_100,570.07
1778139778,R_100,570.12
1778139780,R_100,570.14
1778139782,R_100,570.19
1778139784,R_100,569.9
1778139786,R_100,569.9
1778139788,R_100,569.77
1778139790,R_100,569.68
1778139792,R_100,569.84
1778139794,R_100,569.68
1778139796,R_100,569.59
1778139798,R_100,569.68
1778139800,R_100,569.79
1778139802,R_100,569.81
1778139804,R_100,569.67
1778139806,R_100,569.83
1778139808,R_100,569.79
1778139810,R_100,569.8
1778139812,R_100,569.66
1778139814,R_100,569.75
1778139816,R_100,569.81
1778139818,R_100,569.77
1778139820,R_100,569.68
1778139822,R_100,569.55
1778139824,R_100,569.66
1778139826,R_100,569.73
1778139828,R_100,569.61
1778139830,R_100,569.61
1778139832,R_100,569.79
1778139834,R_100,569.72
1778139836,R_100,569.78
1778139838,R_100,569.92
1778139840,R_100,569.79
1778139842,R_100,569.95
1778139844,R_100,569.84
1778139846,R_100,569.8
1778139848,R_100,569.71
1778139850,R_100,569.78
1778139852,R_100,569.79
1778139854,R_100,569.63
1778139856,R_100,569.7
1778139858,R_100,569.66
1778139860,R_100,569.74
1778139862,R_100,569.75
1778139864,R_100,569.67
1778139866,R_100,569.73
1778139868,R_100,569.85
1778139870,R_100,569.81
1778139872,R_100,569.64
1778139874,R_100,569.84
1778139876,R_100,569.85
1778139878,R_100,569.68
1778139880,R_100,569.49
1778139882,R_100,569.6
1778139884,R_100,569.51
1778139886,R_100,569.26
1778139888,R_100,569.2
1778139890,R_100,568.85
1778139892,R_100,568.97
1778139894,R_100,568.73
1778139896,R_100,568.92
1778139898,R_100,568.8
1778139900,R_100,568.8
1778139902,R_100,569.03
1778139904,R_100,569.17
1778139906,R_100,569.24
1778139908,R_100,569.29
1778139910,R_100,569.22
1778139912,R_100,569.23
1778139914,R_100,569.02
1778139916,R_100,568.7
1778139918,R_100,568.63
1778139920,R_100,568.47
1778139922,R_100,568.36
1778139924,R_100,568.38
1778139926,R_100,568.29
1778139928,R_100,568.26
1778139930,R_100,568.43
1778139932,R_100,568.48
1778139934,R_100,568.37
1778139936,R_100,568.36
1778139938,R_100,568.54
1778139940,R_100,568.6
1778139942,R_100,568.69
1778139944,R_100,568.41
1778139946,R_100,568.55
1778139948,R_100,568.4
1778139950,R_100,568.67
1778139952,R_100,568.54
1778139954,R_100,568.4
1778139956,R_100,568.42
1778139958,R_100,568.21
1778139960,R_100,568.2
1778139962,R_100,568.18
1778139964,R_100,568.28
1778139966,R_100,568.07
1778139968,R_100,568.13
1778139970,R_100,568.2
1778139972,R_100,568.16
1778139974,R_100,568.05
1778139976,R_100,568.07
1778139978,R_100,567.9
1778139980,R_100,567.82
1778139982,R_100,567.81
1778139984,R_100,567.74
1778139986,R_100,567.87
1778139988,R_100,567.94
1778139990,R_100,567.9
1778139992,R_100,567.82
1778139994,R_100,567.79
1778139996,R_100,568.09
1778139998,R_100,568.19
1778140000,R_100,568.05
1778140002,R_100,567.78
1778140004,R_100,567.92
1778140006,R_100,567.88
1778140008,R_100,567.9
1778140010,R_100,567.83
1778140012,R_100,567.89
1778140014,R_100,567.89
1778140016,R_100,568.02
1778140018,R_100,568.1
1778140020,R_100,567.81
1778140022,R_100,567.74
1778140024,R_100,567.86
1778140026,R_100,567.96
1778140028,R_100,568.1
1778140030,R_100,568.23
1778140032,R_100,568.21
1778140034,R_100,568.32
1778140036,R_100,568.22
1778140038,R_100,568.45
1778140040,R_100,568.41
1778140042,R_100,568.49
1778140044,R_100,568.32
1778140046,R_100,568.27
1778140048,R_100,568.06
1778140050,R_100,568.08
1778140052,R_100,568.16
1778140054,R_100,568.15
1778140056,R_100,568.15
1778140058,R_100,568.19
1778140060,R_100,568.03
1778140062,R_100,568.14
1778140064,R_100,568.38
1778140066,R_100,568.31
1778140068,R_100,568.39
1778140070,R_100,568.32
1778140072,R_100,568.41
1778140074,R_100,568.53
1778140076,R_100,568.48
1778140078,R_100,568.15
1778140080,R_100,568.17
1778140082,R_100,568.29
1778140084,R_100,568.36
1778140086,R_100,568.24
1778140088,R_100,568.13
1778140090,R_100,568.14
1778140092,R_100,568.22
1778140094,R_100,568.22
1778140096,R_100,568.05
1778140098,R_100,567.98
1778140100,R_100,567.88
1778140102,R_100,568
1778140104,R_100,567.93
1778140106,R_100,567.81
1778140108,R_100,567.84
1778140110,R_100,567.86
1778140112,R_100,567.73
1778140114,R_100,567.66
1778140116,R_100,567.23
1778140118,R_100,567.23
1778140120,R_100,567.32
1778140122,R_100,567.26
1778140124,R_100,567.38
1778140126,R_100,567.69
1778140128,R_100,567.88
1778140130,R_100,567.97
1778140132,R_100,567.95
1778140134,R_100,567.9
1778140136,R_100,567.87
1778140138,R_100,567.8
1778140140,R_100,567.83
1778140142,R_100,568.07
1778140144,R_100,567.85
1778140146,R_100,567.83
1778140148,R_100,568.12
1778140150,R_100,568.13
1778140152,R_100,567.98
1778140154,R_100,568.08
1778140156,R_100,568.31
1778140158,R_100,568.4
1778140160,R_100,568.32
1778140162,R_100,568.17
1778140164,R_100,568
1778140166,R_100,567.89
1778140168,R_100,567.81
1778140170,R_100,567.6
1778140172,R_100,567.64
1778140174,R_100,567.78
1778140176,R_100,567.79
1778140178,R_100,567.73
1778140180,R_100,567.65
1778140182,R_100,567.78
1778140184,R_100,567.97
1778140186,R_100,568.18
1778140188,R_100,568.07
1778140190,R_100,568.1
1778140192,R_100,568.19
1778140194,R_100,568.05
1778140196,R_100,567.93
1778140198,R_100,567.87
1778140200,R_100,567.95
1778140202,R_100,567.75
1778140204,R_100,567.73
1778140206,R_100,567.69
1778140208,R_100,567.29
1778140210,R_100,567.13
1778140212,R_100,567.2
1778140214,R_100,567.28
1778140216,R_100,567.3
1778140218,R_100,567.35
1778140220,R_100,567.49
1778140222,R_100,567.4
1778140224,R_100,567.28
1778140226,R_100,567.07
1778140228,R_100,567.45
1778140230,R_100,567.61
1778140232,R_100,567.56
1778140234,R_100,567.52
1778140236,R_100,567.63
1778140238,R_100,567.66
1778140240,R_100,567.58
1778140242,R_100,567.58
1778140244,R_100,567.41
1778140246,R_100,567.21
1778140248,R_100,567.21
1778140250,R_100,567.09
1778140252,R_100,567.03
1778140254,R_100,566.88
1778140256,R_100,566.82
1778140258,R_100,566.63
1778140260,R_100,566.77
1778140262,R_100,567
1778140264,R_100,567.1
1778140266,R_100,567.02
1778140268,R_100,567.16
1778140270,R_100,567.12
1778140272,R_100,567.02
1778140274,R_100,567.08
1778140276,R_100,566.95
1778140278,R_100,567.08
1778140280,R_100,567.02
1778140282,R_100,567.22
1778140284,R_100,567.18
1778140286,R_100,567.1
1778140288,R_100,566.97
1778140290,R_100,566.89
1778140292,R_100,566.92
1778140294,R_100,566.96
1778140296,R_100,566.96
1778140298,R_100,567.05
1778140300,R_100,567.08
1778140302,R_100,566.99
1778140304,R_100,566.82
1778140306,R_100,566.7
1778140308,R_100,566.66
1778140310,R_100,566.42
1778140312,R_100,566.28
1778140314,R_100,566.36
1778140316,R_100,566.15
1778140318,R_100,566.1
1778140320,R_100,565.95
1778140322,R_100,566.05
1778140324,R_100,565.89
1778140326,R_100,566
1778140328,R_100,566.05
1778140330,R_100,566.29
1778140332,R_100,565.99
1778140334,R_100,565.87
1778140336,R_100,565.79
1778140338,R_100,565.84
1778140340,R_100,565.79
1778140342,R_100,565.97
1778140344,R_100,566.08
1778140346,R_100,566.14
1778140348,R_100,566.2
1778140350,R_100,566.41
1778140352,R_100,566.65
1778140354,R_100,566.58
1778140356,R_100,566.83
1778140358,R_100,566.7
1778140360,R_100,566.58
1778140362,R_100,566.72
1778140364,R_100,566.48
1778140366,R_100,566.68
1778140368,R_100,566.76
1778140370,R_100,566.77
1778140372,R_100,566.63
1778140374,R_100,566.77
1778140376,R_100,566.75
1778140378,R_100,566.69
1778140380,R_100,566.81
1778140382,R_100,566.76
1778140384,R_100,566.83
1778140386,R_100,566.89
1778140388,R_100,567.31
1778140390,R_100,567.19
1778140392,R_100,567.1
1778140394,R_100,567.38
1778140396,R_100,567.49
1778140398,R_100,567.56
1778140400,R_100,567.34
1778140402,R_100,567.43
1778140404,R_100,567.38
1778140406,R_100,567.24
1778140408,R_100,567.34
1778140410,R_100,567.5
1778140412,R_100,567.63
1778140414,R_100,567.61
1778140416,R_100,567.65
1778140418,R_100,567.58
1778140420,R_100,567.26
1778140422,R_100,567.08
1778140424,R_100,567.33
1778140426,R_100,567.44
1778140428,R_100,567.5
1778140430,R_100,567.38
1778140432,R_100,567.23
1778140434,R_100,567.45
1778140436,R_100,567.57
1778140438,R_100,567.44
1778140440,R_100,567.4
1778140442,R_100,567.28
1778140444,R_100,567.19
1778140446,R_100,567.01
1778140448,R_100,567.28
1778140450,R_100,567.54
1778140452,R_100,567.32
1778140454,R_100,567.35
1778140456,R_100,567.25
1778140458,R_100,567.15
1778140460,R_100,567.26
1778140462,R_100,567.13
1778140464,R_100,567.16
1778140466,R_100,567.4
1778140468,R_100,567.19
1778140470,R_100,567.16
1778140472,R_100,567.33
1778140474,R_100,567.34
1778140476,R_100,567.58
1778140478,R_100,567.4
1778140480,R_100,567.44
1778140482,R_100,567.4
1778140484,R_100,567.26
1778140486,R_100,567.5
1778140488,R_100,567.5
1778140490,R_100,567.56
1778140492,R_100,567.68
1778140494,R_100,567.5
1778140496,R_100,567.42
1778140498,R_100,567.24
1778140500,R_100,567.15
1778140502,R_100,567.18
1778140504,R_100,567.28
1778140506,R_100,567.14
1778140508,R_100,567.21
1778140510,R_100,567.43
1778140512,R_100,567.32
1778140514,R_100,567.16
1778140516,R_100,567.19
1778140518,R_100,567.15
1778140520,R_100,567.15
1778140522,R_100,566.98
1778140524,R_100,567.1
1778140526,R_100,566.98
1778140528,R_100,566.92
1778140530,R_100,566.6
1778140532,R_100,566.48
1778140534,R_100,566.26
1778140536,R_100,566.21
1778140538,R_100,566.27
1778140540,R_100,566.21
1778140542,R_100,566.18
1778140544,R_100,566.12
1778140546,R_100,566.25
1778140548,R_100,566.29
1778140550,R_100,566.43
1778140552,R_100,566.6
1778140554,R_100,566.58
1778140556,R_100,566.55
1778140558,R_100,566.26
1778140560,R_100,566.2
1778140562,R_100,566.12
1778140564,R_100,566.18
1778140566,R_100,566.18
1778140568,R_100,566.3
1778140570,R_100,566.06
1778140572,R_100,565.95
1778140574,R_100,565.95
1778140576,R_100,565.97
1778140578,R_100,565.86
1778140580,R_100,565.92
1778140582,R_100,565.9
1778140584,R_100,565.8
1778140586,R_100,566.06
1778140588,R_100,566.13
1778140590,R_100,566.04
1778140592,R_100,566.18
1778140594,R_100,566.36
1778140596,R_100,566.43
1778140598,R_100,566.24
1778140600,R_100,566.01
1778140602,R_100,565.95
1778140604,R_100,565.76
1778140606,R_100,565.57
1778140608,R_100,565.78
1778140610,R_100,565.81
1778140612,R_100,565.77
1778140614,R_100,565.93
1778140616,R_100,566.09
1778140618,R_100,566.23
1778140620,R_100,566.16
1778140622,R_100,566.08
1778140624,R_100,566.18
1778140626,R_100,566.35
1778140628,R_100,566.12
1778140630,R_100,566.14
1778140632,R_100,566.08
1778140634,R_100,566.02
1778140636,R_100,565.73
1778140638,R_100,565.63
1778140640,R_100,565.84
1778140642,R_100,565.86
1778140644,R_100,565.89
1778140646,R_100,565.92
1778140648,R_100,565.89
1778140650,R_100,565.98
1778140652,R_100,566.02
1778140654,R_100,566.08
1778140656,R_100,566.17
1778140658,R_100,566.09
1778140660,R_100,566.3
1778140662,R_100,566.31
1778140664,R_100,566.16
1778140666,R_100,566.4
1778140668,R_100,566.52
1778140670,R_100,566.33
1778140672,R_100,566.29
1778140674,R_100,566.25
1778140676,R_100,566.36
1778140678,R_100,566.42
1778140680,R_100,566.43
1778140682,R_100,566.55
1778140684,R_100,566.92
1778140686,R_100,566.86
1778140688,R_100,566.89
1778140690,R_100,567.05
1778140692,R_100,566.9
1778140694,R_100,566.66
1778140696,R_100,566.92
1778140698,R_100,566.78
1778140700,R_100,566.7
1778140702,R_100,566.56
1778140704,R_100,566.56
1778140706,R_100,566.58
1778140708,R_100,566.31
1778140710,R_100,566.42
1778140712,R_100,566.43
1778140714,R_100,566.48
1778140716,R_100,566.7
1778140718,R_100,566.93
1778140720,R_100,566.86
1778140722,R_100,566.85
1778140724,R_100,566.85
1778140726,R_100,567.04
1778140728,R_100,567.34
1778140730,R_100,567.4
1778140732,R_100,567.08
1778140734,R_100,567.35
1778140736,R_100,567.22
1778140738,R_100,567.15
1778140740,R_100,566.98
1778140742,R_100,567.07
1778140744,R_100,566.96
1778140746,R_100,567.11
1778140748,R_100,567
1778140750,R_100,567.1
1778140752,R_100,567.2
1778140754,R_100,567.24
1778140756,R_100,567.4
1778140758,R_100,567.35
1778140760,R_100,567.37
1778140762,R_100,567.43
1778140764,R_100,567.31
1778140766,R_100,567.48
1778140768,R_100,567.33
1778140770,R_100,567.47
1778140772,R_100,567.15
1778140774,R_100,566.98
1778140776,R_100,566.89
1778140778,R_100,566.93
1778140780,R_100,567.05
1778140782,R_100,567.42
1778140784,R_100,567.37
1778140786,R_100,567.18
1778140788,R_100,567.26
1778140790,R_100,567.29
1778140792,R_100,567.33
1778140794,R_100,567.1
1778140796,R_100,567.16
1778140798,R_100,567.05
1778140800,R_100,566.9
1778140802,R_100,566.89
1778140804,R_100,566.93
1778140806,R_100,567.02
1778140808,R_100,567.04
1778140810,R_100,567.08
1778140812,R_100,566.94
1778140814,R_100,567.15
1778140816,R_100,566.95
1778140818,R_100,567.17
1778140820,R_100,567.41
1778140822,R_100,567.33
1778140824,R_100,567
1778140826,R_100,567.06
1778140828,R_100,566.91
1778140830,R_100,567.06
1778140832,R_100,566.82
1778140834,R_100,566.83
1778140836,R_100,566.79
1778140838,R_100,566.66
1778140840,R_100,566.77
1778140842,R_100,566.89
1778140844,R_100,567.08
1778140846,R_100,567.32
1778140848,R_100,567.43
1778140850,R_100,567.43
1778140852,R_100,567.37
1778140854,R_100,567.35
1778140856,R_100,567.31
1778140858,R_100,567.18
1778140860,R_100,567.21
1778140862,R_100,566.81
1778140864,R_100,566.69
1778140866,R_100,566.67
1778140868,R_100,566.67
1778140870,R_100,566.61
1778140872,R_100,566.6
1778140874,R_100,566.54
1778140876,R_100,566.52
1778140878,R_100,566.72
1778140880,R_100,566.74
1778140882,R_100,566.83
1778140884,R_100,567.15
1778140886,R_100,567.12
1778140888,R_100,567.37
1778140890,R_100,567.42
1778140892,R_100,567.52
1778140894,R_100,567.58
1778140896,R_100,567.81
1778140898,R_100,567.85
1778140900,R_100,568.05
1778140902,R_100,568.12
1778140904,R_100,568.01
1778140906,R_100,568.13
1778140908,R_100,568.21
1778140910,R_100,567.95
1778140912,R_100,568.02
1778140914,R_100,568.08
1778140916,R_100,568
1778140918,R_100,567.94
1778140920,R_100,567.96
1778140922,R_100,568.18
1778140924,R_100,568.21
1778140926,R_100,568.2
1778140928,R_100,568.27
1778140930,R_100,568.25
1778140932,R_100,568.13
1778140934,R_100,568.13
1778140936,R_100,568
1778140938,R_100,568.21
1778140940,R_100,568.19
1778140942,R_100,568.07
1778140944,R_100,568.4
1778140946,R_100,568.35
1778140948,R_100,568.48
1778140950,R_100,568.27
1778140952,R_100,568.06
1778140954,R_100,568.02
1778140956,R_100,567.93
1778140958,R_100,567.7
1778140960,R_100,567.89
1778140962,R_100,567.84
1778140964,R_100,567.68
1778140966,R_100,567.7
1778140968,R_100,567.82
1778140970,R_100,567.84
1778140972,R_100,568.06
1778140974,R_100,568.31
1778140976,R_100,568.22
1778140978,R_100,568.32
1778140980,R_100,568.23
1778140982,R_100,568.29
1778140984,R_100,568.29
1778140986,R_100,568.39
1778140988,R_100,568.43
1778140990,R_100,568.45
1778140992,R_100,568.52
1778140994,R_100,568.47
1778140996,R_100,568.55
1778140998,R_100,568.26
1778141000,R_100,568.14
1778141002,R_100,568.18
1778141004,R_100,568.34
1778141006,R_100,568.24
1778141008,R_100,568.26
1778141010,R_100,568.2
1778141012,R_100,568.24
1778141014,R_100,568.08
1778141016,R_100,568.11
1778141018,R_100,567.88
1778141020,R_100,567.83
1778141022,R_100,568.02
1778141024,R_100,567.92
1778141026,R_100,567.94
1778141028,R_100,567.77
1778141030,R_100,567.7
1778141032,R_100,567.63
1778141034,R_100,567.7
1778141036,R_100,567.59
1778141038,R_100,567.67
1778141040,R_100,567.56
1778141042,R_100,567.35
1778141044,R_100,567.32
1778141046,R_100,567.28
1778141048,R_100,567.37
1778141050,R_100,567.18
1778141052,R_100,567.11
1778141054,R_100,567.33
1778141056,R_100,567.32
1778141058,R_100,567.29
1778141060,R_100,567.15
1778141062,R_100,567.08
1778141064,R_100,567.1
1778141066,R_100,567.27
1778141068,R_100,567.35
1778141070,R_100,567.43
1778141072,R_100,567.43
1778141074,R_100,567.31
1778141076,R_100,567.22
1778141078,R_100,567.25
1778141080,R_100,567.21
1778141082,R_100,567.39
1778141084,R_100,567.58
1778141086,R_100,567.42
1778141088,R_100,567.54
1778141090,R_100,567.47
1778141092,R_100,567.52
1778141094,R_100,567.58
1778141096,R_100,567.47
1778141098,R_100,567.52
1778141100,R_100,567.34
1778141102,R_100,567.23
1778141104,R_100,567.17
1778141106,R_100,567.17
1778141108,R_100,567.04
1778141110,R_100,567.09
1778141112,R_100,567.01
1778141114,R_100,566.91
1778141116,R_100,566.78
1778141118,R_100,566.68
1778141120,R_100,566.72
1778141122,R_100,566.96
1778141124,R_100,566.94
1778141126,R_100,566.91
1778141128,R_100,566.99
1778141130,R_100,566.98
1778141132,R_100,566.95
1778141134,R_100,566.82
1778141136,R_100,566.69
1778141138,R_100,566.67
1778141140,R_100,566.98
1778141142,R_100,566.87
1778141144,R_100,566.86
1778141146,R_100,566.83
1778141148,R_100,566.67
1778141150,R_100,566.73
1778141152,R_100,566.8
1778141154,R_100,566.6
1778141156,R_100,566.48
1778141158,R_100,566.45
1778141160,R_100,566.35
1778141162,R_100,566.27
1778141164,R_100,566.27
1778141166,R_100,566.42
1778141168,R_100,566.63
1778141170,R_100,566.45
1778141172,R_100,566.56
1778141174,R_100,566.51
1778141176,R_100,566.33
1778141178,R_100,566.37
1778141180,R_100,566.38
1778141182,R_100,566.37
1778141184,R_100,566.57
1778141186,R_100,566.54
1778141188,R_100,566.63
1778141190,R_100,566.7
1778141192,R_100,566.92
1778141194,R_100,566.97
1778141196,R_100,566.93
1778141198,R_100,566.64
1778141200,R_100,566.7
1778141202,R_100,566.66
1778141204,R_100,566.88
1778141206,R_100,566.85
1778141208,R_100,566.5
1778141210,R_100,566.64
1778141212,R_100,566.68
1778141214,R_100,566.56
1778141216,R_100,566.61
1778141218,R_100,566.56
1778141220,R_100,566.6
1778141222,R_100,566.39
1778141224,R_100,566.46
1778141226,R_100,566.54
1778141228,R_100,566.65
1778141230,R_100,566.44
1778141232,R_100,566.74
1778141234,R_100,566.68
1778141236,R_100,566.98
1778141238,R_100,567.23
1778141240,R_100,567.2
1778141242,R_100,567.13
1778141244,R_100,567.22
1778141246,R_100,567.42
1778141248,R_100,567.22
1778141250,R_100,567.36
1778141252,R_100,567.33
1778141254,R_100,567.18
1778141256,R_100,567.12
1778141258,R_100,567.09
1778141260,R_100,567.13
1778141262,R_100,567.43
1778141264,R_100,567.44
1778141266,R_100,567.53
1778141268,R_100,567.64
1778141270,R_100,567.45
1778141272,R_100,567.55
1778141274,R_100,567.55
1778141276,R_100,567.53
1778141278,R_100,567.71
1778141280,R_100,567.9
1778141282,R_100,567.76
1778141284,R_100,567.85
1778141286,R_100,567.5
1778141288,R_100,567.54
1778141290,R_100,567.58
1778141292,R_100,567.56
1778141294,R_100,567.45
1778141296,R_100,567.48
1778141298,R_100,567.63
1778141300,R_100,567.84
1778141302,R_100,567.69
1778141304,R_100,567.82
1778141306,R_100,567.83
1778141308,R_100,567.64
1778141310,R_100,567.72
1778141312,R_100,567.4
1778141314,R_100,567.19
1778141316,R_100,567.26
1778141318,R_100,567.4
1778141320,R_100,567.37
1778141322,R_100,567.52
1778141324,R_100,567.37
1778141326,R_100,567.25
1778141328,R_100,567.46
1778141330,R_100,567.53
1778141332,R_100,567.6
1778141334,R_100,567.66
1778141336,R_100,567.62
1778141338,R_100,567.84
1778141340,R_100,567.79
1778141342,R_100,567.88
1778141344,R_100,567.78
1778141346,R_100,567.9
1778141348,R_100,567.92
1778141350,R_100,567.93
1778141352,R_100,567.77
1778141354,R_100,567.72
1778141356,R_100,567.83
1778141358,R_100,567.87
1778141360,R_100,567.85
1778141362,R_100,567.72
1778141364,R_100,567.81
1778141366,R_100,567.82
1778141368,R_100,567.96
1778141370,R_100,567.87
1778141372,R_100,567.91
1778141374,R_100,567.88
1778141376,R_100,567.93
1778141378,R_100,568.06
1778141380,R_100,568.29
1778141382,R_100,568.03
1778141384,R_100,567.83
1778141386,R_100,567.88
1778141388,R_100,567.65
1778141390,R_100,567.82
1778141392,R_100,567.73
1778141394,R_100,567.51
1778141396,R_100,567.32
1778141398,R_100,567.7
1778141400,R_100,567.93
1778141402,R_100,567.99
1778141404,R_100,567.91
1778141406,R_100,567.87
1778141408,R_100,567.67
1778141410,R_100,567.61
1778141412,R_100,567.82
1778141414,R_100,567.82
1778141416,R_100,567.83
1778141418,R_100,567.63
1778141420,R_100,567.72
1778141422,R_100,567.6
1778141424,R_100,567.88
1778141426,R_100,567.72
1778141428,R_100,567.93
1778141430,R_100,567.82
1778141432,R_100,567.88
1778141434,R_100,567.7
1778141436,R_100,567.67
1778141438,R_100,567.65
1778141440,R_100,567.65
1778141442,R_100,567.75
1778141444,R_100,567.81
1778141446,R_100,567.93
1778141448,R_100,568.01
1778141450,R_100,568.26
1778141452,R_100,568.41
1778141454,R_100,568.56
1778141456,R_100,568.63
1778141458,R_100,568.34
1778141460,R_100,568.29
1778141462,R_100,568
1778141464,R_100,568.12
1778141466,R_100,568.16
1778141468,R_100,568.1
1778141470,R_100,567.92
1778141472,R_100,567.82
1778141474,R_100,567.94
1778141476,R_100,567.99
1778141478,R_100,567.98
1778141480,R_100,567.92
1778141482,R_100,567.9
1778141484,R_100,567.69
1778141486,R_100,567.64
1778141488,R_100,567.62
1778141490,R_100,567.92
1778141492,R_100,567.83
1778141494,R_100,567.67
1778141496,R_100,567.66
1778141498,R_100,567.83
1778141500,R_100,567.92
1778141502,R_100,568.04
1778141504,R_100,567.8
1778141506,R_100,567.56
1778141508,R_100,567.43
1778141510,R_100,567.39
1778141512,R_100,567.55
1778141514,R_100,567.61
1778141516,R_100,567.69
1778141518,R_100,567.85
1778141520,R_100,567.91
1778141522,R_100,567.98
1778141524,R_100,568.2
1778141526,R_100,568.12
1778141528,R_100,568.33
1778141530,R_100,568.18
1778141532,R_100,567.93
1778141534,R_100,567.79
1778141536,R_100,567.64
1778141538,R_100,567.22
1778141540,R_100,567.42
1778141542,R_100,567.62
1778141544,R_100,567.4
1778141546,R_100,567.49
1778141548,R_100,567.64
1778141550,R_100,567.5
1778141552,R_100,567.58
1778141554,R_100,567.55
1778141556,R_100,567.47
1778141558,R_100,567.51
1778141560,R_100,567.68
1778141562,R_100,567.64
1778141564,R_100,567.66
1778141566,R_100,567.73
1778141568,R_100,567.74
1778141570,R_100,567.87
1778141572,R_100,567.86
1778141574,R_100,567.91
1778141576,R_100,567.99
1778141578,R_100,567.94
1778141580,R_100,568
1778141582,R_100,568.12
1778141584,R_100,568.11
1778141586,R_100,568.08
1778141588,R_100,567.97
1778141590,R_100,567.74
1778141592,R_100,567.73
1778141594,R_100,567.4
1778141596,R_100,567.35
1778141598,R_100,567.35
1778141600,R_100,567.25
1778141602,R_100,567.22
1778141604,R_100,567.39
1778141606,R_100,567.38
1778141608,R_100,567.32
1778141610,R_100,567.42
1778141612,R_100,567.5
1778141614,R_100,567.48
1778141616,R_100,567.3
1778141618,R_100,567.28
1778141620,R_100,567.05
1778141622,R_100,567.11
1778141624,R_100,567.19
1778141626,R_100,567.33
1778141628,R_100,567.35
1778141630,R_100,567.3
1778141632,R_100,567.27
1778141634,R_100,567.44
1778141636,R_100,567.49
1778141638,R_100,567.44
1778141640,R_100,567.36
1778141642,R_100,567.24
1778141644,R_100,567.64
1778141646,R_100,567.66
1778141648,R_100,567.42
1778141650,R_100,567.36
1778141652,R_100,567.23
1778141654,R_100,566.78
1778141656,R_100,566.9
1778141658,R_100,567.05
1778141660,R_100,567
1778141662,R_100,566.86
1778141664,R_100,566.75
1778141666,R_100,566.74
1778141668,R_100,566.67
1778141670,R_100,566.53
1778141672,R_100,566.67
1778141674,R_100,566.75
1778141676,R_100,566.98
1778141678,R_100,567.14
1778141680,R_100,567.1
1778141682,R_100,567.04
1778141684,R_100,567.34
1778141686,R_100,567.15
1778141688,R_100,567.09
1778141690,R_100,567.2
1778141692,R_100,567.31
1778141694,R_100,567.21
1778141696,R_100,567.13
1778141698,R_100,567.14
1778141700,R_100,567.27
1778141702,R_100,567.34
1778141704,R_100,567.14
1778141706,R_100,567.07
1778141708,R_100,567.19
1778141710,R_100,567.34
1778141712,R_100,567.36
1778141714,R_100,567.39
1778141716,R_100,567.11
1778141718,R_100,567.25
1778141720,R_100,567.29
1778141722,R_100,567.34
1778141724,R_100,567.58
1778141726,R_100,567.54
1778141728,R_100,567.88
1778141730,R_100,567.81
1778141732,R_100,568.13
1778141734,R_100,568.12
1778141736,R_100,568.13
1778141738,R_100,568.02
1778141740,R_100,567.95
1778141742,R_100,568.09
1778141744,R_100,568.04
1778141746,R_100,567.98
1778141748,R_100,567.69
1778141750,R_100,567.74
1778141752,R_100,567.62
1778141754,R_100,567.64
1778141756,R_100,567.52
1778141758,R_100,567.62
1778141760,R_100,567.58
1778141762,R_100,567.56
1778141764,R_100,567.55
1778141766,R_100,567.7
1778141768,R_100,567.92
1778141770,R_100,568.15
1778141772,R_100,568.21
1778141774,R_100,568.3
1778141776,R_100,567.87
1778141778,R_100,567.86
1778141780,R_100,567.89
1778141782,R_100,567.91
1778141784,R_100,568.15
1778141786,R_100,568.06
1778141788,R_100,567.79
1778141790,R_100,567.84
1778141792,R_100,567.88
1778141794,R_100,568.04
1778141796,R_100,568.13
1778141798,R_100,568.26
1778141800,R_100,568.17
1778141802,R_100,568.38
1778141804,R_100,568.25
1778141806,R_100,568.17
1778141808,R_100,568.11
1778141810,R_100,568.06
1778141812,R_100,568.02
1778141814,R_100,568.08
1778141816,R_100,567.98
1778141818,R_100,568.03
1778141820,R_100,567.98
1778141822,R_100,568.14
1778141824,R_100,568.07
1778141826,R_100,568.04
1778141828,R_100,568.16
1778141830,R_100,568.17
1778141832,R_100,568.02
1778141834,R_100,567.87
1778141836,R_100,567.95
1778141838,R_100,568.35
1778141840,R_100,568.34
1778141842,R_100,568.44
1778141844,R_100,568.62
1778141846,R_100,568.52
1778141848,R_100,568.6
1778141850,R_100,568.71
1778141852,R_100,568.49
1778141854,R_100,568.47
1778141856,R_100,568.69
1778141858,R_100,568.58
1778141860,R_100,568.52
1778141862,R_100,568.66
1778141864,R_100,568.57
1778141866,R_100,568.67
1778141868,R_100,568.86
1778141870,R_100,568.63
1778141872,R_100,568.65
1778141874,R_100,568.32
1778141876,R_100,568.28
1778141878,R_100,568.17
1778141880,R_100,568.24
1778141882,R_100,568.06
1778141884,R_100,568.2
1778141886,R_100,567.91
1778141888,R_100,568.22
1778141890,R_100,568.13
1778141892,R_100,567.99
1778141894,R_100,568.05
1778141896,R_100,567.97
1778141898,R_100,567.93
1778141900,R_100,567.8
1778141902,R_100,567.95
1778141904,R_100,567.78
1778141906,R_100,567.65
1778141908,R_100,567.75
1778141910,R_100,567.88
1778141912,R_100,567.78
1778141914,R_100,567.85
1778141916,R_100,567.99
1778141918,R_100,567.94
1778141920,R_100,568.02
1778141922,R_100,567.83
1778141924,R_100,567.88
1778141926,R_100,567.84
1778141928,R_100,567.54
1778141930,R_100,567.81
1778141932,R_100,567.54
1778141934,R_100,567.61
1778141936,R_100,567.57
1778141938,R_100,567.6
1778141940,R_100,567.49
1778141942,R_100,567.63
1778141944,R_100,567.34
1778141946,R_100,567.21
1778141948,R_100,567.21
1778141950,R_100,567.19
1778141952,R_100,567.36
1778141954,R_100,567.52
1778141956,R_100,567.51
1778141958,R_100,567.79
1778141960,R_100,567.64
1778141962,R_100,567.85
1778141964,R_100,567.92
1778141966,R_100,567.81
1778141968,R_100,567.76
1778141970,R_100,567.79
1778141972,R_100,567.89
1778141974,R_100,567.88
1778141976,R_100,568.06
1778141978,R_100,567.93
1778141980,R_100,567.96
1778141982,R_100,568.02
1778141984,R_100,568.07
1778141986,R_100,568.24
1778141988,R_100,568.23
1778141990,R_100,568.19
1778141992,R_100,568.13
1778141994,R_100,568
1778141996,R_100,567.86
1778141998,R_100,567.99
1778142000,R_100,568.02
1778142002,R_100,567.81
1778142004,R_100,567.77
1778142006,R_100,567.85
1778142008,R_100,568.08
1778142010,R_100,568.2
1778142012,R_100,568.39
1778142014,R_100,568.34
1778142016,R_100,568.49
1778142018,R_100,568.59
1778142020,R_100,568.34
1778142022,R_100,568.26
1778142024,R_100,567.99
1778142026,R_100,568.02
1778142028,R_100,568.09
1778142030,R_100,567.96
1778142032,R_100,568.09
1778142034,R_100,567.91
1778142036,R_100,567.67
1778142038,R_100,567.71
1778142040,R_100,567.58
1778142042,R_100,567.4
1778142044,R_100,567.3
1778142046,R_100,567.23
1778142048,R_100,567.3
1778142050,R_100,567.5
1778142052,R_100,567.76
1778142054,R_100,567.76
1778142056,R_100,567.67
1778142058,R_100,567.61
1778142060,R_100,567.7
1778142062,R_100,567.67
1778142064,R_100,567.43
1778142066,R_100,567.49
1778142068,R_100,567.5
1778142070,R_100,567.46
1778142072,R_100,567.18
1778142074,R_100,566.95
1778142076,R_100,566.87
1778142078,R_100,566.59
1778142080,R_100,566.46
1778142082,R_100,566.2
1778142084,R_100,566.22
1778142086,R_100,566.12
1778142088,R_100,566.29
1778142090,R_100,566.46
1778142092,R_100,566.37
1778142094,R_100,566.31
1778142096,R_100,566.15
1778142098,R_100,566.03
1778142100,R_100,566.25
1778142102,R_100,566.09
1778142104,R_100,566.34
1778142106,R_100,566.28
1778142108,R_100,566.47
1778142110,R_100,566.49
1778142112,R_100,566.85
1778142114,R_100,566.79
1778142116,R_100,566.83
1778142118,R_100,566.97
1778142120,R_100,566.96
1778142122,R_100,566.93
1778142124,R_100,566.83
1778142126,R_100,566.57
1778142128,R_100,566.86
1778142130,R_100,566.79
1778142132,R_100,566.77
1778142134,R_100,566.6
1778142136,R_100,566.61
1778142138,R_100,566.59
1778142140,R_100,566.5
1778142142,R_100,566.25
1778142144,R_100,566.29
1778142146,R_100,566.14
1778142148,R_100,566.32
1778142150,R_100,566.16
1778142152,R_100,566.11
1778142154,R_100,566.22
1778142156,R_100,566.38
1778142158,R_100,566.2
1778142160,R_100,566.45
1778142162,R_100,566.56
1778142164,R_100,566.62
1778142166,R_100,566.37
1778142168,R_100,566.64
1778142170,R_100,566.81
1778142172,R_100,566.79
1778142174,R_100,566.81
1778142176,R_100,566.66
1778142178,R_100,566.59
1778142180,R_100,566.41
1778142182,R_100,566.25
1778142184,R_100,566.04
1778142186,R_100,566.09
1778142188,R_100,566.08
1778142190,R_100,566.1
1778142192,R_100,566.1
1778142194,R_100,566.13
1778142196,R_100,566.12
1778142198,R_100,566.17
1778142200,R_100,565.86
1778142202,R_100,565.93
1778142204,R_100,565.96
1778142206,R_100,566.05
1778142208,R_100,566.18
1778142210,R_100,566.36
1778142212,R_100,566.18
1778142214,R_100,566.25
1778142216,R_100,566.21
1778142218,R_100,566.41
1778142220,R_100,566.52
1778142222,R_100,566.53
1778142224,R_100,566.5
1778142226,R_100,566.45
1778142228,R_100,566.41
1778142230,R_100,566.43
1778142232,R_100,566.05
1778142234,R_100,566.27
1778142236,R_100,566.25
1778142238,R_100,566.22
1778142240,R_100,566.43
1778142242,R_100,566.3
1778142244,R_100,566.37
1778142246,R_100,566.47
1778142248,R_100,566.7
1778142250,R_100,566.84
1778142252,R_100,566.88
1778142254,R_100,566.95
1778142256,R_100,566.86
1778142258,R_100,566.54
1778142260,R_100,566.33
1778142262,R_100,566.51
1778142264,R_100,566.35
1778142266,R_100,566.14
1778142268,R_100,566.14
1778142270,R_100,566.28
1778142272,R_100,566.26
1778142274,R_100,566.45
1778142276,R_100,566.24
1778142278,R_100,566.22
1778142280,R_100,566.41
1778142282,R_100,566.61
1778142284,R_100,566.51
1778142286,R_100,566.58
1778142288,R_100,566.82
1778142290,R_100,566.74
1778142292,R_100,566.85
1778142294,R_100,566.52
1778142296,R_100,566.38
1778142298,R_100,566.49
1778142300,R_100,566.55
1778142302,R_100,566.48
1778142304,R_100,566.61
1778142306,R_100,566.55
1778142308,R_100,566.24
1778142310,R_100,566.35
1778142312,R_100,566.48
1778142314,R_100,566.44
1778142316,R_100,566.47
1778142318,R_100,566.39
1778142320,R_100,566.35
1778142322,R_100,566.21
1778142324,R_100,566.37
1778142326,R_100,566.34
1778142328,R_100,566.42
1778142330,R_100,566.52
1778142332,R_100,566.24
1778142334,R_100,566.39
1778142336,R_100,566.22
1778142338,R_100,566.16
1778142340,R_100,566.27
1778142342,R_100,565.99
1778142344,R_100,565.82
1778142346,R_100,565.68
1778142348,R_100,565.57
1778142350,R_100,565.6
1778142352,R_100,565.7
1778142354,R_100,565.65
1778142356,R_100,565.73
1778142358,R_100,565.59
1778142360,R_100,565.47
1778142362,R_100,565.45
1778142364,R_100,565.38
1778142366,R_100,565.42
1778142368,R_100,565.35
1778142370,R_100,565.58
1778142372,R_100,565.31
1778142374,R_100,565.32
1778142376,R_100,565.25
1778142378,R_100,565.46
1778142380,R_100,565.38
1778142382,R_100,565.36
1778142384,R_100,565.14
1778142386,R_100,565.15
1778142388,R_100,565.48
1778142390,R_100,565.47
1778142392,R_100,565.3
1778142394,R_100,565.15
1778142396,R_100,565.1
1778142398,R_100,564.92
1778142400,R_100,564.78
1778142402,R_100,564.61
1778142404,R_100,564.59
1778142406,R_100,564.75
1778142408,R_100,564.94
1778142410,R_100,564.78
1778142412,R_100,564.86
1778142414,R_100,564.92
1778142416,R_100,565.12
1778142418,R_100,565.06
1778142420,R_100,565.16
1778142422,R_100,565.3
1778142424,R_100,565.42
1778142426,R_100,565.21
1778142428,R_100,565.02
1778142430,R_100,564.83
1778142432,R_100,564.79
1778142434,R_100,564.93
1778142436,R_100,564.98
1778142438,R_100,565
1778142440,R_100,565.08
1778142442,R_100,565.09
1778142444,R_100,565.14
1778142446,R_100,565
1778142448,R_100,565.07
1778142450,R_100,565.17
1778142452,R_100,565.02
1778142454,R_100,565.02
1778142456,R_100,564.97
1778142458,R_100,564.69
1778142460,R_100,564.54
1778142462,R_100,564.38
1778142464,R_100,564.47
1778142466,R_100,564.26
1778142468,R_100,564.18
1778142470,R_100,564.14
1778142472,R_100,564.08
1778142474,R_100,564.01
1778142476,R_100,564.09
1778142478,R_100,564.18
1778142480,R_100,564.47
1778142482,R_100,564.44
1778142484,R_100,564.69
1778142486,R_100,564.71
1778142488,R_100,564.7
1778142490,R_100,564.8
1778142492,R_100,564.84
1778142494,R_100,564.63
1778142496,R_100,564.57
1778142498,R_100,564.36
1778142500,R_100,564.28
1778142502,R_100,564.19
1778142504,R_100,564.11
1778142506,R_100,564.34
1778142508,R_100,564.66
1778142510,R_100,564.89
1778142512,R_100,565.03
1778142514,R_100,564.93
1778142516,R_100,565.03
1778142518,R_100,565.19
1778142520,R_100,565.03
1778142522,R_100,564.91
1778142524,R_100,564.92
1778142526,R_100,564.89
1778142528,R_100,564.75
1778142530,R_100,564.73
1778142532,R_100,564.51
1778142534,R_100,564.38
1778142536,R_100,564.45
1778142538,R_100,564.52
1778142540,R_100,564.52
1778142542,R_100,564.56
1778142544,R_100,564.5
1778142546,R_100,564.23
1778142548,R_100,564.23
1778142550,R_100,564.26
1778142552,R_100,564.16
1778142554,R_100,564.12
1778142556,R_100,564.05
1778142558,R_100,564.2
1778142560,R_100,564.27
1778142562,R_100,564.16
1778142564,R_100,564.05
1778142566,R_100,564.21
1778142568,R_100,564.36
1778142570,R_100,564.3
1778142572,R_100,564.42
1778142574,R_100,564.51
1778142576,R_100,564.57
1778142578,R_100,564.43
1778142580,R_100,564.31
1778142582,R_100,563.96
1778142584,R_100,563.64
1778142586,R_100,563.61
1778142588,R_100,563.59
1778142590,R_100,563.67
1778142592,R_100,563.78
1778142594,R_100,563.91
1778142596,R_100,563.98
1778142598,R_100,564.18
1778142600,R_100,564.23
1778142602,R_100,564.31
1778142604,R_100,564.33
1778142606,R_100,564.45
1778142608,R_100,564.52
1778142610,R_100,564.41
1778142612,R_100,564.25
1778142614,R_100,564.45
1778142616,R_100,564.36
1778142618,R_100,564.39
1778142620,R_100,564.56
1778142622,R_100,564.75
1778142624,R_100,564.82
1778142626,R_100,564.86
1778142628,R_100,564.94
1778142630,R_100,565.15
1778142632,R_100,565.16
1778142634,R_100,564.91
1778142636,R_100,565.18
1778142638,R_100,565.03
1778142640,R_100,565.15
1778142642,R_100,565.35
1778142644,R_100,565.67
1778142646,R_100,565.69
1778142648,R_100,565.78
1778142650,R_100,565.85
1778142652,R_100,566.2
1778142654,R_100,566.12
1778142656,R_100,566.15
1778142658,R_100,565.95
1778142660,R_100,566.07
1778142662,R_100,566.3
1778142664,R_100,566.41
1778142666,R_100,566.32
1778142668,R_100,566.09
1778142670,R_100,566.01
1778142672,R_100,566.06
1778142674,R_100,566.16
1778142676,R_100,566.11
1778142678,R_100,566.11
1778142680,R_100,566.09
1778142682,R_100,566.27
1778142684,R_100,566.19
1778142686,R_100,566.18
1778142688,R_100,566.05
1778142690,R_100,566.03
1778142692,R_100,566.29
1778142694,R_100,566.38
1778142696,R_100,566.29
1778142698,R_100,566.03
1778142700,R_100,566
1778142702,R_100,565.84
1778142704,R_100,566.03
1778142706,R_100,566.01
1778142708,R_100,566.2
1778142710,R_100,566.15
1778142712,R_100,566.21
1778142714,R_100,566.12
1778142716,R_100,566.18
1778142718,R_100,566.25
1778142720,R_100,566.17
1778142722,R_100,565.9
1778142724,R_100,566.07
1778142726,R_100,566.2
1778142728,R_100,566.29
1778142730,R_100,566.41
1778142732,R_100,566.34
1778142734,R_100,566.51
1778142736,R_100,566.45
1778142738,R_100,566.48
1778142740,R_100,566.42
1778142742,R_100,566.41
1778142744,R_100,566.41
1778142746,R_100,566.38
1778142748,R_100,566.36
1778142750,R_100,566.45
1778142752,R_100,566.69
1778142754,R_100,566.64
1778142756,R_100,566.38
1778142758,R_100,566.43
1778142760,R_100,566.71
1778142762,R_100,566.98
1778142764,R_100,567.01
1778142766,R_100,567.04
1778142768,R_100,566.94
1778142770,R_100,567
1778142772,R_100,567.14
1778142774,R_100,567.38
1778142776,R_100,567.64
1778142778,R_100,567.53
1778142780,R_100,567.7
1778142782,R_100,567.69
1778142784,R_100,567.59
1778142786,R_100,567.7
1778142788,R_100,567.63
1778142790,R_100,567.41
1778142792,R_100,567.51
1778142794,R_100,567.43
1778142796,R_100,567.65
1778142798,R_100,567.57
1778142800,R_100,567.66
1778142802,R_100,567.73
1778142804,R_100,567.98
1778142806,R_100,567.92
1778142808,R_100,567.9
1778142810,R_100,567.99
1778142812,R_100,567.99
1778142814,R_100,567.93
1778142816,R_100,567.86
1778142818,R_100,567.85
1778142820,R_100,567.9
1778142822,R_100,567.85
1778142824,R_100,567.84
1778142826,R_100,567.81
1778142828,R_100,567.9
1778142830,R_100,567.82
1778142832,R_100,567.8
1778142834,R_100,567.92
1778142836,R_100,567.83
1778142838,R_100,567.71
1778142840,R_100,567.68
1778142842,R_100,567.55
1778142844,R_100,567.63
1778142846,R_100,567.62
1778142848,R_100,567.39
1778142850,R_100,567.62
1778142852,R_100,567.61
1778142854,R_100,567.65
1778142856,R_100,567.82
1778142858,R_100,567.74
1778142860,R_100,567.56
1778142862,R_100,567.45
1778142864,R_100,567.51
1778142866,R_100,567.56
1778142868,R_100,567.53
1778142870,R_100,567.46
1778142872,R_100,567.56
1778142874,R_100,567.66
1778142876,R_100,567.67
1778142878,R_100,567.95
1778142880,R_100,567.95
1778142882,R_100,568.18
1778142884,R_100,568.09
1778142886,R_100,567.95
1778142888,R_100,567.98
1778142890,R_100,567.9
1778142892,R_100,568.03
1778142894,R_100,568.11
1778142896,R_100,568.12
1778142898,R_100,567.89
1778142900,R_100,567.92
1778142902,R_100,567.77
1778142904,R_100,567.98
1778142906,R_100,567.78
1778142908,R_100,567.55
1778142910,R_100,567.54
1778142912,R_100,567.19
1778142914,R_100,567.18
1778142916,R_100,567.16
1778142918,R_100,567.4
1778142920,R_100,567.5
1778142922,R_100,567.64
1778142924,R_100,567.66
1778142926,R_100,567.63
1778142928,R_100,567.65
1778142930,R_100,567.62
1778142932,R_100,567.61
1778142934,R_100,567.64
1778142936,R_100,567.46
1778142938,R_100,567.42
1778142940,R_100,567.42
1778142942,R_100,567.3
1778142944,R_100,567.36
1778142946,R_100,567.2
1778142948,R_100,567.23
1778142950,R_100,567.01
1778142952,R_100,566.95
1778142954,R_100,566.86
1778142956,R_100,567.09
1778142958,R_100,567.03
1778142960,R_100,567.11
1778142962,R_100,567.21
1778142964,R_100,566.95
1778142966,R_100,566.94
1778142968,R_100,567.04
1778142970,R_100,567.22
1778142972,R_100,567.26
1778142974,R_100,567.45
1778142976,R_100,567.37
1778142978,R_100,567.44
1778142980,R_100,567.45
1778142982,R_100,567.3
1778142984,R_100,567.33
1778142986,R_100,567.33
1778142988,R_100,567.39
1778142990,R_100,567.51
1778142992,R_100,567.16
1778142994,R_100,567.1
1778142996,R_100,566.97
1778142998,R_100,566.88
1778143000,R_100,566.98
1778143002,R_100,567.12
1778143004,R_100,567.17
1778143006,R_100,567.13
1778143008,R_100,567.15
1778143010,R_100,567.06
1778143012,R_100,567.14
1778143014,R_100,567.19
1778143016,R_100,567.06
1778143018,R_100,566.98
1778143020,R_100,566.99
1778143022,R_100,567.02
1778143024,R_100,567.12
1778143026,R_100,567.03
1778143028,R_100,566.98
1778143030,R_100,567
1778143032,R_100,566.87
1778143034,R_100,566.92
1778143036,R_100,566.98
1778143038,R_100,567
1778143040,R_100,567.07
1778143042,R_100,567.05
1778143044,R_100,566.82
1778143046,R_100,566.8
1778143048,R_100,567.1
1778143050,R_100,567.15
1778143052,R_100,567.11
1778143054,R_100,567.14
1778143056,R_100,567.15
1778143058,R_100,566.85
1778143060,R_100,566.64
1778143062,R_100,566.81
1778143064,R_100,566.75
1778143066,R_100,566.97
1778143068,R_100,566.9
1778143070,R_100,566.79
1778143072,R_100,566.97
1778143074,R_100,566.75
1778143076,R_100,566.77
1778143078,R_100,566.97
1778143080,R_100,566.84
1778143082,R_100,566.93
1778143084,R_100,567.09
1778143086,R_100,567.16
1778143088,R_100,567.07
1778143090,R_100,566.98
1778143092,R_100,566.94
1778143094,R_100,566.77
1778143096,R_100,566.58
1778143098,R_100,566.58
1778143100,R_100,566.71
1778143102,R_100,566.62
1778143104,R_100,566.73
1778143106,R_100,566.68
1778143108,R_100,566.84
1778143110,R_100,566.98
1778143112,R_100,566.9
1778143114,R_100,566.87
1778143116,R_100,566.66
1778143118,R_100,566.62
1778143120,R_100,566.59
1778143122,R_100,566.47
1778143124,R_100,566.5
1778143126,R_100,566.59
1778143128,R_100,566.62
1778143130,R_100,566.63
1778143132,R_100,566.79
1778143134,R_100,566.89
1778143136,R_100,566.89
1778143138,R_100,566.82
1778143140,R_100,566.62
1778143142,R_100,566.44
1778143144,R_100,566.41
1778143146,R_100,566.42
1778143148,R_100,566.46
1778143150,R_100,566.51
1778143152,R_100,566.48
1778143154,R_100,566.7
1778143156,R_100,566.55
1778143158,R_100,566.42
1778143160,R_100,566.27
1778143162,R_100,566.04
1778143164,R_100,566.11
1778143166,R_100,565.88
1778143168,R_100,565.89
1778143170,R_100,565.83
1778143172,R_100,565.78
1778143174,R_100,565.63
1778143176,R_100,565.71
1778143178,R_100,565.85
1778143180,R_100,565.74
1778143182,R_100,565.87
1778143184,R_100,565.92
1778143186,R_100,566.13
1778143188,R_100,566.27
1778143190,R_100,566.56
1778143192,R_100,566.37
1778143194,R_100,566.57
1778143196,R_100,566.46
1778143198,R_100,566.36
1778143200,R_100,566.57
1778143202,R_100,566.46
1778143204,R_100,566.29
1778143206,R_100,566.12
1778143208,R_100,566.49
1778143210,R_100,566.76
1778143212,R_100,566.78
1778143214,R_100,566.69
1778143216,R_100,566.89
1778143218,R_100,566.71
1778143220,R_100,566.66
1778143222,R_100,566.17
1778143224,R_100,565.9
1778143226,R_100,565.86
1778143228,R_100,565.97
1778143230,R_100,565.95
1778143232,R_100,565.99
1778143234,R_100,565.94
1778143236,R_100,565.88
1778143238,R_100,565.91
1778143240,R_100,565.76
1778143242,R_100,565.78
1778143244,R_100,565.8
1778143246,R_100,565.98
1778143248,R_100,565.91
1778143250,R_100,565.8
1778143252,R_100,566.01
1778143254,R_100,565.98
1778143256,R_100,565.85
1778143258,R_100,565.78
1778143260,R_100,565.58
1778143262,R_100,565.65
1778143264,R_100,565.69
1778143266,R_100,565.68
1778143268,R_100,565.7
1778143270,R_100,565.6
1778143272,R_100,565.45
1778143274,R_100,565.48
1778143276,R_100,565.45
1778143278,R_100,565.68
1778143280,R_100,565.69
1778143282,R_100,565.66
1778143284,R_100,565.64
1778143286,R_100,565.31
1778143288,R_100,565.29
1778143290,R_100,565.36
1778143292,R_100,565.43
1778143294,R_100,565.37
1778143296,R_100,565.44
1778143298,R_100,565.17
1778143300,R_100,565.27
1778143302,R_100,565.39
1778143304,R_100,565.77
1778143306,R_100,565.76
1778143308,R_100,565.91
1778143310,R_100,566.2
1778143312,R_100,566.18
1778143314,R_100,566.49
1778143316,R_100,566.5
1778143318,R_100,566.57
1778143320,R_100,566.62
1778143322,R_100,566.52
1778143324,R_100,566.43
1778143326,R_100,566.58
1778143328,R_100,566.79
1778143330,R_100,566.7
1778143332,R_100,566.66
1778143334,R_100,566.68
1778143336,R_100,566.47
1778143338,R_100,566.69
1778143340,R_100,566.53
1778143342,R_100,566.58
1778143344,R_100,566.47
1778143346,R_100,566.49
1778143348,R_100,566.57
1778143350,R_100,566.64
1778143352,R_100,566.73
1778143354,R_100,566.63
1778143356,R_100,566.79
1778143358,R_100,566.49
1778143360,R_100,566.66
1778143362,R_100,566.58
1778143364,R_100,566.54
1778143366,R_100,566.46
1778143368,R_100,566.4
1778143370,R_100,566.16
1778143372,R_100,566.13
1778143374,R_100,565.98
1778143376,R_100,565.85
1778143378,R_100,566.02
1778143380,R_100,565.99
1778143382,R_100,566.14
1778143384,R_100,566.05
1778143386,R_100,565.98
1778143388,R_100,566.18
1778143390,R_100,566.16
1778143392,R_100,566.09
1778143394,R_100,566.13
1778143396,R_100,565.99
1778143398,R_100,566.21
1778143400,R_100,566.45
1778143402,R_100,566.51
1778143404,R_100,566.53
1778143406,R_100,566.62
1778143408,R_100,566.53
1778143410,R_100,566.47
1778143412,R_100,566.63
1778143414,R_100,566.6
1778143416,R_100,566.61
1778143418,R_100,566.54
1778143420,R_100,566.63
1778143422,R_100,566.65
1778143424,R_100,566.59
1778143426,R_100,566.64
1778143428,R_100,566.69
1778143430,R_100,566.85
1778143432,R_100,566.85
1778143434,R_100,566.67
1778143436,R_100,566.67
1778143438,R_100,566.79
1778143440,R_100,566.92
1778143442,R_100,567.09
1778143444,R_100,566.98
1778143446,R_100,566.99
1778143448,R_100,567.19
1778143450,R_100,567.09
1778143452,R_100,566.9
1778143454,R_100,567.06
1778143456,R_100,567.05
1778143458,R_100,567.13
1778143460,R_100,567.38
1778143462,R_100,567.31
1778143464,R_100,567.33
1778143466,R_100,567.39
1778143468,R_100,567.51
1778143470,R_100,567.54
1778143472,R_100,567.69
1778143474,R_100,567.63
1778143476,R_100,567.46
1778143478,R_100,567.32
1778143480,R_100,567.12
1778143482,R_100,567.2
1778143484,R_100,567.34
1778143486,R_100,567.16
1778143488,R_100,567.21
1778143490,R_100,567.23
1778143492,R_100,567.29
1778143494,R_100,567.33
1778143496,R_100,567.3
1778143498,R_100,567.17
1778143500,R_100,567.27
1778143502,R_100,567.31
1778143504,R_100,567.36
1778143506,R_100,567.37
1778143508,R_100,567.29
1778143510,R_100,567.33
1778143512,R_100,567.45
1778143514,R_100,567.32
1778143516,R_100,567.39
1778143518,R_100,567.66
1778143520,R_100,567.88
1778143522,R_100,567.75
1778143524,R_100,567.69
1778143526,R_100,567.68
1778143528,R_100,567.68
1778143530,R_100,567.78
1778143532,R_100,567.64
1778143534,R_100,567.62
1778143536,R_100,567.37
1778143538,R_100,567.42
1778143540,R_100,567.35
1778143542,R_100,567.28
1778143544,R_100,567.5
1778143546,R_100,567.44
1778143548,R_100,567.41
1778143550,R_100,567.28
1778143552,R_100,567.11
1778143554,R_100,567.14
1778143556,R_100,567.29
1778143558,R_100,567.24
1778143560,R_100,567.26
1778143562,R_100,567.15
1778143564,R_100,567.03
1778143566,R_100,567.04
1778143568,R_100,567.11
1778143570,R_100,567.09
1778143572,R_100,567.1
1778143574,R_100,567.09
1778143576,R_100,566.98
1778143578,R_100,567.14
1778143580,R_100,567.13
1778143582,R_100,567.17
1778143584,R_100,567.12
1778143586,R_100,566.98
1778143588,R_100,567.13
1778143590,R_100,567.22
1778143592,R_100,567.15
1778143594,R_100,566.97
1778143596,R_100,566.87
1778143598,R_100,566.95
1778143600,R_100,567.17
1778143602,R_100,567.1
1778143604,R_100,567.24
1778143606,R_100,567.26
1778143608,R_100,567.25
1778143610,R_100,567.5
1778143612,R_100,567.56
1778143614,R_100,567.49
1778143616,R_100,567.41
1778143618,R_100,567.24
1778143620,R_100,567.24
1778143622,R_100,567.05
1778143624,R_100,567.14
1778143626,R_100,567.09
1778143628,R_100,567.28
1778143630,R_100,567.29
1778143632,R_100,567.1
1778143634,R_100,566.96
1778143636,R_100,566.92
1778143638,R_100,566.99
1778143640,R_100,567.09
1778143642,R_100,567.18
1778143644,R_100,567.4
1778143646,R_100,567.52
1778143648,R_100,567.66
1778143650,R_100,567.7
1778143652,R_100,567.6
1778143654,R_100,567.61
1778143656,R_100,567.58
1778143658,R_100,567.56
1778143660,R_100,567.52
1778143662,R_100,567.45
1778143664,R_100,567.17
1778143666,R_100,567.44
1778143668,R_100,567.5
1778143670,R_100,567.73
1778143672,R_100,567.99
1778143674,R_100,568.31
1778143676,R_100,568.43
1778143678,R_100,568.45
1778143680,R_100,568.28
1778143682,R_100,568.3
1778143684,R_100,568.21
1778143686,R_100,568.23
1778143688,R_100,568.07
1778143690,R_100,567.99
1778143692,R_100,568.12
1778143694,R_100,568.01
1778143696,R_100,568.13
1778143698,R_100,568.08
1778143700,R_100,567.95
1778143702,R_100,567.81
1778143704,R_100,567.81
1778143706,R_100,567.71
1778143708,R_100,568.01
1778143710,R_100,567.61
1778143712,R_100,567.55
1778143714,R_100,567.26
1778143716,R_100,567.34
1778143718,R_100,567.3
1778143720,R_100,567.4
1778143722,R_100,567.28
1778143724,R_100,567.28
1778143726,R_100,567.52
1778143728,R_100,567.57
1778143730,R_100,567.8
1778143732,R_100,567.74
1778143734,R_100,567.57
1778143736,R_100,567.82
1778143738,R_100,567.63
1778143740,R_100,567.64
1778143742,R_100,567.54
1778143744,R_100,567.5
1778143746,R_100,567.55
1778143748,R_100,567.68
1778143750,R_100,567.56
1778143752,R_100,567.45
1778143754,R_100,567.58
1778143756,R_100,567.36
1778143758,R_100,567.44
1778143760,R_100,567.21
1778143762,R_100,567.2
1778143764,R_100,567.1
1778143766,R_100,567.03
1778143768,R_100,566.97
1778143770,R_100,567.14
1778143772,R_100,567.22
1778143774,R_100,566.99
1778143776,R_100,566.99
1778143778,R_100,566.96
1778143780,R_100,567.06
1778143782,R_100,566.99
1778143784,R_100,566.97
1778143786,R_100,566.91
1778143788,R_100,566.8
1778143790,R_100,567.15
1778143792,R_100,566.99
1778143794,R_100,567.28
1778143796,R_100,567.33
1778143798,R_100,567.42
1778143800,R_100,567.25
1778143802,R_100,567.21
1778143804,R_100,567.25
1778143806,R_100,567.34
1778143808,R_100,567.32
1778143810,R_100,567.36
1778143812,R_100,567.29
1778143814,R_100,567.53
1778143816,R_100,567.51
1778143818,R_100,567.49
1778143820,R_100,567.47
1778143822,R_100,567.42
1778143824,R_100,567.58
1778143826,R_100,567.64
1778143828,R_100,567.54
1778143830,R_100,567.51
1778143832,R_100,567.48
1778143834,R_100,567.21
1778143836,R_100,567.24
1778143838,R_100,567.48
1778143840,R_100,567.54
1778143842,R_100,567.62
1778143844,R_100,567.6
1778143846,R_100,567.53
1778143848,R_100,567.2
1778143850,R_100,567.23
1778143852,R_100,567.35
1778143854,R_100,567.24
1778143856,R_100,567.25
1778143858,R_100,567.24
1778143860,R_100,567.11
1778143862,R_100,567.04
1778143864,R_100,567.07
1778143866,R_100,567.35
1778143868,R_100,567.33
1778143870,R_100,567.58
1778143872,R_100,567.36
1778143874,R_100,567.34
1778143876,R_100,567.21
1778143878,R_100,567.14
1778143880,R_100,567.17
1778143882,R_100,567.22
1778143884,R_100,567.14
1778143886,R_100,567.44
1778143888,R_100,567.46
1778143890,R_100,567.41
1778143892,R_100,567.45
1778143894,R_100,567.29
1778143896,R_100,567.5
1778143898,R_100,567.53
1778143900,R_100,567.53
1778143902,R_100,567.7
1778143904,R_100,567.49
1778143906,R_100,567.69
1778143908,R_100,567.62
1778143910,R_100,567.63
1778143912,R_100,567.73
1778143914,R_100,567.66
1778143916,R_100,567.6
1778143918,R_100,567.61
1778143920,R_100,567.59
1778143922,R_100,567.61
1778143924,R_100,567.54
1778143926,R_100,567.53
1778143928,R_100,567.66
1778143930,R_100,567.56
1778143932,R_100,567.43
1778143934,R_100,567.34
1778143936,R_100,567.23
1778143938,R_100,567.03
1778143940,R_100,566.88
1778143942,R_100,567.07
1778143944,R_100,567.03
1778143946,R_100,566.84
1778143948,R_100,566.59
1778143950,R_100,566.54
1778143952,R_100,566.53
1778143954,R_100,566.57
1778143956,R_100,566.41
1778143958,R_100,566.26
1778143960,R_100,566.27
1778143962,R_100,566.17
1778143964,R_100,566.19
1778143966,R_100,566.34
1778143968,R_100,566.62
1778143970,R_100,566.45
1778143972,R_100,566.4
1778143974,R_100,566.56
1778143976,R_100,566.41
1778143978,R_100,566.34
1778143980,R_100,566.65
1778143982,R_100,566.77
1778143984,R_100,566.72
1778143986,R_100,566.83
1778143988,R_100,566.88
1778143990,R_100,566.89
1778143992,R_100,566.88
1778143994,R_100,566.65
1778143996,R_100,566.47
1778143998,R_100,566.61
1778144000,R_100,566.64
1778144002,R_100,566.53
1778144004,R_100,566.78
1778144006,R_100,566.78
1778144008,R_100,566.63
1778144010,R_100,566.92
1778144012,R_100,567.03
1778144014,R_100,567.13
1778144016,R_100,567.03
1778144018,R_100,567.12
1778144020,R_100,567.2
1778144022,R_100,567.37
1778144024,R_100,567.33
1778144026,R_100,567.37
1778144028,R_100,567.45
1778144030,R_100,567.36
1778144032,R_100,567.34
1778144034,R_100,567.19
1778144036,R_100,567.19
1778144038,R_100,567.06
1778144040,R_100,567.02
1778144042,R_100,567.22
1778144044,R_100,567.01
1778144046,R_100,567
1778144048,R_100,567.08
1778144050,R_100,566.96
1778144052,R_100,567.01
1778144054,R_100,567.2
1778144056,R_100,567.29
1778144058,R_100,567.12
1778144060,R_100,567.04
1778144062,R_100,567.08
1778144064,R_100,567.1
1778144066,R_100,567.04
1778144068,R_100,567.04
1778144070,R_100,566.94
1778144072,R_100,566.89
1778144074,R_100,566.94
1778144076,R_100,567.46
1778144078,R_100,567.25
1778144080,R_100,567.12
1778144082,R_100,567.22
1778144084,R_100,567.19
1778144086,R_100,566.93
1778144088,R_100,566.83
1778144090,R_100,566.92
1778144092,R_100,566.94
1778144094,R_100,566.82
1778144096,R_100,566.58
1778144098,R_100,566.67
1778144100,R_100,566.78
1778144102,R_100,566.87
1778144104,R_100,566.97
1778144106,R_100,566.98
1778144108,R_100,566.8
1778144110,R_100,566.84
1778144112,R_100,567.04
1778144114,R_100,567.14
1778144116,R_100,567.28
1778144118,R_100,567
1778144120,R_100,566.84
1778144122,R_100,566.9
1778144124,R_100,566.88
1778144126,R_100,566.75
1778144128,R_100,566.69
1778144130,R_100,566.7
1778144132,R_100,566.68
1778144134,R_100,566.68
1778144136,R_100,566.67
1778144138,R_100,566.49
1778144140,R_100,566.42
1778144142,R_100,566.2
1778144144,R_100,566.22
1778144146,R_100,566.29
1778144148,R_100,566.18
1778144150,R_100,566.11
1778144152,R_100,566.41
1778144154,R_100,566.47
1778144156,R_100,566.53
1778144158,R_100,566.76
1778144160,R_100,567
1778144162,R_100,567.06
1778144164,R_100,567.03
1778144166,R_100,566.9
1778144168,R_100,566.97
1778144170,R_100,567.04
1778144172,R_100,567.02
1778144174,R_100,567
1778144176,R_100,566.98
1778144178,R_100,567.24
1778144180,R_100,567.12
1778144182,R_100,567.13
1778144184,R_100,567.06
1778144186,R_100,567.13
1778144188,R_100,566.9
1778144190,R_100,566.83
1778144192,R_100,567
1778144194,R_100,567.01
1778144196,R_100,566.9
1778144198,R_100,567
1778144200,R_100,566.86
1778144202,R_100,566.72
1778144204,R_100,566.87
1778144206,R_100,566.76
1778144208,R_100,566.88
1778144210,R_100,566.79
1778144212,R_100,566.93
1778144214,R_100,566.68
1778144216,R_100,567.12
1778144218,R_100,567.02
1778144220,R_100,567.13
1778144222,R_100,567.11
1778144224,R_100,566.86
1778144226,R_100,566.97
1778144228,R_100,566.98
1778144230,R_100,566.9
1778144232,R_100,566.85
1778144234,R_100,566.86
1778144236,R_100,566.71
1778144238,R_100,566.97
1778144240,R_100,566.95
1778144242,R_100,567.16
1778144244,R_100,567.23
1778144246,R_100,567.18
1778144248,R_100,567.32
1778144250,R_100,567.27
1778144252,R_100,567.42
1778144254,R_100,567.76
1778144256,R_100,567.61
1778144258,R_100,567.74
1778144260,R_100,567.63
1778144262,R_100,567.67
1778144264,R_100,567.74
1778144266,R_100,567.78
1778144268,R_100,567.72
1778144270,R_100,567.53
1778144272,R_100,567.52
1778144274,R_100,567.33
1778144276,R_100,567.38
1778144278,R_100,567.23
1778144280,R_100,567.17
1778144282,R_100,567.04
1778144284,R_100,566.85
1778144286,R_100,566.9
1778144288,R_100,566.91
1778144290,R_100,566.83
1778144292,R_100,566.99
1778144294,R_100,566.91
1778144296,R_100,566.91
1778144298,R_100,566.86
1778144300,R_100,566.71
1778144302,R_100,566.73
1778144304,R_100,566.72
1778144306,R_100,566.74
1778144308,R_100,566.84
1778144310,R_100,566.8
1778144312,R_100,566.97
1778144314,R_100,567.17
1778144316,R_100,567.27
1778144318,R_100,567.26
1778144320,R_100,567.32
1778144322,R_100,567.27
1778144324,R_100,566.92
1778144326,R_100,566.8
1778144328,R_100,566.66
1778144330,R_100,566.78
1778144332,R_100,566.78
1778144334,R_100,566.73
1778144336,R_100,566.81
1778144338,R_100,567.07
1778144340,R_100,567.11
1778144342,R_100,567.33
1778144344,R_100,567.35
1778144346,R_100,567.55
1778144348,R_100,567.52
1778144350,R_100,567.63
1778144352,R_100,567.52
1778144354,R_100,567.39
1778144356,R_100,567.63
1778144358,R_100,567.53
1778144360,R_100,567.54
1778144362,R_100,567.34
1778144364,R_100,567.36
1778144366,R_100,567.4
1778144368,R_100,567.35
1778144370,R_100,567.36
1778144372,R_100,567.64
1778144374,R_100,567.54
1778144376,R_100,567.48
1778144378,R_100,567.63
1778144380,R_100,567.29
1778144382,R_100,567.25
1778144384,R_100,567.18
1778144386,R_100,567.15
1778144388,R_100,567.18
1778144390,R_100,567.11
1778144392,R_100,567.2
1778144394,R_100,567.08
1778144396,R_100,567.09
1778144398,R_100,567.44
1778144400,R_100,567.44
1778144402,R_100,567.31
1778144404,R_100,567.56
1778144406,R_100,567.46
1778144408,R_100,567.24
1778144410,R_100,567.22
1778144412,R_100,567.33
1778144414,R_100,567.37
1778144416,R_100,567.35
1778144418,R_100,567.26
1778144420,R_100,567.14
1778144422,R_100,567.24
1778144424,R_100,567.44
1778144426,R_100,567.72
1778144428,R_100,567.59
1778144430,R_100,567.35
1778144432,R_100,567.39
1778144434,R_100,567.31
1778144436,R_100,567.2
1778144438,R_100,567.13
1778144440,R_100,566.87
1778144442,R_100,566.87
1778144444,R_100,566.85
1778144446,R_100,566.97
1778144448,R_100,567.03
1778144450,R_100,567.14
1778144452,R_100,567.28
1778144454,R_100,567.22
1778144456,R_100,567.24
1778144458,R_100,567.22
1778144460,R_100,567.27
1778144462,R_100,567.13
1778144464,R_100,567
1778144466,R_100,566.89
1778144468,R_100,567.05
1778144470,R_100,566.96
1778144472,R_100,566.66
1778144474,R_100,566.88
1778144476,R_100,566.81
1778144478,R_100,566.68
1778144480,R_100,566.79
1778144482,R_100,566.97
1778144484,R_100,566.92
1778144486,R_100,566.89
1778144488,R_100,566.94
1778144490,R_100,567
1778144492,R_100,566.8
1778144494,R_100,566.81
1778144496,R_100,566.84
1778144498,R_100,566.94
1778144500,R_100,566.72
1778144502,R_100,566.87
1778144504,R_100,567.15
1778144506,R_100,567.15
1778144508,R_100,566.98
1778144510,R_100,566.92
1778144512,R_100,567.03
1778144514,R_100,567.17
1778144516,R_100,567.01
1778144518,R_100,566.99
1778144520,R_100,566.91
1778144522,R_100,567.03
1778144524,R_100,566.92
1778144526,R_100,567.17
1778144528,R_100,567.17
1778144530,R_100,567.11
1778144532,R_100,567.16
1778144534,R_100,567.06
1778144536,R_100,567.15
1778144538,R_100,567.11
1778144540,R_100,567.27
1778144542,R_100,567.41
1778144544,R_100,567.23
1778144546,R_100,567.25
1778144548,R_100,567.26
1778144550,R_100,567.23
1778144552,R_100,567.15
1778144554,R_100,567.29
1778144556,R_100,567.11
1778144558,R_100,567.12
1778144560,R_100,567.28
1778144562,R_100,567.47
1778144564,R_100,567.45
1778144566,R_100,567.4
1778144568,R_100,567.36
1778144570,R_100,567.52
1778144572,R_100,567.66
1778144574,R_100,567.75
1778144576,R_100,567.78
1778144578,R_100,567.86
1778144580,R_100,567.64
1778144582,R_100,567.67
1778144584,R_100,567.82
1778144586,R_100,567.96
1778144588,R_100,567.99
1778144590,R_100,567.78
1778144592,R_100,567.83
1778144594,R_100,567.89
1778144596,R_100,568.03
1778144598,R_100,568.04
1778144600,R_100,568.04
1778144602,R_100,567.99
1778144604,R_100,567.99
1778144606,R_100,568.18
1778144608,R_100,568.11
1778144610,R_100,568.03
1778144612,R_100,568.01
1778144614,R_100,568.09
1778144616,R_100,568.07
1778144618,R_100,568.06
1778144620,R_100,568.28
1778144622,R_100,568.44
1778144624,R_100,568.68
1778144626,R_100,568.61
1778144628,R_100,568.35
1778144630,R_100,568.3
1778144632,R_100,568.51
1778144634,R_100,568.39
1778144636,R_100,568.25
1778144638,R_100,568.18
1778144640,R_100,568.03
1778144642,R_100,568.12
1778144644,R_100,568.03
1778144646,R_100,567.94
1778144648,R_100,568.07
1778144650,R_100,568.03
1778144652,R_100,567.93
1778144654,R_100,567.86
1778144656,R_100,567.93
1778144658,R_100,567.94
1778144660,R_100,567.71
1778144662,R_100,567.83
1778144664,R_100,567.8
1778144666,R_100,567.76
1778144668,R_100,567.91
1778144670,R_100,568.19
1778144672,R_100,568.16
1778144674,R_100,568.4
1778144676,R_100,568.2
1778144678,R_100,568
1778144680,R_100,567.88
1778144682,R_100,568.09
1778144684,R_100,568.14
1778144686,R_100,568.16
1778144688,R_100,568.02
1778144690,R_100,568.25
1778144692,R_100,568.16
1778144694,R_100,568.31
1778144696,R_100,568.31
1778144698,R_100,568.09
1778144700,R_100,568.36
1778144702,R_100,568.42
1778144704,R_100,568.39
1778144706,R_100,568.55
1778144708,R_100,568.59
1778144710,R_100,568.61
1778144712,R_100,568.55
1778144714,R_100,568.74
1778144716,R_100,568.93
1778144718,R_100,569.09
1778144720,R_100,569.07
1778144722,R_100,568.97
1778144724,R_100,568.93
1778144726,R_100,569.06
1778144728,R_100,569.09
1778144730,R_100,568.87
1778144732,R_100,568.81
1778144734,R_100,568.74
1778144736,R_100,568.64
1778144738,R_100,568.6
1778144740,R_100,568.63
1778144742,R_100,568.46
1778144744,R_100,568.36
1778144746,R_100,568.35
1778144748,R_100,568.31
1778144750,R_100,568.34
1778144752,R_100,568.33
1778144754,R_100,567.98
1778144756,R_100,567.96
1778144758,R_100,568.05
1778144760,R_100,567.92
1778144762,R_100,568.02
1778144764,R_100,567.79
1778144766,R_100,567.7
1778144768,R_100,567.63
1778144770,R_100,567.51
1778144772,R_100,567.54
1778144774,R_100,567.43
1778144776,R_100,567.54
1778144778,R_100,567.66
1778144780,R_100,567.82
1778144782,R_100,567.74
1778144784,R_100,567.97
1778144786,R_100,568.08
1778144788,R_100,568.16
1778144790,R_100,567.94
1778144792,R_100,568.18
1778144794,R_100,568.36
1778144796,R_100,568.5
1778144798,R_100,568.44
1778144800,R_100,568.5
1778144802,R_100,568.56
1778144804,R_100,568.79
1778144806,R_100,568.79
1778144808,R_100,568.79
1778144810,R_100,568.89
1778144812,R_100,568.83
1778144814,R_100,568.89
1778144816,R_100,568.77
1778144818,R_100,568.91
1778144820,R_100,569.21
1778144822,R_100,569
1778144824,R_100,569.08
1778144826,R_100,569.08
1778144828,R_100,569
1778144830,R_100,568.79
1778144832,R_100,568.77
1778144834,R_100,568.84
1778144836,R_100,568.78
1778144838,R_100,568.66
1778144840,R_100,568.63
1778144842,R_100,568.37
1778144844,R_100,568.34
1778144846,R_100,568.61
1778144848,R_100,568.74
1778144850,R_100,568.53
1778144852,R_100,568.45
1778144854,R_100,568.72
1778144856,R_100,568.59
1778144858,R_100,568.52
1778144860,R_100,568.79
1778144862,R_100,568.98
1778144864,R_100,569.2
1778144866,R_100,569.35
1778144868,R_100,569.27
1778144870,R_100,569.39
1778144872,R_100,569.32
1778144874,R_100,569.24
1778144876,R_100,569.17
1778144878,R_100,569.18
1778144880,R_100,569.14
1778144882,R_100,569.01
1778144884,R_100,569.03
1778144886,R_100,568.96
1778144888,R_100,568.91
1778144890,R_100,568.77
1778144892,R_100,569
1778144894,R_100,569.32
1778144896,R_100,569.32
1778144898,R_100,569.4
1778144900,R_100,569.34
1778144902,R_100,569.45
1778144904,R_100,569.52
1778144906,R_100,569.78
1778144908,R_100,569.68
1778144910,R_100,569.68
1778144912,R_100,569.62
1778144914,R_100,569.68
1778144916,R_100,569.61
1778144918,R_100,569.61
1778144920,R_100,569.56
1778144922,R_100,569.31
1778144924,R_100,569.37
1778144926,R_100,568.89
1778144928,R_100,568.72
1778144930,R_100,568.77
1778144932,R_100,568.74
1778144934,R_100,568.73
1778144936,R_100,568.88
1778144938,R_100,568.98
1778144940,R_100,569.15
1778144942,R_100,569.1
1778144944,R_100,568.89
1778144946,R_100,569.03
1778144948,R_100,568.81
1778144950,R_100,568.88
1778144952,R_100,569.3
1778144954,R_100,569.48
1778144956,R_100,569.65
1778144958,R_100,569.64
1778144960,R_100,569.49
1778144962,R_100,569.66
1778144964,R_100,569.75
1778144966,R_100,569.7
1778144968,R_100,569.63
1778144970,R_100,569.52
1778144972,R_100,569.38
1778144974,R_100,569.32
1778144976,R_100,569.2
1778144978,R_100,569.05
1778144980,R_100,569.23
1778144982,R_100,569.36
1778144984,R_100,569.37
1778144986,R_100,569.52
1778144988,R_100,569.6
1778144990,R_100,569.66
1778144992,R_100,569.68
1778144994,R_100,569.55
1778144996,R_100,569.52
1778144998,R_100,569.46
1778145000,R_100,569.33
1778145002,R_100,569.28
1778145004,R_100,569.13
1778145006,R_100,568.84
1778145008,R_100,568.7
1778145010,R_100,568.81
1778145012,R_100,568.79
1778145014,R_100,568.9
1778145016,R_100,568.88
1778145018,R_100,568.91
1778145020,R_100,568.79
1778145022,R_100,568.96
1778145024,R_100,569
1778145026,R_100,568.88
1778145028,R_100,568.85
1778145030,R_100,569.01
1778145032,R_100,568.96
1778145034,R_100,568.72
1778145036,R_100,568.56
1778145038,R_100,568.55
1778145040,R_100,568.61
1778145042,R_100,568.69
1778145044,R_100,568.66
1778145046,R_100,568.6
1778145048,R_100,568.66
1778145050,R_100,568.68
1778145052,R_100,568.6
1778145054,R_100,568.87
1778145056,R_100,568.97
1778145058,R_100,569.21
1778145060,R_100,569.23
1778145062,R_100,569.42
1778145064,R_100,569.48
1778145066,R_100,569.37
1778145068,R_100,569.48
1778145070,R_100,569.51
1778145072,R_100,569.4
1778145074,R_100,569.32
1778145076,R_100,569.23
1778145078,R_100,569.25
1778145080,R_100,568.95
1778145082,R_100,569.08
1778145084,R_100,568.74
1778145086,R_100,568.68
1778145088,R_100,568.62
1778145090,R_100,568.63
1778145092,R_100,568.67
1778145094,R_100,568.66
1778145096,R_100,568.73
1778145098,R_100,568.77
1778145100,R_100,568.67
1778145102,R_100,568.77
1778145104,R_100,568.75
1778145106,R_100,568.63
1778145108,R_100,568.72
1778145110,R_100,568.72
1778145112,R_100,568.86
1778145114,R_100,568.96
1778145116,R_100,568.98
1778145118,R_100,569.12
1778145120,R_100,569.06
1778145122,R_100,569.06
1778145124,R_100,568.93
1778145126,R_100,568.89
1778145128,R_100,568.92
1778145130,R_100,568.91
1778145132,R_100,568.61
1778145134,R_100,568.59
1778145136,R_100,568.61
1778145138,R_100,568.85
1778145140,R_100,568.67
1778145142,R_100,568.72
1778145144,R_100,568.81
1778145146,R_100,568.9
1778145148,R_100,568.84
1778145150,R_100,568.96
1778145152,R_100,568.73
1778145154,R_100,568.97
1778145156,R_100,569.08
1778145158,R_100,568.95
1778145160,R_100,568.89
1778145162,R_100,568.67
1778145164,R_100,568.48
1778145166,R_100,568.32
1778145168,R_100,568.52
1778145170,R_100,568.53
1778145172,R_100,568.28
1778145174,R_100,568.45
1778145176,R_100,568.42
1778145178,R_100,568.37
1778145180,R_100,568.17
1778145182,R_100,568.35
1778145184,R_100,568.42
1778145186,R_100,568.25
1778145188,R_100,567.84
1778145190,R_100,567.86
1778145192,R_100,567.89
1778145194,R_100,567.76
1778145196,R_100,567.76
1778145198,R_100,567.68
1778145200,R_100,567.64
1778145202,R_100,567.65
1778145204,R_100,567.87
1778145206,R_100,568.08
1778145208,R_100,568.29
1778145210,R_100,568.29
1778145212,R_100,568.27
1778145214,R_100,568.53
1778145216,R_100,568.62
1778145218,R_100,568.67
1778145220,R_100,568.48
1778145222,R_100,568.47
1778145224,R_100,568.37
1778145226,R_100,568.43
1778145228,R_100,568.43
1778145230,R_100,568.35
1778145232,R_100,568.55
1778145234,R_100,568.53
1778145236,R_100,568.77
1778145238,R_100,568.79
1778145240,R_100,569.25
1778145242,R_100,569.21
1778145244,R_100,569.4
1778145246,R_100,569.4
1778145248,R_100,569.53
1778145250,R_100,569.53
1778145252,R_100,569.57
1778145254,R_100,569.53
1778145256,R_100,569.7
1778145258,R_100,569.46
1778145260,R_100,569.66
1778145262,R_100,569.71
1778145264,R_100,569.45
1778145266,R_100,569.46
1778145268,R_100,569.43
1778145270,R_100,569.59
1778145272,R_100,569.77
1778145274,R_100,570.01
1778145276,R_100,570.12
1778145278,R_100,569.95
1778145280,R_100,569.73
1778145282,R_100,569.82
1778145284,R_100,569.97
1778145286,R_100,570.23
1778145288,R_100,570.16
1778145290,R_100,570.29
1778145292,R_100,570.33
1778145294,R_100,570.4
1778145296,R_100,570.41
1778145298,R_100,570.72
1778145300,R_100,570.68
1778145302,R_100,570.61
1778145304,R_100,570.55
1778145306,R_100,570.34
1778145308,R_100,570
1778145310,R_100,569.86
1778145312,R_100,570.15
1778145314,R_100,570.48
1778145316,R_100,570.54
1778145318,R_100,570.94
1778145320,R_100,570.93
1778145322,R_100,570.89
1778145324,R_100,570.72
1778145326,R_100,570.72
1778145328,R_100,570.58
1778145330,R_100,570.54
1778145332,R_100,570.6
1778145334,R_100,570.53
1778145336,R_100,570.32
1778145338,R_100,570.3
1778145340,R_100,570.31
1778145342,R_100,570.33
1778145344,R_100,570.33
1778145346,R_100,570.23
1778145348,R_100,570.22
1778145350,R_100,570.41
1778145352,R_100,570.34
1778145354,R_100,570.02
1778145356,R_100,570.1
1778145358,R_100,570.05
1778145360,R_100,570.04
1778145362,R_100,570.52
1778145364,R_100,570.72
1778145366,R_100,570.83
1778145368,R_100,570.65
1778145370,R_100,570.69
1778145372,R_100,570.82
1778145374,R_100,570.65
1778145376,R_100,570.73
1778145378,R_100,570.74
1778145380,R_100,570.79
1778145382,R_100,570.79
1778145384,R_100,571
1778145386,R_100,570.94
1778145388,R_100,570.83
1778145390,R_100,570.86
1778145392,R_100,570.86
1778145394,R_100,571.09
1778145396,R_100,570.88
1778145398,R_100,570.99
1778145400,R_100,570.6
1778145402,R_100,570.85
1778145404,R_100,570.42
1778145406,R_100,570.54
1778145408,R_100,570.63
1778145410,R_100,570.49
1778145412,R_100,570.59
1778145414,R_100,570.55
1778145416,R_100,570.57
1778145418,R_100,570.52
1778145420,R_100,570.31
1778145422,R_100,570.33
1778145424,R_100,570.49
1778145426,R_100,570.56
1778145428,R_100,570.59
1778145430,R_100,570.82
1778145432,R_100,571.12
1778145434,R_100,571.2
1778145436,R_100,571.01
1778145438,R_100,571.01
1778145440,R_100,571.17
1778145442,R_100,571.34
1778145444,R_100,571.25
1778145446,R_100,571.37
1778145448,R_100,571.63
1778145450,R_100,571.46
1778145452,R_100,571.24
1778145454,R_100,571.36
1778145456,R_100,571.31
1778145458,R_100,571.4
1778145460,R_100,571.6
1778145462,R_100,571.62
1778145464,R_100,571.58
1778145466,R_100,571.55
1778145468,R_100,571.49
1778145470,R_100,571.3
1778145472,R_100,571.14
1778145474,R_100,571.15
1778145476,R_100,571.2
1778145478,R_100,571.32
1778145480,R_100,571.45
1778145482,R_100,571.72
1778145484,R_100,571.61
1778145486,R_100,571.5
1778145488,R_100,571.6
1778145490,R_100,571.49
1778145492,R_100,571.48
1778145494,R_100,571.37
1778145496,R_100,571.38
1778145498,R_100,571.42
1778145500,R_100,571.52
1778145502,R_100,571.5
1778145504,R_100,571.35
1778145506,R_100,571.27
1778145508,R_100,571.55
1778145510,R_100,571.73
1778145512,R_100,571.8
1778145514,R_100,571.58
1778145516,R_100,571.35
1778145518,R_100,571.29
1778145520,R_100,571.15
1778145522,R_100,571.29
1778145524,R_100,571.39
1778145526,R_100,571.28
1778145528,R_100,571.26
1778145530,R_100,571.37
1778145532,R_100,571.47
1778145534,R_100,571.32
1778145536,R_100,571.5
1778145538,R_100,571.49
1778145540,R_100,571.55
1778145542,R_100,571.8
1778145544,R_100,571.8
1778145546,R_100,571.58
1778145548,R_100,571.46
1778145550,R_100,571.37
1778145552,R_100,571.39
1778145554,R_100,571.41
1778145556,R_100,571.46
1778145558,R_100,571.57
1778145560,R_100,571.61
1778145562,R_100,571.84
1778145564,R_100,571.92
1778145566,R_100,571.8
1778145568,R_100,571.69
1778145570,R_100,571.33
1778145572,R_100,571.56
1778145574,R_100,571.42
1778145576,R_100,571.63
1778145578,R_100,571.85
1778145580,R_100,571.97
1778145582,R_100,572.11
1778145584,R_100,572.37
1778145586,R_100,572.54
1778145588,R_100,572.69
1778145590,R_100,572.77
1778145592,R_100,572.9
1778145594,R_100,573.01
1778145596,R_100,573
1778145598,R_100,573
1778145600,R_100,572.79
1778145602,R_100,572.44
1778145604,R_100,572.07
1778145606,R_100,572.08
1778145608,R_100,572.43
1778145610,R_100,572.22
1778145612,R_100,572.1
1778145614,R_100,571.96
1778145616,R_100,572.01
1778145618,R_100,571.96
1778145620,R_100,572.04
1778145622,R_100,572.05
1778145624,R_100,572.17
1778145626,R_100,572.16
1778145628,R_100,572.19
1778145630,R_100,572.09
1778145632,R_100,571.88
1778145634,R_100,571.84
1778145636,R_100,571.69
1778145638,R_100,571.8
1778145640,R_100,571.7
1778145642,R_100,571.6
1778145644,R_100,571.46
1778145646,R_100,571.31
1778145648,R_100,571.46
1778145650,R_100,571.61
1778145652,R_100,571.48
1778145654,R_100,571.31
1778145656,R_100,571.35
1778145658,R_100,571.04
1778145660,R_100,570.84
1778145662,R_100,570.82
1778145664,R_100,570.69
1778145666,R_100,570.7
1778145668,R_100,570.94
1778145670,R_100,571.11
1778145672,R_100,570.9
1778145674,R_100,570.91
1778145676,R_100,570.9
1778145678,R_100,570.74
1778145680,R_100,570.81
1778145682,R_100,570.8
1778145684,R_100,570.88
1778145686,R_100,570.82
1778145688,R_100,570.82
1778145690,R_100,571.03
1778145692,R_100,571.08
1778145694,R_100,571.04
1778145696,R_100,571.01
1778145698,R_100,571
1778145700,R_100,571.14
1778145702,R_100,571.1
1778145704,R_100,570.87
1778145706,R_100,571.02
1778145708,R_100,571.13
1778145710,R_100,571.39
1778145712,R_100,571.25
1778145714,R_100,571.03
1778145716,R_100,571.04
1778145718,R_100,571.07
1778145720,R_100,571.2
1778145722,R_100,571.02
1778145724,R_100,571.14
1778145726,R_100,571.04
1778145728,R_100,570.9
1778145730,R_100,570.94
1778145732,R_100,571.02
1778145734,R_100,570.83
1778145736,R_100,570.66
1778145738,R_100,570.64
1778145740,R_100,570.89
1778145742,R_100,570.75
1778145744,R_100,570.92
1778145746,R_100,570.83
1778145748,R_100,570.84
1778145750,R_100,570.85
1778145752,R_100,570.68
1778145754,R_100,570.65
1778145756,R_100,570.65
1778145758,R_100,570.79
1778145760,R_100,571.09
1778145762,R_100,571.02
1778145764,R_100,570.84
1778145766,R_100,570.95
1778145768,R_100,571.03
1778145770,R_100,571.04
1778145772,R_100,570.97
1778145774,R_100,570.99
1778145776,R_100,571.02
1778145778,R_100,571.22
1778145780,R_100,570.94
1778145782,R_100,570.81
1778145784,R_100,570.8
1778145786,R_100,570.69
1778145788,R_100,570.91
1778145790,R_100,570.79
1778145792,R_100,570.73
1778145794,R_100,570.68
1778145796,R_100,570.63
1778145798,R_100,570.42
1778145800,R_100,570.51
1778145802,R_100,570.71
1778145804,R_100,570.67
1778145806,R_100,570.84
1778145808,R_100,570.83
1778145810,R_100,570.92
1778145812,R_100,571.06
1778145814,R_100,570.89
1778145816,R_100,571.05
1778145818,R_100,571.21
1778145820,R_100,571.16
1778145822,R_100,571.44
1778145824,R_100,571.12
1778145826,R_100,571.03
1778145828,R_100,571.31
1778145830,R_100,571.28
1778145832,R_100,571.01
1778145834,R_100,571.05
1778145836,R_100,571.13
1778145838,R_100,571.32
1778145840,R_100,571.69
1778145842,R_100,571.71
1778145844,R_100,571.69
1778145846,R_100,571.6
1778145848,R_100,571.44
1778145850,R_100,571.23
1778145852,R_100,571.22
1778145854,R_100,571.29
1778145856,R_100,571
1778145858,R_100,570.88
1778145860,R_100,571.1
1778145862,R_100,571.2
1778145864,R_100,571.05
1778145866,R_100,571.11
1778145868,R_100,571.26
1778145870,R_100,571.13
1778145872,R_100,571.06
1778145874,R_100,570.81
1778145876,R_100,570.86
1778145878,R_100,570.8
1778145880,R_100,570.62
1778145882,R_100,570.44
1778145884,R_100,570.59
1778145886,R_100,570.34
1778145888,R_100,570.19
1778145890,R_100,570.23
1778145892,R_100,570.27
1778145894,R_100,570.2
1778145896,R_100,570.21
1778145898,R_100,570.69
1778145900,R_100,570.73
1778145902,R_100,570.79
1778145904,R_100,570.96
1778145906,R_100,570.79
1778145908,R_100,570.84
1778145910,R_100,571.01
1778145912,R_100,570.83
1778145914,R_100,571.01
1778145916,R_100,571.07
1778145918,R_100,571.09
1778145920,R_100,570.98
1778145922,R_100,570.66
1778145924,R_100,570.61
1778145926,R_100,570.6
1778145928,R_100,570.45
1778145930,R_100,570.63
1778145932,R_100,570.56
1778145934,R_100,570.63
1778145936,R_100,570.44
1778145938,R_100,570.76
1778145940,R_100,570.8
1778145942,R_100,570.88
1778145944,R_100,570.66
1778145946,R_100,570.35
1778145948,R_100,570.39
1778145950,R_100,570.4
1778145952,R_100,570.19
1778145954,R_100,570.24
1778145956,R_100,570.25
1778145958,R_100,570.33
1778145960,R_100,570.36
1778145962,R_100,570.49
1778145964,R_100,570.47
1778145966,R_100,570.07
1778145968,R_100,570.28
1778145970,R_100,570.23
1778145972,R_100,570.29
1778145974,R_100,570.09
1778145976,R_100,570.39
1778145978,R_100,570.26
1778145980,R_100,569.94
1778145982,R_100,569.94
1778145984,R_100,569.94
1778145986,R_100,570.02
1778145988,R_100,570.04
1778145990,R_100,569.91
1778145992,R_100,569.82
1778145994,R_100,569.53
1778145996,R_100,569.32
1778145998,R_100,569.11
1778146000,R_100,569.2
1778146002,R_100,569.03
1778146004,R_100,569.12
1778146006,R_100,569.22
1778146008,R_100,569.19
1778146010,R_100,569.13
1778146012,R_100,569.14
1778146014,R_100,569.25
1778146016,R_100,569.44
1778146018,R_100,569.41
1778146020,R_100,569.44
1778146022,R_100,569.41
1778146024,R_100,569.28
1778146026,R_100,569.21
1778146028,R_100,568.94
1778146030,R_100,568.97
1778146032,R_100,568.9
1778146034,R_100,568.79
1778146036,R_100,568.62
1778146038,R_100,568.48
1778146040,R_100,568.18
1778146042,R_100,568.2
1778146044,R_100,568.15
1778146046,R_100,568.22
1778146048,R_100,568.35
1778146050,R_100,568.07
1778146052,R_100,567.89
1778146054,R_100,567.89
1778146056,R_100,567.73
1778146058,R_100,567.62
1778146060,R_100,567.3
1778146062,R_100,567.31
1778146064,R_100,567.23
1778146066,R_100,567.11
1778146068,R_100,567.38
1778146070,R_100,567.49
1778146072,R_100,567.51
1778146074,R_100,567.43
1778146076,R_100,567.15
1778146078,R_100,567.1
1778146080,R_100,567.34
1778146082,R_100,567.38
1778146084,R_100,567.46
1778146086,R_100,567.55
1778146088,R_100,567.66
1778146090,R_100,567.7
1778146092,R_100,567.73
1778146094,R_100,567.97
1778146096,R_100,567.61
1778146098,R_100,567.69
1778146100,R_100,567.63
1778146102,R_100,567.81
1778146104,R_100,567.9
1778146106,R_100,567.84
1778146108,R_100,567.92
1778146110,R_100,568.01
1778146112,R_100,568.11
1778146114,R_100,568.17
1778146116,R_100,568.03
1778146118,R_100,567.93
1778146120,R_100,567.76
1778146122,R_100,567.72
1778146124,R_100,567.71
1778146126,R_100,567.69
1778146128,R_100,567.81
1778146130,R_100,567.62
1778146132,R_100,567.73
1778146134,R_100,567.62
1778146136,R_100,567.48
1778146138,R_100,567.63
1778146140,R_100,567.66
1778146142,R_100,567.62
1778146144,R_100,567.85
1778146146,R_100,568.03
1778146148,R_100,568.11
1778146150,R_100,568.05
1778146152,R_100,568.03
1778146154,R_100,567.89
1778146156,R_100,567.84
1778146158,R_100,567.8
1778146160,R_100,567.83
1778146162,R_100,567.85
1778146164,R_100,567.83
1778146166,R_100,567.96
1778146168,R_100,568.09
1778146170,R_100,567.95
1778146172,R_100,568.25
1778146174,R_100,568.52
1778146176,R_100,568.39
1778146178,R_100,568.3
1778146180,R_100,568.23
1778146182,R_100,568.09
1778146184,R_100,568.2
1778146186,R_100,568.2
1778146188,R_100,568.08
1778146190,R_100,568.07
1778146192,R_100,568.05
1778146194,R_100,568.1
1778146196,R_100,568.28
1778146198,R_100,568.05
1778146200,R_100,568.09
1778146202,R_100,568.18
1778146204,R_100,568.14
1778146206,R_100,568.06
1778146208,R_100,568.06
1778146210,R_100,568.43
1778146212,R_100,568.44
1778146214,R_100,568.43
1778146216,R_100,568.5
1778146218,R_100,568.41
1778146220,R_100,568.25
1778146222,R_100,567.97
1778146224,R_100,567.71
1778146226,R_100,567.74
1778146228,R_100,567.74
1778146230,R_100,567.77
1778146232,R_100,567.79
1778146234,R_100,567.94
1778146236,R_100,568.19
1778146238,R_100,567.99
1778146240,R_100,568
1778146242,R_100,567.98
1778146244,R_100,567.93
1778146246,R_100,567.82
1778146248,R_100,567.84
1778146250,R_100,567.87
1778146252,R_100,567.92
1778146254,R_100,567.99
1778146256,R_100,567.92
1778146258,R_100,567.88
1778146260,R_100,567.71
1778146262,R_100,567.72
1778146264,R_100,567.65
1778146266,R_100,567.79
1778146268,R_100,567.86
1778146270,R_100,567.92
1778146272,R_100,567.82
1778146274,R_100,567.94
1778146276,R_100,568.09
1778146278,R_100,568.22
1778146280,R_100,568.28
1778146282,R_100,568.49
1778146284,R_100,568.45
1778146286,R_100,568.5
1778146288,R_100,568.55
1778146290,R_100,568.6
1778146292,R_100,568.57
1778146294,R_100,568.62
1778146296,R_100,568.92
1778146298,R_100,568.75
1778146300,R_100,568.83
1778146302,R_100,568.71
1778146304,R_100,568.81
1778146306,R_100,568.87
1778146308,R_100,568.7
1778146310,R_100,568.66
1778146312,R_100,568.66
1778146314,R_100,568.76
1778146316,R_100,568.61
1778146318,R_100,568.61
1778146320,R_100,568.61
1778146322,R_100,568.36
1778146324,R_100,568.24
1778146326,R_100,568.24
1778146328,R_100,568.1
1778146330,R_100,568.12
1778146332,R_100,568.29
1778146334,R_100,568.53
1778146336,R_100,568.64
1778146338,R_100,568.44
1778146340,R_100,568.48
1778146342,R_100,568.47
1778146344,R_100,568.82
1778146346,R_100,568.94
1778146348,R_100,568.84
1778146350,R_100,568.85
1778146352,R_100,568.82
1778146354,R_100,568.91
1778146356,R_100,568.78
1778146358,R_100,568.55
1778146360,R_100,568.61
1778146362,R_100,568.59
1778146364,R_100,568.55
1778146366,R_100,568.43
1778146368,R_100,568.3
1778146370,R_100,568.34
1778146372,R_100,568.53
1778146374,R_100,568.63
1778146376,R_100,568.59
1778146378,R_100,568.57
1778146380,R_100,568.61
1778146382,R_100,568.52
1778146384,R_100,568.77
1778146386,R_100,568.65
1778146388,R_100,568.49
1778146390,R_100,568.57
1778146392,R_100,568.32
1778146394,R_100,568.4
1778146396,R_100,568.54
1778146398,R_100,568.38
1778146400,R_100,568.46
1778146402,R_100,568.44
1778146404,R_100,568.08
1778146406,R_100,567.91
1778146408,R_100,567.99
1778146410,R_100,568.18
1778146412,R_100,568.04
1778146414,R_100,568.11
1778146416,R_100,568.15
1778146418,R_100,568.3
1778146420,R_100,568.19
1778146422,R_100,568.27
1778146424,R_100,568.05
1778146426,R_100,568.25
1778146428,R_100,568.3
1778146430,R_100,568.35
1778146432,R_100,568.07
1778146434,R_100,568.23
1778146436,R_100,568.16
1778146438,R_100,568.13
1778146440,R_100,568.2
1778146442,R_100,568.42
1778146444,R_100,568.46
1778146446,R_100,568.4
1778146448,R_100,568.5
1778146450,R_100,568.44
1778146452,R_100,568.5
1778146454,R_100,568.45
1778146456,R_100,568.51
1778146458,R_100,568.57
1778146460,R_100,568.46
1778146462,R_100,568.4
1778146464,R_100,568.39
1778146466,R_100,568.46
1778146468,R_100,568.45
1778146470,R_100,568.3
1778146472,R_100,568.49
1778146474,R_100,568.32
1778146476,R_100,568.06
1778146478,R_100,567.77
1778146480,R_100,567.79
1778146482,R_100,567.75
1778146484,R_100,568.01
1778146486,R_100,567.75
1778146488,R_100,567.79
1778146490,R_100,567.7
1778146492,R_100,567.78
1778146494,R_100,567.58
1778146496,R_100,567.55
1778146498,R_100,567.35
1778146500,R_100,567.36
1778146502,R_100,567.21
1778146504,R_100,567.31
1778146506,R_100,567.24
1778146508,R_100,567.13
1778146510,R_100,566.99
1778146512,R_100,567.08
1778146514,R_100,567.24
1778146516,R_100,567.06
1778146518,R_100,567.03
1778146520,R_100,566.78
1778146522,R_100,566.64
1778146524,R_100,566.75
1778146526,R_100,566.9
1778146528,R_100,566.93
1778146530,R_100,567.2
1778146532,R_100,566.95
1778146534,R_100,566.88
1778146536,R_100,566.67
1778146538,R_100,566.5
1778146540,R_100,566.41
1778146542,R_100,566.29
1778146544,R_100,566.43
1778146546,R_100,566.45
1778146548,R_100,566.4
1778146550,R_100,566.41
1778146552,R_100,566.33
1778146554,R_100,566.51
1778146556,R_100,566.56
1778146558,R_100,566.47
1778146560,R_100,566.58
1778146562,R_100,566.51
1778146564,R_100,566.54
1778146566,R_100,566.68
1778146568,R_100,566.62
1778146570,R_100,566.48
1778146572,R_100,566.48
1778146574,R_100,566.46
1778146576,R_100,566.4
1778146578,R_100,566.37
1778146580,R_100,566.19
1778146582,R_100,566.23
1778146584,R_100,566.43
1778146586,R_100,566.37
1778146588,R_100,566.3
1778146590,R_100,566.46
1778146592,R_100,566.4
1778146594,R_100,566.44
1778146596,R_100,566.15
1778146598,R_100,566.28
1778146600,R_100,566.3
1778146602,R_100,566.27
1778146604,R_100,566.09
1778146606,R_100,565.92
1778146608,R_100,565.77
1778146610,R_100,565.98
1778146612,R_100,566.18
1778146614,R_100,566.17
1778146616,R_100,566.31
1778146618,R_100,566.55
1778146620,R_100,566.4
1778146622,R_100,566.79
1778146624,R_100,566.54
1778146626,R_100,566.32
1778146628,R_100,566.27
1778146630,R_100,565.91
1778146632,R_100,565.75
1778146634,R_100,565.55
1778146636,R_100,565.54
1778146638,R_100,565.42
1778146640,R_100,565.48
1778146642,R_100,565.55
1778146644,R_100,565.55
1778146646,R_100,565.51
1778146648,R_100,565.44
1778146650,R_100,565.55
1778146652,R_100,565.45
1778146654,R_100,565.33
1778146656,R_100,565.6
1778146658,R_100,565.53
1778146660,R_100,565.64
1778146662,R_100,565.36
1778146664,R_100,565.17
1778146666,R_100,565.16
1778146668,R_100,565.36
1778146670,R_100,565.46
1778146672,R_100,565.49
1778146674,R_100,565.47
1778146676,R_100,565.69
1778146678,R_100,565.46
1778146680,R_100,565.74
1778146682,R_100,565.58
1778146684,R_100,565.61
1778146686,R_100,565.69
1778146688,R_100,565.78
1778146690,R_100,565.83
1778146692,R_100,565.67
1778146694,R_100,565.7
1778146696,R_100,565.79
1778146698,R_100,566.04
1778146700,R_100,566.15
1778146702,R_100,566.22
1778146704,R_100,566.31
1778146706,R_100,566.42
1778146708,R_100,566.26
1778146710,R_100,566.23
1778146712,R_100,566.06
1778146714,R_100,565.94
1778146716,R_100,566.02
1778146718,R_100,565.99
1778146720,R_100,565.71
1778146722,R_100,565.64
1778146724,R_100,565.82
1778146726,R_100,565.85
1778146728,R_100,565.8
1778146730,R_100,565.77
1778146732,R_100,565.78
1778146734,R_100,565.95
1778146736,R_100,565.83
1778146738,R_100,566.15
1778146740,R_100,565.96
1778146742,R_100,565.76
1778146744,R_100,565.73
1778146746,R_100,565.8
1778146748,R_100,565.8
1778146750,R_100,565.75
1778146752,R_100,566.01
1778146754,R_100,565.88
1778146756,R_100,565.73
1778146758,R_100,565.85
1778146760,R_100,566.03
1778146762,R_100,566.13
1778146764,R_100,566.36
1778146766,R_100,566.28
1778146768,R_100,566.04
1778146770,R_100,566.09
1778146772,R_100,566.07
1778146774,R_100,565.86
1778146776,R_100,565.95
1778146778,R_100,566.05
1778146780,R_100,566.12
1778146782,R_100,565.98
1778146784,R_100,565.9
1778146786,R_100,565.87
1778146788,R_100,565.7
1778146790,R_100,565.66
1778146792,R_100,565.55
1778146794,R_100,565.69
1778146796,R_100,565.86
1778146798,R_100,565.61
1778146800,R_100,565.59
1778146802,R_100,565.5
1778146804,R_100,565.56
1778146806,R_100,565.59
1778146808,R_100,565.65
1778146810,R_100,565.69
1778146812,R_100,565.53
1778146814,R_100,565.74
1778146816,R_100,565.65
1778146818,R_100,565.57
1778146820,R_100,565.56
1778146822,R_100,565.43
1778146824,R_100,565.38
1778146826,R_100,565.31
1778146828,R_100,565.61
1778146830,R_100,565.62
1778146832,R_100,565.5
1778146834,R_100,565.49
1778146836,R_100,565.28
1778146838,R_100,565.42
1778146840,R_100,565.43
1778146842,R_100,565.44
1778146844,R_100,565.31
1778146846,R_100,565.46
1778146848,R_100,565.6
1778146850,R_100,565.63
1778146852,R_100,565.5
1778146854,R_100,565.37
1778146856,R_100,565.47
1778146858,R_100,565.39
1778146860,R_100,565.34
1778146862,R_100,565.3
1778146864,R_100,565.14
1778146866,R_100,565.53
1778146868,R_100,565.33
1778146870,R_100,565.54
1778146872,R_100,565.65
1778146874,R_100,565.42
1778146876,R_100,565.55
1778146878,R_100,565.43
1778146880,R_100,565.28
1778146882,R_100,565.31
1778146884,R_100,565.34
1778146886,R_100,565.4
1778146888,R_100,565.27
1778146890,R_100,565.33
1778146892,R_100,565.64
1778146894,R_100,565.75
1778146896,R_100,565.77
1778146898,R_100,565.55
1778146900,R_100,565.44
1778146902,R_100,565.5
1778146904,R_100,565.38
1778146906,R_100,565.68
1778146908,R_100,565.75
1778146910,R_100,565.79
1778146912,R_100,565.73
1778146914,R_100,565.65
1778146916,R_100,565.76
1778146918,R_100,565.8
1778146920,R_100,565.91
1778146922,R_100,566
1778146924,R_100,566.31
1778146926,R_100,566.29
1778146928,R_100,566.2
1778146930,R_100,566.38
1778146932,R_100,566.71
1778146934,R_100,566.65
1778146936,R_100,566.79
1778146938,R_100,566.71
1778146940,R_100,566.48
1778146942,R_100,566.4
1778146944,R_100,566.54
1778146946,R_100,566.67
1778146948,R_100,566.4
1778146950,R_100,566.31
1778146952,R_100,566.62
1778146954,R_100,566.5
1778146956,R_100,566.5
1778146958,R_100,566.3
1778146960,R_100,566.36
1778146962,R_100,566.59
1778146964,R_100,566.71
1778146966,R_100,566.53
1778146968,R_100,566.57
1778146970,R_100,566.42
1778146972,R_100,566.4
1778146974,R_100,566.68
1778146976,R_100,566.63
1778146978,R_100,566.4
1778146980,R_100,566.41
1778146982,R_100,566.32
1778146984,R_100,566.41
1778146986,R_100,566.17
1778146988,R_100,566.09
1778146990,R_100,566.25
1778146992,R_100,566.37
1778146994,R_100,566.39
1778146996,R_100,566.41
1778146998,R_100,566.38
1778147000,R_100,566.37
1778147002,R_100,566.32
1778147004,R_100,566.29
1778147006,R_100,566.38
1778147008,R_100,566.26
1778147010,R_100,566.38
1778147012,R_100,566.46
1778147014,R_100,566.48
1778147016,R_100,566.39
1778147018,R_100,566.6
1778147020,R_100,566.54
1778147022,R_100,566.54
1778147024,R_100,566.61
1778147026,R_100,566.4
1778147028,R_100,566.33
1778147030,R_100,566.35
1778147032,R_100,566.61
1778147034,R_100,566.69
1778147036,R_100,566.78
1778147038,R_100,566.82
1778147040,R_100,566.83
1778147042,R_100,566.77
1778147044,R_100,566.97
1778147046,R_100,566.91
1778147048,R_100,566.68
1778147050,R_100,566.6
1778147052,R_100,566.73
1778147054,R_100,566.68
1778147056,R_100,566.72
1778147058,R_100,566.8
1778147060,R_100,566.81
1778147062,R_100,566.8
1778147064,R_100,566.73
1778147066,R_100,566.96
1778147068,R_100,567.06
1778147070,R_100,567.05
1778147072,R_100,566.96
1778147074,R_100,567.04
1778147076,R_100,566.9
1778147078,R_100,566.99
1778147080,R_100,567.02
1778147082,R_100,566.85
1778147084,R_100,566.57
1778147086,R_100,566.47
1778147088,R_100,566.49
1778147090,R_100,566.32
1778147092,R_100,566.09
1778147094,R_100,566.2
1778147096,R_100,566.32
1778147098,R_100,566.23
1778147100,R_100,566.33
1778147102,R_100,566.45
1778147104,R_100,566.57
1778147106,R_100,566.46
1778147108,R_100,566.8
1778147110,R_100,566.65
1778147112,R_100,566.85
1778147114,R_100,566.89
1778147116,R_100,567
1778147118,R_100,566.85
1778147120,R_100,566.99
1778147122,R_100,566.94
1778147124,R_100,566.84
1778147126,R_100,566.84
1778147128,R_100,566.65
1778147130,R_100,566.6
1778147132,R_100,566.57
1778147134,R_100,566.54
1778147136,R_100,566.44
1778147138,R_100,566.51
1778147140,R_100,566.61
1778147142,R_100,566.83
1778147144,R_100,566.64
1778147146,R_100,566.61
1778147148,R_100,566.66
1778147150,R_100,566.99
1778147152,R_100,567.03
1778147154,R_100,567.18
1778147156,R_100,567.21
1778147158,R_100,567.07
1778147160,R_100,566.89
1778147162,R_100,566.82
1778147164,R_100,566.64
1778147166,R_100,566.69
1778147168,R_100,566.73
1778147170,R_100,566.78
1778147172,R_100,566.95
1778147174,R_100,566.94
1778147176,R_100,566.84
1778147178,R_100,566.95
1778147180,R_100,567.06
1778147182,R_100,567
1778147184,R_100,567.06
1778147186,R_100,566.98
1778147188,R_100,566.8
1778147190,R_100,566.9
1778147192,R_100,566.64
1778147194,R_100,566.36
1778147196,R_100,566.23
1778147198,R_100,566.25
1778147200,R_100,566.14
1778147202,R_100,566.24
1778147204,R_100,566.19
1778147206,R_100,566.14
1778147208,R_100,566.11
1778147210,R_100,565.82
1778147212,R_100,565.87
1778147214,R_100,566.14
1778147216,R_100,565.99
1778147218,R_100,566.1
1778147220,R_100,566.01
1778147222,R_100,566.07
1778147224,R_100,566.12
1778147226,R_100,565.93
1778147228,R_100,565.93
1778147230,R_100,565.65
1778147232,R_100,565.84
1778147234,R_100,565.73
1778147236,R_100,565.89
1778147238,R_100,565.76
1778147240,R_100,565.7
1778147242,R_100,565.71
1778147244,R_100,565.78
1778147246,R_100,565.48
1778147248,R_100,565.31
1778147250,R_100,565.4
1778147252,R_100,565.37
1778147254,R_100,565.16
1778147256,R_100,564.99
1778147258,R_100,564.89
1778147260,R_100,564.67
1778147262,R_100,564.64
1778147264,R_100,564.91
1778147266,R_100,565.37
1778147268,R_100,565.38
1778147270,R_100,565.53
1778147272,R_100,565.41
1778147274,R_100,565.43
1778147276,R_100,565.55
1778147278,R_100,565.63
1778147280,R_100,565.74
1778147282,R_100,565.92
1778147284,R_100,565.92
1778147286,R_100,565.8
1778147288,R_100,565.72
1778147290,R_100,565.77
1778147292,R_100,566.11
1778147294,R_100,566.06
1778147296,R_100,566.03
1778147298,R_100,565.99
1778147300,R_100,566
1778147302,R_100,565.93
1778147304,R_100,566.03
1778147306,R_100,566.08
1778147308,R_100,566.11
1778147310,R_100,566.13
1778147312,R_100,565.93
1778147314,R_100,566.24
1778147316,R_100,566.29
1778147318,R_100,566.23
1778147320,R_100,565.98
1778147322,R_100,565.72
1778147324,R_100,565.74
1778147326,R_100,565.6
1778147328,R_100,565.64
1778147330,R_100,565.63
1778147332,R_100,565.37
1778147334,R_100,565.42
1778147336,R_100,565.28
1778147338,R_100,565.23
1778147340,R_100,565.28
1778147342,R_100,565.05
1778147344,R_100,565.18
1778147346,R_100,565.49
1778147348,R_100,565.76
1778147350,R_100,565.52
1778147352,R_100,565.38
1778147354,R_100,565.47
1778147356,R_100,565.42
1778147358,R_100,565.56
1778147360,R_100,565.5
1778147362,R_100,565.77
1778147364,R_100,565.81
1778147366,R_100,565.83
1778147368,R_100,565.75
1778147370,R_100,565.6
1778147372,R_100,565.57
1778147374,R_100,565.48
1778147376,R_100,565.31
1778147378,R_100,565.35
1778147380,R_100,565.23
1778147382,R_100,565.14
1778147384,R_100,565.14
1778147386,R_100,565.02
1778147388,R_100,564.78
1778147390,R_100,564.65
1778147392,R_100,564.52
1778147394,R_100,564.45
1778147396,R_100,564.48
1778147398,R_100,564.68
1778147400,R_100,564.64
1778147402,R_100,564.64
1778147404,R_100,564.69
1778147406,R_100,564.45
1778147408,R_100,564.41
1778147410,R_100,564.36
1778147412,R_100,564.21
1778147414,R_100,564.09
1778147416,R_100,564.18
1778147418,R_100,564.22
1778147420,R_100,564.26
1778147422,R_100,564.05
1778147424,R_100,563.97
1778147426,R_100,564.11
1778147428,R_100,563.97
1778147430,R_100,563.88
1778147432,R_100,563.65
1778147434,R_100,563.83
1778147436,R_100,563.81
1778147438,R_100,563.71
1778147440,R_100,563.75
1778147442,R_100,563.7
1778147444,R_100,563.52
1778147446,R_100,563.41
1778147448,R_100,563.36
1778147450,R_100,563.24
1778147452,R_100,563.25
1778147454,R_100,563.12
1778147456,R_100,563.13
1778147458,R_100,563.23
1778147460,R_100,563.07
1778147462,R_100,562.97
1778147464,R_100,563.11
1778147466,R_100,563.17
1778147468,R_100,563.28
1778147470,R_100,563.33
1778147472,R_100,563.3
1778147474,R_100,563.24
1778147476,R_100,563.22
1778147478,R_100,563.3
1778147480,R_100,563.46
1778147482,R_100,563.4
1778147484,R_100,563.37
1778147486,R_100,563.4
1778147488,R_100,563.45
1778147490,R_100,563.48
1778147492,R_100,563.61
1778147494,R_100,563.54
1778147496,R_100,563.51
1778147498,R_100,563.71
1778147500,R_100,563.74
1778147502,R_100,563.79
1778147504,R_100,563.95
1778147506,R_100,563.81
1778147508,R_100,564.06
1778147510,R_100,563.89
1778147512,R_100,563.72
1778147514,R_100,563.85
1778147516,R_100,563.54
1778147518,R_100,563.3
1778147520,R_100,563.49
1778147522,R_100,563.77
1778147524,R_100,563.67
1778147526,R_100,563.93
1778147528,R_100,564.12
1778147530,R_100,564.23
1778147532,R_100,564.33
1778147534,R_100,564.43
1778147536,R_100,564.46
1778147538,R_100,564.58
1778147540,R_100,564.29
1778147542,R_100,564.29
1778147544,R_100,564.26
1778147546,R_100,564.05
1778147548,R_100,564.17
1778147550,R_100,564.27
1778147552,R_100,564.39
1778147554,R_100,564.31
1778147556,R_100,564.37
1778147558,R_100,564.24
1778147560,R_100,564.16
1778147562,R_100,564.43
1778147564,R_100,564.52
1778147566,R_100,564.45
1778147568,R_100,564.73
1778147570,R_100,564.87
1778147572,R_100,564.77
1778147574,R_100,564.69
1778147576,R_100,564.7
1778147578,R_100,564.78
1778147580,R_100,564.89
1778147582,R_100,565.03
1778147584,R_100,565.02
1778147586,R_100,565.14
1778147588,R_100,565.08
1778147590,R_100,565.11
1778147592,R_100,565.23
1778147594,R_100,565.18
1778147596,R_100,565.02
1778147598,R_100,565.2
1778147600,R_100,565.34
1778147602,R_100,565.24
1778147604,R_100,565.03
1778147606,R_100,565.1
1778147608,R_100,565.25
1778147610,R_100,565.3
1778147612,R_100,564.99
1778147614,R_100,565.13
1778147616,R_100,565.02
1778147618,R_100,565.09
1778147620,R_100,564.87
1778147622,R_100,565
1778147624,R_100,564.88
1778147626,R_100,565
1778147628,R_100,564.99
1778147630,R_100,565.14
1778147632,R_100,565.19
1778147634,R_100,565.2
1778147636,R_100,565.17
1778147638,R_100,565.23
1778147640,R_100,565.28
1778147642,R_100,565.29
1778147644,R_100,565.54
1778147646,R_100,565.37
1778147648,R_100,565.3
1778147650,R_100,565.1
1778147652,R_100,565.03
1778147654,R_100,565.17
1778147656,R_100,565.17
1778147658,R_100,565.11
1778147660,R_100,565.12
1778147662,R_100,565.07
1778147664,R_100,565.05
1778147666,R_100,565.01
1778147668,R_100,564.83
1778147670,R_100,564.67
1778147672,R_100,564.49
1778147674,R_100,564.41
1778147676,R_100,564.45
1778147678,R_100,564.38
1778147680,R_100,564.49
1778147682,R_100,564.38
1778147684,R_100,564.26
1778147686,R_100,564.35
1778147688,R_100,564.31
1778147690,R_100,564.18
1778147692,R_100,563.92
1778147694,R_100,563.99
1778147696,R_100,564.04
1778147698,R_100,563.99
1778147700,R_100,564.06
1778147702,R_100,564.19
1778147704,R_100,564.18
1778147706,R_100,564.25
1778147708,R_100,564.25
1778147710,R_100,564.25
1778147712,R_100,564.09
1778147714,R_100,564.11
1778147716,R_100,564.23
1778147718,R_100,564.16
1778147720,R_100,564.18
1778147722,R_100,564.3
1778147724,R_100,564.06
1778147726,R_100,563.92
1778147728,R_100,563.89
1778147730,R_100,563.87
1778147732,R_100,563.84
1778147734,R_100,563.74
1778147736,R_100,563.73
1778147738,R_100,563.75
1778147740,R_100,563.54
1778147742,R_100,563.62
1778147744,R_100,563.6
1778147746,R_100,563.55
1778147748,R_100,563.64
1778147750,R_100,563.73
1778147752,R_100,563.5
1778147754,R_100,563.45
1778147756,R_100,563.61
1778147758,R_100,563.49
1778147760,R_100,563.46
1778147762,R_100,563.72
1778147764,R_100,563.91
1778147766,R_100,563.75
1778147768,R_100,563.99
1778147770,R_100,563.84
1778147772,R_100,563.79
1778147774,R_100,563.62
1778147776,R_100,563.38
1778147778,R_100,563.16
1778147780,R_100,563.18
1778147782,R_100,563.15
1778147784,R_100,563.11
1778147786,R_100,562.96
1778147788,R_100,562.94
1778147790,R_100,563.22
1778147792,R_100,563.36
1778147794,R_100,563.2
1778147796,R_100,563.15
1778147798,R_100,563.21
1778147800,R_100,563.28
1778147802,R_100,563.5
1778147804,R_100,563.54
1778147806,R_100,563.49
1778147808,R_100,563.32
1778147810,R_100,563.01
1778147812,R_100,562.91
1778147814,R_100,563.09
1778147816,R_100,563.07
1778147818,R_100,563.24
1778147820,R_100,562.98
1778147822,R_100,563.08
1778147824,R_100,562.93
1778147826,R_100,562.72
1778147828,R_100,562.69
1778147830,R_100,562.6
1778147832,R_100,562.26
1778147834,R_100,562.12
1778147836,R_100,562.21
1778147838,R_100,562.36
1778147840,R_100,562.42
1778147842,R_100,562.38
1778147844,R_100,561.97
1778147846,R_100,561.94
1778147848,R_100,561.96
1778147850,R_100,562.02
1778147852,R_100,561.93
1778147854,R_100,561.9
1778147856,R_100,561.99
1778147858,R_100,561.94
1778147860,R_100,561.99
1778147862,R_100,561.76
1778147864,R_100,561.6
1778147866,R_100,561.7
1778147868,R_100,561.58
1778147870,R_100,561.69
1778147872,R_100,561.56
1778147874,R_100,561.36
1778147876,R_100,561.23
1778147878,R_100,561.29
1778147880,R_100,560.96
1778147882,R_100,561.1
1778147884,R_100,561.05
1778147886,R_100,560.97
1778147888,R_100,560.91
1778147890,R_100,560.72
1778147892,R_100,560.72
1778147894,R_100,560.8
1778147896,R_100,560.89
1778147898,R_100,560.88
1778147900,R_100,561.11
1778147902,R_100,561.16
1778147904,R_100,561.05
1778147906,R_100,560.97
1778147908,R_100,560.97
1778147910,R_100,561.1
1778147912,R_100,561.14
1778147914,R_100,561.28
1778147916,R_100,561.54
1778147918,R_100,561.67
1778147920,R_100,561.82
1778147922,R_100,561.77
1778147924,R_100,561.4
1778147926,R_100,561.52
1778147928,R_100,561.49
1778147930,R_100,561.49
1778147932,R_100,561.71
1778147934,R_100,561.71
1778147936,R_100,561.64
1778147938,R_100,561.55
1778147940,R_100,561.54
1778147942,R_100,561.34
1778147944,R_100,561.49
1778147946,R_100,561.2
1778147948,R_100,561.07
1778147950,R_100,561.13
1778147952,R_100,560.86
1778147954,R_100,560.91
1778147956,R_100,560.83
1778147958,R_100,560.78
1778147960,R_100,560.81
1778147962,R_100,560.89
1778147964,R_100,560.61
1778147966,R_100,560.51
1778147968,R_100,560.34
1778147970,R_100,560.27
1778147972,R_100,560.47
1778147974,R_100,560.32
1778147976,R_100,560.17
1778147978,R_100,560.19
1778147980,R_100,560.32
1778147982,R_100,560.14
1778147984,R_100,560.28
1778147986,R_100,560.45
1778147988,R_100,560.31
1778147990,R_100,560.28
1778147992,R_100,560.17
1778147994,R_100,560.17
1778147996,R_100,560.1
1778147998,R_100,560.07
1778148000,R_100,560.17
1778148002,R_100,560.42
1778148004,R_100,560.7
1778148006,R_100,560.62
1778148008,R_100,560.6
1778148010,R_100,560.94
1778148012,R_100,560.95
1778148014,R_100,560.88
1778148016,R_100,560.93
1778148018,R_100,561.01
1778148020,R_100,561.01
1778148022,R_100,561.07
1778148024,R_100,560.93
1778148026,R_100,561.23
1778148028,R_100,561.28
1778148030,R_100,561.31
1778148032,R_100,561.26
1778148034,R_100,561.27
1778148036,R_100,561.13
1778148038,R_100,561.19
1778148040,R_100,561.24
1778148042,R_100,561.28
1778148044,R_100,561.45
1778148046,R_100,561.47
1778148048,R_100,561.49
1778148050,R_100,561.23
1778148052,R_100,561.35
1778148054,R_100,561.38
1778148056,R_100,561.31
1778148058,R_100,561.24
1778148060,R_100,561.28
1778148062,R_100,561.17
1778148064,R_100,561.35
1778148066,R_100,561.58
1778148068,R_100,561.65
1778148070,R_100,561.87
1778148072,R_100,561.68
1778148074,R_100,561.68
1778148076,R_100,561.8
1778148078,R_100,561.84
1778148080,R_100,561.77
1778148082,R_100,561.8
1778148084,R_100,561.63
1778148086,R_100,561.85
1778148088,R_100,561.68
1778148090,R_100,561.73
1778148092,R_100,561.61
1778148094,R_100,561.69
1778148096,R_100,561.58
1778148098,R_100,561.46
1778148100,R_100,561.47
1778148102,R_100,561.67
1778148104,R_100,561.73
1778148106,R_100,561.82
1778148108,R_100,561.88
1778148110,R_100,561.86
1778148112,R_100,561.78
1778148114,R_100,561.74
1778148116,R_100,561.64
1778148118,R_100,561.64
1778148120,R_100,561.77
1778148122,R_100,561.71
1778148124,R_100,561.6
1778148126,R_100,561.61
1778148128,R_100,562.01
1778148130,R_100,562.01
1778148132,R_100,561.87
1778148134,R_100,561.84
1778148136,R_100,561.87
1778148138,R_100,561.95
1778148140,R_100,561.72
1778148142,R_100,561.93
1778148144,R_100,561.8
1778148146,R_100,561.59
1778148148,R_100,561.51
1778148150,R_100,561.31
1778148152,R_100,561.24
1778148154,R_100,561.33
1778148156,R_100,561.19
1778148158,R_100,561.22
1778148160,R_100,561.21
1778148162,R_100,561.3
1778148164,R_100,561.48
1778148166,R_100,561.49
1778148168,R_100,561.5
1778148170,R_100,561.51
1778148172,R_100,561.55
1778148174,R_100,561.81
1778148176,R_100,561.79
1778148178,R_100,561.79
1778148180,R_100,561.47
1778148182,R_100,561.59
1778148184,R_100,561.59
1778148186,R_100,561.9
1778148188,R_100,561.83
1778148190,R_100,562.11
1778148192,R_100,562.09
1778148194,R_100,562.08
1778148196,R_100,562.19
1778148198,R_100,562.3
1778148200,R_100,562.39
1778148202,R_100,562.24
1778148204,R_100,562.16
1778148206,R_100,561.99
1778148208,R_100,561.62
1778148210,R_100,561.74
1778148212,R_100,561.78
1778148214,R_100,561.52
1778148216,R_100,561.4
1778148218,R_100,561.29
1778148220,R_100,561.34
1778148222,R_100,561.48
1778148224,R_100,561.51
1778148226,R_100,561.61
1778148228,R_100,561.58
1778148230,R_100,561.9
1778148232,R_100,562
1778148234,R_100,561.85
1778148236,R_100,562.01
1778148238,R_100,561.99
1778148240,R_100,562.19
1778148242,R_100,562.4
1778148244,R_100,562.52
1778148246,R_100,562.49
1778148248,R_100,562.33
1778148250,R_100,562.43
1778148252,R_100,562.47
1778148254,R_100,562.48
1778148256,R_100,562.49
1778148258,R_100,562.31
1778148260,R_100,562.21
1778148262,R_100,561.95
1778148264,R_100,561.91
1778148266,R_100,562.09
1778148268,R_100,562.23
1778148270,R_100,562.31
1778148272,R_100,562.5
1778148274,R_100,562.57
1778148276,R_100,562.51
1778148278,R_100,562.62
1778148280,R_100,562.61
1778148282,R_100,562.56
1778148284,R_100,562.56
1778148286,R_100,562.53
1778148288,R_100,562.72
1778148290,R_100,562.6
1778148292,R_100,562.45
1778148294,R_100,562.59
1778148296,R_100,562.58
1778148298,R_100,562.66
1778148300,R_100,562.6
1778148302,R_100,562.78
1778148304,R_100,562.84
1778148306,R_100,562.95
1778148308,R_100,563.1
1778148310,R_100,562.99
1778148312,R_100,563.14
1778148314,R_100,562.96
1778148316,R_100,562.86
1778148318,R_100,563.07
1778148320,R_100,562.99
1778148322,R_100,562.93
1778148324,R_100,562.81
1778148326,R_100,563
1778148328,R_100,563.15
1778148330,R_100,563.31
1778148332,R_100,563.53
1778148334,R_100,563.54
1778148336,R_100,563.75
1778148338,R_100,564.11
1778148340,R_100,564.18
1778148342,R_100,564.22
1778148344,R_100,564.02
1778148346,R_100,564.14
1778148348,R_100,564.04
1778148350,R_100,564.13
1778148352,R_100,564.27
1778148354,R_100,564.38
1778148356,R_100,564.11
1778148358,R_100,564.08
1778148360,R_100,563.98
1778148362,R_100,563.76
1778148364,R_100,563.9
1778148366,R_100,563.87
1778148368,R_100,563.89
1778148370,R_100,563.86
1778148372,R_100,563.76
1778148374,R_100,563.61
1778148376,R_100,563.38
1778148378,R_100,563.3
1778148380,R_100,563.33
1778148382,R_100,563.27
1778148384,R_100,563.3
1778148386,R_100,563.26
1778148388,R_100,563.06
1778148390,R_100,563.07
1778148392,R_100,563.08
1778148394,R_100,562.78
1778148396,R_100,562.77
1778148398,R_100,562.75
1778148400,R_100,562.65
1778148402,R_100,562.86
1778148404,R_100,562.68
1778148406,R_100,562.96
1778148408,R_100,562.98
1778148410,R_100,562.99
1778148412,R_100,563.21
1778148414,R_100,563.49
1778148416,R_100,563.48
1778148418,R_100,563.53
1778148420,R_100,563.41
1778148422,R_100,563.58
1778148424,R_100,563.7
1778148426,R_100,563.69
1778148428,R_100,563.84
1778148430,R_100,563.81
1778148432,R_100,563.87
1778148434,R_100,563.8
1778148436,R_100,563.83
1778148438,R_100,563.88
1778148440,R_100,564.11
1778148442,R_100,564.04
1778148444,R_100,564.09
1778148446,R_100,564.01
1778148448,R_100,564.2
1778148450,R_100,564.14
1778148452,R_100,564
1778148454,R_100,563.9
1778148456,R_100,563.97
1778148458,R_100,563.99
1778148460,R_100,563.87
1778148462,R_100,564
1778148464,R_100,564.12
1778148466,R_100,564.25
1778148468,R_100,564.08
1778148470,R_100,564.15
1778148472,R_100,564.1
1778148474,R_100,564.12
1778148476,R_100,564.08
1778148478,R_100,563.99
1778148480,R_100,564.08
1778148482,R_100,564
1778148484,R_100,564.11
1778148486,R_100,564.16
1778148488,R_100,564.4
1778148490,R_100,564.42
1778148492,R_100,564.3
1778148494,R_100,564.34
1778148496,R_100,564.31
1778148498,R_100,564.41
1778148500,R_100,564.54
1778148502,R_100,564.45
1778148504,R_100,564.61
1778148506,R_100,564.67
1778148508,R_100,564.83
1778148510,R_100,564.91
1778148512,R_100,565.01
1778148514,R_100,564.87
1778148516,R_100,564.68
1778148518,R_100,564.69
1778148520,R_100,564.49
1778148522,R_100,564.44
1778148524,R_100,564.45
1778148526,R_100,564.59
1778148528,R_100,564.69
1778148530,R_100,564.67
1778148532,R_100,565
1778148534,R_100,564.96
1778148536,R_100,565.16
1778148538,R_100,565.15
1778148540,R_100,565.31
1778148542,R_100,565.16
1778148544,R_100,565.23
1778148546,R_100,565.13
1778148548,R_100,565.04
1778148550,R_100,565.22
1778148552,R_100,565.11
1778148554,R_100,565.24
1778148556,R_100,565.19
1778148558,R_100,565.16
1778148560,R_100,565.34
1778148562,R_100,565.24
1778148564,R_100,565.22
1778148566,R_100,565.07
1778148568,R_100,565.17
1778148570,R_100,565.24
1778148572,R_100,565.22
1778148574,R_100,565.07
1778148576,R_100,565.09
1778148578,R_100,565.03
1778148580,R_100,565.18
1778148582,R_100,565.25
1778148584,R_100,565.24
1778148586,R_100,565.22
1778148588,R_100,564.95
1778148590,R_100,564.94
1778148592,R_100,564.92
1778148594,R_100,564.77
1778148596,R_100,564.86
1778148598,R_100,564.64
1778148600,R_100,564.81
1778148602,R_100,564.9
1778148604,R_100,564.86
1778148606,R_100,564.83
1778148608,R_100,564.78
1778148610,R_100,564.72
1778148612,R_100,564.73
1778148614,R_100,564.75
1778148616,R_100,564.79
1778148618,R_100,564.82
1778148620,R_100,564.81
1778148622,R_100,564.91
1778148624,R_100,564.84
1778148626,R_100,564.97
1778148628,R_100,564.91
1778148630,R_100,564.88
1778148632,R_100,564.82
1778148634,R_100,564.57
1778148636,R_100,564.61
1778148638,R_100,564.68
1778148640,R_100,564.84
1778148642,R_100,564.83
1778148644,R_100,564.69
1778148646,R_100,564.7
1778148648,R_100,564.7
1778148650,R_100,564.71
1778148652,R_100,564.97
1778148654,R_100,565.12
1778148656,R_100,565
1778148658,R_100,564.9
1778148660,R_100,564.98
1778148662,R_100,565.01
1778148664,R_100,565.06
1778148666,R_100,565.06
1778148668,R_100,565.25
1778148670,R_100,565.13
1778148672,R_100,565.25
1778148674,R_100,565.57
1778148676,R_100,565.5
1778148678,R_100,565.21
1778148680,R_100,565.38
1778148682,R_100,565.48
1778148684,R_100,565.54
1778148686,R_100,565.6
1778148688,R_100,565.71
1778148690,R_100,565.78
1778148692,R_100,565.6
1778148694,R_100,565.62
1778148696,R_100,565.57
1778148698,R_100,565.62
1778148700,R_100,565.58
1778148702,R_100,565.52
1778148704,R_100,565.57
1778148706,R_100,565.42
1778148708,R_100,565.35
1778148710,R_100,565.51
1778148712,R_100,565.71
1778148714,R_100,565.6
1778148716,R_100,565.53
1778148718,R_100,565.5
1778148720,R_100,565.56
1778148722,R_100,565.44
1778148724,R_100,565.67
1778148726,R_100,565.65
1778148728,R_100,565.66
1778148730,R_100,565.45
1778148732,R_100,565.51
1778148734,R_100,565.42
1778148736,R_100,565.31
1778148738,R_100,565.3
1778148740,R_100,565.44
1778148742,R_100,565.43
1778148744,R_100,565.41
1778148746,R_100,565.41
1778148748,R_100,565.43
1778148750,R_100,565.81
1778148752,R_100,565.76
1778148754,R_100,565.57
1778148756,R_100,565.25
1778148758,R_100,565.42
1778148760,R_100,565.28
1778148762,R_100,565.32
1778148764,R_100,565.57
1778148766,R_100,565.25
1778148768,R_100,565.3
1778148770,R_100,565.31
1778148772,R_100,565.51
1778148774,R_100,565.59
1778148776,R_100,565.48
1778148778,R_100,565.24
1778148780,R_100,565.32
1778148782,R_100,565.4
1778148784,R_100,565.36
1778148786,R_100,565.28
1778148788,R_100,565.54
1778148790,R_100,565.62
1778148792,R_100,565.66
1778148794,R_100,565.41
1778148796,R_100,565.24
1778148798,R_100,565.07
1778148800,R_100,564.98
1778148802,R_100,564.89
1778148804,R_100,565.1
1778148806,R_100,565.13
1778148808,R_100,565.16
1778148810,R_100,565.28
1778148812,R_100,565.21
1778148814,R_100,565.26
1778148816,R_100,565.11
1778148818,R_100,565.05
1778148820,R_100,564.81
1778148822,R_100,564.81
1778148824,R_100,564.8
1778148826,R_100,564.83
1778148828,R_100,564.91
1778148830,R_100,564.9
1778148832,R_100,564.8
1778148834,R_100,564.92
1778148836,R_100,565.03
1778148838,R_100,564.78
1778148840,R_100,565.09
1778148842,R_100,565.27
1778148844,R_100,565.5
1778148846,R_100,565.45
1778148848,R_100,565.33
1778148850,R_100,565.52
1778148852,R_100,565.46
1778148854,R_100,565.7
1778148856,R_100,565.82
1778148858,R_100,565.93
1778148860,R_100,566.06
1778148862,R_100,566.19
1778148864,R_100,566.25
1778148866,R_100,566.09
1778148868,R_100,566.06
1778148870,R_100,566.25
1778148872,R_100,566.04
1778148874,R_100,566.06
1778148876,R_100,566.07
1778148878,R_100,566.07
1778148880,R_100,566.23
1778148882,R_100,566.31
1778148884,R_100,566.3
1778148886,R_100,566.22
1778148888,R_100,566.17
1778148890,R_100,565.93
1778148892,R_100,566.22
1778148894,R_100,566.22
1778148896,R_100,566.13
1778148898,R_100,565.96
1778148900,R_100,565.61
1778148902,R_100,565.64
1778148904,R_100,565.79
1778148906,R_100,565.87
1778148908,R_100,566.05
1778148910,R_100,565.93
1778148912,R_100,565.81
1778148914,R_100,565.95
1778148916,R_100,566.14
1778148918,R_100,566.26
1778148920,R_100,566.43
1778148922,R_100,566.25
1778148924,R_100,566.46
1778148926,R_100,566.5
1778148928,R_100,566.56
1778148930,R_100,566.66
1778148932,R_100,566.56
1778148934,R_100,566.71
1778148936,R_100,566.79
1778148938,R_100,566.77
1778148940,R_100,566.85
1778148942,R_100,566.91
1778148944,R_100,566.63
1778148946,R_100,566.65
1778148948,R_100,566.8
1778148950,R_100,566.88
1778148952,R_100,566.96
1778148954,R_100,567.01
1778148956,R_100,567.27
1778148958,R_100,567.21
1778148960,R_100,567.17
1778148962,R_100,567.29
1778148964,R_100,567.33
1778148966,R_100,567.3
1778148968,R_100,567.29
1778148970,R_100,567.3
1778148972,R_100,567.18
1778148974,R_100,567.06
1778148976,R_100,567.04
1778148978,R_100,567.09
1778148980,R_100,567
1778148982,R_100,567.16
1778148984,R_100,567.07
1778148986,R_100,567.25
1778148988,R_100,567.15
1778148990,R_100,567.07
1778148992,R_100,567.4
1778148994,R_100,567.37
1778148996,R_100,567.31
1778148998,R_100,567.24
1778149000,R_100,567.09
1778149002,R_100,567.12
1778149004,R_100,567.15
1778149006,R_100,567.03
1778149008,R_100,566.97
1778149010,R_100,567.24
1778149012,R_100,567.14
1778149014,R_100,567.05
1778149016,R_100,567.38
1778149018,R_100,567.33
1778149020,R_100,567.26
1778149022,R_100,567.31
1778149024,R_100,567.24
1778149026,R_100,567.05
1778149028,R_100,567.2
1778149030,R_100,567.4
1778149032,R_100,567.23
1778149034,R_100,567.26
1778149036,R_100,567.28
1778149038,R_100,567.35
1778149040,R_100,567.28
1778149042,R_100,567.34
1778149044,R_100,567.31
1778149046,R_100,567.28
1778149048,R_100,567.21
1778149050,R_100,567.1
1778149052,R_100,567.14
1778149054,R_100,567.02
1778149056,R_100,567.2
1778149058,R_100,567.37
1778149060,R_100,567.33
1778149062,R_100,567
1778149064,R_100,567
1778149066,R_100,566.99
1778149068,R_100,566.93
1778149070,R_100,566.8
1778149072,R_100,566.82
1778149074,R_100,566.86
1778149076,R_100,566.92
1778149078,R_100,567.06
1778149080,R_100,567.08
1778149082,R_100,566.98
1778149084,R_100,566.79
1778149086,R_100,566.61
1778149088,R_100,566.55
1778149090,R_100,566.49
1778149092,R_100,566.5
1778149094,R_100,566.66
1778149096,R_100,566.73
1778149098,R_100,567
1778149100,R_100,567.15
1778149102,R_100,566.96
1778149104,R_100,567
1778149106,R_100,567
1778149108,R_100,566.97
1778149110,R_100,566.99
1778149112,R_100,566.99
1778149114,R_100,566.9
1778149116,R_100,567.03
1778149118,R_100,566.86
1778149120,R_100,566.76
1778149122,R_100,566.73
1778149124,R_100,566.87
1778149126,R_100,566.79
1778149128,R_100,566.58
1778149130,R_100,566.45
1778149132,R_100,566.29
1778149134,R_100,566.27
1778149136,R_100,566.5
1778149138,R_100,566.41
1778149140,R_100,566.52
1778149142,R_100,566.48
1778149144,R_100,566.57
1778149146,R_100,566.52
1778149148,R_100,566.61
1778149150,R_100,566.69
1778149152,R_100,566.79
1778149154,R_100,567.06
1778149156,R_100,567.04
1778149158,R_100,566.97
1778149160,R_100,567.02
1778149162,R_100,567.19
1778149164,R_100,567.05
1778149166,R_100,567.08
1778149168,R_100,567.14
1778149170,R_100,567.31
1778149172,R_100,566.99
1778149174,R_100,566.78
1778149176,R_100,566.75
1778149178,R_100,566.77
1778149180,R_100,566.85
1778149182,R_100,566.96
1778149184,R_100,566.93
1778149186,R_100,567.02
1778149188,R_100,566.95
1778149190,R_100,566.94
1778149192,R_100,566.92
1778149194,R_100,566.92
1778149196,R_100,566.9
1778149198,R_100,567.05
1778149200,R_100,566.86
1778149202,R_100,566.74
1778149204,R_100,566.68
1778149206,R_100,566.96
1778149208,R_100,566.62
1778149210,R_100,566.5
1778149212,R_100,566.41
1778149214,R_100,566.46
1778149216,R_100,566.38
1778149218,R_100,566.29
1778149220,R_100,566.37
1778149222,R_100,566.37
1778149224,R_100,566.41
1778149226,R_100,566.28
1778149228,R_100,566.28
1778149230,R_100,566.41
1778149232,R_100,566.62
1778149234,R_100,566.77
1778149236,R_100,566.8
1778149238,R_100,566.98
1778149240,R_100,567.25
1778149242,R_100,567.4
1778149244,R_100,567.32
1778149246,R_100,567.23
1778149248,R_100,567.28
1778149250,R_100,567.15
1778149252,R_100,567.09
1778149254,R_100,566.91
1778149256,R_100,566.99
1778149258,R_100,566.96
1778149260,R_100,566.76
1778149262,R_100,566.64
1778149264,R_100,566.42
1778149266,R_100,566.35
1778149268,R_100,566.34
1778149270,R_100,566.42
1778149272,R_100,566.49
1778149274,R_100,566.44
1778149276,R_100,566.51
1778149278,R_100,566.54
1778149280,R_100,566.62
1778149282,R_100,566.87
1778149284,R_100,567.1
1778149286,R_100,567.07
1778149288,R_100,567.07
1778149290,R_100,567.19
1778149292,R_100,567.26
1778149294,R_100,567.52
1778149296,R_100,567.3
1778149298,R_100,567.29
1778149300,R_100,567.33
1778149302,R_100,567.45
1778149304,R_100,567.65
1778149306,R_100,567.66
1778149308,R_100,567.56
1778149310,R_100,567.54
1778149312,R_100,567.32
1778149314,R_100,567.14
1778149316,R_100,567.18
1778149318,R_100,567.1
1778149320,R_100,566.99
1778149322,R_100,566.87
1778149324,R_100,566.85
1778149326,R_100,566.89
1778149328,R_100,566.74
1778149330,R_100,566.84
1778149332,R_100,566.8
1778149334,R_100,566.77
1778149336,R_100,566.72
1778149338,R_100,566.8
1778149340,R_100,566.88
1778149342,R_100,566.67
1778149344,R_100,566.69
1778149346,R_100,566.52
1778149348,R_100,566.71
1778149350,R_100,566.85
1778149352,R_100,567
1778149354,R_100,567.09
1778149356,R_100,566.76
1778149358,R_100,566.83
1778149360,R_100,566.78
1778149362,R_100,566.83
1778149364,R_100,566.77
1778149366,R_100,566.91
1778149368,R_100,566.9
1778149370,R_100,566.76
1778149372,R_100,566.69
1778149374,R_100,566.76
1778149376,R_100,566.73
1778149378,R_100,566.84
1778149380,R_100,566.79
1778149382,R_100,566.94
1778149384,R_100,567.06
1778149386,R_100,567.18
1778149388,R_100,567.27
1778149390,R_100,567.26
1778149392,R_100,567.36
1778149394,R_100,567.48
1778149396,R_100,567.56
1778149398,R_100,567.57
1778149400,R_100,567.6
1778149402,R_100,567.53
1778149404,R_100,567.6
1778149406,R_100,567.74
1778149408,R_100,567.76
1778149410,R_100,567.66
1778149412,R_100,567.74
1778149414,R_100,567.86
1778149416,R_100,567.76
1778149418,R_100,567.63
1778149420,R_100,567.53
1778149422,R_100,567.46
1778149424,R_100,567.36
1778149426,R_100,567.47
1778149428,R_100,567.5
1778149430,R_100,567.3
1778152730,R_100,561.04
1778152732,R_100,561.05
1778152734,R_100,560.95
1778152736,R_100,560.89
1778152738,R_100,560.92
1778152740,R_100,561.13
1778152742,R_100,560.78
1778152744,R_100,560.61
1778152746,R_100,560.3
1778152748,R_100,560.32
1778152750,R_100,560.31
1778152752,R_100,560.39
1778152754,R_100,560.26
1778152756,R_100,560.47
1778152758,R_100,560.66
1778152760,R_100,560.61
1778152762,R_100,560.41
1778152764,R_100,560.49
1778152766,R_100,560.35
1778152768,R_100,560.22
1778152770,R_100,560.05
1778152772,R_100,560.22
1778152774,R_100,560.33
1778152776,R_100,560.35
1778152778,R_100,560.44
1778152780,R_100,560.7
1778152782,R_100,560.86
1778152784,R_100,560.51
1778152786,R_100,560.41
1778152788,R_100,560.43
1778152790,R_100,560.58
1778152792,R_100,560.44
1778152794,R_100,560.46
1778152796,R_100,560.91
1778152798,R_100,560.88
1778152800,R_100,560.69
1778152802,R_100,560.67
1778152804,R_100,560.77
1778152806,R_100,560.68
1778152808,R_100,560.47
1778152810,R_100,560.6
1778152812,R_100,560.61
1778152814,R_100,560.54
1778152816,R_100,560.54
1778152818,R_100,560.65
1778152820,R_100,560.67
1778152822,R_100,560.8
1778152824,R_100,560.93
1778152826,R_100,561.04
1778152828,R_100,560.76
1778152830,R_100,560.62
1778152832,R_100,560.66
1778152834,R_100,560.94
1778152836,R_100,561.04
1778152838,R_100,560.87
1778152840,R_100,560.68
1778152842,R_100,560.73
1778152844,R_100,560.8
1778152846,R_100,560.57
1778152848,R_100,560.44
1778152850,R_100,560.51
1778152852,R_100,560.82
1778152854,R_100,560.9
1778152856,R_100,560.91
1778152858,R_100,560.61
1778152860,R_100,560.37
1778152862,R_100,560.39
1778152864,R_100,560.28
1778152866,R_100,560.29
1778152868,R_100,560.46
1778152870,R_100,560.53
1778152872,R_100,560.36
1778152874,R_100,560.55
1778152876,R_100,560.27
1778152878,R_100,560.47
1778152880,R_100,560.79
1778152882,R_100,560.88
1778152884,R_100,560.81
1778152886,R_100,561.03
1778152888,R_100,561.17
1778152890,R_100,561.28
1778152892,R_100,561.19
1778152894,R_100,561.15
1778152896,R_100,561.29
1778152898,R_100,561.39
1778152900,R_100,561.38
1778152902,R_100,561.44
1778152904,R_100,561.81
1778152906,R_100,561.77
1778152908,R_100,561.83
1778152910,R_100,561.87
1778152912,R_100,562.04
1778152914,R_100,562
1778152916,R_100,561.91
1778152918,R_100,561.71
1778152920,R_100,561.7
1778152922,R_100,561.69
1778152924,R_100,561.69
1778152926,R_100,561.89
1778152928,R_100,562.13
1778152930,R_100,562.22
1778152932,R_100,562.11
1778152934,R_100,562.34
1778152936,R_100,562.26
1778152938,R_100,562.22
1778152940,R_100,562.27
1778152942,R_100,562.18
1778152944,R_100,561.91
1778152946,R_100,562.15
1778152948,R_100,561.96
1778152950,R_100,561.72
1778152952,R_100,561.45
1778152954,R_100,561.16
1778152956,R_100,560.97
1778152958,R_100,560.84
1778152960,R_100,560.73
1778152962,R_100,560.58
1778152964,R_100,560.54
1778152966,R_100,560.54
1778152968,R_100,560.55
1778152970,R_100,560.6
1778152972,R_100,560.65
1778152974,R_100,560.72
1778152976,R_100,561.06
1778152978,R_100,561.18
1778152980,R_100,561.22
1778152982,R_100,561.28
1778152984,R_100,561.55
1778152986,R_100,561.63
1778152988,R_100,561.71
1778152990,R_100,561.6
1778152992,R_100,561.5
1778152994,R_100,561.63
1778152996,R_100,561.41
1778152998,R_100,561.32
1778153000,R_100,561.53
1778153002,R_100,561.58
1778153004,R_100,561.52
1778153006,R_100,561.63
1778153008,R_100,561.71
1778153010,R_100,561.66
1778153012,R_100,561.58
1778153014,R_100,561.5
1778153016,R_100,561.6
1778153018,R_100,561.67
1778153020,R_100,561.65
1778153022,R_100,561.49
1778153024,R_100,561.37
1778153026,R_100,561.26
1778153028,R_100,561.28
1778153030,R_100,561.27
1778153032,R_100,561.32
1778153034,R_100,561.23
1778153036,R_100,561.1
1778153038,R_100,561.09
1778153040,R_100,561.01
1778153042,R_100,561.21
1778153044,R_100,561.34
1778153046,R_100,561.4
1778153048,R_100,561.4
1778153050,R_100,561.44
1778153052,R_100,561.5
1778153054,R_100,561.36
1778153056,R_100,561.28
1778153058,R_100,561.36
1778153060,R_100,561.27
1778153062,R_100,561.18
1778153064,R_100,561.32
1778153066,R_100,561.44
1778153068,R_100,561.5
1778153070,R_100,561.44
1778153072,R_100,561.4
1778153074,R_100,561.53
1778153076,R_100,561.32
1778153078,R_100,561.04
1778153080,R_100,561.11
1778153082,R_100,561.03
1778153084,R_100,561.21
1778153086,R_100,561.03
1778153088,R_100,560.86
1778153090,R_100,561.21
1778153092,R_100,561.41
1778153094,R_100,561.58
1778153096,R_100,561.57
1778153098,R_100,561.71
1778153100,R_100,561.82
1778153102,R_100,561.82
1778153104,R_100,561.81
1778153106,R_100,562.21
1778153108,R_100,562.52
1778153110,R_100,562.45
1778153112,R_100,562.37
1778153114,R_100,562.32
1778153116,R_100,562.11
1778153118,R_100,562.03
1778153120,R_100,562.1
1778153122,R_100,562.22
1778153124,R_100,561.94
1778153126,R_100,562.12
1778153128,R_100,561.93
1778153130,R_100,562.03
1778153132,R_100,561.84
1778153134,R_100,561.67
1778153136,R_100,561.81
1778153138,R_100,561.61
1778153140,R_100,561.7
1778153142,R_100,561.87
1778153144,R_100,561.89
1778153146,R_100,562.09
1778153148,R_100,562.06
1778153150,R_100,562.14
1778153152,R_100,562.08
1778153154,R_100,561.88
1778153156,R_100,561.91
1778153158,R_100,562.07
1778153160,R_100,561.99
1778153162,R_100,562.02
1778153164,R_100,561.89
1778153166,R_100,561.87
1778153168,R_100,561.82
1778153170,R_100,561.87
1778153172,R_100,561.7
1778153174,R_100,561.86
1778153176,R_100,561.91
1778153178,R_100,562.21
1778153180,R_100,562.46
1778153182,R_100,562.31
1778153184,R_100,562.23
1778153186,R_100,562.19
1778153188,R_100,562.3
1778153190,R_100,562.01
1778153192,R_100,562.41
1778153194,R_100,562.23
1778153196,R_100,562.31
1778153198,R_100,562.3
1778153200,R_100,562.31
1778153202,R_100,562.24
1778153204,R_100,562.27
1778153206,R_100,562.32
1778153208,R_100,562.21
1778153210,R_100,562.14
1778153212,R_100,561.91
1778153214,R_100,562.14
1778153216,R_100,562.27
1778153218,R_100,562.27
1778153220,R_100,562.39
1778153222,R_100,562.41
1778153224,R_100,562.45
1778153226,R_100,562.29
1778153228,R_100,562.33
1778153230,R_100,562.36
1778153232,R_100,562.55
1778153234,R_100,562.77
1778153236,R_100,562.84
1778153238,R_100,562.69
1778153240,R_100,562.68
1778153242,R_100,562.71
1778153244,R_100,562.9
1778153246,R_100,562.82
1778153248,R_100,562.75
1778153250,R_100,562.78
1778153252,R_100,562.78
1778153254,R_100,562.76
1778153256,R_100,562.82
1778153258,R_100,562.67
1778153260,R_100,562.56
1778153262,R_100,562.49
1778153264,R_100,562.47
1778153266,R_100,562.3
1778153268,R_100,562.33
1778153270,R_100,562.3
1778153272,R_100,562.19
1778153274,R_100,562.16
1778153276,R_100,562.12
1778153278,R_100,562.25
1778153280,R_100,562.08
1778153282,R_100,562.08
1778153284,R_100,562.06
1778153286,R_100,561.94
1778153288,R_100,561.94
1778153290,R_100,561.85
1778153292,R_100,561.74
1778153294,R_100,561.68
1778153296,R_100,561.65
1778153298,R_100,561.67
1778153300,R_100,561.91
1778153302,R_100,562.08
1778153304,R_100,562.17
1778153306,R_100,562.27
1778153308,R_100,562.28
1778153310,R_100,562.04
1778153312,R_100,562.4
1778153314,R_100,562.46
1778153316,R_100,562.56
1778153318,R_100,562.69
1778153320,R_100,562.67
1778153322,R_100,562.6
1778153324,R_100,562.7
1778153326,R_100,562.64
1778153328,R_100,562.56
1778153330,R_100,562.58
1778153332,R_100,562.7
1778153334,R_100,562.35
1778153336,R_100,562.25
1778153338,R_100,562.31
1778153340,R_100,562.44
1778153342,R_100,562.5
1778153344,R_100,562.22
1778153346,R_100,562.45
1778153348,R_100,562.42
1778153350,R_100,562.46
1778153352,R_100,562.36
1778153354,R_100,562.35
1778153356,R_100,562.5
1778153358,R_100,562.57
1778153360,R_100,562.73
1778153362,R_100,562.61
1778153364,R_100,562.52
1778153366,R_100,562.46
1778153368,R_100,562.31
1778153370,R_100,562.28
1778153372,R_100,562.26
1778153374,R_100,562.37
1778153376,R_100,562.44
1778153378,R_100,562.5
1778153380,R_100,562.3
1778153382,R_100,562.32
1778153384,R_100,562.08
1778153386,R_100,562.09
1778153388,R_100,562.08
1778153390,R_100,562.36
1778153392,R_100,562.48
1778153394,R_100,562.48
1778153396,R_100,562.32
1778153398,R_100,562.47
1778153400,R_100,562.55
1778153402,R_100,562.64
1778153404,R_100,562.36
1778153406,R_100,562.18
1778153408,R_100,562.2
1778153410,R_100,562.13
1778153412,R_100,562.31
1778153414,R_100,562.32
1778153416,R_100,562.33
1778153418,R_100,562.44
1778153420,R_100,562.74
1778153422,R_100,562.55
1778153424,R_100,562.47
1778153426,R_100,562.42
1778153428,R_100,562.33
1778153430,R_100,562.48
1778153432,R_100,562.41
1778153434,R_100,562.46
1778153436,R_100,562.44
1778153438,R_100,562.54
1778153440,R_100,562.44
1778153442,R_100,562.41
1778153444,R_100,562.31
1778153446,R_100,562.18
1778153448,R_100,562.15
1778153450,R_100,562.04
1778153452,R_100,562.09
1778153454,R_100,562.3
1778153456,R_100,562.11
1778153458,R_100,562.01
1778153460,R_100,562.07
1778153462,R_100,562.02
1778153464,R_100,561.95
1778153466,R_100,561.88
1778153468,R_100,561.64
1778153470,R_100,561.82
1778153472,R_100,561.79
1778153474,R_100,561.69
1778153476,R_100,561.71
1778153478,R_100,561.55
1778153480,R_100,561.34
1778153482,R_100,561.27
1778153484,R_100,561.36
1778153486,R_100,561.27
1778153488,R_100,561.25
1778153490,R_100,561.41
1778153492,R_100,561.34
1778153494,R_100,561.35
1778153496,R_100,561.31
1778153498,R_100,561.1
1778153500,R_100,561.24
1778153502,R_100,561.16
1778153504,R_100,561.35
1778153506,R_100,561.24
1778153508,R_100,561.15
1778153510,R_100,561.34
1778153512,R_100,561.28
1778153514,R_100,561.2
1778153516,R_100,561.34
1778153518,R_100,561.09
1778153520,R_100,560.85
1778153522,R_100,560.77
1778153524,R_100,560.77
1778153526,R_100,560.61
1778153528,R_100,560.81
1778153530,R_100,560.89
1778153532,R_100,560.81
1778153534,R_100,560.72
1778153536,R_100,560.96
1778153538,R_100,561.09
1778153540,R_100,561.09
1778153542,R_100,560.99
1778153544,R_100,561.21
1778153546,R_100,561.18
1778153548,R_100,561.17
1778153550,R_100,561.28
1778153552,R_100,561.27
1778153554,R_100,561.19
1778153556,R_100,561.11
1778153558,R_100,561.13
1778153560,R_100,561.31
1778153562,R_100,561.44
1778153564,R_100,561.35
1778153566,R_100,561.14
1778153568,R_100,561.23
1778153570,R_100,561.17
1778153572,R_100,561.19
1778153574,R_100,560.99
1778153576,R_100,560.95
1778153578,R_100,560.92
1778153580,R_100,560.83
1778153582,R_100,560.88
1778153584,R_100,560.9
1778153586,R_100,560.95
1778153588,R_100,561.11
1778153590,R_100,561.12
1778153592,R_100,561.22
1778153594,R_100,561.42
1778153596,R_100,561.54
1778153598,R_100,561.71
1778153600,R_100,561.61
1778153602,R_100,561.52
1778153604,R_100,561.64
1778153606,R_100,561.45
1778153608,R_100,561.28
1778153610,R_100,561.19
1778153612,R_100,561.14
1778153614,R_100,561.11
1778153616,R_100,560.91
1778153618,R_100,560.92
1778153620,R_100,560.63
1778153622,R_100,560.63
1778153624,R_100,560.74
1778153626,R_100,560.52
1778153628,R_100,560.71
1778153630,R_100,560.71
1778153632,R_100,560.68
1778153634,R_100,560.78
1778153636,R_100,560.85
1778153638,R_100,560.88
1778153640,R_100,560.97
1778153642,R_100,560.89
1778153644,R_100,560.79
1778153646,R_100,560.74
1778153648,R_100,560.83
1778153650,R_100,560.83
1778153652,R_100,560.71
1778153654,R_100,560.81
1778153656,R_100,560.69
1778153658,R_100,560.64
1778153660,R_100,560.53
1778153662,R_100,560.57
1778153664,R_100,560.52
1778153666,R_100,560.37
1778153668,R_100,560.35
1778153670,R_100,560.34
1778153672,R_100,560.39
1778153674,R_100,560.36
1778153676,R_100,560.17
1778153678,R_100,560.18
1778153680,R_100,560.26
1778153682,R_100,560.08
1778153684,R_100,560.08
1778153686,R_100,559.82
1778153688,R_100,559.69
1778153690,R_100,559.69
1778153692,R_100,559.47
1778153694,R_100,559.65
1778153696,R_100,559.66
1778153698,R_100,559.95
1778153700,R_100,559.81
1778153702,R_100,559.93
1778153704,R_100,559.82
1778153706,R_100,560.02
1778153708,R_100,560.04
1778153710,R_100,560.15
1778153712,R_100,559.99
1778153714,R_100,560.24
1778153716,R_100,560.38
1778153718,R_100,560.47
1778153720,R_100,560.46
1778153722,R_100,560.5
1778153724,R_100,560.52
1778153726,R_100,560.59
1778153728,R_100,560.5
1778153730,R_100,560.4
1778153732,R_100,560.59
1778153734,R_100,560.8
1778153736,R_100,560.41
1778153738,R_100,560.83
1778153740,R_100,560.98
1778153742,R_100,561.16
1778153744,R_100,561.23
1778153746,R_100,561.18
1778153748,R_100,561.44
1778153750,R_100,561.48
1778153752,R_100,561.6
1778153754,R_100,561.7
1778153756,R_100,561.63
1778153758,R_100,561.73
1778153760,R_100,561.76
1778153762,R_100,561.67
1778153764,R_100,561.76
1778153766,R_100,561.81
1778153768,R_100,561.83
1778153770,R_100,561.9
1778153772,R_100,561.7
1778153774,R_100,561.76
1778153776,R_100,561.79
1778153778,R_100,561.83
1778153780,R_100,561.93
1778153782,R_100,562.06
1778153784,R_100,562.02
1778153786,R_100,562.33
1778153788,R_100,562.16
1778153790,R_100,562.19
1778153792,R_100,562.03
1778153794,R_100,562.07
1778153796,R_100,562
1778153798,R_100,561.87
1778153800,R_100,562.06
1778153802,R_100,562.17
1778153804,R_100,561.92
1778153806,R_100,561.7
1778153808,R_100,561.83
1778153810,R_100,561.86
1778153812,R_100,561.7
1778153814,R_100,561.8
1778153816,R_100,561.58
1778153818,R_100,561.5
1778153820,R_100,561.6
1778153822,R_100,561.48
1778153824,R_100,561.49
1778153826,R_100,561.14
1778153828,R_100,561.07
1778153830,R_100,561.13
1778153832,R_100,561.02
1778153834,R_100,561.03
1778153836,R_100,560.92
1778153838,R_100,560.92
1778153840,R_100,561.05
1778153842,R_100,561.16
1778153844,R_100,561.17
1778153846,R_100,561.07
1778153848,R_100,560.92
1778153850,R_100,561.15
1778153852,R_100,561.31
1778153854,R_100,561.25
1778153856,R_100,561.3
1778153858,R_100,561.24
1778153860,R_100,561.23
1778153862,R_100,561.22
1778153864,R_100,561.07
1778153866,R_100,561.21
1778153868,R_100,561.57
1778153870,R_100,561.64
1778153872,R_100,561.64
1778153874,R_100,561.57
1778153876,R_100,561.45
1778153878,R_100,561.58
1778153880,R_100,561.77
1778153882,R_100,561.63
1778153884,R_100,561.71
1778153886,R_100,561.58
1778153888,R_100,561.47
1778153890,R_100,561.27
1778153892,R_100,561.39
1778153894,R_100,561.54
1778153896,R_100,561.69
1778153898,R_100,561.82
1778153900,R_100,561.77
1778153902,R_100,561.87
1778153904,R_100,562.06
1778153906,R_100,561.83
1778153908,R_100,561.94
1778153910,R_100,562.18
1778153912,R_100,562.12
1778153914,R_100,562.24
1778153916,R_100,562.12
1778153918,R_100,562.1
1778153920,R_100,562
1778153922,R_100,562.13
1778153924,R_100,561.88
1778153926,R_100,561.95
1778153928,R_100,562.09
1778153930,R_100,562.18
1778153932,R_100,562.12
1778153934,R_100,561.99
1778153936,R_100,562.14
1778153938,R_100,562.03
1778153940,R_100,561.93
1778153942,R_100,561.65
1778153944,R_100,561.67
1778153946,R_100,561.69
1778153948,R_100,561.72
1778153950,R_100,561.73
1778153952,R_100,561.81
1778153954,R_100,561.85
1778153956,R_100,561.7
1778153958,R_100,561.61
1778153960,R_100,561.49
1778153962,R_100,561.39
1778153964,R_100,561.44
1778153966,R_100,561.74
1778153968,R_100,562.03
1778153970,R_100,561.88
1778153972,R_100,561.66
1778153974,R_100,561.74
1778153976,R_100,561.7
1778153978,R_100,561.65
1778153980,R_100,561.51
1778153982,R_100,561.63
1778153984,R_100,561.46
1778153986,R_100,561.45
1778153988,R_100,561.37
1778153990,R_100,561.35
1778153992,R_100,561.25
1778153994,R_100,561.37
1778153996,R_100,561.17
1778153998,R_100,561.1
1778154000,R_100,561.4
1778154002,R_100,561.45
1778154004,R_100,561.45
1778154006,R_100,561.42
1778154008,R_100,561.43
1778154010,R_100,561.2
1778154012,R_100,561.39
1778154014,R_100,561.35
1778154016,R_100,561.46
1778154018,R_100,561.63
1778154020,R_100,561.58
1778154022,R_100,561.62
1778154024,R_100,561.62
1778154026,R_100,561.6
1778154028,R_100,561.5
1778154030,R_100,561.58
1778154032,R_100,561.8
1778154034,R_100,561.79
1778154036,R_100,561.85
1778154038,R_100,561.7
1778154040,R_100,561.53
1778154042,R_100,561.74
1778154044,R_100,561.82
1778154046,R_100,561.66
1778154048,R_100,561.78
1778154050,R_100,561.63
1778154052,R_100,561.77
1778154054,R_100,562.08
1778154056,R_100,561.94
1778154058,R_100,561.8
1778154060,R_100,561.76
1778154062,R_100,561.67
1778154064,R_100,561.47
1778154066,R_100,561.44
1778154068,R_100,561.44
1778154070,R_100,561.52
1778154072,R_100,561.4
1778154074,R_100,561.34
1778154076,R_100,561.25
1778154078,R_100,561.37
1778154080,R_100,561.4
1778154082,R_100,561.5
1778154084,R_100,561.58
1778154086,R_100,561.5
1778154088,R_100,561.56
1778154090,R_100,561.23
1778154092,R_100,561.19
1778154094,R_100,561.1
1778154096,R_100,560.79
1778154098,R_100,560.62
1778154100,R_100,560.86
1778154102,R_100,560.8
1778154104,R_100,560.86
1778154106,R_100,561.15
1778154108,R_100,561.14
1778154110,R_100,561.07
1778154112,R_100,561.05
1778154114,R_100,560.87
1778154116,R_100,560.91
1778154118,R_100,560.84
1778154120,R_100,560.76
1778154122,R_100,560.77
1778154124,R_100,560.55
1778154126,R_100,560.22
1778154128,R_100,560.11
1778154130,R_100,560.28
1778154132,R_100,560.42
1778154134,R_100,560.41
1778154136,R_100,560.13
1778154138,R_100,560.02
1778154140,R_100,559.84
1778154142,R_100,560.06
1778154144,R_100,560.21
1778154146,R_100,560.24
1778154148,R_100,560.16
1778154150,R_100,560.02
1778154152,R_100,560.01
1778154154,R_100,559.91
1778154156,R_100,560.02
1778154158,R_100,560.01
1778154160,R_100,560.21
1778154162,R_100,560.44
1778154164,R_100,560.78
1778154166,R_100,560.81
1778154168,R_100,560.72
1778154170,R_100,560.75
1778154172,R_100,560.6
1778154174,R_100,560.68
1778154176,R_100,560.59
1778154178,R_100,560.39
1778154180,R_100,560.36
1778154182,R_100,560.2
1778154184,R_100,560.06
1778154186,R_100,560.18
1778154188,R_100,560.31
1778154190,R_100,560.11
1778154192,R_100,559.96
1778154194,R_100,559.81
1778154196,R_100,559.8
1778154198,R_100,559.74
1778154200,R_100,559.68
1778154202,R_100,559.3
1778154204,R_100,559.29
1778154206,R_100,559.14
1778154208,R_100,559.13
1778154210,R_100,559.14
1778154212,R_100,559.26
1778154214,R_100,559.16
1778154216,R_100,559.25
1778154218,R_100,559.24
1778154220,R_100,559.21
1778154222,R_100,559.04
1778154224,R_100,558.8
1778154226,R_100,558.79
1778154228,R_100,558.67
1778154230,R_100,558.8
1778154232,R_100,558.69
1778154234,R_100,558.59
1778154236,R_100,558.61
1778154238,R_100,558.77
1778154240,R_100,558.79
1778154242,R_100,558.61
1778154244,R_100,558.77
1778154246,R_100,558.87
1778154248,R_100,558.85
1778154250,R_100,558.47
1778154252,R_100,558.62
1778154254,R_100,558.42
1778154256,R_100,558.38
1778154258,R_100,558.33
1778154260,R_100,558.13
1778154262,R_100,557.87
1778154264,R_100,558.11
1778154266,R_100,558.31
1778154268,R_100,558.3
1778154270,R_100,558.36
1778154272,R_100,558.59
1778154274,R_100,558.76
1778154276,R_100,558.6
1778154278,R_100,558.79
1778154280,R_100,558.86
1778154282,R_100,558.85
1778154284,R_100,558.9
1778154286,R_100,558.88
1778154288,R_100,558.92
1778154290,R_100,558.92
1778154292,R_100,558.83
1778154294,R_100,558.62
1778154296,R_100,558.59
1778154298,R_100,558.54
1778154300,R_100,558.54
1778154302,R_100,558.6
1778154304,R_100,558.72
1778154306,R_100,558.63
1778154308,R_100,558.48
1778154310,R_100,558.33
1778154312,R_100,558.25
1778154314,R_100,558.15
1778154316,R_100,558.01
1778154318,R_100,558.02
1778154320,R_100,558.11
1778154322,R_100,558.27
1778154324,R_100,558.2
1778154326,R_100,558.08
1778154328,R_100,557.94
1778154330,R_100,558.3
1778154332,R_100,558.17
1778154334,R_100,558.24
1778154336,R_100,558.18
1778154338,R_100,558.22
1778154340,R_100,558.29
1778154342,R_100,558.29
1778154344,R_100,558.32
1778154346,R_100,558.2
1778154348,R_100,558.1
1778154350,R_100,558.08
1778154352,R_100,558.11
1778154354,R_100,558.12
1778154356,R_100,557.87
1778154358,R_100,557.98
1778154360,R_100,557.93
1778154362,R_100,558.13
1778154364,R_100,558.15
1778154366,R_100,558.22
1778154368,R_100,558.07
1778154370,R_100,557.91
1778154372,R_100,557.8
1778154374,R_100,557.71
1778154376,R_100,557.76
1778154378,R_100,557.66
1778154380,R_100,557.58
1778154382,R_100,557.57
1778154384,R_100,557.78
1778154386,R_100,557.54
1778154388,R_100,557.55
1778154390,R_100,557.36
1778154392,R_100,557.23
1778154394,R_100,557.15
1778154396,R_100,557.1
1778154398,R_100,557.29
1778154400,R_100,557.26
1778154402,R_100,557.23
1778154404,R_100,557.46
1778154406,R_100,557.51
1778154408,R_100,557.72
1778154410,R_100,557.63
1778154412,R_100,557.5
1778154414,R_100,557.5
1778154416,R_100,557.6
1778154418,R_100,557.86
1778154420,R_100,557.66
1778154422,R_100,557.6
1778154424,R_100,557.5
1778154426,R_100,557.46
1778154428,R_100,557.47
1778154430,R_100,557.54
1778154432,R_100,557.57
1778154434,R_100,557.58
1778154436,R_100,557.79
1778154438,R_100,557.85
1778154440,R_100,557.76
1778154442,R_100,557.67
1778154444,R_100,557.52
1778154446,R_100,557.65
1778154448,R_100,557.43
1778154450,R_100,557.41
1778154452,R_100,557.18
1778154454,R_100,557.24
1778154456,R_100,557.48
1778154458,R_100,557.31
1778154460,R_100,557.09
1778154462,R_100,557.08
1778154464,R_100,557.36
1778154466,R_100,557.35
1778154468,R_100,557.06
1778154470,R_100,557.2
1778154472,R_100,557.17
1778154474,R_100,557.12
1778154476,R_100,556.95
1778154478,R_100,556.97
1778154480,R_100,556.8
1778154482,R_100,556.63
1778154484,R_100,556.51
1778154486,R_100,556.59
1778154488,R_100,556.41
1778154490,R_100,556.39
1778154492,R_100,556.34
1778154494,R_100,556.32
1778154496,R_100,556.16
1778154498,R_100,556.16
1778154500,R_100,556.2
1778154502,R_100,556.28
1778154504,R_100,556.22
1778154506,R_100,556.44
1778154508,R_100,556.32
1778154510,R_100,556.35
1778154512,R_100,556.46
1778154514,R_100,556.32
1778154516,R_100,556.3
1778154518,R_100,556.28
1778154520,R_100,556.28
1778154522,R_100,556.38
1778154524,R_100,556.48
1778154526,R_100,556.39
1778154528,R_100,556.36
1778154530,R_100,556.39
1778154532,R_100,556.44
1778154534,R_100,556.35
1778154536,R_100,556.34
1778154538,R_100,556.13
1778154540,R_100,556.2
1778154542,R_100,556.2
1778154544,R_100,556.33
1778154546,R_100,556.23
1778154548,R_100,556.26
1778154550,R_100,556.35
1778154552,R_100,556.48
1778154554,R_100,556.48
1778154556,R_100,556.88
1778154558,R_100,556.83
1778154560,R_100,556.91
1778154562,R_100,556.9
1778154564,R_100,557.08
1778154566,R_100,557.29
1778154568,R_100,557.18
1778154570,R_100,557.13
1778154572,R_100,557.19
1778154574,R_100,557.39
1778154576,R_100,557.62
1778154578,R_100,557.76
1778154580,R_100,557.84
1778154582,R_100,557.73
1778154584,R_100,557.62
1778154586,R_100,557.71
1778154588,R_100,557.73
1778154590,R_100,557.74
1778154592,R_100,557.71
1778154594,R_100,557.99
1778154596,R_100,558.09
1778154598,R_100,557.98
1778154600,R_100,558.03
1778154602,R_100,558.11
1778154604,R_100,557.68
1778154606,R_100,557.82
1778154608,R_100,557.98
1778154610,R_100,557.93
1778154612,R_100,558.05
1778154614,R_100,558.06
1778154616,R_100,558.09
1778154618,R_100,558.17
1778154620,R_100,558.24
1778154622,R_100,558.3
1778154624,R_100,558.62
1778154626,R_100,558.64
1778154628,R_100,558.59
1778154630,R_100,558.49
1778154632,R_100,558.44
1778154634,R_100,558.69
1778154636,R_100,558.66
1778154638,R_100,558.48
1778154640,R_100,558.4
1778154642,R_100,558.16
1778154644,R_100,558.15
1778154646,R_100,558.43
1778154648,R_100,558.18
1778154650,R_100,558.28
1778154652,R_100,558.15
1778154654,R_100,558.18
1778154656,R_100,558.21
1778154658,R_100,557.93
1778154660,R_100,557.91
1778154662,R_100,557.99
1778154664,R_100,558.1
1778154666,R_100,558.1
1778154668,R_100,558.44
1778154670,R_100,558.52
1778154672,R_100,558.26
1778154674,R_100,558.39
1778154676,R_100,558.42
1778154678,R_100,558.25
1778154680,R_100,557.95
1778154682,R_100,557.99
1778154684,R_100,558.02
1778154686,R_100,558.14
1778154688,R_100,557.9
1778154690,R_100,557.71
1778154692,R_100,557.53
1778154694,R_100,557.42
1778154696,R_100,557.51
1778154698,R_100,557.84
1778154700,R_100,557.69
1778154702,R_100,557.51
1778154704,R_100,557.81
1778154706,R_100,558.03
1778154708,R_100,558.07
1778154710,R_100,558.03
1778154712,R_100,558.25
1778154714,R_100,558.46
1778154716,R_100,558.39
1778154718,R_100,558.41
1778154720,R_100,558.36
1778154722,R_100,558.31
1778154724,R_100,558.35
1778154726,R_100,558.67
1778154728,R_100,558.69
1778154730,R_100,558.83
1778154732,R_100,558.54
1778154734,R_100,558.59
1778154736,R_100,558.62
1778154738,R_100,558.66
1778154740,R_100,558.6
1778154742,R_100,558.51
1778154744,R_100,558.5
1778154746,R_100,558.53
1778154748,R_100,558.82
1778154750,R_100,558.8
1778154752,R_100,558.81
1778154754,R_100,558.9
1778154756,R_100,558.85
1778154758,R_100,558.89
1778154760,R_100,558.74
1778154762,R_100,558.72
1778154764,R_100,558.33
1778154766,R_100,558.52
1778154768,R_100,558.6
1778154770,R_100,558.49
1778154772,R_100,558.6
1778154774,R_100,558.46
1778154776,R_100,558.48
1778154778,R_100,558.7
1778154780,R_100,558.6
1778154782,R_100,558.58
1778154784,R_100,558.53
1778154786,R_100,558.68
1778154788,R_100,558.59
1778154790,R_100,558.69
1778154792,R_100,558.73
1778154794,R_100,558.85
1778154796,R_100,559.07
1778154798,R_100,559.39
1778154800,R_100,559.33
1778154802,R_100,559.36
1778154804,R_100,559.53
1778154806,R_100,559.52
1778154808,R_100,559.57
1778154810,R_100,559.74
1778154812,R_100,559.78
1778154814,R_100,559.81
1778154816,R_100,559.97
1778154818,R_100,560.14
1778154820,R_100,560.03
1778154822,R_100,560.26
1778154824,R_100,560.23
1778154826,R_100,560.52
1778154828,R_100,560.53
1778154830,R_100,560.53
1778154832,R_100,560.34
1778154834,R_100,560.44
1778154836,R_100,560.37
1778154838,R_100,560.53
1778154840,R_100,560.38
1778154842,R_100,560.3
1778154844,R_100,560.05
1778154846,R_100,559.9
1778154848,R_100,559.82
1778154850,R_100,559.5
1778154852,R_100,559.44
1778154854,R_100,559.4
1778154856,R_100,559.35
1778154858,R_100,559.2
1778154860,R_100,559.37
1778154862,R_100,559.32
1778154864,R_100,559.49
1778154866,R_100,559.42
1778154868,R_100,559.43
1778154870,R_100,559.45
1778154872,R_100,559.55
1778154874,R_100,559.56
1778154876,R_100,559.56
1778154878,R_100,559.47
1778154880,R_100,559.43
1778154882,R_100,559.36
1778154884,R_100,559.53
1778154886,R_100,559.59
1778154888,R_100,559.37
1778154890,R_100,559.3
1778154892,R_100,559.27
1778154894,R_100,559.32
1778154896,R_100,559.34
1778154898,R_100,559.08
1778154900,R_100,559
1778154902,R_100,558.95
1778154904,R_100,559.07
1778154906,R_100,559
1778154908,R_100,559.32
1778154910,R_100,559.05
1778154912,R_100,559.15
1778154914,R_100,559.21
1778154916,R_100,559.32
1778154918,R_100,559.33
1778154920,R_100,559.43
1778154922,R_100,559.42
1778154924,R_100,559.26
1778154926,R_100,559.2
1778154928,R_100,559.11
1778154930,R_100,559.08
1778154932,R_100,558.99
1778154934,R_100,559.18
1778154936,R_100,559.27
1778154938,R_100,559.25
1778154940,R_100,559.25
1778154942,R_100,559.12
1778154944,R_100,559.11
1778154946,R_100,559.03
1778154948,R_100,558.76
1778154950,R_100,558.65
1778154952,R_100,558.65
1778154954,R_100,558.65
1778154956,R_100,558.62
1778154958,R_100,558.4
1778154960,R_100,558.09
1778154962,R_100,558.27
1778154964,R_100,558.3
1778154966,R_100,558.4
1778154968,R_100,558.6
1778154970,R_100,558.62
1778154972,R_100,558.45
1778154974,R_100,558.55
1778154976,R_100,558.66
1778154978,R_100,558.66
1778154980,R_100,558.82
1778154982,R_100,558.9
1778154984,R_100,558.92
1778154986,R_100,558.9
1778154988,R_100,559.17
1778154990,R_100,558.85
1778154992,R_100,558.92
1778154994,R_100,559.09
1778154996,R_100,559.23
1778154998,R_100,559.33
1778155000,R_100,559.24
1778155002,R_100,559.33
1778155004,R_100,559.28
1778155006,R_100,559.15
1778155008,R_100,559.24
1778155010,R_100,559.32
1778155012,R_100,559.14
1778155014,R_100,559.29
1778155016,R_100,559.45
1778155018,R_100,559.23
1778155020,R_100,559.42
1778155022,R_100,559.5
1778155024,R_100,559.51
1778155026,R_100,559.76
1778155028,R_100,559.7
1778155030,R_100,560.03
1778155032,R_100,560.22
1778155034,R_100,560.21
1778155036,R_100,560.37
1778155038,R_100,560.4
1778155040,R_100,560.56
1778155042,R_100,560.61
1778155044,R_100,560.75
1778155046,R_100,560.88
1778155048,R_100,561
1778155050,R_100,561.03
1778155052,R_100,561.08
1778155054,R_100,561.1
1778155056,R_100,561.09
1778155058,R_100,560.8
1778155060,R_100,560.9
1778155062,R_100,561.14
1778155064,R_100,561.29
1778155066,R_100,561.12
1778155068,R_100,561.29
1778155070,R_100,561.11
1778155072,R_100,560.95
1778155074,R_100,560.91
1778155076,R_100,561
1778155078,R_100,560.74
1778155080,R_100,560.7
1778155082,R_100,560.73
1778155084,R_100,560.76
1778155086,R_100,560.61
1778155088,R_100,560.65
1778155090,R_100,560.81
1778155092,R_100,560.76
1778155094,R_100,560.67
1778155096,R_100,560.61
1778155098,R_100,560.48
1778155100,R_100,560.48
1778155102,R_100,560.47
1778155104,R_100,560.63
1778155106,R_100,560.61
1778155108,R_100,560.56
1778155110,R_100,560.23
1778155112,R_100,560.17
1778155114,R_100,560
1778155116,R_100,559.92
1778155118,R_100,559.85
1778155120,R_100,560.05
1778155122,R_100,560.03
1778155124,R_100,560.04
1778155126,R_100,560.04
1778155128,R_100,560.19
1778155130,R_100,560.08
1778155132,R_100,559.98
1778155134,R_100,559.82
1778155136,R_100,559.89
1778155138,R_100,559.8
1778155140,R_100,560.13
1778155142,R_100,560.27
1778155144,R_100,560.35
1778155146,R_100,560.5
1778155148,R_100,560.17
1778155150,R_100,560.01
1778155152,R_100,559.49
1778155154,R_100,559.38
1778155156,R_100,559.22
1778155158,R_100,559.31
1778155160,R_100,559.44
1778155162,R_100,559.26
1778155164,R_100,559.45
1778155166,R_100,559.29
1778155168,R_100,559.18
1778155170,R_100,559.32
1778155172,R_100,559.03
1778155174,R_100,559.02
1778155176,R_100,559.07
1778155178,R_100,558.92
1778155180,R_100,558.97
1778155182,R_100,558.95
1778155184,R_100,558.73
1778155186,R_100,558.53
1778155188,R_100,558.29
1778155190,R_100,558.36
1778155192,R_100,558.3
1778155194,R_100,558.23
1778155196,R_100,558.64
1778155198,R_100,558.59
1778155200,R_100,558.54
1778155202,R_100,558.52
1778155204,R_100,558.8
1778155206,R_100,558.56
1778155208,R_100,558.97
1778155210,R_100,559.07
1778155212,R_100,559.13
1778155214,R_100,558.81
1778155216,R_100,558.84
1778155218,R_100,558.56
1778155220,R_100,558.56
1778155222,R_100,558.58
1778155224,R_100,558.69
1778155226,R_100,558.74
1778155228,R_100,558.91
1778155230,R_100,558.87
1778155232,R_100,558.69
1778155234,R_100,558.63
1778155236,R_100,558.74
1778155238,R_100,558.82
1778155240,R_100,558.45
1778155242,R_100,558.56
1778155244,R_100,558.6
1778155246,R_100,558.73
1778155248,R_100,558.61
1778155250,R_100,558.43
1778155252,R_100,558.37
1778155254,R_100,558.41
1778155256,R_100,558.34
1778155258,R_100,558.21
1778155260,R_100,557.97
1778155262,R_100,558.17
1778155264,R_100,558.16
1778155266,R_100,558.2
1778155268,R_100,558.26
1778155270,R_100,558.23
1778155272,R_100,558.56
1778155274,R_100,558.62
1778155276,R_100,558.74
1778155278,R_100,558.76
1778155280,R_100,558.52
1778155282,R_100,558.56
1778155284,R_100,558.5
1778155286,R_100,558.5
1778155288,R_100,558.47
1778155290,R_100,558.55
1778155292,R_100,558.53
1778155294,R_100,558.34
1778155296,R_100,558.53
1778155298,R_100,558.41
1778155300,R_100,558.69
1778155302,R_100,558.59
1778155304,R_100,558.87
1778155306,R_100,559.02
1778155308,R_100,558.97
1778155310,R_100,558.99
1778155312,R_100,558.84
1778155314,R_100,558.99
1778155316,R_100,558.85
1778155318,R_100,558.83
1778155320,R_100,558.9
1778155322,R_100,558.99
1778155324,R_100,558.83
1778155326,R_100,558.94
1778155328,R_100,558.85
1778155330,R_100,558.77
1778155332,R_100,558.59
1778155334,R_100,558.74
1778155336,R_100,558.62
1778155338,R_100,558.68
1778155340,R_100,558.57
1778155342,R_100,558.6
1778155344,R_100,558.39
1778155346,R_100,558.54
1778155348,R_100,558.43
1778155350,R_100,558.43
1778155352,R_100,558.37
1778155354,R_100,558.17
1778155356,R_100,558.18
1778155358,R_100,558.16
1778155360,R_100,558.29
1778155362,R_100,558.27
1778155364,R_100,558.55
1778155366,R_100,558.85
1778155368,R_100,558.85
1778155370,R_100,558.81
1778155372,R_100,558.87
1778155374,R_100,558.72
1778155376,R_100,558.53
1778155378,R_100,558.37
1778155380,R_100,558.38
1778155382,R_100,558.33
1778155384,R_100,558.16
1778155386,R_100,558.15
1778155388,R_100,557.95
1778155390,R_100,557.94
1778155392,R_100,558.2
1778155394,R_100,558.41
1778155396,R_100,558.45
1778155398,R_100,558.46
1778155400,R_100,558.5
1778155402,R_100,558.58
1778155404,R_100,558.64
1778155406,R_100,558.71
1778155408,R_100,558.73
1778155410,R_100,558.75
1778155412,R_100,558.64
1778155414,R_100,558.81
1778155416,R_100,558.95
1778155418,R_100,558.84
1778155420,R_100,558.77
1778155422,R_100,558.83
1778155424,R_100,558.75
1778155426,R_100,558.65
1778155428,R_100,558.52
1778155430,R_100,558.4
1778155432,R_100,558.56
1778155434,R_100,558.76
1778155436,R_100,558.67
1778155438,R_100,558.7
1778155440,R_100,558.48
1778155442,R_100,558.41
1778155444,R_100,558.32
1778155446,R_100,558.36
1778155448,R_100,558.64
1778155450,R_100,558.46
1778155452,R_100,558.57
1778155454,R_100,558.56
1778155456,R_100,558.43
1778155458,R_100,558.64
1778155460,R_100,558.55
1778155462,R_100,558.52
1778155464,R_100,558.32
1778155466,R_100,558.44
1778155468,R_100,558.58
1778155470,R_100,558.47
1778155472,R_100,558.48
1778155474,R_100,558.66
1778155476,R_100,558.64
1778155478,R_100,558.55
1778155480,R_100,558.58
1778155482,R_100,558.4
1778155484,R_100,558.46
1778155486,R_100,558.4
1778155488,R_100,558.31
1778155490,R_100,558.42
1778155492,R_100,558.4
1778155494,R_100,558.35
1778155496,R_100,558.35
1778155498,R_100,558.42
1778155500,R_100,558.25
1778155502,R_100,558.16
1778155504,R_100,557.98
1778155506,R_100,558.02
1778155508,R_100,558.01
1778155510,R_100,558.17
1778155512,R_100,558.25
1778155514,R_100,558.08
1778155516,R_100,557.97
1778155518,R_100,557.88
1778155520,R_100,557.86
1778155522,R_100,557.94
1778155524,R_100,557.76
1778155526,R_100,557.64
1778155528,R_100,557.55
1778155530,R_100,557.55
1778155532,R_100,557.65
1778155534,R_100,557.49
1778155536,R_100,557.56
1778155538,R_100,557.61
1778155540,R_100,557.69
1778155542,R_100,557.62
1778155544,R_100,557.37
1778155546,R_100,557.39
1778155548,R_100,557.34
1778155550,R_100,557.2
1778155552,R_100,557.31
1778155554,R_100,557.6
1778155556,R_100,557.6
1778155558,R_100,557.45
1778155560,R_100,557.57
1778155562,R_100,557.67
1778155564,R_100,557.51
1778155566,R_100,557.63
1778155568,R_100,557.86
1778155570,R_100,557.97
1778155572,R_100,557.83
1778155574,R_100,557.99
1778155576,R_100,558.07
1778155578,R_100,558.16
1778155580,R_100,558.06
1778155582,R_100,557.94
1778155584,R_100,558.01
1778155586,R_100,557.86
1778155588,R_100,557.86
1778155590,R_100,557.96
1778155592,R_100,557.8
1778155594,R_100,557.94
1778155596,R_100,557.9
1778155598,R_100,557.94
1778155600,R_100,557.91
1778155602,R_100,557.81
1778155604,R_100,557.77
1778155606,R_100,557.75
1778155608,R_100,557.7
1778155610,R_100,557.49
1778155612,R_100,557.52
1778155614,R_100,557.57
1778155616,R_100,557.86
1778155618,R_100,557.76
1778155620,R_100,557.67
1778155622,R_100,557.58
1778155624,R_100,557.51
1778155626,R_100,557.38
1778155628,R_100,557.2
1778155630,R_100,556.89
1778155632,R_100,557.1
1778155634,R_100,557.07
1778155636,R_100,556.91
1778155638,R_100,557.16
1778155640,R_100,557.29
1778155642,R_100,557.12
1778155644,R_100,557.06
1778155646,R_100,557.17
1778155648,R_100,556.79
1778155650,R_100,556.66
1778155652,R_100,556.58
1778155654,R_100,556.42
1778155656,R_100,556.35
1778155658,R_100,556.29
1778155660,R_100,556.48
1778155662,R_100,556.52
1778155664,R_100,556.55
1778155666,R_100,556.38
1778155668,R_100,556.18
1778155670,R_100,556.04
1778155672,R_100,555.98
1778155674,R_100,555.98
1778155676,R_100,555.93
1778155678,R_100,555.85
1778155680,R_100,556.07
1778155682,R_100,556.19
1778155684,R_100,556.25
1778155686,R_100,556.14
1778155688,R_100,556.14
1778155690,R_100,556.04
1778155692,R_100,555.95
1778155694,R_100,556.36
1778155696,R_100,556.11
1778155698,R_100,556.13
1778155700,R_100,555.94
1778155702,R_100,556.12
1778155704,R_100,556.08
1778155706,R_100,556.35
1778155708,R_100,556.3
1778155710,R_100,556.31
1778155712,R_100,556.19
1778155714,R_100,555.78
1778155716,R_100,555.8
1778155718,R_100,555.73
1778155720,R_100,555.57
1778155722,R_100,555.79
1778155724,R_100,555.97
1778155726,R_100,556.01
1778155728,R_100,556.03
1778155730,R_100,555.99
1778155732,R_100,556.07
1778155734,R_100,556.21
1778155736,R_100,556.58
1778155738,R_100,556.78
1778155740,R_100,556.55
1778155742,R_100,556.59
1778155744,R_100,556.41
1778155746,R_100,556.47
1778155748,R_100,556.31
1778155750,R_100,556.24
1778155752,R_100,556.27
1778155754,R_100,556.15
1778155756,R_100,556.01
1778155758,R_100,555.91
1778155760,R_100,556
1778155762,R_100,555.9
1778155764,R_100,555.98
1778155766,R_100,555.62
1778155768,R_100,555.67
1778155770,R_100,555.87
1778155772,R_100,555.83
1778155774,R_100,555.61
1778155776,R_100,555.63
1778155778,R_100,555.45
1778155780,R_100,555.35
1778155782,R_100,555.33
1778155784,R_100,555.46
1778155786,R_100,555.52
1778155788,R_100,555.55
1778155790,R_100,555.72
1778155792,R_100,555.96
1778155794,R_100,555.67
1778155796,R_100,555.88
1778155798,R_100,556.02
1778155800,R_100,556.02
1778155802,R_100,556.05
1778155804,R_100,556.11
1778155806,R_100,556.07
1778155808,R_100,555.92
1778155810,R_100,555.88
1778155812,R_100,555.73
1778155814,R_100,555.67
1778155816,R_100,555.77
1778155818,R_100,555.69
1778155820,R_100,555.96
1778155822,R_100,555.92
1778155824,R_100,555.97
1778155826,R_100,556.13
1778155828,R_100,556.19
1778155830,R_100,556.2
1778155832,R_100,556.24
1778155834,R_100,556.47
1778155836,R_100,556.47
1778155838,R_100,556.27
1778155840,R_100,556.33
1778155842,R_100,556.26
1778155844,R_100,556.19
1778155846,R_100,556.47
1778155848,R_100,556.57
1778155850,R_100,556.6
1778155852,R_100,556.44
1778155854,R_100,556.15
1778155856,R_100,556.24
1778155858,R_100,556.26
1778155860,R_100,556.31
1778155862,R_100,556.4
1778155864,R_100,556.19
1778155866,R_100,556.38
1778155868,R_100,556.53
1778155870,R_100,556.48
1778155872,R_100,556.66
1778155874,R_100,556.62
1778155876,R_100,556.53
1778155878,R_100,556.49
1778155880,R_100,556.4
1778155882,R_100,556.34
1778155884,R_100,556.32
1778155886,R_100,556.1
1778155888,R_100,556.02
1778155890,R_100,556.12
1778155892,R_100,556.12
1778155894,R_100,556.13
1778155896,R_100,556.12
1778155898,R_100,556.25
1778155900,R_100,556.35
1778155902,R_100,556.27
1778155904,R_100,556.22
1778155906,R_100,556.1
1778155908,R_100,556.04
1778155910,R_100,556.09
1778155912,R_100,556
1778155914,R_100,555.9
1778155916,R_100,555.83
1778155918,R_100,555.86
1778155920,R_100,556.02
1778155922,R_100,556.08
1778155924,R_100,556.17
1778155926,R_100,556.15
1778155928,R_100,556
1778155930,R_100,556.16
1778155932,R_100,556.17
1778155934,R_100,556.31
1778155936,R_100,556.52
1778155938,R_100,556.54
1778155940,R_100,556.73
1778155942,R_100,556.78
1778155944,R_100,556.9
1778155946,R_100,557.15
1778155948,R_100,556.9
1778155950,R_100,557.06
1778155952,R_100,557.35
1778155954,R_100,557.29
1778155956,R_100,557.1
1778155958,R_100,557.28
1778155960,R_100,557.44
1778155962,R_100,557.46
1778155964,R_100,557.73
1778155966,R_100,557.62
1778155968,R_100,557.68
1778155970,R_100,557.43
1778155972,R_100,557.34
1778155974,R_100,557.43
1778155976,R_100,557.63
1778155978,R_100,557.67
1778155980,R_100,557.56
1778155982,R_100,557.6
1778155984,R_100,557.49
1778155986,R_100,557.57
1778155988,R_100,557.26
1778155990,R_100,557.21
1778155992,R_100,557.43
1778155994,R_100,557.32
1778155996,R_100,557.31
1778155998,R_100,557.11
1778156000,R_100,557.21
1778156002,R_100,557.23
1778156004,R_100,557.04
1778156006,R_100,556.98
1778156008,R_100,557.04
1778156010,R_100,556.92
1778156012,R_100,556.7
1778156014,R_100,556.46
1778156016,R_100,556.47
1778156018,R_100,556.3
1778156020,R_100,556.08
1778156022,R_100,556
1778156024,R_100,556.03
1778156026,R_100,555.86
1778156028,R_100,555.91
1778156030,R_100,555.67
1778156032,R_100,555.79
1778156034,R_100,555.86
1778156036,R_100,555.58
1778156038,R_100,555.49
1778156040,R_100,555.55
1778156042,R_100,555.67
1778156044,R_100,555.77
1778156046,R_100,555.89
1778156048,R_100,555.97
1778156050,R_100,556.11
1778156052,R_100,555.88
1778156054,R_100,555.98
1778156056,R_100,556.12
1778156058,R_100,556.21
1778156060,R_100,556.28
1778156062,R_100,556.08
1778156064,R_100,556.11
1778156066,R_100,556.04
1778156068,R_100,556.06
1778156070,R_100,555.88
1778156072,R_100,555.53
1778156074,R_100,555.53
1778156076,R_100,555.5
1778156078,R_100,555.52
1778156080,R_100,555.48
1778156082,R_100,555.39
1778156084,R_100,555.34
1778156086,R_100,555.42
1778156088,R_100,555.29
1778156090,R_100,555.23
1778156092,R_100,555.55
1778156094,R_100,555.56
1778156096,R_100,555.76
1778156098,R_100,555.61
1778156100,R_100,555.45
1778156102,R_100,555.47
1778156104,R_100,555.46
1778156106,R_100,555.5
1778156108,R_100,555.37
1778156110,R_100,555.6
1778156112,R_100,555.3
1778156114,R_100,555.36
1778156116,R_100,555.14
1778156118,R_100,554.81
1778156120,R_100,555.09
1778156122,R_100,555.27
1778156124,R_100,555.37
1778156126,R_100,555.29
1778156128,R_100,555.24
1778156130,R_100,555
1778156132,R_100,554.97
1778156134,R_100,555.21
1778156136,R_100,555.15
1778156138,R_100,555.14
1778156140,R_100,555.26
1778156142,R_100,555.42
1778156144,R_100,555.41
1778156146,R_100,555.54
1778156148,R_100,555.63
1778156150,R_100,555.59
1778156152,R_100,555.35
1778156154,R_100,555.4
1778156156,R_100,555.1
1778156158,R_100,555.19
1778156160,R_100,555.2
1778156162,R_100,555.23
1778156164,R_100,555.09
1778156166,R_100,554.91
1778156168,R_100,554.92
1778156170,R_100,555.02
1778156172,R_100,555.25
1778156174,R_100,555.28
1778156176,R_100,555.14
1778156178,R_100,555.24
1778156180,R_100,555.2
1778156182,R_100,555.22
1778156184,R_100,555
1778156186,R_100,555.08
1778156188,R_100,555.08
1778156190,R_100,554.74
1778156192,R_100,554.84
1778156194,R_100,554.85
1778156196,R_100,554.93
1778156198,R_100,554.79
1778156200,R_100,554.77
1778156202,R_100,554.81
1778156204,R_100,554.83
1778156206,R_100,555.15
1778156208,R_100,555.28
1778156210,R_100,555.29
1778156212,R_100,555.23
1778156214,R_100,555.51
1778156216,R_100,555.41
1778156218,R_100,555.56
1778156220,R_100,555.54
1778156222,R_100,555.53
1778156224,R_100,555.84
1778156226,R_100,555.85
1778156228,R_100,555.73
1778156230,R_100,555.56
1778156232,R_100,555.5
1778156234,R_100,555.55
1778156236,R_100,555.39
1778156238,R_100,555.35
1778156240,R_100,555.62
1778156242,R_100,555.54
1778156244,R_100,555.61
1778156246,R_100,555.64
1778156248,R_100,555.95
1778156250,R_100,555.81
1778156252,R_100,555.65
1778156254,R_100,555.72
1778156256,R_100,555.94
1778156258,R_100,555.87
1778156260,R_100,555.77
1778156262,R_100,556.13
1778156264,R_100,556.05
1778156266,R_100,556.28
1778156268,R_100,556.33
1778156270,R_100,556.24
1778156272,R_100,556.19
1778156274,R_100,556.05
1778156276,R_100,556.08
1778156278,R_100,556.01
1778156280,R_100,556.03
1778156282,R_100,555.97
1778156284,R_100,556.31
1778156286,R_100,556.34
1778156288,R_100,556.36
1778156290,R_100,556.32
1778156292,R_100,556.21
1778156294,R_100,556.09
1778156296,R_100,556.21
1778156298,R_100,555.96
1778156300,R_100,555.96
1778156302,R_100,555.93
1778156304,R_100,555.82
1778156306,R_100,555.77
1778156308,R_100,555.67
1778156310,R_100,555.67
1778156312,R_100,555.57
1778156314,R_100,555.58
1778156316,R_100,555.47
1778156318,R_100,555.57
1778156320,R_100,555.81
1778156322,R_100,555.79
1778156324,R_100,555.72
1778156326,R_100,555.99
1778156328,R_100,555.9
1778156330,R_100,555.8
1778156332,R_100,556
1778156334,R_100,555.8
1778156336,R_100,555.71
1778156338,R_100,555.82
1778156340,R_100,555.78
1778156342,R_100,555.81
1778156344,R_100,555.81
1778156346,R_100,555.62
1778156348,R_100,555.83
1778156350,R_100,555.78
1778156352,R_100,555.61
1778156354,R_100,555.74
1778156356,R_100,555.69
1778156358,R_100,555.64
1778156360,R_100,555.65
1778156362,R_100,555.73
1778156364,R_100,555.48
1778156366,R_100,555.53
1778156368,R_100,555.47
1778156370,R_100,555.37
1778156372,R_100,555.34
1778156374,R_100,555.3
1778156376,R_100,555.2
1778156378,R_100,555.24
1778156380,R_100,555.1
1778156382,R_100,555.05
1778156384,R_100,554.94
1778156386,R_100,555.18
1778156388,R_100,555.52
1778156390,R_100,555.7
1778156392,R_100,555.89
1778156394,R_100,555.88
1778156396,R_100,555.8
1778156398,R_100,555.87
1778156400,R_100,555.87
1778156402,R_100,555.92
1778156404,R_100,555.85
1778156406,R_100,555.75
1778156408,R_100,555.69
1778156410,R_100,555.8
1778156412,R_100,555.87
1778156414,R_100,555.91
1778156416,R_100,555.85
1778156418,R_100,555.87
1778156420,R_100,555.71
1778156422,R_100,555.49
1778156424,R_100,555.5
1778156426,R_100,555.26
1778156428,R_100,555.26
1778156430,R_100,555.22
1778156432,R_100,555.22
1778156434,R_100,555.26
1778156436,R_100,555.03
1778156438,R_100,554.95
1778156440,R_100,554.99
1778156442,R_100,554.85
1778156444,R_100,554.67
1778156446,R_100,554.53
1778156448,R_100,554.53
1778156450,R_100,554.4
1778156452,R_100,554.26
1778156454,R_100,554.36
1778156456,R_100,554.32
1778156458,R_100,554.34
1778156460,R_100,554.22
1778156462,R_100,554.39
1778156464,R_100,554.45
1778156466,R_100,554.43
1778156468,R_100,554.54
1778156470,R_100,554.4
1778156472,R_100,554.36
1778156474,R_100,554.25
1778156476,R_100,553.95
1778156478,R_100,554.09
1778156480,R_100,554.1
1778156482,R_100,554.31
1778156484,R_100,554.19
1778156486,R_100,554.31
1778156488,R_100,554.26
1778156490,R_100,554.3
1778156492,R_100,554.39
1778156494,R_100,554.38
1778156496,R_100,554.29
1778156498,R_100,554.25
1778156500,R_100,554.22
1778156502,R_100,554.4
1778156504,R_100,554.57
1778156506,R_100,554.51
1778156508,R_100,554.34
1778156510,R_100,554.31
1778156512,R_100,554.24
1778156514,R_100,554.26
1778156516,R_100,554.24
1778156518,R_100,554.33
1778156520,R_100,554.48
1778156522,R_100,554.53
1778156524,R_100,554.68
1778156526,R_100,554.88
1778156528,R_100,554.85
1778156530,R_100,554.71
1778156532,R_100,554.78
1778156534,R_100,554.72
1778156536,R_100,554.81
1778156538,R_100,554.84
1778156540,R_100,555.15
1778156542,R_100,555.06
1778156544,R_100,555.02
1778156546,R_100,555.21
1778156548,R_100,555.14
1778156550,R_100,555.22
1778156552,R_100,555.5
1778156554,R_100,555.3
1778156556,R_100,555.58
1778156558,R_100,555.55
1778156560,R_100,555.84
1778156562,R_100,555.69
1778156564,R_100,555.84
1778156566,R_100,555.72
1778156568,R_100,555.87
1778156570,R_100,555.7
1778156572,R_100,555.71
1778156574,R_100,555.84
1778156576,R_100,555.91
1778156578,R_100,555.65
1778156580,R_100,555.68
1778156582,R_100,555.81
1778156584,R_100,555.75
1778156586,R_100,555.82
1778156588,R_100,555.86
1778156590,R_100,556
1778156592,R_100,556.1
1778156594,R_100,556.08
1778156596,R_100,556.24
1778156598,R_100,556.39
1778156600,R_100,556.33
1778156602,R_100,556.38
1778156604,R_100,556.41
1778156606,R_100,556.37
1778156608,R_100,556.47
1778156610,R_100,556.29
1778156612,R_100,556.43
1778156614,R_100,556.44
1778156616,R_100,556.76
1778156618,R_100,556.64
1778156620,R_100,556.57
1778156622,R_100,556.65
1778156624,R_100,556.8
1778156626,R_100,556.58
1778156628,R_100,556.43
1778156630,R_100,556.49
1778156632,R_100,556.59
1778156634,R_100,556.58
1778156636,R_100,556.36
1778156638,R_100,556.48
1778156640,R_100,556.51
1778156642,R_100,556.7
1778156644,R_100,556.67
1778156646,R_100,556.39
1778156648,R_100,556.23
1778156650,R_100,556.14
1778156652,R_100,556.27
1778156654,R_100,556.07
1778156656,R_100,555.83
1778156658,R_100,555.84
1778156660,R_100,555.74
1778156662,R_100,555.72
1778156664,R_100,555.76
1778156666,R_100,555.61
1778156668,R_100,555.69
1778156670,R_100,555.66
1778156672,R_100,555.78
1778156674,R_100,555.62
1778156676,R_100,555.35
1778156678,R_100,555.35
1778156680,R_100,555.12
1778156682,R_100,554.91
1778156684,R_100,554.72
1778156686,R_100,554.93
1778156688,R_100,555.07
1778156690,R_100,555.05
1778156692,R_100,555.31
1778156694,R_100,555.4
1778156696,R_100,555.44
1778156698,R_100,555.65
1778156700,R_100,555.58
1778156702,R_100,555.64
1778156704,R_100,555.48
1778156706,R_100,555.23
1778156708,R_100,555.29
1778156710,R_100,555.39
1778156712,R_100,555.56
1778156714,R_100,555.5
1778156716,R_100,555.39
1778156718,R_100,555.2
1778156720,R_100,555.31
1778156722,R_100,555.12
1778156724,R_100,555.05
1778156726,R_100,555.2
1778156728,R_100,554.96
1778156730,R_100,554.95
1778156732,R_100,554.97
1778156734,R_100,555.01
1778156736,R_100,555.04
1778156738,R_100,554.95
1778156740,R_100,554.89
1778156742,R_100,554.86
1778156744,R_100,555.12
1778156746,R_100,555.03
1778156748,R_100,555.1
1778156750,R_100,554.9
1778156752,R_100,554.71
1778156754,R_100,554.78
1778156756,R_100,554.5
1778156758,R_100,554.6
1778156760,R_100,554.65
1778156762,R_100,554.57
1778156764,R_100,554.57
1778156766,R_100,554.5
1778156768,R_100,554.4
1778156770,R_100,554.35
1778156772,R_100,554.31
1778156774,R_100,554.45
1778156776,R_100,554.52
1778156778,R_100,554.31
1778156780,R_100,554.23
1778156782,R_100,554.06
1778156784,R_100,553.96
1778156786,R_100,553.94
1778156788,R_100,553.83
1778156790,R_100,553.69
1778156792,R_100,553.8
1778156794,R_100,553.79
1778156796,R_100,553.59
1778156798,R_100,553.65
1778156800,R_100,553.79
1778156802,R_100,553.57
1778156804,R_100,553.6
1778156806,R_100,553.45
1778156808,R_100,553.62
1778156810,R_100,553.59
1778156812,R_100,553.84
1778156814,R_100,553.99
1778156816,R_100,554.03
1778156818,R_100,553.87
1778156820,R_100,554.02
1778156822,R_100,554.07
1778156824,R_100,554
1778156826,R_100,554.04
1778156828,R_100,553.71
1778156830,R_100,553.56
1778156832,R_100,553.75
1778156834,R_100,553.73
1778156836,R_100,553.48
1778156838,R_100,553.55
1778156840,R_100,553.64
1778156842,R_100,553.69
1778156844,R_100,553.62
1778156846,R_100,553.64
1778156848,R_100,553.6
1778156850,R_100,553.57
1778156852,R_100,553.51
1778156854,R_100,553.43
1778156856,R_100,553.67
1778156858,R_100,553.66
1778156860,R_100,553.72
1778156862,R_100,553.54
1778156864,R_100,553.58
1778156866,R_100,553.48
1778156868,R_100,553.6
1778156870,R_100,553.78
1778156872,R_100,553.68
1778156874,R_100,553.78
1778156876,R_100,554.02
1778156878,R_100,554.09
1778156880,R_100,554.35
1778156882,R_100,554.77
1778156884,R_100,555
1778156886,R_100,554.78
1778156888,R_100,554.7
1778156890,R_100,554.72
1778156892,R_100,554.93
1778156894,R_100,554.94
1778156896,R_100,555.2
1778156898,R_100,555.14
1778156900,R_100,554.96
1778156902,R_100,554.73
1778156904,R_100,554.85
1778156906,R_100,554.53
1778156908,R_100,554.33
1778156910,R_100,554.21
1778156912,R_100,554.27
1778156914,R_100,554.33
1778156916,R_100,554.25
1778156918,R_100,554.35
1778156920,R_100,554.18
1778156922,R_100,554.26
1778156924,R_100,554.29
1778156926,R_100,554.37
1778156928,R_100,554.34
1778156930,R_100,554.43
1778156932,R_100,554.44
1778156934,R_100,554.3
1778156936,R_100,554.37
1778156938,R_100,554.49
1778156940,R_100,554.58
1778156942,R_100,554.64
1778156944,R_100,554.76
1778156946,R_100,554.64
1778156948,R_100,554.76
1778156950,R_100,554.83
1778156952,R_100,554.86
1778156954,R_100,554.95
1778156956,R_100,554.86
1778156958,R_100,555.2
1778156960,R_100,555.36
1778156962,R_100,555.45
1778156964,R_100,555.46
1778156966,R_100,555.53
1778156968,R_100,555.57
1778156970,R_100,555.6
1778156972,R_100,555.61
1778156974,R_100,555.79
1778156976,R_100,555.63
1778156978,R_100,555.87
1778156980,R_100,556.05
1778156982,R_100,555.98
1778156984,R_100,555.96
1778156986,R_100,556.22
1778156988,R_100,556.28
1778156990,R_100,556.4
1778156992,R_100,556.42
1778156994,R_100,556.5
1778156996,R_100,556.44
1778156998,R_100,556.31
1778157000,R_100,556.38
1778157002,R_100,556.49
1778157004,R_100,556.46
1778157006,R_100,556.63
1778157008,R_100,556.52
1778157010,R_100,556.46
1778157012,R_100,556.38
1778157014,R_100,556.48
1778157016,R_100,556.37
1778157018,R_100,556.38
1778157020,R_100,556.39
1778157022,R_100,556.49
1778157024,R_100,556.42
1778157026,R_100,556.38
1778157028,R_100,556.07
1778157030,R_100,556.39
1778157032,R_100,555.99
1778157034,R_100,556.09
1778157036,R_100,556.19
1778157038,R_100,556.06
1778157040,R_100,556.17
1778157042,R_100,556.33
1778157044,R_100,556.17
1778157046,R_100,556.12
1778157048,R_100,556.09
1778157050,R_100,556
1778157052,R_100,555.81
1778157054,R_100,555.97
1778157056,R_100,555.87
1778157058,R_100,555.79
1778157060,R_100,555.87
1778157062,R_100,555.86
1778157064,R_100,555.85
1778157066,R_100,555.81
1778157068,R_100,555.71
1778157070,R_100,555.51
1778157072,R_100,555.42
1778157074,R_100,555.45
1778157076,R_100,555.44
1778157078,R_100,555.39
1778157080,R_100,555.12
1778157082,R_100,555.28
1778157084,R_100,555.29
1778157086,R_100,555.25
1778157088,R_100,555.39
1778157090,R_100,555.54
1778157092,R_100,555.44
1778157094,R_100,555.35
1778157096,R_100,555.71
1778157098,R_100,555.6
1778157100,R_100,555.59
1778157102,R_100,555.62
1778157104,R_100,555.65
1778157106,R_100,555.24
1778157108,R_100,555.29
1778157110,R_100,555.29
1778157112,R_100,555.26
1778157114,R_100,555.13
1778157116,R_100,554.86
1778157118,R_100,554.84
1778157120,R_100,554.66
1778157122,R_100,554.65
1778157124,R_100,554.56
1778157126,R_100,554.67
1778157128,R_100,554.82
1778157130,R_100,555.11
1778157132,R_100,555.04
1778157134,R_100,555
1778157136,R_100,554.83
1778157138,R_100,555.03
1778157140,R_100,555.01
1778157142,R_100,555.01
1778157144,R_100,554.8
1778157146,R_100,554.78
1778157148,R_100,554.68
1778157150,R_100,554.61
1778157152,R_100,554.76
1778157154,R_100,554.78
1778157156,R_100,554.79
1778157158,R_100,554.71
1778157160,R_100,554.71
1778157162,R_100,554.66
1778157164,R_100,554.67
1778157166,R_100,554.55
1778157168,R_100,554.45
1778157170,R_100,554.29
1778157172,R_100,554.31
1778157174,R_100,554.66
1778157176,R_100,554.78
1778157178,R_100,554.7
1778157180,R_100,554.59
1778157182,R_100,554.74
1778157184,R_100,554.63
1778157186,R_100,554.8
1778157188,R_100,555.05
1778157190,R_100,555.09
1778157192,R_100,554.95
1778157194,R_100,555.11
1778157196,R_100,555.04
1778157198,R_100,554.96
1778157200,R_100,555.1
1778157202,R_100,554.99
1778157204,R_100,555.02
1778157206,R_100,555.14
1778157208,R_100,555.21
1778157210,R_100,555.25
1778157212,R_100,555.16
1778157214,R_100,555.19
1778157216,R_100,555.25
1778157218,R_100,555.24
1778157220,R_100,555.15
1778157222,R_100,555.02
1778157224,R_100,555
1778157226,R_100,555.04
1778157228,R_100,555.24
1778157230,R_100,555.32
1778157232,R_100,555.27
1778157234,R_100,555.55
1778157236,R_100,555.63
1778157238,R_100,555.54
1778157240,R_100,555.72
1778157242,R_100,555.82
1778157244,R_100,555.8
1778157246,R_100,555.73
1778157248,R_100,555.71
1778157250,R_100,555.64
1778157252,R_100,555.76
1778157254,R_100,555.92
1778157256,R_100,556.04
1778157258,R_100,556.25
1778157260,R_100,556.31
1778157262,R_100,556.43
1778157264,R_100,556.21
1778157266,R_100,556.22
1778157268,R_100,556
1778157270,R_100,555.85
1778157272,R_100,556.13
1778157274,R_100,556.48
1778157276,R_100,556.66
1778157278,R_100,556.62
1778157280,R_100,556.71
1778157282,R_100,556.52
1778157284,R_100,556.79
1778157286,R_100,556.81
1778157288,R_100,556.88
1778157290,R_100,556.84
1778157292,R_100,556.68
1778157294,R_100,556.82
1778157296,R_100,556.67
1778157298,R_100,556.52
1778157300,R_100,556.56
1778157302,R_100,556.8
1778157304,R_100,556.74
1778157306,R_100,556.69
1778157308,R_100,556.69
1778157310,R_100,557.12
1778157312,R_100,557.13
1778157314,R_100,557.1
1778157316,R_100,557.03
1778157318,R_100,557.14
1778157320,R_100,557.11
1778157322,R_100,557.22
1778157324,R_100,557.27
1778157326,R_100,557.16
1778157328,R_100,557.16
1778157330,R_100,557.2
1778157332,R_100,557.39
1778157334,R_100,557.54
1778157336,R_100,557.74
1778157338,R_100,557.97
1778157340,R_100,558.11
1778157342,R_100,557.88
1778157344,R_100,557.75
1778157346,R_100,557.81
1778157348,R_100,557.86
1778157350,R_100,557.82
1778157352,R_100,558.08
1778157354,R_100,558.13
1778157356,R_100,557.92
1778157358,R_100,557.75
1778157360,R_100,557.77
1778157362,R_100,557.74
1778157364,R_100,557.85
1778157366,R_100,557.84
1778157368,R_100,557.8
1778157370,R_100,557.87
1778157372,R_100,557.76
1778157374,R_100,557.78
1778157376,R_100,557.67
1778157378,R_100,557.56
1778157380,R_100,557.65
1778157382,R_100,557.86
1778157384,R_100,558.16
1778157386,R_100,558.39
1778157388,R_100,558.43
1778157390,R_100,558.29
1778157392,R_100,558.23
1778157394,R_100,558.24
1778157396,R_100,558.12
1778157398,R_100,557.95
1778157400,R_100,557.81
1778157402,R_100,557.86
1778157404,R_100,558.1
1778157406,R_100,558.18
1778157408,R_100,557.95
1778157410,R_100,558.17
1778157412,R_100,558.4
1778157414,R_100,558.48
1778157416,R_100,558.41
1778157418,R_100,558.53
1778157420,R_100,558.27
1778157422,R_100,558.09
1778157424,R_100,558.42
1778157426,R_100,558.34
1778157428,R_100,558.28
1778157430,R_100,558.12
1778157432,R_100,558.3
1778157434,R_100,558.19
1778157436,R_100,558.3
1778157438,R_100,558.11
1778157440,R_100,558
1778157442,R_100,557.98
1778157444,R_100,558.17
1778157446,R_100,558.41
1778157448,R_100,558.59
1778157450,R_100,558.54
1778157452,R_100,558.58
1778157454,R_100,558.81
1778157456,R_100,558.7
1778157458,R_100,558.59
1778157460,R_100,558.58
1778157462,R_100,558.38
1778157464,R_100,558.36
1778157466,R_100,558.3
1778157468,R_100,558.14
1778157470,R_100,558.23
1778157472,R_100,558.48
1778157474,R_100,558.4
1778157476,R_100,558.37
1778157478,R_100,558.23
1778157480,R_100,558.27
1778157482,R_100,558.29
1778157484,R_100,558.47
1778157486,R_100,558.32
1778157488,R_100,557.99
1778157490,R_100,558.05
1778157492,R_100,557.92
1778157494,R_100,558.06
1778157496,R_100,558.28
1778157498,R_100,558.13
1778157500,R_100,558.08
1778157502,R_100,558.14
1778157504,R_100,558.04
1778157506,R_100,558.21
1778157508,R_100,558.19
1778157510,R_100,558.46
1778157512,R_100,558.31
1778157514,R_100,558.27
1778157516,R_100,558.29
1778157518,R_100,558.29
1778157520,R_100,558.43
1778157522,R_100,558.27
1778157524,R_100,558.24
1778157526,R_100,558.23
1778157528,R_100,558.27
1778157530,R_100,558.1
1778157532,R_100,557.98
1778157534,R_100,558.04
1778157536,R_100,558.18
1778157538,R_100,558.42
1778157540,R_100,558.63
1778157542,R_100,558.63
1778157544,R_100,558.59
1778157546,R_100,558.7
1778157548,R_100,558.75
1778157550,R_100,558.77
1778157552,R_100,558.86
1778157554,R_100,558.93
1778157556,R_100,559
1778157558,R_100,558.95
1778157560,R_100,559.1
1778157562,R_100,559.22
1778157564,R_100,559.4
1778157566,R_100,559.44
1778157568,R_100,559.55
1778157570,R_100,559.73
1778157572,R_100,559.67
1778157574,R_100,559.5
1778157576,R_100,559.58
1778157578,R_100,559.79
1778157580,R_100,559.8
1778157582,R_100,559.82
1778157584,R_100,559.88
1778157586,R_100,559.9
1778157588,R_100,560.03
1778157590,R_100,559.96
1778157592,R_100,559.98
1778157594,R_100,560.34
1778157596,R_100,560.21
1778157598,R_100,560.05
1778157600,R_100,559.94
1778157602,R_100,560.01
1778157604,R_100,559.81
1778157606,R_100,559.93
1778157608,R_100,559.9
1778157610,R_100,559.93
1778157612,R_100,559.93
1778157614,R_100,560.05
1778157616,R_100,560.25
1778157618,R_100,560.45
1778157620,R_100,560.37
1778157622,R_100,560.45
1778157624,R_100,560.45
1778157626,R_100,560.43
1778157628,R_100,560.28
1778157630,R_100,560.1
1778157632,R_100,560.11
1778157634,R_100,560.12
1778157636,R_100,560
1778157638,R_100,560.09
1778157640,R_100,560.04
1778157642,R_100,560.38
1778157644,R_100,560.39
1778157646,R_100,560.44
1778157648,R_100,560.46
1778157650,R_100,560.34
1778157652,R_100,559.88
1778157654,R_100,559.8
1778157656,R_100,559.89
1778157658,R_100,559.78
1778157660,R_100,559.78
1778157662,R_100,559.19
1778157664,R_100,558.87
1778157666,R_100,558.77
1778157668,R_100,558.66
1778157670,R_100,558.53
1778157672,R_100,558.56
1778157674,R_100,558.55
1778157676,R_100,558.35
1778157678,R_100,558.4
1778157680,R_100,558.44
1778157682,R_100,558.32
1778157684,R_100,558.37
1778157686,R_100,558.42
1778157688,R_100,558.49
1778157690,R_100,558.45
1778157692,R_100,558.32
1778157694,R_100,558.15
1778157696,R_100,558.11
1778157698,R_100,558.16
1778157700,R_100,558
1778157702,R_100,558.05
1778157704,R_100,558.07
1778157706,R_100,557.83
1778157708,R_100,557.63
1778157710,R_100,557.65
1778157712,R_100,557.41
1778157714,R_100,557.4
1778157716,R_100,557.07
1778157718,R_100,557.14
1778157720,R_100,557.13
1778157722,R_100,557.15
1778157724,R_100,557.27
1778157726,R_100,557.38
1778157728,R_100,557.43
1778157730,R_100,557.61
1778157732,R_100,557.84
1778157734,R_100,557.96
1778157736,R_100,557.93
1778157738,R_100,557.7
1778157740,R_100,557.89
1778157742,R_100,557.86
1778157744,R_100,558.01
1778157746,R_100,558.01
1778157748,R_100,557.9
1778157750,R_100,557.97
1778157752,R_100,557.99
1778157754,R_100,557.98
1778157756,R_100,558.27
1778157758,R_100,558.17
1778157760,R_100,558.16
1778157762,R_100,557.92
1778157764,R_100,558.06
1778157766,R_100,558.01
1778157768,R_100,558.08
1778157770,R_100,557.97
1778157772,R_100,557.91
1778157774,R_100,557.95
1778157776,R_100,557.94
1778157778,R_100,557.63
1778157780,R_100,557.62
1778157782,R_100,557.6
1778157784,R_100,557.52
1778157786,R_100,557.18
1778157788,R_100,557.23
1778157790,R_100,557.21
1778157792,R_100,557.19
1778157794,R_100,557.5
1778157796,R_100,557.5
1778157798,R_100,557.61
1778157800,R_100,557.43
1778157802,R_100,557.42
1778157804,R_100,557.44
1778157806,R_100,557.55
1778157808,R_100,557.55
1778157810,R_100,557.6
1778157812,R_100,557.67
1778157814,R_100,557.68
1778157816,R_100,557.6
1778157818,R_100,557.47
1778157820,R_100,557.27
1778157822,R_100,557.34
1778157824,R_100,557.28
1778157826,R_100,557.36
1778157828,R_100,557.16
1778157830,R_100,556.93
1778157832,R_100,557.02
1778157834,R_100,556.96
1778157836,R_100,556.94
1778157838,R_100,556.84
1778157840,R_100,556.86
1778157842,R_100,556.82
1778157844,R_100,556.81
1778157846,R_100,556.9
1778157848,R_100,556.92
1778157850,R_100,557.45
1778157852,R_100,557.47
1778157854,R_100,557.46
1778157856,R_100,557.62
1778157858,R_100,557.42
1778157860,R_100,557.28
1778157862,R_100,557.44
1778157864,R_100,557.54
1778157866,R_100,557.44
1778157868,R_100,557.21
1778157870,R_100,556.88
1778157872,R_100,557.05
1778157874,R_100,556.96
1778157876,R_100,557.03
1778157878,R_100,556.83
1778157880,R_100,557.01
1778157882,R_100,557.01
1778157884,R_100,557.09
1778157886,R_100,557.25
1778157888,R_100,557.33
1778157890,R_100,557.18
1778157892,R_100,557.13
1778157894,R_100,557.35
1778157896,R_100,557.15
1778157898,R_100,557.2
1778157900,R_100,556.82
1778157902,R_100,557.01
1778157904,R_100,556.93
1778157906,R_100,556.8
1778157908,R_100,556.75
1778157910,R_100,556.93
1778157912,R_100,556.83
1778157914,R_100,556.9
1778157916,R_100,557.02
1778157918,R_100,557.1
1778157920,R_100,556.8
1778157922,R_100,556.97
1778157924,R_100,557.14
1778157926,R_100,557.22
1778157928,R_100,556.94
1778157930,R_100,556.75
1778157932,R_100,556.81
1778157934,R_100,556.78
1778157936,R_100,557.09
1778157938,R_100,557.39
1778157940,R_100,557.43
1778157942,R_100,557.42
1778157944,R_100,557.2
1778157946,R_100,557.48
1778157948,R_100,557.7
1778157950,R_100,557.72
1778157952,R_100,557.95
1778157954,R_100,557.9
1778157956,R_100,557.92
1778157958,R_100,558.14
1778157960,R_100,558.33
1778157962,R_100,558.19
1778157964,R_100,558.42
1778157966,R_100,558.7
1778157968,R_100,558.95
1778157970,R_100,559.27
1778157972,R_100,559.32
1778157974,R_100,559.32
1778157976,R_100,559.6
1778157978,R_100,559.67
1778157980,R_100,559.54
1778157982,R_100,559.39
1778157984,R_100,559.13
1778157986,R_100,559.08
1778157988,R_100,558.82
1778157990,R_100,559.1
1778157992,R_100,559.26
1778157994,R_100,559.12
1778157996,R_100,559.28
1778157998,R_100,559.58
1778158000,R_100,559.52
1778158002,R_100,559.42
1778158004,R_100,559.27
1778158006,R_100,559.54
1778158008,R_100,559.72
1778158010,R_100,559.74
1778158012,R_100,559.69
1778158014,R_100,559.61
1778158016,R_100,559.47
1778158018,R_100,559.28
1778158020,R_100,559.31
1778158022,R_100,559.35
1778158024,R_100,559.76
1778158026,R_100,559.63
1778158028,R_100,559.49
1778158030,R_100,559.42
1778158032,R_100,559.4
1778158034,R_100,559.52
1778158036,R_100,559.45
1778158038,R_100,559.4
1778158040,R_100,559.29
1778158042,R_100,559.11
1778158044,R_100,558.93
1778158046,R_100,559.03
1778158048,R_100,558.97
1778158050,R_100,558.99
1778158052,R_100,558.83
1778158054,R_100,558.88
1778158056,R_100,558.81
1778158058,R_100,558.71
1778158060,R_100,558.65
1778158062,R_100,558.7
1778158064,R_100,558.52
1778158066,R_100,558.59
1778158068,R_100,558.73
1778158070,R_100,558.6
1778158072,R_100,558.68
1778158074,R_100,558.46
1778158076,R_100,558.39
1778158078,R_100,558.12
1778158080,R_100,558.22
1778158082,R_100,558.23
1778158084,R_100,558.34
1778158086,R_100,558.3
1778158088,R_100,558.33
1778158090,R_100,558.35
1778158092,R_100,558.46
1778158094,R_100,558.43
1778158096,R_100,558.27
1778158098,R_100,558.23
1778158100,R_100,558.2
1778158102,R_100,558.16
1778158104,R_100,558.14
1778158106,R_100,558.34
1778158108,R_100,558.6
1778158110,R_100,558.65
1778158112,R_100,558.71
1778158114,R_100,558.63
1778158116,R_100,558.86
1778158118,R_100,558.86
1778158120,R_100,558.78
1778158122,R_100,558.66
1778158124,R_100,558.67
1778158126,R_100,558.69
1778158128,R_100,558.91
1778158130,R_100,558.76
1778158132,R_100,558.85
1778158134,R_100,558.85
1778158136,R_100,558.7
1778158138,R_100,558.76
1778158140,R_100,558.56
1778158142,R_100,558.62
1778158144,R_100,558.65
1778158146,R_100,558.91
1778158148,R_100,559.16
1778158150,R_100,559.11
1778158152,R_100,559.15
1778158154,R_100,559.13
1778158156,R_100,559.23
1778158158,R_100,559.23
1778158160,R_100,559.28
1778158162,R_100,559.03
1778158164,R_100,559.17
1778158166,R_100,558.75
1778158168,R_100,558.91
1778158170,R_100,559.13
1778158172,R_100,559.27
1778158174,R_100,559.24
1778158176,R_100,559.02
1778158178,R_100,559.04
1778158180,R_100,559.25
1778158182,R_100,559.37
1778158184,R_100,559.78
1778158186,R_100,559.83
1778158188,R_100,559.76
1778158190,R_100,559.83
1778158192,R_100,559.88
1778158194,R_100,559.91
1778158196,R_100,559.89
1778158198,R_100,559.65
1778158200,R_100,559.64
1778158202,R_100,559.59
1778158204,R_100,559.62
1778158206,R_100,559.36
1778158208,R_100,559.2
1778158210,R_100,559.28
1778158212,R_100,559.3
1778158214,R_100,559.45
1778158216,R_100,559.32
1778158218,R_100,559.01
1778158220,R_100,558.63
1778158222,R_100,558.74
1778158224,R_100,558.54
1778158226,R_100,558.52
1778158228,R_100,558.49
1778158230,R_100,558.26
1778158232,R_100,558.28
1778158234,R_100,558.47
1778158236,R_100,558.13
1778158238,R_100,558.24
1778158240,R_100,558.26
1778158242,R_100,558.44
1778158244,R_100,558.52
1778158246,R_100,558.54
1778158248,R_100,558.48
1778158250,R_100,558.55
1778158252,R_100,558.44
1778158254,R_100,558.46
1778158256,R_100,558.4
1778158258,R_100,558.18
1778158260,R_100,558.1
1778158262,R_100,558.22
1778158264,R_100,557.97
1778158266,R_100,557.73
1778158268,R_100,558
1778158270,R_100,557.75
1778158272,R_100,557.74
1778158274,R_100,557.38
1778158276,R_100,557.69
1778158278,R_100,557.7
1778158280,R_100,557.53
1778158282,R_100,557.6
1778158284,R_100,557.68
1778158286,R_100,557.46
1778158288,R_100,557.42
1778158290,R_100,557.26
1778158292,R_100,557.34
1778158294,R_100,557.41
1778158296,R_100,557.26
1778158298,R_100,557.43
1778158300,R_100,557.52
1778158302,R_100,557.59
1778158304,R_100,557.5
1778158306,R_100,557.46
1778158308,R_100,557.66
1778158310,R_100,557.76
1778158312,R_100,557.71
1778158314,R_100,557.89
1778158316,R_100,557.93
1778158318,R_100,558.14
1778158320,R_100,557.95
1778158322,R_100,557.92
1778158324,R_100,557.93
1778158326,R_100,557.71
1778158328,R_100,557.6
1778158330,R_100,557.68
1778158332,R_100,557.63
1778158334,R_100,557.6
1778158336,R_100,557.53
1778158338,R_100,557.76
1778158340,R_100,557.72
1778158342,R_100,557.6
1778158344,R_100,557.44
1778158346,R_100,557.34
1778158348,R_100,557.2
1778158350,R_100,557.19
1778158352,R_100,557.18
1778158354,R_100,557.04
1778158356,R_100,557.12
1778158358,R_100,557.1
1778158360,R_100,556.9
1778158362,R_100,556.73
1778158364,R_100,556.89
1778158366,R_100,556.94
1778158368,R_100,556.9
1778158370,R_100,557.13
1778158372,R_100,557.43
1778158374,R_100,557.25
1778158376,R_100,557.27
1778158378,R_100,557.09
1778158380,R_100,557.11
1778158382,R_100,557.2
1778158384,R_100,557.22
1778158386,R_100,557.1
1778158388,R_100,556.83
1778158390,R_100,556.8
1778158392,R_100,556.85
1778158394,R_100,557
1778158396,R_100,557.13
1778158398,R_100,557.21
1778158400,R_100,557.14
1778158402,R_100,557.06
1778158404,R_100,557.19
1778158406,R_100,557.14
1778158408,R_100,557.13
1778158410,R_100,556.77
1778158412,R_100,556.55
1778158414,R_100,556.42
1778158416,R_100,556.43
1778158418,R_100,556.47
1778158420,R_100,556.46
1778158422,R_100,556.3
1778158424,R_100,556.28
1778158426,R_100,556.31
1778158428,R_100,556.44
1778158430,R_100,556.75
1778158432,R_100,556.8
1778158434,R_100,556.77
1778158436,R_100,556.62
1778158438,R_100,556.72
1778158440,R_100,557.07
1778158442,R_100,556.98
1778158444,R_100,557.05
1778158446,R_100,557.09
1778158448,R_100,557.21
1778158450,R_100,557.14
1778158452,R_100,557.42
1778158454,R_100,557.39
1778158456,R_100,557.52
1778158458,R_100,557.65
1778158460,R_100,557.65
1778158462,R_100,557.51
1778158464,R_100,557.22
1778158466,R_100,557.39
1778158468,R_100,557.04
1778158470,R_100,557.2
1778158472,R_100,557.33
1778158474,R_100,557.68
1778158476,R_100,557.57
1778158478,R_100,557.49
1778158480,R_100,557.6
1778158482,R_100,557.65
1778158484,R_100,557.6
1778158486,R_100,557.63
1778158488,R_100,557.79
1778158490,R_100,557.83
1778158492,R_100,557.95
1778158494,R_100,557.84
1778158496,R_100,558.06
1778158498,R_100,558.15
1778158500,R_100,558.19
1778158502,R_100,558.05
1778158504,R_100,557.87
1778158506,R_100,557.76
1778158508,R_100,558.01
1778158510,R_100,557.85
1778158512,R_100,557.85
1778158514,R_100,557.77
1778158516,R_100,557.85
1778158518,R_100,558.02
1778158520,R_100,558.07
1778158522,R_100,558.2
1778158524,R_100,558.35
1778158526,R_100,558.16
1778158528,R_100,558.24
1778158530,R_100,558.12
1778158532,R_100,557.99
1778158534,R_100,558.09
1778158536,R_100,558.26
1778158538,R_100,558.28
1778158540,R_100,558.06
1778158542,R_100,558.12
1778158544,R_100,558.01
1778158546,R_100,558.12
1778158548,R_100,558.12
1778158550,R_100,558.12
1778158552,R_100,557.99
1778158554,R_100,558.03
1778158556,R_100,558.28
1778158558,R_100,558.38
1778158560,R_100,558.39
1778158562,R_100,558.25
1778158564,R_100,558.07
1778158566,R_100,557.9
1778158568,R_100,557.72
1778158570,R_100,557.89
1778158572,R_100,558.04
1778158574,R_100,558.03
1778158576,R_100,558.07
1778158578,R_100,558.14
1778158580,R_100,558.3
1778158582,R_100,558.23
1778158584,R_100,557.99
1778158586,R_100,557.93
1778158588,R_100,557.83
1778158590,R_100,557.81
1778158592,R_100,557.86
1778158594,R_100,557.67
1778158596,R_100,557.57
1778158598,R_100,557.38
1778158600,R_100,557.45
1778158602,R_100,557.43
1778158604,R_100,557.57
1778158606,R_100,557.49
1778158608,R_100,557.47
1778158610,R_100,557.65
1778158612,R_100,557.59
1778158614,R_100,557.61
1778158616,R_100,557.43
1778158618,R_100,557.24
1778158620,R_100,557.26
1778158622,R_100,557.15
1778158624,R_100,557.16
1778158626,R_100,557.12
1778158628,R_100,557.1
1778158630,R_100,556.89
1778158632,R_100,556.8
1778158634,R_100,556.6
1778158636,R_100,556.34
1778158638,R_100,556.52
1778158640,R_100,556.65
1778158642,R_100,556.61
1778158644,R_100,556.63
1778158646,R_100,556.86
1778158648,R_100,556.76
1778158650,R_100,556.71
1778158652,R_100,556.63
1778158654,R_100,556.71
1778158656,R_100,556.73
1778158658,R_100,556.54
1778158660,R_100,556.49
1778158662,R_100,556.54
1778158664,R_100,556.55
1778158666,R_100,556.64
1778158668,R_100,556.61
1778158670,R_100,556.64
1778158672,R_100,556.65
1778158674,R_100,556.54
1778158676,R_100,556.62
1778158678,R_100,556.63
1778158680,R_100,556.69
1778158682,R_100,556.83
1778158684,R_100,556.94
1778158686,R_100,556.99
1778158688,R_100,556.99
1778158690,R_100,557.07
1778158692,R_100,557
1778158694,R_100,557.27
1778158696,R_100,557.37
1778158698,R_100,557.06
1778158700,R_100,557.12
1778158702,R_100,557.01
1778158704,R_100,556.98
1778158706,R_100,556.96
1778158708,R_100,557.22
1778158710,R_100,557.25
1778158712,R_100,557.27
1778158714,R_100,557.26
1778158716,R_100,557.32
1778158718,R_100,557.35
1778158720,R_100,557.05
1778158722,R_100,556.96
1778158724,R_100,557.25
1778158726,R_100,557.28
1778158728,R_100,557.2
1778158730,R_100,557.07
1778158732,R_100,557.12
1778158734,R_100,557.32
1778158736,R_100,557.19
1778158738,R_100,557.16
1778158740,R_100,557.16
1778158742,R_100,557.14
1778158744,R_100,557.12
1778158746,R_100,557.12
1778158748,R_100,557.17
1778158750,R_100,557.28
1778158752,R_100,557.23
1778158754,R_100,557.08
1778158756,R_100,556.96
1778158758,R_100,556.82
1778158760,R_100,556.85
1778158762,R_100,556.69
1778158764,R_100,556.7
1778158766,R_100,556.64
1778158768,R_100,556.62
1778158770,R_100,556.6
1778158772,R_100,556.74
1778158774,R_100,556.68
1778158776,R_100,556.71
1778158778,R_100,556.75
1778158780,R_100,556.6
1778158782,R_100,556.49
1778158784,R_100,556.4
1778158786,R_100,556.48
1778158788,R_100,556.28
1778158790,R_100,556.2
1778158792,R_100,556.25
1778158794,R_100,556.32
1778158796,R_100,556.2
1778158798,R_100,556.42
1778158800,R_100,556.58
1778158802,R_100,556.6
1778158804,R_100,556.45
1778158806,R_100,556.3
1778158808,R_100,556.28
1778158810,R_100,556.4
1778158812,R_100,556.74
1778158814,R_100,556.76
1778158816,R_100,556.87
1778158818,R_100,556.96
1778158820,R_100,556.81
1778158822,R_100,557.06
1778158824,R_100,556.89
1778158826,R_100,556.97
1778158828,R_100,556.96
1778158830,R_100,557.24
1778158832,R_100,557.29
1778158834,R_100,557.14
1778158836,R_100,557.28
1778158838,R_100,557.19
1778158840,R_100,557.06
1778158842,R_100,557.32
1778158844,R_100,557.33
1778158846,R_100,557.16
1778158848,R_100,557.15
1778158850,R_100,557.11
1778158852,R_100,557.26
1778158854,R_100,557.15
1778158856,R_100,557.25
1778158858,R_100,557.24
1778158860,R_100,557.34
1778158862,R_100,557.3
1778158864,R_100,557.45
1778158866,R_100,557.43
1778158868,R_100,557.55
1778158870,R_100,557.32
1778158872,R_100,557.31
1778158874,R_100,557.43
1778158876,R_100,557.63
1778158878,R_100,557.6
1778158880,R_100,557.54
1778158882,R_100,557.81
1778158884,R_100,557.83
1778158886,R_100,557.81
1778158888,R_100,557.63
1778158890,R_100,557.64
1778158892,R_100,557.66
1778158894,R_100,557.67
1778158896,R_100,557.74
1778158898,R_100,557.43
1778158900,R_100,557.31
1778158902,R_100,557.44
1778158904,R_100,557.49
1778158906,R_100,557.63
1778158908,R_100,557.28
1778158910,R_100,557.31
1778158912,R_100,557.41
1778158914,R_100,557.42
1778158916,R_100,557.41
1778158918,R_100,557.22
1778158920,R_100,557.24
1778158922,R_100,557.42
1778158924,R_100,557.3
1778158926,R_100,557.43
1778158928,R_100,557.2
1778158930,R_100,557.6
1778158932,R_100,557.54
1778158934,R_100,557.81
1778158936,R_100,558.18
1778158938,R_100,558.24
1778158940,R_100,558.33
1778158942,R_100,558.3
1778158944,R_100,558.21
1778158946,R_100,558.06
1778158948,R_100,558.09
1778158950,R_100,558.09
1778158952,R_100,557.95
1778158954,R_100,558.21
1778158956,R_100,558.01
1778158958,R_100,558.21
1778158960,R_100,558.14
1778158962,R_100,558.21
1778158964,R_100,558.03
1778158966,R_100,558.25
1778158968,R_100,558.42
1778158970,R_100,558.39
1778158972,R_100,558.49
1778158974,R_100,558.19
1778158976,R_100,558.4
1778158978,R_100,558.3
1778158980,R_100,558.41
1778158982,R_100,558.34
1778158984,R_100,558.35
1778158986,R_100,558.35
1778158988,R_100,558.49
1778158990,R_100,558.87
1778158992,R_100,558.88
1778158994,R_100,558.89
1778158996,R_100,558.99
1778158998,R_100,559.21
1778159000,R_100,559.31
1778159002,R_100,559.66
1778159004,R_100,559.78
1778159006,R_100,559.69
1778159008,R_100,559.66
1778159010,R_100,559.56
1778159012,R_100,559.53
1778159014,R_100,559.5
1778159016,R_100,559.33
1778159018,R_100,559.15
1778159020,R_100,558.9
1778159022,R_100,559.05
1778159024,R_100,559.05
1778159026,R_100,559.16
1778159028,R_100,559.22
1778159030,R_100,559.12
1778159032,R_100,559.11
1778159034,R_100,559.12
1778159036,R_100,559.14
1778159038,R_100,559.07
1778159040,R_100,559.16
1778159042,R_100,559.21
1778159044,R_100,559.1
1778159046,R_100,558.98
1778159048,R_100,558.79
1778159050,R_100,558.8
1778159052,R_100,558.84
1778159054,R_100,558.9
1778159056,R_100,558.7
1778159058,R_100,558.65
1778159060,R_100,558.54
1778159062,R_100,558.51
1778159064,R_100,558.54
1778159066,R_100,558.41
1778159068,R_100,558.43
1778159070,R_100,558.39
1778159072,R_100,557.98
1778159074,R_100,558.25
1778159076,R_100,558.14
1778159078,R_100,558.11
1778159080,R_100,558.22
1778159082,R_100,558.25
1778159084,R_100,558.12
1778159086,R_100,557.98
1778159088,R_100,557.56
1778159090,R_100,557.31
1778159092,R_100,557.4
1778159094,R_100,557.54
1778159096,R_100,557.64
1778159098,R_100,557.51
1778159100,R_100,557.61
1778159102,R_100,557.78
1778159104,R_100,557.67
1778159106,R_100,557.62
1778159108,R_100,557.4
1778159110,R_100,557.43
1778159112,R_100,557.44
1778159114,R_100,557.23
1778159116,R_100,557.11
1778159118,R_100,557.23
1778159120,R_100,557.2
1778159122,R_100,556.97
1778159124,R_100,557.02
1778159126,R_100,557.23
1778159128,R_100,557.31
1778159130,R_100,557.53
1778159132,R_100,557.45
1778159134,R_100,557.47
1778159136,R_100,557.43
1778159138,R_100,557.55
1778159140,R_100,557.68
1778159142,R_100,557.71
1778159144,R_100,557.4
1778159146,R_100,557.38
1778159148,R_100,557.37
1778159150,R_100,557.34
1778159152,R_100,557.13
1778159154,R_100,556.93
1778159156,R_100,557.09
1778159158,R_100,557.05
1778159160,R_100,556.99
1778159162,R_100,556.93
1778159164,R_100,557.22
1778159166,R_100,557.14
1778159168,R_100,557.38
1778159170,R_100,557.48
1778159172,R_100,557.24
1778159174,R_100,557.29
1778159176,R_100,557.11
1778159178,R_100,557.18
1778159180,R_100,557.09
1778159182,R_100,557.12
1778159184,R_100,557.25
1778159186,R_100,557.46
1778159188,R_100,557.58
1778159190,R_100,557.7
1778159192,R_100,557.68
1778159194,R_100,557.55
1778159196,R_100,557.39
1778159198,R_100,557.24
1778159200,R_100,557.41
1778159202,R_100,557.46
1778159204,R_100,557.39
1778159206,R_100,557.52
1778159208,R_100,557.42
1778159210,R_100,557.48
1778159212,R_100,557.47
1778159214,R_100,557.39
1778159216,R_100,557.52
1778159218,R_100,557.56
1778159220,R_100,557.73
1778159222,R_100,557.68
1778159224,R_100,557.52
1778159226,R_100,557.39
1778159228,R_100,557.47
1778159230,R_100,557.48
1778159232,R_100,557.82
1778159234,R_100,557.75
1778159236,R_100,557.72
1778159238,R_100,557.92
1778159240,R_100,557.85
1778159242,R_100,557.9
1778159244,R_100,557.94
1778159246,R_100,557.91
1778159248,R_100,558.05
1778159250,R_100,558.03
1778159252,R_100,558.22
1778159254,R_100,558.03
1778159256,R_100,558.08
1778159258,R_100,558.02
1778159260,R_100,558.07
1778159262,R_100,557.96
1778159264,R_100,558.07
1778159266,R_100,558.12
1778159268,R_100,558.24
1778159270,R_100,558.07
1778159272,R_100,558.02
1778159274,R_100,558.14
1778159276,R_100,558.26
1778159278,R_100,558.34
1778159280,R_100,558.34
1778159282,R_100,558.49
1778159284,R_100,558.49
1778159286,R_100,558.41
1778159288,R_100,558.55
1778159290,R_100,558.44
1778159292,R_100,558.23
1778159294,R_100,558.29
1778159296,R_100,558.26
1778159298,R_100,558.51
1778159300,R_100,558.48
1778159302,R_100,558.47
1778159304,R_100,558.55
1778159306,R_100,558.54
1778159308,R_100,558.79
1778159310,R_100,558.94
1778159312,R_100,559.06
1778159314,R_100,559.04
1778159316,R_100,559.1
1778159318,R_100,558.99
1778159320,R_100,558.81
1778159322,R_100,558.7
1778159324,R_100,558.64
1778159326,R_100,558.7
1778159328,R_100,558.78
1778159330,R_100,558.86
1778159332,R_100,558.64
1778159334,R_100,558.71
1778159336,R_100,558.78
1778159338,R_100,558.61
1778159340,R_100,558.63
1778159342,R_100,558.61
1778159344,R_100,558.63
1778159346,R_100,558.51
1778159348,R_100,558.72
1778159350,R_100,558.77
1778159352,R_100,558.89
1778159354,R_100,558.76
1778159356,R_100,558.99
1778159358,R_100,559.17
1778159360,R_100,559.09
1778159362,R_100,559.14
1778159364,R_100,559.25
1778159366,R_100,559.2
1778159368,R_100,559.41
1778159370,R_100,559.39
1778159372,R_100,559.19
1778159374,R_100,559.42
1778159376,R_100,559.15
1778159378,R_100,559.13
1778159380,R_100,559.12
1778159382,R_100,558.87
1778159384,R_100,559
1778159386,R_100,559.24
1778159388,R_100,559.3
1778159390,R_100,559.5
1778159392,R_100,559.49
1778159394,R_100,559.41
1778159396,R_100,559.22
1778159398,R_100,559.11
1778159400,R_100,559.06
1778159402,R_100,559.04
1778159404,R_100,559.09
1778159406,R_100,558.99
1778159408,R_100,558.9
1778159410,R_100,559.05
1778159412,R_100,558.91
1778159414,R_100,559.2
1778159416,R_100,559.12
1778159418,R_100,559.13
1778159420,R_100,559.14
1778159422,R_100,559.39
1778159424,R_100,559.48
1778159426,R_100,559.46
1778159428,R_100,559.63
1778159430,R_100,559.55
1778159432,R_100,559.46
1778159434,R_100,559.48
1778159436,R_100,559.28
1778159438,R_100,559.25
1778159440,R_100,559.17
1778159442,R_100,559.32
1778159444,R_100,559.43
1778159446,R_100,559.37
1778159448,R_100,559.38
1778159450,R_100,559.2
1778159452,R_100,559.38
1778159454,R_100,559.36
1778159456,R_100,559.57
1778159458,R_100,559.5
1778159460,R_100,559.37
1778159462,R_100,559.5
1778159464,R_100,559.44
1778159466,R_100,559.41
1778159468,R_100,559.63
1778159470,R_100,559.58
1778159472,R_100,559.52
1778159474,R_100,559.55
1778159476,R_100,559.47
1778159478,R_100,559.59
1778159480,R_100,559.63
1778159482,R_100,559.42
1778159484,R_100,559.32
1778159486,R_100,559.14
1778159488,R_100,559.05
1778159490,R_100,559.34
1778159492,R_100,559.3
1778159494,R_100,559.34
1778159496,R_100,559.44
1778159498,R_100,559.19
1778159500,R_100,558.97
1778159502,R_100,558.99
1778159504,R_100,558.9
1778159506,R_100,558.84
1778159508,R_100,558.55
1778159510,R_100,558.69
1778159512,R_100,558.64
1778159514,R_100,558.69
1778159516,R_100,558.69
1778159518,R_100,558.82
1778159520,R_100,558.89
1778159522,R_100,558.79
1778159524,R_100,558.9
1778159526,R_100,558.98
1778159528,R_100,559.08
1778159530,R_100,558.84
1778159532,R_100,558.92
1778159534,R_100,558.82
1778159536,R_100,558.64
1778159538,R_100,558.46
1778159540,R_100,558.47
1778159542,R_100,558.17
1778159544,R_100,558.16
1778159546,R_100,558.24
1778159548,R_100,558.22
1778159550,R_100,558.11
1778159552,R_100,558.15
1778159554,R_100,558.12
1778159556,R_100,558.05
1778159558,R_100,557.98
1778159560,R_100,557.96
1778159562,R_100,557.86
1778159564,R_100,557.62
1778159566,R_100,557.55
1778159568,R_100,557.37
1778159570,R_100,557.36
1778159572,R_100,557.24
1778159574,R_100,557.15
1778159576,R_100,557.14
1778159578,R_100,557.07
1778159580,R_100,556.85
1778159582,R_100,556.69
1778159584,R_100,556.46
1778159586,R_100,556.57
1778159588,R_100,556.58
1778159590,R_100,556.52
1778159592,R_100,556.23
1778159594,R_100,556.32
1778159596,R_100,556.34
1778159598,R_100,556.61
1778159600,R_100,556.83
1778159602,R_100,556.99
1778159604,R_100,557.08
1778159606,R_100,557.15
1778159608,R_100,557.2
1778159610,R_100,557.23
1778159612,R_100,557.25
1778159614,R_100,557.28
1778159616,R_100,557.1
1778159618,R_100,557.21
1778159620,R_100,557.39
1778159622,R_100,557.37
1778159624,R_100,557.56
1778159626,R_100,557.3
1778159628,R_100,557.33
1778159630,R_100,557.28
1778159632,R_100,557.25
1778159634,R_100,557.09
1778159636,R_100,556.89
1778159638,R_100,556.91
1778159640,R_100,556.95
1778159642,R_100,556.84
1778159644,R_100,556.73
1778159646,R_100,556.79
1778159648,R_100,556.8
1778159650,R_100,556.92
1778159652,R_100,557.05
1778159654,R_100,557.47
1778159656,R_100,557.61
1778159658,R_100,557.72
1778159660,R_100,557.67
1778159662,R_100,557.52
1778159664,R_100,557.6
1778159666,R_100,557.55
1778159668,R_100,557.48
1778159670,R_100,557.7
1778159672,R_100,557.73
1778159674,R_100,557.75
1778159676,R_100,557.69
1778159678,R_100,557.7
1778159680,R_100,557.46
1778159682,R_100,557.49
1778159684,R_100,557.4
1778159686,R_100,557.5
1778159688,R_100,557.25
1778159690,R_100,557.23
1778159692,R_100,557.38
1778159694,R_100,557.36
1778159696,R_100,557.23
1778159698,R_100,557.09
1778159700,R_100,557.03
1778159702,R_100,556.94
1778159704,R_100,557.31
1778159706,R_100,557.33
1778159708,R_100,557.38
1778159710,R_100,557.45
1778159712,R_100,557.5
1778159714,R_100,557.66
1778159716,R_100,557.67
1778159718,R_100,557.66
1778159720,R_100,557.79
1778159722,R_100,557.91
1778159724,R_100,557.83
1778159726,R_100,557.68
1778159728,R_100,557.72
1778159730,R_100,557.56
1778159732,R_100,557.54
1778159734,R_100,557.29
1778159736,R_100,557.29
1778159738,R_100,557.2
1778159740,R_100,557.34
1778159742,R_100,557.08
1778159744,R_100,557.09
1778159746,R_100,557
1778159748,R_100,556.98
1778159750,R_100,557.03
1778159752,R_100,556.95
1778159754,R_100,556.78
1778159756,R_100,556.99
1778159758,R_100,557.05
1778159760,R_100,556.89
1778159762,R_100,556.6
1778159764,R_100,556.55
1778159766,R_100,556.53
1778159768,R_100,556.65
1778159770,R_100,556.69
1778159772,R_100,556.73
1778159774,R_100,556.88
1778159776,R_100,556.63
1778159778,R_100,556.74
1778159780,R_100,556.52
1778159782,R_100,556.39
1778159784,R_100,556.3
1778159786,R_100,556.23
1778159788,R_100,556.13
1778159790,R_100,556.04
1778159792,R_100,556.06
1778159794,R_100,556.29
1778159796,R_100,556.3
1778159798,R_100,556.3
1778159800,R_100,556.2
1778159802,R_100,556.35
1778159804,R_100,556.26
1778159806,R_100,556.01
1778159808,R_100,556.05
1778159810,R_100,556.12
1778159812,R_100,556.33
1778159814,R_100,556.44
1778159816,R_100,556.32
1778159818,R_100,556.12
1778159820,R_100,555.91
1778159822,R_100,555.99
1778159824,R_100,556.1
1778159826,R_100,555.97
1778159828,R_100,555.97
1778159830,R_100,555.8
1778159832,R_100,555.46
1778159834,R_100,555.22
1778159836,R_100,555.2
1778159838,R_100,555.18
1778159840,R_100,555.29
1778159842,R_100,555.48
1778159844,R_100,555.65
1778159846,R_100,555.51
1778159848,R_100,555.47
1778159850,R_100,555.42
1778159852,R_100,555.53
1778159854,R_100,555.59
1778159856,R_100,555.52
1778159858,R_100,555.62
1778159860,R_100,555.89
1778159862,R_100,555.9
1778159864,R_100,555.83
1778159866,R_100,555.68
1778159868,R_100,555.81
1778159870,R_100,555.87
1778159872,R_100,555.84
1778159874,R_100,556.01
1778159876,R_100,555.83
1778159878,R_100,555.71
1778159880,R_100,555.61
1778159882,R_100,555.65
1778159884,R_100,555.69
1778159886,R_100,555.69
1778159888,R_100,555.95
1778159890,R_100,555.83
1778159892,R_100,555.81
1778159894,R_100,555.95
1778159896,R_100,556.07
1778159898,R_100,556.22
1778159900,R_100,556.08
1778159902,R_100,556.13
1778159904,R_100,556.33
1778159906,R_100,556.49
1778159908,R_100,556.72
1778159910,R_100,556.66
1778159912,R_100,556.62
1778159914,R_100,556.6
1778159916,R_100,556.47
1778159918,R_100,556.51
1778159920,R_100,556.6
1778159922,R_100,556.67
1778159924,R_100,556.64
1778159926,R_100,556.57
1778159928,R_100,556.39
1778159930,R_100,556
1778159932,R_100,555.86
1778159934,R_100,556.08
1778159936,R_100,556.17
1778159938,R_100,556.16
1778159940,R_100,555.95
1778159942,R_100,555.96
1778159944,R_100,556.13
1778159946,R_100,556.16
1778159948,R_100,556.19
1778159950,R_100,556.19
1778159952,R_100,556.21
1778159954,R_100,555.98
1778159956,R_100,556.27
1778159958,R_100,556.68
1778159960,R_100,556.91
1778159962,R_100,556.86
1778159964,R_100,557.11
1778159966,R_100,557.07
1778159968,R_100,557.29
1778159970,R_100,557.36
1778159972,R_100,557.33
1778159974,R_100,557.43
1778159976,R_100,557.38
1778159978,R_100,557.49
1778159980,R_100,557.34
1778159982,R_100,557.48
1778159984,R_100,557.59
1778159986,R_100,557.72
1778159988,R_100,557.58
1778159990,R_100,557.68
1778159992,R_100,557.46
1778159994,R_100,557.43
1778159996,R_100,557.46
1778159998,R_100,557.45
1778160000,R_100,557.25
1778160002,R_100,557.32
1778160004,R_100,557.57
1778160006,R_100,557.2
1778160008,R_100,557.29
1778160010,R_100,557.42
1778160012,R_100,557.68
1778160014,R_100,557.54
1778160016,R_100,557.7
1778160018,R_100,557.81
1778160020,R_100,557.69
1778160022,R_100,557.84
1778160024,R_100,557.82
1778160026,R_100,557.93
1778160028,R_100,557.91
1778160030,R_100,557.71
1778160032,R_100,557.93
1778160034,R_100,557.88
1778160036,R_100,557.74
1778160038,R_100,557.51
1778160040,R_100,557.61
1778160042,R_100,557.44
1778160044,R_100,557.35
1778160046,R_100,557.2
1778160048,R_100,557.03
1778160050,R_100,557.03
1778160052,R_100,557.12
1778160054,R_100,557.18
1778160056,R_100,557.31
1778160058,R_100,557.23
1778160060,R_100,557.41
1778160062,R_100,557.6
1778160064,R_100,557.54
1778160066,R_100,557.13
1778160068,R_100,557.19
1778160070,R_100,557.14
1778160072,R_100,557.11
1778160074,R_100,557.47
1778160076,R_100,557.13
1778160078,R_100,557.11
1778160080,R_100,557.02
1778160082,R_100,557.15
1778160084,R_100,557.23
1778160086,R_100,557.16
1778160088,R_100,557.03
1778160090,R_100,556.91
1778160092,R_100,557.22
1778160094,R_100,557.02
1778160096,R_100,557.2
1778160098,R_100,556.94
1778160100,R_100,557.1
1778160102,R_100,556.7
1778160104,R_100,556.45
1778160106,R_100,556.59
1778160108,R_100,556.67
1778160110,R_100,556.82
1778160112,R_100,556.64
1778160114,R_100,556.51
1778160116,R_100,556.6
1778160118,R_100,556.7
1778160120,R_100,556.68
1778160122,R_100,556.86
1778160124,R_100,556.96
1778160126,R_100,557.25
1778160128,R_100,557.07
1778160130,R_100,556.75
1778160132,R_100,556.61
1778160134,R_100,556.6
1778160136,R_100,556.47
1778160138,R_100,556.55
1778160140,R_100,556.38
1778160142,R_100,556.49
1778160144,R_100,556.5
1778160146,R_100,556.27
1778160148,R_100,556.36
1778160150,R_100,556.23
1778160152,R_100,556.19
1778160154,R_100,556.14
1778160156,R_100,556.24
1778160158,R_100,556.16
1778160160,R_100,555.98
1778160162,R_100,556.12
1778160164,R_100,555.77
1778160166,R_100,555.63
1778160168,R_100,555.39
1778160170,R_100,555.59
1778160172,R_100,555.43
1778160174,R_100,555.22
1778160176,R_100,555.22
1778160178,R_100,555.22
1778160180,R_100,555.03
1778160182,R_100,554.8
1778160184,R_100,554.57
1778160186,R_100,554.56
1778160188,R_100,554.53
1778160190,R_100,554.6
1778160192,R_100,554.69
1778160194,R_100,554.61
1778160196,R_100,554.68
1778160198,R_100,554.54
1778160200,R_100,554.72
1778160202,R_100,554.39
1778160204,R_100,554.4
1778160206,R_100,554.21
1778160208,R_100,554.2
1778160210,R_100,554.12
1778160212,R_100,554.23
1778160214,R_100,553.79
1778160216,R_100,553.84
1778160218,R_100,553.91
1778160220,R_100,553.95
1778160222,R_100,553.97
1778160224,R_100,553.98
1778160226,R_100,553.97
1778160228,R_100,553.93
1778160230,R_100,554.12
1778160232,R_100,554.11
1778160234,R_100,554.02
1778160236,R_100,554.14
1778160238,R_100,554.05
1778160240,R_100,554.06
1778160242,R_100,553.79
1778160244,R_100,553.91
1778160246,R_100,553.87
1778160248,R_100,554.11
1778160250,R_100,554.06
1778160252,R_100,553.99
1778160254,R_100,553.82
1778160256,R_100,553.82
1778160258,R_100,553.57
1778160260,R_100,553.59
1778160262,R_100,553.26
1778160264,R_100,553.02
1778160266,R_100,553.21
1778160268,R_100,553.07
1778160270,R_100,553.3
1778160272,R_100,553.35
1778160274,R_100,553.43
1778160276,R_100,553.56
1778160278,R_100,553.61
1778160280,R_100,553.75
1778160282,R_100,553.86
1778160284,R_100,553.75
1778160286,R_100,553.74
1778160288,R_100,553.75
1778160290,R_100,553.77
1778160292,R_100,553.78
1778160294,R_100,553.88
1778160296,R_100,553.96
1778160298,R_100,554.02
1778160300,R_100,554.2
1778160302,R_100,554.23
1778160304,R_100,553.93
1778160306,R_100,553.95
1778160308,R_100,553.82
1778160310,R_100,553.75
1778160312,R_100,553.84
1778160314,R_100,554.14
1778160316,R_100,554.09
1778160318,R_100,554.25
1778160320,R_100,554.28
1778160322,R_100,554.36
1778160324,R_100,554.32
1778160326,R_100,554.08
1778160328,R_100,554.18
1778160330,R_100,554.21
1778160332,R_100,554.48
1778160334,R_100,554.41
1778160336,R_100,554.41
1778160338,R_100,554.5
1778160340,R_100,554.3
1778160342,R_100,554.62
1778160344,R_100,554.59
1778160346,R_100,554.93
1778160348,R_100,554.83
1778160350,R_100,554.83
1778160352,R_100,554.99
1778160354,R_100,554.93
1778160356,R_100,554.9
1778160358,R_100,554.75
1778160360,R_100,554.99
1778160362,R_100,555.14
1778160364,R_100,555.1
1778160366,R_100,555.15
1778160368,R_100,555.09
1778160370,R_100,554.96
1778160372,R_100,555.05
1778160374,R_100,555.2
1778160376,R_100,555.22
1778160378,R_100,555.21
1778160380,R_100,555.23
1778160382,R_100,555.25
1778160384,R_100,555.19
1778160386,R_100,555.1
1778160388,R_100,555.1
1778160390,R_100,555.11
1778160392,R_100,555.07
1778160394,R_100,554.95
1778160396,R_100,555.04
1778160398,R_100,555.12
1778160400,R_100,555.18
1778160402,R_100,555.37
1778160404,R_100,555.26
1778160406,R_100,555.5
1778160408,R_100,555.38
1778160410,R_100,555.4
1778160412,R_100,555.2
1778160414,R_100,555.04
1778160416,R_100,555.01
1778160418,R_100,554.86
1778160420,R_100,555.02
1778160422,R_100,554.83
1778160424,R_100,554.74
1778160426,R_100,554.82
1778160428,R_100,554.88
1778160430,R_100,555.08
1778160432,R_100,554.98
1778160434,R_100,555.12
1778160436,R_100,555.39
1778160438,R_100,555.38
1778160440,R_100,555.14
1778160442,R_100,555.32
1778160444,R_100,555.24
1778160446,R_100,555.05
1778160448,R_100,555.03
1778160450,R_100,555.24
1778160452,R_100,555.17
1778160454,R_100,555.4
1778160456,R_100,555.26
1778160458,R_100,555.32
1778160460,R_100,555.27
1778160462,R_100,555.13
1778160464,R_100,554.95
1778160466,R_100,554.95
1778160468,R_100,554.94
1778160470,R_100,555
1778160472,R_100,554.91
1778160474,R_100,554.98
1778160476,R_100,555.06
1778160478,R_100,554.88
1778160480,R_100,554.98
1778160482,R_100,555.1
1778160484,R_100,555.27
1778160486,R_100,555.35
1778160488,R_100,555.43
1778160490,R_100,555.72
1778160492,R_100,555.7
1778160494,R_100,555.57
1778160496,R_100,555.45
1778160498,R_100,555.62
1778160500,R_100,555.58
1778160502,R_100,555.49
1778160504,R_100,555.62
1778160506,R_100,555.41
1778160508,R_100,555.51
1778160510,R_100,555.44
1778160512,R_100,555.62
1778160514,R_100,555.5
1778160516,R_100,555.34
1778160518,R_100,555.36
1778160520,R_100,555.41
1778160522,R_100,555.23
1778160524,R_100,555.33
1778160526,R_100,555.44
1778160528,R_100,555.41
1778160530,R_100,555.49
1778160532,R_100,555.34
1778160534,R_100,555.36
1778160536,R_100,555.25
1778160538,R_100,555.23
1778160540,R_100,555.44
1778160542,R_100,555.44
1778160544,R_100,555.6
1778160546,R_100,555.56
1778160548,R_100,555.46
1778160550,R_100,555.41
1778160552,R_100,555.32
1778160554,R_100,555.16
1778160556,R_100,555.15
1778160558,R_100,554.98
1778160560,R_100,555.01
1778160562,R_100,555.27
1778160564,R_100,555.38
1778160566,R_100,555.37
1778160568,R_100,555.45
1778160570,R_100,555.39
1778160572,R_100,555.43
1778160574,R_100,555.39
1778160576,R_100,555.3
1778160578,R_100,555.3
1778160580,R_100,555.38
1778160582,R_100,555.33
1778160584,R_100,555.37
1778160586,R_100,555.2
1778160588,R_100,555.21
1778160590,R_100,555.02
1778160592,R_100,554.98
1778160594,R_100,554.92
1778160596,R_100,554.82
1778160598,R_100,554.52
1778160600,R_100,554.53
1778160602,R_100,554.59
1778160604,R_100,554.35
1778160606,R_100,554.34
1778160608,R_100,554.46
1778160610,R_100,554.6
1778160612,R_100,554.64
1778160614,R_100,554.89
1778160616,R_100,554.81
1778160618,R_100,554.76
1778160620,R_100,554.9
1778160622,R_100,555.05
1778160624,R_100,554.91
1778160626,R_100,554.8
1778160628,R_100,554.99
1778160630,R_100,554.68
1778160632,R_100,554.81
1778160634,R_100,554.83
1778160636,R_100,554.81
1778160638,R_100,554.95
1778160640,R_100,555.05
1778160642,R_100,555.17
1778160644,R_100,555.37
1778160646,R_100,555.52
1778160648,R_100,555.56
1778160650,R_100,555.7
1778160652,R_100,555.6
1778160654,R_100,555.41
1778160656,R_100,555.55
1778160658,R_100,555.47
1778160660,R_100,555.66
1778160662,R_100,555.67
1778160664,R_100,555.45
1778160666,R_100,555.67
1778160668,R_100,555.49
1778160670,R_100,555.57
1778160672,R_100,555.4
1778160674,R_100,555.42
1778160676,R_100,555.34
1778160678,R_100,555.2
1778160680,R_100,555.36
1778160682,R_100,555.31
1778160684,R_100,555.37
1778160686,R_100,555.64
1778160688,R_100,555.68
1778160690,R_100,555.7
1778160692,R_100,555.7
1778160694,R_100,555.71
1778160696,R_100,555.52
1778160698,R_100,555.6
1778160700,R_100,555.47
1778160702,R_100,555.68
1778160704,R_100,555.5
1778160706,R_100,555.23
1778160708,R_100,555.18
1778160710,R_100,555.24
1778160712,R_100,555.46
1778160714,R_100,555.58
1778160716,R_100,555.56
1778160718,R_100,555.51
1778160720,R_100,555.58
1778160722,R_100,555.33
1778160724,R_100,555.19
1778160726,R_100,555.24
1778160728,R_100,555.31
1778160730,R_100,555
1778160732,R_100,554.95
1778160734,R_100,554.77
1778160736,R_100,555.05
1778160738,R_100,555.14
1778160740,R_100,555.27
1778160742,R_100,555.42
1778160744,R_100,555.71
1778160746,R_100,555.71
1778160748,R_100,555.7
1778160750,R_100,555.79
1778160752,R_100,555.93
1778160754,R_100,556.01
1778160756,R_100,556.02
1778160758,R_100,555.98
1778160760,R_100,555.97
1778160762,R_100,555.72
1778160764,R_100,555.86
1778160766,R_100,555.8
1778160768,R_100,555.9
1778160770,R_100,555.87
1778160772,R_100,555.79
1778160774,R_100,555.94
1778160776,R_100,555.86
1778160778,R_100,556.04
1778160780,R_100,556.15
1778160782,R_100,555.94
1778160784,R_100,555.85
1778160786,R_100,555.63
1778160788,R_100,555.8
1778160790,R_100,555.7
1778160792,R_100,555.55
1778160794,R_100,555.56
1778160796,R_100,555.33
1778160798,R_100,555.43
1778160800,R_100,555.57
1778160802,R_100,555.84
1778160804,R_100,555.85
1778160806,R_100,555.88
1778160808,R_100,555.73
1778160810,R_100,555.75
1778160812,R_100,556.02
1778160814,R_100,556.07
1778160816,R_100,555.77
1778160818,R_100,555.99
1778160820,R_100,556.14
1778160822,R_100,556.19
1778160824,R_100,556.25
1778160826,R_100,556.22
1778160828,R_100,556.36
1778160830,R_100,556.28
1778160832,R_100,556.26
1778160834,R_100,556.18
1778160836,R_100,555.85
1778160838,R_100,555.95
1778160840,R_100,555.95
1778160842,R_100,556.13
1778160844,R_100,555.75
1778160846,R_100,555.91
1778160848,R_100,555.87
1778160850,R_100,555.84
1778160852,R_100,555.69
1778160854,R_100,555.7
1778160856,R_100,555.76
1778160858,R_100,555.62
1778160860,R_100,555.65
1778160862,R_100,555.77
1778160864,R_100,555.51
1778160866,R_100,555.34
1778160868,R_100,555.23
1778160870,R_100,555.37
1778160872,R_100,555.3
1778160874,R_100,555.39
1778160876,R_100,555.32
1778160878,R_100,555.4
1778160880,R_100,555.37
1778160882,R_100,555.2
1778160884,R_100,555.28
1778160886,R_100,554.98
1778160888,R_100,555.16
1778160890,R_100,555.32
1778160892,R_100,555.28
1778160894,R_100,555.41
1778160896,R_100,555.52
1778160898,R_100,555.35
1778160900,R_100,555.44
1778160902,R_100,555.41
1778160904,R_100,555.37
1778160906,R_100,555.15
1778160908,R_100,555
1778160910,R_100,554.77
1778160912,R_100,554.86
1778160914,R_100,554.76
1778160916,R_100,554.71
1778160918,R_100,554.56
1778160920,R_100,554.42
1778160922,R_100,554.26
1778160924,R_100,554.25
1778160926,R_100,554.1
1778160928,R_100,554.06
1778160930,R_100,554.16
1778160932,R_100,554.02
1778160934,R_100,554
1778160936,R_100,553.74
1778160938,R_100,553.64
1778160940,R_100,553.71
1778160942,R_100,553.63
1778160944,R_100,553.5
1778160946,R_100,553.49
1778160948,R_100,553.64
1778160950,R_100,553.57
1778160952,R_100,553.72
1778160954,R_100,553.81
1778160956,R_100,553.92
1778160958,R_100,553.93
1778160960,R_100,553.95
1778160962,R_100,554.05
1778160964,R_100,553.98
1778160966,R_100,553.84
1778160968,R_100,553.76
1778160970,R_100,553.91
1778160972,R_100,553.86
1778160974,R_100,553.73
1778160976,R_100,553.66
1778160978,R_100,553.61
1778160980,R_100,553.68
1778160982,R_100,553.65
1778160984,R_100,553.46
1778160986,R_100,553.39
1778160988,R_100,553.16
1778160990,R_100,553.06
1778160992,R_100,553.14
1778160994,R_100,552.98
1778160996,R_100,553.06
1778160998,R_100,553.26
1778161000,R_100,553.4
1778161002,R_100,553.48
1778161004,R_100,553.58
1778161006,R_100,553.36
1778161008,R_100,553.42
1778161010,R_100,553.35
1778161012,R_100,553.32
1778161014,R_100,553.05
1778161016,R_100,553.1
1778161018,R_100,553.15
1778161020,R_100,553.16
1778161022,R_100,553.11
1778161024,R_100,553.21
1778161026,R_100,553.08
1778161028,R_100,553.05
1778161030,R_100,552.96
1778161032,R_100,552.99
1778161034,R_100,553.02
1778161036,R_100,553.06
1778161038,R_100,552.86
1778161040,R_100,552.93
1778161042,R_100,552.97
1778161044,R_100,553.11
1778161046,R_100,552.99
1778161048,R_100,553.07
1778161050,R_100,552.98
1778161052,R_100,552.79
1778161054,R_100,552.84
1778161056,R_100,552.54
1778161058,R_100,552.83
1778161060,R_100,552.88
1778161062,R_100,552.85
1778161064,R_100,552.71
1778161066,R_100,552.78
1778161068,R_100,552.93
1778161070,R_100,553.22
1778161072,R_100,552.95
1778161074,R_100,553.07
1778161076,R_100,553.23
1778161078,R_100,553.12
1778161080,R_100,553.09
1778161082,R_100,553.02
1778161084,R_100,553.22
1778161086,R_100,553.04
1778161088,R_100,552.97
1778161090,R_100,552.88
1778161092,R_100,552.77
1778161094,R_100,552.99
1778161096,R_100,553.14
1778161098,R_100,553.17
1778161100,R_100,553.27
1778161102,R_100,553.06
1778161104,R_100,552.8
1778161106,R_100,552.68
1778161108,R_100,552.79
1778161110,R_100,552.96
1778161112,R_100,552.82
1778161114,R_100,552.89
1778161116,R_100,553.08
1778161118,R_100,553.19
1778161120,R_100,553.07
1778161122,R_100,553.05
1778161124,R_100,553.09
1778161126,R_100,552.9
1778161128,R_100,552.79
1778161130,R_100,552.83
1778161132,R_100,552.95
1778161134,R_100,552.77
1778161136,R_100,552.77
1778161138,R_100,552.9
1778161140,R_100,552.99
1778161142,R_100,552.96
1778161144,R_100,553.03
1778161146,R_100,552.98
1778161148,R_100,553.3
1778161150,R_100,553.21
1778161152,R_100,553.33
1778161154,R_100,553.46
1778161156,R_100,553.38
1778161158,R_100,553.33
1778161160,R_100,553.22
1778161162,R_100,553.32
1778161164,R_100,553.13
1778161166,R_100,553.02
1778161168,R_100,553.07
1778161170,R_100,552.9
1778161172,R_100,552.94
1778161174,R_100,552.75
1778161176,R_100,552.84
1778161178,R_100,553
1778161180,R_100,552.9
1778161182,R_100,552.83
1778161184,R_100,552.79
1778161186,R_100,552.85
1778161188,R_100,552.75
1778161190,R_100,552.75
1778161192,R_100,552.74
1778161194,R_100,552.91
1778161196,R_100,553.04
1778161198,R_100,553.01
1778161200,R_100,553.31
1778161202,R_100,553.31
1778161204,R_100,553.37
1778161206,R_100,553.46
1778161208,R_100,553.36
1778161210,R_100,553.32
1778161212,R_100,553.4
1778161214,R_100,553.49
1778161216,R_100,553.4
1778161218,R_100,553.66
1778161220,R_100,553.58
1778161222,R_100,553.64
1778161224,R_100,553.74
1778161226,R_100,553.89
1778161228,R_100,553.87
1778161230,R_100,553.76
1778161232,R_100,553.77
1778161234,R_100,553.63
1778161236,R_100,553.72
1778161238,R_100,553.69
1778161240,R_100,553.67
1778161242,R_100,554.05
1778161244,R_100,553.95
1778161246,R_100,554.03
1778161248,R_100,554.08
1778161250,R_100,554.1
1778161252,R_100,553.95
1778161254,R_100,554.17
1778161256,R_100,554.14
1778161258,R_100,554.08
1778161260,R_100,554.09
1778161262,R_100,553.93
1778161264,R_100,554
1778161266,R_100,554.29
1778161268,R_100,554.01
1778161270,R_100,554
1778161272,R_100,553.91
1778161274,R_100,553.95
1778161276,R_100,554.03
1778161278,R_100,554.11
1778161280,R_100,554.17
1778161282,R_100,554.04
1778161284,R_100,554.19
1778161286,R_100,554.37
1778161288,R_100,554.36
1778161290,R_100,554.38
1778161292,R_100,554.16
1778161294,R_100,554.06
1778161296,R_100,554.22
1778161298,R_100,554.53
1778161300,R_100,554.73
1778161302,R_100,554.73
1778161304,R_100,554.73
1778161306,R_100,554.9
1778161308,R_100,554.84
1778161310,R_100,554.8
1778161312,R_100,554.48
1778161314,R_100,554.41
1778161316,R_100,554.59
1778161318,R_100,554.41
1778161320,R_100,554.35
1778161322,R_100,554.43
1778161324,R_100,554.36
1778161326,R_100,554.25
1778161328,R_100,554.11
1778161330,R_100,553.97
1778161332,R_100,553.89
1778161334,R_100,553.81
1778161336,R_100,553.92
1778161338,R_100,553.69
1778161340,R_100,553.65
1778161342,R_100,553.63
1778161344,R_100,553.86
1778161346,R_100,553.89
1778161348,R_100,554
1778161350,R_100,554.04
1778161352,R_100,554.13
1778161354,R_100,554.2
1778161356,R_100,554.24
1778161358,R_100,554.47
1778161360,R_100,554.46
1778161362,R_100,554.41
1778161364,R_100,554.42
1778161366,R_100,554.56
1778161368,R_100,554.63
1778161370,R_100,554.59
1778161372,R_100,554.4
1778161374,R_100,554.33
1778161376,R_100,554.23
1778161378,R_100,553.95
1778161380,R_100,553.85
1778161382,R_100,553.82
1778161384,R_100,553.63
1778161386,R_100,553.42
1778161388,R_100,553.44
1778161390,R_100,553.64
1778161392,R_100,553.51
1778161394,R_100,553.5
1778161396,R_100,553.58
1778161398,R_100,553.48
1778161400,R_100,553.6
1778161402,R_100,553.25
1778161404,R_100,553.34
1778161406,R_100,553.26
1778161408,R_100,553.31
1778161410,R_100,553.43
1778161412,R_100,553.46
1778161414,R_100,553.52
1778161416,R_100,553.4
1778161418,R_100,553.43
1778161420,R_100,553.61
1778161422,R_100,553.72
1778161424,R_100,554.01
1778161426,R_100,553.99
1778161428,R_100,553.74
1778161430,R_100,553.66
1778161432,R_100,553.51
1778161434,R_100,553.66
1778161436,R_100,553.63
1778161438,R_100,553.71
1778161440,R_100,553.53
1778161442,R_100,553.63
1778161444,R_100,553.63
1778161446,R_100,553.75
1778161448,R_100,553.79
1778161450,R_100,553.61
1778161452,R_100,553.63
1778161454,R_100,553.49
1778161456,R_100,553.34
1778161458,R_100,553.24
1778161460,R_100,553.03
1778161462,R_100,552.88
1778161464,R_100,552.99
1778161466,R_100,553
1778161468,R_100,552.91
1778161470,R_100,552.83
1778161472,R_100,552.81
1778161474,R_100,552.82
1778161476,R_100,552.96
1778161478,R_100,552.87
1778161480,R_100,552.98
1778161482,R_100,552.9
1778161484,R_100,553.28
1778161486,R_100,553.21
1778161488,R_100,553.2
1778161490,R_100,553.15
1778161492,R_100,553.26
1778161494,R_100,553.12
1778161496,R_100,553.18
1778161498,R_100,553.34
1778161500,R_100,553.52
1778161502,R_100,553.45
1778161504,R_100,553.38
1778161506,R_100,553.4
1778161508,R_100,553.4
1778161510,R_100,553.3
1778161512,R_100,553.29
1778161514,R_100,553.36
1778161516,R_100,553.37
1778161518,R_100,553.38
1778161520,R_100,553.16
1778161522,R_100,553.14
1778161524,R_100,553.3
1778161526,R_100,553.16
1778161528,R_100,553.06
1778161530,R_100,553.19
1778161532,R_100,553.22
1778161534,R_100,553.08
1778161536,R_100,553.2
1778161538,R_100,553.17
1778161540,R_100,553.14
1778161542,R_100,553.04
1778161544,R_100,552.99
1778161546,R_100,552.77
1778161548,R_100,552.76
1778161550,R_100,552.87
1778161552,R_100,552.87
1778161554,R_100,552.85
1778161556,R_100,552.84
1778161558,R_100,552.86
1778161560,R_100,552.79
1778161562,R_100,552.67
1778161564,R_100,552.72
1778161566,R_100,552.89
1778161568,R_100,553.1
1778161570,R_100,552.94
1778161572,R_100,553.03
1778161574,R_100,553.05
1778161576,R_100,552.93
1778161578,R_100,552.99
1778161580,R_100,552.94
1778161582,R_100,553.03
1778161584,R_100,553.03
1778161586,R_100,553.07
1778161588,R_100,553.08
1778161590,R_100,552.78
1778161592,R_100,552.62
1778161594,R_100,552.54
1778161596,R_100,552.69
1778161598,R_100,552.64
1778161600,R_100,552.42
1778161602,R_100,552.37
1778161604,R_100,552.42
1778161606,R_100,552.43
1778161608,R_100,552.45
1778161610,R_100,552.32
1778161612,R_100,552.14
1778161614,R_100,552.25
1778161616,R_100,552.19
1778161618,R_100,552.14
1778161620,R_100,552.1
1778161622,R_100,551.95
1778161624,R_100,551.96
1778161626,R_100,551.79
1778161628,R_100,551.79
1778161630,R_100,551.79
1778161632,R_100,551.82
1778161634,R_100,551.89
1778161636,R_100,551.91
1778161638,R_100,551.89
1778161640,R_100,552.06
1778161642,R_100,552.07
1778161644,R_100,551.84
1778161646,R_100,551.86
1778161648,R_100,551.92
1778161650,R_100,551.93
1778161652,R_100,551.57
1778161654,R_100,551.64
1778161656,R_100,551.76
1778161658,R_100,551.8
1778161660,R_100,551.99
1778161662,R_100,552.24
1778161664,R_100,552.46
1778161666,R_100,552.51
1778161668,R_100,552.57
1778161670,R_100,552.75
1778161672,R_100,552.6
1778161674,R_100,552.7
1778161676,R_100,552.87
1778161678,R_100,552.49
1778161680,R_100,552.52
1778161682,R_100,552.4
1778161684,R_100,552.33
1778161686,R_100,552.34
1778161688,R_100,552.39
1778161690,R_100,552.37
1778161692,R_100,552.19
1778161694,R_100,552.01
1778161696,R_100,552.07
1778161698,R_100,552.03
1778161700,R_100,552.26
1778161702,R_100,552.23
1778161704,R_100,552.12
1778161706,R_100,552
1778161708,R_100,551.98
1778161710,R_100,552.16
1778161712,R_100,552.12
1778161714,R_100,552.04
1778161716,R_100,551.87
1778161718,R_100,551.92
1778161720,R_100,551.89
1778161722,R_100,551.85
1778161724,R_100,552.14
1778161726,R_100,552.18
1778161728,R_100,552.29
1778161730,R_100,552.34
1778161732,R_100,552.59
1778161734,R_100,552.4
1778161736,R_100,552.25
1778161738,R_100,552.11
1778161740,R_100,552.03
1778161742,R_100,551.9
1778161744,R_100,551.83
1778161746,R_100,552.07
1778161748,R_100,551.98
1778161750,R_100,552.11
1778161752,R_100,552.06
1778161754,R_100,551.98
1778161756,R_100,552.11
1778161758,R_100,552.36
1778161760,R_100,552.28
1778161762,R_100,552.27
1778161764,R_100,552.4
1778161766,R_100,552.39
1778161768,R_100,552.32
1778161770,R_100,552.36
1778161772,R_100,552.27
1778161774,R_100,552.52
1778161776,R_100,552.39
1778161778,R_100,552.16
1778161780,R_100,552.21
1778161782,R_100,552.31
1778161784,R_100,552.38
1778161786,R_100,552.39
1778161788,R_100,552.33
1778161790,R_100,552.3
1778161792,R_100,552.51
1778161794,R_100,552.69
1778161796,R_100,552.72
1778161798,R_100,552.92
1778161800,R_100,552.87
1778161802,R_100,552.64
1778161804,R_100,552.71
1778161806,R_100,552.66
1778161808,R_100,552.59
1778161810,R_100,552.48
1778161812,R_100,552.64
1778161814,R_100,552.69
1778161816,R_100,552.6
1778161818,R_100,552.31
1778161820,R_100,552.25
1778161822,R_100,552.25
1778161824,R_100,551.81
1778161826,R_100,551.83
1778161828,R_100,551.88
1778161830,R_100,551.7
1778161832,R_100,551.65
1778161834,R_100,551.74
1778161836,R_100,551.46
1778161838,R_100,551.37
1778161840,R_100,551.36
1778161842,R_100,551.39
1778161844,R_100,551.15
1778161846,R_100,550.7
1778161848,R_100,550.76
1778161850,R_100,551.09
1778161852,R_100,551.34
1778161854,R_100,551.39
1778161856,R_100,551.38
1778161858,R_100,551.19
1778161860,R_100,551.31
1778161862,R_100,551.16
1778161864,R_100,551.09
1778161866,R_100,551.11
1778161868,R_100,551.03
1778161870,R_100,551.08
1778161872,R_100,551.28
1778161874,R_100,551.15
1778161876,R_100,550.97
1778161878,R_100,551.03
1778161880,R_100,550.91
1778161882,R_100,551.12
1778161884,R_100,551.15
1778161886,R_100,551.22
1778161888,R_100,551.29
1778161890,R_100,551.29
1778161892,R_100,551.11
1778161894,R_100,551.18
1778161896,R_100,551.18
1778161898,R_100,551.33
1778161900,R_100,551.43
1778161902,R_100,551.21
1778161904,R_100,551.28
1778161906,R_100,551.52
1778161908,R_100,551.34
1778161910,R_100,551.31
1778161912,R_100,551.25
1778161914,R_100,551.25
1778161916,R_100,551.1
1778161918,R_100,551.05
1778161920,R_100,551.29
1778161922,R_100,551.18
1778161924,R_100,551.09
1778161926,R_100,551.07
1778161928,R_100,550.81
1778161930,R_100,550.84
1778161932,R_100,550.88
1778161934,R_100,551.01
1778161936,R_100,550.98
1778161938,R_100,551.2
1778161940,R_100,551.02
1778161942,R_100,551.38
1778161944,R_100,551.29
1778161946,R_100,551.26
1778161948,R_100,551.16
1778161950,R_100,551.1
1778161952,R_100,551.17
1778161954,R_100,551.16
1778161956,R_100,551.27
1778161958,R_100,551.03
1778161960,R_100,550.93
1778161962,R_100,551.12
1778161964,R_100,551.17
1778161966,R_100,550.98
1778161968,R_100,550.92
1778161970,R_100,550.9
1778161972,R_100,550.94
1778161974,R_100,551.01
1778161976,R_100,550.9
1778161978,R_100,550.94
1778161980,R_100,550.99
1778161982,R_100,550.93
1778161984,R_100,551.06
1778161986,R_100,550.95
1778161988,R_100,550.85
1778161990,R_100,550.99
1778161992,R_100,551.04
1778161994,R_100,551.05
1778161996,R_100,551.14
1778161998,R_100,551.27
1778162000,R_100,551.21
1778162002,R_100,551.05
1778162004,R_100,551.04
1778162006,R_100,550.97
1778162008,R_100,550.97
1778162010,R_100,550.65
1778162012,R_100,550.56
1778162014,R_100,550.51
1778162016,R_100,550.72
1778162018,R_100,550.73
1778162020,R_100,550.65
1778162022,R_100,550.52
1778162024,R_100,550.5
1778162026,R_100,550.25
1778162028,R_100,550.22
1778162030,R_100,550.09
1778162032,R_100,549.88
1778162034,R_100,549.87
1778162036,R_100,549.75
1778162038,R_100,549.75
1778162040,R_100,549.7
1778162042,R_100,549.43
1778162044,R_100,549.51
1778162046,R_100,549.67
1778162048,R_100,549.37
1778162050,R_100,549.2
1778162052,R_100,549.25
1778162054,R_100,549.41
1778162056,R_100,549.33
1778162058,R_100,549.49
1778162060,R_100,549.31
1778162062,R_100,549.06
1778162064,R_100,549.13
1778162066,R_100,549.13
1778162068,R_100,549.09
1778162070,R_100,549.25
1778162072,R_100,549.49
1778162074,R_100,549.37
1778162076,R_100,549.49
1778162078,R_100,549.4
1778162080,R_100,549.38
1778162082,R_100,549.54
1778162084,R_100,549.16
1778162086,R_100,548.88
1778162088,R_100,548.94
1778162090,R_100,548.98
1778162092,R_100,548.96
1778162094,R_100,548.83
1778162096,R_100,548.98
1778162098,R_100,548.96
1778162100,R_100,548.76
1778162102,R_100,548.86
1778162104,R_100,548.77
1778162106,R_100,548.77
1778162108,R_100,548.73
1778162110,R_100,548.74
1778162112,R_100,548.76
1778162114,R_100,548.88
1778162116,R_100,548.67
1778162118,R_100,548.59
1778162120,R_100,548.63
1778162122,R_100,548.65
1778162124,R_100,548.73
1778162126,R_100,548.72
1778162128,R_100,548.82
1778162130,R_100,548.74
1778162132,R_100,548.68
1778162134,R_100,548.82
1778162136,R_100,548.79
1778162138,R_100,548.82
1778162140,R_100,548.8
1778162142,R_100,548.78
1778162144,R_100,548.77
1778162146,R_100,548.9
1778162148,R_100,548.96
1778162150,R_100,548.66
1778162152,R_100,548.59
1778162154,R_100,548.47
1778162156,R_100,548.38
1778162158,R_100,548.21
1778162160,R_100,548.24
1778162162,R_100,548.22
1778162164,R_100,548.35
1778162166,R_100,548.67
1778162168,R_100,548.42
1778162170,R_100,548.51
1778162172,R_100,548.69
1778162174,R_100,548.63
1778162176,R_100,548.49
1778162178,R_100,548.3
1778162180,R_100,548.01
1778162182,R_100,548.11
1778162184,R_100,548.06
1778162186,R_100,548.09
1778162188,R_100,548.04
1778162190,R_100,547.88
1778162192,R_100,547.88
1778162194,R_100,547.84
1778162196,R_100,547.79
1778162198,R_100,547.66
1778162200,R_100,547.71
1778162202,R_100,547.9
1778162204,R_100,547.82
1778162206,R_100,547.95
1778162208,R_100,547.79
1778162210,R_100,547.9
1778162212,R_100,547.63
1778162214,R_100,547.7
1778162216,R_100,547.84
1778162218,R_100,547.96
1778162220,R_100,547.86
1778162222,R_100,547.58
1778162224,R_100,547.81
1778162226,R_100,547.9
1778162228,R_100,547.83
1778162230,R_100,547.77
1778162232,R_100,547.93
1778162234,R_100,548.19
1778162236,R_100,548.3
1778162238,R_100,548.19
1778162240,R_100,548.12
1778162242,R_100,547.94
1778162244,R_100,548.22
1778162246,R_100,548.3
1778162248,R_100,548.39
1778162250,R_100,548.34
1778162252,R_100,548.12
1778162254,R_100,548.13
1778162256,R_100,548.3
1778162258,R_100,548.25
1778162260,R_100,548.42
1778162262,R_100,548.49
1778162264,R_100,548.64
1778162266,R_100,548.58
1778162268,R_100,548.58
1778162270,R_100,548.79
1778162272,R_100,548.79
1778162274,R_100,548.78
1778162276,R_100,548.97
1778162278,R_100,549.22
1778162280,R_100,549.39
1778162282,R_100,549.35
1778162284,R_100,549.57
1778162286,R_100,549.73
1778162288,R_100,549.78
1778162290,R_100,550.02
1778162292,R_100,550.04
1778162294,R_100,549.99
1778162296,R_100,550.02
1778162298,R_100,550.06
1778162300,R_100,549.89
1778162302,R_100,550.06
1778162304,R_100,550.07
1778162306,R_100,550.2
1778162308,R_100,550.32
1778162310,R_100,550.19
1778162312,R_100,550.1
1778162314,R_100,549.98
1778162316,R_100,549.83
1778162318,R_100,549.66
1778162320,R_100,549.78
1778162322,R_100,549.66
1778162324,R_100,549.84
1778162326,R_100,550.21
1778162328,R_100,549.95
1778162330,R_100,550.19
1778162332,R_100,550.31
1778162334,R_100,550.45
1778162336,R_100,550.34
1778162338,R_100,550.16
1778162340,R_100,549.99
1778162342,R_100,550.13
1778162344,R_100,550.19
1778162346,R_100,549.97
1778162348,R_100,550
1778162350,R_100,550.01
1778162352,R_100,549.93
1778162354,R_100,549.98
1778162356,R_100,549.88
1778162358,R_100,549.58
1778162360,R_100,549.6
1778162362,R_100,549.49
1778162364,R_100,549.65
1778162366,R_100,549.57
1778162368,R_100,549.56
1778162370,R_100,549.57
1778162372,R_100,549.43
1778162374,R_100,549.51
1778162376,R_100,549.39
1778162378,R_100,549.37
1778162380,R_100,549.47
1778162382,R_100,549.29
1778162384,R_100,549.38
1778162386,R_100,549.69
1778162388,R_100,549.65
1778162390,R_100,549.56
1778162392,R_100,549.48
1778162394,R_100,549.27
1778162396,R_100,549.54
1778162398,R_100,549.36
1778162400,R_100,549.42
1778162402,R_100,549.46
1778162404,R_100,549.26
1778162406,R_100,549.56
1778162408,R_100,549.45
1778162410,R_100,549.55
1778162412,R_100,549.6
1778162414,R_100,549.65
1778162416,R_100,549.52
1778162418,R_100,549.49
1778162420,R_100,549.25
1778162422,R_100,549.27
1778162424,R_100,549.37
1778162426,R_100,549.33
1778162428,R_100,549.41
1778162430,R_100,549.63
1778162432,R_100,549.52
1778162434,R_100,549.46
1778162436,R_100,549.73
1778162438,R_100,549.72
1778162440,R_100,549.48
1778162442,R_100,549.35
1778162444,R_100,549.11
1778162446,R_100,548.85
1778162448,R_100,549.09
1778162450,R_100,549.22
1778162452,R_100,549.23
1778162454,R_100,549.25
1778162456,R_100,549.46
1778162458,R_100,549.69
1778162460,R_100,549.61
1778162462,R_100,549.63
1778162464,R_100,549.46
1778162466,R_100,549.53
1778162468,R_100,549.34
1778162470,R_100,549.22
1778162472,R_100,549.27
1778162474,R_100,549.39
1778162476,R_100,549.32
1778162478,R_100,549.55
1778162480,R_100,549.87
1778162482,R_100,549.93
1778162484,R_100,549.99
1778162486,R_100,549.96
1778162488,R_100,549.87
1778162490,R_100,549.99
1778162492,R_100,550.18
1778162494,R_100,549.89
1778162496,R_100,549.77
1778162498,R_100,549.95
1778162500,R_100,549.98
1778162502,R_100,550.06
1778162504,R_100,550.08
1778162506,R_100,549.89
1778162508,R_100,549.88
1778162510,R_100,549.79
1778162512,R_100,549.9
1778162514,R_100,549.78
1778162516,R_100,549.9
1778162518,R_100,549.82
1778162520,R_100,550.09
1778162522,R_100,550.11
1778162524,R_100,549.92
1778162526,R_100,549.75
1778162528,R_100,549.78
1778162530,R_100,549.73
1778162532,R_100,549.62
1778162534,R_100,549.5
1778162536,R_100,549.52
1778162538,R_100,549.55
1778162540,R_100,549.6
1778162542,R_100,549.47
1778162544,R_100,549.4
1778162546,R_100,549.35
1778162548,R_100,549.28
1778162550,R_100,549.23
1778162552,R_100,549.17
1778162554,R_100,548.97
1778162556,R_100,548.91
1778162558,R_100,549.18
1778162560,R_100,549.19
1778162562,R_100,549.37
1778162564,R_100,549.51
1778162566,R_100,549.39
1778162568,R_100,549.42
1778162570,R_100,549.21
1778162572,R_100,549.2
1778162574,R_100,549.13
1778162576,R_100,549
1778162578,R_100,548.83
1778162580,R_100,548.88
1778162582,R_100,548.74
1778162584,R_100,548.57
1778162586,R_100,548.6
1778162588,R_100,548.55
1778162590,R_100,548.56
1778162592,R_100,548.66
1778162594,R_100,548.56
1778162596,R_100,548.36
1778162598,R_100,548.28
1778162600,R_100,548.26
1778162602,R_100,548.28
1778162604,R_100,548.29
1778162606,R_100,548.39
1778162608,R_100,548.42
1778162610,R_100,548.66
1778162612,R_100,548.47
1778162614,R_100,548.57
1778162616,R_100,548.52
1778162618,R_100,548.47
1778162620,R_100,548.53
1778162622,R_100,548.55
1778162624,R_100,548.46
1778162626,R_100,548.72
1778162628,R_100,548.63
1778162630,R_100,548.76
1778162632,R_100,548.46
1778162634,R_100,548.2
1778162636,R_100,548.2
1778162638,R_100,548.28
1778162640,R_100,548.41
1778162642,R_100,548.47
1778162644,R_100,548.34
1778162646,R_100,548.4
1778162648,R_100,548.54
1778162650,R_100,548.64
1778162652,R_100,548.63
1778162654,R_100,548.49
1778162656,R_100,548.23
1778162658,R_100,548.17
1778162660,R_100,548.04
1778162662,R_100,547.81
1778162664,R_100,547.72
1778162666,R_100,547.74
1778162668,R_100,547.57
1778162670,R_100,547.38
1778162672,R_100,547.39
1778162674,R_100,547.42
1778162676,R_100,547.59
1778162678,R_100,547.64
1778162680,R_100,547.73
1778162682,R_100,547.64
1778162684,R_100,547.63
1778162686,R_100,547.45
1778162688,R_100,547.31
1778162690,R_100,547.34
1778162692,R_100,547.13
1778162694,R_100,546.96
1778162696,R_100,546.76
1778162698,R_100,546.82
1778162700,R_100,546.9
1778162702,R_100,547.01
1778162704,R_100,546.76
1778162706,R_100,547
1778162708,R_100,546.95
1778162710,R_100,546.95
1778162712,R_100,547.06
1778162714,R_100,546.97
1778162716,R_100,546.98
1778162718,R_100,546.85
1778162720,R_100,546.6
1778162722,R_100,546.47
1778162724,R_100,546.32
1778162726,R_100,546.18
1778162728,R_100,546.09
