epoch,symbol,price
1777866666,R_100,665.66
1777866668,R_100,665.39
1777866670,R_100,665.48
1777866672,R_100,665.38
1777866674,R_100,665.53
1777866676,R_100,665.59
1777866678,R_100,665.45
1777866680,R_100,665.58
1777866682,R_100,666.05
1777866684,R_100,666.08
1777866686,R_100,666.18
1777866688,R_100,666.31
1777866690,R_100,666.28
1777866692,R_100,666.41
1777866694,R_100,666.48
1777866696,R_100,666.63
1777866698,R_100,666.57
1777866700,R_100,667.05
1777866702,R_100,667.34
1777866704,R_100,667.07
1777866706,R_100,667.18
1777866708,R_100,666.85
1777866710,R_100,666.95
1777866712,R_100,666.81
1777866714,R_100,666.75
1777866716,R_100,666.94
1777866718,R_100,667.14
1777866720,R_100,667.44
1777866722,R_100,667.37
1777866724,R_100,667.26
1777866726,R_100,667.32
1777866728,R_100,667.3
1777866730,R_100,667.23
1777866732,R_100,667.36
1777866734,R_100,667.64
1777866736,R_100,667.78
1777866738,R_100,667.77
1777866740,R_100,667.91
1777866742,R_100,667.99
1777866744,R_100,667.97
1777866746,R_100,667.97
1777866748,R_100,668.31
1777866750,R_100,668.01
1777866752,R_100,668.17
1777866754,R_100,667.99
1777866756,R_100,667.9
1777866758,R_100,667.9
1777866760,R_100,667.96
1777866762,R_100,667.86
1777866764,R_100,667.77
1777866766,R_100,667.85
1777866768,R_100,668.12
1777866770,R_100,668.21
1777866772,R_100,668.35
1777866774,R_100,668.34
1777866776,R_100,668.56
1777866778,R_100,668.79
1777866780,R_100,668.95
1777866782,R_100,668.73
1777866784,R_100,668.71
1777866786,R_100,668.71
1777866788,R_100,668.48
1777866790,R_100,668.46
1777866792,R_100,668.17
1777866794,R_100,668.08
1777866796,R_100,668.16
1777866798,R_100,668.18
1777866800,R_100,668.19
1777866802,R_100,668.5
1777866804,R_100,668.38
1777866806,R_100,668.22
1777866808,R_100,668.43
1777866810,R_100,668.64
1777866812,R_100,668.47
1777866814,R_100,668.31
1777866816,R_100,668.06
1777866818,R_100,668.03
1777866820,R_100,668.23
1777866822,R_100,668.07
1777866824,R_100,668.12
1777866826,R_100,667.89
1777866828,R_100,667.74
1777866830,R_100,667.87
1777866832,R_100,667.96
1777866834,R_100,668.08
1777866836,R_100,667.98
1777866838,R_100,667.69
1777866840,R_100,668.02
1777866842,R_100,668.25
1777866844,R_100,668.23
1777866846,R_100,668.31
1777866848,R_100,668.51
1777866850,R_100,668.47
1777866852,R_100,668.18
1777866854,R_100,668
1777866856,R_100,668.07
1777866858,R_100,668.01
1777866860,R_100,668.38
1777866862,R_100,668.32
1777866864,R_100,668.48
1777866866,R_100,668.53
1777866868,R_100,668.62
1777866870,R_100,668.18
1777866872,R_100,668.46
1777866874,R_100,668.37
1777866876,R_100,668.37
1777866878,R_100,668.39
1777866880,R_100,668.23
1777866882,R_100,668.13
1777866884,R_100,668.12
1777866886,R_100,668.19
1777866888,R_100,668.3
1777866890,R_100,668.42
1777866892,R_100,668.46
1777866894,R_100,668.32
1777866896,R_100,668.25
1777866898,R_100,667.92
1777866900,R_100,668.01
1777866902,R_100,668.21
1777866904,R_100,668.13
1777866906,R_100,668.21
1777866908,R_100,668.26
1777866910,R_100,668.17
1777866912,R_100,667.96
1777866914,R_100,667.78
1777866916,R_100,668.05
1777866918,R_100,668.02
1777866920,R_100,668.1
1777866922,R_100,668.1
1777866924,R_100,667.58
1777866926,R_100,667.81
1777866928,R_100,667.93
1777866930,R_100,667.73
1777866932,R_100,667.78
1777866934,R_100,667.9
1777866936,R_100,667.78
1777866938,R_100,667.57
1777866940,R_100,668.01
1777866942,R_100,668.01
1777866944,R_100,667.98
1777866946,R_100,667.97
1777866948,R_100,667.95
1777866950,R_100,667.9
1777866952,R_100,667.85
1777866954,R_100,667.75
1777866956,R_100,667.65
1777866958,R_100,667.93
1777866960,R_100,667.68
1777866962,R_100,667.64
1777866964,R_100,667.58
1777866966,R_100,667.76
1777866968,R_100,667.7
1777866970,R_100,667.77
1777866972,R_100,667.81
1777866974,R_100,668.22
1777866976,R_100,668.05
1777866978,R_100,667.93
1777866980,R_100,667.75
1777866982,R_100,667.75
1777866984,R_100,667.79
1777866986,R_100,667.92
1777866988,R_100,667.78
1777866990,R_100,667.98
1777866992,R_100,668.05
1777866994,R_100,667.95
1777866996,R_100,668.01
1777866998,R_100,667.9
1777867000,R_100,667.81
1777867002,R_100,667.8
1777867004,R_100,667.8
1777867006,R_100,667.73
1777867008,R_100,667.7
1777867010,R_100,667.97
1777867012,R_100,667.98
1777867014,R_100,667.83
1777867016,R_100,667.61
1777867018,R_100,667.68
1777867020,R_100,667.72
1777867022,R_100,667.49
1777867024,R_100,667.57
1777867026,R_100,667.57
1777867028,R_100,667.45
1777867030,R_100,667.23
1777867032,R_100,667.01
1777867034,R_100,666.91
1777867036,R_100,667.05
1777867038,R_100,667.11
1777867040,R_100,667.39
1777867042,R_100,667.6
1777867044,R_100,667.67
1777867046,R_100,667.68
1777867048,R_100,667.74
1777867050,R_100,667.58
1777867052,R_100,667.46
1777867054,R_100,667.36
1777867056,R_100,667.69
1777867058,R_100,667.64
1777867060,R_100,667.67
1777867062,R_100,667.91
1777867064,R_100,668
1777867066,R_100,668.07
1777867068,R_100,667.92
1777867070,R_100,667.88
1777867072,R_100,667.78
1777867074,R_100,667.87
1777867076,R_100,668.04
1777867078,R_100,668.18
1777867080,R_100,668.29
1777867082,R_100,668.26
1777867084,R_100,668.28
1777867086,R_100,668.29
1777867088,R_100,668.41
1777867090,R_100,668.5
1777867092,R_100,668.35
1777867094,R_100,668.17
1777867096,R_100,668.39
1777867098,R_100,668.38
1777867100,R_100,668.53
1777867102,R_100,668.59
1777867104,R_100,668.6
1777867106,R_100,668.49
1777867108,R_100,668.1
1777867110,R_100,668.17
1777867112,R_100,668.41
1777867114,R_100,668.78
1777867116,R_100,668.87
1777867118,R_100,669.11
1777867120,R_100,668.84
1777867122,R_100,669
1777867124,R_100,668.79
1777867126,R_100,668.6
1777867128,R_100,668.71
1777867130,R_100,668.83
1777867132,R_100,668.53
1777867134,R_100,668.48
1777867136,R_100,668.58
1777867138,R_100,668.82
1777867140,R_100,669.03
1777867142,R_100,669.05
1777867144,R_100,669.13
1777867146,R_100,669.37
1777867148,R_100,669.18
1777867150,R_100,669.46
1777867152,R_100,669.21
1777867154,R_100,669.47
1777867156,R_100,669.07
1777867158,R_100,669.52
1777867160,R_100,669.33
1777867162,R_100,669.56
1777867164,R_100,669.59
1777867166,R_100,669.62
1777867168,R_100,669.43
1777867170,R_100,669.43
1777867172,R_100,669.24
1777867174,R_100,669.28
1777867176,R_100,669.46
1777867178,R_100,669.36
1777867180,R_100,669.53
1777867182,R_100,669.65
1777867184,R_100,669.46
1777867186,R_100,669.69
1777867188,R_100,669.48
1777867190,R_100,669.59
1777867192,R_100,669.47
1777867194,R_100,669.59
1777867196,R_100,669.63
1777867198,R_100,669.62
1777867200,R_100,669.76
1777867202,R_100,669.65
1777867204,R_100,669.46
1777867206,R_100,669.52
1777867208,R_100,669.59
1777867210,R_100,669.48
1777867212,R_100,669.53
1777867214,R_100,669.65
1777867216,R_100,669.93
1777867218,R_100,669.88
1777867220,R_100,669.91
1777867222,R_100,669.83
1777867224,R_100,669.86
1777867226,R_100,669.79
1777867228,R_100,669.89
1777867230,R_100,669.87
1777867232,R_100,669.65
1777867234,R_100,669.51
1777867236,R_100,669.82
1777867238,R_100,669.95
1777867240,R_100,669.76
1777867242,R_100,669.82
1777867244,R_100,669.6
1777867246,R_100,669.5
1777867248,R_100,669.6
1777867250,R_100,669.56
1777867252,R_100,669.51
1777867254,R_100,669.72
1777867256,R_100,669.7
1777867258,R_100,669.57
1777867260,R_100,669.73
1777867262,R_100,669.44
1777867264,R_100,669.52
1777867266,R_100,669.56
1777867268,R_100,669.75
1777867270,R_100,669.84
1777867272,R_100,669.98
1777867274,R_100,670.11
1777867276,R_100,669.76
1777867278,R_100,669.69
1777867280,R_100,669.71
1777867282,R_100,669.64
1777867284,R_100,669.56
1777867286,R_100,669.54
1777867288,R_100,669.21
1777867290,R_100,669.15
1777867292,R_100,669.19
1777867294,R_100,669.14
1777867296,R_100,669.01
1777867298,R_100,668.88
1777867300,R_100,669.26
1777867302,R_100,669.31
1777867304,R_100,669.05
1777867306,R_100,669.12
1777867308,R_100,669.16
1777867310,R_100,669.02
1777867312,R_100,669.09
1777867314,R_100,669.35
1777867316,R_100,669.21
1777867318,R_100,669.09
1777867320,R_100,669.22
1777867322,R_100,669.02
1777867324,R_100,669.1
1777867326,R_100,668.96
1777867328,R_100,668.77
1777867330,R_100,668.8
1777867332,R_100,668.68
1777867334,R_100,668.67
1777867336,R_100,668.6
1777867338,R_100,668.26
1777867340,R_100,668.4
1777867342,R_100,668.45
1777867344,R_100,668.46
1777867346,R_100,668.05
1777867348,R_100,667.91
1777867350,R_100,668.03
1777867352,R_100,668.12
1777867354,R_100,668.04
1777867356,R_100,667.8
1777867358,R_100,667.64
1777867360,R_100,667.75
1777867362,R_100,667.62
1777867364,R_100,667.56
1777867366,R_100,667.45
1777867368,R_100,667.35
1777867370,R_100,667.49
1777867372,R_100,667.36
1777867374,R_100,667.44
1777867376,R_100,667.72
1777867378,R_100,667.9
1777867380,R_100,667.71
1777867382,R_100,667.6
1777867384,R_100,667.37
1777867386,R_100,667.26
1777867388,R_100,667.27
1777867390,R_100,667.17
1777867392,R_100,666.87
1777867394,R_100,666.97
1777867396,R_100,667.29
1777867398,R_100,667.43
1777867400,R_100,667.48
1777867402,R_100,667.51
1777867404,R_100,667.35
1777867406,R_100,667.49
1777867408,R_100,667.5
1777867410,R_100,667.83
1777867412,R_100,667.93
1777867414,R_100,667.85
1777867416,R_100,667.7
1777867418,R_100,667.55
1777867420,R_100,667.58
1777867422,R_100,667.6
1777867424,R_100,667.39
1777867426,R_100,667.39
1777867428,R_100,667.09
1777867430,R_100,666.96
1777867432,R_100,667.02
1777867434,R_100,666.64
1777867436,R_100,666.95
1777867438,R_100,666.83
1777867440,R_100,666.8
1777867442,R_100,666.79
1777867444,R_100,666.73
1777867446,R_100,666.51
1777867448,R_100,666.48
1777867450,R_100,666.38
1777867452,R_100,666.42
1777867454,R_100,666.42
1777867456,R_100,666.28
1777867458,R_100,666.12
1777867460,R_100,666.17
1777867462,R_100,666.36
1777867464,R_100,666.24
1777867466,R_100,666.43
1777867468,R_100,666.66
1777867470,R_100,666.65
1777867472,R_100,666.67
1777867474,R_100,666.62
1777867476,R_100,666.53
1777867478,R_100,666.52
1777867480,R_100,666.79
1777867482,R_100,666.6
1777867484,R_100,666.38
1777867486,R_100,666.47
1777867488,R_100,666.41
1777867490,R_100,666.33
1777867492,R_100,666.64
1777867494,R_100,666.83
1777867496,R_100,666.83
1777867498,R_100,666.75
1777867500,R_100,666.74
1777867502,R_100,666.93
1777867504,R_100,666.78
1777867506,R_100,666.72
1777867508,R_100,666.3
1777867510,R_100,666.18
1777867512,R_100,666.26
1777867514,R_100,666.17
1777867516,R_100,666.13
1777867518,R_100,665.93
1777867520,R_100,666.18
1777867522,R_100,665.98
1777867524,R_100,665.96
1777867526,R_100,665.94
1777867528,R_100,665.81
1777867530,R_100,666.12
1777867532,R_100,665.97
1777867534,R_100,665.83
1777867536,R_100,665.78
1777867538,R_100,665.67
1777867540,R_100,665.8
1777867542,R_100,665.57
1777867544,R_100,665.59
1777867546,R_100,665.64
1777867548,R_100,665.54
1777867550,R_100,665.53
1777867552,R_100,665.22
1777867554,R_100,665.36
1777867556,R_100,664.87
1777867558,R_100,664.82
1777867560,R_100,664.87
1777867562,R_100,664.76
1777867564,R_100,664.67
1777867566,R_100,664.72
1777867568,R_100,664.71
1777867570,R_100,664.91
1777867572,R_100,664.79
1777867574,R_100,664.99
1777867576,R_100,665.21
1777867578,R_100,664.83
1777867580,R_100,664.84
1777867582,R_100,665.12
1777867584,R_100,664.99
1777867586,R_100,665.44
1777867588,R_100,665.43
1777867590,R_100,665.5
1777867592,R_100,665.62
1777867594,R_100,665.77
1777867596,R_100,665.62
1777867598,R_100,665.36
1777867600,R_100,665.46
1777867602,R_100,665.41
1777867604,R_100,665.34
1777867606,R_100,665.53
1777867608,R_100,665.41
1777867610,R_100,665.7
1777867612,R_100,665.61
1777867614,R_100,665.49
1777867616,R_100,665.7
1777867618,R_100,665.51
1777867620,R_100,665.49
1777867622,R_100,665.57
1777867624,R_100,665.54
1777867626,R_100,665.53
1777867628,R_100,665.86
1777867630,R_100,666.01
1777867632,R_100,666.24
1777867634,R_100,666.29
1777867636,R_100,666.13
1777867638,R_100,666.07
1777867640,R_100,666.35
1777867642,R_100,666.25
1777867644,R_100,665.97
1777867646,R_100,666.1
1777867648,R_100,666.18
1777867650,R_100,665.92
1777867652,R_100,665.68
1777867654,R_100,665.75
1777867656,R_100,665.88
1777867658,R_100,665.58
1777867660,R_100,665.5
1777867662,R_100,665.25
1777867664,R_100,665.26
1777867666,R_100,665.21
1777867668,R_100,665.62
1777867670,R_100,665.63
1777867672,R_100,665.56
1777867674,R_100,665.47
1777867676,R_100,665.36
1777867678,R_100,665.39
1777867680,R_100,665.16
1777867682,R_100,665.15
1777867684,R_100,665.4
1777867686,R_100,665.35
1777867688,R_100,665.15
1777867690,R_100,665.05
1777867692,R_100,665.03
1777867694,R_100,665.04
1777867696,R_100,665.36
1777867698,R_100,665.54
1777867700,R_100,665.69
1777867702,R_100,665.5
1777867704,R_100,665.56
1777867706,R_100,665.54
1777867708,R_100,665.66
1777867710,R_100,665.53
1777867712,R_100,665.73
1777867714,R_100,665.48
1777867716,R_100,665.29
1777867718,R_100,665.29
1777867720,R_100,665.26
1777867722,R_100,665.38
1777867724,R_100,665.45
1777867726,R_100,665.69
1777867728,R_100,665.67
1777867730,R_100,665.46
1777867732,R_100,665.89
1777867734,R_100,665.74
1777867736,R_100,665.96
1777867738,R_100,666.09
1777867740,R_100,665.84
1777867742,R_100,665.99
1777867744,R_100,666.19
1777867746,R_100,666.38
1777867748,R_100,666.46
1777867750,R_100,666.41
1777867752,R_100,666.49
1777867754,R_100,666.46
1777867756,R_100,666.43
1777867758,R_100,666.75
1777867760,R_100,666.74
1777867762,R_100,666.91
1777867764,R_100,667.2
1777867766,R_100,667.11
1777867768,R_100,667.13
1777867770,R_100,667.35
1777867772,R_100,667.49
1777867774,R_100,667.23
1777867776,R_100,667.12
1777867778,R_100,667.04
1777867780,R_100,667
1777867782,R_100,667.28
1777867784,R_100,667.54
1777867786,R_100,667.34
1777867788,R_100,667.34
1777867790,R_100,667.23
1777867792,R_100,667.26
1777867794,R_100,667.14
1777867796,R_100,667.25
1777867798,R_100,667.15
1777867800,R_100,667.3
1777867802,R_100,667.25
1777867804,R_100,667.37
1777867806,R_100,667.61
1777867808,R_100,667.73
1777867810,R_100,667.79
1777867812,R_100,667.75
1777867814,R_100,667.38
1777867816,R_100,667.34
1777867818,R_100,667.2
1777867820,R_100,667.24
1777867822,R_100,667.17
1777867824,R_100,667.49
1777867826,R_100,667.5
1777867828,R_100,667.46
1777867830,R_100,667.29
1777867832,R_100,667.44
1777867834,R_100,667.83
1777867836,R_100,667.71
1777867838,R_100,667.61
1777867840,R_100,667.56
1777867842,R_100,667.72
1777867844,R_100,667.7
1777867846,R_100,668.05
1777867848,R_100,667.94
1777867850,R_100,667.72
1777867852,R_100,667.63
1777867854,R_100,667.6
1777867856,R_100,667.45
1777867858,R_100,667.7
1777867860,R_100,667.75
1777867862,R_100,667.37
1777867864,R_100,667.39
1777867866,R_100,667.46
1777867868,R_100,667.66
1777867870,R_100,667.73
1777867872,R_100,667.95
1777867874,R_100,668.08
1777867876,R_100,668
1777867878,R_100,667.96
1777867880,R_100,667.9
1777867882,R_100,667.83
1777867884,R_100,667.62
1777867886,R_100,667.45
1777867888,R_100,667.3
1777867890,R_100,667.48
1777867892,R_100,667.43
1777867894,R_100,667.39
1777867896,R_100,667.06
1777867898,R_100,667.1
1777867900,R_100,667.06
1777867902,R_100,667.16
1777867904,R_100,667.02
1777867906,R_100,667.31
1777867908,R_100,667.59
1777867910,R_100,667.93
1777867912,R_100,668.13
1777867914,R_100,668.18
1777867916,R_100,668.48
1777867918,R_100,668.72
1777867920,R_100,668.9
1777867922,R_100,668.7
1777867924,R_100,668.77
1777867926,R_100,668.56
1777867928,R_100,668.65
1777867930,R_100,668.68
1777867932,R_100,668.7
1777867934,R_100,668.8
1777867936,R_100,668.75
1777867938,R_100,668.87
1777867940,R_100,668.79
1777867942,R_100,668.67
1777867944,R_100,668.66
1777867946,R_100,668.61
1777867948,R_100,668.68
1777867950,R_100,668.81
1777867952,R_100,668.86
1777867954,R_100,668.73
1777867956,R_100,668.82
1777867958,R_100,668.7
1777867960,R_100,668.87
1777867962,R_100,668.8
1777867964,R_100,668.84
1777867966,R_100,668.74
1777867968,R_100,668.44
1777867970,R_100,668.56
1777867972,R_100,668.59
1777867974,R_100,668.63
1777867976,R_100,668.57
1777867978,R_100,668.69
1777867980,R_100,668.73
1777867982,R_100,668.83
1777867984,R_100,668.59
1777867986,R_100,668.4
1777867988,R_100,668.4
1777867990,R_100,668.21
1777867992,R_100,668.49
1777867994,R_100,668.74
1777867996,R_100,668.62
1777867998,R_100,668.51
1777868000,R_100,668.46
1777868002,R_100,668.25
1777868004,R_100,668.4
1777868006,R_100,668.39
1777868008,R_100,668.52
1777868010,R_100,668.47
1777868012,R_100,668.46
1777868014,R_100,668.51
1777868016,R_100,668.34
1777868018,R_100,668.52
1777868020,R_100,668.48
1777868022,R_100,668.24
1777868024,R_100,667.9
1777868026,R_100,667.87
1777868028,R_100,667.82
1777868030,R_100,667.57
1777868032,R_100,667.26
1777868034,R_100,667.49
1777868036,R_100,667.48
1777868038,R_100,667.76
1777868040,R_100,667.87
1777868042,R_100,667.72
1777868044,R_100,667.59
1777868046,R_100,667.57
1777868048,R_100,667.17
1777868050,R_100,666.91
1777868052,R_100,666.98
1777868054,R_100,667.15
1777868056,R_100,666.99
1777868058,R_100,667.08
1777868060,R_100,667.1
1777868062,R_100,667.03
1777868064,R_100,666.95
1777868066,R_100,666.92
1777868068,R_100,667.11
1777868070,R_100,667.09
1777868072,R_100,666.93
1777868074,R_100,667.13
1777868076,R_100,667.02
1777868078,R_100,666.78
1777868080,R_100,666.55
1777868082,R_100,666.67
1777868084,R_100,666.87
1777868086,R_100,667.2
1777868088,R_100,667.05
1777868090,R_100,667.11
1777868092,R_100,667.28
1777868094,R_100,667.54
1777868096,R_100,667.54
1777868098,R_100,667.67
1777868100,R_100,667.53
1777868102,R_100,667.29
1777868104,R_100,667.32
1777868106,R_100,667.49
1777868108,R_100,667.21
1777868110,R_100,667.44
1777868112,R_100,667.55
1777868114,R_100,667.45
1777868116,R_100,667.52
1777868118,R_100,667.61
1777868120,R_100,667.68
1777868122,R_100,667.74
1777868124,R_100,667.5
1777868126,R_100,667.61
1777868128,R_100,667.83
1777868130,R_100,667.92
1777868132,R_100,668.01
1777868134,R_100,667.91
1777868136,R_100,667.94
1777868138,R_100,667.7
1777868140,R_100,667.92
1777868142,R_100,668.06
1777868144,R_100,667.82
1777868146,R_100,667.69
1777868148,R_100,667.47
1777868150,R_100,667.76
1777868152,R_100,667.58
1777868154,R_100,667.88
1777868156,R_100,668.21
1777868158,R_100,667.77
1777868160,R_100,667.92
1777868162,R_100,667.75
1777868164,R_100,667.86
1777868166,R_100,667.85
1777868168,R_100,667.76
1777868170,R_100,667.92
1777868172,R_100,667.7
1777868174,R_100,667.77
1777868176,R_100,667.81
1777868178,R_100,668.06
1777868180,R_100,668.34
1777868182,R_100,668.37
1777868184,R_100,668.45
1777868186,R_100,668.37
1777868188,R_100,668.4
1777868190,R_100,668.57
1777868192,R_100,668.9
1777868194,R_100,668.86
1777868196,R_100,668.64
1777868198,R_100,668.43
1777868200,R_100,668.66
1777868202,R_100,668.48
1777868204,R_100,668.75
1777868206,R_100,668.61
1777868208,R_100,668.93
1777868210,R_100,668.97
1777868212,R_100,668.89
1777868214,R_100,668.81
1777868216,R_100,668.61
1777868218,R_100,668.45
1777868220,R_100,668.61
1777868222,R_100,668.51
1777868224,R_100,668.3
1777868226,R_100,668.17
1777868228,R_100,667.89
1777868230,R_100,668.2
1777868232,R_100,668.23
1777868234,R_100,668.18
1777868236,R_100,668.31
1777868238,R_100,668.14
1777868240,R_100,668.19
1777868242,R_100,668.09
1777868244,R_100,668.33
1777868246,R_100,668.23
1777868248,R_100,668.4
1777868250,R_100,668.33
1777868252,R_100,668.24
1777868254,R_100,668.35
1777868256,R_100,668.32
1777868258,R_100,668.12
1777868260,R_100,668
1777868262,R_100,668.35
1777868264,R_100,668.14
1777868266,R_100,668.45
1777868268,R_100,668.51
1777868270,R_100,668.48
1777868272,R_100,668.35
1777868274,R_100,668.43
1777868276,R_100,668.37
1777868278,R_100,668.21
1777868280,R_100,668.48
1777868282,R_100,668.55
1777868284,R_100,668.66
1777868286,R_100,668.96
1777868288,R_100,669.05
1777868290,R_100,669.08
1777868292,R_100,669.24
1777868294,R_100,669.3
1777868296,R_100,669.39
1777868298,R_100,669.6
1777868300,R_100,669.6
1777868302,R_100,669.56
1777868304,R_100,669.91
1777868306,R_100,669.8
1777868308,R_100,669.7
1777868310,R_100,669.63
1777868312,R_100,669.5
1777868314,R_100,669.41
1777868316,R_100,669.75
1777868318,R_100,669.82
1777868320,R_100,670.08
1777868322,R_100,669.9
1777868324,R_100,669.68
1777868326,R_100,669.58
1777868328,R_100,669.72
1777868330,R_100,669.34
1777868332,R_100,669.24
1777868334,R_100,669.38
1777868336,R_100,669.42
1777868338,R_100,669.19
1777868340,R_100,669.45
1777868342,R_100,669.35
1777868344,R_100,669.46
1777868346,R_100,669.61
1777868348,R_100,669.32
1777868350,R_100,669.11
1777868352,R_100,668.81
1777868354,R_100,668.71
1777868356,R_100,668.4
1777868358,R_100,668.32
1777868360,R_100,668.34
1777868362,R_100,668.36
1777868364,R_100,668.15
1777868366,R_100,668.63
1777868368,R_100,668.71
1777868370,R_100,668.71
1777868372,R_100,668.49
1777868374,R_100,668.5
1777868376,R_100,668.42
1777868378,R_100,668.32
1777868380,R_100,668.53
1777868382,R_100,668.57
1777868384,R_100,668.76
1777868386,R_100,668.92
1777868388,R_100,669.19
1777868390,R_100,669.18
1777868392,R_100,668.95
1777868394,R_100,668.82
1777868396,R_100,668.95
1777868398,R_100,668.91
1777868400,R_100,668.85
1777868402,R_100,668.79
1777868404,R_100,669
1777868406,R_100,668.75
1777868408,R_100,668.87
1777868410,R_100,668.99
1777868412,R_100,669.11
1777868414,R_100,669
1777868416,R_100,668.84
1777868418,R_100,668.89
1777868420,R_100,668.68
1777868422,R_100,668.6
1777868424,R_100,668.58
1777868426,R_100,668.6
1777868428,R_100,668.67
1777868430,R_100,668.73
1777868432,R_100,668.65
1777868434,R_100,668.5
1777868436,R_100,668.59
1777868438,R_100,668.73
1777868440,R_100,668.75
1777868442,R_100,668.76
1777868444,R_100,668.72
1777868446,R_100,668.84
1777868448,R_100,668.89
1777868450,R_100,668.97
1777868452,R_100,668.98
1777868454,R_100,669
1777868456,R_100,669.11
1777868458,R_100,668.87
1777868460,R_100,668.84
1777868462,R_100,668.95
1777868464,R_100,668.99
1777868466,R_100,669.12
1777868468,R_100,669.17
1777868470,R_100,669.19
1777868472,R_100,669.06
1777868474,R_100,669.13
1777868476,R_100,668.78
1777868478,R_100,668.85
1777868480,R_100,668.91
1777868482,R_100,668.8
1777868484,R_100,668.78
1777868486,R_100,669.06
1777868488,R_100,669.08
1777868490,R_100,668.98
1777868492,R_100,668.98
1777868494,R_100,669.07
1777868496,R_100,669
1777868498,R_100,669.09
1777868500,R_100,669.02
1777868502,R_100,668.9
1777868504,R_100,668.97
1777868506,R_100,668.84
1777868508,R_100,668.81
1777868510,R_100,668.91
1777868512,R_100,668.74
1777868514,R_100,668.42
1777868516,R_100,668.18
1777868518,R_100,668.22
1777868520,R_100,668.41
1777868522,R_100,668.34
1777868524,R_100,668.29
1777868526,R_100,668.33
1777868528,R_100,667.97
1777868530,R_100,667.88
1777868532,R_100,668.09
1777868534,R_100,668.22
1777868536,R_100,667.94
1777868538,R_100,668.14
1777868540,R_100,668.2
1777868542,R_100,668.26
1777868544,R_100,668.32
1777868546,R_100,668.37
1777868548,R_100,668.18
1777868550,R_100,668.18
1777868552,R_100,668.16
1777868554,R_100,668.19
1777868556,R_100,668.17
1777868558,R_100,668.14
1777868560,R_100,668.28
1777868562,R_100,668.55
1777868564,R_100,668.23
1777868566,R_100,668.16
1777868568,R_100,668.3
1777868570,R_100,668.09
1777868572,R_100,668.31
1777868574,R_100,668.14
1777868576,R_100,667.75
1777868578,R_100,667.91
1777868580,R_100,667.8
1777868582,R_100,667.72
1777868584,R_100,668.01
1777868586,R_100,667.62
1777868588,R_100,667.75
1777868590,R_100,667.82
1777868592,R_100,667.64
1777868594,R_100,667.64
1777868596,R_100,667.74
1777868598,R_100,667.68
1777868600,R_100,667.83
1777868602,R_100,667.81
1777868604,R_100,667.59
1777868606,R_100,667.68
1777868608,R_100,667.67
1777868610,R_100,667.8
1777868612,R_100,667.83
1777868614,R_100,667.79
1777868616,R_100,667.53
1777868618,R_100,667.44
1777868620,R_100,667.73
1777868622,R_100,667.97
1777868624,R_100,668.15
1777868626,R_100,668.24
1777868628,R_100,668.48
1777868630,R_100,668.24
1777868632,R_100,668.25
1777868634,R_100,668.33
1777868636,R_100,668.39
1777868638,R_100,668.28
1777868640,R_100,668.23
1777868642,R_100,668.47
1777868644,R_100,668.86
1777868646,R_100,669
1777868648,R_100,669.26
1777868650,R_100,669.17
1777868652,R_100,669.24
1777868654,R_100,669.21
1777868656,R_100,669.21
1777868658,R_100,669.37
1777868660,R_100,669.4
1777868662,R_100,669.45
1777868664,R_100,669.65
1777868666,R_100,669.92
1777868668,R_100,669.73
1777868670,R_100,669.73
1777868672,R_100,670.05
1777868674,R_100,669.79
1777868676,R_100,669.83
1777868678,R_100,669.86
1777868680,R_100,669.82
1777868682,R_100,669.54
1777868684,R_100,669.72
1777868686,R_100,669.77
1777868688,R_100,669.63
1777868690,R_100,669.84
1777868692,R_100,670.05
1777868694,R_100,670.04
1777868696,R_100,670.17
1777868698,R_100,670.19
1777868700,R_100,670.04
1777868702,R_100,670.15
1777868704,R_100,670.19
1777868706,R_100,669.97
1777868708,R_100,670.12
1777868710,R_100,670.1
1777868712,R_100,670.33
1777868714,R_100,670.34
1777868716,R_100,670.19
1777868718,R_100,670.4
1777868720,R_100,670.27
1777868722,R_100,670.18
1777868724,R_100,669.97
1777868726,R_100,670.14
1777868728,R_100,670.33
1777868730,R_100,670.5
1777868732,R_100,670.55
1777868734,R_100,670.66
1777868736,R_100,670.99
1777868738,R_100,670.99
1777868740,R_100,670.93
1777868742,R_100,670.86
1777868744,R_100,670.89
1777868746,R_100,670.84
1777868748,R_100,671.11
1777868750,R_100,671.13
1777868752,R_100,671.16
1777868754,R_100,671.45
1777868756,R_100,671.28
1777868758,R_100,671.35
1777868760,R_100,671.45
1777868762,R_100,671.47
1777868764,R_100,671.6
1777868766,R_100,671.49
1777868768,R_100,671.14
1777868770,R_100,671.12
1777868772,R_100,670.79
1777868774,R_100,670.37
1777868776,R_100,670.53
1777868778,R_100,670.35
1777868780,R_100,670.23
1777868782,R_100,670.11
1777868784,R_100,670.26
1777868786,R_100,670.29
1777868788,R_100,670.02
1777868790,R_100,670.14
1777868792,R_100,670.15
1777868794,R_100,670.18
1777868796,R_100,670.07
1777868798,R_100,670.29
1777868800,R_100,670.39
1777868802,R_100,670.24
1777868804,R_100,670.3
1777868806,R_100,670.19
1777868808,R_100,670.38
1777868810,R_100,670.37
1777868812,R_100,670.33
1777868814,R_100,670.2
1777868816,R_100,670.14
1777868818,R_100,670.17
1777868820,R_100,670.36
1777868822,R_100,670.51
1777868824,R_100,670.3
1777868826,R_100,670.39
1777868828,R_100,670.26
1777868830,R_100,670.31
1777868832,R_100,670.08
1777868834,R_100,670.11
1777868836,R_100,669.97
1777868838,R_100,669.95
1777868840,R_100,669.92
1777868842,R_100,669.93
1777868844,R_100,669.84
1777868846,R_100,670.03
1777868848,R_100,670.26
1777868850,R_100,670.27
1777868852,R_100,670.59
1777868854,R_100,670.62
1777868856,R_100,670.95
1777868858,R_100,671.02
1777868860,R_100,670.97
1777868862,R_100,670.75
1777868864,R_100,670.63
1777868866,R_100,670.51
1777868868,R_100,670.56
1777868870,R_100,670.57
1777868872,R_100,670.36
1777868874,R_100,670.29
1777868876,R_100,670.29
1777868878,R_100,670.26
1777868880,R_100,670.26
1777868882,R_100,670.19
1777868884,R_100,670.11
1777868886,R_100,670.07
1777868888,R_100,669.91
1777868890,R_100,669.74
1777868892,R_100,669.59
1777868894,R_100,669.42
1777868896,R_100,669.78
1777868898,R_100,669.82
1777868900,R_100,670.22
1777868902,R_100,670.46
1777868904,R_100,670.35
1777868906,R_100,670.34
1777868908,R_100,670.45
1777868910,R_100,670.42
1777868912,R_100,670.39
1777868914,R_100,670.19
1777868916,R_100,670.23
1777868918,R_100,669.96
1777868920,R_100,669.95
1777868922,R_100,669.94
1777868924,R_100,670.03
1777868926,R_100,669.8
1777868928,R_100,669.75
1777868930,R_100,669.63
1777868932,R_100,669.36
1777868934,R_100,669.61
1777868936,R_100,669.72
1777868938,R_100,669.48
1777868940,R_100,669.82
1777868942,R_100,669.86
1777868944,R_100,670.02
1777868946,R_100,670.32
1777868948,R_100,670.07
1777868950,R_100,669.89
1777868952,R_100,670.05
1777868954,R_100,669.97
1777868956,R_100,669.63
1777868958,R_100,669.92
1777868960,R_100,670.15
1777868962,R_100,670.24
1777868964,R_100,670.11
1777868966,R_100,669.95
1777868968,R_100,669.49
1777868970,R_100,669.41
1777868972,R_100,669.65
1777868974,R_100,669.73
1777868976,R_100,669.63
1777868978,R_100,669.6
1777868980,R_100,669.4
1777868982,R_100,668.97
1777868984,R_100,668.84
1777868986,R_100,668.63
1777868988,R_100,668.68
1777868990,R_100,668.64
1777868992,R_100,668.66
1777868994,R_100,668.84
1777868996,R_100,668.84
1777868998,R_100,668.71
1777869000,R_100,668.69
1777869002,R_100,668.71
1777869004,R_100,668.72
1777869006,R_100,668.73
1777869008,R_100,668.7
1777869010,R_100,668.86
1777869012,R_100,668.76
1777869014,R_100,668.88
1777869016,R_100,669.12
1777869018,R_100,668.97
1777869020,R_100,668.97
1777869022,R_100,668.84
1777869024,R_100,668.94
1777869026,R_100,669.24
1777869028,R_100,669.59
1777869030,R_100,669.66
1777869032,R_100,669.41
1777869034,R_100,669.59
1777869036,R_100,669.78
1777869038,R_100,669.54
1777869040,R_100,669.45
1777869042,R_100,669.31
1777869044,R_100,669.12
1777869046,R_100,669.25
1777869048,R_100,669.52
1777869050,R_100,669.45
1777869052,R_100,669.47
1777869054,R_100,669.63
1777869056,R_100,669.78
1777869058,R_100,669.84
1777869060,R_100,669.75
1777869062,R_100,669.7
1777869064,R_100,669.79
1777869066,R_100,669.81
1777869068,R_100,669.58
1777869070,R_100,669.38
1777869072,R_100,669.11
1777869074,R_100,669.17
1777869076,R_100,669.08
1777869078,R_100,669.13
1777869080,R_100,668.98
1777869082,R_100,669.12
1777869084,R_100,668.97
1777869086,R_100,668.87
1777869088,R_100,668.93
1777869090,R_100,669.22
1777869092,R_100,669.2
1777869094,R_100,669.28
1777869096,R_100,669.08
1777869098,R_100,668.99
1777869100,R_100,668.94
1777869102,R_100,668.82
1777869104,R_100,668.68
1777869106,R_100,668.54
1777869108,R_100,668.81
1777869110,R_100,668.73
1777869112,R_100,668.57
1777869114,R_100,668.22
1777869116,R_100,667.62
1777869118,R_100,667.74
1777869120,R_100,667.74
1777869122,R_100,667.59
1777869124,R_100,667.62
1777869126,R_100,667.43
1777869128,R_100,667.5
1777869130,R_100,667.52
1777869132,R_100,667.6
1777869134,R_100,667.56
1777869136,R_100,667.39
1777869138,R_100,667.39
1777869140,R_100,667.2
1777869142,R_100,667.25
1777869144,R_100,667.36
1777869146,R_100,667.4
1777869148,R_100,667.39
1777869150,R_100,667.54
1777869152,R_100,667.57
1777869154,R_100,667.48
1777869156,R_100,667.89
1777869158,R_100,667.63
1777869160,R_100,667.59
1777869162,R_100,667.79
1777869164,R_100,667.84
1777869166,R_100,667.75
1777869168,R_100,667.93
1777869170,R_100,667.96
1777869172,R_100,667.88
1777869174,R_100,667.91
1777869176,R_100,667.97
1777869178,R_100,667.77
1777869180,R_100,667.56
1777869182,R_100,667.44
1777869184,R_100,667.38
1777869186,R_100,667.31
1777869188,R_100,667.28
1777869190,R_100,667.35
1777869192,R_100,667.4
1777869194,R_100,667.48
1777869196,R_100,667.42
1777869198,R_100,667.65
1777869200,R_100,667.86
1777869202,R_100,667.57
1777869204,R_100,667.68
1777869206,R_100,667.86
1777869208,R_100,667.96
1777869210,R_100,667.98
1777869212,R_100,667.9
1777869214,R_100,667.6
1777869216,R_100,667.73
1777869218,R_100,667.75
1777869220,R_100,667.82
1777869222,R_100,668.01
1777869224,R_100,667.99
1777869226,R_100,667.89
1777869228,R_100,668.17
1777869230,R_100,667.85
1777869232,R_100,667.52
1777869234,R_100,667.38
1777869236,R_100,667.22
1777869238,R_100,667
1777869240,R_100,666.91
1777869242,R_100,666.89
1777869244,R_100,666.76
1777869246,R_100,666.63
1777869248,R_100,666.75
1777869250,R_100,666.97
1777869252,R_100,666.92
1777869254,R_100,666.91
1777869256,R_100,666.9
1777869258,R_100,666.75
1777869260,R_100,666.6
1777869262,R_100,666.51
1777869264,R_100,666.55
1777869266,R_100,666.59
1777869268,R_100,666.28
1777869270,R_100,666.28
1777869272,R_100,666.3
1777869274,R_100,666.04
1777869276,R_100,666.02
1777869278,R_100,665.97
1777869280,R_100,666.27
1777869282,R_100,666.17
1777869284,R_100,666.22
1777869286,R_100,666.63
1777869288,R_100,666.69
1777869290,R_100,666.89
1777869292,R_100,667.18
1777869294,R_100,667.11
1777869296,R_100,667.03
1777869298,R_100,666.98
1777869300,R_100,667.04
1777869302,R_100,667.01
1777869304,R_100,667.11
1777869306,R_100,666.99
1777869308,R_100,667.13
1777869310,R_100,666.78
1777869312,R_100,666.83
1777869314,R_100,666.85
1777869316,R_100,666.68
1777869318,R_100,666.86
1777869320,R_100,666.56
1777869322,R_100,666.47
1777869324,R_100,666.55
1777869326,R_100,666.72
1777869328,R_100,666.53
1777869330,R_100,666.76
1777869332,R_100,666.68
1777869334,R_100,666.59
1777869336,R_100,666.39
1777869338,R_100,666.25
1777869340,R_100,666.2
1777869342,R_100,666.27
1777869344,R_100,666.29
1777869346,R_100,666.23
1777869348,R_100,666.36
1777869350,R_100,666.42
1777869352,R_100,666.6
1777869354,R_100,666.33
1777869356,R_100,666.33
1777869358,R_100,666.28
1777869360,R_100,665.93
1777869362,R_100,666.03
1777869364,R_100,665.59
1777869366,R_100,665.54
1777869368,R_100,665.2
1777869370,R_100,665.36
1777869372,R_100,665.33
1777869374,R_100,665.17
1777869376,R_100,665.22
1777869378,R_100,665.31
1777869380,R_100,665.43
1777869382,R_100,665.39
1777869384,R_100,665.43
1777869386,R_100,665.7
1777869388,R_100,665.67
1777869390,R_100,665.42
1777869392,R_100,665.26
1777869394,R_100,665.44
1777869396,R_100,665.5
1777869398,R_100,665.61
1777869400,R_100,665.41
1777869402,R_100,665.21
1777869404,R_100,665.17
1777869406,R_100,665.03
1777869408,R_100,665
1777869410,R_100,664.99
1777869412,R_100,665.01
1777869414,R_100,665.14
1777869416,R_100,665.16
1777869418,R_100,664.99
1777869420,R_100,664.86
1777869422,R_100,665.01
1777869424,R_100,665.02
1777869426,R_100,665.31
1777869428,R_100,665.45
1777869430,R_100,665.52
1777869432,R_100,665.69
1777869434,R_100,665.71
1777869436,R_100,666.04
1777869438,R_100,665.96
1777869440,R_100,665.98
1777869442,R_100,665.94
1777869444,R_100,665.36
1777869446,R_100,665.27
1777869448,R_100,665.32
1777869450,R_100,665.34
1777869452,R_100,665.21
1777869454,R_100,665.44
1777869456,R_100,665.47
1777869458,R_100,665.66
1777869460,R_100,665.64
1777869462,R_100,665.77
1777869464,R_100,666.04
1777869466,R_100,666.27
1777869468,R_100,666.22
1777869470,R_100,666.21
1777869472,R_100,666.61
1777869474,R_100,666.43
1777869476,R_100,666.3
1777869478,R_100,666.35
1777869480,R_100,666.13
1777869482,R_100,666.24
1777869484,R_100,666.14
1777869486,R_100,666.25
1777869488,R_100,666.48
1777869490,R_100,666.78
1777869492,R_100,666.78
1777869494,R_100,666.73
1777869496,R_100,667.14
1777869498,R_100,667.14
1777869500,R_100,667.14
1777869502,R_100,667.15
1777869504,R_100,667.14
1777869506,R_100,667.24
1777869508,R_100,667.29
1777869510,R_100,667.07
1777869512,R_100,667.23
1777869514,R_100,666.98
1777869516,R_100,667.25
1777869518,R_100,667.22
1777869520,R_100,667.14
1777869522,R_100,667.18
1777869524,R_100,667.17
1777869526,R_100,667.37
1777869528,R_100,667.32
1777869530,R_100,667.28
1777869532,R_100,667.54
1777869534,R_100,667.68
1777869536,R_100,667.8
1777869538,R_100,667.66
1777869540,R_100,667.93
1777869542,R_100,668.21
1777869544,R_100,668.13
1777869546,R_100,667.99
1777869548,R_100,667.96
1777869550,R_100,668.31
1777869552,R_100,668.23
1777869554,R_100,668.34
1777869556,R_100,668.14
1777869558,R_100,668.03
1777869560,R_100,668.12
1777869562,R_100,668.14
1777869564,R_100,668.15
1777869566,R_100,667.95
1777869568,R_100,668.07
1777869570,R_100,667.96
1777869572,R_100,667.88
1777869574,R_100,667.83
1777869576,R_100,667.97
1777869578,R_100,668.11
1777869580,R_100,668.2
1777869582,R_100,668.19
1777869584,R_100,668.21
1777869586,R_100,668.02
1777869588,R_100,667.94
1777869590,R_100,668.11
1777869592,R_100,668.25
1777869594,R_100,668.2
1777869596,R_100,668.58
1777869598,R_100,668.6
1777869600,R_100,668.5
1777869602,R_100,668.52
1777869604,R_100,668.34
1777869606,R_100,668.49
1777869608,R_100,668.38
1777869610,R_100,668.26
1777869612,R_100,668.13
1777869614,R_100,667.77
1777869616,R_100,667.47
1777869618,R_100,667.58
1777869620,R_100,667.67
1777869622,R_100,667.71
1777869624,R_100,667.68
1777869626,R_100,667.76
1777869628,R_100,667.87
1777869630,R_100,667.8
1777869632,R_100,667.84
1777869634,R_100,667.79
1777869636,R_100,667.61
1777869638,R_100,667.53
1777869640,R_100,667.45
1777869642,R_100,667.46
1777869644,R_100,667.18
1777869646,R_100,666.98
1777869648,R_100,666.96
1777869650,R_100,667.15
1777869652,R_100,667.11
1777869654,R_100,667.05
1777869656,R_100,667.2
1777869658,R_100,667.1
1777869660,R_100,666.9
1777869662,R_100,666.71
1777869664,R_100,666.67
1777869666,R_100,666.93
1777869668,R_100,666.97
1777869670,R_100,667.05
1777869672,R_100,667.2
1777869674,R_100,667.64
1777869676,R_100,667.58
1777869678,R_100,667.49
1777869680,R_100,667.13
1777869682,R_100,667.24
1777869684,R_100,667.37
1777869686,R_100,667.49
1777869688,R_100,667.63
1777869690,R_100,667.53
1777869692,R_100,667.41
1777869694,R_100,667.43
1777869696,R_100,667.65
1777869698,R_100,667.64
1777869700,R_100,667.68
1777869702,R_100,667.74
1777869704,R_100,667.63
1777869706,R_100,667.67
1777869708,R_100,667.98
1777869710,R_100,668.04
1777869712,R_100,668.2
1777869714,R_100,668.19
1777869716,R_100,668.13
1777869718,R_100,668
1777869720,R_100,667.95
1777869722,R_100,668.18
1777869724,R_100,667.88
1777869726,R_100,667.87
1777869728,R_100,668.42
1777869730,R_100,668.39
1777869732,R_100,668.27
1777869734,R_100,668.18
1777869736,R_100,668.2
1777869738,R_100,668.24
1777869740,R_100,668.1
1777869742,R_100,668.33
1777869744,R_100,668.57
1777869746,R_100,668.66
1777869748,R_100,668.41
1777869750,R_100,668.55
1777869752,R_100,668.52
1777869754,R_100,668.67
1777869756,R_100,668.71
1777869758,R_100,668.5
1777869760,R_100,668.7
1777869762,R_100,668.61
1777869764,R_100,668.63
1777869766,R_100,668.61
1777869768,R_100,668.5
1777869770,R_100,668.78
1777869772,R_100,668.91
1777869774,R_100,669.14
1777869776,R_100,668.95
1777869778,R_100,668.77
1777869780,R_100,668.75
1777869782,R_100,668.92
1777869784,R_100,669.02
1777869786,R_100,668.84
1777869788,R_100,668.95
1777869790,R_100,668.88
1777869792,R_100,669.07
1777869794,R_100,669
1777869796,R_100,669.23
1777869798,R_100,669.25
1777869800,R_100,669.38
1777869802,R_100,669.2
1777869804,R_100,669.17
1777869806,R_100,669.26
1777869808,R_100,669.35
1777869810,R_100,669.38
1777869812,R_100,669.48
1777869814,R_100,669.5
1777869816,R_100,669.57
1777869818,R_100,669.75
1777869820,R_100,669.86
1777869822,R_100,669.95
1777869824,R_100,669.95
1777869826,R_100,670.37
1777869828,R_100,670.29
1777869830,R_100,670.34
1777869832,R_100,670.42
1777869834,R_100,670.36
1777869836,R_100,670.19
1777869838,R_100,670.1
1777869840,R_100,670.14
1777869842,R_100,670.33
1777869844,R_100,670.26
1777869846,R_100,670.28
1777869848,R_100,670.52
1777869850,R_100,670.37
1777869852,R_100,670.69
1777869854,R_100,670.35
1777869856,R_100,670.51
1777869858,R_100,670.58
1777869860,R_100,670.37
1777869862,R_100,670.3
1777869864,R_100,669.89
1777869866,R_100,669.84
1777869868,R_100,670.12
1777869870,R_100,670.01
1777869872,R_100,670.23
1777869874,R_100,670.3
1777869876,R_100,670.24
1777869878,R_100,670.22
1777869880,R_100,669.96
1777869882,R_100,669.89
1777869884,R_100,669.61
1777869886,R_100,669.56
1777869888,R_100,669.06
1777869890,R_100,669.41
1777869892,R_100,669.33
1777869894,R_100,669.24
1777869896,R_100,669.17
1777869898,R_100,669.18
1777869900,R_100,668.95
1777869902,R_100,668.99
1777869904,R_100,669.28
1777869906,R_100,669.11
1777869908,R_100,669.09
1777869910,R_100,668.94
1777869912,R_100,668.66
1777869914,R_100,668.42
1777869916,R_100,668.76
1777869918,R_100,668.76
1777869920,R_100,668.85
1777869922,R_100,668.62
1777869924,R_100,668.59
1777869926,R_100,668.2
1777869928,R_100,668.35
1777869930,R_100,668.37
1777869932,R_100,668.35
1777869934,R_100,668.72
1777869936,R_100,668.52
1777869938,R_100,668.63
1777869940,R_100,668.14
1777869942,R_100,668.32
1777869944,R_100,668.63
1777869946,R_100,668.34
1777869948,R_100,667.96
1777869950,R_100,667.76
1777869952,R_100,667.84
1777869954,R_100,668.09
1777869956,R_100,667.91
1777869958,R_100,667.9
1777869960,R_100,667.93
1777869962,R_100,668.13
1777869964,R_100,667.94
1777869966,R_100,667.93
1777869968,R_100,667.83
1777869970,R_100,668.03
1777869972,R_100,668.35
1777869974,R_100,668.32
1777869976,R_100,668.37
1777869978,R_100,668.33
1777869980,R_100,667.97
1777869982,R_100,668.1
1777869984,R_100,668.22
1777869986,R_100,668.18
1777869988,R_100,668.18
1777869990,R_100,668.21
1777869992,R_100,668.05
1777869994,R_100,668.12
1777869996,R_100,668.11
1777869998,R_100,668.13
1777870000,R_100,667.89
1777870002,R_100,667.89
1777870004,R_100,667.79
1777870006,R_100,667.83
1777870008,R_100,667.74
1777870010,R_100,667.71
1777870012,R_100,667.97
1777870014,R_100,667.88
1777870016,R_100,667.86
1777870018,R_100,667.84
1777870020,R_100,667.73
1777870022,R_100,667.73
1777870024,R_100,667.65
1777870026,R_100,667.49
1777870028,R_100,667.34
1777870030,R_100,667.39
1777870032,R_100,667.23
1777870034,R_100,667.55
1777870036,R_100,667.42
1777870038,R_100,667.47
1777870040,R_100,667.1
1777870042,R_100,667.12
1777870044,R_100,667.09
1777870046,R_100,666.92
1777870048,R_100,666.67
1777870050,R_100,666.58
1777870052,R_100,666.5
1777870054,R_100,666.54
1777870056,R_100,666.16
1777870058,R_100,666.29
1777870060,R_100,666.26
1777870062,R_100,666.31
1777870064,R_100,666.44
1777870066,R_100,666.42
1777870068,R_100,666.74
1777870070,R_100,666.55
1777870072,R_100,666.82
1777870074,R_100,667.25
1777870076,R_100,666.77
1777870078,R_100,666.62
1777870080,R_100,666.77
1777870082,R_100,666.85
1777870084,R_100,666.74
1777870086,R_100,666.61
1777870088,R_100,666.53
1777870090,R_100,666.59
1777870092,R_100,666.5
1777870094,R_100,666.35
1777870096,R_100,666.31
1777870098,R_100,666.47
1777870100,R_100,666.44
1777870102,R_100,666.32
1777870104,R_100,666.38
1777870106,R_100,666.66
1777870108,R_100,666.63
1777870110,R_100,666.44
1777870112,R_100,666.58
1777870114,R_100,666.74
1777870116,R_100,666.54
1777870118,R_100,666.63
1777870120,R_100,666.74
1777870122,R_100,666.54
1777870124,R_100,666.44
1777870126,R_100,666.59
1777870128,R_100,666.54
1777870130,R_100,666.26
1777870132,R_100,666.22
1777870134,R_100,666.11
1777870136,R_100,666.12
1777870138,R_100,666.31
1777870140,R_100,666.75
1777870142,R_100,666.99
1777870144,R_100,666.88
1777870146,R_100,666.82
1777870148,R_100,666.64
1777870150,R_100,666.75
1777870152,R_100,666.87
1777870154,R_100,666.83
1777870156,R_100,666.96
1777870158,R_100,666.77
1777870160,R_100,666.52
1777870162,R_100,666.66
1777870164,R_100,666.63
1777870166,R_100,666.8
1777870168,R_100,666.81
1777870170,R_100,666.64
1777870172,R_100,666.65
1777870174,R_100,666.79
1777870176,R_100,666.77
1777870178,R_100,666.56
1777870180,R_100,666.65
1777870182,R_100,666.78
1777870184,R_100,666.79
1777870186,R_100,666.53
1777870188,R_100,666.6
1777870190,R_100,666.59
1777870192,R_100,666.78
1777870194,R_100,666.76
1777870196,R_100,666.68
1777870198,R_100,666.85
1777870200,R_100,666.67
1777870202,R_100,666.6
1777870204,R_100,666.93
1777870206,R_100,666.94
1777870208,R_100,666.78
1777870210,R_100,666.69
1777870212,R_100,666.72
1777870214,R_100,667.02
1777870216,R_100,667.28
1777870218,R_100,667.34
1777870220,R_100,667.27
1777870222,R_100,667.32
1777870224,R_100,667.27
1777870226,R_100,667.19
1777870228,R_100,667.29
1777870230,R_100,667.48
1777870232,R_100,667.03
1777870234,R_100,667
1777870236,R_100,666.85
1777870238,R_100,666.64
1777870240,R_100,666.89
1777870242,R_100,666.87
1777870244,R_100,666.88
1777870246,R_100,667.15
1777870248,R_100,666.86
1777870250,R_100,666.64
1777870252,R_100,666.57
1777870254,R_100,666.77
1777870256,R_100,666.88
1777870258,R_100,667.01
1777870260,R_100,666.88
1777870262,R_100,666.95
1777870264,R_100,666.9
1777870266,R_100,666.93
1777870268,R_100,667.14
1777870270,R_100,667.01
1777870272,R_100,666.88
1777870274,R_100,666.96
1777870276,R_100,667.24
1777870278,R_100,667.23
1777870280,R_100,667.37
1777870282,R_100,667.39
1777870284,R_100,667.56
1777870286,R_100,667.59
1777870288,R_100,667.76
1777870290,R_100,667.75
1777870292,R_100,667.82
1777870294,R_100,667.97
1777870296,R_100,668.27
1777870298,R_100,668.3
1777870300,R_100,668.6
1777870302,R_100,668.6
1777870304,R_100,668.04
1777870306,R_100,668
1777870308,R_100,667.92
1777870310,R_100,667.88
1777870312,R_100,667.95
1777870314,R_100,667.87
1777870316,R_100,667.88
1777870318,R_100,668.11
1777870320,R_100,667.94
1777870322,R_100,668.05
1777870324,R_100,668.24
1777870326,R_100,668.26
1777870328,R_100,668.09
1777870330,R_100,667.99
1777870332,R_100,667.88
1777870334,R_100,667.88
1777870336,R_100,668.1
1777870338,R_100,667.69
1777870340,R_100,667.62
1777870342,R_100,667.55
1777870344,R_100,667.58
1777870346,R_100,667.68
1777870348,R_100,667.38
1777870350,R_100,667.26
1777870352,R_100,667.43
1777870354,R_100,667.65
1777870356,R_100,667.82
1777870358,R_100,667.76
1777870360,R_100,667.6
1777870362,R_100,667.5
1777870364,R_100,667.43
1777870366,R_100,667.49
1777870368,R_100,667.88
1777870370,R_100,668.1
1777870372,R_100,667.95
1777870374,R_100,668.04
1777870376,R_100,667.85
1777870378,R_100,667.84
1777870380,R_100,667.74
1777870382,R_100,667.49
1777870384,R_100,667.41
1777870386,R_100,667.47
1777870388,R_100,667.34
1777870390,R_100,667.33
1777870392,R_100,667.59
1777870394,R_100,667.42
1777870396,R_100,667.48
1777870398,R_100,667.38
1777870400,R_100,667.08
1777870402,R_100,667.34
1777870404,R_100,667.52
1777870406,R_100,667.65
1777870408,R_100,667.58
1777870410,R_100,667.74
1777870412,R_100,668.01
1777870414,R_100,667.78
1777870416,R_100,667.51
1777870418,R_100,667.48
1777870420,R_100,667.47
1777870422,R_100,667.71
1777870424,R_100,667.67
1777870426,R_100,667.72
1777870428,R_100,667.59
1777870430,R_100,667.33
1777870432,R_100,667.52
1777870434,R_100,667.42
1777870436,R_100,667.36
1777870438,R_100,667.43
1777870440,R_100,667.42
1777870442,R_100,667.23
1777870444,R_100,667.19
1777870446,R_100,667.08
1777870448,R_100,666.89
1777870450,R_100,667.02
1777870452,R_100,666.64
1777870454,R_100,666.58
1777870456,R_100,666.64
1777870458,R_100,666.46
1777870460,R_100,666.19
1777870462,R_100,666.38
1777870464,R_100,666.44
1777870466,R_100,666.18
1777870468,R_100,666.35
1777870470,R_100,666.27
1777870472,R_100,666.17
1777870474,R_100,665.99
1777870476,R_100,666.03
1777870478,R_100,665.99
1777870480,R_100,665.85
1777870482,R_100,665.96
1777870484,R_100,666.05
1777870486,R_100,665.81
1777870488,R_100,666.15
1777870490,R_100,665.93
1777870492,R_100,666.1
1777870494,R_100,665.96
1777870496,R_100,665.96
1777870498,R_100,665.92
1777870500,R_100,666.04
1777870502,R_100,665.75
1777870504,R_100,665.68
1777870506,R_100,665.82
1777870508,R_100,665.76
1777870510,R_100,665.81
1777870512,R_100,665.77
1777870514,R_100,665.7
1777870516,R_100,665.79
1777870518,R_100,665.74
1777870520,R_100,665.87
1777870522,R_100,665.88
1777870524,R_100,665.91
1777870526,R_100,665.91
1777870528,R_100,665.9
1777870530,R_100,665.78
1777870532,R_100,665.8
1777870534,R_100,666.05
1777870536,R_100,665.87
1777870538,R_100,666.04
1777870540,R_100,665.97
1777870542,R_100,665.87
1777870544,R_100,665.96
1777870546,R_100,666.3
1777870548,R_100,666.28
1777870550,R_100,666.28
1777870552,R_100,666.39
1777870554,R_100,666.06
1777870556,R_100,665.8
1777870558,R_100,665.83
1777870560,R_100,666.05
1777870562,R_100,666.06
1777870564,R_100,665.92
1777870566,R_100,666.11
1777870568,R_100,666.21
1777870570,R_100,666.35
1777870572,R_100,666.35
1777870574,R_100,666.39
1777870576,R_100,666.38
1777870578,R_100,666.11
1777870580,R_100,666.29
1777870582,R_100,665.93
1777870584,R_100,665.91
1777870586,R_100,665.99
1777870588,R_100,666.16
1777870590,R_100,666.17
1777870592,R_100,666.24
1777870594,R_100,666.27
1777870596,R_100,666.21
1777870598,R_100,666.35
1777870600,R_100,666.03
1777870602,R_100,666.13
1777870604,R_100,666.05
1777870606,R_100,666.03
1777870608,R_100,666.28
1777870610,R_100,666.21
1777870612,R_100,666.18
1777870614,R_100,666.25
1777870616,R_100,666.28
1777870618,R_100,666.22
1777870620,R_100,666.11
1777870622,R_100,665.86
1777870624,R_100,665.7
1777870626,R_100,665.76
1777870628,R_100,665.94
1777870630,R_100,665.7
1777870632,R_100,665.69
1777870634,R_100,665.8
1777870636,R_100,666.07
1777870638,R_100,666.28
1777870640,R_100,666.53
1777870642,R_100,666.53
1777870644,R_100,666.61
1777870646,R_100,666.73
1777870648,R_100,666.68
1777870650,R_100,666.44
1777870652,R_100,666.27
1777870654,R_100,666.35
1777870656,R_100,666.55
1777870658,R_100,666.72
1777870660,R_100,666.58
1777870662,R_100,666.57
1777870664,R_100,666.67
1777870666,R_100,666.72
1777870668,R_100,666.66
1777870670,R_100,666.54
1777870672,R_100,666.7
1777870674,R_100,666.48
1777870676,R_100,666.31
1777870678,R_100,666.21
1777870680,R_100,666.11
1777870682,R_100,665.91
1777870684,R_100,665.83
1777870686,R_100,665.88
1777870688,R_100,665.92
1777870690,R_100,665.91
1777870692,R_100,665.81
1777870694,R_100,665.72
1777870696,R_100,665.76
1777870698,R_100,665.91
1777870700,R_100,665.74
1777870702,R_100,665.89
1777870704,R_100,665.64
1777870706,R_100,665.88
1777870708,R_100,666.04
1777870710,R_100,665.84
1777870712,R_100,665.91
1777870714,R_100,666.2
1777870716,R_100,666.13
1777870718,R_100,665.97
1777870720,R_100,665.78
1777870722,R_100,665.88
1777870724,R_100,665.8
1777870726,R_100,665.75
1777870728,R_100,665.93
1777870730,R_100,666.24
1777870732,R_100,666.21
1777870734,R_100,666.23
1777870736,R_100,666.26
1777870738,R_100,666.13
1777870740,R_100,666.2
1777870742,R_100,666.31
1777870744,R_100,666.36
1777870746,R_100,666.51
1777870748,R_100,666.45
1777870750,R_100,666.3
1777870752,R_100,666.37
1777870754,R_100,666.18
1777870756,R_100,666.16
1777870758,R_100,666.16
1777870760,R_100,665.93
1777870762,R_100,665.85
1777870764,R_100,665.97
1777870766,R_100,665.93
1777870768,R_100,665.91
1777870770,R_100,666
1777870772,R_100,665.98
1777870774,R_100,666.13
1777870776,R_100,666.09
1777870778,R_100,666.06
1777870780,R_100,666.12
1777870782,R_100,666.09
1777870784,R_100,666.03
1777870786,R_100,666.06
1777870788,R_100,666.16
1777870790,R_100,666.17
1777870792,R_100,666.13
1777870794,R_100,666.39
1777870796,R_100,667
1777870798,R_100,667
1777870800,R_100,667.24
1777870802,R_100,667.12
1777870804,R_100,667.28
1777870806,R_100,667.1
1777870808,R_100,667.31
1777870810,R_100,667.29
1777870812,R_100,667.33
1777870814,R_100,667.37
1777870816,R_100,667.45
1777870818,R_100,667.55
1777870820,R_100,667.86
1777870822,R_100,667.72
1777870824,R_100,667.68
1777870826,R_100,667.66
1777870828,R_100,667.64
1777870830,R_100,667.54
1777870832,R_100,667.51
1777870834,R_100,667.67
1777870836,R_100,667.77
1777870838,R_100,667.53
1777870840,R_100,667.74
1777870842,R_100,667.85
1777870844,R_100,667.56
1777870846,R_100,667.61
1777870848,R_100,667.72
1777870850,R_100,667.73
1777870852,R_100,667.86
1777870854,R_100,667.95
1777870856,R_100,667.99
1777870858,R_100,668.16
1777870860,R_100,667.94
1777870862,R_100,668.07
1777870864,R_100,668.11
1777870866,R_100,667.87
1777870868,R_100,668
1777870870,R_100,668.28
1777870872,R_100,668.15
1777870874,R_100,668.33
1777870876,R_100,668.35
1777870878,R_100,668.43
1777870880,R_100,668.42
1777870882,R_100,668.59
1777870884,R_100,668.92
1777870886,R_100,668.72
1777870888,R_100,668.91
1777870890,R_100,668.95
1777870892,R_100,668.96
1777870894,R_100,668.86
1777870896,R_100,668.79
1777870898,R_100,668.78
1777870900,R_100,668.6
1777870902,R_100,668.71
1777870904,R_100,668.56
1777870906,R_100,668.28
1777870908,R_100,668.28
1777870910,R_100,668.6
1777870912,R_100,668.54
1777870914,R_100,668.63
1777870916,R_100,668.26
1777870918,R_100,668.6
1777870920,R_100,668.57
1777870922,R_100,668.36
1777870924,R_100,668.44
1777870926,R_100,668.71
1777870928,R_100,668.69
1777870930,R_100,668.69
1777870932,R_100,668.37
1777870934,R_100,668.68
1777870936,R_100,668.44
1777870938,R_100,668.37
1777870940,R_100,668.34
1777870942,R_100,668.48
1777870944,R_100,668.54
1777870946,R_100,668.84
1777870948,R_100,668.85
1777870950,R_100,668.75
1777870952,R_100,669.16
1777870954,R_100,669.41
1777870956,R_100,669.55
1777870958,R_100,669.32
1777870960,R_100,669.22
1777870962,R_100,669.68
1777870964,R_100,669.95
1777870966,R_100,669.82
1777870968,R_100,669.68
1777870970,R_100,669.68
1777870972,R_100,669.75
1777870974,R_100,669.62
1777870976,R_100,669.83
1777870978,R_100,669.9
1777870980,R_100,669.93
1777870982,R_100,669.89
1777870984,R_100,670.07
1777870986,R_100,670.36
1777870988,R_100,670.59
1777870990,R_100,670.49
1777870992,R_100,670.47
1777870994,R_100,670.59
1777870996,R_100,670.58
1777870998,R_100,670.38
1777871000,R_100,670.29
1777871002,R_100,670.24
1777871004,R_100,670.31
1777871006,R_100,670.48
1777871008,R_100,670.45
1777871010,R_100,670.48
1777871012,R_100,670.62
1777871014,R_100,670.87
1777871016,R_100,670.72
1777871018,R_100,670.6
1777871020,R_100,670.88
1777871022,R_100,670.96
1777871024,R_100,671
1777871026,R_100,670.93
1777871028,R_100,670.84
1777871030,R_100,670.9
1777871032,R_100,671.08
1777871034,R_100,670.94
1777871036,R_100,671.13
1777871038,R_100,671.2
1777871040,R_100,671.07
1777871042,R_100,671.28
1777871044,R_100,671.5
1777871046,R_100,671.38
1777871048,R_100,671.73
1777871050,R_100,671.84
1777871052,R_100,671.83
1777871054,R_100,672.03
1777871056,R_100,671.92
1777871058,R_100,671.96
1777871060,R_100,672.21
1777871062,R_100,672.22
1777871064,R_100,672.31
1777871066,R_100,672.35
1777871068,R_100,672.19
1777871070,R_100,672.08
1777871072,R_100,672.03
1777871074,R_100,672.14
1777871076,R_100,672.22
1777871078,R_100,672.41
1777871080,R_100,672.73
1777871082,R_100,672.62
1777871084,R_100,672.47
1777871086,R_100,672.6
1777871088,R_100,672.66
1777871090,R_100,672.84
1777871092,R_100,673.04
1777871094,R_100,672.84
1777871096,R_100,672.63
1777871098,R_100,672.36
1777871100,R_100,672.42
1777871102,R_100,672.4
1777871104,R_100,672.33
1777871106,R_100,672.32
1777871108,R_100,672.29
1777871110,R_100,672.37
1777871112,R_100,672.29
1777871114,R_100,672.32
1777871116,R_100,672.39
1777871118,R_100,672.78
1777871120,R_100,673.03
1777871122,R_100,673.14
1777871124,R_100,673.14
1777871126,R_100,673.11
1777871128,R_100,673.31
1777871130,R_100,673.46
1777871132,R_100,673.2
1777871134,R_100,673.14
1777871136,R_100,672.77
1777871138,R_100,672.86
1777871140,R_100,672.61
1777871142,R_100,672.49
1777871144,R_100,672.44
1777871146,R_100,672.42
1777871148,R_100,672.63
1777871150,R_100,672.36
1777871152,R_100,672.34
1777871154,R_100,672.47
1777871156,R_100,672.66
1777871158,R_100,672.32
1777871160,R_100,672.22
1777871162,R_100,672.17
1777871164,R_100,672.25
1777871166,R_100,672.41
1777871168,R_100,672.53
1777871170,R_100,672.38
1777871172,R_100,672.58
1777871174,R_100,672.51
1777871176,R_100,672.54
1777871178,R_100,672.69
1777871180,R_100,672.85
1777871182,R_100,672.81
1777871184,R_100,672.68
1777871186,R_100,672.47
1777871188,R_100,672.53
1777871190,R_100,672.63
1777871192,R_100,672.53
1777871194,R_100,672.56
1777871196,R_100,672.5
1777871198,R_100,672.52
1777871200,R_100,672.51
1777871202,R_100,672.76
1777871204,R_100,672.88
1777871206,R_100,672.97
1777871208,R_100,672.8
1777871210,R_100,672.81
1777871212,R_100,672.8
1777871214,R_100,673.03
1777871216,R_100,673.17
1777871218,R_100,673.49
1777871220,R_100,673.4
1777871222,R_100,673.55
1777871224,R_100,673.72
1777871226,R_100,673.65
1777871228,R_100,673.71
1777871230,R_100,673.98
1777871232,R_100,673.78
1777871234,R_100,673.44
1777871236,R_100,673.13
1777871238,R_100,673.17
1777871240,R_100,673.2
1777871242,R_100,673.19
1777871244,R_100,673.04
1777871246,R_100,673.05
1777871248,R_100,672.98
1777871250,R_100,673.14
1777871252,R_100,673.45
1777871254,R_100,673.54
1777871256,R_100,673.65
1777871258,R_100,673.77
1777871260,R_100,673.76
1777871262,R_100,674
1777871264,R_100,674.16
1777871266,R_100,674.28
1777871268,R_100,674.27
1777871270,R_100,674.41
1777871272,R_100,674.3
1777871274,R_100,674.25
1777871276,R_100,674.2
1777871278,R_100,674.26
1777871280,R_100,674.19
1777871282,R_100,674.28
1777871284,R_100,674.29
1777871286,R_100,674.17
1777871288,R_100,674.08
1777871290,R_100,674.23
1777871292,R_100,674.32
1777871294,R_100,674.59
1777871296,R_100,674.72
1777871298,R_100,674.95
1777871300,R_100,675
1777871302,R_100,674.79
1777871304,R_100,674.97
1777871306,R_100,674.93
1777871308,R_100,675.04
1777871310,R_100,674.98
1777871312,R_100,675.2
1777871314,R_100,674.88
1777871316,R_100,674.68
1777871318,R_100,674.85
1777871320,R_100,674.88
1777871322,R_100,674.71
1777871324,R_100,674.78
1777871326,R_100,675.17
1777871328,R_100,675.19
1777871330,R_100,675.18
1777871332,R_100,675.04
1777871334,R_100,674.97
1777871336,R_100,675.08
1777871338,R_100,675.21
1777871340,R_100,675.35
1777871342,R_100,675.33
1777871344,R_100,675.27
1777871346,R_100,675.23
1777871348,R_100,674.99
1777871350,R_100,675.15
1777871352,R_100,675.06
1777871354,R_100,674.91
1777871356,R_100,675.21
1777871358,R_100,675.21
1777871360,R_100,675.16
1777871362,R_100,675.09
1777871364,R_100,675.29
1777871366,R_100,675.46
1777871368,R_100,675.67
1777871370,R_100,675.64
1777871372,R_100,675.46
1777871374,R_100,675.53
1777871376,R_100,675.63
1777871378,R_100,675.78
1777871380,R_100,676.07
1777871382,R_100,676.04
1777871384,R_100,676.24
1777871386,R_100,676.05
1777871388,R_100,676.12
1777871390,R_100,676.03
1777871392,R_100,675.66
1777871394,R_100,675.55
1777871396,R_100,675.66
1777871398,R_100,675.71
1777871400,R_100,675.75
1777871402,R_100,676.09
1777871404,R_100,676.14
1777871406,R_100,676.05
1777871408,R_100,676.06
1777871410,R_100,675.96
1777871412,R_100,675.88
1777871414,R_100,676.01
1777871416,R_100,675.91
1777871418,R_100,676.04
1777871420,R_100,675.9
1777871422,R_100,675.72
1777871424,R_100,675.49
1777871426,R_100,675.41
1777871428,R_100,675.53
1777871430,R_100,675.4
1777871432,R_100,675.12
1777871434,R_100,675.14
1777871436,R_100,675.13
1777871438,R_100,675.04
1777871440,R_100,675.42
1777871442,R_100,675.52
1777871444,R_100,675.36
1777871446,R_100,675.67
1777871448,R_100,675.84
1777871450,R_100,676.27
1777871452,R_100,676.26
1777871454,R_100,676.22
1777871456,R_100,676.04
1777871458,R_100,675.92
1777871460,R_100,675.52
1777871462,R_100,675.56
1777871464,R_100,675.74
1777871466,R_100,675.36
1777871468,R_100,675.26
1777871470,R_100,674.94
1777871472,R_100,675.29
1777871474,R_100,675.01
1777871476,R_100,674.81
1777871478,R_100,674.97
1777871480,R_100,675.07
1777871482,R_100,675
1777871484,R_100,674.87
1777871486,R_100,674.55
1777871488,R_100,674.67
1777871490,R_100,674.76
1777871492,R_100,674.62
1777871494,R_100,674.42
1777871496,R_100,674.57
1777871498,R_100,674.43
1777871500,R_100,674.61
1777871502,R_100,674.39
1777871504,R_100,674.21
1777871506,R_100,674.35
1777871508,R_100,674.47
1777871510,R_100,674.34
1777871512,R_100,674.49
1777871514,R_100,674.36
1777871516,R_100,674.41
1777871518,R_100,674.64
1777871520,R_100,674.24
1777871522,R_100,674.02
1777871524,R_100,674.01
1777871526,R_100,674.27
1777871528,R_100,674.4
1777871530,R_100,674.27
1777871532,R_100,674.36
1777871534,R_100,674.54
1777871536,R_100,674.32
1777871538,R_100,674.5
1777871540,R_100,674.19
1777871542,R_100,674.02
1777871544,R_100,674.15
1777871546,R_100,674.05
1777871548,R_100,673.78
1777871550,R_100,673.83
1777871552,R_100,674.04
1777871554,R_100,674.38
1777871556,R_100,674.04
1777871558,R_100,674.28
1777871560,R_100,674.2
1777871562,R_100,674.07
1777871564,R_100,673.96
1777871566,R_100,674.01
1777871568,R_100,673.83
1777871570,R_100,673.92
1777871572,R_100,673.96
1777871574,R_100,673.95
1777871576,R_100,673.79
1777871578,R_100,673.56
1777871580,R_100,673.48
1777871582,R_100,673.49
1777871584,R_100,673.06
1777871586,R_100,672.91
1777871588,R_100,672.69
1777871590,R_100,672.41
1777871592,R_100,672.59
1777871594,R_100,672.58
1777871596,R_100,672.67
1777871598,R_100,672.55
1777871600,R_100,672.45
1777871602,R_100,672.28
1777871604,R_100,672.41
1777871606,R_100,672.37
1777871608,R_100,672.42
1777871610,R_100,672.48
1777871612,R_100,672.32
1777871614,R_100,671.81
1777871616,R_100,671.93
1777871618,R_100,672.07
1777871620,R_100,671.87
1777871622,R_100,671.94
1777871624,R_100,671.92
1777871626,R_100,672.03
1777871628,R_100,671.61
1777871630,R_100,671.48
1777871632,R_100,671.74
1777871634,R_100,671.68
1777871636,R_100,671.6
1777871638,R_100,671.9
1777871640,R_100,672.05
1777871642,R_100,671.9
1777871644,R_100,672.01
1777871646,R_100,672.01
1777871648,R_100,672.09
1777871650,R_100,672.12
1777871652,R_100,672.11
1777871654,R_100,671.82
1777871656,R_100,671.75
1777871658,R_100,671.99
1777871660,R_100,672.04
1777871662,R_100,671.94
1777871664,R_100,671.78
1777871666,R_100,671.66
1777871668,R_100,671.98
1777871670,R_100,671.87
1777871672,R_100,672.1
1777871674,R_100,671.77
1777871676,R_100,671.83
1777871678,R_100,671.99
1777871680,R_100,672.06
1777871682,R_100,672.2
1777871684,R_100,672.35
1777871686,R_100,672.19
1777871688,R_100,672.36
1777871690,R_100,671.96
1777871692,R_100,671.88
1777871694,R_100,671.92
1777871696,R_100,671.92
1777871698,R_100,671.81
1777871700,R_100,671.91
1777871702,R_100,671.94
1777871704,R_100,671.84
1777871706,R_100,671.69
1777871708,R_100,671.67
1777871710,R_100,671.5
1777871712,R_100,671.92
1777871714,R_100,671.98
1777871716,R_100,672.15
1777871718,R_100,672.15
1777871720,R_100,672.4
1777871722,R_100,672.45
1777871724,R_100,672.54
1777871726,R_100,672.38
1777871728,R_100,672.26
1777871730,R_100,672.26
1777871732,R_100,672.35
1777871734,R_100,672.2
1777871736,R_100,672.25
1777871738,R_100,672.03
1777871740,R_100,672.41
1777871742,R_100,672.51
1777871744,R_100,672.47
1777871746,R_100,672.41
1777871748,R_100,672.52
1777871750,R_100,672.47
1777871752,R_100,672.57
1777871754,R_100,672.52
1777871756,R_100,672.52
1777871758,R_100,672.67
1777871760,R_100,672.86
1777871762,R_100,672.58
1777871764,R_100,672.79
1777871766,R_100,672.86
1777871768,R_100,672.55
1777871770,R_100,672.69
1777871772,R_100,672.75
1777871774,R_100,672.86
1777871776,R_100,672.85
1777871778,R_100,672.86
1777871780,R_100,672.78
1777871782,R_100,672.83
1777871784,R_100,673.04
1777871786,R_100,673.08
1777871788,R_100,672.95
1777871790,R_100,672.58
1777871792,R_100,672.54
1777871794,R_100,672.53
1777871796,R_100,672.71
1777871798,R_100,672.5
1777871800,R_100,672.55
1777871802,R_100,672.66
1777871804,R_100,672.66
1777871806,R_100,672.81
1777871808,R_100,672.68
1777871810,R_100,672.63
1777871812,R_100,672.64
1777871814,R_100,672.64
1777871816,R_100,672.73
1777871818,R_100,672.27
1777871820,R_100,672.29
1777871822,R_100,672.55
1777871824,R_100,672.52
1777871826,R_100,672.39
1777871828,R_100,672.41
1777871830,R_100,672.14
1777871832,R_100,672.28
1777871834,R_100,672.16
1777871836,R_100,672.21
1777871838,R_100,671.83
1777871840,R_100,672
1777871842,R_100,671.99
1777871844,R_100,672.14
1777871846,R_100,672.12
1777871848,R_100,671.97
1777871850,R_100,672
1777871852,R_100,671.94
1777871854,R_100,671.8
1777871856,R_100,671.79
1777871858,R_100,671.94
1777871860,R_100,672.04
1777871862,R_100,672.29
1777871864,R_100,672.53
1777871866,R_100,672.72
1777871868,R_100,672.38
1777871870,R_100,672.38
1777871872,R_100,672.24
1777871874,R_100,672.19
1777871876,R_100,672.49
1777871878,R_100,672.56
1777871880,R_100,672.45
1777871882,R_100,672.63
1777871884,R_100,672.49
1777871886,R_100,672.65
1777871888,R_100,673.11
1777871890,R_100,673.14
1777871892,R_100,672.99
1777871894,R_100,673
1777871896,R_100,673.19
1777871898,R_100,673.37
1777871900,R_100,673.24
1777871902,R_100,673
1777871904,R_100,673.07
1777871906,R_100,673.19
1777871908,R_100,672.98
1777871910,R_100,672.34
1777871912,R_100,672.4
1777871914,R_100,672.33
1777871916,R_100,672.14
1777871918,R_100,671.96
1777871920,R_100,671.79
1777871922,R_100,671.88
1777871924,R_100,671.75
1777871926,R_100,671.86
1777871928,R_100,671.79
1777871930,R_100,671.82
1777871932,R_100,671.79
1777871934,R_100,671.97
1777871936,R_100,672.17
1777871938,R_100,672.23
1777871940,R_100,672.18
1777871942,R_100,672.01
1777871944,R_100,672.1
1777871946,R_100,671.84
1777871948,R_100,671.71
1777871950,R_100,671.6
1777871952,R_100,671.5
1777871954,R_100,671.54
1777871956,R_100,671.34
1777871958,R_100,671.46
1777871960,R_100,671.38
1777871962,R_100,671.32
1777871964,R_100,671.03
1777871966,R_100,671.07
1777871968,R_100,670.93
1777871970,R_100,670.81
1777871972,R_100,670.63
1777871974,R_100,670.6
1777871976,R_100,670.87
1777871978,R_100,670.93
1777871980,R_100,671.01
1777871982,R_100,671.24
1777871984,R_100,671.18
1777871986,R_100,671
1777871988,R_100,671.16
1777871990,R_100,670.76
1777871992,R_100,670.9
1777871994,R_100,670.95
1777871996,R_100,671.1
1777871998,R_100,671.24
1777872000,R_100,671.14
1777872002,R_100,670.71
1777872004,R_100,670.76
1777872006,R_100,670.73
1777872008,R_100,670.66
1777872010,R_100,670.84
1777872012,R_100,671.04
1777872014,R_100,671.05
1777872016,R_100,671.07
1777872018,R_100,670.83
1777872020,R_100,670.96
1777872022,R_100,670.9
1777872024,R_100,670.75
1777872026,R_100,670.73
1777872028,R_100,670.88
1777872030,R_100,670.96
1777872032,R_100,670.94
1777872034,R_100,670.96
1777872036,R_100,670.84
1777872038,R_100,670.88
1777872040,R_100,671.22
1777872042,R_100,671.4
1777872044,R_100,671.51
1777872046,R_100,671.56
1777872048,R_100,671.6
1777872050,R_100,671.77
1777872052,R_100,671.61
1777872054,R_100,671.62
1777872056,R_100,671.71
1777872058,R_100,671.65
1777872060,R_100,671.62
1777872062,R_100,671.55
1777872064,R_100,671.49
1777872066,R_100,671.52
1777872068,R_100,671.77
1777872070,R_100,671.7
1777872072,R_100,671.84
1777872074,R_100,671.87
1777872076,R_100,671.94
1777872078,R_100,671.87
1777872080,R_100,671.99
1777872082,R_100,671.88
1777872084,R_100,672.07
1777872086,R_100,672.07
1777872088,R_100,672.47
1777872090,R_100,672.66
1777872092,R_100,672.61
1777872094,R_100,672.96
1777872096,R_100,672.88
1777872098,R_100,672.92
1777872100,R_100,673.07
1777872102,R_100,673.04
1777872104,R_100,672.97
1777872106,R_100,673.16
1777872108,R_100,673.27
1777872110,R_100,673.16
1777872112,R_100,672.86
1777872114,R_100,673.02
1777872116,R_100,672.93
1777872118,R_100,673.18
1777872120,R_100,673.17
1777872122,R_100,672.88
1777872124,R_100,673.27
1777872126,R_100,673.24
1777872128,R_100,672.95
1777872130,R_100,672.99
1777872132,R_100,672.64
1777872134,R_100,672.58
1777872136,R_100,672.4
1777872138,R_100,672.37
1777872140,R_100,672.36
1777872142,R_100,672.29
1777872144,R_100,672.14
1777872146,R_100,671.97
1777872148,R_100,672.03
1777872150,R_100,671.87
1777872152,R_100,672.01
1777872154,R_100,671.99
1777872156,R_100,671.7
1777872158,R_100,671.83
1777872160,R_100,671.77
1777872162,R_100,671.85
1777872164,R_100,672.04
1777872166,R_100,672.33
1777872168,R_100,672.54
1777872170,R_100,672.57
1777872172,R_100,672.5
1777872174,R_100,672.63
1777872176,R_100,672.74
1777872178,R_100,672.84
1777872180,R_100,672.68
1777872182,R_100,672.75
1777872184,R_100,673.11
1777872186,R_100,673.09
1777872188,R_100,673.45
1777872190,R_100,673.54
1777872192,R_100,673.34
1777872194,R_100,673.3
1777872196,R_100,672.98
1777872198,R_100,673.01
1777872200,R_100,672.65
1777872202,R_100,672.44
1777872204,R_100,672.57
1777872206,R_100,672.63
1777872208,R_100,672.53
1777872210,R_100,672.44
1777872212,R_100,672.73
1777872214,R_100,672.61
1777872216,R_100,672.9
1777872218,R_100,672.94
1777872220,R_100,672.87
1777872222,R_100,672.89
1777872224,R_100,672.64
1777872226,R_100,672.29
1777872228,R_100,672.36
1777872230,R_100,672.26
1777872232,R_100,672.32
1777872234,R_100,672.41
1777872236,R_100,672.43
1777872238,R_100,672.31
1777872240,R_100,672.39
1777872242,R_100,672.36
1777872244,R_100,672.12
1777872246,R_100,672.2
1777872248,R_100,671.94
1777872250,R_100,672.04
1777872252,R_100,671.94
1777872254,R_100,671.73
1777872256,R_100,671.82
1777872258,R_100,672.06
1777872260,R_100,672
1777872262,R_100,672.14
1777872264,R_100,672.21
1777872266,R_100,672.01
1777872268,R_100,672.15
1777872270,R_100,672.06
1777872272,R_100,672.02
1777872274,R_100,671.73
1777872276,R_100,671.61
1777872278,R_100,671.77
1777872280,R_100,671.74
1777872282,R_100,671.9
1777872284,R_100,671.92
1777872286,R_100,672
1777872288,R_100,672.03
1777872290,R_100,672.18
1777872292,R_100,672.38
1777872294,R_100,672.26
1777872296,R_100,672.24
1777872298,R_100,671.99
1777872300,R_100,671.78
1777872302,R_100,671.83
1777872304,R_100,671.64
1777872306,R_100,671.58
1777872308,R_100,671.69
1777872310,R_100,671.89
1777872312,R_100,671.87
1777872314,R_100,672.04
1777872316,R_100,672.31
1777872318,R_100,672.36
1777872320,R_100,672.2
1777872322,R_100,672.08
1777872324,R_100,672.12
1777872326,R_100,672.07
1777872328,R_100,671.99
1777872330,R_100,672.07
1777872332,R_100,672.2
1777872334,R_100,672.18
1777872336,R_100,672.02
1777872338,R_100,671.91
1777872340,R_100,671.87
1777872342,R_100,671.81
1777872344,R_100,671.92
1777872346,R_100,671.86
1777872348,R_100,671.74
1777872350,R_100,671.8
1777872352,R_100,671.66
1777872354,R_100,671.91
1777872356,R_100,672.28
1777872358,R_100,672.08
1777872360,R_100,672.15
1777872362,R_100,672.06
1777872364,R_100,671.88
1777872366,R_100,672.12
1777872368,R_100,672.11
1777872370,R_100,672.07
1777872372,R_100,672.01
1777872374,R_100,672.18
1777872376,R_100,672.82
1777872378,R_100,672.55
1777872380,R_100,672.44
1777872382,R_100,672.56
1777872384,R_100,672.85
1777872386,R_100,673.07
1777872388,R_100,673.02
1777872390,R_100,672.84
1777872392,R_100,672.84
1777872394,R_100,672.77
1777872396,R_100,672.8
1777872398,R_100,672.84
1777872400,R_100,672.91
1777872402,R_100,672.83
1777872404,R_100,672.61
1777872406,R_100,672.7
1777872408,R_100,672.54
1777872410,R_100,672.25
1777872412,R_100,672.31
1777872414,R_100,672.43
1777872416,R_100,672.01
1777872418,R_100,672.11
1777872420,R_100,671.83
1777872422,R_100,671.86
1777872424,R_100,671.84
1777872426,R_100,671.88
1777872428,R_100,671.71
1777872430,R_100,671.76
1777872432,R_100,671.59
1777872434,R_100,671.92
1777872436,R_100,671.66
1777872438,R_100,671.65
1777872440,R_100,671.67
1777872442,R_100,671.71
1777872444,R_100,671.63
1777872446,R_100,671.45
1777872448,R_100,671.49
1777872450,R_100,671.62
1777872452,R_100,671.23
1777872454,R_100,671.24
1777872456,R_100,671.23
1777872458,R_100,671.33
1777872460,R_100,671.42
1777872462,R_100,671.35
1777872464,R_100,671.41
1777872466,R_100,671.03
1777872468,R_100,670.58
1777872470,R_100,670.48
1777872472,R_100,670.44
1777872474,R_100,670.48
1777872476,R_100,670.33
1777872478,R_100,670.18
1777872480,R_100,670.13
1777872482,R_100,670.09
1777872484,R_100,669.91
1777872486,R_100,669.99
1777872488,R_100,670.11
1777872490,R_100,670.08
1777872492,R_100,670.06
1777872494,R_100,670.29
1777872496,R_100,670.14
1777872498,R_100,670.25
1777872500,R_100,670.15
1777872502,R_100,670.18
1777872504,R_100,670.33
1777872506,R_100,670.11
1777872508,R_100,670.07
1777872510,R_100,669.96
1777872512,R_100,669.71
1777872514,R_100,669.6
1777872516,R_100,669.46
1777872518,R_100,669.36
1777872520,R_100,669.24
1777872522,R_100,669.27
1777872524,R_100,669.23
1777872526,R_100,669.33
1777872528,R_100,669.47
1777872530,R_100,669.55
1777872532,R_100,669.31
1777872534,R_100,669.52
1777872536,R_100,669.65
1777872538,R_100,669.88
1777872540,R_100,669.82
1777872542,R_100,669.62
1777872544,R_100,669.56
1777872546,R_100,669.68
1777872548,R_100,669.51
1777872550,R_100,669.54
1777872552,R_100,669.12
1777872554,R_100,669.34
1777872556,R_100,669.35
1777872558,R_100,669.19
1777872560,R_100,669.13
1777872562,R_100,669.22
1777872564,R_100,669.25
1777872566,R_100,669.18
1777872568,R_100,669.15
1777872570,R_100,668.98
1777872572,R_100,669
1777872574,R_100,669.19
1777872576,R_100,669.19
1777872578,R_100,669.64
1777872580,R_100,669.81
1777872582,R_100,669.84
1777872584,R_100,669.51
1777872586,R_100,669.3
1777872588,R_100,669.3
1777872590,R_100,669.19
1777872592,R_100,669.18
1777872594,R_100,669.09
1777872596,R_100,668.95
1777872598,R_100,668.71
1777872600,R_100,668.83
1777872602,R_100,668.96
1777872604,R_100,668.84
1777872606,R_100,668.63
1777872608,R_100,668.79
1777872610,R_100,668.66
1777872612,R_100,668.81
1777872614,R_100,668.9
1777872616,R_100,668.71
1777872618,R_100,668.75
1777872620,R_100,668.52
1777872622,R_100,668.81
1777872624,R_100,668.8
1777872626,R_100,668.66
1777872628,R_100,668.75
1777872630,R_100,668.63
1777872632,R_100,668.71
1777872634,R_100,668.44
1777872636,R_100,668.52
1777872638,R_100,668.54
1777872640,R_100,668.6
1777872642,R_100,668.62
1777872644,R_100,668.88
1777872646,R_100,668.83
1777872648,R_100,668.86
1777872650,R_100,668.97
1777872652,R_100,669
1777872654,R_100,668.91
1777872656,R_100,668.92
1777872658,R_100,669
1777872660,R_100,668.73
1777872662,R_100,668.83
1777872664,R_100,668.86
1777872666,R_100,668.69
1777872668,R_100,668.82
1777872670,R_100,668.92
1777872672,R_100,669.3
1777872674,R_100,669.47
1777872676,R_100,669.53
1777872678,R_100,669.17
1777872680,R_100,668.94
1777872682,R_100,669.06
1777872684,R_100,669.07
1777872686,R_100,669.26
1777872688,R_100,669.57
1777872690,R_100,670.02
1777872692,R_100,670.07
1777872694,R_100,670.14
1777872696,R_100,670.25
1777872698,R_100,670.16
1777872700,R_100,670.3
1777872702,R_100,670.37
1777872704,R_100,670.19
1777872706,R_100,670.36
1777872708,R_100,670.36
1777872710,R_100,670.23
1777872712,R_100,670.49
1777872714,R_100,670.57
1777872716,R_100,670.63
1777872718,R_100,670.78
1777872720,R_100,671.09
1777872722,R_100,670.89
1777872724,R_100,670.86
1777872726,R_100,670.68
1777872728,R_100,670.72
1777872730,R_100,671.03
1777872732,R_100,670.91
1777872734,R_100,670.92
1777872736,R_100,670.95
1777872738,R_100,670.68
1777872740,R_100,670.99
1777872742,R_100,671.25
1777872744,R_100,671.28
1777872746,R_100,671.31
1777872748,R_100,671.24
1777872750,R_100,671.3
1777872752,R_100,671.22
1777872754,R_100,671.61
1777872756,R_100,671.61
1777872758,R_100,671.9
1777872760,R_100,671.81
1777872762,R_100,671.62
1777872764,R_100,671.52
1777872766,R_100,671.6
1777872768,R_100,671.78
1777872770,R_100,671.98
1777872772,R_100,672.15
1777872774,R_100,672.48
1777872776,R_100,672.57
1777872778,R_100,672.21
1777872780,R_100,672.26
1777872782,R_100,672.18
1777872784,R_100,672.32
1777872786,R_100,672.25
1777872788,R_100,671.95
1777872790,R_100,671.84
1777872792,R_100,671.88
1777872794,R_100,672.05
1777872796,R_100,671.88
1777872798,R_100,671.85
1777872800,R_100,671.75
1777872802,R_100,671.57
1777872804,R_100,671.59
1777872806,R_100,671.62
1777872808,R_100,671.92
1777872810,R_100,671.73
1777872812,R_100,671.71
1777872814,R_100,671.59
1777872816,R_100,671.49
1777872818,R_100,671.39
1777872820,R_100,671.4
1777872822,R_100,671.2
1777872824,R_100,671.06
1777872826,R_100,671.12
1777872828,R_100,670.99
1777872830,R_100,671.44
1777872832,R_100,671.64
1777872834,R_100,671.45
1777872836,R_100,671.45
1777872838,R_100,671.29
1777872840,R_100,670.83
1777872842,R_100,671
1777872844,R_100,670.97
1777872846,R_100,671.05
1777872848,R_100,670.9
1777872850,R_100,670.8
1777872852,R_100,670.75
1777872854,R_100,670.68
1777872856,R_100,670.54
1777872858,R_100,670.68
1777872860,R_100,670.68
1777872862,R_100,670.8
1777872864,R_100,670.94
1777872866,R_100,671.25
1777872868,R_100,671.1
1777872870,R_100,671.21
1777872872,R_100,671.15
1777872874,R_100,670.97
1777872876,R_100,671.09
1777872878,R_100,670.78
1777872880,R_100,670.89
1777872882,R_100,670.8
1777872884,R_100,670.81
1777872886,R_100,671.1
1777872888,R_100,671.14
1777872890,R_100,671.34
1777872892,R_100,671.43
1777872894,R_100,671.37
1777872896,R_100,671.28
1777872898,R_100,671.4
1777872900,R_100,671.61
1777872902,R_100,671.57
1777872904,R_100,671.33
1777872906,R_100,671.24
1777872908,R_100,671.19
1777872910,R_100,671.29
1777872912,R_100,671.5
1777872914,R_100,671.59
1777872916,R_100,671.24
1777872918,R_100,671.64
1777872920,R_100,671.93
1777872922,R_100,672.1
1777872924,R_100,672.12
1777872926,R_100,672.2
1777872928,R_100,672.53
1777872930,R_100,672.42
1777872932,R_100,672.43
1777872934,R_100,672.26
1777872936,R_100,672.38
1777872938,R_100,672.37
1777872940,R_100,672.59
1777872942,R_100,672.59
1777872944,R_100,672.6
1777872946,R_100,672.57
1777872948,R_100,672.79
1777872950,R_100,672.71
1777872952,R_100,672.67
1777872954,R_100,672.9
1777872956,R_100,672.68
1777872958,R_100,672.64
1777872960,R_100,672.99
1777872962,R_100,672.84
1777872964,R_100,673.1
1777872966,R_100,673.24
1777872968,R_100,673.06
1777872970,R_100,673.33
1777872972,R_100,673.16
1777872974,R_100,673.03
1777872976,R_100,672.87
1777872978,R_100,672.59
1777872980,R_100,672.83
1777872982,R_100,672.85
1777872984,R_100,673.34
1777872986,R_100,673.3
1777872988,R_100,673.34
1777872990,R_100,673.2
1777872992,R_100,673.03
1777872994,R_100,673.01
1777872996,R_100,673.03
1777872998,R_100,672.99
1777873000,R_100,672.9
1777873002,R_100,673.07
1777873004,R_100,673.3
1777873006,R_100,673.32
1777873008,R_100,673.33
1777873010,R_100,673.56
1777873012,R_100,673.59
1777873014,R_100,673.45
1777873016,R_100,673.33
1777873018,R_100,673.45
1777873020,R_100,673.16
1777873022,R_100,673.32
1777873024,R_100,673.45
1777873026,R_100,673.43
1777873028,R_100,673.58
1777873030,R_100,673.59
1777873032,R_100,673.82
1777873034,R_100,674.05
1777873036,R_100,674.24
1777873038,R_100,674.29
1777873040,R_100,674.59
1777873042,R_100,674.43
1777873044,R_100,674.56
1777873046,R_100,674.61
1777873048,R_100,674.68
1777873050,R_100,674.69
1777873052,R_100,674.8
1777873054,R_100,675
1777873056,R_100,675.03
1777873058,R_100,675.11
1777873060,R_100,675.13
1777873062,R_100,675.17
1777873064,R_100,674.93
1777873066,R_100,674.93
1777873068,R_100,674.62
1777873070,R_100,674.77
1777873072,R_100,674.41
1777873074,R_100,674.46
1777873076,R_100,674.55
1777873078,R_100,674.68
1777873080,R_100,674.75
1777873082,R_100,674.84
1777873084,R_100,674.92
1777873086,R_100,675.52
1777873088,R_100,675.64
1777873090,R_100,675.57
1777873092,R_100,675.37
1777873094,R_100,675.53
1777873096,R_100,675.53
1777873098,R_100,675.24
1777873100,R_100,675.21
1777873102,R_100,675.22
1777873104,R_100,675.34
1777873106,R_100,675.57
1777873108,R_100,675.55
1777873110,R_100,675.6
1777873112,R_100,675.75
1777873114,R_100,675.85
1777873116,R_100,675.76
1777873118,R_100,675.6
1777873120,R_100,675.49
1777873122,R_100,675.29
1777873124,R_100,675.1
1777873126,R_100,675.36
1777873128,R_100,675.41
1777873130,R_100,675.77
1777873132,R_100,675.59
1777873134,R_100,675.84
1777873136,R_100,675.9
1777873138,R_100,675.95
1777873140,R_100,676.12
1777873142,R_100,676.21
1777873144,R_100,676.42
1777873146,R_100,676.38
1777873148,R_100,676.18
1777873150,R_100,676.16
1777873152,R_100,675.78
1777873154,R_100,675.62
1777873156,R_100,675.58
1777873158,R_100,675.29
1777873160,R_100,675.58
1777873162,R_100,675.88
1777873164,R_100,675.74
1777873166,R_100,675.66
1777873168,R_100,675.55
1777873170,R_100,675.71
1777873172,R_100,675.36
1777873174,R_100,675.37
1777873176,R_100,675.29
1777873178,R_100,675.02
1777873180,R_100,675.09
1777873182,R_100,675.17
1777873184,R_100,674.87
1777873186,R_100,674.91
1777873188,R_100,675.04
1777873190,R_100,675.31
1777873192,R_100,675.52
1777873194,R_100,675.57
1777873196,R_100,675.74
1777873198,R_100,675.8
1777873200,R_100,675.98
1777873202,R_100,675.81
1777873204,R_100,675.74
1777873206,R_100,676.05
1777873208,R_100,676.25
1777873210,R_100,676.09
1777873212,R_100,676.13
1777873214,R_100,676.02
1777873216,R_100,675.94
1777873218,R_100,676.01
1777873220,R_100,676.08
1777873222,R_100,676.14
1777873224,R_100,676.09
1777873226,R_100,676.15
1777873228,R_100,676.27
1777873230,R_100,676.37
1777873232,R_100,676.15
1777873234,R_100,676.12
1777873236,R_100,676.15
1777873238,R_100,676.26
1777873240,R_100,676.15
1777873242,R_100,676.05
1777873244,R_100,675.97
1777873246,R_100,675.72
1777873248,R_100,675.74
1777873250,R_100,675.91
1777873252,R_100,676.1
1777873254,R_100,676.45
1777873256,R_100,676.45
1777873258,R_100,676.21
1777873260,R_100,676.03
1777873262,R_100,676.09
1777873264,R_100,676.32
1777873266,R_100,676.76
1777873268,R_100,676.44
1777873270,R_100,676.44
1777873272,R_100,676.32
1777873274,R_100,676.41
1777873276,R_100,676.34
1777873278,R_100,676.38
1777873280,R_100,675.96
1777873282,R_100,676.43
1777873284,R_100,676.6
1777873286,R_100,676.45
1777873288,R_100,676.54
1777873290,R_100,676.56
1777873292,R_100,676.54
1777873294,R_100,676.47
1777873296,R_100,676.61
1777873298,R_100,676.52
1777873300,R_100,676.72
1777873302,R_100,676.67
1777873304,R_100,676.89
1777873306,R_100,676.83
1777873308,R_100,676.54
1777873310,R_100,676.72
1777873312,R_100,676.41
1777873314,R_100,676.47
1777873316,R_100,676.34
1777873318,R_100,676.06
1777873320,R_100,676.08
1777873322,R_100,675.93
1777873324,R_100,675.95
1777873326,R_100,675.87
1777873328,R_100,675.91
1777873330,R_100,675.9
1777873332,R_100,675.91
1777873334,R_100,676.04
1777873336,R_100,675.98
1777873338,R_100,675.75
1777873340,R_100,675.79
1777873342,R_100,675.53
1777873344,R_100,675.57
1777873346,R_100,675.9
1777873348,R_100,675.75
1777873350,R_100,675.73
1777873352,R_100,675.79
1777873354,R_100,675.9
1777873356,R_100,675.81
1777873358,R_100,675.84
1777873360,R_100,675.6
1777873362,R_100,675.71
1777873364,R_100,675.88
1777873366,R_100,676.08
1777873368,R_100,675.89
1777873370,R_100,675.91
1777873372,R_100,675.83
1777873374,R_100,676.01
1777873376,R_100,675.83
1777873378,R_100,676.01
1777873380,R_100,676.07
1777873382,R_100,675.77
1777873384,R_100,675.86
1777873386,R_100,675.76
1777873388,R_100,675.91
1777873390,R_100,675.9
1777873392,R_100,676.09
1777873394,R_100,676.07
1777873396,R_100,675.97
1777873398,R_100,675.83
1777873400,R_100,675.48
1777873402,R_100,675.64
1777873404,R_100,675.5
1777873406,R_100,675.46
1777873408,R_100,675.64
1777873410,R_100,675.73
1777873412,R_100,675.38
1777873414,R_100,675.57
1777873416,R_100,675.67
1777873418,R_100,675.36
1777873420,R_100,675.4
1777873422,R_100,675.25
1777873424,R_100,675.29
1777873426,R_100,675.23
1777873428,R_100,675.19
1777873430,R_100,675.13
1777873432,R_100,675.29
1777873434,R_100,675.27
1777873436,R_100,675.49
1777873438,R_100,675.51
1777873440,R_100,675.56
1777873442,R_100,675.74
1777873444,R_100,675.88
1777873446,R_100,675.64
1777873448,R_100,675.59
1777873450,R_100,676.07
1777873452,R_100,675.81
1777873454,R_100,676.04
1777873456,R_100,676.09
1777873458,R_100,676.28
1777873460,R_100,676.5
1777873462,R_100,676.78
1777873464,R_100,676.67
1777873466,R_100,676.79
1777873468,R_100,676.73
1777873470,R_100,676.38
1777873472,R_100,676.08
1777873474,R_100,676.1
1777873476,R_100,676.28
1777873478,R_100,676.66
1777873480,R_100,676.63
1777873482,R_100,676.57
1777873484,R_100,676.42
1777873486,R_100,676.8
1777873488,R_100,676.84
1777873490,R_100,676.9
1777873492,R_100,676.44
1777873494,R_100,676.21
1777873496,R_100,676.05
1777873498,R_100,675.9
1777873500,R_100,676.08
1777873502,R_100,676.3
1777873504,R_100,676.36
1777873506,R_100,676.09
1777873508,R_100,675.91
1777873510,R_100,676.02
1777873512,R_100,675.96
1777873514,R_100,675.92
1777873516,R_100,676.04
1777873518,R_100,675.94
1777873520,R_100,675.89
1777873522,R_100,675.65
1777873524,R_100,675.57
1777873526,R_100,675.47
1777873528,R_100,675.49
1777873530,R_100,675.49
1777873532,R_100,675.29
1777873534,R_100,675.23
1777873536,R_100,675.65
1777873538,R_100,675.8
1777873540,R_100,675.66
1777873542,R_100,675.78
1777873544,R_100,675.63
1777873546,R_100,675.69
1777873548,R_100,675.71
1777873550,R_100,675.51
1777873552,R_100,675.2
1777873554,R_100,675.43
1777873556,R_100,675.36
1777873558,R_100,675.15
1777873560,R_100,675.36
1777873562,R_100,675.23
1777873564,R_100,674.99
1777873566,R_100,674.9
1777873568,R_100,674.92
1777873570,R_100,675.06
1777873572,R_100,674.98
1777873574,R_100,675.07
1777873576,R_100,675.17
1777873578,R_100,675.21
1777873580,R_100,675.26
1777873582,R_100,675.04
1777873584,R_100,674.99
1777873586,R_100,674.94
1777873588,R_100,674.91
1777873590,R_100,675.02
1777873592,R_100,675.11
1777873594,R_100,674.88
1777873596,R_100,674.6
1777873598,R_100,674.51
1777873600,R_100,674.5
1777873602,R_100,674.41
1777873604,R_100,674.33
1777873606,R_100,674.43
1777873608,R_100,674.3
1777873610,R_100,673.89
1777873612,R_100,673.96
1777873614,R_100,674.35
1777873616,R_100,674.22
1777873618,R_100,674.3
1777873620,R_100,674.39
1777873622,R_100,674.36
1777873624,R_100,674.1
1777873626,R_100,674.2
1777873628,R_100,674.2
1777873630,R_100,674.12
1777873632,R_100,674.19
1777873634,R_100,674.17
1777873636,R_100,674.08
1777873638,R_100,673.88
1777873640,R_100,673.86
1777873642,R_100,673.89
1777873644,R_100,673.93
1777873646,R_100,673.66
1777873648,R_100,673.74
1777873650,R_100,673.53
1777873652,R_100,673.58
1777873654,R_100,673.54
1777873656,R_100,673.24
1777873658,R_100,673.58
1777873660,R_100,673.63
1777873662,R_100,673.84
1777873664,R_100,673.79
1777873666,R_100,674.15
1777873668,R_100,673.85
1777873670,R_100,673.71
1777873672,R_100,673.59
1777873674,R_100,673.22
1777873676,R_100,673.04
1777873678,R_100,673.13
1777873680,R_100,673.15
1777873682,R_100,673.13
1777873684,R_100,673.25
1777873686,R_100,673.3
1777873688,R_100,673.34
1777873690,R_100,673.32
1777873692,R_100,673.28
1777873694,R_100,673.12
1777873696,R_100,673.22
1777873698,R_100,673.41
1777873700,R_100,673.52
1777873702,R_100,673.46
1777873704,R_100,673.62
1777873706,R_100,673.75
1777873708,R_100,673.74
1777873710,R_100,673.58
1777873712,R_100,673.27
1777873714,R_100,673.28
1777873716,R_100,673.41
1777873718,R_100,673.7
1777873720,R_100,673.69
1777873722,R_100,673.92
1777873724,R_100,674.04
1777873726,R_100,674
1777873728,R_100,673.89
1777873730,R_100,673.94
1777873732,R_100,673.82
1777873734,R_100,673.79
1777873736,R_100,673.82
1777873738,R_100,673.5
1777873740,R_100,673.67
1777873742,R_100,673.92
1777873744,R_100,673.7
1777873746,R_100,673.79
1777873748,R_100,673.87
1777873750,R_100,673.7
1777873752,R_100,673.6
1777873754,R_100,673.58
1777873756,R_100,673.51
1777873758,R_100,673.38
1777873760,R_100,673.77
1777873762,R_100,673.54
1777873764,R_100,673.43
1777873766,R_100,673.34
1777873768,R_100,673.53
1777873770,R_100,673.47
1777873772,R_100,673.45
1777873774,R_100,673.61
1777873776,R_100,673.56
1777873778,R_100,673.75
1777873780,R_100,673.49
1777873782,R_100,673.88
1777873784,R_100,673.95
1777873786,R_100,673.83
1777873788,R_100,673.5
1777873790,R_100,673.67
1777873792,R_100,673.58
1777873794,R_100,673.73
1777873796,R_100,673.84
1777873798,R_100,673.91
1777873800,R_100,673.71
1777873802,R_100,673.53
1777873804,R_100,673.17
1777873806,R_100,673.17
1777873808,R_100,673.07
1777873810,R_100,673.03
1777873812,R_100,673.29
1777873814,R_100,673.29
1777873816,R_100,673.2
1777873818,R_100,673.01
1777873820,R_100,673
1777873822,R_100,672.5
1777873824,R_100,672.44
1777873826,R_100,672.54
1777873828,R_100,672.61
1777873830,R_100,672.54
1777873832,R_100,672.72
1777873834,R_100,672.86
1777873836,R_100,672.96
1777873838,R_100,673.08
1777873840,R_100,673.11
1777873842,R_100,673.07
1777873844,R_100,673.09
1777873846,R_100,673.05
1777873848,R_100,673.26
1777873850,R_100,673.56
1777873852,R_100,673.76
1777873854,R_100,673.77
1777873856,R_100,673.51
1777873858,R_100,673.66
1777873860,R_100,673.73
1777873862,R_100,673.71
1777873864,R_100,673.92
1777873866,R_100,673.99
1777873868,R_100,674.07
1777873870,R_100,674.15
1777873872,R_100,674.07
1777873874,R_100,674.26
1777873876,R_100,674.43
1777873878,R_100,674.48
1777873880,R_100,674.43
1777873882,R_100,674.43
1777873884,R_100,674.75
1777873886,R_100,674.45
1777873888,R_100,674.39
1777873890,R_100,674.54
1777873892,R_100,674.76
1777873894,R_100,674.31
1777873896,R_100,674.45
1777873898,R_100,674.35
1777873900,R_100,674.45
1777873902,R_100,674.6
1777873904,R_100,674.31
1777873906,R_100,674.12
1777873908,R_100,674.28
1777873910,R_100,674.53
1777873912,R_100,674.48
1777873914,R_100,674.58
1777873916,R_100,674.81
1777873918,R_100,674.81
1777873920,R_100,675.13
1777873922,R_100,675.08
1777873924,R_100,674.97
1777873926,R_100,675.22
1777873928,R_100,674.96
1777873930,R_100,674.94
1777873932,R_100,674.7
1777873934,R_100,674.45
1777873936,R_100,674.34
1777873938,R_100,674.26
1777873940,R_100,674.54
1777873942,R_100,674.84
1777873944,R_100,674.4
1777873946,R_100,674.19
1777873948,R_100,674.55
1777873950,R_100,674.37
1777873952,R_100,674.49
1777873954,R_100,674.8
1777873956,R_100,674.8
1777873958,R_100,674.65
1777873960,R_100,674.66
1777873962,R_100,674.46
1777873964,R_100,674.56
1777873966,R_100,674.48
1777873968,R_100,674.51
1777873970,R_100,674.34
1777873972,R_100,673.76
1777873974,R_100,673.73
1777873976,R_100,673.73
1777873978,R_100,673.61
1777873980,R_100,673.95
1777873982,R_100,673.92
1777873984,R_100,674.09
1777873986,R_100,674.13
1777873988,R_100,674.19
1777873990,R_100,674.16
1777873992,R_100,674.38
1777873994,R_100,674.61
1777873996,R_100,674.73
1777873998,R_100,674.5
1777874000,R_100,674.62
1777874002,R_100,674.48
1777874004,R_100,674.55
1777874006,R_100,674.41
1777874008,R_100,674.3
1777874010,R_100,674.54
1777874012,R_100,674.66
1777874014,R_100,674.77
1777874016,R_100,674.84
1777874018,R_100,674.93
1777874020,R_100,674.96
1777874022,R_100,674.7
1777874024,R_100,674.89
1777874026,R_100,674.59
1777874028,R_100,674.73
1777874030,R_100,674.83
1777874032,R_100,674.74
1777874034,R_100,674.87
1777874036,R_100,674.92
1777874038,R_100,674.95
1777874040,R_100,674.95
1777874042,R_100,674.97
1777874044,R_100,674.97
1777874046,R_100,674.76
1777874048,R_100,674.74
1777874050,R_100,674.62
1777874052,R_100,674.35
1777874054,R_100,674.39
1777874056,R_100,674.41
1777874058,R_100,674.43
1777874060,R_100,674.5
1777874062,R_100,674.63
1777874064,R_100,674.62
1777874066,R_100,674.61
1777874068,R_100,674.26
1777874070,R_100,674.22
1777874072,R_100,673.86
1777874074,R_100,674.05
1777874076,R_100,673.88
1777874078,R_100,673.97
1777874080,R_100,673.9
1777874082,R_100,673.86
1777874084,R_100,673.92
1777874086,R_100,673.9
1777874088,R_100,673.91
1777874090,R_100,673.87
1777874092,R_100,673.74
1777874094,R_100,673.88
1777874096,R_100,674.06
1777874098,R_100,674.21
1777874100,R_100,674.2
1777874102,R_100,674.2
1777874104,R_100,673.97
1777874106,R_100,673.78
1777874108,R_100,674.06
1777874110,R_100,674.27
1777874112,R_100,674.22
1777874114,R_100,674.22
1777874116,R_100,674.18
1777874118,R_100,674.09
1777874120,R_100,674.04
1777874122,R_100,673.89
1777874124,R_100,673.98
1777874126,R_100,674.13
1777874128,R_100,674.3
1777874130,R_100,674.31
1777874132,R_100,674.3
1777874134,R_100,674.47
1777874136,R_100,674.46
1777874138,R_100,674.63
1777874140,R_100,674.71
1777874142,R_100,674.63
1777874144,R_100,674.38
1777874146,R_100,674.47
1777874148,R_100,674.25
1777874150,R_100,673.98
1777874152,R_100,673.93
1777874154,R_100,674.15
1777874156,R_100,674.37
1777874158,R_100,674.54
1777874160,R_100,674.63
1777874162,R_100,674.64
1777874164,R_100,674.66
1777874166,R_100,674.6
1777874168,R_100,674.47
1777874170,R_100,674.62
1777874172,R_100,674.77
1777874174,R_100,675
1777874176,R_100,675.22
1777874178,R_100,675.19
1777874180,R_100,675.13
1777874182,R_100,675.03
1777874184,R_100,675.22
1777874186,R_100,675.14
1777874188,R_100,675.3
1777874190,R_100,675.22
1777874192,R_100,675.11
1777874194,R_100,675.18
1777874196,R_100,675.32
1777874198,R_100,675.35
1777874200,R_100,675.34
1777874202,R_100,675.47
1777874204,R_100,675.43
1777874206,R_100,675.33
1777874208,R_100,675.17
1777874210,R_100,675.68
1777874212,R_100,675.79
1777874214,R_100,675.78
1777874216,R_100,675.83
1777874218,R_100,675.71
1777874220,R_100,675.71
1777874222,R_100,675.91
1777874224,R_100,675.62
1777874226,R_100,675.59
1777874228,R_100,675.6
1777874230,R_100,675.42
1777874232,R_100,675.21
1777874234,R_100,675.06
1777874236,R_100,675.24
1777874238,R_100,675.33
1777874240,R_100,675.31
1777874242,R_100,675.34
1777874244,R_100,675.22
1777874246,R_100,675.34
1777874248,R_100,675.55
1777874250,R_100,675.5
1777874252,R_100,675.18
1777874254,R_100,674.91
1777874256,R_100,674.58
1777874258,R_100,674.6
1777874260,R_100,674.72
1777874262,R_100,674.73
1777874264,R_100,674.74
1777874266,R_100,674.74
1777874268,R_100,674.81
1777874270,R_100,675
1777874272,R_100,674.93
1777874274,R_100,675.09
1777874276,R_100,675.04
1777874278,R_100,675.24
1777874280,R_100,675.42
1777874282,R_100,675.55
1777874284,R_100,675.51
1777874286,R_100,675.29
1777874288,R_100,675.54
1777874290,R_100,675.63
1777874292,R_100,675.51
1777874294,R_100,675.56
1777874296,R_100,675.68
1777874298,R_100,675.62
1777874300,R_100,675.75
1777874302,R_100,675.72
1777874304,R_100,675.72
1777874306,R_100,675.69
1777874308,R_100,675.65
1777874310,R_100,675.51
1777874312,R_100,675.41
1777874314,R_100,675.3
1777874316,R_100,675.3
1777874318,R_100,675.5
1777874320,R_100,675.53
1777874322,R_100,675.43
1777874324,R_100,675.26
1777874326,R_100,675.42
1777874328,R_100,675.45
1777874330,R_100,675.67
1777874332,R_100,675.6
1777874334,R_100,675.66
1777874336,R_100,675.66
1777874338,R_100,675.57
1777874340,R_100,675.53
1777874342,R_100,675.41
1777874344,R_100,675.08
1777874346,R_100,675.29
1777874348,R_100,675.57
1777874350,R_100,675.42
1777874352,R_100,675.22
1777874354,R_100,675.33
1777874356,R_100,675.39
1777874358,R_100,675.55
1777874360,R_100,675.22
1777874362,R_100,675.48
1777874364,R_100,675.65
1777874366,R_100,675.48
1777874368,R_100,675.55
1777874370,R_100,675.43
1777874372,R_100,675.64
1777874374,R_100,675.74
1777874376,R_100,675.66
1777874378,R_100,675.53
1777874380,R_100,675.36
1777874382,R_100,675.61
1777874384,R_100,675.64
1777874386,R_100,675.41
1777874388,R_100,675.25
1777874390,R_100,675.55
1777874392,R_100,675.63
1777874394,R_100,676.05
1777874396,R_100,675.8
1777874398,R_100,675.7
1777874400,R_100,675.44
1777874402,R_100,675.37
1777874404,R_100,675.13
1777874406,R_100,675.15
1777874408,R_100,675.32
1777874410,R_100,675.69
1777874412,R_100,675.61
1777874414,R_100,675.97
1777874416,R_100,676.08
1777874418,R_100,676.04
1777874420,R_100,676.06
1777874422,R_100,675.9
1777874424,R_100,675.97
1777874426,R_100,676.16
1777874428,R_100,676.05
1777874430,R_100,675.98
1777874432,R_100,676.17
1777874434,R_100,675.94
1777874436,R_100,676
1777874438,R_100,675.98
1777874440,R_100,675.82
1777874442,R_100,675.81
1777874444,R_100,675.6
1777874446,R_100,675.56
1777874448,R_100,675.58
1777874450,R_100,675.36
1777874452,R_100,675.6
1777874454,R_100,675.93
1777874456,R_100,675.71
1777874458,R_100,675.57
1777874460,R_100,675.37
1777874462,R_100,675.19
1777874464,R_100,675.12
1777874466,R_100,675.32
1777874468,R_100,675.41
1777874470,R_100,675.31
1777874472,R_100,675.56
1777874474,R_100,675.41
1777874476,R_100,675.26
1777874478,R_100,675.13
1777874480,R_100,674.87
1777874482,R_100,674.66
1777874484,R_100,674.32
1777874486,R_100,674.42
1777874488,R_100,674.22
1777874490,R_100,674.19
1777874492,R_100,674.1
1777874494,R_100,674.03
1777874496,R_100,673.93
1777874498,R_100,673.9
1777874500,R_100,673.94
1777874502,R_100,673.92
1777874504,R_100,673.98
1777874506,R_100,673.8
1777874508,R_100,674.3
1777874510,R_100,674.14
1777874512,R_100,674.14
1777874514,R_100,673.81
1777874516,R_100,673.66
1777874518,R_100,673.65
1777874520,R_100,673.7
1777874522,R_100,673.91
1777874524,R_100,673.83
1777874526,R_100,674.05
1777874528,R_100,674.23
1777874530,R_100,674.38
1777874532,R_100,674.63
1777874534,R_100,674.69
1777874536,R_100,674.53
1777874538,R_100,674.53
1777874540,R_100,674.78
1777874542,R_100,674.63
1777874544,R_100,674.66
1777874546,R_100,674.59
1777874548,R_100,674.79
1777874550,R_100,675.06
1777874552,R_100,674.81
1777874554,R_100,674.79
1777874556,R_100,674.88
1777874558,R_100,674.65
1777874560,R_100,674.99
1777874562,R_100,675.2
1777874564,R_100,675.03
1777874566,R_100,674.94
1777874568,R_100,674.92
1777874570,R_100,674.84
1777874572,R_100,675.09
1777874574,R_100,674.86
1777874576,R_100,674.96
1777874578,R_100,675.15
1777874580,R_100,675.38
1777874582,R_100,675.33
1777874584,R_100,675.04
1777874586,R_100,675.14
1777874588,R_100,675.28
1777874590,R_100,675.08
1777874592,R_100,674.97
1777874594,R_100,675.16
1777874596,R_100,675.35
1777874598,R_100,675.24
1777874600,R_100,675.33
1777874602,R_100,675.22
1777874604,R_100,675.33
1777874606,R_100,675.33
1777874608,R_100,675.33
1777874610,R_100,675.41
1777874612,R_100,675.57
1777874614,R_100,675.47
1777874616,R_100,675.34
1777874618,R_100,675.4
1777874620,R_100,675.13
1777874622,R_100,675.11
1777874624,R_100,675.41
1777874626,R_100,675.31
1777874628,R_100,675.28
1777874630,R_100,675.38
1777874632,R_100,675.4
1777874634,R_100,675.35
1777874636,R_100,675.05
1777874638,R_100,674.88
1777874640,R_100,674.7
1777874642,R_100,674.88
1777874644,R_100,674.73
1777874646,R_100,674.81
1777874648,R_100,674.8
1777874650,R_100,674.87
1777874652,R_100,674.71
1777874654,R_100,674.57
1777874656,R_100,674.7
1777874658,R_100,674.68
1777874660,R_100,674.66
1777874662,R_100,674.72
1777874664,R_100,674.9
1777874666,R_100,674.56
1777874668,R_100,674.63
1777874670,R_100,674.52
1777874672,R_100,674.22
1777874674,R_100,674.57
1777874676,R_100,674.87
1777874678,R_100,675.04
1777874680,R_100,674.94
1777874682,R_100,674.96
1777874684,R_100,675.18
1777874686,R_100,675.24
1777874688,R_100,675.32
1777874690,R_100,675.02
1777874692,R_100,675.08
1777874694,R_100,675.3
1777874696,R_100,675.22
1777874698,R_100,675.23
1777874700,R_100,675.18
1777874702,R_100,675.39
1777874704,R_100,675.42
1777874706,R_100,675.41
1777874708,R_100,675.65
1777874710,R_100,675.85
1777874712,R_100,675.9
1777874714,R_100,675.5
1777874716,R_100,675.33
1777874718,R_100,675.04
1777874720,R_100,674.95
1777874722,R_100,674.9
1777874724,R_100,675.22
1777874726,R_100,675.32
1777874728,R_100,675.4
1777874730,R_100,675.57
1777874732,R_100,675.74
1777874734,R_100,675.8
1777874736,R_100,675.75
1777874738,R_100,675.8
1777874740,R_100,675.82
1777874742,R_100,675.72
1777874744,R_100,675.83
1777874746,R_100,675.78
1777874748,R_100,675.85
1777874750,R_100,676.16
1777874752,R_100,676.03
1777874754,R_100,675.85
1777874756,R_100,676.08
1777874758,R_100,675.96
1777874760,R_100,675.95
1777874762,R_100,675.99
1777874764,R_100,676.1
1777874766,R_100,676.13
1777874768,R_100,676.07
1777874770,R_100,676.15
1777874772,R_100,676.28
1777874774,R_100,676.28
1777874776,R_100,676.13
1777874778,R_100,676.1
1777874780,R_100,675.97
1777874782,R_100,676.17
1777874784,R_100,676.06
1777874786,R_100,676.17
1777874788,R_100,676.23
1777874790,R_100,676.19
1777874792,R_100,676.36
1777874794,R_100,676.34
1777874796,R_100,676.43
1777874798,R_100,676.42
1777874800,R_100,676.58
1777874802,R_100,676.49
1777874804,R_100,676.61
1777874806,R_100,676.84
1777874808,R_100,676.94
1777874810,R_100,677.07
1777874812,R_100,676.9
1777874814,R_100,676.7
1777874816,R_100,676.92
1777874818,R_100,676.76
1777874820,R_100,676.75
1777874822,R_100,676.79
1777874824,R_100,676.79
1777874826,R_100,676.83
1777874828,R_100,676.75
1777874830,R_100,676.86
1777874832,R_100,676.96
1777874834,R_100,676.8
1777874836,R_100,676.58
1777874838,R_100,676.42
1777874840,R_100,676.72
1777874842,R_100,676.62
1777874844,R_100,676.72
1777874846,R_100,676.84
1777874848,R_100,676.95
1777874850,R_100,676.96
1777874852,R_100,676.93
1777874854,R_100,677.05
1777874856,R_100,676.8
1777874858,R_100,677.08
1777874860,R_100,677.2
1777874862,R_100,676.88
1777874864,R_100,676.91
1777874866,R_100,676.79
1777874868,R_100,676.8
1777874870,R_100,676.9
1777874872,R_100,676.61
1777874874,R_100,676.77
1777874876,R_100,676.82
1777874878,R_100,677
1777874880,R_100,677.03
1777874882,R_100,677.18
1777874884,R_100,677.16
1777874886,R_100,677.2
1777874888,R_100,676.89
1777874890,R_100,676.69
1777874892,R_100,677.07
1777874894,R_100,677.11
1777874896,R_100,677.13
1777874898,R_100,677.22
1777874900,R_100,677.26
1777874902,R_100,677.26
1777874904,R_100,677.51
1777874906,R_100,677.6
1777874908,R_100,677.62
1777874910,R_100,677.57
1777874912,R_100,677.69
1777874914,R_100,677.72
1777874916,R_100,677.49
1777874918,R_100,676.97
1777874920,R_100,677.01
1777874922,R_100,676.98
1777874924,R_100,676.75
1777874926,R_100,676.78
1777874928,R_100,676.72
1777874930,R_100,676.79
1777874932,R_100,676.79
1777874934,R_100,676.75
1777874936,R_100,676.81
1777874938,R_100,676.7
1777874940,R_100,676.87
1777874942,R_100,677.05
1777874944,R_100,677.29
1777874946,R_100,677.07
1777874948,R_100,677.07
1777874950,R_100,677.08
1777874952,R_100,677.15
1777874954,R_100,677.52
1777874956,R_100,677.61
1777874958,R_100,677.51
1777874960,R_100,677.9
1777874962,R_100,677.9
1777874964,R_100,677.66
1777874966,R_100,677.68
1777874968,R_100,677.83
1777874970,R_100,677.88
1777874972,R_100,677.9
1777874974,R_100,677.7
1777874976,R_100,677.49
1777874978,R_100,677.54
1777874980,R_100,677.62
1777874982,R_100,677.92
1777874984,R_100,678.06
1777874986,R_100,678.2
1777874988,R_100,678.16
1777874990,R_100,678.23
1777874992,R_100,677.86
1777874994,R_100,677.78
1777874996,R_100,677.75
1777874998,R_100,677.59
1777875000,R_100,677.59
1777875002,R_100,677.78
1777875004,R_100,677.63
1777875006,R_100,677.38
1777875008,R_100,677.17
1777875010,R_100,677.15
1777875012,R_100,677.5
1777875014,R_100,677.57
1777875016,R_100,677.47
1777875018,R_100,677.78
1777875020,R_100,678
1777875022,R_100,677.6
1777875024,R_100,677.29
1777875026,R_100,677.29
1777875028,R_100,677.23
1777875030,R_100,677.26
1777875032,R_100,677.11
1777875034,R_100,677.09
1777875036,R_100,677.35
1777875038,R_100,677.03
1777875040,R_100,677.2
1777875042,R_100,677.43
1777875044,R_100,677.6
1777875046,R_100,677.63
1777875048,R_100,677.42
1777875050,R_100,677.26
1777875052,R_100,677.24
1777875054,R_100,677.65
1777875056,R_100,677.54
1777875058,R_100,677.32
1777875060,R_100,677.27
1777875062,R_100,677.06
1777875064,R_100,677.1
1777875066,R_100,677.11
1777875068,R_100,677.06
1777875070,R_100,677.08
1777875072,R_100,677.12
1777875074,R_100,676.96
1777875076,R_100,676.92
1777875078,R_100,677.09
1777875080,R_100,677.19
1777875082,R_100,677.24
1777875084,R_100,677.4
1777875086,R_100,677.72
1777875088,R_100,677.48
1777875090,R_100,677.45
1777875092,R_100,677.66
1777875094,R_100,677.81
1777875096,R_100,678.06
1777875098,R_100,678.02
1777875100,R_100,678.24
1777875102,R_100,678.31
1777875104,R_100,678.59
1777875106,R_100,678.95
1777875108,R_100,679.14
1777875110,R_100,679.4
1777875112,R_100,679.39
1777875114,R_100,679.48
1777875116,R_100,679.42
1777875118,R_100,679.87
1777875120,R_100,679.68
1777875122,R_100,679.5
1777875124,R_100,679.74
1777875126,R_100,679.59
1777875128,R_100,679.39
1777875130,R_100,679.33
1777875132,R_100,679.24
1777875134,R_100,679.21
1777875136,R_100,679.02
1777875138,R_100,679.27
1777875140,R_100,678.92
1777875142,R_100,679.02
1777875144,R_100,679.18
1777875146,R_100,679.11
1777875148,R_100,678.99
1777875150,R_100,678.87
1777875152,R_100,679.07
1777875154,R_100,678.8
1777875156,R_100,678.97
1777875158,R_100,678.77
1777875160,R_100,678.34
1777875162,R_100,678.16
1777875164,R_100,677.88
1777875166,R_100,677.66
1777875168,R_100,677.8
1777875170,R_100,677.72
1777875172,R_100,677.94
1777875174,R_100,678.02
1777875176,R_100,678.11
1777875178,R_100,677.87
1777875180,R_100,677.82
1777875182,R_100,677.86
1777875184,R_100,677.76
1777875186,R_100,677.41
1777875188,R_100,677.29
1777875190,R_100,677.46
1777875192,R_100,677.08
1777875194,R_100,677.15
1777875196,R_100,677.18
1777875198,R_100,677.46
1777875200,R_100,677.48
1777875202,R_100,677.61
1777875204,R_100,677.37
1777875206,R_100,677.25
1777875208,R_100,677.18
1777875210,R_100,677.4
1777875212,R_100,677.51
1777875214,R_100,677.51
1777875216,R_100,677.54
1777875218,R_100,677.32
1777875220,R_100,677.49
1777875222,R_100,677.5
1777875224,R_100,677.64
1777875226,R_100,677.85
1777875228,R_100,677.78
1777875230,R_100,677.86
1777875232,R_100,678.09
1777875234,R_100,678.41
1777875236,R_100,678.44
1777875238,R_100,678.19
1777875240,R_100,678.31
1777875242,R_100,678.27
1777875244,R_100,677.73
1777875246,R_100,677.69
1777875248,R_100,677.62
1777875250,R_100,677.46
1777875252,R_100,677.57
1777875254,R_100,677.44
1777875256,R_100,677.34
1777875258,R_100,677.55
1777875260,R_100,677.66
1777875262,R_100,677.73
1777875264,R_100,677.56
1777875266,R_100,677.58
1777875268,R_100,677.58
1777875270,R_100,677.51
1777875272,R_100,677.43
1777875274,R_100,677.47
1777875276,R_100,677.25
1777875278,R_100,677.45
1777875280,R_100,677.28
1777875282,R_100,677.43
1777875284,R_100,677.64
1777875286,R_100,677.65
1777875288,R_100,678.01
1777875290,R_100,678.14
1777875292,R_100,678.18
1777875294,R_100,678.61
1777875296,R_100,678.58
1777875298,R_100,678.25
1777875300,R_100,678.22
1777875302,R_100,678.24
1777875304,R_100,678.24
1777875306,R_100,678.16
1777875308,R_100,677.89
1777875310,R_100,677.94
1777875312,R_100,678.06
1777875314,R_100,677.87
1777875316,R_100,677.74
1777875318,R_100,677.52
1777875320,R_100,677.37
1777875322,R_100,677.13
1777875324,R_100,677.14
1777875326,R_100,677.16
1777875328,R_100,677.03
1777875330,R_100,677.22
1777875332,R_100,677.01
1777875334,R_100,676.98
1777875336,R_100,677.1
1777875338,R_100,677.15
1777875340,R_100,677.17
1777875342,R_100,677.33
1777875344,R_100,677.21
1777875346,R_100,677.27
1777875348,R_100,677.14
1777875350,R_100,677.09
1777875352,R_100,676.83
1777875354,R_100,676.98
1777875356,R_100,676.61
1777875358,R_100,676.65
1777875360,R_100,676.55
1777875362,R_100,676.36
1777875364,R_100,676.36
1777875366,R_100,676.42
1777875368,R_100,676.54
1777875370,R_100,676.63
1777875372,R_100,677
1777875374,R_100,676.94
1777875376,R_100,676.99
1777875378,R_100,676.69
1777875380,R_100,676.56
1777875382,R_100,676.25
1777875384,R_100,676.16
1777875386,R_100,676
1777875388,R_100,675.86
1777875390,R_100,676.08
1777875392,R_100,675.91
1777875394,R_100,675.75
1777875396,R_100,675.52
1777875398,R_100,675.43
1777875400,R_100,675.43
1777875402,R_100,675.42
1777875404,R_100,675.47
1777875406,R_100,675.47
1777875408,R_100,675.61
1777875410,R_100,675.38
1777875412,R_100,675.43
1777875414,R_100,675.39
1777875416,R_100,675.36
1777875418,R_100,675.48
1777875420,R_100,675.08
1777875422,R_100,675.02
1777875424,R_100,674.73
1777875426,R_100,674.68
1777875428,R_100,674.65
1777875430,R_100,674.6
1777875432,R_100,674.63
1777875434,R_100,674.69
1777875436,R_100,674.7
1777875438,R_100,674.69
1777875440,R_100,674.34
1777875442,R_100,674.13
1777875444,R_100,673.97
1777875446,R_100,673.85
1777875448,R_100,673.93
1777875450,R_100,673.89
1777875452,R_100,673.59
1777875454,R_100,673.69
1777875456,R_100,673.58
1777875458,R_100,673.56
1777875460,R_100,673.51
1777875462,R_100,673.39
1777875464,R_100,673.55
1777875466,R_100,673.67
1777875468,R_100,673.79
1777875470,R_100,674.08
1777875472,R_100,674.22
1777875474,R_100,674.36
1777875476,R_100,674.66
1777875478,R_100,674.76
1777875480,R_100,674.7
1777875482,R_100,674.66
1777875484,R_100,674.55
1777875486,R_100,674.63
1777875488,R_100,674.66
1777875490,R_100,674.66
1777875492,R_100,674.77
1777875494,R_100,674.59
1777875496,R_100,674.51
1777875498,R_100,674.56
1777875500,R_100,674.92
1777875502,R_100,674.81
1777875504,R_100,674.81
1777875506,R_100,674.88
1777875508,R_100,674.94
1777875510,R_100,675.02
1777875512,R_100,674.86
1777875514,R_100,674.68
1777875516,R_100,674.63
1777875518,R_100,674.65
1777875520,R_100,674.51
1777875522,R_100,674.38
1777875524,R_100,674.58
1777875526,R_100,674.72
1777875528,R_100,674.42
1777875530,R_100,674.47
1777875532,R_100,674.92
1777875534,R_100,674.76
1777875536,R_100,674.61
1777875538,R_100,674.56
1777875540,R_100,674.61
1777875542,R_100,674.71
1777875544,R_100,674.63
1777875546,R_100,674.55
1777875548,R_100,674.51
1777875550,R_100,674.4
1777875552,R_100,674.41
1777875554,R_100,674.61
1777875556,R_100,674.6
1777875558,R_100,674.37
1777875560,R_100,674.63
1777875562,R_100,674.61
1777875564,R_100,674.33
1777875566,R_100,674.19
1777875568,R_100,674.03
1777875570,R_100,673.97
1777875572,R_100,674.06
1777875574,R_100,674.37
1777875576,R_100,674.16
1777875578,R_100,674.17
1777875580,R_100,674.07
1777875582,R_100,674.22
1777875584,R_100,674.28
1777875586,R_100,674.16
1777875588,R_100,674.2
1777875590,R_100,674
1777875592,R_100,673.96
1777875594,R_100,673.91
1777875596,R_100,673.97
1777875598,R_100,674.07
1777875600,R_100,674.16
1777875602,R_100,674.16
1777875604,R_100,674.18
1777875606,R_100,674.09
1777875608,R_100,673.9
1777875610,R_100,673.79
1777875612,R_100,673.95
1777875614,R_100,674.33
1777875616,R_100,674.37
1777875618,R_100,674.49
1777875620,R_100,674.61
1777875622,R_100,674.7
1777875624,R_100,674.76
1777875626,R_100,675.01
1777875628,R_100,674.94
1777875630,R_100,675.12
1777875632,R_100,675.28
1777875634,R_100,675.07
1777875636,R_100,674.93
1777875638,R_100,674.96
1777875640,R_100,674.87
1777875642,R_100,675
1777875644,R_100,675.09
1777875646,R_100,675.16
1777875648,R_100,675.11
1777875650,R_100,674.98
1777875652,R_100,674.73
1777875654,R_100,674.77
1777875656,R_100,674.96
1777875658,R_100,674.97
1777875660,R_100,675.19
1777875662,R_100,675.18
1777875664,R_100,675.15
1777875666,R_100,675.16
1777875668,R_100,675.23
1777875670,R_100,675.11
1777875672,R_100,674.92
1777875674,R_100,675.24
1777875676,R_100,675.55
1777875678,R_100,675.18
1777875680,R_100,675.28
1777875682,R_100,675.27
1777875684,R_100,675.16
1777875686,R_100,674.88
1777875688,R_100,674.82
1777875690,R_100,674.73
1777875692,R_100,674.57
1777875694,R_100,674.87
1777875696,R_100,674.78
1777875698,R_100,674.98
1777875700,R_100,675.38
1777875702,R_100,675.35
1777875704,R_100,675.34
1777875706,R_100,675.3
1777875708,R_100,675.63
1777875710,R_100,675.46
1777875712,R_100,675.19
1777875714,R_100,675.41
1777875716,R_100,675.36
1777875718,R_100,675.3
1777875720,R_100,675.37
1777875722,R_100,675.36
1777875724,R_100,675.34
1777875726,R_100,675.24
1777875728,R_100,675.21
1777875730,R_100,675.3
1777875732,R_100,675.79
1777875734,R_100,675.63
1777875736,R_100,675.77
1777875738,R_100,675.68
1777875740,R_100,675.64
1777875742,R_100,675.83
1777875744,R_100,675.85
1777875746,R_100,675.61
1777875748,R_100,675.3
1777875750,R_100,675.17
1777875752,R_100,675.14
1777875754,R_100,675.21
1777875756,R_100,675.2
1777875758,R_100,675.23
1777875760,R_100,675.22
1777875762,R_100,675.49
1777875764,R_100,675.53
1777875766,R_100,675.58
1777875768,R_100,675.45
1777875770,R_100,675.14
1777875772,R_100,675.16
1777875774,R_100,675.29
1777875776,R_100,675.28
1777875778,R_100,675.07
1777875780,R_100,675.13
1777875782,R_100,675.04
1777875784,R_100,674.89
1777875786,R_100,674.7
1777875788,R_100,674.8
1777875790,R_100,674.94
1777875792,R_100,674.97
1777875794,R_100,674.84
1777875796,R_100,674.82
1777875798,R_100,674.36
1777875800,R_100,674.14
1777875802,R_100,674.14
1777875804,R_100,674.14
1777875806,R_100,674.18
1777875808,R_100,674.17
1777875810,R_100,674.38
1777875812,R_100,674.45
1777875814,R_100,674.48
1777875816,R_100,674.25
1777875818,R_100,674.33
1777875820,R_100,674.34
1777875822,R_100,674.21
1777875824,R_100,674.02
1777875826,R_100,674.29
1777875828,R_100,674.15
1777875830,R_100,674.04
1777875832,R_100,673.98
1777875834,R_100,673.95
1777875836,R_100,674.12
1777875838,R_100,674.04
1777875840,R_100,674.16
1777875842,R_100,674.13
1777875844,R_100,674.37
1777875846,R_100,674.52
1777875848,R_100,674.71
1777875850,R_100,674.81
1777875852,R_100,674.78
1777875854,R_100,674.91
1777875856,R_100,674.86
1777875858,R_100,674.82
1777875860,R_100,674.93
1777875862,R_100,674.9
1777875864,R_100,675.15
1777875866,R_100,675.39
1777875868,R_100,675.44
1777875870,R_100,675.46
1777875872,R_100,675.74
1777875874,R_100,675.59
1777875876,R_100,675.35
1777875878,R_100,675.35
1777875880,R_100,675.43
1777875882,R_100,675.95
1777875884,R_100,676.08
1777875886,R_100,676.33
1777875888,R_100,676.41
1777875890,R_100,676.61
1777875892,R_100,676.77
1777875894,R_100,676.63
1777875896,R_100,676.73
1777875898,R_100,676.61
1777875900,R_100,676.79
1777875902,R_100,676.73
1777875904,R_100,676.89
1777875906,R_100,677.2
1777875908,R_100,677.05
1777875910,R_100,677.18
1777875912,R_100,677.31
1777875914,R_100,677.36
1777875916,R_100,677.07
1777875918,R_100,676.79
1777875920,R_100,676.98
1777875922,R_100,676.82
1777875924,R_100,676.72
1777875926,R_100,676.73
1777875928,R_100,676.55
1777875930,R_100,676.33
1777875932,R_100,676.43
1777875934,R_100,676.27
1777875936,R_100,676.35
1777875938,R_100,676.5
1777875940,R_100,676.76
1777875942,R_100,676.87
1777875944,R_100,676.96
1777875946,R_100,676.88
1777875948,R_100,677
1777875950,R_100,677.08
1777875952,R_100,677.18
1777875954,R_100,676.95
1777875956,R_100,676.87
1777875958,R_100,676.91
1777875960,R_100,676.73
1777875962,R_100,676.61
1777875964,R_100,676.79
1777875966,R_100,676.76
1777875968,R_100,676.9
1777875970,R_100,676.88
1777875972,R_100,676.85
1777875974,R_100,676.95
1777875976,R_100,676.73
1777875978,R_100,676.59
1777875980,R_100,676.52
1777875982,R_100,676.5
1777875984,R_100,676.61
1777875986,R_100,676.71
1777875988,R_100,676.61
1777875990,R_100,676.57
1777875992,R_100,676.7
1777875994,R_100,676.86
1777875996,R_100,676.91
1777875998,R_100,676.98
1777876000,R_100,676.79
1777876002,R_100,677
1777876004,R_100,677.01
1777876006,R_100,676.96
1777876008,R_100,676.89
1777876010,R_100,676.93
1777876012,R_100,677.15
1777876014,R_100,677.14
1777876016,R_100,677.26
1777876018,R_100,677.34
1777876020,R_100,677.26
1777876022,R_100,677.39
1777876024,R_100,677.19
1777876026,R_100,677.03
1777876028,R_100,676.98
1777876030,R_100,676.89
1777876032,R_100,676.79
1777876034,R_100,676.73
1777876036,R_100,676.75
1777876038,R_100,676.74
1777876040,R_100,676.5
1777876042,R_100,676.58
1777876044,R_100,676.53
1777876046,R_100,676.66
1777876048,R_100,676.74
1777876050,R_100,676.45
1777876052,R_100,676.22
1777876054,R_100,676.41
1777876056,R_100,676.28
1777876058,R_100,676.31
1777876060,R_100,676.48
1777876062,R_100,676.03
1777876064,R_100,675.98
1777876066,R_100,675.92
1777876068,R_100,675.79
1777876070,R_100,675.95
1777876072,R_100,676.09
1777876074,R_100,675.86
1777876076,R_100,675.76
1777876078,R_100,675.72
1777876080,R_100,675.74
1777876082,R_100,675.62
1777876084,R_100,675.73
1777876086,R_100,675.43
1777876088,R_100,675.49
1777876090,R_100,675.52
1777876092,R_100,675.49
1777876094,R_100,675.29
1777876096,R_100,675.2
1777876098,R_100,675.1
1777876100,R_100,675.01
1777876102,R_100,675
1777876104,R_100,675.08
1777876106,R_100,674.99
1777876108,R_100,675.22
1777876110,R_100,675.06
1777876112,R_100,674.93
1777876114,R_100,674.9
1777876116,R_100,674.69
1777876118,R_100,674.47
1777876120,R_100,674.68
1777876122,R_100,674.59
1777876124,R_100,674.6
1777876126,R_100,674.75
1777876128,R_100,674.76
1777876130,R_100,674.65
1777876132,R_100,674.54
1777876134,R_100,674.62
1777876136,R_100,674.43
1777876138,R_100,674.69
1777876140,R_100,674.46
1777876142,R_100,674.49
1777876144,R_100,674.62
1777876146,R_100,674.84
1777876148,R_100,674.65
1777876150,R_100,674.91
1777876152,R_100,674.45
1777876154,R_100,674.39
1777876156,R_100,674.67
1777876158,R_100,674.7
1777876160,R_100,674.7
1777876162,R_100,674.8
1777876164,R_100,674.99
1777876166,R_100,675.21
1777876168,R_100,675.1
1777876170,R_100,675.12
1777876172,R_100,675.08
1777876174,R_100,675.1
1777876176,R_100,675.2
1777876178,R_100,675.1
1777876180,R_100,675
1777876182,R_100,675.26
1777876184,R_100,675.52
1777876186,R_100,675.36
1777876188,R_100,675.18
1777876190,R_100,674.89
1777876192,R_100,674.99
1777876194,R_100,674.86
1777876196,R_100,675.17
1777876198,R_100,675.11
1777876200,R_100,674.92
1777876202,R_100,674.95
1777876204,R_100,674.97
1777876206,R_100,675.08
1777876208,R_100,675.14
1777876210,R_100,675.25
1777876212,R_100,675.35
1777876214,R_100,675.15
1777876216,R_100,675.11
1777876218,R_100,675.05
1777876220,R_100,674.86
1777876222,R_100,674.77
1777876224,R_100,674.63
1777876226,R_100,674.61
1777876228,R_100,674.33
1777876230,R_100,674.13
1777876232,R_100,674.1
1777876234,R_100,673.93
1777876236,R_100,673.81
1777876238,R_100,673.91
1777876240,R_100,674.01
1777876242,R_100,674.23
1777876244,R_100,674.13
1777876246,R_100,673.83
1777876248,R_100,673.93
1777876250,R_100,673.61
1777876252,R_100,673.56
1777876254,R_100,673.63
1777876256,R_100,673.64
1777876258,R_100,673.57
1777876260,R_100,673.48
1777876262,R_100,673.45
1777876264,R_100,673.44
1777876266,R_100,673.21
1777876268,R_100,673.02
1777876270,R_100,673.03
1777876272,R_100,673.14
1777876274,R_100,673.24
1777876276,R_100,673.26
1777876278,R_100,673.36
1777876280,R_100,673.49
1777876282,R_100,673.63
1777876284,R_100,673.68
1777876286,R_100,673.86
1777876288,R_100,673.56
1777876290,R_100,673.68
1777876292,R_100,673.7
1777876294,R_100,674.23
1777876296,R_100,674.28
1777876298,R_100,674.33
1777876300,R_100,674.04
1777876302,R_100,673.85
1777876304,R_100,673.97
1777876306,R_100,673.58
1777876308,R_100,673.63
1777876310,R_100,673.65
1777876312,R_100,673.71
1777876314,R_100,673.61
1777876316,R_100,673.71
1777876318,R_100,673.64
1777876320,R_100,673.79
1777876322,R_100,673.6
1777876324,R_100,673.52
1777876326,R_100,673.73
1777876328,R_100,673.6
1777876330,R_100,673.61
1777876332,R_100,673.68
1777876334,R_100,674.03
1777876336,R_100,673.92
1777876338,R_100,673.94
1777876340,R_100,674.04
1777876342,R_100,674.08
1777876344,R_100,674.11
1777876346,R_100,674.4
1777876348,R_100,674.19
1777876350,R_100,674.28
1777876352,R_100,674.21
1777876354,R_100,674.03
1777876356,R_100,674.25
1777876358,R_100,674.05
1777876360,R_100,673.91
1777876362,R_100,674.11
1777876364,R_100,674.22
1777876366,R_100,674.18
1777876368,R_100,674.4
1777876370,R_100,674.08
1777876372,R_100,674.07
1777876374,R_100,673.94
1777876376,R_100,673.91
1777876378,R_100,674.16
1777876380,R_100,674.39
1777876382,R_100,674.49
1777876384,R_100,674.23
1777876386,R_100,674.47
1777876388,R_100,674.65
1777876390,R_100,674.65
1777876392,R_100,674.53
1777876394,R_100,674.33
1777876396,R_100,674.47
1777876398,R_100,674.65
1777876400,R_100,674.72
1777876402,R_100,674.59
1777876404,R_100,674.66
1777876406,R_100,674.5
1777876408,R_100,674.52
1777876410,R_100,674.39
1777876412,R_100,674.41
1777876414,R_100,674.4
1777876416,R_100,674.63
1777876418,R_100,674.76
1777876420,R_100,674.66
1777876422,R_100,674.55
1777876424,R_100,674.29
1777876426,R_100,674.2
1777876428,R_100,674.06
1777876430,R_100,674.09
1777876432,R_100,674.12
1777876434,R_100,674.06
1777876436,R_100,674.16
1777876438,R_100,674.46
1777876440,R_100,674.51
1777876442,R_100,674.21
1777876444,R_100,674.36
1777876446,R_100,673.93
1777876448,R_100,674.04
1777876450,R_100,674.12
1777876452,R_100,674.01
1777876454,R_100,673.86
1777876456,R_100,673.9
1777876458,R_100,673.85
1777876460,R_100,673.93
1777876462,R_100,673.57
1777876464,R_100,673.55
1777876466,R_100,673.81
1777876468,R_100,673.92
1777876470,R_100,673.97
1777876472,R_100,673.94
1777876474,R_100,674.12
1777876476,R_100,674.51
1777876478,R_100,674.46
1777876480,R_100,674.61
1777876482,R_100,674.82
1777876484,R_100,674.93
1777876486,R_100,674.7
1777876488,R_100,674.84
1777876490,R_100,675
1777876492,R_100,675.02
1777876494,R_100,674.96
1777876496,R_100,674.85
1777876498,R_100,674.69
1777876500,R_100,674.57
1777876502,R_100,674.43
1777876504,R_100,674.56
1777876506,R_100,674.62
1777876508,R_100,674.77
1777876510,R_100,674.58
1777876512,R_100,674.69
1777876514,R_100,674.89
1777876516,R_100,675.15
1777876518,R_100,675.18
1777876520,R_100,675.4
1777876522,R_100,675.55
1777876524,R_100,675.61
1777876526,R_100,675.42
1777876528,R_100,675.42
1777876530,R_100,675.23
1777876532,R_100,675.05
1777876534,R_100,675.18
1777876536,R_100,675.17
1777876538,R_100,675.29
1777876540,R_100,675.31
1777876542,R_100,675.23
1777876544,R_100,675.33
1777876546,R_100,675.36
1777876548,R_100,675.34
1777876550,R_100,675.49
1777876552,R_100,675.43
1777876554,R_100,675.39
1777876556,R_100,675.13
1777876558,R_100,674.78
1777876560,R_100,674.4
1777876562,R_100,674.53
1777876564,R_100,674.5
1777876566,R_100,674.6
1777876568,R_100,674.52
1777876570,R_100,674.69
1777876572,R_100,674.74
1777876574,R_100,674.83
1777876576,R_100,674.97
1777876578,R_100,674.87
1777876580,R_100,675.23
1777876582,R_100,675.18
1777876584,R_100,675.03
1777876586,R_100,674.69
1777876588,R_100,674.77
1777876590,R_100,674.89
1777876592,R_100,675.09
1777876594,R_100,675.19
1777876596,R_100,675.3
1777876598,R_100,675.51
1777876600,R_100,675.55
1777876602,R_100,675.56
1777876604,R_100,675.52
1777876606,R_100,675.39
1777876608,R_100,675.55
1777876610,R_100,675.35
1777876612,R_100,675.23
1777876614,R_100,674.93
1777876616,R_100,674.78
1777876618,R_100,674.72
1777876620,R_100,674.58
1777876622,R_100,674.55
1777876624,R_100,674.64
1777876626,R_100,674.72
1777876628,R_100,674.65
1777876630,R_100,674.28
1777876632,R_100,674.33
1777876634,R_100,674.11
1777876636,R_100,674.07
1777876638,R_100,674.08
1777876640,R_100,674.16
1777876642,R_100,673.96
1777876644,R_100,673.62
1777876646,R_100,673.81
1777876648,R_100,673.77
1777876650,R_100,673.64
1777876652,R_100,673.7
1777876654,R_100,673.53
1777876656,R_100,673.56
1777876658,R_100,673.45
1777876660,R_100,673.25
1777876662,R_100,673.32
1777876664,R_100,673.66
