epoch,symbol,price
1779843236,R_100,350.47
1779843238,R_100,350.55
1779843240,R_100,350.54
1779843242,R_100,350.55
1779843244,R_100,350.54
1779843246,R_100,350.7
1779843248,R_100,350.68
1779843250,R_100,350.81
1779843252,R_100,350.78
1779843254,R_100,350.72
1779843256,R_100,350.62
1779843258,R_100,350.68
1779843260,R_100,350.62
1779843262,R_100,350.53
1779843264,R_100,350.49
1779843266,R_100,350.41
1779843268,R_100,350.55
1779843270,R_100,350.48
1779843272,R_100,350.46
1779843274,R_100,350.42
1779843276,R_100,350.46
1779843278,R_100,350.57
1779843280,R_100,350.45
1779843282,R_100,350.48
1779843284,R_100,350.46
1779843286,R_100,350.4
1779843288,R_100,350.52
1779843290,R_100,350.57
1779843292,R_100,350.63
1779843294,R_100,350.54
1779843296,R_100,350.58
1779843298,R_100,350.64
1779843300,R_100,350.62
1779843302,R_100,350.54
1779843304,R_100,350.54
1779843306,R_100,350.58
1779843308,R_100,350.66
1779843310,R_100,350.64
1779843312,R_100,350.58
1779843314,R_100,350.49
1779843316,R_100,350.37
1779843318,R_100,350.38
1779843320,R_100,350.47
1779843322,R_100,350.38
1779843324,R_100,350.55
1779843326,R_100,350.65
1779843328,R_100,350.75
1779843330,R_100,350.66
1779843332,R_100,350.63
1779843334,R_100,350.69
1779843336,R_100,350.63
1779843338,R_100,350.71
1779843340,R_100,350.72
1779843342,R_100,350.72
1779843344,R_100,350.71
1779843346,R_100,350.65
1779843348,R_100,350.56
1779843350,R_100,350.48
1779843352,R_100,350.35
1779843354,R_100,350.35
1779843356,R_100,350.48
1779843358,R_100,350.38
1779843360,R_100,350.48
1779843362,R_100,350.45
1779843364,R_100,350.44
1779843366,R_100,350.56
1779843368,R_100,350.61
1779843370,R_100,350.39
1779843372,R_100,350.55
1779843374,R_100,350.61
1779843376,R_100,350.54
1779843378,R_100,350.57
1779843380,R_100,350.57
1779843382,R_100,350.63
1779843384,R_100,350.64
1779843386,R_100,350.65
1779843388,R_100,350.78
1779843390,R_100,350.79
1779843392,R_100,350.97
1779843394,R_100,351.06
1779843396,R_100,351.15
1779843398,R_100,351.13
1779843400,R_100,350.96
1779843402,R_100,351.02
1779843404,R_100,350.97
1779843406,R_100,350.97
1779843408,R_100,350.92
1779843410,R_100,351.02
1779843412,R_100,351.1
1779843414,R_100,350.99
1779843416,R_100,351.05
1779843418,R_100,351.05
1779843420,R_100,351.08
1779843422,R_100,351.04
1779843424,R_100,351.12
1779843426,R_100,350.97
1779843428,R_100,351.11
1779843430,R_100,351.08
1779843432,R_100,351.07
1779843434,R_100,351.01
1779843436,R_100,351.08
1779843438,R_100,351.07
1779843440,R_100,351.13
1779843442,R_100,351.01
1779843444,R_100,350.97
1779843446,R_100,350.97
1779843448,R_100,350.99
1779843450,R_100,350.94
1779843452,R_100,351
1779843454,R_100,351.16
1779843456,R_100,351.27
1779843458,R_100,351.11
1779843460,R_100,351.22
1779843462,R_100,351.06
1779843464,R_100,351.21
1779843466,R_100,351.25
1779843468,R_100,351.28
1779843470,R_100,351.26
1779843472,R_100,351.22
1779843474,R_100,351.21
1779843476,R_100,351.28
1779843478,R_100,351.42
1779843480,R_100,351.4
1779843482,R_100,351.51
1779843484,R_100,351.53
1779843486,R_100,351.56
1779843488,R_100,351.62
1779843490,R_100,351.77
1779843492,R_100,351.78
1779843494,R_100,351.82
1779843496,R_100,351.75
1779843498,R_100,351.69
1779843500,R_100,351.74
1779843502,R_100,351.71
1779843504,R_100,351.92
1779843506,R_100,351.75
1779843508,R_100,351.78
1779843510,R_100,351.76
1779843512,R_100,351.92
1779843514,R_100,351.83
1779843516,R_100,351.74
1779843518,R_100,351.76
1779843520,R_100,351.67
1779843522,R_100,351.61
1779843524,R_100,351.53
1779843526,R_100,351.44
1779843528,R_100,351.41
1779843530,R_100,351.56
1779843532,R_100,351.55
1779843534,R_100,351.6
1779843536,R_100,351.73
1779843538,R_100,351.7
1779843540,R_100,351.83
1779843542,R_100,351.77
1779843544,R_100,351.8
1779843546,R_100,351.74
1779843548,R_100,351.74
1779843550,R_100,351.77
1779843552,R_100,351.8
1779843554,R_100,351.86
1779843556,R_100,351.9
1779843558,R_100,352.05
1779843560,R_100,352.08
1779843562,R_100,352.13
1779843564,R_100,352.25
1779843566,R_100,352.08
1779843568,R_100,351.95
1779843570,R_100,352.13
1779843572,R_100,352.11
1779843574,R_100,352.12
1779843576,R_100,352.09
1779843578,R_100,352.03
1779843580,R_100,352.26
1779843582,R_100,352.31
1779843584,R_100,352.24
1779843586,R_100,352.21
1779843588,R_100,352.22
1779843590,R_100,352.32
1779843592,R_100,352.36
1779843594,R_100,352.41
1779843596,R_100,352.49
1779843598,R_100,352.51
1779843600,R_100,352.33
1779843602,R_100,352.49
1779843604,R_100,352.51
1779843606,R_100,352.48
1779843608,R_100,352.52
1779843610,R_100,352.47
1779843612,R_100,352.34
1779843614,R_100,352.4
1779843616,R_100,352.37
1779843618,R_100,352.42
1779843620,R_100,352.46
1779843622,R_100,352.24
1779843624,R_100,352.09
1779843626,R_100,352.08
1779843628,R_100,352.17
1779843630,R_100,352.19
1779843632,R_100,352.17
1779843634,R_100,352.17
1779843636,R_100,351.99
1779843638,R_100,351.87
1779843640,R_100,351.88
1779843642,R_100,351.97
1779843644,R_100,352.04
1779843646,R_100,351.95
1779843648,R_100,351.73
1779843650,R_100,351.76
1779843652,R_100,351.68
1779843654,R_100,351.54
1779843656,R_100,351.32
1779843658,R_100,351.28
1779843660,R_100,351.33
1779843662,R_100,351.27
1779843664,R_100,351.28
1779843666,R_100,351.34
1779843668,R_100,351.25
1779843670,R_100,351.05
1779843672,R_100,350.97
1779843674,R_100,350.98
1779843676,R_100,350.9
1779843678,R_100,350.89
1779843680,R_100,350.8
1779843682,R_100,350.86
1779843684,R_100,351.01
1779843686,R_100,351.07
1779843688,R_100,351.11
1779843690,R_100,351.08
1779843692,R_100,351.2
1779843694,R_100,351.24
1779843696,R_100,351.22
1779843698,R_100,351.18
1779843700,R_100,351.24
1779843702,R_100,351.33
1779843704,R_100,351.28
1779843706,R_100,351.31
1779843708,R_100,351.36
1779843710,R_100,351.35
1779843712,R_100,351.44
1779843714,R_100,351.5
1779843716,R_100,351.46
1779843718,R_100,351.41
1779843720,R_100,351.42
1779843722,R_100,351.47
1779843724,R_100,351.54
1779843726,R_100,351.42
1779843728,R_100,351.4
1779843730,R_100,351.47
1779843732,R_100,351.52
1779843734,R_100,351.52
1779843736,R_100,351.5
1779843738,R_100,351.56
1779843740,R_100,351.63
1779843742,R_100,351.57
1779843744,R_100,351.53
1779843746,R_100,351.6
1779843748,R_100,351.5
1779843750,R_100,351.42
1779843752,R_100,351.47
1779843754,R_100,351.48
1779843756,R_100,351.38
1779843758,R_100,351.28
1779843760,R_100,351.3
1779843762,R_100,351.3
1779843764,R_100,351.24
1779843766,R_100,351.4
1779843768,R_100,351.45
1779843770,R_100,351.46
1779843772,R_100,351.57
1779843774,R_100,351.49
1779843776,R_100,351.35
1779843778,R_100,351.44
1779843780,R_100,351.45
1779843782,R_100,351.56
1779843784,R_100,351.49
1779843786,R_100,351.45
1779843788,R_100,351.41
1779843790,R_100,351.39
1779843792,R_100,351.31
1779843794,R_100,351.24
1779843796,R_100,351.29
1779843798,R_100,351.41
1779843800,R_100,351.54
1779843802,R_100,351.55
1779843804,R_100,351.55
1779843806,R_100,351.54
1779843808,R_100,351.65
1779843810,R_100,351.81
1779843812,R_100,351.94
1779843814,R_100,351.95
1779843816,R_100,351.93
1779843818,R_100,351.88
1779843820,R_100,351.96
1779843822,R_100,351.93
1779843824,R_100,351.85
1779843826,R_100,351.66
1779843828,R_100,351.6
1779843830,R_100,351.67
1779843832,R_100,351.77
1779843834,R_100,351.66
1779843836,R_100,351.85
1779843838,R_100,351.89
1779843840,R_100,351.73
1779843842,R_100,351.87
1779843844,R_100,351.84
1779843846,R_100,351.83
1779843848,R_100,351.86
1779843850,R_100,351.8
1779843852,R_100,351.72
1779843854,R_100,351.71
1779843856,R_100,351.66
1779843858,R_100,351.79
1779843860,R_100,351.78
1779843862,R_100,351.98
1779843864,R_100,351.98
1779843866,R_100,351.99
1779843868,R_100,351.88
1779843870,R_100,351.95
1779843872,R_100,351.95
1779843874,R_100,351.83
1779843876,R_100,351.76
1779843878,R_100,351.69
1779843880,R_100,351.64
1779843882,R_100,351.74
1779843884,R_100,351.8
1779843886,R_100,351.8
1779843888,R_100,351.82
1779843890,R_100,351.79
1779843892,R_100,351.92
1779843894,R_100,351.9
1779843896,R_100,351.78
1779843898,R_100,351.78
1779843900,R_100,351.87
1779843902,R_100,351.83
1779843904,R_100,351.94
1779843906,R_100,351.94
1779843908,R_100,351.93
1779843910,R_100,351.98
1779843912,R_100,352.09
1779843914,R_100,352.04
1779843916,R_100,352.11
1779843918,R_100,352.18
1779843920,R_100,352.32
1779843922,R_100,352.27
1779843924,R_100,352.17
1779843926,R_100,352.19
1779843928,R_100,352.12
1779843930,R_100,352.03
1779843932,R_100,351.83
1779843934,R_100,351.9
1779843936,R_100,351.91
1779843938,R_100,351.91
1779843940,R_100,351.9
1779843942,R_100,351.94
1779843944,R_100,351.83
1779843946,R_100,351.84
1779843948,R_100,351.85
1779843950,R_100,351.93
1779843952,R_100,351.89
1779843954,R_100,351.94
1779843956,R_100,351.84
1779843958,R_100,351.82
1779843960,R_100,351.86
1779843962,R_100,351.92
1779843964,R_100,351.97
1779843966,R_100,352.1
1779843968,R_100,352.02
1779843970,R_100,351.93
1779843972,R_100,351.86
1779843974,R_100,351.9
1779843976,R_100,351.88
1779843978,R_100,351.83
1779843980,R_100,351.77
1779843982,R_100,351.9
1779843984,R_100,351.92
1779843986,R_100,351.94
1779843988,R_100,351.96
1779843990,R_100,352.02
1779843992,R_100,351.94
1779843994,R_100,352.07
1779843996,R_100,352.06
1779843998,R_100,352.04
1779844000,R_100,352.11
1779844002,R_100,352.05
1779844004,R_100,352.18
1779844006,R_100,352.1
1779844008,R_100,352.13
1779844010,R_100,352.08
1779844012,R_100,352.12
1779844014,R_100,352.06
1779844016,R_100,352.14
1779844018,R_100,352.16
1779844020,R_100,352.39
1779844022,R_100,352.51
1779844024,R_100,352.48
1779844026,R_100,352.42
1779844028,R_100,352.47
1779844030,R_100,352.59
1779844032,R_100,352.67
1779844034,R_100,352.54
1779844036,R_100,352.53
1779844038,R_100,352.57
1779844040,R_100,352.56
1779844042,R_100,352.58
1779844044,R_100,352.58
1779844046,R_100,352.53
1779844048,R_100,352.57
1779844050,R_100,352.56
1779844052,R_100,352.55
1779844054,R_100,352.54
1779844056,R_100,352.55
1779844058,R_100,352.69
1779844060,R_100,352.8
1779844062,R_100,352.88
1779844064,R_100,352.76
1779844066,R_100,352.69
1779844068,R_100,352.63
1779844070,R_100,352.56
1779844072,R_100,352.55
1779844074,R_100,352.38
1779844076,R_100,352.35
1779844078,R_100,352.38
1779844080,R_100,352.44
1779844082,R_100,352.51
1779844084,R_100,352.51
1779844086,R_100,352.37
1779844088,R_100,352.37
1779844090,R_100,352.33
1779844092,R_100,352.35
1779844094,R_100,352.26
1779844096,R_100,352.11
1779844098,R_100,352.13
1779844100,R_100,352.06
1779844102,R_100,352.02
1779844104,R_100,351.98
1779844106,R_100,351.92
1779844108,R_100,351.86
1779844110,R_100,351.75
1779844112,R_100,351.74
1779844114,R_100,351.8
1779844116,R_100,351.86
1779844118,R_100,351.97
1779844120,R_100,352.02
1779844122,R_100,351.96
1779844124,R_100,352.03
1779844126,R_100,352.01
1779844128,R_100,351.95
1779844130,R_100,351.96
1779844132,R_100,351.9
1779844134,R_100,351.93
1779844136,R_100,351.85
1779844138,R_100,351.71
1779844140,R_100,351.8
1779844142,R_100,351.82
1779844144,R_100,351.81
1779844146,R_100,351.86
1779844148,R_100,351.81
1779844150,R_100,351.85
1779844152,R_100,351.66
1779844154,R_100,351.64
1779844156,R_100,351.62
1779844158,R_100,351.62
1779844160,R_100,351.6
1779844162,R_100,351.53
1779844164,R_100,351.59
1779844166,R_100,351.58
1779844168,R_100,351.59
1779844170,R_100,351.46
1779844172,R_100,351.5
1779844174,R_100,351.72
1779844176,R_100,351.59
1779844178,R_100,351.44
1779844180,R_100,351.38
1779844182,R_100,351.42
1779844184,R_100,351.4
1779844186,R_100,351.5
1779844188,R_100,351.69
1779844190,R_100,351.69
1779844192,R_100,351.7
1779844194,R_100,351.76
1779844196,R_100,351.71
1779844198,R_100,351.78
1779844200,R_100,351.72
1779844202,R_100,351.81
1779844204,R_100,351.7
1779844206,R_100,351.6
1779844208,R_100,351.62
1779844210,R_100,351.77
1779844212,R_100,351.94
1779844214,R_100,351.83
1779844216,R_100,351.87
1779844218,R_100,351.84
1779844220,R_100,351.77
1779844222,R_100,351.8
1779844224,R_100,351.74
1779844226,R_100,351.67
1779844228,R_100,351.7
1779844230,R_100,351.72
1779844232,R_100,351.73
1779844234,R_100,351.74
1779844236,R_100,351.91
1779844238,R_100,351.86
1779844240,R_100,351.89
1779844242,R_100,351.91
1779844244,R_100,351.87
1779844246,R_100,351.96
1779844248,R_100,352.04
1779844250,R_100,352.07
1779844252,R_100,351.96
1779844254,R_100,352
1779844256,R_100,352.09
1779844258,R_100,352.18
1779844260,R_100,352.1
1779844262,R_100,352.12
1779844264,R_100,352.04
1779844266,R_100,352.09
1779844268,R_100,352.07
1779844270,R_100,352.09
1779844272,R_100,352.08
1779844274,R_100,352.06
1779844276,R_100,351.95
1779844278,R_100,352
1779844280,R_100,352.09
1779844282,R_100,351.83
1779844284,R_100,351.82
1779844286,R_100,351.71
1779844288,R_100,351.72
1779844290,R_100,351.73
1779844292,R_100,351.77
1779844294,R_100,351.62
1779844296,R_100,351.61
1779844298,R_100,351.57
1779844300,R_100,351.47
1779844302,R_100,351.42
1779844304,R_100,351.45
1779844306,R_100,351.37
1779844308,R_100,351.43
1779844310,R_100,351.45
1779844312,R_100,351.49
1779844314,R_100,351.53
1779844316,R_100,351.6
1779844318,R_100,351.7
1779844320,R_100,351.77
1779844322,R_100,351.88
1779844324,R_100,352.14
1779844326,R_100,352.01
1779844328,R_100,352.16
1779844330,R_100,352.13
1779844332,R_100,352.1
1779844334,R_100,351.97
1779844336,R_100,351.93
1779844338,R_100,351.84
1779844340,R_100,351.73
1779844342,R_100,351.73
1779844344,R_100,351.79
1779844346,R_100,351.85
1779844348,R_100,351.93
1779844350,R_100,351.84
1779844352,R_100,351.75
1779844354,R_100,351.76
1779844356,R_100,351.86
1779844358,R_100,351.98
1779844360,R_100,352.06
1779844362,R_100,351.94
1779844364,R_100,351.82
1779844366,R_100,351.88
1779844368,R_100,351.94
1779844370,R_100,352.06
1779844372,R_100,352.2
1779844374,R_100,352.19
1779844376,R_100,352.09
1779844378,R_100,352.03
1779844380,R_100,351.9
1779844382,R_100,351.96
1779844384,R_100,351.82
1779844386,R_100,351.67
1779844388,R_100,351.71
1779844390,R_100,351.63
1779844392,R_100,351.5
1779844394,R_100,351.54
1779844396,R_100,351.71
1779844398,R_100,351.69
1779844400,R_100,351.7
1779844402,R_100,351.86
1779844404,R_100,351.83
1779844406,R_100,351.82
1779844408,R_100,351.65
1779844410,R_100,351.7
1779844412,R_100,351.65
1779844414,R_100,351.52
1779844416,R_100,351.51
1779844418,R_100,351.43
1779844420,R_100,351.44
1779844422,R_100,351.42
1779844424,R_100,351.49
1779844426,R_100,351.59
1779844428,R_100,351.6
1779844430,R_100,351.6
1779844432,R_100,351.45
1779844434,R_100,351.26
1779844436,R_100,351.34
1779844438,R_100,351.31
1779844440,R_100,351.24
1779844442,R_100,351.23
1779844444,R_100,351.19
1779844446,R_100,351.16
1779844448,R_100,351.31
1779844450,R_100,351.18
1779844452,R_100,351.13
1779844454,R_100,351.03
1779844456,R_100,351.15
1779844458,R_100,351.18
1779844460,R_100,351.03
1779844462,R_100,351.23
1779844464,R_100,351.14
1779844466,R_100,351.14
1779844468,R_100,351.17
1779844470,R_100,351.1
1779844472,R_100,350.94
1779844474,R_100,350.95
1779844476,R_100,350.97
1779844478,R_100,350.97
1779844480,R_100,351.02
1779844482,R_100,351.07
1779844484,R_100,351.07
1779844486,R_100,351.06
1779844488,R_100,351.06
1779844490,R_100,350.92
1779844492,R_100,350.82
1779844494,R_100,350.85
1779844496,R_100,350.85
1779844498,R_100,350.82
1779844500,R_100,350.69
1779844502,R_100,350.69
1779844504,R_100,350.62
1779844506,R_100,350.59
1779844508,R_100,350.62
1779844510,R_100,350.69
1779844512,R_100,350.84
1779844514,R_100,350.89
1779844516,R_100,350.9
1779844518,R_100,350.86
1779844520,R_100,350.75
1779844522,R_100,350.69
1779844524,R_100,350.69
1779844526,R_100,350.65
1779844528,R_100,350.62
1779844530,R_100,350.57
1779844532,R_100,350.52
1779844534,R_100,350.56
1779844536,R_100,350.53
1779844538,R_100,350.56
1779844540,R_100,350.57
1779844542,R_100,350.58
1779844544,R_100,350.41
1779844546,R_100,350.38
1779844548,R_100,350.46
1779844550,R_100,350.51
1779844552,R_100,350.5
1779844554,R_100,350.56
1779844556,R_100,350.47
1779844558,R_100,350.4
1779844560,R_100,350.42
1779844562,R_100,350.28
1779844564,R_100,350.29
1779844566,R_100,350.39
1779844568,R_100,350.37
1779844570,R_100,350.52
1779844572,R_100,350.72
1779844574,R_100,350.75
1779844576,R_100,350.66
1779844578,R_100,350.56
1779844580,R_100,350.65
1779844582,R_100,350.62
1779844584,R_100,350.61
1779844586,R_100,350.59
1779844588,R_100,350.65
1779844590,R_100,350.81
1779844592,R_100,350.94
1779844594,R_100,350.93
1779844596,R_100,351.03
1779844598,R_100,351.03
1779844600,R_100,351.16
1779844602,R_100,351.21
1779844604,R_100,351.2
1779844606,R_100,351.15
1779844608,R_100,351.16
1779844610,R_100,351.17
1779844612,R_100,351.21
1779844614,R_100,351.23
1779844616,R_100,351.32
1779844618,R_100,351.21
1779844620,R_100,351.24
1779844622,R_100,351.26
1779844624,R_100,351.3
1779844626,R_100,351.34
1779844628,R_100,351.3
1779844630,R_100,351.37
1779844632,R_100,351.36
1779844634,R_100,351.34
1779844636,R_100,351.51
1779844638,R_100,351.37
1779844640,R_100,351.2
1779844642,R_100,351.25
1779844644,R_100,351.29
1779844646,R_100,351.31
1779844648,R_100,351.34
1779844650,R_100,351.37
1779844652,R_100,351.38
1779844654,R_100,351.5
1779844656,R_100,351.55
1779844658,R_100,351.57
1779844660,R_100,351.48
1779844662,R_100,351.46
1779844664,R_100,351.43
1779844666,R_100,351.55
1779844668,R_100,351.48
1779844670,R_100,351.34
1779844672,R_100,351.25
1779844674,R_100,351.21
1779844676,R_100,351.41
1779844678,R_100,351.29
1779844680,R_100,351.21
1779844682,R_100,351.17
1779844684,R_100,351.12
1779844686,R_100,351
1779844688,R_100,350.9
1779844690,R_100,350.91
1779844692,R_100,350.77
1779844694,R_100,350.7
1779844696,R_100,350.74
1779844698,R_100,350.69
1779844700,R_100,350.56
1779844702,R_100,350.65
1779844704,R_100,350.72
1779844706,R_100,350.62
1779844708,R_100,350.61
1779844710,R_100,350.64
1779844712,R_100,350.68
1779844714,R_100,350.61
1779844716,R_100,350.64
1779844718,R_100,350.65
1779844720,R_100,350.54
1779844722,R_100,350.55
1779844724,R_100,350.49
1779844726,R_100,350.64
1779844728,R_100,350.62
1779844730,R_100,350.65
1779844732,R_100,350.67
1779844734,R_100,350.63
1779844736,R_100,350.67
1779844738,R_100,350.75
1779844740,R_100,350.62
1779844742,R_100,350.62
1779844744,R_100,350.61
1779844746,R_100,350.57
1779844748,R_100,350.51
1779844750,R_100,350.52
1779844752,R_100,350.37
1779844754,R_100,350.27
1779844756,R_100,350.24
1779844758,R_100,350.26
1779844760,R_100,350.04
1779844762,R_100,350
1779844764,R_100,349.95
1779844766,R_100,350.03
1779844768,R_100,350.09
1779844770,R_100,350.08
1779844772,R_100,350.07
1779844774,R_100,350.03
1779844776,R_100,350.24
1779844778,R_100,350.31
1779844780,R_100,350.22
1779844782,R_100,350.22
1779844784,R_100,350.26
1779844786,R_100,350.4
1779844788,R_100,350.35
1779844790,R_100,350.2
1779844792,R_100,350.17
1779844794,R_100,350.17
1779844796,R_100,350.06
1779844798,R_100,350.16
1779844800,R_100,350.09
1779844802,R_100,350.11
1779844804,R_100,350.04
1779844806,R_100,350.11
1779844808,R_100,350.19
1779844810,R_100,350.11
1779844812,R_100,350.23
1779844814,R_100,350.23
1779844816,R_100,350.14
1779844818,R_100,350.07
1779844820,R_100,349.99
1779844822,R_100,349.99
1779844824,R_100,350.06
1779844826,R_100,349.99
1779844828,R_100,349.98
1779844830,R_100,350.09
1779844832,R_100,350.08
1779844834,R_100,350.09
1779844836,R_100,350.19
1779844838,R_100,350.13
1779844840,R_100,350.21
1779844842,R_100,350.23
1779844844,R_100,350.11
1779844846,R_100,349.96
1779844848,R_100,349.75
1779844850,R_100,349.7
1779844852,R_100,349.68
1779844854,R_100,349.68
1779844856,R_100,349.85
1779844858,R_100,349.78
1779844860,R_100,349.73
1779844862,R_100,349.61
1779844864,R_100,349.54
1779844866,R_100,349.53
1779844868,R_100,349.32
1779844870,R_100,349.4
1779844872,R_100,349.28
1779844874,R_100,349.32
1779844876,R_100,349.37
1779844878,R_100,349.44
1779844880,R_100,349.55
1779844882,R_100,349.49
1779844884,R_100,349.44
1779844886,R_100,349.35
1779844888,R_100,349.26
1779844890,R_100,349.22
1779844892,R_100,349.11
1779844894,R_100,349.02
1779844896,R_100,349.06
1779844898,R_100,348.98
1779844900,R_100,348.96
1779844902,R_100,348.83
1779844904,R_100,348.92
1779844906,R_100,348.91
1779844908,R_100,348.91
1779844910,R_100,348.93
1779844912,R_100,348.96
1779844914,R_100,348.95
1779844916,R_100,348.94
1779844918,R_100,349.01
1779844920,R_100,349.15
1779844922,R_100,349.15
1779844924,R_100,349.16
1779844926,R_100,349.11
1779844928,R_100,349.18
1779844930,R_100,349.25
1779844932,R_100,349.29
1779844934,R_100,349.22
1779844936,R_100,349.17
1779844938,R_100,349.38
1779844940,R_100,349.38
1779844942,R_100,349.39
1779844944,R_100,349.4
1779844946,R_100,349.38
1779844948,R_100,349.42
1779844950,R_100,349.22
1779844952,R_100,349.15
1779844954,R_100,349.08
1779844956,R_100,349.16
1779844958,R_100,349.1
1779844960,R_100,349.09
1779844962,R_100,349.11
1779844964,R_100,349.13
1779844966,R_100,349.13
1779844968,R_100,349.11
1779844970,R_100,349.17
1779844972,R_100,348.98
1779844974,R_100,349.04
1779844976,R_100,349.12
1779844978,R_100,349.11
1779844980,R_100,349.08
1779844982,R_100,349.09
1779844984,R_100,349.21
1779844986,R_100,349.24
1779844988,R_100,349.16
1779844990,R_100,349.17
1779844992,R_100,349.24
1779844994,R_100,349.41
1779844996,R_100,349.28
1779844998,R_100,349.28
1779845000,R_100,349.26
1779845002,R_100,349.29
1779845004,R_100,349.2
1779845006,R_100,349.27
1779845008,R_100,349.25
1779845010,R_100,349.32
1779845012,R_100,349.34
1779845014,R_100,349.21
1779845016,R_100,349.18
1779845018,R_100,349.23
1779845020,R_100,349.21
1779845022,R_100,349.41
1779845024,R_100,349.54
1779845026,R_100,349.63
1779845028,R_100,349.57
1779845030,R_100,349.42
1779845032,R_100,349.36
1779845034,R_100,349.34
1779845036,R_100,349.35
1779845038,R_100,349.21
1779845040,R_100,349.18
1779845042,R_100,349.15
1779845044,R_100,349.23
1779845046,R_100,349.21
1779845048,R_100,349.09
1779845050,R_100,349.12
1779845052,R_100,349.05
1779845054,R_100,349.19
1779845056,R_100,349.14
1779845058,R_100,349.11
1779845060,R_100,348.94
1779845062,R_100,349.02
1779845064,R_100,349.16
1779845066,R_100,349.08
1779845068,R_100,349.18
1779845070,R_100,349.2
1779845072,R_100,349.16
1779845074,R_100,349.16
1779845076,R_100,349.06
1779845078,R_100,349.07
1779845080,R_100,348.97
1779845082,R_100,349.04
1779845084,R_100,349
1779845086,R_100,348.98
1779845088,R_100,349
1779845090,R_100,349
1779845092,R_100,348.86
1779845094,R_100,348.79
1779845096,R_100,348.85
1779845098,R_100,348.9
1779845100,R_100,349.09
1779845102,R_100,349.06
1779845104,R_100,349.02
1779845106,R_100,349.09
1779845108,R_100,349.06
1779845110,R_100,349.05
1779845112,R_100,349.24
1779845114,R_100,349.19
1779845116,R_100,349.07
1779845118,R_100,349.01
1779845120,R_100,348.88
1779845122,R_100,348.81
1779845124,R_100,348.73
1779845126,R_100,348.64
1779845128,R_100,348.6
1779845130,R_100,348.63
1779845132,R_100,348.53
1779845134,R_100,348.39
1779845136,R_100,348.34
1779845138,R_100,348.42
1779845140,R_100,348.51
1779845142,R_100,348.52
1779845144,R_100,348.56
1779845146,R_100,348.57
1779845148,R_100,348.59
1779845150,R_100,348.52
1779845152,R_100,348.55
1779845154,R_100,348.47
1779845156,R_100,348.53
1779845158,R_100,348.63
1779845160,R_100,348.58
1779845162,R_100,348.47
1779845164,R_100,348.38
1779845166,R_100,348.56
1779845168,R_100,348.64
1779845170,R_100,348.74
1779845172,R_100,348.81
1779845174,R_100,348.68
1779845176,R_100,348.62
1779845178,R_100,348.68
1779845180,R_100,348.69
1779845182,R_100,348.68
1779845184,R_100,348.57
1779845186,R_100,348.63
1779845188,R_100,348.57
1779845190,R_100,348.59
1779845192,R_100,348.62
1779845194,R_100,348.62
1779845196,R_100,348.63
1779845198,R_100,348.69
1779845200,R_100,348.73
1779845202,R_100,348.74
1779845204,R_100,348.66
1779845206,R_100,348.73
1779845208,R_100,348.82
1779845210,R_100,348.79
1779845212,R_100,348.78
1779845214,R_100,348.82
1779845216,R_100,349.05
1779845218,R_100,349.23
1779845220,R_100,349.28
1779845222,R_100,349.33
1779845224,R_100,349.26
1779845226,R_100,349.4
1779845228,R_100,349.45
1779845230,R_100,349.66
1779845232,R_100,349.71
1779845234,R_100,349.77
1779845236,R_100,349.74
1779845238,R_100,349.79
1779845240,R_100,349.87
1779845242,R_100,350
1779845244,R_100,349.93
1779845246,R_100,350
1779845248,R_100,350.02
1779845250,R_100,349.88
1779845252,R_100,349.88
1779845254,R_100,350
1779845256,R_100,350.12
1779845258,R_100,350
1779845260,R_100,350.06
1779845262,R_100,350.08
1779845264,R_100,350.23
1779845266,R_100,350.11
1779845268,R_100,349.94
1779845270,R_100,349.94
1779845272,R_100,349.89
1779845274,R_100,349.98
1779845276,R_100,349.83
1779845278,R_100,349.91
1779845280,R_100,349.92
1779845282,R_100,349.79
1779845284,R_100,349.89
1779845286,R_100,349.98
1779845288,R_100,350.08
1779845290,R_100,350.19
1779845292,R_100,350.17
1779845294,R_100,350.22
1779845296,R_100,350.28
1779845298,R_100,350.35
1779845300,R_100,350.36
1779845302,R_100,350.38
1779845304,R_100,350.41
1779845306,R_100,350.35
1779845308,R_100,350.31
1779845310,R_100,350.4
1779845312,R_100,350.37
1779845314,R_100,350.41
1779845316,R_100,350.44
1779845318,R_100,350.51
1779845320,R_100,350.72
1779845322,R_100,350.63
1779845324,R_100,350.65
1779845326,R_100,350.76
1779845328,R_100,350.64
1779845330,R_100,350.69
1779845332,R_100,350.8
1779845334,R_100,350.62
1779845336,R_100,350.52
1779845338,R_100,350.61
1779845340,R_100,350.66
1779845342,R_100,350.65
1779845344,R_100,350.59
1779845346,R_100,350.65
1779845348,R_100,350.56
1779845350,R_100,350.47
1779845352,R_100,350.64
1779845354,R_100,350.77
1779845356,R_100,350.7
1779845358,R_100,350.5
1779845360,R_100,350.51
1779845362,R_100,350.42
1779845364,R_100,350.39
1779845366,R_100,350.33
1779845368,R_100,350.27
1779845370,R_100,350.19
1779845372,R_100,350.23
1779845374,R_100,350.15
1779845376,R_100,350.14
1779845378,R_100,350.22
1779845380,R_100,350.19
1779845382,R_100,350.15
1779845384,R_100,350.13
1779845386,R_100,350.18
1779845388,R_100,349.96
1779845390,R_100,349.95
1779845392,R_100,349.86
1779845394,R_100,349.74
1779845396,R_100,349.64
1779845398,R_100,349.63
1779845400,R_100,349.64
1779845402,R_100,349.79
1779845404,R_100,349.64
1779845406,R_100,349.47
1779845408,R_100,349.52
1779845410,R_100,349.49
1779845412,R_100,349.5
1779845414,R_100,349.59
1779845416,R_100,349.53
1779845418,R_100,349.57
1779845420,R_100,349.69
1779845422,R_100,349.64
1779845424,R_100,349.66
1779845426,R_100,349.49
1779845428,R_100,349.51
1779845430,R_100,349.66
1779845432,R_100,349.5
1779845434,R_100,349.41
1779845436,R_100,349.3
1779845438,R_100,349.37
1779845440,R_100,349.43
1779845442,R_100,349.47
1779845444,R_100,349.46
1779845446,R_100,349.51
1779845448,R_100,349.53
1779845450,R_100,349.6
1779845452,R_100,349.58
1779845454,R_100,349.75
1779845456,R_100,349.89
1779845458,R_100,349.83
1779845460,R_100,349.98
1779845462,R_100,350.04
1779845464,R_100,350.12
1779845466,R_100,349.97
1779845468,R_100,350.08
1779845470,R_100,349.99
1779845472,R_100,349.92
1779845474,R_100,349.88
1779845476,R_100,349.9
1779845478,R_100,349.7
1779845480,R_100,349.72
1779845482,R_100,349.64
1779845484,R_100,349.58
1779845486,R_100,349.65
1779845488,R_100,349.64
1779845490,R_100,349.5
1779845492,R_100,349.69
1779845494,R_100,349.63
1779845496,R_100,349.52
1779845498,R_100,349.47
1779845500,R_100,349.54
1779845502,R_100,349.77
1779845504,R_100,349.83
1779845506,R_100,349.89
1779845508,R_100,349.76
1779845510,R_100,349.77
1779845512,R_100,349.82
1779845514,R_100,349.84
1779845516,R_100,349.81
1779845518,R_100,349.7
1779845520,R_100,349.78
1779845522,R_100,349.75
1779845524,R_100,349.74
1779845526,R_100,349.65
1779845528,R_100,349.81
1779845530,R_100,349.79
1779845532,R_100,349.85
1779845534,R_100,349.8
1779845536,R_100,349.7
1779845538,R_100,349.88
1779845540,R_100,349.81
1779845542,R_100,349.84
1779845544,R_100,349.7
1779845546,R_100,349.78
1779845548,R_100,349.7
1779845550,R_100,349.75
1779845552,R_100,349.64
1779845554,R_100,349.52
1779845556,R_100,349.52
1779845558,R_100,349.63
1779845560,R_100,349.57
1779845562,R_100,349.35
1779845564,R_100,349.19
1779845566,R_100,349.1
1779845568,R_100,349.16
1779845570,R_100,349.13
1779845572,R_100,349.14
1779845574,R_100,349.12
1779845576,R_100,349.15
1779845578,R_100,349.2
1779845580,R_100,349.27
1779845582,R_100,349.1
1779845584,R_100,349.06
1779845586,R_100,348.99
1779845588,R_100,348.99
1779845590,R_100,348.9
1779845592,R_100,348.85
1779845594,R_100,348.77
1779845596,R_100,348.74
1779845598,R_100,348.75
1779845600,R_100,348.65
1779845602,R_100,348.45
1779845604,R_100,348.41
1779845606,R_100,348.49
1779845608,R_100,348.58
1779845610,R_100,348.52
1779845612,R_100,348.63
1779845614,R_100,348.72
1779845616,R_100,348.63
1779845618,R_100,348.7
1779845620,R_100,348.68
1779845622,R_100,348.74
1779845624,R_100,348.83
1779845626,R_100,348.88
1779845628,R_100,348.92
1779845630,R_100,348.74
1779845632,R_100,348.88
1779845634,R_100,349.01
1779845636,R_100,348.99
1779845638,R_100,348.94
1779845640,R_100,348.87
1779845642,R_100,349.08
1779845644,R_100,349.06
1779845646,R_100,348.97
1779845648,R_100,349.01
1779845650,R_100,348.99
1779845652,R_100,348.95
1779845654,R_100,348.9
1779845656,R_100,348.91
1779845658,R_100,348.86
1779845660,R_100,349.01
1779845662,R_100,349.07
1779845664,R_100,349.1
1779845666,R_100,349.19
1779845668,R_100,349.13
1779845670,R_100,349.1
1779845672,R_100,349.21
1779845674,R_100,349.15
1779845676,R_100,349.03
1779845678,R_100,348.88
1779845680,R_100,348.95
1779845682,R_100,348.87
1779845684,R_100,348.89
1779845686,R_100,348.86
1779845688,R_100,348.88
1779845690,R_100,348.8
1779845692,R_100,348.78
1779845694,R_100,348.72
1779845696,R_100,348.63
1779845698,R_100,348.78
1779845700,R_100,348.79
1779845702,R_100,348.69
1779845704,R_100,348.72
1779845706,R_100,348.69
1779845708,R_100,348.68
1779845710,R_100,348.45
1779845712,R_100,348.37
1779845714,R_100,348.41
1779845716,R_100,348.32
1779845718,R_100,348.32
1779845720,R_100,348.27
1779845722,R_100,348.33
1779845724,R_100,348.32
1779845726,R_100,348.36
1779845728,R_100,348.32
1779845730,R_100,348.37
1779845732,R_100,348.4
1779845734,R_100,348.34
1779845736,R_100,348.42
1779845738,R_100,348.44
1779845740,R_100,348.51
1779845742,R_100,348.54
1779845744,R_100,348.74
1779845746,R_100,348.82
1779845748,R_100,348.76
1779845750,R_100,348.72
1779845752,R_100,348.63
1779845754,R_100,348.79
1779845756,R_100,348.66
1779845758,R_100,348.7
1779845760,R_100,348.86
1779845762,R_100,348.81
1779845764,R_100,348.67
1779845766,R_100,348.7
1779845768,R_100,348.75
1779845770,R_100,348.65
1779845772,R_100,348.71
1779845774,R_100,348.55
1779845776,R_100,348.55
1779845778,R_100,348.4
1779845780,R_100,348.44
1779845782,R_100,348.44
1779845784,R_100,348.5
1779845786,R_100,348.4
1779845788,R_100,348.28
1779845790,R_100,348.17
1779845792,R_100,348.11
1779845794,R_100,348.2
1779845796,R_100,348.36
1779845798,R_100,348.33
1779845800,R_100,348.37
1779845802,R_100,348.48
1779845804,R_100,348.57
1779845806,R_100,348.69
1779845808,R_100,348.62
1779845810,R_100,348.59
1779845812,R_100,348.46
1779845814,R_100,348.58
1779845816,R_100,348.59
1779845818,R_100,348.7
1779845820,R_100,348.61
1779845822,R_100,348.44
1779845824,R_100,348.46
1779845826,R_100,348.56
1779845828,R_100,348.52
1779845830,R_100,348.52
1779845832,R_100,348.54
1779845834,R_100,348.43
1779845836,R_100,348.47
1779845838,R_100,348.45
1779845840,R_100,348.35
1779845842,R_100,348.42
1779845844,R_100,348.38
1779845846,R_100,348.45
1779845848,R_100,348.42
1779845850,R_100,348.37
1779845852,R_100,348.33
1779845854,R_100,348.46
1779845856,R_100,348.27
1779845858,R_100,348.32
1779845860,R_100,348.37
1779845862,R_100,348.35
1779845864,R_100,348.18
1779845866,R_100,348.07
1779845868,R_100,348.14
1779845870,R_100,348.07
1779845872,R_100,347.97
1779845874,R_100,347.91
1779845876,R_100,347.9
1779845878,R_100,347.95
1779845880,R_100,347.93
1779845882,R_100,347.82
1779845884,R_100,347.9
1779845886,R_100,348.05
1779845888,R_100,348.09
1779845890,R_100,348.13
1779845892,R_100,348.01
1779845894,R_100,347.99
1779845896,R_100,347.82
1779845898,R_100,347.79
1779845900,R_100,347.83
1779845902,R_100,347.71
1779845904,R_100,347.71
1779845906,R_100,347.66
1779845908,R_100,347.67
1779845910,R_100,347.57
1779845912,R_100,347.52
1779845914,R_100,347.66
1779845916,R_100,347.64
1779845918,R_100,347.61
1779845920,R_100,347.62
1779845922,R_100,347.57
1779845924,R_100,347.46
1779845926,R_100,347.44
1779845928,R_100,347.32
1779845930,R_100,347.4
1779845932,R_100,347.44
1779845934,R_100,347.48
1779845936,R_100,347.52
1779845938,R_100,347.43
1779845940,R_100,347.38
1779845942,R_100,347.52
1779845944,R_100,347.46
1779845946,R_100,347.43
1779845948,R_100,347.36
1779845950,R_100,347.37
1779845952,R_100,347.53
1779845954,R_100,347.39
1779845956,R_100,347.32
1779845958,R_100,347.21
1779845960,R_100,347.16
1779845962,R_100,347.2
1779845964,R_100,347.01
1779845966,R_100,346.94
1779845968,R_100,346.96
1779845970,R_100,346.92
1779845972,R_100,347.02
1779845974,R_100,347.16
1779845976,R_100,347.05
1779845978,R_100,347.14
1779845980,R_100,346.84
1779845982,R_100,346.95
1779845984,R_100,346.98
1779845986,R_100,346.86
1779845988,R_100,346.83
1779845990,R_100,346.82
1779845992,R_100,346.87
1779845994,R_100,346.82
1779845996,R_100,346.73
1779845998,R_100,346.62
1779846000,R_100,346.71
1779846002,R_100,346.67
1779846004,R_100,346.82
1779846006,R_100,346.84
1779846008,R_100,346.82
1779846010,R_100,346.8
1779846012,R_100,346.88
1779846014,R_100,346.81
1779846016,R_100,346.76
1779846018,R_100,346.67
1779846020,R_100,346.73
1779846022,R_100,346.69
1779846024,R_100,346.7
1779846026,R_100,346.55
1779846028,R_100,346.72
1779846030,R_100,346.72
1779846032,R_100,346.67
1779846034,R_100,346.62
1779846036,R_100,346.57
1779846038,R_100,346.52
1779846040,R_100,346.57
1779846042,R_100,346.5
1779846044,R_100,346.44
1779846046,R_100,346.35
1779846048,R_100,346.36
1779846050,R_100,346.35
1779846052,R_100,346.25
1779846054,R_100,346.24
1779846056,R_100,346.37
1779846058,R_100,346.32
1779846060,R_100,346.14
1779846062,R_100,346.19
1779846064,R_100,346.22
1779846066,R_100,346.16
1779846068,R_100,346.07
1779846070,R_100,345.93
1779846072,R_100,345.91
1779846074,R_100,346.09
1779846076,R_100,346.05
1779846078,R_100,346.1
1779846080,R_100,345.91
1779846082,R_100,345.82
1779846084,R_100,345.89
1779846086,R_100,345.96
1779846088,R_100,345.97
1779846090,R_100,345.92
1779846092,R_100,345.94
1779846094,R_100,345.91
1779846096,R_100,346.12
1779846098,R_100,346.16
1779846100,R_100,346.14
1779846102,R_100,346.06
1779846104,R_100,346.19
1779846106,R_100,346.14
1779846108,R_100,346.07
1779846110,R_100,346.14
1779846112,R_100,346.2
1779846114,R_100,346.34
1779846116,R_100,346.28
1779846118,R_100,346.38
1779846120,R_100,346.4
1779846122,R_100,346.37
1779846124,R_100,346.34
1779846126,R_100,346.19
1779846128,R_100,346.1
1779846130,R_100,346.27
1779846132,R_100,346.36
1779846134,R_100,346.38
1779846136,R_100,346.33
1779846138,R_100,346.19
1779846140,R_100,346.2
1779846142,R_100,346.17
1779846144,R_100,346.16
1779846146,R_100,346.09
1779846148,R_100,346
1779846150,R_100,345.94
1779846152,R_100,345.88
1779846154,R_100,345.81
1779846156,R_100,345.84
1779846158,R_100,345.97
1779846160,R_100,346
1779846162,R_100,345.85
1779846164,R_100,345.81
1779846166,R_100,345.83
1779846168,R_100,346.01
1779846170,R_100,346.05
1779846172,R_100,346.06
1779846174,R_100,346.03
1779846176,R_100,346.01
1779846178,R_100,346.06
1779846180,R_100,346.02
1779846182,R_100,345.99
1779846184,R_100,346.11
1779846186,R_100,346.19
1779846188,R_100,346.24
1779846190,R_100,346.19
1779846192,R_100,346.22
1779846194,R_100,346.01
1779846196,R_100,345.96
1779846198,R_100,346.05
1779846200,R_100,346.04
1779846202,R_100,346.21
1779846204,R_100,346.33
1779846206,R_100,346.34
1779846208,R_100,346.38
1779846210,R_100,346.24
1779846212,R_100,346.14
1779846214,R_100,346.19
1779846216,R_100,346.18
1779846218,R_100,346.18
1779846220,R_100,346.13
1779846222,R_100,346.03
1779846224,R_100,346.09
1779846226,R_100,346.07
1779846228,R_100,345.98
1779846230,R_100,346.03
1779846232,R_100,346.11
1779846234,R_100,346
1779846236,R_100,345.99
1779846238,R_100,346.08
1779846240,R_100,346.04
1779846242,R_100,346.15
1779846244,R_100,346.18
1779846246,R_100,346.14
1779846248,R_100,346.05
1779846250,R_100,346.13
1779846252,R_100,346.24
1779846254,R_100,346.32
1779846256,R_100,346.29
1779846258,R_100,346.36
1779846260,R_100,346.44
1779846262,R_100,346.52
1779846264,R_100,346.55
1779846266,R_100,346.41
1779846268,R_100,346.44
1779846270,R_100,346.62
1779846272,R_100,346.71
1779846274,R_100,346.63
1779846276,R_100,346.73
1779846278,R_100,346.78
1779846280,R_100,346.83
1779846282,R_100,347.01
1779846284,R_100,347.17
1779846286,R_100,346.99
1779846288,R_100,346.97
1779846290,R_100,346.86
1779846292,R_100,346.85
1779846294,R_100,346.71
1779846296,R_100,346.64
1779846298,R_100,346.64
1779846300,R_100,346.6
1779846302,R_100,346.79
1779846304,R_100,346.81
1779846306,R_100,346.85
1779846308,R_100,346.92
1779846310,R_100,346.94
1779846312,R_100,346.93
1779846314,R_100,347.03
1779846316,R_100,347.01
1779846318,R_100,346.96
1779846320,R_100,346.84
1779846322,R_100,346.78
1779846324,R_100,346.77
1779846326,R_100,346.76
1779846328,R_100,346.66
1779846330,R_100,346.63
1779846332,R_100,346.62
1779846334,R_100,346.64
1779846336,R_100,346.71
1779846338,R_100,346.63
1779846340,R_100,346.57
1779846342,R_100,346.46
1779846344,R_100,346.49
1779846346,R_100,346.47
1779846348,R_100,346.56
1779846350,R_100,346.61
1779846352,R_100,346.67
1779846354,R_100,346.62
1779846356,R_100,346.62
1779846358,R_100,346.64
1779846360,R_100,346.51
1779846362,R_100,346.53
1779846364,R_100,346.59
1779846366,R_100,346.68
1779846368,R_100,346.62
1779846370,R_100,346.48
1779846372,R_100,346.49
1779846374,R_100,346.52
1779846376,R_100,346.49
1779846378,R_100,346.61
1779846380,R_100,346.64
1779846382,R_100,346.62
1779846384,R_100,346.56
1779846386,R_100,346.47
1779846388,R_100,346.47
1779846390,R_100,346.52
1779846392,R_100,346.47
1779846394,R_100,346.48
1779846396,R_100,346.5
1779846398,R_100,346.42
1779846400,R_100,346.48
1779846402,R_100,346.54
1779846404,R_100,346.61
1779846406,R_100,346.61
1779846408,R_100,346.72
1779846410,R_100,346.68
1779846412,R_100,346.73
1779846414,R_100,346.69
1779846416,R_100,346.61
1779846418,R_100,346.6
1779846420,R_100,346.7
1779846422,R_100,346.61
1779846424,R_100,346.71
1779846426,R_100,346.73
1779846428,R_100,346.56
1779846430,R_100,346.4
1779846432,R_100,346.61
1779846434,R_100,346.61
1779846436,R_100,346.59
1779846438,R_100,346.47
1779846440,R_100,346.45
1779846442,R_100,346.5
1779846444,R_100,346.4
1779846446,R_100,346.26
1779846448,R_100,346.27
1779846450,R_100,346.39
1779846452,R_100,346.45
1779846454,R_100,346.41
1779846456,R_100,346.37
1779846458,R_100,346.27
1779846460,R_100,346.27
1779846462,R_100,346.2
1779846464,R_100,346.22
1779846466,R_100,346.26
1779846468,R_100,346.35
1779846470,R_100,346.5
1779846472,R_100,346.63
1779846474,R_100,346.55
1779846476,R_100,346.38
1779846478,R_100,346.53
1779846480,R_100,346.32
1779846482,R_100,346.44
1779846484,R_100,346.32
1779846486,R_100,346.37
1779846488,R_100,346.48
1779846490,R_100,346.41
1779846492,R_100,346.48
1779846494,R_100,346.58
1779846496,R_100,346.55
1779846498,R_100,346.53
1779846500,R_100,346.35
1779846502,R_100,346.31
1779846504,R_100,346.25
1779846506,R_100,346.25
1779846508,R_100,346.33
1779846510,R_100,346.31
1779846512,R_100,346.27
1779846514,R_100,346.21
1779846516,R_100,346
1779846518,R_100,346.13
1779846520,R_100,346.17
1779846522,R_100,346.02
1779846524,R_100,346.01
1779846526,R_100,345.99
1779846528,R_100,345.98
1779846530,R_100,345.92
1779846532,R_100,345.82
1779846534,R_100,345.74
1779846536,R_100,345.9
1779846538,R_100,345.8
1779846540,R_100,346.02
1779846542,R_100,345.86
1779846544,R_100,345.86
1779846546,R_100,345.86
1779846548,R_100,345.81
1779846550,R_100,345.88
1779846552,R_100,345.92
1779846554,R_100,345.9
1779846556,R_100,346.02
1779846558,R_100,346.08
1779846560,R_100,345.9
1779846562,R_100,345.89
1779846564,R_100,345.92
1779846566,R_100,345.97
1779846568,R_100,346.03
1779846570,R_100,346.1
1779846572,R_100,346.06
1779846574,R_100,346.12
1779846576,R_100,346.03
1779846578,R_100,346.03
1779846580,R_100,346.13
1779846582,R_100,346.16
1779846584,R_100,346.18
1779846586,R_100,346.14
1779846588,R_100,346.11
1779846590,R_100,346.14
1779846592,R_100,346.05
1779846594,R_100,346.12
1779846596,R_100,346.1
1779846598,R_100,346.12
1779846600,R_100,346.27
1779846602,R_100,346.29
1779846604,R_100,346.42
1779846606,R_100,346.4
1779846608,R_100,346.41
1779846610,R_100,346.4
1779846612,R_100,346.56
1779846614,R_100,346.73
1779846616,R_100,346.8
1779846618,R_100,346.55
1779846620,R_100,346.49
1779846622,R_100,346.66
1779846624,R_100,346.72
1779846626,R_100,346.61
1779846628,R_100,346.58
1779846630,R_100,346.43
1779846632,R_100,346.43
1779846634,R_100,346.58
1779846636,R_100,346.66
1779846638,R_100,346.8
1779846640,R_100,346.71
1779846642,R_100,346.58
1779846644,R_100,346.63
1779846646,R_100,346.74
1779846648,R_100,346.7
1779846650,R_100,346.77
1779846652,R_100,346.69
1779846654,R_100,346.47
1779846656,R_100,346.48
1779846658,R_100,346.37
1779846660,R_100,346.31
1779846662,R_100,346.25
1779846664,R_100,346.19
1779846666,R_100,346
1779846668,R_100,346
1779846670,R_100,345.99
1779846672,R_100,345.82
1779846674,R_100,345.77
1779846676,R_100,345.71
1779846678,R_100,345.74
1779846680,R_100,345.62
1779846682,R_100,345.59
1779846684,R_100,345.62
1779846686,R_100,345.56
1779846688,R_100,345.61
1779846690,R_100,345.56
1779846692,R_100,345.55
1779846694,R_100,345.48
1779846696,R_100,345.64
1779846698,R_100,345.47
1779846700,R_100,345.52
1779846702,R_100,345.56
1779846704,R_100,345.47
1779846706,R_100,345.5
1779846708,R_100,345.37
1779846710,R_100,345.53
1779846712,R_100,345.42
1779846714,R_100,345.4
1779846716,R_100,345.44
1779846718,R_100,345.31
1779846720,R_100,345.21
1779846722,R_100,345.13
1779846724,R_100,345.11
1779846726,R_100,345.11
1779846728,R_100,345.16
1779846730,R_100,345.19
1779846732,R_100,345.1
1779846734,R_100,344.97
1779846736,R_100,344.91
1779846738,R_100,344.96
1779846740,R_100,344.9
1779846742,R_100,344.95
1779846744,R_100,345.1
1779846746,R_100,345.11
1779846748,R_100,345.05
1779846750,R_100,345
1779846752,R_100,344.83
1779846754,R_100,344.91
1779846756,R_100,344.86
1779846758,R_100,344.92
1779846760,R_100,344.92
1779846762,R_100,344.88
1779846764,R_100,344.78
1779846766,R_100,344.89
1779846768,R_100,344.94
1779846770,R_100,344.79
1779846772,R_100,344.73
1779846774,R_100,344.64
1779846776,R_100,344.82
1779846778,R_100,344.94
1779846780,R_100,345
1779846782,R_100,344.95
1779846784,R_100,344.77
1779846786,R_100,344.83
1779846788,R_100,344.7
1779846790,R_100,344.64
1779846792,R_100,344.51
1779846794,R_100,344.52
1779846796,R_100,344.52
1779846798,R_100,344.52
1779846800,R_100,344.57
1779846802,R_100,344.48
1779846804,R_100,344.64
1779846806,R_100,344.76
1779846808,R_100,344.97
1779846810,R_100,345.03
1779846812,R_100,345.03
1779846814,R_100,345.14
1779846816,R_100,345.1
1779846818,R_100,345.11
1779846820,R_100,345.15
1779846822,R_100,345.14
1779846824,R_100,345.19
1779846826,R_100,345.26
1779846828,R_100,345.36
1779846830,R_100,345.43
1779846832,R_100,345.31
1779846834,R_100,345.4
1779846836,R_100,345.31
1779846838,R_100,345.34
1779846840,R_100,345.3
1779846842,R_100,345.31
1779846844,R_100,345.21
1779846846,R_100,345.22
1779846848,R_100,345.26
1779846850,R_100,345.28
1779846852,R_100,345.47
1779846854,R_100,345.6
1779846856,R_100,345.79
1779846858,R_100,345.78
1779846860,R_100,345.89
1779846862,R_100,345.72
1779846864,R_100,345.81
1779846866,R_100,345.83
1779846868,R_100,345.88
1779846870,R_100,345.84
1779846872,R_100,345.79
1779846874,R_100,345.8
1779846876,R_100,345.82
1779846878,R_100,345.89
1779846880,R_100,345.88
1779846882,R_100,345.98
1779846884,R_100,345.83
1779846886,R_100,345.79
1779846888,R_100,345.81
1779846890,R_100,345.83
1779846892,R_100,345.88
1779846894,R_100,345.75
1779846896,R_100,345.68
1779846898,R_100,345.68
1779846900,R_100,345.63
1779846902,R_100,345.55
1779846904,R_100,345.48
1779846906,R_100,345.46
1779846908,R_100,345.6
1779846910,R_100,345.48
1779846912,R_100,345.34
1779846914,R_100,345.41
1779846916,R_100,345.44
1779846918,R_100,345.54
1779846920,R_100,345.43
1779846922,R_100,345.45
1779846924,R_100,345.38
1779846926,R_100,345.46
1779846928,R_100,345.43
1779846930,R_100,345.58
1779846932,R_100,345.52
1779846934,R_100,345.59
1779846936,R_100,345.45
1779846938,R_100,345.43
1779846940,R_100,345.49
1779846942,R_100,345.53
1779846944,R_100,345.56
1779846946,R_100,345.63
1779846948,R_100,345.51
1779846950,R_100,345.44
1779846952,R_100,345.54
1779846954,R_100,345.51
1779846956,R_100,345.45
1779846958,R_100,345.52
1779846960,R_100,345.51
1779846962,R_100,345.49
1779846964,R_100,345.59
1779846966,R_100,345.59
1779846968,R_100,345.55
1779846970,R_100,345.48
1779846972,R_100,345.52
1779846974,R_100,345.65
1779846976,R_100,345.54
1779846978,R_100,345.55
1779846980,R_100,345.48
1779846982,R_100,345.45
1779846984,R_100,345.5
1779846986,R_100,345.74
1779846988,R_100,345.83
1779846990,R_100,345.82
1779846992,R_100,345.88
1779846994,R_100,345.85
1779846996,R_100,345.78
1779846998,R_100,345.82
1779847000,R_100,345.71
1779847002,R_100,345.53
1779847004,R_100,345.54
1779847006,R_100,345.56
1779847008,R_100,345.62
1779847010,R_100,345.5
1779847012,R_100,345.63
1779847014,R_100,345.64
1779847016,R_100,345.6
1779847018,R_100,345.64
1779847020,R_100,345.6
1779847022,R_100,345.72
1779847024,R_100,345.8
1779847026,R_100,345.71
1779847028,R_100,345.73
1779847030,R_100,345.65
1779847032,R_100,345.54
1779847034,R_100,345.47
1779847036,R_100,345.64
1779847038,R_100,345.7
1779847040,R_100,345.63
1779847042,R_100,345.66
1779847044,R_100,345.55
1779847046,R_100,345.43
1779847048,R_100,345.47
1779847050,R_100,345.56
1779847052,R_100,345.58
1779847054,R_100,345.66
1779847056,R_100,345.63
1779847058,R_100,345.71
1779847060,R_100,345.6
1779847062,R_100,345.52
1779847064,R_100,345.49
1779847066,R_100,345.53
1779847068,R_100,345.57
1779847070,R_100,345.6
1779847072,R_100,345.75
1779847074,R_100,345.64
1779847076,R_100,345.63
1779847078,R_100,345.64
1779847080,R_100,345.59
1779847082,R_100,345.68
1779847084,R_100,345.76
1779847086,R_100,345.83
1779847088,R_100,345.93
1779847090,R_100,345.9
1779847092,R_100,345.73
1779847094,R_100,345.73
1779847096,R_100,345.89
1779847098,R_100,345.95
1779847100,R_100,345.88
1779847102,R_100,345.77
1779847104,R_100,345.74
1779847106,R_100,345.64
1779847108,R_100,345.57
1779847110,R_100,345.53
1779847112,R_100,345.45
1779847114,R_100,345.6
1779847116,R_100,345.51
1779847118,R_100,345.59
1779847120,R_100,345.61
1779847122,R_100,345.56
1779847124,R_100,345.52
1779847126,R_100,345.66
1779847128,R_100,345.67
1779847130,R_100,345.57
1779847132,R_100,345.45
1779847134,R_100,345.3
1779847136,R_100,345.15
1779847138,R_100,345.19
1779847140,R_100,345.27
1779847142,R_100,345.14
1779847144,R_100,345.08
1779847146,R_100,344.87
1779847148,R_100,344.7
1779847150,R_100,344.75
1779847152,R_100,344.86
1779847154,R_100,344.92
1779847156,R_100,344.79
1779847158,R_100,344.81
1779847160,R_100,344.94
1779847162,R_100,344.94
1779847164,R_100,344.95
1779847166,R_100,345.07
1779847168,R_100,345.02
1779847170,R_100,344.96
1779847172,R_100,344.88
1779847174,R_100,345.03
1779847176,R_100,344.98
1779847178,R_100,344.99
1779847180,R_100,344.99
1779847182,R_100,344.97
1779847184,R_100,344.89
1779847186,R_100,344.98
1779847188,R_100,344.91
1779847190,R_100,344.84
1779847192,R_100,344.87
1779847194,R_100,344.84
1779847196,R_100,344.76
1779847198,R_100,344.72
1779847200,R_100,344.85
1779847202,R_100,344.92
1779847204,R_100,344.9
1779847206,R_100,344.84
1779847208,R_100,344.89
1779847210,R_100,345
1779847212,R_100,344.98
1779847214,R_100,344.93
1779847216,R_100,344.89
1779847218,R_100,344.94
1779847220,R_100,344.96
1779847222,R_100,344.89
1779847224,R_100,344.84
1779847226,R_100,344.99
1779847228,R_100,344.97
1779847230,R_100,344.82
1779847232,R_100,344.75
1779847234,R_100,344.8
1779847236,R_100,344.71
1779847238,R_100,344.63
1779847240,R_100,344.58
1779847242,R_100,344.59
1779847244,R_100,344.73
1779847246,R_100,344.78
1779847248,R_100,344.73
1779847250,R_100,344.72
1779847252,R_100,344.67
1779847254,R_100,344.74
1779847256,R_100,344.81
1779847258,R_100,345.1
1779847260,R_100,344.98
1779847262,R_100,344.97
1779847264,R_100,344.84
1779847266,R_100,344.82
1779847268,R_100,344.88
1779847270,R_100,344.9
1779847272,R_100,344.89
1779847274,R_100,344.81
1779847276,R_100,344.87
1779847278,R_100,344.91
1779847280,R_100,344.8
1779847282,R_100,344.89
1779847284,R_100,344.89
1779847286,R_100,345.02
1779847288,R_100,344.97
1779847290,R_100,345.03
1779847292,R_100,345.07
1779847294,R_100,344.93
1779847296,R_100,344.92
1779847298,R_100,344.88
1779847300,R_100,344.97
1779847302,R_100,344.88
1779847304,R_100,344.89
1779847306,R_100,344.88
1779847308,R_100,344.83
1779847310,R_100,344.8
1779847312,R_100,344.82
1779847314,R_100,344.83
1779847316,R_100,344.8
1779847318,R_100,344.95
1779847320,R_100,345.04
1779847322,R_100,345.14
1779847324,R_100,345.16
1779847326,R_100,345.21
1779847328,R_100,345.14
1779847330,R_100,345.06
1779847332,R_100,345.07
1779847334,R_100,344.9
1779847336,R_100,344.94
1779847338,R_100,344.86
1779847340,R_100,344.86
1779847342,R_100,344.88
1779847344,R_100,344.87
1779847346,R_100,344.81
1779847348,R_100,344.92
1779847350,R_100,345.02
1779847352,R_100,345.03
1779847354,R_100,345.2
1779847356,R_100,345.27
1779847358,R_100,345.29
1779847360,R_100,345.19
1779847362,R_100,345.12
1779847364,R_100,345.16
1779847366,R_100,345.4
1779847368,R_100,345.47
1779847370,R_100,345.56
1779847372,R_100,345.53
1779847374,R_100,345.68
1779847376,R_100,345.74
1779847378,R_100,345.71
1779847380,R_100,345.85
1779847382,R_100,345.79
1779847384,R_100,345.79
1779847386,R_100,345.7
1779847388,R_100,345.66
1779847390,R_100,345.78
1779847392,R_100,345.67
1779847394,R_100,345.63
1779847396,R_100,345.67
1779847398,R_100,345.83
1779847400,R_100,345.87
1779847402,R_100,345.75
1779847404,R_100,345.65
1779847406,R_100,345.59
1779847408,R_100,345.39
1779847410,R_100,345.41
1779847412,R_100,345.45
1779847414,R_100,345.41
1779847416,R_100,345.57
1779847418,R_100,345.68
1779847420,R_100,345.62
1779847422,R_100,345.55
1779847424,R_100,345.56
1779847426,R_100,345.43
1779847428,R_100,345.44
1779847430,R_100,345.36
1779847432,R_100,345.3
1779847434,R_100,345.32
1779847436,R_100,345.3
1779847438,R_100,345.41
1779847440,R_100,345.41
1779847442,R_100,345.48
1779847444,R_100,345.48
1779847446,R_100,345.48
1779847448,R_100,345.46
1779847450,R_100,345.53
1779847452,R_100,345.46
1779847454,R_100,345.38
1779847456,R_100,345.46
1779847458,R_100,345.33
1779847460,R_100,345.34
1779847462,R_100,345.16
1779847464,R_100,345.21
1779847466,R_100,345.1
1779847468,R_100,345.21
1779847470,R_100,345.09
1779847472,R_100,345.14
1779847474,R_100,345.18
1779847476,R_100,345.22
1779847478,R_100,345.38
1779847480,R_100,345.31
1779847482,R_100,345.33
1779847484,R_100,345.38
1779847486,R_100,345.47
1779847488,R_100,345.36
1779847490,R_100,345.52
1779847492,R_100,345.44
1779847494,R_100,345.55
1779847496,R_100,345.39
1779847498,R_100,345.46
1779847500,R_100,345.56
1779847502,R_100,345.38
1779847504,R_100,345.51
1779847506,R_100,345.56
1779847508,R_100,345.44
1779847510,R_100,345.56
1779847512,R_100,345.6
1779847514,R_100,345.62
1779847516,R_100,345.64
1779847518,R_100,345.66
1779847520,R_100,345.66
1779847522,R_100,345.42
1779847524,R_100,345.45
1779847526,R_100,345.48
1779847528,R_100,345.51
1779847530,R_100,345.42
1779847532,R_100,345.62
1779847534,R_100,345.75
1779847536,R_100,345.64
1779847538,R_100,345.58
1779847540,R_100,345.67
1779847542,R_100,345.55
1779847544,R_100,345.58
1779847546,R_100,345.58
1779847548,R_100,345.56
1779847550,R_100,345.69
1779847552,R_100,345.75
1779847554,R_100,345.81
1779847556,R_100,345.86
1779847558,R_100,345.91
1779847560,R_100,346.01
1779847562,R_100,345.99
1779847564,R_100,345.94
1779847566,R_100,345.91
1779847568,R_100,345.85
1779847570,R_100,346.05
1779847572,R_100,346.07
1779847574,R_100,345.94
1779847576,R_100,346
1779847578,R_100,346.01
1779847580,R_100,346.03
1779847582,R_100,345.98
1779847584,R_100,346.14
1779847586,R_100,346.2
1779847588,R_100,346.2
1779847590,R_100,346.29
1779847592,R_100,346.16
1779847594,R_100,346.29
1779847596,R_100,346.21
1779847598,R_100,346.17
1779847600,R_100,346.14
1779847602,R_100,346.03
1779847604,R_100,346.08
1779847606,R_100,346.13
1779847608,R_100,346.17
1779847610,R_100,346.25
1779847612,R_100,346.3
1779847614,R_100,346.3
1779847616,R_100,346.38
1779847618,R_100,346.41
1779847620,R_100,346.46
1779847622,R_100,346.26
1779847624,R_100,346.28
1779847626,R_100,346.49
1779847628,R_100,346.52
1779847630,R_100,346.7
1779847632,R_100,346.69
1779847634,R_100,346.59
1779847636,R_100,346.54
1779847638,R_100,346.47
1779847640,R_100,346.58
1779847642,R_100,346.67
1779847644,R_100,346.69
1779847646,R_100,346.63
1779847648,R_100,346.73
1779847650,R_100,346.81
1779847652,R_100,346.75
1779847654,R_100,346.79
1779847656,R_100,346.82
1779847658,R_100,346.94
1779847660,R_100,346.9
1779847662,R_100,346.96
1779847664,R_100,346.94
1779847666,R_100,346.95
1779847668,R_100,347.04
1779847670,R_100,347
1779847672,R_100,346.92
1779847674,R_100,346.92
1779847676,R_100,346.83
1779847678,R_100,346.87
1779847680,R_100,346.72
1779847682,R_100,346.58
1779847684,R_100,346.64
1779847686,R_100,346.89
1779847688,R_100,346.81
1779847690,R_100,346.77
1779847692,R_100,346.81
1779847694,R_100,346.77
1779847696,R_100,346.89
1779847698,R_100,346.8
1779847700,R_100,346.81
1779847702,R_100,346.74
1779847704,R_100,346.7
1779847706,R_100,346.81
1779847708,R_100,346.79
1779847710,R_100,346.73
1779847712,R_100,346.7
1779847714,R_100,346.58
1779847716,R_100,346.57
1779847718,R_100,346.57
1779847720,R_100,346.56
1779847722,R_100,346.62
1779847724,R_100,346.8
1779847726,R_100,346.89
1779847728,R_100,346.75
1779847730,R_100,346.64
1779847732,R_100,346.61
1779847734,R_100,346.58
1779847736,R_100,346.53
1779847738,R_100,346.55
1779847740,R_100,346.52
1779847742,R_100,346.21
1779847744,R_100,346.35
1779847746,R_100,346.41
1779847748,R_100,346.35
1779847750,R_100,346.46
1779847752,R_100,346.51
1779847754,R_100,346.53
1779847756,R_100,346.48
1779847758,R_100,346.52
1779847760,R_100,346.5
1779847762,R_100,346.52
1779847764,R_100,346.52
1779847766,R_100,346.66
1779847768,R_100,346.58
1779847770,R_100,346.57
1779847772,R_100,346.6
1779847774,R_100,346.6
1779847776,R_100,346.43
1779847778,R_100,346.46
1779847780,R_100,346.4
1779847782,R_100,346.52
1779847784,R_100,346.5
1779847786,R_100,346.58
1779847788,R_100,346.61
1779847790,R_100,346.6
1779847792,R_100,346.57
1779847794,R_100,346.54
1779847796,R_100,346.48
1779847798,R_100,346.48
1779847800,R_100,346.43
1779847802,R_100,346.38
1779847804,R_100,346.39
1779847806,R_100,346.36
1779847808,R_100,346.46
1779847810,R_100,346.43
1779847812,R_100,346.32
1779847814,R_100,346.28
1779847816,R_100,346.42
1779847818,R_100,346.43
1779847820,R_100,346.51
1779847822,R_100,346.53
1779847824,R_100,346.54
1779847826,R_100,346.31
1779847828,R_100,346.37
1779847830,R_100,346.35
1779847832,R_100,346.49
1779847834,R_100,346.55
1779847836,R_100,346.63
1779847838,R_100,346.54
1779847840,R_100,346.5
1779847842,R_100,346.42
1779847844,R_100,346.44
1779847846,R_100,346.38
1779847848,R_100,346.57
1779847850,R_100,346.65
1779847852,R_100,346.66
1779847854,R_100,346.51
1779847856,R_100,346.48
1779847858,R_100,346.53
1779847860,R_100,346.44
1779847862,R_100,346.35
1779847864,R_100,346.41
1779847866,R_100,346.58
1779847868,R_100,346.53
1779847870,R_100,346.59
1779847872,R_100,346.53
1779847874,R_100,346.49
1779847876,R_100,346.65
1779847878,R_100,346.6
1779847880,R_100,346.49
1779847882,R_100,346.51
1779847884,R_100,346.42
1779847886,R_100,346.32
1779847888,R_100,346.3
1779847890,R_100,346.42
1779847892,R_100,346.4
1779847894,R_100,346.35
1779847896,R_100,346.54
1779847898,R_100,346.65
1779847900,R_100,346.56
1779847902,R_100,346.69
1779847904,R_100,346.57
1779847906,R_100,346.47
1779847908,R_100,346.61
1779847910,R_100,346.5
1779847912,R_100,346.47
1779847914,R_100,346.36
1779847916,R_100,346.26
1779847918,R_100,346.17
1779847920,R_100,345.94
1779847922,R_100,346.08
1779847924,R_100,345.99
1779847926,R_100,345.88
1779847928,R_100,345.9
1779847930,R_100,345.87
1779847932,R_100,346.05
1779847934,R_100,346.12
1779847936,R_100,346.24
1779847938,R_100,346.29
1779847940,R_100,346.31
1779847942,R_100,346.33
1779847944,R_100,346.34
1779847946,R_100,346.45
1779847948,R_100,346.49
1779847950,R_100,346.4
1779847952,R_100,346.35
1779847954,R_100,346.33
1779847956,R_100,346.48
1779847958,R_100,346.35
1779847960,R_100,346.22
1779847962,R_100,346.25
1779847964,R_100,346.25
1779847966,R_100,346.37
1779847968,R_100,346.17
1779847970,R_100,346.22
1779847972,R_100,346.07
1779847974,R_100,346.07
1779847976,R_100,346.06
1779847978,R_100,346.19
1779847980,R_100,346.1
1779847982,R_100,346.03
1779847984,R_100,346.01
1779847986,R_100,345.99
1779847988,R_100,345.84
1779847990,R_100,345.76
1779847992,R_100,345.65
1779847994,R_100,345.51
1779847996,R_100,345.54
1779847998,R_100,345.52
1779848000,R_100,345.44
1779848002,R_100,345.47
1779848004,R_100,345.35
1779848006,R_100,345.36
1779848008,R_100,345.45
1779848010,R_100,345.46
1779848012,R_100,345.43
1779848014,R_100,345.46
1779848016,R_100,345.39
1779848018,R_100,345.38
1779848020,R_100,345.34
1779848022,R_100,345.26
1779848024,R_100,345.14
1779848026,R_100,345
1779848028,R_100,344.92
1779848030,R_100,344.89
1779848032,R_100,344.92
1779848034,R_100,345.05
1779848036,R_100,345.12
1779848038,R_100,344.95
1779848040,R_100,344.86
1779848042,R_100,344.83
1779848044,R_100,344.61
1779848046,R_100,344.54
1779848048,R_100,344.6
1779848050,R_100,344.58
1779848052,R_100,344.46
1779848054,R_100,344.42
1779848056,R_100,344.44
1779848058,R_100,344.35
1779848060,R_100,344.26
1779848062,R_100,344.24
1779848064,R_100,344.15
1779848066,R_100,344.06
1779848068,R_100,344.03
1779848070,R_100,344.1
1779848072,R_100,344.07
1779848074,R_100,344.01
1779848076,R_100,344.12
1779848078,R_100,344.15
1779848080,R_100,344.17
1779848082,R_100,344.13
1779848084,R_100,344.24
1779848086,R_100,344.26
1779848088,R_100,344.22
1779848090,R_100,344.23
1779848092,R_100,344.28
1779848094,R_100,344.28
1779848096,R_100,344.21
1779848098,R_100,344.38
1779848100,R_100,344.31
1779848102,R_100,344.25
1779848104,R_100,344.26
1779848106,R_100,344.1
1779848108,R_100,343.93
1779848110,R_100,343.82
1779848112,R_100,343.71
1779848114,R_100,343.49
1779848116,R_100,343.54
1779848118,R_100,343.54
1779848120,R_100,343.45
1779848122,R_100,343.47
1779848124,R_100,343.42
1779848126,R_100,343.37
1779848128,R_100,343.36
1779848130,R_100,343.39
1779848132,R_100,343.29
1779848134,R_100,343.31
1779848136,R_100,343.35
1779848138,R_100,343.36
1779848140,R_100,343.25
1779848142,R_100,343.19
1779848144,R_100,343.38
1779848146,R_100,343.28
1779848148,R_100,343.44
1779848150,R_100,343.35
1779848152,R_100,343.2
1779848154,R_100,343.17
1779848156,R_100,343.28
1779848158,R_100,343.24
1779848160,R_100,343.11
1779848162,R_100,343.1
1779848164,R_100,343.19
1779848166,R_100,343.02
1779848168,R_100,343.02
1779848170,R_100,342.87
1779848172,R_100,342.84
1779848174,R_100,342.91
1779848176,R_100,342.91
1779848178,R_100,342.96
1779848180,R_100,342.92
1779848182,R_100,342.94
1779848184,R_100,342.96
1779848186,R_100,342.97
1779848188,R_100,343.01
1779848190,R_100,342.99
1779848192,R_100,343.02
1779848194,R_100,342.99
1779848196,R_100,342.94
1779848198,R_100,343.12
1779848200,R_100,343.06
1779848202,R_100,342.95
1779848204,R_100,343.06
1779848206,R_100,343.16
1779848208,R_100,343.11
1779848210,R_100,343.11
1779848212,R_100,343.14
1779848214,R_100,343.01
1779848216,R_100,343.12
1779848218,R_100,343.08
1779848220,R_100,343.11
1779848222,R_100,343.21
1779848224,R_100,343.31
1779848226,R_100,343.37
1779848228,R_100,343.42
1779848230,R_100,343.38
1779848232,R_100,343.38
1779848234,R_100,343.43
1779848236,R_100,343.49
1779848238,R_100,343.41
1779848240,R_100,343.35
1779848242,R_100,343.35
1779848244,R_100,343.36
1779848246,R_100,343.44
1779848248,R_100,343.41
1779848250,R_100,343.35
1779848252,R_100,343.3
1779848254,R_100,343.24
1779848256,R_100,343.29
1779848258,R_100,343.22
1779848260,R_100,343.27
1779848262,R_100,343.31
1779848264,R_100,343.51
1779848266,R_100,343.55
1779848268,R_100,343.44
1779848270,R_100,343.4
1779848272,R_100,343.36
1779848274,R_100,343.33
1779848276,R_100,343.28
1779848278,R_100,343.31
1779848280,R_100,343.32
1779848282,R_100,343.17
1779848284,R_100,343.15
1779848286,R_100,343.2
1779848288,R_100,343.18
1779848290,R_100,343.14
1779848292,R_100,343.1
1779848294,R_100,343.11
1779848296,R_100,343.17
1779848298,R_100,343.31
1779848300,R_100,343.22
1779848302,R_100,343.12
1779848304,R_100,343.14
1779848306,R_100,343.02
1779848308,R_100,342.99
1779848310,R_100,343.05
1779848312,R_100,342.96
1779848314,R_100,343.05
1779848316,R_100,342.97
1779848318,R_100,342.96
1779848320,R_100,342.88
1779848322,R_100,342.93
1779848324,R_100,342.89
1779848326,R_100,342.92
1779848328,R_100,342.96
1779848330,R_100,342.94
1779848332,R_100,342.9
1779848334,R_100,342.99
1779848336,R_100,342.92
1779848338,R_100,342.79
1779848340,R_100,342.97
1779848342,R_100,342.98
1779848344,R_100,342.85
1779848346,R_100,342.91
1779848348,R_100,342.9
1779848350,R_100,342.9
1779848352,R_100,342.83
1779848354,R_100,342.83
1779848356,R_100,342.8
1779848358,R_100,342.89
1779848360,R_100,342.74
1779848362,R_100,342.96
1779848364,R_100,343.03
1779848366,R_100,343.08
1779848368,R_100,342.92
1779848370,R_100,343.03
1779848372,R_100,343.11
1779848374,R_100,343.15
1779848376,R_100,343.17
1779848378,R_100,343.3
1779848380,R_100,343.2
1779848382,R_100,343.22
1779848384,R_100,343.15
1779848386,R_100,343.06
1779848388,R_100,343.08
1779848390,R_100,343.03
1779848392,R_100,342.95
1779848394,R_100,342.81
1779848396,R_100,342.92
1779848398,R_100,342.8
1779848400,R_100,342.73
1779848402,R_100,342.75
1779848404,R_100,342.74
1779848406,R_100,342.78
1779848408,R_100,342.73
1779848410,R_100,342.79
1779848412,R_100,342.81
1779848414,R_100,342.86
1779848416,R_100,342.72
1779848418,R_100,342.72
1779848420,R_100,342.63
1779848422,R_100,342.54
1779848424,R_100,342.56
1779848426,R_100,342.48
1779848428,R_100,342.49
1779848430,R_100,342.49
1779848432,R_100,342.59
1779848434,R_100,342.4
1779848436,R_100,342.35
1779848438,R_100,342.46
1779848440,R_100,342.51
1779848442,R_100,342.65
1779848444,R_100,342.75
1779848446,R_100,342.55
1779848448,R_100,342.5
1779848450,R_100,342.57
1779848452,R_100,342.64
1779848454,R_100,342.56
1779848456,R_100,342.58
1779848458,R_100,342.55
1779848460,R_100,342.46
1779848462,R_100,342.18
1779848464,R_100,342.25
1779848466,R_100,342.33
1779848468,R_100,342.24
1779848470,R_100,342.11
1779848472,R_100,342.09
1779848474,R_100,342.09
1779848476,R_100,342.09
1779848478,R_100,342.09
1779848480,R_100,342.15
1779848482,R_100,342.17
1779848484,R_100,342.23
1779848486,R_100,342.22
1779848488,R_100,342.17
1779848490,R_100,342.16
1779848492,R_100,342.1
1779848494,R_100,341.98
1779848496,R_100,342.02
1779848498,R_100,341.85
1779848500,R_100,342.04
1779848502,R_100,341.98
1779848504,R_100,342.02
1779848506,R_100,342.12
1779848508,R_100,342.08
1779848510,R_100,342.05
1779848512,R_100,342.1
1779848514,R_100,342.17
1779848516,R_100,342.1
1779848518,R_100,342.14
1779848520,R_100,342.09
1779848522,R_100,342.03
1779848524,R_100,341.94
1779848526,R_100,342.01
1779848528,R_100,342.05
1779848530,R_100,342.12
1779848532,R_100,342.17
1779848534,R_100,342.22
1779848536,R_100,342.36
1779848538,R_100,342.37
1779848540,R_100,342.35
1779848542,R_100,342.31
1779848544,R_100,342.35
1779848546,R_100,342.36
1779848548,R_100,342.44
1779848550,R_100,342.26
1779848552,R_100,342.28
1779848554,R_100,342.32
1779848556,R_100,342.27
1779848558,R_100,342.28
1779848560,R_100,342.17
1779848562,R_100,342.09
1779848564,R_100,342.16
1779848566,R_100,342.21
1779848568,R_100,342.22
1779848570,R_100,342.24
1779848572,R_100,342.13
1779848574,R_100,342.22
1779848576,R_100,342.22
1779848578,R_100,342.17
1779848580,R_100,342.07
1779848582,R_100,342.12
1779848584,R_100,342.07
1779848586,R_100,341.91
1779848588,R_100,342
1779848590,R_100,341.97
1779848592,R_100,341.98
1779848594,R_100,342.03
1779848596,R_100,341.97
1779848598,R_100,342.13
1779848600,R_100,342.22
1779848602,R_100,342.22
1779848604,R_100,342.28
1779848606,R_100,342.41
1779848608,R_100,342.29
1779848610,R_100,342.3
1779848612,R_100,342.19
1779848614,R_100,342.22
1779848616,R_100,342.13
1779848618,R_100,342.06
1779848620,R_100,342.09
1779848622,R_100,342.15
1779848624,R_100,342.25
1779848626,R_100,342.16
1779848628,R_100,342.21
1779848630,R_100,342.24
1779848632,R_100,342.08
1779848634,R_100,342.05
1779848636,R_100,341.97
1779848638,R_100,342
1779848640,R_100,342.05
1779848642,R_100,342.1
1779848644,R_100,342.05
1779848646,R_100,342.09
1779848648,R_100,342.04
1779848650,R_100,342.05
1779848652,R_100,342.02
1779848654,R_100,341.97
1779848656,R_100,341.82
1779848658,R_100,341.92
1779848660,R_100,341.84
1779848662,R_100,341.86
1779848664,R_100,341.82
1779848666,R_100,342.16
1779848668,R_100,342.26
1779848670,R_100,342.36
1779848672,R_100,342.25
1779848674,R_100,342.19
1779848676,R_100,342.12
1779848678,R_100,342.18
1779848680,R_100,342.19
1779848682,R_100,342.24
1779848684,R_100,342.11
1779848686,R_100,342.16
1779848688,R_100,342.17
1779848690,R_100,342.03
1779848692,R_100,341.95
1779848694,R_100,342.08
1779848696,R_100,342.12
1779848698,R_100,342.11
1779848700,R_100,341.95
1779848702,R_100,341.95
1779848704,R_100,341.95
1779848706,R_100,342.01
1779848708,R_100,342.06
1779848710,R_100,342.14
1779848712,R_100,342.11
1779848714,R_100,342.08
1779848716,R_100,341.91
1779848718,R_100,341.85
1779848720,R_100,341.9
1779848722,R_100,341.89
1779848724,R_100,341.88
1779848726,R_100,341.92
1779848728,R_100,341.99
1779848730,R_100,342.02
1779848732,R_100,342.08
1779848734,R_100,342
1779848736,R_100,341.86
1779848738,R_100,341.95
1779848740,R_100,342.01
1779848742,R_100,341.96
1779848744,R_100,341.93
1779848746,R_100,341.79
1779848748,R_100,341.81
1779848750,R_100,341.75
1779848752,R_100,341.58
1779848754,R_100,341.53
1779848756,R_100,341.53
1779848758,R_100,341.58
1779848760,R_100,341.53
1779848762,R_100,341.69
1779848764,R_100,341.66
1779848766,R_100,341.8
1779848768,R_100,341.63
1779848770,R_100,341.73
1779848772,R_100,341.81
1779848774,R_100,341.93
1779848776,R_100,341.81
1779848778,R_100,341.76
1779848780,R_100,341.74
1779848782,R_100,341.66
1779848784,R_100,341.64
1779848786,R_100,341.58
1779848788,R_100,341.49
1779848790,R_100,341.6
1779848792,R_100,341.61
1779848794,R_100,341.46
1779848796,R_100,341.47
1779848798,R_100,341.43
1779848800,R_100,341.36
1779848802,R_100,341.38
1779848804,R_100,341.41
1779848806,R_100,341.35
1779848808,R_100,341.42
1779848810,R_100,341.54
1779848812,R_100,341.58
1779848814,R_100,341.51
1779848816,R_100,341.6
1779848818,R_100,341.53
1779848820,R_100,341.43
1779848822,R_100,341.37
1779848824,R_100,341.59
1779848826,R_100,341.59
1779848828,R_100,341.66
1779848830,R_100,341.53
1779848832,R_100,341.51
1779848834,R_100,341.5
1779848836,R_100,341.49
1779848838,R_100,341.44
1779848840,R_100,341.5
1779848842,R_100,341.61
1779848844,R_100,341.68
1779848846,R_100,341.65
1779848848,R_100,341.72
1779848850,R_100,341.72
1779848852,R_100,341.72
1779848854,R_100,341.65
1779848856,R_100,341.64
1779848858,R_100,341.66
1779848860,R_100,341.7
1779848862,R_100,341.73
1779848864,R_100,341.81
1779848866,R_100,341.8
1779848868,R_100,341.9
1779848870,R_100,341.8
1779848872,R_100,341.77
1779848874,R_100,341.86
1779848876,R_100,341.81
1779848878,R_100,341.65
1779848880,R_100,341.71
1779848882,R_100,341.76
1779848884,R_100,341.78
1779848886,R_100,341.9
1779848888,R_100,341.86
1779848890,R_100,341.78
1779848892,R_100,341.88
1779848894,R_100,342.08
1779848896,R_100,342.11
1779848898,R_100,342.11
1779848900,R_100,342.16
1779848902,R_100,342.18
1779848904,R_100,342.16
1779848906,R_100,342.2
1779848908,R_100,342.27
1779848910,R_100,342.39
1779848912,R_100,342.47
1779848914,R_100,342.44
1779848916,R_100,342.52
1779848918,R_100,342.35
1779848920,R_100,342.34
1779848922,R_100,342.37
1779848924,R_100,342.31
1779848926,R_100,342.26
1779848928,R_100,342.35
1779848930,R_100,342.28
1779848932,R_100,342.15
1779848934,R_100,342.27
1779848936,R_100,342.16
1779848938,R_100,342.18
1779848940,R_100,342.22
1779848942,R_100,342.25
1779848944,R_100,342.22
1779848946,R_100,342.28
1779848948,R_100,342.18
1779848950,R_100,342.27
1779848952,R_100,342.27
1779848954,R_100,342.44
1779848956,R_100,342.46
1779848958,R_100,342.45
1779848960,R_100,342.29
1779848962,R_100,342.35
1779848964,R_100,342.23
1779848966,R_100,342.12
1779848968,R_100,342.04
1779848970,R_100,342.19
1779848972,R_100,342.17
1779848974,R_100,342.14
1779848976,R_100,342.04
1779848978,R_100,342.05
1779848980,R_100,342.13
1779848982,R_100,341.89
1779848984,R_100,341.8
1779848986,R_100,341.65
1779848988,R_100,341.71
1779848990,R_100,341.75
1779848992,R_100,341.82
1779848994,R_100,341.71
1779848996,R_100,341.59
1779848998,R_100,341.61
1779849000,R_100,341.59
1779849002,R_100,341.67
1779849004,R_100,341.76
1779849006,R_100,341.76
1779849008,R_100,341.78
1779849010,R_100,341.74
1779849012,R_100,341.61
1779849014,R_100,341.6
1779849016,R_100,341.57
1779849018,R_100,341.38
1779849020,R_100,341.32
1779849022,R_100,341.33
1779849024,R_100,341.43
1779849026,R_100,341.44
1779849028,R_100,341.46
1779849030,R_100,341.51
1779849032,R_100,341.51
1779849034,R_100,341.57
1779849036,R_100,341.68
1779849038,R_100,341.62
1779849040,R_100,341.61
1779849042,R_100,341.53
1779849044,R_100,341.48
1779849046,R_100,341.55
1779849048,R_100,341.55
1779849050,R_100,341.38
1779849052,R_100,341.44
1779849054,R_100,341.52
1779849056,R_100,341.63
1779849058,R_100,341.71
1779849060,R_100,341.78
1779849062,R_100,341.77
1779849064,R_100,341.88
1779849066,R_100,341.89
1779849068,R_100,341.85
1779849070,R_100,341.77
1779849072,R_100,341.7
1779849074,R_100,341.59
1779849076,R_100,341.52
1779849078,R_100,341.48
1779849080,R_100,341.53
1779849082,R_100,341.55
1779849084,R_100,341.59
1779849086,R_100,341.82
1779849088,R_100,341.81
1779849090,R_100,341.7
1779849092,R_100,341.76
1779849094,R_100,341.83
1779849096,R_100,341.81
1779849098,R_100,341.8
1779849100,R_100,341.77
1779849102,R_100,341.71
1779849104,R_100,341.69
1779849106,R_100,341.73
1779849108,R_100,341.75
1779849110,R_100,341.73
1779849112,R_100,341.64
1779849114,R_100,341.63
1779849116,R_100,341.54
1779849118,R_100,341.52
1779849120,R_100,341.42
1779849122,R_100,341.39
1779849124,R_100,341.5
1779849126,R_100,341.47
1779849128,R_100,341.32
1779849130,R_100,341.27
1779849132,R_100,341.21
1779849134,R_100,341.07
1779849136,R_100,341.03
1779849138,R_100,341.01
1779849140,R_100,340.97
1779849142,R_100,340.89
1779849144,R_100,340.96
1779849146,R_100,341.12
1779849148,R_100,341.18
1779849150,R_100,340.99
1779849152,R_100,340.93
1779849154,R_100,340.98
1779849156,R_100,340.95
1779849158,R_100,340.92
1779849160,R_100,340.84
1779849162,R_100,340.83
1779849164,R_100,340.88
1779849166,R_100,340.7
1779849168,R_100,340.82
1779849170,R_100,340.82
1779849172,R_100,340.91
1779849174,R_100,340.95
1779849176,R_100,340.78
1779849178,R_100,340.8
1779849180,R_100,340.6
1779849182,R_100,340.56
1779849184,R_100,340.55
1779849186,R_100,340.63
1779849188,R_100,340.65
1779849190,R_100,340.54
1779849192,R_100,340.53
1779849194,R_100,340.43
1779849196,R_100,340.49
1779849198,R_100,340.51
1779849200,R_100,340.41
1779849202,R_100,340.33
1779849204,R_100,340.38
1779849206,R_100,340.43
1779849208,R_100,340.32
1779849210,R_100,340.39
1779849212,R_100,340.45
1779849214,R_100,340.42
1779849216,R_100,340.45
1779849218,R_100,340.44
1779849220,R_100,340.32
1779849222,R_100,340.4
1779849224,R_100,340.34
1779849226,R_100,340.38
1779849228,R_100,340.38
1779849230,R_100,340.37
1779849232,R_100,340.4
1779849234,R_100,340.35
1779849236,R_100,340.3
1779849238,R_100,340.14
1779849240,R_100,340.16
1779849242,R_100,340.18
1779849244,R_100,340.17
1779849246,R_100,340.29
1779849248,R_100,340.29
1779849250,R_100,340.15
1779849252,R_100,340.08
1779849254,R_100,340.04
1779849256,R_100,340.2
1779849258,R_100,340.34
1779849260,R_100,340.27
1779849262,R_100,340.28
1779849264,R_100,340.1
1779849266,R_100,340.02
1779849268,R_100,339.99
1779849270,R_100,339.95
1779849272,R_100,339.89
1779849274,R_100,339.97
1779849276,R_100,339.94
1779849278,R_100,340.04
1779849280,R_100,340.04
1779849282,R_100,340.1
1779849284,R_100,340.03
1779849286,R_100,339.89
1779849288,R_100,339.9
1779849290,R_100,339.79
1779849292,R_100,339.78
1779849294,R_100,339.66
1779849296,R_100,339.64
1779849298,R_100,339.66
1779849300,R_100,339.61
1779849302,R_100,339.6
1779849304,R_100,339.7
1779849306,R_100,339.7
1779849308,R_100,339.48
1779849310,R_100,339.49
1779849312,R_100,339.46
1779849314,R_100,339.39
1779849316,R_100,339.4
1779849318,R_100,339.38
1779849320,R_100,339.28
1779849322,R_100,339.17
1779849324,R_100,339.16
1779849326,R_100,339.25
1779849328,R_100,339.31
1779849330,R_100,339.22
1779849332,R_100,339.23
1779849334,R_100,339.21
1779849336,R_100,339.46
1779849338,R_100,339.49
1779849340,R_100,339.52
1779849342,R_100,339.56
1779849344,R_100,339.58
1779849346,R_100,339.43
1779849348,R_100,339.36
1779849350,R_100,339.32
1779849352,R_100,339.12
1779849354,R_100,339.13
1779849356,R_100,339.12
1779849358,R_100,339.23
1779849360,R_100,339.24
1779849362,R_100,339.1
1779849364,R_100,339.21
1779849366,R_100,339.24
1779849368,R_100,339.29
1779849370,R_100,339.32
1779849372,R_100,339.29
1779849374,R_100,339.14
1779849376,R_100,339.2
1779849378,R_100,339.1
1779849380,R_100,339.17
1779849382,R_100,339.14
1779849384,R_100,339.11
1779849386,R_100,339
1779849388,R_100,338.91
1779849390,R_100,338.73
1779849392,R_100,338.72
1779849394,R_100,338.6
1779849396,R_100,338.62
1779849398,R_100,338.65
1779849400,R_100,338.53
1779849402,R_100,338.58
1779849404,R_100,338.59
1779849406,R_100,338.61
1779849408,R_100,338.63
1779849410,R_100,338.38
1779849412,R_100,338.43
1779849414,R_100,338.39
1779849416,R_100,338.3
1779849418,R_100,338.24
1779849420,R_100,338.26
1779849422,R_100,338.35
1779849424,R_100,338.22
1779849426,R_100,338.29
1779849428,R_100,338.22
1779849430,R_100,338.25
1779849432,R_100,338.28
1779849434,R_100,338.3
1779849436,R_100,338.43
1779849438,R_100,338.5
1779849440,R_100,338.49
1779849442,R_100,338.56
1779849444,R_100,338.4
1779849446,R_100,338.27
1779849448,R_100,338.09
1779849450,R_100,338.02
1779849452,R_100,337.97
1779849454,R_100,338.04
1779849456,R_100,338.14
1779849458,R_100,337.95
1779849460,R_100,338.05
1779849462,R_100,337.96
1779849464,R_100,337.94
1779849466,R_100,338.06
1779849468,R_100,338.21
1779849470,R_100,338.33
1779849472,R_100,338.32
1779849474,R_100,338.15
1779849476,R_100,338.09
1779849478,R_100,338.19
1779849480,R_100,338.3
1779849482,R_100,338.31
1779849484,R_100,338.23
1779849486,R_100,338.25
1779849488,R_100,338.23
1779849490,R_100,338.2
1779849492,R_100,338.22
1779849494,R_100,338.28
1779849496,R_100,338.31
1779849498,R_100,338.26
1779849500,R_100,338.15
1779849502,R_100,338.16
1779849504,R_100,338.29
1779849506,R_100,338.3
1779849508,R_100,338.19
1779849510,R_100,338.15
1779849512,R_100,338.06
1779849514,R_100,338.29
1779849516,R_100,338.32
1779849518,R_100,338.36
1779849520,R_100,338.28
1779849522,R_100,338.38
1779849524,R_100,338.37
1779849526,R_100,338.28
1779849528,R_100,338.21
1779849530,R_100,338.07
1779849532,R_100,338.04
1779849534,R_100,338.06
1779849536,R_100,338.22
1779849538,R_100,338.15
1779849540,R_100,338.15
1779849542,R_100,338.11
1779849544,R_100,338.17
1779849546,R_100,338.18
1779849548,R_100,338.14
1779849550,R_100,338.23
1779849552,R_100,338.3
1779849554,R_100,338.2
1779849556,R_100,338.18
1779849558,R_100,338.04
1779849560,R_100,337.96
1779849562,R_100,337.9
1779849564,R_100,337.96
1779849566,R_100,337.86
1779849568,R_100,337.8
1779849570,R_100,337.81
1779849572,R_100,337.96
1779849574,R_100,338.12
1779849576,R_100,338.11
1779849578,R_100,338.12
1779849580,R_100,338.26
1779849582,R_100,338.13
1779849584,R_100,338.01
1779849586,R_100,337.94
1779849588,R_100,337.99
1779849590,R_100,337.93
1779849592,R_100,337.97
1779849594,R_100,337.99
1779849596,R_100,337.98
1779849598,R_100,337.97
1779849600,R_100,338.04
1779849602,R_100,338.04
1779849604,R_100,338.01
1779849606,R_100,338.01
1779849608,R_100,338.01
1779849610,R_100,338.11
1779849612,R_100,338.08
1779849614,R_100,338.2
1779849616,R_100,338.03
1779849618,R_100,338.03
1779849620,R_100,338.1
1779849622,R_100,338.14
1779849624,R_100,338.22
1779849626,R_100,338.25
1779849628,R_100,338.2
1779849630,R_100,338.28
1779849632,R_100,338.48
1779849634,R_100,338.5
1779849636,R_100,338.46
1779849638,R_100,338.55
1779849640,R_100,338.46
1779849642,R_100,338.7
1779849644,R_100,338.79
1779849646,R_100,338.81
1779849648,R_100,338.81
1779849650,R_100,338.66
1779849652,R_100,338.78
1779849654,R_100,338.86
1779849656,R_100,338.88
1779849658,R_100,339.07
1779849660,R_100,339.06
1779849662,R_100,338.98
1779849664,R_100,338.84
1779849666,R_100,338.81
1779849668,R_100,338.89
1779849670,R_100,338.92
1779849672,R_100,338.9
1779849674,R_100,338.97
1779849676,R_100,339.1
1779849678,R_100,339.13
1779849680,R_100,339.25
1779849682,R_100,339.38
1779849684,R_100,339.29
1779849686,R_100,339.44
1779849688,R_100,339.32
1779849690,R_100,339.41
1779849692,R_100,339.3
1779849694,R_100,339.31
1779849696,R_100,339.25
1779849698,R_100,339.36
1779849700,R_100,339.4
1779849702,R_100,339.4
1779849704,R_100,339.42
1779849706,R_100,339.36
1779849708,R_100,339.35
1779849710,R_100,339.31
1779849712,R_100,339.36
1779849714,R_100,339.32
1779849716,R_100,339.39
1779849718,R_100,339.31
1779849720,R_100,339.43
1779849722,R_100,339.56
1779849724,R_100,339.54
1779849726,R_100,339.59
1779849728,R_100,339.58
1779849730,R_100,339.62
1779849732,R_100,339.54
1779849734,R_100,339.43
1779849736,R_100,339.49
1779849738,R_100,339.56
1779849740,R_100,339.62
1779849742,R_100,339.61
1779849744,R_100,339.6
1779849746,R_100,339.68
1779849748,R_100,339.63
1779849750,R_100,339.73
1779849752,R_100,339.81
1779849754,R_100,339.81
1779849756,R_100,339.77
1779849758,R_100,339.63
1779849760,R_100,339.46
1779849762,R_100,339.29
1779849764,R_100,339.32
1779849766,R_100,339.23
1779849768,R_100,339.21
1779849770,R_100,339.05
1779849772,R_100,338.95
1779849774,R_100,338.9
1779849776,R_100,338.93
1779849778,R_100,339
1779849780,R_100,339.11
1779849782,R_100,339.13
1779849784,R_100,339.22
1779849786,R_100,339.33
1779849788,R_100,339.2
1779849790,R_100,339.25
1779849792,R_100,339.34
1779849794,R_100,339.29
1779849796,R_100,339.23
1779849798,R_100,339.14
1779849800,R_100,339.11
1779849802,R_100,339.06
1779849804,R_100,339.06
1779849806,R_100,338.94
1779849808,R_100,338.94
1779849810,R_100,338.9
1779849812,R_100,338.9
1779849814,R_100,338.95
1779849816,R_100,338.96
1779849818,R_100,338.98
1779849820,R_100,339.01
1779849822,R_100,339.01
1779849824,R_100,339.17
1779849826,R_100,339.22
1779849828,R_100,339.23
1779849830,R_100,339.35
1779849832,R_100,339.47
1779849834,R_100,339.52
1779849836,R_100,339.52
1779849838,R_100,339.56
1779849840,R_100,339.58
1779849842,R_100,339.49
1779849844,R_100,339.54
1779849846,R_100,339.72
1779849848,R_100,339.68
1779849850,R_100,339.77
1779849852,R_100,339.82
1779849854,R_100,339.87
1779849856,R_100,340.02
1779849858,R_100,339.96
1779849860,R_100,340.02
1779849862,R_100,339.93
1779849864,R_100,339.95
1779849866,R_100,340.08
1779849868,R_100,340.14
1779849870,R_100,340.16
1779849872,R_100,340.11
1779849874,R_100,340.27
1779849876,R_100,340.33
1779849878,R_100,340.25
1779849880,R_100,340.41
1779849882,R_100,340.32
1779849884,R_100,340.33
1779849886,R_100,340.31
1779849888,R_100,340.37
1779849890,R_100,340.39
1779849892,R_100,340.23
1779849894,R_100,340.26
1779849896,R_100,340.09
1779849898,R_100,339.99
1779849900,R_100,340.06
1779849902,R_100,340.15
1779849904,R_100,340.13
1779849906,R_100,340.06
1779849908,R_100,340.16
1779849910,R_100,340.15
1779849912,R_100,340.12
1779849914,R_100,340.03
1779849916,R_100,340.08
1779849918,R_100,340.17
1779849920,R_100,340.06
1779849922,R_100,340.1
1779849924,R_100,340.16
1779849926,R_100,339.94
1779849928,R_100,340.04
1779849930,R_100,340.09
1779849932,R_100,340.21
1779849934,R_100,340.21
1779849936,R_100,340.28
1779849938,R_100,340.33
1779849940,R_100,340.52
1779849942,R_100,340.53
1779849944,R_100,340.56
1779849946,R_100,340.62
1779849948,R_100,340.47
1779849950,R_100,340.3
1779849952,R_100,340.35
1779849954,R_100,340.45
1779849956,R_100,340.43
1779849958,R_100,340.48
1779849960,R_100,340.51
1779849962,R_100,340.41
1779849964,R_100,340.3
1779849966,R_100,340.41
1779849968,R_100,340.3
1779849970,R_100,340.22
1779849972,R_100,340.4
1779849974,R_100,340.37
1779849976,R_100,340.34
1779849978,R_100,340.42
1779849980,R_100,340.47
1779849982,R_100,340.41
1779849984,R_100,340.39
1779849986,R_100,340.44
1779849988,R_100,340.32
1779849990,R_100,340.35
1779849992,R_100,340.34
1779849994,R_100,340.52
1779849996,R_100,340.56
1779849998,R_100,340.48
1779850000,R_100,340.41
1779850002,R_100,340.27
1779850004,R_100,340.43
1779850006,R_100,340.5
1779850008,R_100,340.46
1779850010,R_100,340.51
1779850012,R_100,340.59
1779850014,R_100,340.61
1779850016,R_100,340.58
1779850018,R_100,340.44
1779850020,R_100,340.41
1779850022,R_100,340.45
1779850024,R_100,340.57
1779850026,R_100,340.56
1779850028,R_100,340.62
1779850030,R_100,340.55
1779850032,R_100,340.42
1779850034,R_100,340.39
1779850036,R_100,340.32
1779850038,R_100,340.28
1779850040,R_100,340.29
1779850042,R_100,340.24
1779850044,R_100,339.99
1779850046,R_100,340.09
1779850048,R_100,340.13
1779850050,R_100,340.18
1779850052,R_100,340.09
1779850054,R_100,340.11
1779850056,R_100,340.08
1779850058,R_100,340.12
1779850060,R_100,340
1779850062,R_100,339.85
1779850064,R_100,339.9
1779850066,R_100,340.03
1779850068,R_100,339.98
1779850070,R_100,340.01
1779850072,R_100,339.99
1779850074,R_100,340.01
1779850076,R_100,340.01
1779850078,R_100,339.84
1779850080,R_100,339.93
1779850082,R_100,339.87
1779850084,R_100,340.04
1779850086,R_100,340.03
1779850088,R_100,340.11
1779850090,R_100,340.04
1779850092,R_100,339.96
1779850094,R_100,339.83
1779850096,R_100,339.93
1779850098,R_100,340.09
1779850100,R_100,340.12
1779850102,R_100,340.17
1779850104,R_100,340.33
1779850106,R_100,340.42
1779850108,R_100,340.4
1779850110,R_100,340.28
1779850112,R_100,340.28
1779850114,R_100,340.24
1779850116,R_100,340.28
1779850118,R_100,340.36
1779850120,R_100,340.3
1779850122,R_100,340.34
1779850124,R_100,340.37
1779850126,R_100,340.37
1779850128,R_100,340.32
1779850130,R_100,340.34
1779850132,R_100,340.39
1779850134,R_100,340.4
1779850136,R_100,340.47
1779850138,R_100,340.44
1779850140,R_100,340.36
1779850142,R_100,340.4
1779850144,R_100,340.55
1779850146,R_100,340.47
1779850148,R_100,340.44
1779850150,R_100,340.48
1779850152,R_100,340.59
1779850154,R_100,340.56
1779850156,R_100,340.5
1779850158,R_100,340.29
1779850160,R_100,340.3
1779850162,R_100,340.32
1779850164,R_100,340.32
1779850166,R_100,340.3
1779850168,R_100,340.31
1779850170,R_100,340.37
1779850172,R_100,340.36
1779850174,R_100,340.25
1779850176,R_100,340.25
1779850178,R_100,340.31
1779850180,R_100,340.34
1779850182,R_100,340.38
1779850184,R_100,340.46
1779850186,R_100,340.45
1779850188,R_100,340.26
1779850190,R_100,340.36
1779850192,R_100,340.29
1779850194,R_100,340.34
1779850196,R_100,340.41
1779850198,R_100,340.47
1779850200,R_100,340.46
1779850202,R_100,340.48
1779850204,R_100,340.51
1779850206,R_100,340.55
1779850208,R_100,340.51
1779850210,R_100,340.55
1779850212,R_100,340.51
1779850214,R_100,340.67
1779850216,R_100,340.55
1779850218,R_100,340.49
1779850220,R_100,340.51
1779850222,R_100,340.47
1779850224,R_100,340.44
1779850226,R_100,340.37
1779850228,R_100,340.38
1779850230,R_100,340.34
1779850232,R_100,340.41
1779850234,R_100,340.33
1779850236,R_100,340.46
1779850238,R_100,340.38
1779850240,R_100,340.31
1779850242,R_100,340.3
1779850244,R_100,340.21
1779850246,R_100,340.17
1779850248,R_100,340.27
1779850250,R_100,340.31
1779850252,R_100,340.22
1779850254,R_100,340.14
1779850256,R_100,340.04
1779850258,R_100,340.09
1779850260,R_100,340.07
1779850262,R_100,339.89
1779850264,R_100,339.84
1779850266,R_100,339.8
1779850268,R_100,339.87
1779850270,R_100,340.01
1779850272,R_100,339.85
1779850274,R_100,339.71
1779850276,R_100,339.71
1779850278,R_100,339.77
1779850280,R_100,339.68
1779850282,R_100,339.66
1779850284,R_100,339.62
1779850286,R_100,339.66
1779850288,R_100,339.58
1779850290,R_100,339.52
1779850292,R_100,339.52
1779850294,R_100,339.51
1779850296,R_100,339.49
1779850298,R_100,339.59
1779850300,R_100,339.59
1779850302,R_100,339.55
1779850304,R_100,339.6
1779850306,R_100,339.48
1779850308,R_100,339.46
1779850310,R_100,339.39
1779850312,R_100,339.44
1779850314,R_100,339.33
1779850316,R_100,339.38
1779850318,R_100,339.37
1779850320,R_100,339.36
1779850322,R_100,339.42
1779850324,R_100,339.51
1779850326,R_100,339.49
1779850328,R_100,339.39
1779850330,R_100,339.26
1779850332,R_100,339.26
1779850334,R_100,339.3
1779850336,R_100,339.37
1779850338,R_100,339.36
1779850340,R_100,339.37
1779850342,R_100,339.28
1779850344,R_100,339.26
1779850346,R_100,339.38
1779850348,R_100,339.29
1779850350,R_100,339.34
1779850352,R_100,339.24
1779850354,R_100,339.09
1779850356,R_100,339.03
1779850358,R_100,338.97
1779850360,R_100,339.05
1779850362,R_100,339
1779850364,R_100,339.04
1779850366,R_100,338.99
1779850368,R_100,339.07
1779850370,R_100,339.02
1779850372,R_100,339.09
1779850374,R_100,339.07
1779850376,R_100,339.06
1779850378,R_100,339.1
1779850380,R_100,339.09
1779850382,R_100,339.2
1779850384,R_100,339.19
1779850386,R_100,339.25
1779850388,R_100,339.3
1779850390,R_100,339.39
1779850392,R_100,339.33
1779850394,R_100,339.2
1779850396,R_100,339.23
1779850398,R_100,339.23
1779850400,R_100,339.29
1779850402,R_100,339.21
1779850404,R_100,339.46
1779850406,R_100,339.51
1779850408,R_100,339.54
1779850410,R_100,339.41
1779850412,R_100,339.41
1779850414,R_100,339.33
1779850416,R_100,339.34
1779850418,R_100,339.36
1779850420,R_100,339.44
1779850422,R_100,339.35
1779850424,R_100,339.52
1779850426,R_100,339.59
1779850428,R_100,339.74
1779850430,R_100,339.77
1779850432,R_100,339.76
1779850434,R_100,339.81
1779850436,R_100,339.8
1779850438,R_100,339.79
1779850440,R_100,339.78
1779850442,R_100,339.85
1779850444,R_100,339.85
1779850446,R_100,339.79
1779850448,R_100,339.79
1779850450,R_100,339.84
1779850452,R_100,339.8
1779850454,R_100,339.83
1779850456,R_100,339.98
1779850458,R_100,339.94
1779850460,R_100,340.03
1779850462,R_100,339.99
1779850464,R_100,339.91
1779850466,R_100,339.8
1779850468,R_100,339.81
1779850470,R_100,339.77
1779850472,R_100,339.79
1779850474,R_100,339.9
1779850476,R_100,339.86
1779850478,R_100,339.9
1779850480,R_100,339.85
1779850482,R_100,339.77
1779850484,R_100,339.69
1779850486,R_100,339.6
1779850488,R_100,339.62
1779850490,R_100,339.48
1779850492,R_100,339.43
1779850494,R_100,339.47
1779850496,R_100,339.6
1779850498,R_100,339.55
1779850500,R_100,339.68
1779850502,R_100,339.79
1779850504,R_100,339.77
1779850506,R_100,339.78
1779850508,R_100,339.99
1779850510,R_100,340.09
1779850512,R_100,340.04
1779850514,R_100,340.05
1779850516,R_100,340.1
1779850518,R_100,340.02
1779850520,R_100,339.95
1779850522,R_100,339.86
1779850524,R_100,339.95
1779850526,R_100,339.93
1779850528,R_100,339.85
1779850530,R_100,339.9
1779850532,R_100,339.87
1779850534,R_100,339.9
1779850536,R_100,339.76
1779850538,R_100,339.75
1779850540,R_100,339.74
1779850542,R_100,339.79
1779850544,R_100,339.78
1779850546,R_100,339.79
1779850548,R_100,339.66
1779850550,R_100,339.78
1779850552,R_100,339.79
1779850554,R_100,339.83
1779850556,R_100,339.77
1779850558,R_100,339.8
1779850560,R_100,339.8
1779850562,R_100,339.72
1779850564,R_100,339.61
1779850566,R_100,339.55
1779850568,R_100,339.52
1779850570,R_100,339.54
1779850572,R_100,339.45
1779850574,R_100,339.43
1779850576,R_100,339.51
1779850578,R_100,339.45
1779850580,R_100,339.29
1779850582,R_100,339.3
1779850584,R_100,339.36
1779850586,R_100,339.37
1779850588,R_100,339.33
1779850590,R_100,339.35
1779850592,R_100,339.34
1779850594,R_100,339.43
1779850596,R_100,339.29
1779850598,R_100,339.28
1779850600,R_100,339.41
1779850602,R_100,339.43
1779850604,R_100,339.6
1779850606,R_100,339.55
1779850608,R_100,339.44
1779850610,R_100,339.4
1779850612,R_100,339.46
1779850614,R_100,339.6
1779850616,R_100,339.52
1779850618,R_100,339.62
1779850620,R_100,339.61
1779850622,R_100,339.59
1779850624,R_100,339.65
1779850626,R_100,339.8
1779850628,R_100,339.8
1779850630,R_100,339.79
1779850632,R_100,339.75
1779850634,R_100,339.83
1779850636,R_100,339.95
1779850638,R_100,340.05
1779850640,R_100,340.29
1779850642,R_100,340.41
1779850644,R_100,340.6
1779850646,R_100,340.58
1779850648,R_100,340.5
1779850650,R_100,340.42
1779850652,R_100,340.47
1779850654,R_100,340.45
1779850656,R_100,340.4
1779850658,R_100,340.31
1779850660,R_100,340.3
1779850662,R_100,340.26
1779850664,R_100,340.42
1779850666,R_100,340.3
1779850668,R_100,340.24
1779850670,R_100,340.31
1779850672,R_100,340.34
1779850674,R_100,340.25
1779850676,R_100,340.42
1779850678,R_100,340.44
1779850680,R_100,340.33
1779850682,R_100,340.2
1779850684,R_100,340.04
1779850686,R_100,339.92
1779850688,R_100,339.94
1779850690,R_100,339.72
1779850692,R_100,339.69
1779850694,R_100,339.82
1779850696,R_100,339.67
1779850698,R_100,339.72
1779850700,R_100,339.77
1779850702,R_100,339.88
1779850704,R_100,339.77
1779850706,R_100,339.83
1779850708,R_100,339.84
1779850710,R_100,339.75
1779850712,R_100,339.63
1779850714,R_100,339.67
1779850716,R_100,339.55
1779850718,R_100,339.46
1779850720,R_100,339.66
1779850722,R_100,339.62
1779850724,R_100,339.68
1779850726,R_100,339.64
1779850728,R_100,339.75
1779850730,R_100,339.75
1779850732,R_100,339.74
1779850734,R_100,339.74
1779850736,R_100,339.54
1779850738,R_100,339.56
1779850740,R_100,339.57
1779850742,R_100,339.51
1779850744,R_100,339.47
1779850746,R_100,339.55
1779850748,R_100,339.48
1779850750,R_100,339.45
1779850752,R_100,339.42
1779850754,R_100,339.43
1779850756,R_100,339.47
1779850758,R_100,339.27
1779850760,R_100,339.18
1779850762,R_100,339.4
1779850764,R_100,339.4
1779850766,R_100,339.42
1779850768,R_100,339.45
1779850770,R_100,339.39
1779850772,R_100,339.32
1779850774,R_100,339.34
1779850776,R_100,339.34
1779850778,R_100,339.18
1779850780,R_100,339.16
1779850782,R_100,339.05
1779850784,R_100,339.08
1779850786,R_100,339.09
1779850788,R_100,339.11
1779850790,R_100,339.22
1779850792,R_100,339.08
1779850794,R_100,339
1779850796,R_100,338.89
1779850798,R_100,338.84
1779850800,R_100,338.67
1779850802,R_100,338.74
1779850804,R_100,338.75
1779850806,R_100,338.62
1779850808,R_100,338.57
1779850810,R_100,338.56
1779850812,R_100,338.66
1779850814,R_100,338.59
1779850816,R_100,338.6
1779850818,R_100,338.42
1779850820,R_100,338.44
1779850822,R_100,338.58
1779850824,R_100,338.57
1779850826,R_100,338.64
1779850828,R_100,338.69
1779850830,R_100,338.78
1779850832,R_100,338.67
1779850834,R_100,338.63
1779850836,R_100,338.78
1779850838,R_100,338.9
1779850840,R_100,338.89
1779850842,R_100,338.98
1779850844,R_100,339.02
1779850846,R_100,339.05
1779850848,R_100,338.91
1779850850,R_100,338.78
1779850852,R_100,338.65
1779850854,R_100,338.53
1779850856,R_100,338.43
1779850858,R_100,338.3
1779850860,R_100,338.46
1779850862,R_100,338.34
1779850864,R_100,338.24
1779850866,R_100,338.18
1779850868,R_100,338.24
1779850870,R_100,338.17
1779850872,R_100,338.26
1779850874,R_100,338.21
1779850876,R_100,338.14
1779850878,R_100,338.17
1779850880,R_100,338.24
1779850882,R_100,338.17
1779850884,R_100,338.18
1779850886,R_100,338.29
1779850888,R_100,338.3
1779850890,R_100,338.26
1779850892,R_100,338.21
1779850894,R_100,338.16
1779850896,R_100,338.27
1779850898,R_100,338.35
1779850900,R_100,338.44
1779850902,R_100,338.53
1779850904,R_100,338.44
1779850906,R_100,338.5
1779850908,R_100,338.35
1779850910,R_100,338.3
1779850912,R_100,338.31
1779850914,R_100,338.32
1779850916,R_100,338.45
1779850918,R_100,338.37
1779850920,R_100,338.38
1779850922,R_100,338.19
1779850924,R_100,338.23
1779850926,R_100,338.27
1779850928,R_100,338.07
1779850930,R_100,338.1
1779850932,R_100,338.02
1779850934,R_100,337.87
1779850936,R_100,337.84
1779850938,R_100,337.89
1779850940,R_100,338.04
1779850942,R_100,338.14
1779850944,R_100,338.07
1779850946,R_100,338.07
1779850948,R_100,338.05
1779850950,R_100,338.1
1779850952,R_100,337.93
1779850954,R_100,337.77
1779850956,R_100,337.77
1779850958,R_100,337.85
1779850960,R_100,337.9
1779850962,R_100,338
1779850964,R_100,337.99
1779850966,R_100,338.28
1779850968,R_100,338.43
1779850970,R_100,338.26
1779850972,R_100,338.29
1779850974,R_100,338.41
1779850976,R_100,338.27
1779850978,R_100,338.34
1779850980,R_100,338.34
1779850982,R_100,338.22
1779850984,R_100,338.2
1779850986,R_100,338.19
1779850988,R_100,338.15
1779850990,R_100,338.19
1779850992,R_100,338.08
1779850994,R_100,337.98
1779850996,R_100,338.16
1779850998,R_100,338.17
1779851000,R_100,338.14
1779851002,R_100,338.07
1779851004,R_100,338.13
1779851006,R_100,338.12
1779851008,R_100,338.11
1779851010,R_100,338.15
1779851012,R_100,338.03
1779851014,R_100,337.9
1779851016,R_100,337.93
1779851018,R_100,337.85
1779851020,R_100,337.83
1779851022,R_100,337.74
1779851024,R_100,337.61
1779851026,R_100,337.68
1779851028,R_100,337.6
1779851030,R_100,337.68
1779851032,R_100,337.68
1779851034,R_100,337.7
1779851036,R_100,337.64
1779851038,R_100,337.62
1779851040,R_100,337.64
1779851042,R_100,337.68
1779851044,R_100,337.75
1779851046,R_100,337.68
1779851048,R_100,337.82
1779851050,R_100,337.74
1779851052,R_100,337.74
1779851054,R_100,337.69
1779851056,R_100,337.67
1779851058,R_100,337.59
1779851060,R_100,337.51
1779851062,R_100,337.49
1779851064,R_100,337.4
1779851066,R_100,337.48
1779851068,R_100,337.41
1779851070,R_100,337.46
1779851072,R_100,337.55
1779851074,R_100,337.66
1779851076,R_100,337.7
1779851078,R_100,337.72
1779851080,R_100,337.72
1779851082,R_100,337.67
1779851084,R_100,337.69
1779851086,R_100,337.7
1779851088,R_100,337.83
1779851090,R_100,337.92
1779851092,R_100,337.96
1779851094,R_100,337.94
1779851096,R_100,337.93
1779851098,R_100,337.92
1779851100,R_100,337.75
1779851102,R_100,337.63
1779851104,R_100,337.72
1779851106,R_100,337.77
1779851108,R_100,337.83
1779851110,R_100,337.86
1779851112,R_100,337.77
1779851114,R_100,337.8
1779851116,R_100,337.74
1779851118,R_100,337.64
1779851120,R_100,337.59
1779851122,R_100,337.66
1779851124,R_100,337.67
1779851126,R_100,337.54
1779851128,R_100,337.53
1779851130,R_100,337.6
1779851132,R_100,337.65
1779851134,R_100,337.69
1779851136,R_100,337.83
1779851138,R_100,338.03
1779851140,R_100,338.01
1779851142,R_100,338.07
1779851144,R_100,337.98
1779851146,R_100,337.94
1779851148,R_100,337.96
1779851150,R_100,337.96
1779851152,R_100,337.81
1779851154,R_100,337.76
1779851156,R_100,337.82
1779851158,R_100,337.8
1779851160,R_100,337.87
1779851162,R_100,337.92
1779851164,R_100,337.93
1779851166,R_100,337.85
1779851168,R_100,337.84
1779851170,R_100,337.81
1779851172,R_100,337.7
1779851174,R_100,337.78
1779851176,R_100,337.87
1779851178,R_100,337.73
1779851180,R_100,337.71
1779851182,R_100,337.8
1779851184,R_100,337.74
1779851186,R_100,337.7
1779851188,R_100,337.74
1779851190,R_100,337.74
1779851192,R_100,337.82
1779851194,R_100,337.81
1779851196,R_100,337.72
1779851198,R_100,337.71
1779851200,R_100,337.76
1779851202,R_100,337.63
1779851204,R_100,337.65
1779851206,R_100,337.68
1779851208,R_100,337.65
1779851210,R_100,337.55
1779851212,R_100,337.61
1779851214,R_100,337.59
1779851216,R_100,337.44
1779851218,R_100,337.51
1779851220,R_100,337.58
1779851222,R_100,337.57
1779851224,R_100,337.48
1779851226,R_100,337.37
1779851228,R_100,337.48
1779851230,R_100,337.58
1779851232,R_100,337.62
1779851234,R_100,337.59
1779851236,R_100,337.55
1779851238,R_100,337.56
1779851240,R_100,337.51
1779851242,R_100,337.38
1779851244,R_100,337.46
1779851246,R_100,337.49
1779851248,R_100,337.51
1779851250,R_100,337.56
1779851252,R_100,337.62
1779851254,R_100,337.54
1779851256,R_100,337.61
1779851258,R_100,337.54
1779851260,R_100,337.47
1779851262,R_100,337.51
1779851264,R_100,337.51
1779851266,R_100,337.65
1779851268,R_100,337.45
1779851270,R_100,337.55
1779851272,R_100,337.43
1779851274,R_100,337.54
1779851276,R_100,337.7
1779851278,R_100,337.72
1779851280,R_100,337.72
1779851282,R_100,337.74
1779851284,R_100,337.7
1779851286,R_100,337.7
1779851288,R_100,337.69
1779851290,R_100,337.66
1779851292,R_100,337.59
1779851294,R_100,337.58
1779851296,R_100,337.49
1779851298,R_100,337.49
1779851300,R_100,337.57
1779851302,R_100,337.55
1779851304,R_100,337.53
1779851306,R_100,337.55
1779851308,R_100,337.46
1779851310,R_100,337.46
1779851312,R_100,337.49
1779851314,R_100,337.58
1779851316,R_100,337.57
1779851318,R_100,337.72
1779851320,R_100,337.8
1779851322,R_100,337.74
1779851324,R_100,337.84
1779851326,R_100,337.85
1779851328,R_100,337.76
1779851330,R_100,337.81
1779851332,R_100,337.8
1779851334,R_100,337.87
1779851336,R_100,337.75
1779851338,R_100,337.66
1779851340,R_100,337.79
1779851342,R_100,337.82
1779851344,R_100,337.88
1779851346,R_100,337.86
1779851348,R_100,337.86
1779851350,R_100,337.99
1779851352,R_100,337.99
1779851354,R_100,338.14
1779851356,R_100,338.25
1779851358,R_100,338.35
1779851360,R_100,338.32
1779851362,R_100,338.31
1779851364,R_100,338.21
1779851366,R_100,338.21
1779851368,R_100,338.25
1779851370,R_100,338.19
1779851372,R_100,338.28
1779851374,R_100,338.23
1779851376,R_100,338.24
1779851378,R_100,338.36
1779851380,R_100,338.39
1779851382,R_100,338.53
1779851384,R_100,338.56
1779851386,R_100,338.62
1779851388,R_100,338.68
1779851390,R_100,338.72
1779851392,R_100,338.59
1779851394,R_100,338.68
1779851396,R_100,338.68
1779851398,R_100,338.77
1779851400,R_100,338.82
1779851402,R_100,338.78
1779851404,R_100,338.93
1779851406,R_100,338.94
1779851408,R_100,338.97
1779851410,R_100,339.03
1779851412,R_100,339.01
1779851414,R_100,338.92
1779851416,R_100,338.8
1779851418,R_100,338.9
1779851420,R_100,338.82
1779851422,R_100,338.84
1779851424,R_100,338.74
1779851426,R_100,338.88
1779851428,R_100,338.99
1779851430,R_100,338.97
1779851432,R_100,338.88
1779851434,R_100,339.06
1779851436,R_100,338.94
1779851438,R_100,338.87
1779851440,R_100,338.92
1779851442,R_100,338.8
1779851444,R_100,338.78
1779851446,R_100,338.62
1779851448,R_100,338.62
1779851450,R_100,338.53
1779851452,R_100,338.45
1779851454,R_100,338.35
1779851456,R_100,338.39
1779851458,R_100,338.36
1779851460,R_100,338.35
1779851462,R_100,338.41
1779851464,R_100,338.53
1779851466,R_100,338.6
1779851468,R_100,338.56
1779851470,R_100,338.53
1779851472,R_100,338.57
1779851474,R_100,338.52
1779851476,R_100,338.51
1779851478,R_100,338.54
1779851480,R_100,338.38
1779851482,R_100,338.42
1779851484,R_100,338.46
1779851486,R_100,338.47
1779851488,R_100,338.38
1779851490,R_100,338.5
1779851492,R_100,338.53
1779851494,R_100,338.45
1779851496,R_100,338.52
1779851498,R_100,338.6
1779851500,R_100,338.78
1779851502,R_100,338.77
1779851504,R_100,338.77
1779851506,R_100,338.76
1779851508,R_100,338.9
1779851510,R_100,338.85
1779851512,R_100,338.87
1779851514,R_100,338.75
1779851516,R_100,338.79
1779851518,R_100,338.79
1779851520,R_100,338.83
1779851522,R_100,338.86
1779851524,R_100,338.91
1779851526,R_100,338.96
1779851528,R_100,339.1
1779851530,R_100,339.24
1779851532,R_100,339.32
1779851534,R_100,339.25
1779851536,R_100,339.27
1779851538,R_100,339.08
1779851540,R_100,339.17
1779851542,R_100,339.31
1779851544,R_100,339.25
1779851546,R_100,339.19
1779851548,R_100,339.21
1779851550,R_100,339.1
1779851552,R_100,339.21
1779851554,R_100,339.36
1779851556,R_100,339.44
1779851558,R_100,339.31
1779851560,R_100,339.25
1779851562,R_100,339.28
1779851564,R_100,339.24
1779851566,R_100,339.21
1779851568,R_100,339.23
1779851570,R_100,339.28
1779851572,R_100,339.26
1779851574,R_100,339.29
1779851576,R_100,339.27
1779851578,R_100,339.39
1779851580,R_100,339.29
1779851582,R_100,339.2
1779851584,R_100,339.13
1779851586,R_100,339.14
1779851588,R_100,339.12
1779851590,R_100,339.08
1779851592,R_100,339.07
1779851594,R_100,339.07
1779851596,R_100,339.01
1779851598,R_100,338.96
1779851600,R_100,339.07
1779851602,R_100,338.92
1779851604,R_100,339.09
1779851606,R_100,339.05
1779851608,R_100,338.93
1779851610,R_100,338.99
1779851612,R_100,339.1
1779851614,R_100,339.14
1779851616,R_100,339.2
1779851618,R_100,339.08
1779851620,R_100,339.12
1779851622,R_100,339.09
1779851624,R_100,339.08
1779851626,R_100,339.06
1779851628,R_100,339.05
1779851630,R_100,339.02
1779851632,R_100,339
1779851634,R_100,339
1779851636,R_100,339.01
1779851638,R_100,339.07
1779851640,R_100,338.97
1779851642,R_100,338.89
1779851644,R_100,338.87
1779851646,R_100,338.86
1779851648,R_100,338.8
1779851650,R_100,338.76
1779851652,R_100,338.8
1779851654,R_100,338.73
1779851656,R_100,338.72
1779851658,R_100,338.75
1779851660,R_100,338.87
1779851662,R_100,338.81
1779851664,R_100,338.74
1779851666,R_100,338.8
1779851668,R_100,338.79
1779851670,R_100,338.83
1779851672,R_100,338.86
1779851674,R_100,338.83
1779851676,R_100,338.87
1779851678,R_100,338.95
1779851680,R_100,338.84
1779851682,R_100,338.9
1779851684,R_100,338.88
1779851686,R_100,338.7
1779851688,R_100,338.55
1779851690,R_100,338.6
1779851692,R_100,338.52
1779851694,R_100,338.45
1779851696,R_100,338.37
1779851698,R_100,338.45
1779851700,R_100,338.45
1779851702,R_100,338.38
1779851704,R_100,338.41
1779851706,R_100,338.53
1779851708,R_100,338.7
1779851710,R_100,338.65
1779851712,R_100,338.66
1779851714,R_100,338.75
1779851716,R_100,338.73
1779851718,R_100,338.73
1779851720,R_100,338.74
1779851722,R_100,338.67
1779851724,R_100,338.58
1779851726,R_100,338.69
1779851728,R_100,338.65
1779851730,R_100,338.66
1779851732,R_100,338.61
1779851734,R_100,338.62
1779851736,R_100,338.56
1779851738,R_100,338.54
1779851740,R_100,338.46
1779851742,R_100,338.46
1779851744,R_100,338.6
1779851746,R_100,338.58
1779851748,R_100,338.55
1779851750,R_100,338.55
1779851752,R_100,338.48
1779851754,R_100,338.54
1779851756,R_100,338.61
1779851758,R_100,338.77
1779851760,R_100,338.73
1779851762,R_100,338.71
1779851764,R_100,338.75
1779851766,R_100,338.84
1779851768,R_100,338.85
1779851770,R_100,338.83
1779851772,R_100,338.87
1779851774,R_100,339
1779851776,R_100,339.07
1779851778,R_100,339.18
1779851780,R_100,339.05
1779851782,R_100,338.93
1779851784,R_100,339.01
1779851786,R_100,338.95
1779851788,R_100,338.95
1779851790,R_100,338.92
1779851792,R_100,339.09
1779851794,R_100,339.02
1779851796,R_100,339.17
1779851798,R_100,339.31
1779851800,R_100,339.42
1779851802,R_100,339.49
1779851804,R_100,339.53
1779851806,R_100,339.69
1779851808,R_100,339.55
1779851810,R_100,339.55
1779851812,R_100,339.53
1779851814,R_100,339.38
1779851816,R_100,339.24
1779851818,R_100,339.33
1779851820,R_100,339.24
1779851822,R_100,339.38
1779851824,R_100,339.37
1779851826,R_100,339.56
1779851828,R_100,339.55
1779851830,R_100,339.55
1779851832,R_100,339.5
1779851834,R_100,339.51
1779851836,R_100,339.49
1779851838,R_100,339.52
1779851840,R_100,339.48
1779851842,R_100,339.35
1779851844,R_100,339.26
1779851846,R_100,339.29
1779851848,R_100,339.28
1779851850,R_100,339.35
1779851852,R_100,339.37
1779851854,R_100,339.47
1779851856,R_100,339.6
1779851858,R_100,339.55
1779851860,R_100,339.49
1779851862,R_100,339.5
1779851864,R_100,339.55
1779851866,R_100,339.51
1779851868,R_100,339.57
1779851870,R_100,339.57
1779851872,R_100,339.65
1779851874,R_100,339.48
1779851876,R_100,339.62
1779851878,R_100,339.61
1779851880,R_100,339.52
1779851882,R_100,339.43
1779851884,R_100,339.46
1779851886,R_100,339.62
1779851888,R_100,339.53
1779851890,R_100,339.57
1779851892,R_100,339.52
1779851894,R_100,339.52
1779851896,R_100,339.5
1779851898,R_100,339.37
1779851900,R_100,339.38
1779851902,R_100,339.49
1779851904,R_100,339.44
1779851906,R_100,339.51
1779851908,R_100,339.5
1779851910,R_100,339.6
1779851912,R_100,339.68
1779851914,R_100,339.58
1779851916,R_100,339.57
1779851918,R_100,339.42
1779851920,R_100,339.44
1779851922,R_100,339.5
1779851924,R_100,339.52
1779851926,R_100,339.59
1779851928,R_100,339.59
1779851930,R_100,339.46
1779851932,R_100,339.45
1779851934,R_100,339.51
1779851936,R_100,339.4
1779851938,R_100,339.55
1779851940,R_100,339.47
1779851942,R_100,339.41
1779851944,R_100,339.31
1779851946,R_100,339.23
1779851948,R_100,339.25
1779851950,R_100,339.23
1779851952,R_100,339.15
1779851954,R_100,339.08
1779851956,R_100,339.22
1779851958,R_100,339.27
1779851960,R_100,339.42
1779851962,R_100,339.57
1779851964,R_100,339.48
1779851966,R_100,339.4
1779851968,R_100,339.4
1779851970,R_100,339.25
1779851972,R_100,339.26
1779851974,R_100,339.33
1779851976,R_100,339.35
1779851978,R_100,339.37
1779851980,R_100,339.2
1779851982,R_100,339.24
1779851984,R_100,339.21
1779851986,R_100,339.18
1779851988,R_100,339.22
1779851990,R_100,339.19
1779851992,R_100,339.09
1779851994,R_100,339.09
1779851996,R_100,339.11
1779851998,R_100,339.07
1779852000,R_100,339.09
1779852002,R_100,339.13
1779852004,R_100,339.08
1779852006,R_100,339.09
1779852008,R_100,339.15
1779852010,R_100,339.26
1779852012,R_100,339.27
1779852014,R_100,339.21
1779852016,R_100,339.16
1779852018,R_100,339.31
1779852020,R_100,339.39
1779852022,R_100,339.52
1779852024,R_100,339.48
1779852026,R_100,339.45
1779852028,R_100,339.46
1779852030,R_100,339.34
1779852032,R_100,339.41
1779852034,R_100,339.58
1779852036,R_100,339.62
1779852038,R_100,339.69
1779852040,R_100,339.59
1779852042,R_100,339.67
1779852044,R_100,339.58
1779852046,R_100,339.63
1779852048,R_100,339.61
1779852050,R_100,339.51
1779852052,R_100,339.5
1779852054,R_100,339.57
1779852056,R_100,339.58
1779852058,R_100,339.73
1779852060,R_100,339.54
1779852062,R_100,339.49
1779852064,R_100,339.31
1779852066,R_100,339.28
1779852068,R_100,339.32
1779852070,R_100,339.25
1779852072,R_100,339.43
1779852074,R_100,339.45
1779852076,R_100,339.5
1779852078,R_100,339.54
1779852080,R_100,339.53
1779852082,R_100,339.36
1779852084,R_100,339.45
1779852086,R_100,339.29
1779852088,R_100,339.46
1779852090,R_100,339.49
1779852092,R_100,339.56
1779852094,R_100,339.65
1779852096,R_100,339.53
1779852098,R_100,339.59
1779852100,R_100,339.66
1779852102,R_100,339.62
1779852104,R_100,339.57
1779852106,R_100,339.53
1779852108,R_100,339.43
1779852110,R_100,339.5
1779852112,R_100,339.7
1779852114,R_100,339.51
1779852116,R_100,339.59
1779852118,R_100,339.61
1779852120,R_100,339.72
1779852122,R_100,339.81
1779852124,R_100,339.81
1779852126,R_100,339.8
1779852128,R_100,339.91
1779852130,R_100,339.95
1779852132,R_100,340.13
1779852134,R_100,340.2
1779852136,R_100,340.06
1779852138,R_100,339.93
1779852140,R_100,339.88
1779852142,R_100,339.71
1779852144,R_100,339.69
1779852146,R_100,339.93
1779852148,R_100,339.93
1779852150,R_100,340.11
1779852152,R_100,340.11
1779852154,R_100,340.06
1779852156,R_100,339.95
1779852158,R_100,340.03
1779852160,R_100,340.07
1779852162,R_100,340.11
1779852164,R_100,340.15
1779852166,R_100,340.07
1779852168,R_100,340.07
1779852170,R_100,340.09
1779852172,R_100,339.99
1779852174,R_100,340.08
1779852176,R_100,339.96
1779852178,R_100,339.74
1779852180,R_100,339.73
1779852182,R_100,339.63
1779852184,R_100,339.51
1779852186,R_100,339.5
1779852188,R_100,339.55
1779852190,R_100,339.69
1779852192,R_100,339.66
1779852194,R_100,339.49
1779852196,R_100,339.41
1779852198,R_100,339.59
1779852200,R_100,339.57
1779852202,R_100,339.61
1779852204,R_100,339.58
1779852206,R_100,339.49
1779852208,R_100,339.43
1779852210,R_100,339.42
1779852212,R_100,339.39
1779852214,R_100,339.43
1779852216,R_100,339.52
1779852218,R_100,339.5
1779852220,R_100,339.5
1779852222,R_100,339.38
1779852224,R_100,339.36
1779852226,R_100,339.35
1779852228,R_100,339.33
1779852230,R_100,339.4
1779852232,R_100,339.42
1779852234,R_100,339.47
1779852236,R_100,339.46
1779852238,R_100,339.51
1779852240,R_100,339.53
1779852242,R_100,339.53
1779852244,R_100,339.64
1779852246,R_100,339.52
1779852248,R_100,339.6
1779852250,R_100,339.63
1779852252,R_100,339.54
1779852254,R_100,339.59
1779852256,R_100,339.46
1779852258,R_100,339.42
1779852260,R_100,339.39
1779852262,R_100,339.38
1779852264,R_100,339.4
1779852266,R_100,339.41
1779852268,R_100,339.41
1779852270,R_100,339.55
1779852272,R_100,339.61
1779852274,R_100,339.59
1779852276,R_100,339.62
1779852278,R_100,339.56
1779852280,R_100,339.52
1779852282,R_100,339.62
1779852284,R_100,339.51
1779852286,R_100,339.43
1779852288,R_100,339.46
1779852290,R_100,339.51
1779852292,R_100,339.46
1779852294,R_100,339.47
1779852296,R_100,339.42
1779852298,R_100,339.41
1779852300,R_100,339.38
1779852302,R_100,339.38
1779852304,R_100,339.45
1779852306,R_100,339.43
1779852308,R_100,339.38
1779852310,R_100,339.17
1779852312,R_100,339.15
1779852314,R_100,339.35
1779852316,R_100,339.37
1779852318,R_100,339.31
1779852320,R_100,339.3
1779852322,R_100,339.22
1779852324,R_100,339.26
1779852326,R_100,339.26
1779852328,R_100,339.15
1779852330,R_100,339.19
1779852332,R_100,339.1
1779852334,R_100,339.14
1779852336,R_100,338.99
1779852338,R_100,338.96
1779852340,R_100,338.84
1779852342,R_100,338.91
1779852344,R_100,338.8
1779852346,R_100,339.04
1779852348,R_100,339.08
1779852350,R_100,339.2
1779852352,R_100,339.13
1779852354,R_100,339.09
1779852356,R_100,339.19
1779852358,R_100,339.24
1779852360,R_100,339.38
1779852362,R_100,339.28
1779852364,R_100,339.28
1779852366,R_100,339.19
1779852368,R_100,339.19
1779852370,R_100,339.26
1779852372,R_100,339.33
1779852374,R_100,339.32
1779852376,R_100,339.24
1779852378,R_100,339.27
1779852380,R_100,339.32
1779852382,R_100,339.39
1779852384,R_100,339.5
1779852386,R_100,339.49
1779852388,R_100,339.44
1779852390,R_100,339.37
1779852392,R_100,339.39
1779852394,R_100,339.33
1779852396,R_100,339.29
1779852398,R_100,339.27
1779852400,R_100,339.33
1779852402,R_100,339.31
1779852404,R_100,339.25
1779852406,R_100,339.17
1779852408,R_100,339.1
1779852410,R_100,339.06
1779852412,R_100,339.05
1779852414,R_100,339.19
1779852416,R_100,339.15
1779852418,R_100,339.16
1779852420,R_100,339.11
1779852422,R_100,339.09
1779852424,R_100,339.16
1779852426,R_100,339.12
1779852428,R_100,339.08
1779852430,R_100,339.13
1779852432,R_100,339.09
1779852434,R_100,339.07
1779852436,R_100,339.04
1779852438,R_100,339.04
1779852440,R_100,339.05
1779852442,R_100,339.15
1779852444,R_100,339.19
1779852446,R_100,339.11
1779852448,R_100,339.21
1779852450,R_100,339.36
1779852452,R_100,339.28
1779852454,R_100,339.37
1779852456,R_100,339.28
1779852458,R_100,339.16
1779852460,R_100,339.13
1779852462,R_100,339.13
1779852464,R_100,339.06
1779852466,R_100,339.04
1779852468,R_100,338.86
1779852470,R_100,338.93
1779852472,R_100,338.93
1779852474,R_100,338.86
1779852476,R_100,338.89
1779852478,R_100,338.95
1779852480,R_100,338.93
1779852482,R_100,338.98
1779852484,R_100,339.02
1779852486,R_100,339.11
1779852488,R_100,338.97
1779852490,R_100,338.96
1779852492,R_100,339.01
1779852494,R_100,339.05
1779852496,R_100,339.02
1779852498,R_100,338.85
1779852500,R_100,338.85
1779852502,R_100,338.95
1779852504,R_100,338.95
1779852506,R_100,339.04
1779852508,R_100,339.05
1779852510,R_100,339.05
1779852512,R_100,339.08
1779852514,R_100,339.16
1779852516,R_100,339.22
1779852518,R_100,339.28
1779852520,R_100,339.12
1779852522,R_100,339.13
1779852524,R_100,339.04
1779852526,R_100,338.95
1779852528,R_100,339.05
1779852530,R_100,339.13
1779852532,R_100,339.17
1779852534,R_100,339.11
1779852536,R_100,339.22
1779852538,R_100,339.08
1779852540,R_100,339.16
1779852542,R_100,339.15
1779852544,R_100,339.25
1779852546,R_100,339.24
1779852548,R_100,339.33
1779852550,R_100,339.32
1779852552,R_100,339.34
1779852554,R_100,339.29
1779852556,R_100,339.23
1779852558,R_100,339.29
1779852560,R_100,339.25
1779852562,R_100,339.17
1779852564,R_100,339.18
1779852566,R_100,339.2
1779852568,R_100,339.34
1779852570,R_100,339.21
1779852572,R_100,339.13
1779852574,R_100,339.31
1779852576,R_100,339.39
1779852578,R_100,339.27
1779852580,R_100,339.09
1779852582,R_100,339.03
1779852584,R_100,338.99
1779852586,R_100,339.12
1779852588,R_100,338.97
1779852590,R_100,338.99
1779852592,R_100,339.05
1779852594,R_100,339.12
1779852596,R_100,339.01
1779852598,R_100,338.95
1779852600,R_100,338.86
1779852602,R_100,338.92
1779852604,R_100,338.77
1779852606,R_100,338.92
1779852608,R_100,338.94
1779852610,R_100,339.05
1779852612,R_100,339.03
1779852614,R_100,339.14
1779852616,R_100,339.11
1779852618,R_100,339.18
1779852620,R_100,339.22
1779852622,R_100,339.14
1779852624,R_100,339.09
1779852626,R_100,338.8
1779852628,R_100,338.77
1779852630,R_100,338.96
1779852632,R_100,339.01
1779852634,R_100,339.09
1779852636,R_100,339.09
1779852638,R_100,339.17
1779852640,R_100,339.21
1779852642,R_100,339.11
1779852644,R_100,338.98
1779852646,R_100,338.99
1779852648,R_100,339.07
1779852650,R_100,338.94
1779852652,R_100,338.95
1779852654,R_100,338.92
1779852656,R_100,339.11
1779852658,R_100,338.88
1779852660,R_100,338.89
1779852662,R_100,338.82
1779852664,R_100,338.9
1779852666,R_100,338.97
1779852668,R_100,338.88
1779852670,R_100,338.88
1779852672,R_100,338.9
1779852674,R_100,339.05
1779852676,R_100,339.05
1779852678,R_100,339.18
1779852680,R_100,339.27
1779852682,R_100,339.03
1779852684,R_100,338.75
1779852686,R_100,338.81
1779852688,R_100,338.89
1779852690,R_100,338.88
1779852692,R_100,338.76
1779852694,R_100,338.75
1779852696,R_100,338.71
1779852698,R_100,338.64
1779852700,R_100,338.69
1779852702,R_100,338.61
1779852704,R_100,338.67
1779852706,R_100,338.63
1779852708,R_100,338.56
1779852710,R_100,338.42
1779852712,R_100,338.63
1779852714,R_100,338.81
1779852716,R_100,338.77
1779852718,R_100,338.88
1779852720,R_100,338.9
1779852722,R_100,338.93
1779852724,R_100,338.93
1779852726,R_100,338.92
1779852728,R_100,338.8
1779852730,R_100,338.75
1779852732,R_100,338.72
1779852734,R_100,338.82
1779852736,R_100,338.95
1779852738,R_100,338.98
1779852740,R_100,338.95
1779852742,R_100,338.97
1779852744,R_100,339.01
1779852746,R_100,339.04
1779852748,R_100,338.98
1779852750,R_100,338.89
1779852752,R_100,338.95
1779852754,R_100,338.84
1779852756,R_100,338.84
1779852758,R_100,338.76
1779852760,R_100,338.78
1779852762,R_100,338.79
1779852764,R_100,338.81
1779852766,R_100,338.81
1779852768,R_100,338.68
1779852770,R_100,338.63
1779852772,R_100,338.6
1779852774,R_100,338.67
1779852776,R_100,338.63
1779852778,R_100,338.7
1779852780,R_100,338.78
1779852782,R_100,338.71
1779852784,R_100,338.72
1779852786,R_100,338.66
1779852788,R_100,338.57
1779852790,R_100,338.56
1779852792,R_100,338.41
1779852794,R_100,338.4
1779852796,R_100,338.45
1779852798,R_100,338.56
1779852800,R_100,338.47
1779852802,R_100,338.57
1779852804,R_100,338.62
1779852806,R_100,338.63
1779852808,R_100,338.61
1779852810,R_100,338.6
1779852812,R_100,338.64
1779852814,R_100,338.61
1779852816,R_100,338.63
1779852818,R_100,338.57
1779852820,R_100,338.63
1779852822,R_100,338.75
1779852824,R_100,338.78
1779852826,R_100,338.76
1779852828,R_100,338.79
1779852830,R_100,338.83
1779852832,R_100,338.83
1779852834,R_100,338.72
1779852836,R_100,338.71
1779852838,R_100,338.75
1779852840,R_100,338.73
1779852842,R_100,338.81
1779852844,R_100,338.75
1779852846,R_100,338.62
1779852848,R_100,338.76
1779852850,R_100,338.71
1779852852,R_100,338.73
1779852854,R_100,338.93
1779852856,R_100,339.08
1779852858,R_100,339.01
1779852860,R_100,339.04
1779852862,R_100,339.03
1779852864,R_100,339
1779852866,R_100,338.93
1779852868,R_100,338.82
1779852870,R_100,338.88
1779852872,R_100,338.88
1779852874,R_100,338.74
1779852876,R_100,338.78
1779852878,R_100,338.73
1779852880,R_100,338.46
1779852882,R_100,338.6
1779852884,R_100,338.7
1779852886,R_100,338.65
1779852888,R_100,338.68
1779852890,R_100,338.68
1779852892,R_100,338.75
1779852894,R_100,338.61
1779852896,R_100,338.65
1779852898,R_100,338.66
1779852900,R_100,338.57
1779852902,R_100,338.55
1779852904,R_100,338.53
1779852906,R_100,338.49
1779852908,R_100,338.53
1779852910,R_100,338.53
1779852912,R_100,338.41
1779852914,R_100,338.38
1779852916,R_100,338.45
1779852918,R_100,338.46
1779852920,R_100,338.53
1779852922,R_100,338.55
1779852924,R_100,338.4
1779852926,R_100,338.48
1779852928,R_100,338.46
1779852930,R_100,338.46
1779852932,R_100,338.56
1779852934,R_100,338.6
1779852936,R_100,338.5
1779852938,R_100,338.41
1779852940,R_100,338.57
1779852942,R_100,338.59
1779852944,R_100,338.69
1779852946,R_100,338.78
1779852948,R_100,338.66
1779852950,R_100,338.72
1779852952,R_100,338.81
1779852954,R_100,338.7
1779852956,R_100,338.62
1779852958,R_100,338.69
1779852960,R_100,338.58
1779852962,R_100,338.74
1779852964,R_100,338.65
1779852966,R_100,338.55
1779852968,R_100,338.53
1779852970,R_100,338.56
1779852972,R_100,338.63
1779852974,R_100,338.66
1779852976,R_100,338.75
1779852978,R_100,338.75
1779852980,R_100,338.84
1779852982,R_100,338.82
1779852984,R_100,338.85
1779852986,R_100,338.8
1779852988,R_100,338.71
1779852990,R_100,338.83
1779852992,R_100,338.86
1779852994,R_100,338.79
1779852996,R_100,338.87
1779852998,R_100,338.87
1779853000,R_100,338.75
1779853002,R_100,338.72
1779853004,R_100,338.78
1779853006,R_100,338.92
1779853008,R_100,338.86
1779853010,R_100,338.78
1779853012,R_100,338.8
1779853014,R_100,338.75
1779853016,R_100,338.73
1779853018,R_100,338.67
1779853020,R_100,338.73
1779853022,R_100,338.83
1779853024,R_100,338.82
1779853026,R_100,338.85
1779853028,R_100,338.88
1779853030,R_100,338.89
1779853032,R_100,338.77
1779853034,R_100,338.84
1779853036,R_100,338.92
1779853038,R_100,338.94
1779853040,R_100,338.89
1779853042,R_100,338.9
1779853044,R_100,338.91
1779853046,R_100,338.97
1779853048,R_100,338.95
1779853050,R_100,338.98
1779853052,R_100,339.01
1779853054,R_100,338.92
1779853056,R_100,338.92
1779853058,R_100,338.87
1779853060,R_100,338.81
1779853062,R_100,338.91
1779853064,R_100,338.83
1779853066,R_100,338.74
1779853068,R_100,338.77
1779853070,R_100,338.71
1779853072,R_100,338.75
1779853074,R_100,338.81
1779853076,R_100,338.77
1779853078,R_100,338.75
1779853080,R_100,338.76
1779853082,R_100,338.71
1779853084,R_100,338.55
1779853086,R_100,338.72
1779853088,R_100,338.73
1779853090,R_100,338.65
1779853092,R_100,338.61
1779853094,R_100,338.63
1779853096,R_100,338.57
1779853098,R_100,338.73
1779853100,R_100,338.8
1779853102,R_100,338.86
1779853104,R_100,339.04
1779853106,R_100,339.02
1779853108,R_100,339.1
1779853110,R_100,339.14
1779853112,R_100,339.13
1779853114,R_100,339.18
1779853116,R_100,339.17
1779853118,R_100,339.08
1779853120,R_100,339.09
1779853122,R_100,339.2
1779853124,R_100,339.22
1779853126,R_100,339.47
1779853128,R_100,339.46
1779853130,R_100,339.54
1779853132,R_100,339.43
1779853134,R_100,339.44
1779853136,R_100,339.49
1779853138,R_100,339.46
1779853140,R_100,339.39
1779853142,R_100,339.43
1779853144,R_100,339.53
1779853146,R_100,339.73
1779853148,R_100,339.65
1779853150,R_100,339.66
1779853152,R_100,339.75
1779853154,R_100,339.68
1779853156,R_100,339.8
1779853158,R_100,339.83
1779853160,R_100,339.85
1779853162,R_100,340.01
1779853164,R_100,340.05
1779853166,R_100,339.99
1779853168,R_100,339.99
1779853170,R_100,340
1779853172,R_100,340.11
1779853174,R_100,340.1
1779853176,R_100,340.17
1779853178,R_100,340.25
1779853180,R_100,340.26
1779853182,R_100,340.35
1779853184,R_100,340.26
1779853186,R_100,340.16
1779853188,R_100,340.15
1779853190,R_100,340.26
1779853192,R_100,340.45
1779853194,R_100,340.58
1779853196,R_100,340.5
1779853198,R_100,340.43
1779853200,R_100,340.39
1779853202,R_100,340.46
1779853204,R_100,340.51
1779853206,R_100,340.34
1779853208,R_100,340.41
1779853210,R_100,340.27
1779853212,R_100,340.28
1779853214,R_100,340.27
1779853216,R_100,340.22
1779853218,R_100,340.11
1779853220,R_100,340.22
1779853222,R_100,340.31
1779853224,R_100,340.35
1779853226,R_100,340.27
1779853228,R_100,340.21
1779853230,R_100,340.33
1779853232,R_100,340.43
1779853234,R_100,340.34
1779858976,R_100,339.82
1779858978,R_100,339.82
1779858980,R_100,339.87
1779858982,R_100,339.89
1779858984,R_100,339.87
1779858986,R_100,339.84
1779858988,R_100,339.66
1779858990,R_100,339.82
1779858992,R_100,339.91
1779858994,R_100,339.91
1779858996,R_100,339.95
1779858998,R_100,339.99
1779859000,R_100,339.91
1779859002,R_100,339.84
1779859004,R_100,339.93
1779859006,R_100,339.9
1779859008,R_100,339.82
1779859010,R_100,339.82
1779859012,R_100,339.92
1779859014,R_100,339.95
1779859016,R_100,339.99
1779859018,R_100,339.91
1779859020,R_100,339.72
1779859022,R_100,339.68
1779859024,R_100,339.62
1779859026,R_100,339.66
1779859028,R_100,339.73
1779859030,R_100,339.85
1779859032,R_100,339.83
1779859034,R_100,339.97
1779859036,R_100,339.96
1779859038,R_100,340.05
1779859040,R_100,340.08
1779859042,R_100,340.15
1779859044,R_100,340.19
1779859046,R_100,339.99
1779859048,R_100,340.07
1779859050,R_100,340.05
1779859052,R_100,340.11
1779859054,R_100,340.24
1779859056,R_100,340.2
1779859058,R_100,340.19
1779859060,R_100,340.39
1779859062,R_100,340.5
1779859064,R_100,340.48
1779859066,R_100,340.49
1779859068,R_100,340.61
1779859070,R_100,340.59
1779859072,R_100,340.74
1779859074,R_100,340.91
1779859076,R_100,341.01
1779859078,R_100,341.01
1779859080,R_100,340.79
1779859082,R_100,340.72
1779859084,R_100,340.66
1779859086,R_100,340.69
1779859088,R_100,340.61
1779859090,R_100,340.54
1779859092,R_100,340.53
1779859094,R_100,340.48
1779859096,R_100,340.49
1779859098,R_100,340.58
1779859100,R_100,340.63
1779859102,R_100,340.85
1779859104,R_100,340.71
1779859106,R_100,340.72
1779859108,R_100,340.77
1779859110,R_100,340.77
1779859112,R_100,340.72
1779859114,R_100,340.61
1779859116,R_100,340.61
1779859118,R_100,340.53
1779859120,R_100,340.58
1779859122,R_100,340.5
1779859124,R_100,340.47
1779859126,R_100,340.58
1779859128,R_100,340.6
1779859130,R_100,340.57
1779859132,R_100,340.63
1779859134,R_100,340.67
1779859136,R_100,340.64
1779859138,R_100,340.76
1779859140,R_100,340.73
1779859142,R_100,340.68
1779859144,R_100,340.68
1779859146,R_100,340.76
1779859148,R_100,340.68
1779859150,R_100,340.73
1779859152,R_100,340.63
1779859154,R_100,340.41
1779859156,R_100,340.43
1779859158,R_100,340.55
1779859160,R_100,340.47
1779859162,R_100,340.61
1779859164,R_100,340.59
1779859166,R_100,340.6
1779859168,R_100,340.46
1779859170,R_100,340.47
1779859172,R_100,340.48
1779859174,R_100,340.46
1779859176,R_100,340.36
1779859178,R_100,340.4
1779859180,R_100,340.45
1779859182,R_100,340.27
1779859184,R_100,340.28
1779859186,R_100,340.25
1779859188,R_100,340.37
1779859190,R_100,340.4
1779859192,R_100,340.43
1779859194,R_100,340.48
1779859196,R_100,340.39
1779859198,R_100,340.45
1779859200,R_100,340.51
1779859202,R_100,340.61
1779859204,R_100,340.65
1779859206,R_100,340.97
1779859208,R_100,341.1
1779859210,R_100,341.22
1779859212,R_100,341.25
1779859214,R_100,341.21
1779859216,R_100,341.16
1779859218,R_100,341.11
1779859220,R_100,341.12
1779859222,R_100,341.15
1779859224,R_100,341.23
1779859226,R_100,341.29
1779859228,R_100,341.33
1779859230,R_100,341.28
1779859232,R_100,341.31
1779859234,R_100,341.22
1779859236,R_100,341.22
1779859238,R_100,341.15
1779859240,R_100,341.19
1779859242,R_100,341.3
1779859244,R_100,341.3
1779859246,R_100,341.23
1779859248,R_100,341.21
1779859250,R_100,341.3
1779859252,R_100,341.33
1779859254,R_100,341.29
1779859256,R_100,341.25
1779859258,R_100,341.35
1779859260,R_100,341.21
1779859262,R_100,341.05
1779859264,R_100,341.17
1779859266,R_100,341.17
1779859268,R_100,341.18
1779859270,R_100,341.22
1779859272,R_100,341.1
1779859274,R_100,341.14
1779859276,R_100,341.12
1779859278,R_100,341.14
1779859280,R_100,341.31
1779859282,R_100,341.31
1779859284,R_100,341.44
1779859286,R_100,341.44
1779859288,R_100,341.44
1779859290,R_100,341.51
1779859292,R_100,341.48
1779859294,R_100,341.52
1779859296,R_100,341.52
1779859298,R_100,341.65
1779859300,R_100,341.72
1779859302,R_100,341.64
1779859304,R_100,341.6
1779859306,R_100,341.65
1779859308,R_100,341.69
1779859310,R_100,341.7
1779859312,R_100,341.78
1779859314,R_100,341.74
1779859316,R_100,341.84
1779859318,R_100,341.81
1779859320,R_100,341.8
1779859322,R_100,341.75
1779859324,R_100,341.78
1779859326,R_100,341.66
1779859328,R_100,341.81
1779859330,R_100,341.66
1779859332,R_100,341.67
1779859334,R_100,341.71
1779859336,R_100,341.73
1779859338,R_100,341.58
1779859340,R_100,341.66
1779859342,R_100,341.73
1779859344,R_100,341.63
1779859346,R_100,341.57
1779859348,R_100,341.58
1779859350,R_100,341.65
1779859352,R_100,341.76
1779859354,R_100,341.69
1779859356,R_100,341.75
1779859358,R_100,341.77
1779859360,R_100,341.7
1779859362,R_100,341.73
1779859364,R_100,341.61
1779859366,R_100,341.76
1779859368,R_100,341.87
1779859370,R_100,341.79
1779859372,R_100,341.83
1779859374,R_100,341.81
1779859376,R_100,341.76
1779859378,R_100,341.73
1779859380,R_100,341.77
1779859382,R_100,341.77
1779859384,R_100,341.66
1779859386,R_100,341.64
1779859388,R_100,341.56
1779859390,R_100,341.51
1779859392,R_100,341.58
1779859394,R_100,341.76
1779859396,R_100,341.82
1779859398,R_100,341.7
1779859400,R_100,341.6
1779859402,R_100,341.51
1779859404,R_100,341.39
1779859406,R_100,341.39
1779859408,R_100,341.28
1779859410,R_100,341.21
1779859412,R_100,341.18
1779859414,R_100,341.36
1779859416,R_100,341.45
1779859418,R_100,341.48
1779859420,R_100,341.5
1779859422,R_100,341.55
1779859424,R_100,341.6
1779859426,R_100,341.53
1779859428,R_100,341.46
1779859430,R_100,341.47
1779859432,R_100,341.54
1779859434,R_100,341.46
1779859436,R_100,341.44
1779859438,R_100,341.44
1779859440,R_100,341.44
1779859442,R_100,341.43
1779859444,R_100,341.39
1779859446,R_100,341.32
1779859448,R_100,341.36
1779859450,R_100,341.21
1779859452,R_100,341.26
1779859454,R_100,341.22
1779859456,R_100,341.12
1779859458,R_100,341.11
1779859460,R_100,340.93
1779859462,R_100,340.92
1779859464,R_100,340.91
1779859466,R_100,340.95
1779859468,R_100,341.03
1779859470,R_100,341
1779859472,R_100,340.96
1779859474,R_100,341.05
1779859476,R_100,340.89
1779859478,R_100,340.92
1779859480,R_100,340.72
1779859482,R_100,340.64
1779859484,R_100,340.71
1779859486,R_100,340.67
1779859488,R_100,340.72
1779859490,R_100,340.63
1779859492,R_100,340.62
1779859494,R_100,340.74
1779859496,R_100,340.62
1779859498,R_100,340.68
1779859500,R_100,340.7
1779859502,R_100,340.66
1779859504,R_100,340.63
1779859506,R_100,340.56
1779859508,R_100,340.54
1779859510,R_100,340.56
1779859512,R_100,340.67
1779859514,R_100,340.81
1779859516,R_100,340.82
1779859518,R_100,340.84
1779859520,R_100,340.93
1779859522,R_100,341
1779859524,R_100,341.06
1779859526,R_100,340.99
1779859528,R_100,341.06
1779859530,R_100,341.03
1779859532,R_100,341.01
1779859534,R_100,341.06
1779859536,R_100,341.03
1779859538,R_100,340.88
1779859540,R_100,340.84
1779859542,R_100,340.82
1779859544,R_100,340.91
1779859546,R_100,341
1779859548,R_100,341
1779859550,R_100,341.14
1779859552,R_100,341
1779859554,R_100,341.06
1779859556,R_100,341.15
1779859558,R_100,341.16
1779859560,R_100,341.09
1779859562,R_100,341.16
1779859564,R_100,341.2
1779859566,R_100,341.21
1779859568,R_100,341.19
1779859570,R_100,341.3
1779859572,R_100,341.3
1779859574,R_100,341.23
1779859576,R_100,341.3
1779859578,R_100,341.38
1779859580,R_100,341.37
1779859582,R_100,341.44
1779859584,R_100,341.52
1779859586,R_100,341.63
1779859588,R_100,341.64
1779859590,R_100,341.59
1779859592,R_100,341.54
1779859594,R_100,341.58
1779859596,R_100,341.55
1779859598,R_100,341.54
1779859600,R_100,341.42
1779859602,R_100,341.5
1779859604,R_100,341.51
1779859606,R_100,341.51
1779859608,R_100,341.61
1779859610,R_100,341.69
1779859612,R_100,341.75
1779859614,R_100,341.79
1779859616,R_100,341.99
1779859618,R_100,341.99
1779859620,R_100,341.97
1779859622,R_100,342.16
1779859624,R_100,342.15
1779859626,R_100,342.12
1779859628,R_100,342.07
1779859630,R_100,341.93
1779859632,R_100,342.01
1779859634,R_100,341.83
1779859636,R_100,341.89
1779859638,R_100,342
1779859640,R_100,342.28
1779859642,R_100,342.3
1779859644,R_100,342.25
1779859646,R_100,342.27
1779859648,R_100,342.24
1779859650,R_100,342.06
1779859652,R_100,341.91
1779859654,R_100,342.11
1779859656,R_100,342.28
1779859658,R_100,342.14
1779859660,R_100,342.1
1779859662,R_100,342.03
1779859664,R_100,342.03
1779859666,R_100,342.06
1779859668,R_100,341.92
1779859670,R_100,341.93
1779859672,R_100,341.93
1779859674,R_100,341.95
1779859676,R_100,341.94
1779859678,R_100,342.04
1779859680,R_100,342.09
1779859682,R_100,342.06
1779859684,R_100,342.07
1779859686,R_100,341.98
1779859688,R_100,341.94
1779859690,R_100,342.05
1779859692,R_100,342.13
1779859694,R_100,342.12
1779859696,R_100,342.14
1779859698,R_100,342.17
1779859700,R_100,342.03
1779859702,R_100,341.95
1779859704,R_100,341.93
1779859706,R_100,342.03
1779859708,R_100,342.09
1779859710,R_100,342.27
1779859712,R_100,342.32
1779859714,R_100,342.26
1779859716,R_100,342.34
1779859718,R_100,342.26
1779859720,R_100,342.14
1779859722,R_100,342.07
1779859724,R_100,342.06
1779859726,R_100,342.17
1779859728,R_100,342.09
1779859730,R_100,342.1
1779859732,R_100,342.1
1779859734,R_100,342.08
1779859736,R_100,342.02
1779859738,R_100,342.25
1779859740,R_100,342.19
1779859742,R_100,342.16
1779859744,R_100,342.13
1779859746,R_100,342.08
1779859748,R_100,342.01
1779859750,R_100,341.98
1779859752,R_100,341.8
1779859754,R_100,341.8
1779859756,R_100,341.88
1779859758,R_100,341.78
1779859760,R_100,341.78
1779859762,R_100,341.73
1779859764,R_100,341.64
1779859766,R_100,341.55
1779859768,R_100,341.56
1779859770,R_100,341.51
1779859772,R_100,341.54
1779859774,R_100,341.54
1779859776,R_100,341.59
1779859778,R_100,341.63
1779859780,R_100,341.68
1779859782,R_100,341.69
1779859784,R_100,341.51
1779859786,R_100,341.49
1779859788,R_100,341.54
1779859790,R_100,341.59
1779859792,R_100,341.61
1779859794,R_100,341.67
1779859796,R_100,341.7
1779859798,R_100,341.78
1779859800,R_100,341.8
1779859802,R_100,341.68
1779859804,R_100,341.84
1779859806,R_100,341.76
1779859808,R_100,341.62
1779859810,R_100,341.57
1779859812,R_100,341.48
1779859814,R_100,341.5
1779859816,R_100,341.53
1779859818,R_100,341.57
1779859820,R_100,341.55
1779859822,R_100,341.62
1779859824,R_100,341.69
1779859826,R_100,341.76
1779859828,R_100,341.71
1779859830,R_100,341.77
1779859832,R_100,341.82
1779859834,R_100,341.84
1779859836,R_100,341.94
1779859838,R_100,341.87
1779859840,R_100,341.87
1779859842,R_100,341.88
1779859844,R_100,341.83
1779859846,R_100,341.81
1779859848,R_100,341.76
1779859850,R_100,341.64
1779859852,R_100,341.65
1779859854,R_100,341.69
1779859856,R_100,341.5
1779859858,R_100,341.43
1779859860,R_100,341.48
1779859862,R_100,341.48
1779859864,R_100,341.48
1779859866,R_100,341.66
1779859868,R_100,341.64
1779859870,R_100,341.76
1779859872,R_100,341.82
1779859874,R_100,341.81
1779859876,R_100,341.7
1779859878,R_100,341.79
1779859880,R_100,341.84
1779859882,R_100,341.9
1779859884,R_100,341.91
1779859886,R_100,341.96
1779859888,R_100,342.11
1779859890,R_100,342.15
1779859892,R_100,342.31
1779859894,R_100,342.3
1779859896,R_100,342.38
1779859898,R_100,342.32
1779859900,R_100,342.34
1779859902,R_100,342.5
1779859904,R_100,342.46
1779859906,R_100,342.52
1779859908,R_100,342.56
1779859910,R_100,342.48
1779859912,R_100,342.59
1779859914,R_100,342.69
1779859916,R_100,342.56
1779859918,R_100,342.7
1779859920,R_100,342.82
1779859922,R_100,342.81
1779859924,R_100,342.86
1779859926,R_100,342.9
1779859928,R_100,342.88
1779859930,R_100,342.98
1779859932,R_100,342.85
1779859934,R_100,342.92
1779859936,R_100,342.84
1779859938,R_100,342.89
1779859940,R_100,342.96
1779859942,R_100,343.05
1779859944,R_100,342.88
1779859946,R_100,342.9
1779859948,R_100,343.03
1779859950,R_100,343
1779859952,R_100,343.06
1779859954,R_100,343.08
1779859956,R_100,343.27
1779859958,R_100,343.38
1779859960,R_100,343.25
1779859962,R_100,343.15
1779859964,R_100,343.19
1779859966,R_100,343.08
1779859968,R_100,343.1
1779859970,R_100,343.05
1779859972,R_100,343.01
1779859974,R_100,342.92
1779859976,R_100,342.9
1779859978,R_100,343.04
1779859980,R_100,343.03
1779859982,R_100,343.09
1779859984,R_100,343.14
1779859986,R_100,342.99
1779859988,R_100,342.98
1779859990,R_100,343
1779859992,R_100,342.98
1779859994,R_100,342.75
1779859996,R_100,342.76
1779859998,R_100,342.75
1779860000,R_100,342.75
1779860002,R_100,342.72
1779860004,R_100,342.7
1779860006,R_100,342.77
1779860008,R_100,342.77
1779860010,R_100,342.7
1779860012,R_100,342.71
1779860014,R_100,342.51
1779860016,R_100,342.41
1779860018,R_100,342.43
1779860020,R_100,342.38
1779860022,R_100,342.42
1779860024,R_100,342.41
1779860026,R_100,342.42
1779860028,R_100,342.44
1779860030,R_100,342.44
1779860032,R_100,342.46
1779860034,R_100,342.5
1779860036,R_100,342.55
1779860038,R_100,342.62
1779860040,R_100,342.44
1779860042,R_100,342.4
1779860044,R_100,342.35
1779860046,R_100,342.4
1779860048,R_100,342.5
1779860050,R_100,342.57
1779860052,R_100,342.52
1779860054,R_100,342.58
1779860056,R_100,342.59
1779860058,R_100,342.62
1779860060,R_100,342.67
1779860062,R_100,342.83
1779860064,R_100,342.85
1779860066,R_100,342.92
1779860068,R_100,343.05
1779860070,R_100,342.91
1779860072,R_100,342.83
1779860074,R_100,342.98
1779860076,R_100,343.06
1779860078,R_100,343.14
1779860080,R_100,343.18
1779860082,R_100,343.18
1779860084,R_100,343.09
1779860086,R_100,343.06
1779860088,R_100,342.92
1779860090,R_100,342.84
1779860092,R_100,342.87
1779860094,R_100,342.92
1779860096,R_100,343.02
1779860098,R_100,343
1779860100,R_100,343.03
1779860102,R_100,343.09
1779860104,R_100,343.17
1779860106,R_100,343.31
1779860108,R_100,343.25
1779860110,R_100,343.21
1779860112,R_100,343.22
1779860114,R_100,343.14
1779860116,R_100,343.17
1779860118,R_100,343.27
1779860120,R_100,343.23
1779860122,R_100,343.16
1779860124,R_100,343.25
1779860126,R_100,343.22
1779860128,R_100,343.28
1779860130,R_100,343.15
1779860132,R_100,343.23
1779860134,R_100,343.23
1779860136,R_100,343.24
1779860138,R_100,343.17
1779860140,R_100,343.12
1779860142,R_100,342.96
1779860144,R_100,343.01
1779860146,R_100,342.92
1779860148,R_100,343.02
1779860150,R_100,343.05
1779860152,R_100,342.98
1779860154,R_100,343.04
1779860156,R_100,343
1779860158,R_100,342.95
1779860160,R_100,342.73
1779860162,R_100,342.58
1779860164,R_100,342.74
1779860166,R_100,342.58
1779860168,R_100,342.55
1779860170,R_100,342.56
1779860172,R_100,342.46
1779860174,R_100,342.45
1779860176,R_100,342.57
1779860178,R_100,342.52
1779860180,R_100,342.47
1779860182,R_100,342.45
1779860184,R_100,342.36
1779860186,R_100,342.46
1779860188,R_100,342.45
1779860190,R_100,342.41
1779860192,R_100,342.3
1779860194,R_100,342.18
1779860196,R_100,342.18
1779860198,R_100,342.03
1779860200,R_100,341.92
1779860202,R_100,342.01
1779860204,R_100,342.08
1779860206,R_100,342.02
1779860208,R_100,342.03
1779860210,R_100,342.08
1779860212,R_100,342.23
1779860214,R_100,342.15
1779860216,R_100,342.03
1779860218,R_100,342.07
1779860220,R_100,342.18
1779860222,R_100,342.24
1779860224,R_100,342.34
1779860226,R_100,342.31
1779860228,R_100,342.26
1779860230,R_100,342.39
1779860232,R_100,342.4
1779860234,R_100,342.29
1779860236,R_100,342.41
1779860238,R_100,342.41
1779860240,R_100,342.48
1779860242,R_100,342.56
1779860244,R_100,342.33
1779860246,R_100,342.31
1779860248,R_100,342.29
1779860250,R_100,342.35
1779860252,R_100,342.26
1779860254,R_100,342.46
1779860256,R_100,342.35
1779860258,R_100,342.35
1779860260,R_100,342.17
1779860262,R_100,342.16
1779860264,R_100,342.19
1779860266,R_100,342.13
1779860268,R_100,342.12
1779860270,R_100,342.06
1779860272,R_100,342
1779860274,R_100,341.88
1779860276,R_100,341.84
1779860278,R_100,341.75
1779860280,R_100,341.82
1779860282,R_100,341.75
1779860284,R_100,341.67
1779860286,R_100,341.67
1779860288,R_100,341.65
1779860290,R_100,341.68
1779860292,R_100,341.68
1779860294,R_100,341.71
1779860296,R_100,341.68
1779860298,R_100,341.76
1779860300,R_100,341.66
1779860302,R_100,341.68
1779860304,R_100,341.72
1779860306,R_100,341.9
1779860308,R_100,341.87
1779860310,R_100,341.96
1779860312,R_100,341.82
1779860314,R_100,341.81
1779860316,R_100,341.82
1779860318,R_100,341.75
1779860320,R_100,341.66
1779860322,R_100,341.7
1779860324,R_100,341.62
1779860326,R_100,341.73
1779860328,R_100,341.62
1779860330,R_100,341.72
1779860332,R_100,341.73
1779860334,R_100,341.75
1779860336,R_100,341.74
1779860338,R_100,341.76
1779860340,R_100,341.76
1779860342,R_100,341.89
1779860344,R_100,341.98
1779860346,R_100,341.92
1779860348,R_100,341.94
1779860350,R_100,341.97
1779860352,R_100,341.93
1779860354,R_100,342.07
1779860356,R_100,342.04
1779860358,R_100,342.06
1779860360,R_100,342.1
1779860362,R_100,342.14
1779860364,R_100,342.06
1779860366,R_100,342.13
1779860368,R_100,341.94
1779860370,R_100,342.11
1779860372,R_100,342.07
1779860374,R_100,342.07
1779860376,R_100,342.09
1779860378,R_100,342.08
1779860380,R_100,342
1779860382,R_100,342.04
1779860384,R_100,341.87
1779860386,R_100,341.9
1779860388,R_100,341.92
1779860390,R_100,341.85
1779860392,R_100,341.93
1779860394,R_100,341.88
1779860396,R_100,342
1779860398,R_100,341.9
1779860400,R_100,341.8
1779860402,R_100,341.7
1779860404,R_100,341.62
1779860406,R_100,341.45
1779860408,R_100,341.41
1779860410,R_100,341.46
1779860412,R_100,341.48
1779860414,R_100,341.46
1779860416,R_100,341.37
1779860418,R_100,341.49
1779860420,R_100,341.64
1779860422,R_100,341.67
1779860424,R_100,341.68
1779860426,R_100,341.69
1779860428,R_100,341.86
1779860430,R_100,341.93
1779860432,R_100,342.04
1779860434,R_100,342.14
1779860436,R_100,342.21
1779860438,R_100,342.11
1779860440,R_100,342
1779860442,R_100,342.06
1779860444,R_100,342.16
1779860446,R_100,342.14
1779860448,R_100,342
1779860450,R_100,342.03
1779860452,R_100,341.97
1779860454,R_100,341.99
1779860456,R_100,341.97
1779860458,R_100,342.03
1779860460,R_100,342.08
1779860462,R_100,342.06
1779860464,R_100,342.18
1779860466,R_100,342.26
1779860468,R_100,342.22
1779860470,R_100,342.19
1779860472,R_100,342.24
1779860474,R_100,342.07
1779860476,R_100,342.2
1779860478,R_100,342.12
1779860480,R_100,342.15
1779860482,R_100,342.05
1779860484,R_100,342.14
1779860486,R_100,342.25
1779860488,R_100,342.13
1779860490,R_100,342.2
1779860492,R_100,342.13
1779860494,R_100,342.21
1779860496,R_100,342.21
1779860498,R_100,342.26
1779860500,R_100,342.37
1779860502,R_100,342.37
1779860504,R_100,342.37
1779860506,R_100,342.34
1779860508,R_100,342.17
1779860510,R_100,342.27
1779860512,R_100,342.22
1779860514,R_100,342.14
1779860516,R_100,342.19
1779860518,R_100,342.15
1779860520,R_100,342.18
1779860522,R_100,342.19
1779860524,R_100,342.1
1779860526,R_100,341.98
1779860528,R_100,342
1779860530,R_100,342
1779860532,R_100,341.99
1779860534,R_100,342.07
1779860536,R_100,342.11
1779860538,R_100,342.03
1779860540,R_100,342.01
1779860542,R_100,342.2
1779860544,R_100,342.37
1779860546,R_100,342.3
1779860548,R_100,342.42
1779860550,R_100,342.39
1779860552,R_100,342.43
1779860554,R_100,342.51
1779860556,R_100,342.58
1779860558,R_100,342.79
1779860560,R_100,342.67
1779860562,R_100,342.62
1779860564,R_100,342.62
1779860566,R_100,342.64
1779860568,R_100,342.68
1779860570,R_100,342.64
1779860572,R_100,342.74
1779860574,R_100,342.84
1779860576,R_100,342.8
1779860578,R_100,342.93
1779860580,R_100,342.91
1779860582,R_100,343.05
1779860584,R_100,343.08
1779860586,R_100,342.94
1779860588,R_100,342.93
1779860590,R_100,342.84
1779860592,R_100,342.94
1779860594,R_100,342.97
1779860596,R_100,342.93
1779860598,R_100,342.86
1779860600,R_100,342.75
1779860602,R_100,342.79
1779860604,R_100,342.7
1779860606,R_100,342.77
1779860608,R_100,342.77
1779860610,R_100,342.69
1779860612,R_100,342.63
1779860614,R_100,342.64
1779860616,R_100,342.65
1779860618,R_100,342.66
1779860620,R_100,342.45
1779860622,R_100,342.17
1779860624,R_100,342.08
1779860626,R_100,342
1779860628,R_100,342.07
1779860630,R_100,341.99
1779860632,R_100,342.05
1779860634,R_100,342.24
1779860636,R_100,342.05
1779860638,R_100,341.91
1779860640,R_100,341.95
1779860642,R_100,341.89
1779860644,R_100,341.95
1779860646,R_100,342
1779860648,R_100,341.91
1779860650,R_100,341.86
1779860652,R_100,341.9
1779860654,R_100,341.99
1779860656,R_100,341.98
1779860658,R_100,341.92
1779860660,R_100,341.84
1779860662,R_100,341.89
1779860664,R_100,341.84
1779860666,R_100,341.84
1779860668,R_100,341.61
1779860670,R_100,341.59
1779860672,R_100,341.72
1779860674,R_100,341.85
1779860676,R_100,341.92
1779860678,R_100,341.82
1779860680,R_100,341.77
1779860682,R_100,341.68
1779860684,R_100,341.73
1779860686,R_100,341.89
1779860688,R_100,341.99
1779860690,R_100,341.91
1779860692,R_100,341.95
1779860694,R_100,341.85
1779860696,R_100,341.72
1779860698,R_100,341.72
1779860700,R_100,341.65
1779860702,R_100,341.48
1779860704,R_100,341.38
1779860706,R_100,341.42
1779860708,R_100,341.47
1779860710,R_100,341.67
1779860712,R_100,341.65
1779860714,R_100,341.74
1779860716,R_100,341.87
1779860718,R_100,341.86
1779860720,R_100,342.01
1779860722,R_100,342.02
1779860724,R_100,342.09
1779860726,R_100,341.96
1779860728,R_100,342.03
1779860730,R_100,342.06
1779860732,R_100,342.06
1779860734,R_100,342.02
1779860736,R_100,342.17
1779860738,R_100,342.1
1779860740,R_100,342.04
1779860742,R_100,342.12
1779860744,R_100,342.11
1779860746,R_100,342.14
1779860748,R_100,342.22
1779860750,R_100,342.28
1779860752,R_100,342.24
1779860754,R_100,342.17
1779860756,R_100,342.32
1779860758,R_100,342.28
1779860760,R_100,342.19
1779860762,R_100,342.16
1779860764,R_100,342.32
1779860766,R_100,342.28
1779860768,R_100,342.35
1779860770,R_100,342.46
1779860772,R_100,342.45
1779860774,R_100,342.49
1779860776,R_100,342.41
1779860778,R_100,342.4
1779860780,R_100,342.34
1779860782,R_100,342.28
1779860784,R_100,342.34
1779860786,R_100,342.46
1779860788,R_100,342.36
1779860790,R_100,342.33
1779860792,R_100,342.31
1779860794,R_100,342.24
1779860796,R_100,342.34
1779860798,R_100,342.35
1779860800,R_100,342.34
1779860802,R_100,342.25
1779860804,R_100,342.21
1779860806,R_100,342.26
1779860808,R_100,342.26
1779860810,R_100,342.23
1779860812,R_100,342.24
1779860814,R_100,342.27
1779860816,R_100,342.25
1779860818,R_100,342.4
1779860820,R_100,342.38
1779860822,R_100,342.28
1779860824,R_100,342.19
1779860826,R_100,342.17
1779860828,R_100,342.26
1779860830,R_100,342.34
1779860832,R_100,342.39
1779860834,R_100,342.36
1779860836,R_100,342.49
1779860838,R_100,342.5
1779860840,R_100,342.55
1779860842,R_100,342.53
1779860844,R_100,342.45
1779860846,R_100,342.31
1779860848,R_100,342.27
1779860850,R_100,342.2
1779860852,R_100,342.17
1779860854,R_100,342.29
1779860856,R_100,342.28
1779860858,R_100,342.19
1779860860,R_100,342.28
1779860862,R_100,342.17
1779860864,R_100,342.05
1779860866,R_100,342.11
1779860868,R_100,342.11
1779860870,R_100,342.07
1779860872,R_100,342.1
1779860874,R_100,342.16
1779860876,R_100,341.93
1779860878,R_100,341.96
1779860880,R_100,342.1
1779860882,R_100,342.19
1779860884,R_100,342.17
1779860886,R_100,342.16
1779860888,R_100,342.08
1779860890,R_100,342.1
1779860892,R_100,342.16
1779860894,R_100,342.16
1779860896,R_100,342.12
1779860898,R_100,342.05
1779860900,R_100,341.96
1779860902,R_100,342.1
1779860904,R_100,342.16
1779860906,R_100,342.23
1779860908,R_100,342.13
1779860910,R_100,342.16
1779860912,R_100,342.04
1779860914,R_100,342.07
1779860916,R_100,342.05
1779860918,R_100,342.15
1779860920,R_100,342
1779860922,R_100,342.06
1779860924,R_100,342.2
1779860926,R_100,342.3
1779860928,R_100,342.29
1779860930,R_100,342.5
1779860932,R_100,342.43
1779860934,R_100,342.49
1779860936,R_100,342.51
1779860938,R_100,342.5
1779860940,R_100,342.41
1779860942,R_100,342.45
1779860944,R_100,342.43
1779860946,R_100,342.44
1779860948,R_100,342.35
1779860950,R_100,342.32
1779860952,R_100,342.25
1779860954,R_100,342.38
1779860956,R_100,342.43
1779860958,R_100,342.52
1779860960,R_100,342.45
1779860962,R_100,342.39
1779860964,R_100,342.42
1779860966,R_100,342.27
1779860968,R_100,342.26
1779860970,R_100,342.27
1779860972,R_100,342.23
1779860974,R_100,342.06
1779860976,R_100,342.06
1779860978,R_100,342.03
1779860980,R_100,341.98
1779860982,R_100,341.99
1779860984,R_100,342.01
1779860986,R_100,342.01
1779860988,R_100,341.95
1779860990,R_100,341.92
1779860992,R_100,341.92
1779860994,R_100,341.92
1779860996,R_100,341.73
1779860998,R_100,341.48
1779861000,R_100,341.46
1779861002,R_100,341.4
1779861004,R_100,341.22
1779861006,R_100,341.12
1779861008,R_100,341.15
1779861010,R_100,341.26
1779861012,R_100,341.34
1779861014,R_100,341.38
1779861016,R_100,341.21
1779861018,R_100,341.34
1779861020,R_100,341.2
1779861022,R_100,341.37
1779861024,R_100,341.38
1779861026,R_100,341.39
1779861028,R_100,341.36
1779861030,R_100,341.54
1779861032,R_100,341.59
1779861034,R_100,341.74
1779861036,R_100,341.77
1779861038,R_100,341.75
1779861040,R_100,341.76
1779861042,R_100,341.83
1779861044,R_100,341.8
1779861046,R_100,341.83
1779861048,R_100,341.83
1779861050,R_100,341.75
1779861052,R_100,341.84
1779861054,R_100,341.91
1779861056,R_100,341.93
1779861058,R_100,342.07
1779861060,R_100,342.05
1779861062,R_100,342.02
1779861064,R_100,341.89
1779861066,R_100,341.92
1779861068,R_100,341.92
1779861070,R_100,342.02
1779861072,R_100,342
1779861074,R_100,342.01
1779861076,R_100,341.92
1779861078,R_100,341.78
1779861080,R_100,341.74
1779861082,R_100,341.74
1779861084,R_100,341.74
1779861086,R_100,341.74
1779861088,R_100,341.72
1779861090,R_100,341.74
1779861092,R_100,341.91
1779861094,R_100,341.93
1779861096,R_100,341.79
1779861098,R_100,341.82
1779861100,R_100,341.88
1779861102,R_100,341.97
1779861104,R_100,341.83
1779861106,R_100,341.71
1779861108,R_100,341.63
1779861110,R_100,341.77
1779861112,R_100,341.81
1779861114,R_100,341.87
1779861116,R_100,341.91
1779861118,R_100,341.91
1779861120,R_100,341.79
1779861122,R_100,341.8
1779861124,R_100,341.82
1779861126,R_100,341.78
1779861128,R_100,341.85
1779861130,R_100,341.91
1779861132,R_100,342.02
1779861134,R_100,341.97
1779861136,R_100,341.81
1779861138,R_100,341.84
1779861140,R_100,341.92
1779861142,R_100,341.92
1779861144,R_100,341.84
1779861146,R_100,341.87
1779861148,R_100,341.89
1779861150,R_100,341.99
1779861152,R_100,342.1
1779861154,R_100,341.89
1779861156,R_100,341.78
1779861158,R_100,341.77
1779861160,R_100,341.79
1779861162,R_100,341.85
1779861164,R_100,341.88
1779861166,R_100,341.89
1779861168,R_100,341.85
1779861170,R_100,341.93
1779861172,R_100,342.05
1779861174,R_100,341.95
1779861176,R_100,341.97
1779861178,R_100,341.97
1779861180,R_100,342.05
1779861182,R_100,342.01
1779861184,R_100,341.95
1779861186,R_100,342.03
1779861188,R_100,341.93
1779861190,R_100,342.02
1779861192,R_100,342.08
1779861194,R_100,342
1779861196,R_100,342.1
1779861198,R_100,342.01
1779861200,R_100,341.94
1779861202,R_100,341.97
1779861204,R_100,342.19
1779861206,R_100,342.15
1779861208,R_100,342.11
1779861210,R_100,342.09
1779861212,R_100,342.08
1779861214,R_100,342.13
1779861216,R_100,342.1
1779861218,R_100,341.98
1779861220,R_100,341.92
1779861222,R_100,341.94
1779861224,R_100,341.95
1779861226,R_100,341.96
1779861228,R_100,342
1779861230,R_100,342.09
1779861232,R_100,342.22
1779861234,R_100,342.11
1779861236,R_100,342.11
1779861238,R_100,342.14
1779861240,R_100,342.11
1779861242,R_100,342.01
1779861244,R_100,341.9
1779861246,R_100,341.84
1779861248,R_100,341.86
1779861250,R_100,341.81
1779861252,R_100,341.87
1779861254,R_100,341.96
1779861256,R_100,341.92
1779861258,R_100,342.08
1779861260,R_100,342.16
1779861262,R_100,341.96
1779861264,R_100,342.08
1779861266,R_100,342.14
1779861268,R_100,342.2
1779861270,R_100,342.24
1779861272,R_100,342.11
1779861274,R_100,342.15
1779861276,R_100,342.15
1779861278,R_100,342.3
1779861280,R_100,342.26
1779861282,R_100,342.25
1779861284,R_100,342.32
1779861286,R_100,342.31
1779861288,R_100,342.39
1779861290,R_100,342.26
1779861292,R_100,342.18
1779861294,R_100,342.18
1779861296,R_100,342.32
1779861298,R_100,342.44
1779861300,R_100,342.29
1779861302,R_100,342.32
1779861304,R_100,342.37
1779861306,R_100,342.52
1779861308,R_100,342.66
1779861310,R_100,342.68
1779861312,R_100,342.7
1779861314,R_100,342.78
1779861316,R_100,342.82
1779861318,R_100,342.82
1779861320,R_100,342.9
1779861322,R_100,342.94
1779861324,R_100,342.98
1779861326,R_100,343.1
1779861328,R_100,343.16
1779861330,R_100,342.9
1779861332,R_100,342.9
1779861334,R_100,342.83
1779861336,R_100,342.85
1779861338,R_100,342.76
1779861340,R_100,342.63
1779861342,R_100,342.68
1779861344,R_100,342.81
1779861346,R_100,342.75
1779861348,R_100,342.78
1779861350,R_100,342.81
1779861352,R_100,342.83
1779861354,R_100,342.92
1779861356,R_100,342.76
1779861358,R_100,342.75
1779861360,R_100,342.81
1779861362,R_100,342.93
1779861364,R_100,342.87
1779861366,R_100,342.79
1779861368,R_100,342.76
1779861370,R_100,342.73
1779861372,R_100,342.73
1779861374,R_100,342.68
1779861376,R_100,342.68
1779861378,R_100,342.63
1779861380,R_100,342.62
1779861382,R_100,342.74
1779861384,R_100,342.59
1779861386,R_100,342.68
1779861388,R_100,342.64
1779861390,R_100,342.72
1779861392,R_100,342.76
1779861394,R_100,342.8
1779861396,R_100,343.06
1779861398,R_100,342.93
1779861400,R_100,342.91
1779861402,R_100,342.9
1779861404,R_100,343.13
1779861406,R_100,343.25
1779861408,R_100,343.33
1779861410,R_100,343.2
1779861412,R_100,343.14
1779861414,R_100,343.2
1779861416,R_100,343.08
1779861418,R_100,343.15
1779861420,R_100,343.22
1779861422,R_100,343.17
1779861424,R_100,343.37
1779861426,R_100,343.32
1779861428,R_100,343.31
1779861430,R_100,343.4
1779861432,R_100,343.27
1779861434,R_100,343.46
1779861436,R_100,343.48
1779861438,R_100,343.43
1779861440,R_100,343.36
1779861442,R_100,343.33
1779861444,R_100,343.32
1779861446,R_100,343.34
1779861448,R_100,343.42
1779861450,R_100,343.51
1779861452,R_100,343.4
1779861454,R_100,343.23
1779861456,R_100,343.18
1779861458,R_100,343.16
1779861460,R_100,343.19
1779861462,R_100,343.12
1779861464,R_100,343.12
1779861466,R_100,343.09
1779861468,R_100,343.15
1779861470,R_100,343.2
1779861472,R_100,343.19
1779861474,R_100,343.36
1779861476,R_100,343.46
1779861478,R_100,343.35
1779861480,R_100,343.43
1779861482,R_100,343.43
1779861484,R_100,343.42
1779861486,R_100,343.5
1779861488,R_100,343.58
1779861490,R_100,343.53
1779861492,R_100,343.56
1779861494,R_100,343.34
1779861496,R_100,343.39
1779861498,R_100,343.56
1779861500,R_100,343.51
1779861502,R_100,343.5
1779861504,R_100,343.55
1779861506,R_100,343.57
1779861508,R_100,343.64
1779861510,R_100,343.68
1779861512,R_100,343.66
1779861514,R_100,343.64
1779861516,R_100,343.65
1779861518,R_100,343.61
1779861520,R_100,343.8
1779861522,R_100,343.77
1779861524,R_100,343.9
1779861526,R_100,343.78
1779861528,R_100,343.74
1779861530,R_100,343.83
1779861532,R_100,343.83
1779861534,R_100,343.84
1779861536,R_100,343.82
1779861538,R_100,343.86
1779861540,R_100,343.91
1779861542,R_100,343.75
1779861544,R_100,343.77
1779861546,R_100,343.84
1779861548,R_100,343.95
1779861550,R_100,343.86
1779861552,R_100,343.86
1779861554,R_100,343.85
1779861556,R_100,343.71
1779861558,R_100,343.7
1779861560,R_100,343.63
1779861562,R_100,343.69
1779861564,R_100,343.63
1779861566,R_100,343.56
1779861568,R_100,343.58
1779861570,R_100,343.47
1779861572,R_100,343.46
1779861574,R_100,343.34
1779861576,R_100,343.39
1779861578,R_100,343.4
1779861580,R_100,343.49
1779861582,R_100,343.46
1779861584,R_100,343.38
1779861586,R_100,343.39
1779861588,R_100,343.25
1779861590,R_100,343.2
1779861592,R_100,343.06
1779861594,R_100,342.93
1779861596,R_100,343.07
1779861598,R_100,343.08
1779861600,R_100,343.14
1779861602,R_100,343.24
1779861604,R_100,343.3
1779861606,R_100,343.27
1779861608,R_100,343.1
1779861610,R_100,342.99
1779861612,R_100,342.8
1779861614,R_100,342.63
1779861616,R_100,342.75
1779861618,R_100,342.81
1779861620,R_100,342.73
1779861622,R_100,342.74
1779861624,R_100,342.89
1779861626,R_100,342.82
1779861628,R_100,342.74
1779861630,R_100,342.68
1779861632,R_100,342.71
1779861634,R_100,342.77
1779861636,R_100,342.75
1779861638,R_100,342.8
1779861640,R_100,342.87
1779861642,R_100,342.81
1779861644,R_100,342.9
1779861646,R_100,342.88
1779861648,R_100,342.83
1779861650,R_100,342.91
1779861652,R_100,342.89
1779861654,R_100,342.94
1779861656,R_100,342.91
1779861658,R_100,342.89
1779861660,R_100,342.97
1779861662,R_100,343.02
1779861664,R_100,343.02
1779861666,R_100,343.26
1779861668,R_100,343.26
1779861670,R_100,343.13
1779861672,R_100,343.14
1779861674,R_100,343.1
1779861676,R_100,343.01
1779861678,R_100,342.98
1779861680,R_100,342.89
1779861682,R_100,342.89
1779861684,R_100,343
1779861686,R_100,343.17
1779861688,R_100,343.28
1779861690,R_100,343.25
1779861692,R_100,343.16
1779861694,R_100,343.12
1779861696,R_100,343.03
1779861698,R_100,343.06
1779861700,R_100,343.05
1779861702,R_100,343.07
1779861704,R_100,343.21
1779861706,R_100,343.1
1779861708,R_100,343.04
1779861710,R_100,342.88
1779861712,R_100,342.91
1779861714,R_100,342.85
1779861716,R_100,342.99
1779861718,R_100,343.03
1779861720,R_100,343.14
1779861722,R_100,343.05
1779861724,R_100,343
1779861726,R_100,343.15
1779861728,R_100,343.13
1779861730,R_100,343.1
1779861732,R_100,343
1779861734,R_100,342.98
1779861736,R_100,343.11
1779861738,R_100,343.12
1779861740,R_100,342.98
1779861742,R_100,343.04
1779861744,R_100,343.05
1779861746,R_100,343.25
1779861748,R_100,343.12
1779861750,R_100,343.09
1779861752,R_100,343.06
1779861754,R_100,342.83
1779861756,R_100,342.84
1779861758,R_100,342.92
1779861760,R_100,342.7
1779861762,R_100,342.71
1779861764,R_100,342.77
1779861766,R_100,342.78
1779861768,R_100,342.77
1779861770,R_100,342.83
1779861772,R_100,342.81
1779861774,R_100,342.87
1779861776,R_100,343.06
1779861778,R_100,343.03
1779861780,R_100,343.2
1779861782,R_100,343.18
1779861784,R_100,343.21
1779861786,R_100,343.11
1779861788,R_100,342.99
1779861790,R_100,342.9
1779861792,R_100,342.95
1779861794,R_100,342.97
1779861796,R_100,343.05
1779861798,R_100,343.01
1779861800,R_100,342.95
1779861802,R_100,342.99
1779861804,R_100,343.13
1779861806,R_100,343.1
1779861808,R_100,343.08
1779861810,R_100,343.02
1779861812,R_100,343.13
1779861814,R_100,343.29
1779861816,R_100,343.25
1779861818,R_100,343.16
1779861820,R_100,343.29
1779861822,R_100,343.39
1779861824,R_100,343.52
1779861826,R_100,343.46
1779861828,R_100,343.48
1779861830,R_100,343.49
1779861832,R_100,343.58
1779861834,R_100,343.5
1779861836,R_100,343.47
1779861838,R_100,343.43
1779861840,R_100,343.46
1779861842,R_100,343.48
1779861844,R_100,343.41
1779861846,R_100,343.39
1779861848,R_100,343.36
1779861850,R_100,343.47
1779861852,R_100,343.43
1779861854,R_100,343.37
1779861856,R_100,343.4
1779861858,R_100,343.36
1779861860,R_100,343.34
1779861862,R_100,343.28
1779861864,R_100,343.05
1779861866,R_100,343.1
1779861868,R_100,343.24
1779861870,R_100,343.26
1779861872,R_100,343.32
1779861874,R_100,343.26
1779861876,R_100,343.26
1779861878,R_100,343.3
1779861880,R_100,343.28
1779861882,R_100,343.26
1779861884,R_100,343.18
1779861886,R_100,343.08
1779861888,R_100,343.15
1779861890,R_100,343.04
1779861892,R_100,343.12
1779861894,R_100,343.14
1779861896,R_100,343.2
1779861898,R_100,343.26
1779861900,R_100,343.32
1779861902,R_100,343.32
1779861904,R_100,343.36
1779861906,R_100,343.39
1779861908,R_100,343.51
1779861910,R_100,343.47
1779861912,R_100,343.66
1779861914,R_100,343.75
1779861916,R_100,343.76
1779861918,R_100,343.6
1779861920,R_100,343.49
1779861922,R_100,343.33
1779861924,R_100,343.32
1779861926,R_100,343.26
1779861928,R_100,343.29
1779861930,R_100,343.31
1779861932,R_100,343.28
1779861934,R_100,343.21
1779861936,R_100,343.08
1779861938,R_100,343.19
1779861940,R_100,343.17
1779861942,R_100,343.18
1779861944,R_100,343.22
1779861946,R_100,343.23
1779861948,R_100,343.24
1779861950,R_100,343.19
1779861952,R_100,343.19
1779861954,R_100,343.24
1779861956,R_100,343.29
1779861958,R_100,343.31
1779861960,R_100,343.36
1779861962,R_100,343.34
1779861964,R_100,343.39
1779861966,R_100,343.38
1779861968,R_100,343.47
1779861970,R_100,343.53
1779861972,R_100,343.44
1779861974,R_100,343.47
1779861976,R_100,343.46
1779861978,R_100,343.48
1779861980,R_100,343.51
1779861982,R_100,343.51
1779861984,R_100,343.62
1779861986,R_100,343.65
1779861988,R_100,343.6
1779861990,R_100,343.54
1779861992,R_100,343.6
1779861994,R_100,343.7
1779861996,R_100,343.57
1779861998,R_100,343.46
1779862000,R_100,343.54
1779862002,R_100,343.54
1779862004,R_100,343.67
1779862006,R_100,343.65
1779862008,R_100,343.63
1779862010,R_100,343.83
1779862012,R_100,343.81
1779862014,R_100,343.91
1779862016,R_100,343.96
1779862018,R_100,343.91
1779862020,R_100,343.99
1779862022,R_100,343.96
1779862024,R_100,343.97
1779862026,R_100,344.02
1779862028,R_100,344.17
1779862030,R_100,344.11
1779862032,R_100,344.11
1779862034,R_100,344.2
1779862036,R_100,344.23
1779862038,R_100,344.26
1779862040,R_100,344.12
1779862042,R_100,344.04
1779862044,R_100,344.17
1779862046,R_100,344.21
1779862048,R_100,344.13
1779862050,R_100,344.12
1779862052,R_100,344.05
1779862054,R_100,344.17
1779862056,R_100,344.35
1779862058,R_100,344.29
1779862060,R_100,344.27
1779862062,R_100,344.14
1779862064,R_100,344.26
1779862066,R_100,344.18
1779862068,R_100,344.31
1779862070,R_100,344.27
1779862072,R_100,344.29
1779862074,R_100,344.2
1779862076,R_100,344.22
1779862078,R_100,344.16
1779862080,R_100,344.12
1779862082,R_100,344.14
1779862084,R_100,344.17
1779862086,R_100,344.27
1779862088,R_100,344.3
1779862090,R_100,344.39
1779862092,R_100,344.28
1779862094,R_100,344.22
1779862096,R_100,344.2
1779862098,R_100,344.12
1779862100,R_100,344.09
1779862102,R_100,344.14
1779862104,R_100,344.22
1779862106,R_100,344.23
1779862108,R_100,344.24
1779862110,R_100,344.41
1779862112,R_100,344.44
1779862114,R_100,344.33
1779862116,R_100,344.32
1779862118,R_100,344.32
1779862120,R_100,344.34
1779862122,R_100,344.36
1779862124,R_100,344.42
1779862126,R_100,344.39
1779862128,R_100,344.39
1779862130,R_100,344.48
1779862132,R_100,344.46
1779862134,R_100,344.54
1779862136,R_100,344.5
1779862138,R_100,344.53
1779862140,R_100,344.45
1779862142,R_100,344.41
1779862144,R_100,344.32
1779862146,R_100,344.31
1779862148,R_100,344.13
1779862150,R_100,344.05
1779862152,R_100,344.05
1779862154,R_100,344.21
1779862156,R_100,344.25
1779862158,R_100,344.2
1779862160,R_100,344.15
1779862162,R_100,344.31
1779862164,R_100,344.3
1779862166,R_100,344.28
1779862168,R_100,344.29
1779862170,R_100,344.32
1779862172,R_100,344.25
1779862174,R_100,344.1
1779862176,R_100,344.05
1779862178,R_100,343.9
1779862180,R_100,343.89
1779862182,R_100,343.99
1779862184,R_100,344.22
1779862186,R_100,344.33
1779862188,R_100,344.34
1779862190,R_100,344.48
1779862192,R_100,344.37
1779862194,R_100,344.43
1779862196,R_100,344.47
1779862198,R_100,344.38
1779862200,R_100,344.32
1779862202,R_100,344.51
1779862204,R_100,344.54
1779862206,R_100,344.66
1779862208,R_100,344.53
1779862210,R_100,344.33
1779862212,R_100,344.29
1779862214,R_100,344.31
1779862216,R_100,344.29
1779862218,R_100,344.3
1779862220,R_100,344.42
1779862222,R_100,344.41
1779862224,R_100,344.36
1779862226,R_100,344.4
1779862228,R_100,344.46
1779862230,R_100,344.46
1779862232,R_100,344.53
1779862234,R_100,344.64
1779862236,R_100,344.67
1779862238,R_100,344.6
1779862240,R_100,344.56
1779862242,R_100,344.63
1779862244,R_100,344.69
1779862246,R_100,344.73
1779862248,R_100,344.75
1779862250,R_100,344.75
1779862252,R_100,344.68
1779862254,R_100,344.76
1779862256,R_100,344.6
1779862258,R_100,344.54
1779862260,R_100,344.53
1779862262,R_100,344.54
1779862264,R_100,344.71
1779862266,R_100,344.71
1779862268,R_100,344.76
1779862270,R_100,344.61
1779862272,R_100,344.67
1779862274,R_100,344.7
1779862276,R_100,344.56
1779862278,R_100,344.64
1779862280,R_100,344.6
1779862282,R_100,344.79
1779862284,R_100,344.79
1779862286,R_100,344.89
1779862288,R_100,344.94
1779862290,R_100,345.01
1779862292,R_100,345
1779862294,R_100,345.01
1779862296,R_100,345.05
1779862298,R_100,345.09
1779862300,R_100,345.29
1779862302,R_100,345.45
1779862304,R_100,345.41
1779862306,R_100,345.35
1779862308,R_100,345.32
1779862310,R_100,345.3
1779862312,R_100,345.33
1779862314,R_100,345.4
1779862316,R_100,345.45
1779862318,R_100,345.5
1779862320,R_100,345.5
1779862322,R_100,345.6
1779862324,R_100,345.54
1779862326,R_100,345.61
1779862328,R_100,345.59
1779862330,R_100,345.7
1779862332,R_100,345.8
1779862334,R_100,345.76
1779862336,R_100,345.62
1779862338,R_100,345.75
1779862340,R_100,345.76
1779862342,R_100,345.75
1779862344,R_100,345.73
1779862346,R_100,345.88
1779862348,R_100,345.85
1779862350,R_100,345.71
1779862352,R_100,345.73
1779862354,R_100,345.81
1779862356,R_100,345.77
1779862358,R_100,345.74
1779862360,R_100,345.78
1779862362,R_100,345.9
1779862364,R_100,345.85
1779862366,R_100,345.9
1779862368,R_100,345.88
1779862370,R_100,345.79
1779862372,R_100,345.85
1779862374,R_100,345.91
1779862376,R_100,345.74
1779862378,R_100,345.73
1779862380,R_100,345.64
1779862382,R_100,345.79
1779862384,R_100,345.86
1779862386,R_100,345.96
1779862388,R_100,345.89
1779862390,R_100,345.95
1779862392,R_100,346
1779862394,R_100,346.05
1779862396,R_100,345.89
1779862398,R_100,345.7
1779862400,R_100,345.76
1779862402,R_100,345.72
1779862404,R_100,345.87
1779862406,R_100,345.7
1779862408,R_100,345.73
1779862410,R_100,345.81
1779862412,R_100,345.75
1779862414,R_100,345.74
1779862416,R_100,345.76
1779862418,R_100,345.76
1779862420,R_100,345.72
1779862422,R_100,345.71
1779862424,R_100,345.75
1779862426,R_100,345.78
1779862428,R_100,345.65
1779862430,R_100,345.67
1779862432,R_100,345.69
1779862434,R_100,345.67
1779862436,R_100,345.72
1779862438,R_100,345.83
1779862440,R_100,345.87
1779862442,R_100,345.86
1779862444,R_100,345.86
1779862446,R_100,345.82
1779862448,R_100,345.85
1779862450,R_100,345.99
1779862452,R_100,346.02
1779862454,R_100,346.02
1779862456,R_100,346
1779862458,R_100,345.97
1779862460,R_100,345.91
1779862462,R_100,346.1
1779862464,R_100,346.14
1779862466,R_100,346.04
1779862468,R_100,345.97
1779862470,R_100,345.99
1779862472,R_100,345.86
1779862474,R_100,345.91
1779862476,R_100,345.95
1779862478,R_100,346
1779862480,R_100,345.93
1779862482,R_100,346.08
1779862484,R_100,345.96
1779862486,R_100,346.11
1779862488,R_100,346.16
1779862490,R_100,346.12
1779862492,R_100,346.2
1779862494,R_100,346.23
1779862496,R_100,346.35
1779862498,R_100,346.44
1779862500,R_100,346.62
1779862502,R_100,346.73
1779862504,R_100,346.63
1779862506,R_100,346.56
1779862508,R_100,346.47
1779862510,R_100,346.53
1779862512,R_100,346.47
1779862514,R_100,346.43
1779862516,R_100,346.55
1779862518,R_100,346.54
1779862520,R_100,346.59
1779862522,R_100,346.59
1779862524,R_100,346.59
1779862526,R_100,346.66
1779862528,R_100,346.84
1779862530,R_100,346.87
1779862532,R_100,346.72
1779862534,R_100,346.7
1779862536,R_100,346.71
1779862538,R_100,346.63
1779862540,R_100,346.62
1779862542,R_100,346.53
1779862544,R_100,346.33
1779862546,R_100,346.33
1779862548,R_100,346.16
1779862550,R_100,346.14
1779862552,R_100,346.15
1779862554,R_100,346.1
1779862556,R_100,346.16
1779862558,R_100,346.16
1779862560,R_100,346.27
1779862562,R_100,346.2
1779862564,R_100,346.17
1779862566,R_100,346
1779862568,R_100,346.04
1779862570,R_100,346.02
1779862572,R_100,345.99
1779862574,R_100,345.83
1779862576,R_100,345.91
1779862578,R_100,346.02
1779862580,R_100,346.17
1779862582,R_100,346.1
1779862584,R_100,346.07
1779862586,R_100,345.98
1779862588,R_100,345.97
1779862590,R_100,345.93
1779862592,R_100,345.9
1779862594,R_100,345.85
1779862596,R_100,345.75
1779862598,R_100,345.74
1779862600,R_100,345.79
1779862602,R_100,345.82
1779862604,R_100,345.76
1779862606,R_100,345.7
1779862608,R_100,345.81
1779862610,R_100,345.83
1779862612,R_100,345.82
1779862614,R_100,345.9
1779862616,R_100,345.81
1779862618,R_100,345.84
1779862620,R_100,345.8
1779862622,R_100,345.77
1779862624,R_100,345.66
1779862626,R_100,345.68
1779862628,R_100,345.66
1779862630,R_100,345.45
1779862632,R_100,345.44
1779862634,R_100,345.43
1779862636,R_100,345.55
1779862638,R_100,345.61
1779862640,R_100,345.42
1779862642,R_100,345.45
1779862644,R_100,345.63
1779862646,R_100,345.64
1779862648,R_100,345.49
1779862650,R_100,345.4
1779862652,R_100,345.22
1779862654,R_100,345.22
1779862656,R_100,345.32
1779862658,R_100,345.32
1779862660,R_100,345.3
1779862662,R_100,345.18
1779862664,R_100,345.25
1779862666,R_100,345.2
1779862668,R_100,345.3
1779862670,R_100,345.28
1779862672,R_100,345.37
1779862674,R_100,345.38
1779862676,R_100,345.37
1779862678,R_100,345.36
1779862680,R_100,345.27
1779862682,R_100,345.22
1779862684,R_100,345.24
1779862686,R_100,345.22
1779862688,R_100,345.2
1779862690,R_100,345.33
1779862692,R_100,345.35
1779862694,R_100,345.28
1779862696,R_100,345.31
1779862698,R_100,345.44
1779862700,R_100,345.34
1779862702,R_100,345.4
1779862704,R_100,345.34
1779862706,R_100,345.25
1779862708,R_100,345.27
1779862710,R_100,345.4
1779862712,R_100,345.48
1779862714,R_100,345.35
1779862716,R_100,345.3
1779862718,R_100,345.22
1779862720,R_100,345.12
1779862722,R_100,345.17
1779862724,R_100,345.01
1779862726,R_100,345.05
1779862728,R_100,345.21
1779862730,R_100,345.24
1779862732,R_100,345.33
1779862734,R_100,345.28
1779862736,R_100,345.22
1779862738,R_100,345.22
1779862740,R_100,345.14
1779862742,R_100,345.04
1779862744,R_100,345.07
1779862746,R_100,345.18
1779862748,R_100,345.26
1779862750,R_100,345.42
1779862752,R_100,345.42
1779862754,R_100,345.27
1779862756,R_100,345.43
1779862758,R_100,345.52
1779862760,R_100,345.53
1779862762,R_100,345.56
1779862764,R_100,345.72
1779862766,R_100,345.58
1779862768,R_100,345.7
1779862770,R_100,345.79
1779862772,R_100,345.76
1779862774,R_100,345.77
1779862776,R_100,345.84
1779862778,R_100,345.89
1779862780,R_100,345.91
1779862782,R_100,345.86
1779862784,R_100,345.93
1779862786,R_100,345.9
1779862788,R_100,346.04
1779862790,R_100,345.97
1779862792,R_100,345.9
1779862794,R_100,346.03
1779862796,R_100,345.96
1779862798,R_100,346
1779862800,R_100,346.02
1779862802,R_100,346.05
1779862804,R_100,346.13
1779862806,R_100,346.29
1779862808,R_100,346.3
1779862810,R_100,346.2
1779862812,R_100,346.38
1779862814,R_100,346.34
1779862816,R_100,346.36
1779862818,R_100,346.35
1779862820,R_100,346.29
1779862822,R_100,346.36
1779862824,R_100,346.36
1779862826,R_100,346.34
1779862828,R_100,346.27
1779862830,R_100,346.37
1779862832,R_100,346.41
1779862834,R_100,346.57
1779862836,R_100,346.42
1779862838,R_100,346.42
1779862840,R_100,346.5
1779862842,R_100,346.61
1779862844,R_100,346.51
1779862846,R_100,346.49
1779862848,R_100,346.49
1779862850,R_100,346.36
1779862852,R_100,346.36
1779862854,R_100,346.14
1779862856,R_100,346.1
1779862858,R_100,346.12
1779862860,R_100,346.19
1779862862,R_100,346.13
1779862864,R_100,346.15
1779862866,R_100,346.23
1779862868,R_100,346.35
1779862870,R_100,346.19
1779862872,R_100,346.22
1779862874,R_100,346.09
1779862876,R_100,346.13
1779862878,R_100,346.22
1779862880,R_100,346.23
1779862882,R_100,346.27
1779862884,R_100,346.46
1779862886,R_100,346.41
1779862888,R_100,346.45
1779862890,R_100,346.6
1779862892,R_100,346.73
1779862894,R_100,346.93
1779862896,R_100,346.78
1779862898,R_100,346.81
1779862900,R_100,346.84
1779862902,R_100,346.75
1779862904,R_100,346.74
1779862906,R_100,346.69
1779862908,R_100,346.72
1779862910,R_100,346.78
1779862912,R_100,346.85
1779862914,R_100,346.93
1779862916,R_100,346.96
1779862918,R_100,347.11
1779862920,R_100,346.95
1779862922,R_100,346.98
1779862924,R_100,347.13
1779862926,R_100,347.01
1779862928,R_100,346.94
1779862930,R_100,346.96
1779862932,R_100,347
1779862934,R_100,347.07
1779862936,R_100,347.02
1779862938,R_100,347.09
1779862940,R_100,346.97
1779862942,R_100,347.06
1779862944,R_100,346.98
1779862946,R_100,346.99
1779862948,R_100,346.98
1779862950,R_100,346.96
1779862952,R_100,346.9
1779862954,R_100,346.81
1779862956,R_100,346.92
1779862958,R_100,346.86
1779862960,R_100,346.84
1779862962,R_100,346.82
1779862964,R_100,346.62
1779862966,R_100,346.63
1779862968,R_100,346.68
1779862970,R_100,346.67
1779862972,R_100,346.67
1779862974,R_100,346.7
1779862976,R_100,346.75
1779862978,R_100,346.83
1779862980,R_100,346.92
1779862982,R_100,346.95
1779862984,R_100,347.08
1779862986,R_100,347.16
1779862988,R_100,347.18
1779862990,R_100,347.16
1779862992,R_100,347.08
1779862994,R_100,347.06
1779862996,R_100,346.96
1779862998,R_100,346.72
1779863000,R_100,346.59
1779863002,R_100,346.76
1779863004,R_100,346.74
1779863006,R_100,346.75
1779863008,R_100,346.73
1779863010,R_100,346.74
1779863012,R_100,346.75
1779863014,R_100,346.86
1779863016,R_100,346.95
1779863018,R_100,346.83
1779863020,R_100,346.9
1779863022,R_100,346.82
1779863024,R_100,346.86
1779863026,R_100,346.77
1779863028,R_100,346.81
1779863030,R_100,346.86
1779863032,R_100,346.83
1779863034,R_100,346.92
1779863036,R_100,347.02
1779863038,R_100,347.02
1779863040,R_100,346.96
1779863042,R_100,346.83
1779863044,R_100,346.93
1779863046,R_100,346.79
1779863048,R_100,346.81
1779863050,R_100,346.72
1779863052,R_100,346.68
1779863054,R_100,346.64
1779863056,R_100,346.9
1779863058,R_100,347.08
1779863060,R_100,347
1779863062,R_100,346.97
1779863064,R_100,346.9
1779863066,R_100,347.02
1779863068,R_100,347.18
1779863070,R_100,347.16
1779863072,R_100,347.23
1779863074,R_100,347.12
1779863076,R_100,347.05
1779863078,R_100,346.87
1779863080,R_100,346.99
1779863082,R_100,346.96
1779863084,R_100,347.16
1779863086,R_100,347.19
1779863088,R_100,347.29
1779863090,R_100,347.23
1779863092,R_100,347.39
1779863094,R_100,347.51
1779863096,R_100,347.6
1779863098,R_100,347.56
1779863100,R_100,347.57
1779863102,R_100,347.42
1779863104,R_100,347.63
1779863106,R_100,347.84
1779863108,R_100,347.68
1779863110,R_100,347.67
1779863112,R_100,347.77
1779863114,R_100,347.72
1779863116,R_100,347.83
1779863118,R_100,347.77
1779863120,R_100,347.79
1779863122,R_100,347.71
1779863124,R_100,347.76
1779863126,R_100,347.56
1779863128,R_100,347.51
1779863130,R_100,347.62
1779863132,R_100,347.53
1779863134,R_100,347.56
1779863136,R_100,347.5
1779863138,R_100,347.65
1779863140,R_100,347.61
1779863142,R_100,347.62
1779863144,R_100,347.75
1779863146,R_100,347.79
1779863148,R_100,347.71
1779863150,R_100,347.78
1779863152,R_100,347.95
1779863154,R_100,347.89
1779863156,R_100,347.77
1779863158,R_100,347.76
1779863160,R_100,347.76
1779863162,R_100,347.8
1779863164,R_100,347.8
1779863166,R_100,347.88
1779863168,R_100,348.03
1779863170,R_100,348.03
1779863172,R_100,347.97
1779863174,R_100,347.83
1779863176,R_100,347.87
1779863178,R_100,347.89
1779863180,R_100,347.9
1779863182,R_100,347.99
1779863184,R_100,348.08
1779863186,R_100,347.98
1779863188,R_100,347.91
1779863190,R_100,347.8
1779863192,R_100,347.76
1779863194,R_100,347.75
1779863196,R_100,347.97
1779863198,R_100,347.78
1779863200,R_100,347.79
1779863202,R_100,347.94
1779863204,R_100,347.94
1779863206,R_100,347.8
1779863208,R_100,347.67
1779863210,R_100,347.66
1779863212,R_100,347.66
1779863214,R_100,347.69
1779863216,R_100,347.63
1779863218,R_100,347.65
1779863220,R_100,347.63
1779863222,R_100,347.63
1779863224,R_100,347.45
1779863226,R_100,347.39
1779863228,R_100,347.47
1779863230,R_100,347.63
1779863232,R_100,347.64
1779863234,R_100,347.57
1779863236,R_100,347.49
1779863238,R_100,347.5
1779863240,R_100,347.48
1779863242,R_100,347.55
1779863244,R_100,347.63
1779863246,R_100,347.5
1779863248,R_100,347.6
1779863250,R_100,347.56
1779863252,R_100,347.59
1779863254,R_100,347.51
1779863256,R_100,347.7
1779863258,R_100,347.86
1779863260,R_100,347.73
1779863262,R_100,347.84
1779863264,R_100,347.81
1779863266,R_100,347.75
1779863268,R_100,347.73
1779863270,R_100,347.91
1779863272,R_100,348.01
1779863274,R_100,347.94
1779863276,R_100,347.92
1779863278,R_100,347.95
1779863280,R_100,347.96
1779863282,R_100,347.91
1779863284,R_100,347.69
1779863286,R_100,347.71
1779863288,R_100,347.61
1779863290,R_100,347.59
1779863292,R_100,347.7
1779863294,R_100,347.68
1779863296,R_100,347.64
1779863298,R_100,347.61
1779863300,R_100,347.62
1779863302,R_100,347.82
1779863304,R_100,347.83
1779863306,R_100,347.78
1779863308,R_100,347.79
1779863310,R_100,347.86
1779863312,R_100,347.83
1779863314,R_100,347.87
1779863316,R_100,347.86
1779863318,R_100,348.01
1779863320,R_100,347.98
1779863322,R_100,348.01
1779863324,R_100,347.9
1779863326,R_100,347.91
1779863328,R_100,347.86
1779863330,R_100,347.87
1779863332,R_100,347.92
1779863334,R_100,347.82
1779863336,R_100,347.86
1779863338,R_100,347.9
1779863340,R_100,348.06
1779863342,R_100,348.06
1779863344,R_100,348.08
1779863346,R_100,348.03
1779863348,R_100,348.08
1779863350,R_100,348.14
1779863352,R_100,348.24
1779863354,R_100,348.05
1779863356,R_100,347.99
1779863358,R_100,347.9
1779863360,R_100,347.93
1779863362,R_100,347.83
1779863364,R_100,347.78
1779863366,R_100,347.82
1779863368,R_100,347.8
1779863370,R_100,347.92
1779863372,R_100,347.94
1779863374,R_100,348.03
1779863376,R_100,348.23
1779863378,R_100,348.3
1779863380,R_100,348.23
1779863382,R_100,348.26
1779863384,R_100,348.16
1779863386,R_100,348.14
1779863388,R_100,348.18
1779863390,R_100,348.1
1779863392,R_100,348.1
1779863394,R_100,348.17
1779863396,R_100,348.24
1779863398,R_100,348.3
1779863400,R_100,348.2
1779863402,R_100,348.13
1779863404,R_100,348.12
1779863406,R_100,348.02
1779863408,R_100,348.01
1779863410,R_100,347.93
1779863412,R_100,347.97
1779863414,R_100,348.05
1779863416,R_100,348.04
1779863418,R_100,348.1
1779863420,R_100,348.04
1779863422,R_100,348.09
1779863424,R_100,348.07
1779863426,R_100,348.04
1779863428,R_100,347.97
1779863430,R_100,347.91
1779863432,R_100,348
1779863434,R_100,347.99
1779863436,R_100,348.09
1779863438,R_100,347.86
1779863440,R_100,347.72
1779863442,R_100,347.75
1779863444,R_100,347.62
1779863446,R_100,347.73
1779863448,R_100,347.57
1779863450,R_100,347.57
1779863452,R_100,347.55
1779863454,R_100,347.43
1779863456,R_100,347.53
1779863458,R_100,347.53
1779863460,R_100,347.41
1779863462,R_100,347.48
1779863464,R_100,347.48
1779863466,R_100,347.56
1779863468,R_100,347.59
1779863470,R_100,347.63
1779863472,R_100,347.53
1779863474,R_100,347.54
1779863476,R_100,347.5
1779863478,R_100,347.48
1779863480,R_100,347.56
1779863482,R_100,347.64
1779863484,R_100,347.65
1779863486,R_100,347.49
1779863488,R_100,347.52
1779863490,R_100,347.53
1779863492,R_100,347.55
1779863494,R_100,347.55
1779863496,R_100,347.69
1779863498,R_100,347.63
1779863500,R_100,347.72
1779863502,R_100,347.7
1779863504,R_100,347.71
1779863506,R_100,347.68
1779863508,R_100,347.58
1779863510,R_100,347.62
1779863512,R_100,347.56
1779863514,R_100,347.59
1779863516,R_100,347.62
1779863518,R_100,347.6
1779863520,R_100,347.62
1779863522,R_100,347.63
1779863524,R_100,347.69
1779863526,R_100,347.7
1779863528,R_100,347.49
1779863530,R_100,347.49
1779863532,R_100,347.49
1779863534,R_100,347.45
1779863536,R_100,347.52
1779863538,R_100,347.54
1779863540,R_100,347.58
1779863542,R_100,347.38
1779863544,R_100,347.37
1779863546,R_100,347.38
1779863548,R_100,347.44
1779863550,R_100,347.54
1779863552,R_100,347.49
1779863554,R_100,347.46
1779863556,R_100,347.55
1779863558,R_100,347.5
1779863560,R_100,347.53
1779863562,R_100,347.59
1779863564,R_100,347.5
1779863566,R_100,347.46
1779863568,R_100,347.61
1779863570,R_100,347.86
1779863572,R_100,347.92
1779863574,R_100,348.1
1779863576,R_100,348.16
1779863578,R_100,348.1
1779863580,R_100,348.28
1779863582,R_100,348.41
1779863584,R_100,348.35
1779863586,R_100,348.34
1779863588,R_100,348.26
1779863590,R_100,348.22
1779863592,R_100,348.19
1779863594,R_100,348.34
1779863596,R_100,348.19
1779863598,R_100,348.31
1779863600,R_100,348.46
1779863602,R_100,348.56
1779863604,R_100,348.46
1779863606,R_100,348.44
1779863608,R_100,348.43
1779863610,R_100,348.46
1779863612,R_100,348.43
1779863614,R_100,348.3
1779863616,R_100,348.29
1779863618,R_100,348.45
1779863620,R_100,348.57
1779863622,R_100,348.58
1779863624,R_100,348.45
1779863626,R_100,348.42
1779863628,R_100,348.31
1779863630,R_100,348.34
1779863632,R_100,348.43
1779863634,R_100,348.26
1779863636,R_100,348.07
1779863638,R_100,348.13
1779863640,R_100,348.18
1779863642,R_100,348.22
1779863644,R_100,348.28
1779863646,R_100,348.48
1779863648,R_100,348.45
1779863650,R_100,348.34
1779863652,R_100,348.5
1779863654,R_100,348.59
1779863656,R_100,348.54
1779863658,R_100,348.56
1779863660,R_100,348.53
1779863662,R_100,348.5
1779863664,R_100,348.44
1779863666,R_100,348.4
1779863668,R_100,348.36
1779863670,R_100,348.47
1779863672,R_100,348.38
1779863674,R_100,348.36
1779863676,R_100,348.23
1779863678,R_100,348.16
1779863680,R_100,348.21
1779863682,R_100,348.13
1779863684,R_100,348.2
1779863686,R_100,348.2
1779863688,R_100,348.21
1779863690,R_100,348.28
1779863692,R_100,348.47
1779863694,R_100,348.36
1779863696,R_100,348.15
1779863698,R_100,348.15
1779863700,R_100,348.24
1779863702,R_100,348.25
1779863704,R_100,348.21
1779863706,R_100,348.05
1779863708,R_100,348.03
1779863710,R_100,347.94
1779863712,R_100,347.92
1779863714,R_100,348.14
1779863716,R_100,348.06
1779863718,R_100,348.01
1779863720,R_100,347.92
1779863722,R_100,347.76
1779863724,R_100,347.76
1779863726,R_100,347.64
1779863728,R_100,347.61
1779863730,R_100,347.57
1779863732,R_100,347.57
1779863734,R_100,347.64
1779863736,R_100,347.51
1779863738,R_100,347.38
1779863740,R_100,347.6
1779863742,R_100,347.79
1779863744,R_100,347.69
1779863746,R_100,347.65
1779863748,R_100,347.68
1779863750,R_100,347.57
1779863752,R_100,347.5
1779863754,R_100,347.52
1779863756,R_100,347.58
1779863758,R_100,347.58
1779863760,R_100,347.72
1779863762,R_100,347.75
1779863764,R_100,347.92
1779863766,R_100,347.83
1779863768,R_100,347.9
1779863770,R_100,347.97
1779863772,R_100,348
1779863774,R_100,347.86
1779863776,R_100,347.72
1779863778,R_100,347.82
1779863780,R_100,347.86
1779863782,R_100,347.8
1779863784,R_100,347.87
1779863786,R_100,347.83
1779863788,R_100,347.62
1779863790,R_100,347.64
1779863792,R_100,347.75
1779863794,R_100,347.6
1779863796,R_100,347.72
1779863798,R_100,347.72
1779863800,R_100,347.78
1779863802,R_100,347.65
1779863804,R_100,347.7
1779863806,R_100,347.73
1779863808,R_100,347.64
1779863810,R_100,347.69
1779863812,R_100,347.79
1779863814,R_100,347.74
1779863816,R_100,347.76
1779863818,R_100,347.72
1779863820,R_100,347.65
1779863822,R_100,347.62
1779863824,R_100,347.64
1779863826,R_100,347.61
1779863828,R_100,347.6
1779863830,R_100,347.66
1779863832,R_100,347.63
1779863834,R_100,347.49
1779863836,R_100,347.49
1779863838,R_100,347.41
1779863840,R_100,347.46
1779863842,R_100,347.32
1779863844,R_100,347.37
1779863846,R_100,347.14
1779863848,R_100,347.12
1779863850,R_100,347.07
1779863852,R_100,347
1779863854,R_100,347.1
1779863856,R_100,346.97
1779863858,R_100,347
1779863860,R_100,346.87
1779863862,R_100,346.79
1779863864,R_100,346.8
1779863866,R_100,346.92
1779863868,R_100,347.14
1779863870,R_100,347.22
1779863872,R_100,347.1
1779863874,R_100,347.19
1779863876,R_100,347.2
1779863878,R_100,347.28
1779863880,R_100,347.12
1779863882,R_100,347.11
1779863884,R_100,347.04
1779863886,R_100,347.08
1779863888,R_100,347.17
1779863890,R_100,347.1
1779863892,R_100,347.13
1779863894,R_100,346.95
1779863896,R_100,347.03
1779863898,R_100,346.94
1779863900,R_100,346.92
1779863902,R_100,346.87
1779863904,R_100,346.9
1779863906,R_100,346.85
1779863908,R_100,346.7
1779863910,R_100,346.6
1779863912,R_100,346.71
1779863914,R_100,346.73
1779863916,R_100,346.64
1779863918,R_100,346.49
1779863920,R_100,346.44
1779863922,R_100,346.53
1779863924,R_100,346.51
1779863926,R_100,346.47
1779863928,R_100,346.56
1779863930,R_100,346.59
1779863932,R_100,346.61
1779863934,R_100,346.6
1779863936,R_100,346.73
1779863938,R_100,346.77
1779863940,R_100,346.83
1779863942,R_100,346.87
1779863944,R_100,346.98
1779863946,R_100,346.95
1779863948,R_100,347.01
1779863950,R_100,346.99
1779863952,R_100,347.02
1779863954,R_100,346.99
1779863956,R_100,346.95
1779863958,R_100,347.01
1779863960,R_100,346.96
1779863962,R_100,346.97
1779863964,R_100,346.94
1779863966,R_100,346.76
1779863968,R_100,346.92
1779863970,R_100,346.93
1779863972,R_100,346.9
1779863974,R_100,346.91
1779863976,R_100,346.93
1779863978,R_100,346.83
1779863980,R_100,346.88
1779863982,R_100,346.85
1779863984,R_100,346.86
1779863986,R_100,346.96
1779863988,R_100,347
1779863990,R_100,347.07
1779863992,R_100,347.22
1779863994,R_100,347.22
1779863996,R_100,347.41
1779863998,R_100,347.49
1779864000,R_100,347.47
1779864002,R_100,347.52
1779864004,R_100,347.49
1779864006,R_100,347.5
1779864008,R_100,347.47
1779864010,R_100,347.63
1779864012,R_100,347.54
1779864014,R_100,347.63
1779864016,R_100,347.65
1779864018,R_100,347.52
1779864020,R_100,347.47
1779864022,R_100,347.36
1779864024,R_100,347.46
1779864026,R_100,347.48
1779864028,R_100,347.61
1779864030,R_100,347.51
1779864032,R_100,347.48
1779864034,R_100,347.34
1779864036,R_100,347.17
1779864038,R_100,347.12
1779864040,R_100,347.14
1779864042,R_100,347.15
1779864044,R_100,347.13
1779864046,R_100,347.27
1779864048,R_100,347.23
1779864050,R_100,347.15
1779864052,R_100,347.17
1779864054,R_100,347.1
1779864056,R_100,347.14
1779864058,R_100,347.1
1779864060,R_100,347.05
1779864062,R_100,347.05
1779864064,R_100,346.99
1779864066,R_100,347.07
1779864068,R_100,347.03
1779864070,R_100,347.01
1779864072,R_100,347.08
1779864074,R_100,346.94
1779864076,R_100,346.84
1779864078,R_100,346.79
1779864080,R_100,346.8
1779864082,R_100,346.88
1779864084,R_100,346.71
1779864086,R_100,346.69
1779864088,R_100,346.85
1779864090,R_100,346.75
1779864092,R_100,346.9
1779864094,R_100,346.8
1779864096,R_100,346.82
1779864098,R_100,346.85
1779864100,R_100,346.95
1779864102,R_100,346.94
1779864104,R_100,346.9
1779864106,R_100,347.03
1779864108,R_100,347.01
1779864110,R_100,347.1
1779864112,R_100,347.13
1779864114,R_100,347.14
1779864116,R_100,347.14
1779864118,R_100,347.19
1779864120,R_100,347.16
1779864122,R_100,347.22
1779864124,R_100,347.32
1779864126,R_100,347.25
1779864128,R_100,347.47
1779864130,R_100,347.48
1779864132,R_100,347.58
1779864134,R_100,347.53
1779864136,R_100,347.61
1779864138,R_100,347.69
1779864140,R_100,347.64
1779864142,R_100,347.76
1779864144,R_100,347.71
1779864146,R_100,347.6
1779864148,R_100,347.67
1779864150,R_100,347.82
1779864152,R_100,347.65
1779864154,R_100,347.64
1779864156,R_100,347.55
1779864158,R_100,347.56
1779864160,R_100,347.56
1779864162,R_100,347.48
1779864164,R_100,347.51
1779864166,R_100,347.66
1779864168,R_100,347.75
1779864170,R_100,347.84
1779864172,R_100,347.8
1779864174,R_100,347.85
1779864176,R_100,347.86
1779864178,R_100,347.8
1779864180,R_100,347.84
1779864182,R_100,347.78
1779864184,R_100,347.69
1779864186,R_100,347.59
1779864188,R_100,347.72
1779864190,R_100,347.58
1779864192,R_100,347.63
1779864194,R_100,347.69
1779864196,R_100,347.77
1779864198,R_100,347.67
1779864200,R_100,347.73
1779864202,R_100,347.7
1779864204,R_100,347.72
1779864206,R_100,347.73
1779864208,R_100,347.69
1779864210,R_100,347.6
1779864212,R_100,347.76
1779864214,R_100,347.82
1779864216,R_100,347.69
1779864218,R_100,347.62
1779864220,R_100,347.54
1779864222,R_100,347.47
1779864224,R_100,347.5
1779864226,R_100,347.55
1779864228,R_100,347.54
1779864230,R_100,347.59
1779864232,R_100,347.57
1779864234,R_100,347.62
1779864236,R_100,347.57
1779864238,R_100,347.58
1779864240,R_100,347.48
1779864242,R_100,347.43
1779864244,R_100,347.35
1779864246,R_100,347.26
1779864248,R_100,347.4
1779864250,R_100,347.36
1779864252,R_100,347.35
1779864254,R_100,347.38
1779864256,R_100,347.34
1779864258,R_100,347.2
1779864260,R_100,347.26
1779864262,R_100,347.19
1779864264,R_100,347.22
1779864266,R_100,347.15
1779864268,R_100,347.25
1779864270,R_100,347.36
1779864272,R_100,347.34
1779864274,R_100,347.2
1779864276,R_100,347.23
1779864278,R_100,347.17
1779864280,R_100,347.13
1779864282,R_100,347.19
1779864284,R_100,347.2
1779864286,R_100,347.29
1779864288,R_100,347.25
1779864290,R_100,347.21
1779864292,R_100,347.09
1779864294,R_100,347.1
1779864296,R_100,347.07
1779864298,R_100,347.2
1779864300,R_100,347.21
1779864302,R_100,347.22
1779864304,R_100,347.18
1779864306,R_100,347.38
1779864308,R_100,347.57
1779864310,R_100,347.66
1779864312,R_100,347.61
1779864314,R_100,347.74
1779864316,R_100,347.67
1779864318,R_100,347.71
1779864320,R_100,347.72
1779864322,R_100,347.65
1779864324,R_100,347.57
1779864326,R_100,347.65
1779864328,R_100,347.61
1779864330,R_100,347.67
1779864332,R_100,347.49
1779864334,R_100,347.53
1779864336,R_100,347.66
1779864338,R_100,347.57
1779864340,R_100,347.54
1779864342,R_100,347.7
1779864344,R_100,347.67
1779864346,R_100,347.65
1779864348,R_100,347.64
1779864350,R_100,347.65
1779864352,R_100,347.71
1779864354,R_100,347.75
1779864356,R_100,347.8
1779864358,R_100,347.78
1779864360,R_100,347.7
1779864362,R_100,347.89
1779864364,R_100,347.83
1779864366,R_100,347.87
1779864368,R_100,348
1779864370,R_100,347.96
1779864372,R_100,347.86
1779864374,R_100,347.8
1779864376,R_100,347.89
1779864378,R_100,347.79
1779864380,R_100,347.92
1779864382,R_100,347.95
1779864384,R_100,348
1779864386,R_100,348.04
1779864388,R_100,347.89
1779864390,R_100,347.96
1779864392,R_100,348.01
1779864394,R_100,348.01
1779864396,R_100,347.93
1779864398,R_100,348.03
1779864400,R_100,348.14
1779864402,R_100,348.12
1779864404,R_100,348.14
1779864406,R_100,348.19
1779864408,R_100,348.17
1779864410,R_100,348.13
1779864412,R_100,348.17
1779864414,R_100,348.27
1779864416,R_100,348.08
1779864418,R_100,348.06
1779864420,R_100,348.03
1779864422,R_100,347.95
1779864424,R_100,347.9
1779864426,R_100,348.03
1779864428,R_100,347.85
1779864430,R_100,347.85
1779864432,R_100,347.93
1779864434,R_100,347.98
1779864436,R_100,348.04
1779864438,R_100,348.08
1779864440,R_100,347.87
1779864442,R_100,347.88
1779864444,R_100,347.93
1779864446,R_100,347.94
1779864448,R_100,348.11
1779864450,R_100,348.13
1779864452,R_100,348.04
1779864454,R_100,347.96
1779864456,R_100,348.14
1779864458,R_100,348.17
1779864460,R_100,348.29
1779864462,R_100,348.29
1779864464,R_100,348.4
1779864466,R_100,348.42
1779864468,R_100,348.32
1779864470,R_100,348.33
1779864472,R_100,348.26
1779864474,R_100,348.28
1779864476,R_100,348.3
1779864478,R_100,348.37
1779864480,R_100,348.39
1779864482,R_100,348.37
1779864484,R_100,348.3
1779864486,R_100,348.3
1779864488,R_100,348.19
1779864490,R_100,348.09
1779864492,R_100,348.02
1779864494,R_100,347.94
1779864496,R_100,347.99
1779864498,R_100,347.96
1779864500,R_100,347.8
1779864502,R_100,347.88
1779864504,R_100,347.79
1779864506,R_100,347.72
1779864508,R_100,347.83
1779864510,R_100,347.69
1779864512,R_100,347.73
1779864514,R_100,347.74
1779864516,R_100,347.8
1779864518,R_100,347.61
1779864520,R_100,347.53
1779864522,R_100,347.56
1779864524,R_100,347.53
1779864526,R_100,347.49
1779864528,R_100,347.58
1779864530,R_100,347.54
1779864532,R_100,347.6
1779864534,R_100,347.57
1779864536,R_100,347.58
1779864538,R_100,347.57
1779864540,R_100,347.49
1779864542,R_100,347.52
1779864544,R_100,347.63
1779864546,R_100,347.68
1779864548,R_100,347.69
1779864550,R_100,347.61
1779864552,R_100,347.62
1779864554,R_100,347.54
1779864556,R_100,347.59
1779864558,R_100,347.62
1779864560,R_100,347.61
1779864562,R_100,347.61
1779864564,R_100,347.79
1779864566,R_100,347.63
1779864568,R_100,347.78
1779864570,R_100,347.82
1779864572,R_100,347.92
1779864574,R_100,347.84
1779864576,R_100,347.74
1779864578,R_100,347.62
1779864580,R_100,347.55
1779864582,R_100,347.75
1779864584,R_100,347.79
1779864586,R_100,347.92
1779864588,R_100,347.89
1779864590,R_100,348.02
1779864592,R_100,348.07
1779864594,R_100,348.05
1779864596,R_100,347.98
1779864598,R_100,348
1779864600,R_100,347.79
1779864602,R_100,347.67
1779864604,R_100,347.7
1779864606,R_100,347.65
1779864608,R_100,347.78
1779864610,R_100,347.87
1779864612,R_100,347.91
1779864614,R_100,347.85
1779864616,R_100,347.77
1779864618,R_100,347.65
1779864620,R_100,347.65
1779864622,R_100,347.58
1779864624,R_100,347.6
1779864626,R_100,347.62
1779864628,R_100,347.71
1779864630,R_100,347.72
1779864632,R_100,347.75
1779864634,R_100,347.74
1779864636,R_100,347.79
1779864638,R_100,347.77
1779864640,R_100,347.83
1779864642,R_100,347.86
1779864644,R_100,347.94
1779864646,R_100,347.95
1779864648,R_100,347.98
1779864650,R_100,347.78
1779864652,R_100,347.75
1779864654,R_100,347.84
1779864656,R_100,347.85
1779864658,R_100,347.74
1779864660,R_100,347.74
1779864662,R_100,347.7
1779864664,R_100,347.71
1779864666,R_100,347.75
1779864668,R_100,347.88
1779864670,R_100,347.79
1779864672,R_100,347.74
1779864674,R_100,347.79
1779864676,R_100,347.71
1779864678,R_100,347.56
1779864680,R_100,347.61
1779864682,R_100,347.62
1779864684,R_100,347.54
1779864686,R_100,347.47
1779864688,R_100,347.46
1779864690,R_100,347.64
1779864692,R_100,347.61
1779864694,R_100,347.54
1779864696,R_100,347.48
1779864698,R_100,347.44
1779864700,R_100,347.43
1779864702,R_100,347.53
1779864704,R_100,347.54
1779864706,R_100,347.63
1779864708,R_100,347.79
1779864710,R_100,347.84
1779864712,R_100,347.85
1779864714,R_100,347.83
1779864716,R_100,348
1779864718,R_100,347.96
1779864720,R_100,348.04
1779864722,R_100,348.07
1779864724,R_100,348.07
1779864726,R_100,348.03
1779864728,R_100,347.86
1779864730,R_100,347.9
1779864732,R_100,348.06
1779864734,R_100,347.92
1779864736,R_100,347.98
1779864738,R_100,347.97
1779864740,R_100,347.96
1779864742,R_100,348.14
1779864744,R_100,348.23
1779864746,R_100,348.13
1779864748,R_100,348.26
1779864750,R_100,348.32
1779864752,R_100,348.36
1779864754,R_100,348.35
1779864756,R_100,348.25
1779864758,R_100,348.29
1779864760,R_100,348.33
1779864762,R_100,348.33
1779864764,R_100,348.45
1779864766,R_100,348.54
1779864768,R_100,348.48
1779864770,R_100,348.43
1779864772,R_100,348.32
1779864774,R_100,348.31
1779864776,R_100,348.18
1779864778,R_100,348.19
1779864780,R_100,348.17
1779864782,R_100,348.25
1779864784,R_100,348.31
1779864786,R_100,348.37
1779864788,R_100,348.5
1779864790,R_100,348.53
1779864792,R_100,348.61
1779864794,R_100,348.57
1779864796,R_100,348.6
1779864798,R_100,348.68
1779864800,R_100,348.7
1779864802,R_100,348.85
1779864804,R_100,348.87
1779864806,R_100,348.9
1779864808,R_100,348.82
1779864810,R_100,348.77
1779864812,R_100,348.74
1779864814,R_100,348.8
1779864816,R_100,348.9
1779864818,R_100,349.16
1779864820,R_100,349.23
1779864822,R_100,349.25
1779864824,R_100,349.35
1779864826,R_100,349.4
1779864828,R_100,349.42
1779864830,R_100,349.42
1779864832,R_100,349.31
1779864834,R_100,349.43
1779864836,R_100,349.32
1779864838,R_100,349.4
1779864840,R_100,349.44
1779864842,R_100,349.42
1779864844,R_100,349.57
1779864846,R_100,349.49
1779864848,R_100,349.57
1779864850,R_100,349.61
1779864852,R_100,349.68
1779864854,R_100,349.65
1779864856,R_100,349.84
1779864858,R_100,349.78
1779864860,R_100,349.63
1779864862,R_100,349.61
1779864864,R_100,349.58
1779864866,R_100,349.67
1779864868,R_100,349.51
1779864870,R_100,349.59
1779864872,R_100,349.63
1779864874,R_100,349.55
1779864876,R_100,349.74
1779864878,R_100,349.7
1779864880,R_100,349.66
1779864882,R_100,349.57
1779864884,R_100,349.63
1779864886,R_100,349.65
1779864888,R_100,349.56
1779864890,R_100,349.62
1779864892,R_100,349.63
1779864894,R_100,349.71
1779864896,R_100,349.74
1779864898,R_100,349.7
1779864900,R_100,349.76
1779864902,R_100,349.9
1779864904,R_100,349.84
1779864906,R_100,349.76
1779864908,R_100,349.83
1779864910,R_100,349.89
1779864912,R_100,350.06
1779864914,R_100,350.11
1779864916,R_100,350.16
1779864918,R_100,350.2
1779864920,R_100,350.15
1779864922,R_100,350.09
1779864924,R_100,350.18
1779864926,R_100,350.34
1779864928,R_100,350.48
1779864930,R_100,350.34
1779864932,R_100,350.49
1779864934,R_100,350.41
1779864936,R_100,350.66
1779864938,R_100,350.52
1779864940,R_100,350.52
1779864942,R_100,350.59
1779864944,R_100,350.55
1779864946,R_100,350.53
1779864948,R_100,350.68
1779864950,R_100,350.59
1779864952,R_100,350.65
1779864954,R_100,350.69
1779864956,R_100,350.71
1779864958,R_100,350.57
1779864960,R_100,350.51
1779864962,R_100,350.47
1779864964,R_100,350.53
1779864966,R_100,350.51
1779864968,R_100,350.47
1779864970,R_100,350.57
1779864972,R_100,350.5
1779864974,R_100,350.62
1779864976,R_100,350.6
1779864978,R_100,350.57
1779864980,R_100,350.64
1779864982,R_100,350.81
1779864984,R_100,350.7
1779864986,R_100,350.76
1779864988,R_100,350.64
1779864990,R_100,350.55
1779864992,R_100,350.46
1779864994,R_100,350.57
1779864996,R_100,350.7
1779864998,R_100,350.75
1779865000,R_100,350.7
1779865002,R_100,350.58
1779865004,R_100,350.43
1779865006,R_100,350.44
1779865008,R_100,350.4
1779865010,R_100,350.56
1779865012,R_100,350.57
1779865014,R_100,350.53
1779865016,R_100,350.63
1779865018,R_100,350.75
1779865020,R_100,350.66
1779865022,R_100,350.61
1779865024,R_100,350.51
1779865026,R_100,350.5
1779865028,R_100,350.55
1779865030,R_100,350.6
1779865032,R_100,350.37
1779865034,R_100,350.3
1779865036,R_100,350.32
1779865038,R_100,350.32
1779865040,R_100,350.2
1779865042,R_100,350.1
1779865044,R_100,350.05
1779865046,R_100,350.23
1779865048,R_100,350.37
1779865050,R_100,350.34
1779865052,R_100,350.26
1779865054,R_100,350.31
1779865056,R_100,350.36
1779865058,R_100,350.39
1779865060,R_100,350.51
1779865062,R_100,350.36
1779865064,R_100,350.22
1779865066,R_100,350.16
1779865068,R_100,350.22
1779865070,R_100,350.28
1779865072,R_100,350.26
1779865074,R_100,350.44
1779865076,R_100,350.55
1779865078,R_100,350.48
1779865080,R_100,350.48
1779865082,R_100,350.58
1779865084,R_100,350.62
1779865086,R_100,350.66
1779865088,R_100,350.67
1779865090,R_100,350.66
1779865092,R_100,350.72
1779865094,R_100,350.74
1779865096,R_100,350.8
1779865098,R_100,350.84
1779865100,R_100,350.84
1779865102,R_100,350.95
1779865104,R_100,350.95
1779865106,R_100,350.85
1779865108,R_100,350.9
1779865110,R_100,350.87
1779865112,R_100,350.97
1779865114,R_100,350.9
1779865116,R_100,350.88
1779865118,R_100,350.96
1779865120,R_100,351
1779865122,R_100,350.96
1779865124,R_100,350.72
1779865126,R_100,350.86
1779865128,R_100,350.93
1779865130,R_100,350.89
1779865132,R_100,351.18
1779865134,R_100,351.23
1779865136,R_100,351.36
1779865138,R_100,351.4
1779865140,R_100,351.47
1779865142,R_100,351.48
1779865144,R_100,351.4
1779865146,R_100,351.31
1779865148,R_100,351.25
1779865150,R_100,351.2
1779865152,R_100,351.19
1779865154,R_100,351.18
1779865156,R_100,351.17
1779865158,R_100,351.13
1779865160,R_100,351.18
1779865162,R_100,351.08
1779865164,R_100,351.01
1779865166,R_100,350.95
1779865168,R_100,350.95
1779865170,R_100,351.04
1779865172,R_100,350.97
1779865174,R_100,351.02
1779865176,R_100,351.07
1779865178,R_100,350.96
1779865180,R_100,351.09
1779865182,R_100,351.02
1779865184,R_100,350.92
1779865186,R_100,350.85
1779865188,R_100,350.81
1779865190,R_100,350.79
1779865192,R_100,350.78
1779865194,R_100,350.79
1779865196,R_100,350.8
1779865198,R_100,350.92
1779865200,R_100,351.01
1779865202,R_100,351.06
1779865204,R_100,351.05
1779865206,R_100,351.05
1779865208,R_100,351.01
1779865210,R_100,350.98
1779865212,R_100,351.12
1779865214,R_100,351.17
1779865216,R_100,351.17
1779865218,R_100,351.18
1779865220,R_100,351.2
1779865222,R_100,351.21
1779865224,R_100,351.2
1779865226,R_100,351.12
1779865228,R_100,351.11
1779865230,R_100,351.11
1779865232,R_100,351.03
1779865234,R_100,351.1
1779865236,R_100,350.99
1779865238,R_100,350.99
1779865240,R_100,351.08
1779865242,R_100,351.12
1779865244,R_100,350.97
1779865246,R_100,350.97
1779865248,R_100,350.98
1779865250,R_100,351.08
1779865252,R_100,351.03
1779865254,R_100,351.06
1779865256,R_100,350.95
1779865258,R_100,350.78
1779865260,R_100,350.74
1779865262,R_100,350.75
1779865264,R_100,350.81
1779865266,R_100,350.87
1779865268,R_100,350.82
1779865270,R_100,350.89
1779865272,R_100,350.9
1779865274,R_100,350.84
1779865276,R_100,350.69
1779865278,R_100,350.62
1779865280,R_100,350.67
1779865282,R_100,350.67
1779865284,R_100,350.64
1779865286,R_100,350.65
1779865288,R_100,350.64
1779865290,R_100,350.53
1779865292,R_100,350.56
1779865294,R_100,350.45
1779865296,R_100,350.46
1779865298,R_100,350.49
1779865300,R_100,350.6
1779865302,R_100,350.67
1779865304,R_100,350.59
1779865306,R_100,350.7
1779865308,R_100,350.69
1779865310,R_100,350.69
1779865312,R_100,350.68
1779865314,R_100,350.89
1779865316,R_100,351.01
1779865318,R_100,350.99
1779865320,R_100,351.13
1779865322,R_100,351.25
1779865324,R_100,351.18
1779865326,R_100,351.18
1779865328,R_100,351.3
1779865330,R_100,351.08
1779865332,R_100,351.11
1779865334,R_100,351.04
1779865336,R_100,350.99
1779865338,R_100,351.02
1779865340,R_100,350.92
1779865342,R_100,350.95
1779865344,R_100,350.91
1779865346,R_100,350.84
1779865348,R_100,350.84
1779865350,R_100,350.78
1779865352,R_100,350.84
1779865354,R_100,350.9
1779865356,R_100,350.87
1779865358,R_100,350.79
1779865360,R_100,350.79
1779865362,R_100,350.79
1779865364,R_100,350.87
1779865366,R_100,350.94
1779865368,R_100,350.83
1779865370,R_100,350.92
1779865372,R_100,350.91
1779865374,R_100,350.89
1779865376,R_100,350.89
1779865378,R_100,351.01
1779865380,R_100,351.03
1779865382,R_100,351.12
1779865384,R_100,351
1779865386,R_100,351.01
1779865388,R_100,351.07
1779865390,R_100,351.09
1779865392,R_100,351.22
1779865394,R_100,351.25
1779865396,R_100,351.22
1779865398,R_100,351.13
1779865400,R_100,351.17
1779865402,R_100,351.23
1779865404,R_100,351.28
1779865406,R_100,351.28
1779865408,R_100,351.29
1779865410,R_100,351.21
1779865412,R_100,351.34
1779865414,R_100,351.45
1779865416,R_100,351.33
1779865418,R_100,351.34
1779865420,R_100,351.3
1779865422,R_100,350.99
1779865424,R_100,351.13
1779865426,R_100,351.2
1779865428,R_100,351.17
1779865430,R_100,350.96
1779865432,R_100,351
1779865434,R_100,351.03
1779865436,R_100,351.18
1779865438,R_100,351.22
1779865440,R_100,351.22
1779865442,R_100,351.1
1779865444,R_100,351.21
1779865446,R_100,351.19
1779865448,R_100,351.04
1779865450,R_100,351.09
1779865452,R_100,351.28
1779865454,R_100,351.43
1779865456,R_100,351.34
1779865458,R_100,351.56
1779865460,R_100,351.48
1779865462,R_100,351.4
1779865464,R_100,351.33
1779865466,R_100,351.36
1779865468,R_100,351.34
1779865470,R_100,351.31
1779865472,R_100,351.25
1779865474,R_100,351.29
1779865476,R_100,351.25
1779865478,R_100,351.19
1779865480,R_100,351.3
1779865482,R_100,351.27
1779865484,R_100,351.35
1779865486,R_100,351.25
1779865488,R_100,351.16
1779865490,R_100,351.31
1779865492,R_100,351.41
1779865494,R_100,351.36
1779865496,R_100,351.43
1779865498,R_100,351.32
1779865500,R_100,351.39
1779865502,R_100,351.36
1779865504,R_100,351.35
1779865506,R_100,351.36
1779865508,R_100,351.46
1779865510,R_100,351.5
1779865512,R_100,351.61
1779865514,R_100,351.62
1779865516,R_100,351.68
1779865518,R_100,351.61
1779865520,R_100,351.59
1779865522,R_100,351.56
1779865524,R_100,351.53
1779865526,R_100,351.49
1779865528,R_100,351.36
1779865530,R_100,351.2
1779865532,R_100,351.3
1779865534,R_100,351.44
1779865536,R_100,351.39
1779865538,R_100,351.48
1779865540,R_100,351.4
1779865542,R_100,351.42
1779865544,R_100,351.42
1779865546,R_100,351.44
1779865548,R_100,351.5
1779865550,R_100,351.6
1779865552,R_100,351.6
1779865554,R_100,351.83
1779865556,R_100,351.79
1779865558,R_100,351.85
1779865560,R_100,351.9
1779865562,R_100,351.72
1779865564,R_100,351.85
1779865566,R_100,351.72
1779865568,R_100,351.88
1779865570,R_100,351.86
1779865572,R_100,351.83
1779865574,R_100,351.91
1779865576,R_100,352.03
1779865578,R_100,352.1
1779865580,R_100,352
1779865582,R_100,352.04
1779865584,R_100,352.16
1779865586,R_100,352.07
1779865588,R_100,352.15
1779865590,R_100,352.12
1779865592,R_100,352.16
1779865594,R_100,352.24
1779865596,R_100,352.14
1779865598,R_100,352.06
1779865600,R_100,351.94
1779865602,R_100,351.82
1779865604,R_100,351.85
1779865606,R_100,351.99
1779865608,R_100,352.18
1779865610,R_100,352.02
1779865612,R_100,352
1779865614,R_100,352
1779865616,R_100,352.12
1779865618,R_100,352.11
1779865620,R_100,352.2
1779865622,R_100,352.23
1779865624,R_100,352.31
1779865626,R_100,352.44
1779865628,R_100,352.3
1779865630,R_100,352.27
1779865632,R_100,352.2
1779865634,R_100,352.25
1779865636,R_100,352.18
1779865638,R_100,352.18
1779865640,R_100,352.12
1779865642,R_100,352.09
1779865644,R_100,352.04
1779865646,R_100,352.15
1779865648,R_100,351.94
1779865650,R_100,351.95
1779865652,R_100,351.78
1779865654,R_100,351.61
1779865656,R_100,351.68
1779865658,R_100,351.79
1779865660,R_100,351.79
1779865662,R_100,351.67
1779865664,R_100,351.64
1779865666,R_100,351.58
1779865668,R_100,351.52
1779865670,R_100,351.54
1779865672,R_100,351.41
1779865674,R_100,351.4
1779865676,R_100,351.53
1779865678,R_100,351.45
1779865680,R_100,351.54
1779865682,R_100,351.48
1779865684,R_100,351.48
1779865686,R_100,351.52
1779865688,R_100,351.47
1779865690,R_100,351.48
1779865692,R_100,351.39
1779865694,R_100,351.38
1779865696,R_100,351.5
1779865698,R_100,351.52
1779865700,R_100,351.62
1779865702,R_100,351.73
1779865704,R_100,351.61
1779865706,R_100,351.61
1779865708,R_100,351.75
1779865710,R_100,351.92
1779865712,R_100,351.97
1779865714,R_100,352.02
1779865716,R_100,352.14
1779865718,R_100,352.1
1779865720,R_100,352.04
1779865722,R_100,352
1779865724,R_100,352.08
1779865726,R_100,352.14
1779865728,R_100,352.09
1779865730,R_100,352.15
1779865732,R_100,352.26
1779865734,R_100,352.25
1779865736,R_100,352.41
1779865738,R_100,352.47
1779865740,R_100,352.52
1779865742,R_100,352.48
1779865744,R_100,352.54
1779865746,R_100,352.65
1779865748,R_100,352.6
1779865750,R_100,352.6
1779865752,R_100,352.56
1779865754,R_100,352.49
1779865756,R_100,352.41
1779865758,R_100,352.43
1779865760,R_100,352.38
1779865762,R_100,352.42
1779865764,R_100,352.21
1779865766,R_100,352.29
1779865768,R_100,352.24
1779865770,R_100,352.14
1779865772,R_100,352.04
1779865774,R_100,352.07
1779865776,R_100,352.03
1779865778,R_100,351.98
1779865780,R_100,352.02
1779865782,R_100,352.06
1779865784,R_100,351.96
1779865786,R_100,351.86
1779865788,R_100,351.95
1779865790,R_100,351.94
1779865792,R_100,351.98
1779865794,R_100,351.93
1779865796,R_100,351.9
1779865798,R_100,351.73
1779865800,R_100,351.74
1779865802,R_100,351.64
1779865804,R_100,351.48
1779865806,R_100,351.53
1779865808,R_100,351.54
1779865810,R_100,351.49
1779865812,R_100,351.29
1779865814,R_100,351.24
1779865816,R_100,351.17
1779865818,R_100,351.14
1779865820,R_100,351.04
1779865822,R_100,350.92
1779865824,R_100,350.91
1779865826,R_100,350.9
1779865828,R_100,350.82
1779865830,R_100,350.81
1779865832,R_100,350.82
1779865834,R_100,350.8
1779865836,R_100,350.81
1779865838,R_100,350.93
1779865840,R_100,351.04
1779865842,R_100,351.17
1779865844,R_100,351.31
1779865846,R_100,351.25
1779865848,R_100,351.12
1779865850,R_100,351.21
1779865852,R_100,351.12
1779865854,R_100,351
1779865856,R_100,351.21
1779865858,R_100,351.15
1779865860,R_100,351.32
1779865862,R_100,351.2
1779865864,R_100,351.25
1779865866,R_100,351.28
1779865868,R_100,351.07
1779865870,R_100,351.02
1779865872,R_100,350.87
1779865874,R_100,350.88
1779865876,R_100,350.82
1779865878,R_100,350.93
1779865880,R_100,350.99
1779865882,R_100,351.06
1779865884,R_100,350.98
1779865886,R_100,350.95
1779865888,R_100,350.88
1779865890,R_100,350.99
1779865892,R_100,350.98
1779865894,R_100,351.05
1779865896,R_100,350.95
1779865898,R_100,350.81
1779865900,R_100,350.75
1779865902,R_100,350.77
1779865904,R_100,350.66
1779865906,R_100,350.48
1779865908,R_100,350.6
1779865910,R_100,350.58
1779865912,R_100,350.58
1779865914,R_100,350.59
1779865916,R_100,350.57
1779865918,R_100,350.7
1779865920,R_100,350.61
1779865922,R_100,350.5
1779865924,R_100,350.35
1779865926,R_100,350.47
1779865928,R_100,350.59
1779865930,R_100,350.57
1779865932,R_100,350.58
1779865934,R_100,350.49
1779865936,R_100,350.46
1779865938,R_100,350.47
1779865940,R_100,350.44
1779865942,R_100,350.38
1779865944,R_100,350.4
1779865946,R_100,350.46
1779865948,R_100,350.36
1779865950,R_100,350.32
1779865952,R_100,350.4
1779865954,R_100,350.53
1779865956,R_100,350.57
1779865958,R_100,350.57
1779865960,R_100,350.69
1779865962,R_100,350.67
1779865964,R_100,350.69
1779865966,R_100,350.68
1779865968,R_100,350.68
1779865970,R_100,350.7
1779865972,R_100,350.81
1779865974,R_100,350.75
1779865976,R_100,350.72
1779865978,R_100,350.7
1779865980,R_100,350.64
1779865982,R_100,350.59
1779865984,R_100,350.55
1779865986,R_100,350.54
1779865988,R_100,350.59
1779865990,R_100,350.64
1779865992,R_100,350.8
1779865994,R_100,350.57
1779865996,R_100,350.63
1779865998,R_100,350.77
1779866000,R_100,350.71
1779866002,R_100,350.74
1779866004,R_100,350.81
1779866006,R_100,350.93
1779866008,R_100,350.89
1779866010,R_100,350.95
1779866012,R_100,350.93
1779866014,R_100,350.97
1779866016,R_100,350.95
1779866018,R_100,350.83
1779866020,R_100,350.93
1779866022,R_100,350.94
1779866024,R_100,351.03
1779866026,R_100,351.2
1779866028,R_100,351.3
1779866030,R_100,351.42
1779866032,R_100,351.41
1779866034,R_100,351.27
1779866036,R_100,351.11
1779866038,R_100,351.07
1779866040,R_100,351.12
1779866042,R_100,351.21
1779866044,R_100,351.17
1779866046,R_100,351.15
1779866048,R_100,351.01
1779866050,R_100,351.04
1779866052,R_100,350.98
1779866054,R_100,350.96
1779866056,R_100,350.94
1779866058,R_100,350.85
1779866060,R_100,350.98
1779866062,R_100,350.98
1779866064,R_100,351.03
1779866066,R_100,351.13
1779866068,R_100,351.06
1779866070,R_100,351.04
1779866072,R_100,351.19
1779866074,R_100,351.23
1779866076,R_100,351.23
1779866078,R_100,351.22
1779866080,R_100,351.15
1779866082,R_100,351.12
1779866084,R_100,351.1
1779866086,R_100,351.08
1779866088,R_100,351.09
1779866090,R_100,351.03
1779866092,R_100,351.08
1779866094,R_100,351.03
1779866096,R_100,351.05
1779866098,R_100,351.02
1779866100,R_100,351.09
1779866102,R_100,351.1
1779866104,R_100,351.13
1779866106,R_100,350.99
1779866108,R_100,350.87
1779866110,R_100,350.78
1779866112,R_100,350.79
1779866114,R_100,350.65
1779866116,R_100,350.75
1779866118,R_100,350.72
1779866120,R_100,350.74
1779866122,R_100,350.73
1779866124,R_100,350.86
1779866126,R_100,350.93
1779866128,R_100,351.02
1779866130,R_100,351.04
1779866132,R_100,351.06
1779866134,R_100,351.03
1779866136,R_100,351.04
1779866138,R_100,351.01
1779866140,R_100,351.06
1779866142,R_100,350.97
1779866144,R_100,351.07
1779866146,R_100,351.09
1779866148,R_100,351.01
1779866150,R_100,351.03
1779866152,R_100,351.17
1779866154,R_100,351.2
1779866156,R_100,351.25
1779866158,R_100,351.12
1779866160,R_100,350.99
1779866162,R_100,351.1
1779866164,R_100,351.08
1779866166,R_100,351.25
1779866168,R_100,351.24
1779866170,R_100,351.37
1779866172,R_100,351.42
1779866174,R_100,351.4
1779866176,R_100,351.34
1779866178,R_100,351.59
1779866180,R_100,351.62
1779866182,R_100,351.64
1779866184,R_100,351.5
1779866186,R_100,351.42
1779866188,R_100,351.41
1779866190,R_100,351.48
1779866192,R_100,351.52
1779866194,R_100,351.59
1779866196,R_100,351.55
1779866198,R_100,351.55
1779866200,R_100,351.61
1779866202,R_100,351.6
1779866204,R_100,351.61
1779866206,R_100,351.54
1779866208,R_100,351.54
1779866210,R_100,351.55
1779866212,R_100,351.57
1779866214,R_100,351.53
1779866216,R_100,351.47
1779866218,R_100,351.55
1779866220,R_100,351.46
1779866222,R_100,351.54
1779866224,R_100,351.48
1779866226,R_100,351.41
1779866228,R_100,351.3
1779866230,R_100,351.18
1779866232,R_100,351.17
1779866234,R_100,351.2
1779866236,R_100,351.08
1779866238,R_100,351.05
1779866240,R_100,351.05
1779866242,R_100,351.04
1779866244,R_100,351.16
1779866246,R_100,351.24
1779866248,R_100,351.19
1779866250,R_100,351.05
1779866252,R_100,351.08
1779866254,R_100,351.03
1779866256,R_100,350.95
1779866258,R_100,351.07
1779866260,R_100,351.13
1779866262,R_100,351.1
1779866264,R_100,351.17
1779866266,R_100,351.03
1779866268,R_100,351.08
1779866270,R_100,351.07
1779866272,R_100,351.1
1779866274,R_100,351.03
1779866276,R_100,350.93
1779866278,R_100,350.9
1779866280,R_100,350.9
1779866282,R_100,350.89
1779866284,R_100,351
1779866286,R_100,351.09
1779866288,R_100,351.21
1779866290,R_100,351.25
1779866292,R_100,351.27
1779866294,R_100,351.23
1779866296,R_100,351.34
1779866298,R_100,351.35
1779866300,R_100,351.27
1779866302,R_100,351.29
1779866304,R_100,351.23
1779866306,R_100,351.36
1779866308,R_100,351.2
1779866310,R_100,351.12
1779866312,R_100,351.1
1779866314,R_100,351.26
1779866316,R_100,351.29
1779866318,R_100,351.26
1779866320,R_100,351.42
1779866322,R_100,351.26
1779866324,R_100,351.28
1779866326,R_100,351.33
1779866328,R_100,351.37
1779866330,R_100,351.41
1779866332,R_100,351.42
1779866334,R_100,351.4
1779866336,R_100,351.29
1779866338,R_100,351.19
1779866340,R_100,351.16
1779866342,R_100,351.09
1779866344,R_100,351.07
1779866346,R_100,351.14
1779866348,R_100,351.07
1779866350,R_100,351.18
1779866352,R_100,351.28
1779866354,R_100,351.34
1779866356,R_100,351.22
1779866358,R_100,351.17
1779866360,R_100,351.15
1779866362,R_100,351.26
1779866364,R_100,351.19
1779866366,R_100,351.25
1779866368,R_100,351.29
1779866370,R_100,351.3
1779866372,R_100,351.22
1779866374,R_100,351.18
1779866376,R_100,351.25
1779866378,R_100,351.09
1779866380,R_100,351.16
1779866382,R_100,351.15
1779866384,R_100,351.18
1779866386,R_100,351.13
1779866388,R_100,351.29
1779866390,R_100,351.16
1779866392,R_100,351.14
1779866394,R_100,351.09
1779866396,R_100,351
1779866398,R_100,350.85
1779866400,R_100,350.89
1779866402,R_100,350.98
1779866404,R_100,350.96
1779866406,R_100,351.05
1779866408,R_100,351.15
1779866410,R_100,351.09
1779866412,R_100,351.18
1779866414,R_100,351.09
1779866416,R_100,351.02
1779866418,R_100,351.06
1779866420,R_100,351.16
1779866422,R_100,351.09
1779866424,R_100,351.15
1779866426,R_100,351.15
1779866428,R_100,351.15
1779866430,R_100,351.09
1779866432,R_100,351.13
1779866434,R_100,351.09
1779866436,R_100,351.17
1779866438,R_100,351.28
1779866440,R_100,351.43
1779866442,R_100,351.38
1779866444,R_100,351.37
1779866446,R_100,351.41
1779866448,R_100,351.49
1779866450,R_100,351.57
1779866452,R_100,351.68
1779866454,R_100,351.6
1779866456,R_100,351.61
1779866458,R_100,351.6
1779866460,R_100,351.56
1779866462,R_100,351.63
1779866464,R_100,351.75
1779866466,R_100,351.66
1779866468,R_100,351.74
1779866470,R_100,351.64
1779866472,R_100,351.58
1779866474,R_100,351.64
1779866476,R_100,351.58
1779866478,R_100,351.54
1779866480,R_100,351.36
1779866482,R_100,351.3
1779866484,R_100,351.38
1779866486,R_100,351.25
1779866488,R_100,351.3
1779866490,R_100,351.36
1779866492,R_100,351.27
1779866494,R_100,351.2
1779866496,R_100,351.25
1779866498,R_100,351.29
1779866500,R_100,351.35
1779866502,R_100,351.33
1779866504,R_100,351.41
1779866506,R_100,351.39
1779866508,R_100,351.27
1779866510,R_100,351.35
1779866512,R_100,351.23
1779866514,R_100,351.23
1779866516,R_100,351.15
1779866518,R_100,351.14
1779866520,R_100,351.24
1779866522,R_100,351.04
1779866524,R_100,351.07
1779866526,R_100,351.09
1779866528,R_100,351.17
1779866530,R_100,351.22
1779866532,R_100,351.27
1779866534,R_100,351.5
1779866536,R_100,351.46
1779866538,R_100,351.33
1779866540,R_100,351.37
1779866542,R_100,351.37
1779866544,R_100,351.37
1779866546,R_100,351.43
1779866548,R_100,351.53
1779866550,R_100,351.51
1779866552,R_100,351.58
1779866554,R_100,351.57
1779866556,R_100,351.66
1779866558,R_100,351.61
1779866560,R_100,351.4
1779866562,R_100,351.5
1779866564,R_100,351.53
1779866566,R_100,351.69
1779866568,R_100,351.69
1779866570,R_100,351.63
1779866572,R_100,351.61
1779866574,R_100,351.72
1779866576,R_100,351.63
1779866578,R_100,351.77
1779866580,R_100,351.89
1779866582,R_100,351.89
1779866584,R_100,351.85
1779866586,R_100,351.94
1779866588,R_100,351.92
1779866590,R_100,351.9
1779866592,R_100,351.89
1779866594,R_100,352.06
1779866596,R_100,352.11
1779866598,R_100,352.04
1779866600,R_100,351.97
1779866602,R_100,352
1779866604,R_100,351.98
1779866606,R_100,352.06
1779866608,R_100,352.11
1779866610,R_100,352.26
1779866612,R_100,352.22
1779866614,R_100,352.19
1779866616,R_100,352.1
1779866618,R_100,352.08
1779866620,R_100,352.14
1779866622,R_100,352.1
1779866624,R_100,352.14
1779866626,R_100,352.12
1779866628,R_100,352.18
1779866630,R_100,352.22
1779866632,R_100,352.17
1779866634,R_100,352.26
1779866636,R_100,352.21
1779866638,R_100,352.19
1779866640,R_100,352.33
1779866642,R_100,352.37
1779866644,R_100,352.35
1779866646,R_100,352.41
1779866648,R_100,352.43
1779866650,R_100,352.41
1779866652,R_100,352.36
1779866654,R_100,352.36
1779866656,R_100,352.38
1779866658,R_100,352.41
1779866660,R_100,352.44
1779866662,R_100,352.36
1779866664,R_100,352.33
1779866666,R_100,352.43
1779866668,R_100,352.47
1779866670,R_100,352.43
1779866672,R_100,352.35
1779866674,R_100,352.28
1779866676,R_100,352.28
1779866678,R_100,352.33
1779866680,R_100,352.44
1779866682,R_100,352.35
1779866684,R_100,352.41
1779866686,R_100,352.32
1779866688,R_100,352.4
1779866690,R_100,352.29
1779866692,R_100,352.3
1779866694,R_100,352.34
1779866696,R_100,352.29
1779866698,R_100,352.21
1779866700,R_100,352.38
1779866702,R_100,352.31
1779866704,R_100,352.32
1779866706,R_100,352.37
1779866708,R_100,352.48
1779866710,R_100,352.52
1779866712,R_100,352.51
1779866714,R_100,352.53
1779866716,R_100,352.39
1779866718,R_100,352.47
1779866720,R_100,352.49
1779866722,R_100,352.56
1779866724,R_100,352.64
1779866726,R_100,352.65
1779866728,R_100,352.56
1779866730,R_100,352.49
1779866732,R_100,352.54
1779866734,R_100,352.47
1779866736,R_100,352.43
1779866738,R_100,352.55
1779866740,R_100,352.59
1779866742,R_100,352.66
1779866744,R_100,352.53
1779866746,R_100,352.62
1779866748,R_100,352.69
1779866750,R_100,352.53
1779866752,R_100,352.66
1779866754,R_100,352.71
1779866756,R_100,352.78
1779866758,R_100,352.72
1779866760,R_100,352.83
1779866762,R_100,352.87
1779866764,R_100,352.95
1779866766,R_100,352.94
1779866768,R_100,352.96
1779866770,R_100,352.98
1779866772,R_100,352.83
1779866774,R_100,352.84
1779866776,R_100,352.79
1779866778,R_100,352.67
1779866780,R_100,352.77
1779866782,R_100,352.65
1779866784,R_100,352.56
1779866786,R_100,352.39
1779866788,R_100,352.43
1779866790,R_100,352.44
1779866792,R_100,352.51
1779866794,R_100,352.56
1779866796,R_100,352.61
1779866798,R_100,352.56
1779866800,R_100,352.54
1779866802,R_100,352.49
1779866804,R_100,352.57
1779866806,R_100,352.62
1779866808,R_100,352.57
1779866810,R_100,352.38
1779866812,R_100,352.39
1779866814,R_100,352.42
1779866816,R_100,352.5
1779866818,R_100,352.41
1779866820,R_100,352.29
1779866822,R_100,352.45
1779866824,R_100,352.34
1779866826,R_100,352.35
1779866828,R_100,352.35
1779866830,R_100,352.26
1779866832,R_100,352.16
1779866834,R_100,352.15
1779866836,R_100,352.07
1779866838,R_100,352.08
1779866840,R_100,352.19
1779866842,R_100,352.14
1779866844,R_100,352.17
1779866846,R_100,352.15
1779866848,R_100,352.23
1779866850,R_100,352.35
1779866852,R_100,352.44
1779866854,R_100,352.41
1779866856,R_100,352.48
1779866858,R_100,352.49
1779866860,R_100,352.54
1779866862,R_100,352.68
1779866864,R_100,352.71
1779866866,R_100,352.73
1779866868,R_100,352.57
1779866870,R_100,352.55
1779866872,R_100,352.64
1779866874,R_100,352.63
1779866876,R_100,352.8
1779866878,R_100,352.84
1779866880,R_100,352.96
1779866882,R_100,352.87
1779866884,R_100,352.9
1779866886,R_100,352.83
1779866888,R_100,352.88
1779866890,R_100,352.73
1779866892,R_100,352.7
1779866894,R_100,352.54
1779866896,R_100,352.46
1779866898,R_100,352.39
1779866900,R_100,352.39
1779866902,R_100,352.45
1779866904,R_100,352.39
1779866906,R_100,352.26
1779866908,R_100,352.36
1779866910,R_100,352.35
1779866912,R_100,352.46
1779866914,R_100,352.38
1779866916,R_100,352.25
1779866918,R_100,352.35
1779866920,R_100,352.22
1779866922,R_100,352.14
1779866924,R_100,352.2
1779866926,R_100,352.15
1779866928,R_100,352.19
1779866930,R_100,352.18
1779866932,R_100,352.17
1779866934,R_100,352.08
1779866936,R_100,352.13
1779866938,R_100,352.12
1779866940,R_100,352.2
1779866942,R_100,352.12
1779866944,R_100,352.08
1779866946,R_100,352.1
1779866948,R_100,352.02
1779866950,R_100,351.96
1779866952,R_100,351.95
1779866954,R_100,351.93
1779866956,R_100,351.97
1779866958,R_100,351.89
1779866960,R_100,351.69
1779866962,R_100,351.75
1779866964,R_100,351.77
1779866966,R_100,351.69
1779866968,R_100,351.77
1779866970,R_100,351.73
1779866972,R_100,351.65
1779866974,R_100,351.55
1779866976,R_100,351.52
1779866978,R_100,351.63
1779866980,R_100,351.72
1779866982,R_100,351.66
1779866984,R_100,351.73
1779866986,R_100,351.75
1779866988,R_100,351.83
1779866990,R_100,351.84
1779866992,R_100,351.68
1779866994,R_100,351.61
1779866996,R_100,351.8
1779866998,R_100,351.93
1779867000,R_100,351.78
1779867002,R_100,351.96
1779867004,R_100,352.02
1779867006,R_100,352
1779867008,R_100,352.19
1779867010,R_100,352.31
1779867012,R_100,352.36
1779867014,R_100,352.29
1779867016,R_100,352.21
1779867018,R_100,352.21
1779867020,R_100,352.18
1779867022,R_100,352.17
1779867024,R_100,352.18
1779867026,R_100,352.27
1779867028,R_100,352.26
1779867030,R_100,352.45
1779867032,R_100,352.34
1779867034,R_100,352.43
1779867036,R_100,352.27
1779867038,R_100,352.15
1779867040,R_100,352.11
1779867042,R_100,352.17
1779867044,R_100,352.22
1779867046,R_100,352.14
1779867048,R_100,352.13
1779867050,R_100,352.23
1779867052,R_100,352.09
1779867054,R_100,352.01
1779867056,R_100,351.94
1779867058,R_100,351.82
1779867060,R_100,351.8
1779867062,R_100,351.81
1779867064,R_100,351.81
1779867066,R_100,351.62
1779867068,R_100,351.57
1779867070,R_100,351.53
1779867072,R_100,351.49
1779867074,R_100,351.39
1779867076,R_100,351.43
1779867078,R_100,351.39
1779867080,R_100,351.32
1779867082,R_100,351.36
1779867084,R_100,351.42
1779867086,R_100,351.42
1779867088,R_100,351.66
1779867090,R_100,351.84
1779867092,R_100,351.77
1779867094,R_100,351.73
1779867096,R_100,351.58
1779867098,R_100,351.67
1779867100,R_100,351.65
1779867102,R_100,351.68
1779867104,R_100,351.71
1779867106,R_100,351.71
1779867108,R_100,351.72
1779867110,R_100,351.78
1779867112,R_100,351.81
1779867114,R_100,351.95
1779867116,R_100,352.06
1779867118,R_100,352.02
1779867120,R_100,352.13
1779867122,R_100,352.19
1779867124,R_100,352.19
1779867126,R_100,352.13
1779867128,R_100,351.97
1779867130,R_100,351.89
1779867132,R_100,351.74
1779867134,R_100,351.67
1779867136,R_100,351.88
1779867138,R_100,351.83
1779867140,R_100,351.81
1779867142,R_100,351.79
1779867144,R_100,351.81
1779867146,R_100,351.76
1779867148,R_100,351.69
1779867150,R_100,351.69
1779867152,R_100,351.81
1779867154,R_100,351.82
1779867156,R_100,351.73
1779867158,R_100,351.78
1779867160,R_100,351.79
1779867162,R_100,351.69
1779867164,R_100,351.58
1779867166,R_100,351.6
1779867168,R_100,351.65
1779867170,R_100,351.66
1779867172,R_100,351.6
1779867174,R_100,351.58
1779867176,R_100,351.69
1779867178,R_100,351.58
1779867180,R_100,351.67
1779867182,R_100,351.74
1779867184,R_100,351.89
1779867186,R_100,352.03
1779867188,R_100,352.09
1779867190,R_100,352.03
1779867192,R_100,352.03
1779867194,R_100,351.97
1779867196,R_100,351.99
1779867198,R_100,351.94
1779867200,R_100,352.02
1779867202,R_100,351.85
1779867204,R_100,351.91
1779867206,R_100,351.85
1779867208,R_100,351.67
1779867210,R_100,351.65
1779867212,R_100,351.77
1779867214,R_100,351.83
1779867216,R_100,351.67
1779867218,R_100,351.78
1779867220,R_100,351.69
1779867222,R_100,351.67
1779867224,R_100,351.69
1779867226,R_100,351.71
1779867228,R_100,351.74
1779867230,R_100,351.82
1779867232,R_100,351.88
1779867234,R_100,351.81
1779867236,R_100,351.91
1779867238,R_100,352.05
1779867240,R_100,352.02
1779867242,R_100,352.07
1779867244,R_100,352.11
1779867246,R_100,352.01
1779867248,R_100,351.91
1779867250,R_100,351.87
1779867252,R_100,351.79
1779867254,R_100,351.91
1779867256,R_100,351.95
1779867258,R_100,352.02
1779867260,R_100,351.91
1779867262,R_100,351.91
1779867264,R_100,351.92
1779867266,R_100,351.9
1779867268,R_100,351.85
1779867270,R_100,351.94
1779867272,R_100,351.86
1779867274,R_100,351.9
1779867276,R_100,351.93
1779867278,R_100,351.92
1779867280,R_100,351.87
1779867282,R_100,351.92
1779867284,R_100,352.09
1779867286,R_100,352.09
1779867288,R_100,352.12
1779867290,R_100,352.15
1779867292,R_100,352.18
1779867294,R_100,352.27
1779867296,R_100,352.29
1779867298,R_100,352.27
1779867300,R_100,352.36
1779867302,R_100,352.38
1779867304,R_100,352.25
1779867306,R_100,352.23
1779867308,R_100,352.3
1779867310,R_100,352.35
1779867312,R_100,352.36
1779867314,R_100,352.32
1779867316,R_100,352.22
1779867318,R_100,352.23
1779867320,R_100,352.38
1779867322,R_100,352.37
1779867324,R_100,352.49
1779867326,R_100,352.44
1779867328,R_100,352.46
1779867330,R_100,352.48
1779867332,R_100,352.57
1779867334,R_100,352.63
1779867336,R_100,352.6
1779867338,R_100,352.64
1779867340,R_100,352.8
1779867342,R_100,352.91
1779867344,R_100,352.89
1779867346,R_100,352.71
1779867348,R_100,352.72
1779867350,R_100,352.56
1779867352,R_100,352.56
1779867354,R_100,352.62
1779867356,R_100,352.56
1779867358,R_100,352.66
1779867360,R_100,352.78
1779867362,R_100,352.83
1779867364,R_100,352.94
1779867366,R_100,352.86
1779867368,R_100,352.75
1779867370,R_100,352.93
1779867372,R_100,352.9
1779867374,R_100,352.99
1779867376,R_100,353.02
1779867378,R_100,353.05
1779867380,R_100,352.95
1779867382,R_100,353.08
1779867384,R_100,353.07
1779867386,R_100,353.15
1779867388,R_100,353.08
1779867390,R_100,353.11
1779867392,R_100,353
1779867394,R_100,353.04
1779867396,R_100,352.97
1779867398,R_100,353.09
1779867400,R_100,353.03
1779867402,R_100,353.07
1779867404,R_100,353.12
1779867406,R_100,353.16
1779867408,R_100,353.1
1779867410,R_100,353
1779867412,R_100,353.03
1779867414,R_100,353.12
1779867416,R_100,353.13
1779867418,R_100,353.07
1779867420,R_100,353.17
1779867422,R_100,353.16
1779867424,R_100,353.2
1779867426,R_100,353.2
1779867428,R_100,353.27
1779867430,R_100,353.33
1779867432,R_100,353.37
1779867434,R_100,353.34
1779867436,R_100,353.22
1779867438,R_100,353.25
1779867440,R_100,353.27
1779867442,R_100,353.31
1779867444,R_100,353.41
1779867446,R_100,353.32
1779867448,R_100,353.36
1779867450,R_100,353.29
1779867452,R_100,353.22
1779867454,R_100,353.28
1779867456,R_100,353.25
1779867458,R_100,353.32
1779867460,R_100,353.42
1779867462,R_100,353.29
1779867464,R_100,353.28
1779867466,R_100,353.36
1779867468,R_100,353.34
1779867470,R_100,353.33
1779867472,R_100,353.33
1779867474,R_100,353.3
1779867476,R_100,353.27
1779867478,R_100,353.14
1779867480,R_100,353.18
1779867482,R_100,353.1
1779867484,R_100,353.19
1779867486,R_100,353.18
1779867488,R_100,353.35
1779867490,R_100,353.21
1779867492,R_100,353.12
1779867494,R_100,353.1
1779867496,R_100,352.98
1779867498,R_100,353.01
1779867500,R_100,352.9
1779867502,R_100,352.92
1779867504,R_100,352.82
1779867506,R_100,353.05
1779867508,R_100,353.19
1779867510,R_100,353.26
1779867512,R_100,353.32
1779867514,R_100,353.31
1779867516,R_100,353.41
1779867518,R_100,353.6
1779867520,R_100,353.6
1779867522,R_100,353.58
1779867524,R_100,353.58
1779867526,R_100,353.71
1779867528,R_100,353.77
1779867530,R_100,353.62
1779867532,R_100,353.8
1779867534,R_100,353.7
1779867536,R_100,353.65
1779867538,R_100,353.62
1779867540,R_100,353.81
1779867542,R_100,354.01
1779867544,R_100,354.13
1779867546,R_100,354.25
1779867548,R_100,354.24
1779867550,R_100,354.33
1779867552,R_100,354.25
1779867554,R_100,354.13
1779867556,R_100,354.19
1779867558,R_100,354.16
1779867560,R_100,353.96
1779867562,R_100,353.82
1779867564,R_100,353.72
1779867566,R_100,353.67
1779867568,R_100,353.62
1779867570,R_100,353.59
1779867572,R_100,353.58
1779867574,R_100,353.59
1779867576,R_100,353.57
1779867578,R_100,353.52
1779867580,R_100,353.54
1779867582,R_100,353.57
1779867584,R_100,353.48
1779867586,R_100,353.41
1779867588,R_100,353.5
1779867590,R_100,353.41
1779867592,R_100,353.52
1779867594,R_100,353.45
1779867596,R_100,353.27
1779867598,R_100,353.16
1779867600,R_100,353.09
1779867602,R_100,353.01
1779867604,R_100,352.96
1779867606,R_100,352.81
1779867608,R_100,352.8
1779867610,R_100,352.8
1779867612,R_100,352.8
1779867614,R_100,352.72
1779867616,R_100,352.72
1779867618,R_100,352.73
1779867620,R_100,352.89
1779867622,R_100,352.72
1779867624,R_100,352.86
1779867626,R_100,352.97
1779867628,R_100,353.08
1779867630,R_100,353.22
1779867632,R_100,353.02
1779867634,R_100,353.03
1779867636,R_100,352.95
1779867638,R_100,352.95
1779867640,R_100,352.93
1779867642,R_100,352.93
1779867644,R_100,353.11
1779867646,R_100,353.02
1779867648,R_100,353.13
1779867650,R_100,353.3
1779867652,R_100,353.27
1779867654,R_100,353.3
1779867656,R_100,353.3
1779867658,R_100,353.47
1779867660,R_100,353.51
1779867662,R_100,353.63
1779867664,R_100,353.52
1779867666,R_100,353.48
1779867668,R_100,353.45
1779867670,R_100,353.48
1779867672,R_100,353.55
1779867674,R_100,353.63
1779867676,R_100,353.53
1779867678,R_100,353.57
1779867680,R_100,353.42
1779867682,R_100,353.41
1779867684,R_100,353.38
1779867686,R_100,353.38
1779867688,R_100,353.35
1779867690,R_100,353.58
1779867692,R_100,353.66
1779867694,R_100,353.56
1779867696,R_100,353.52
1779867698,R_100,353.53
1779867700,R_100,353.64
1779867702,R_100,353.57
1779867704,R_100,353.46
1779867706,R_100,353.44
1779867708,R_100,353.58
1779867710,R_100,353.56
1779867712,R_100,353.61
1779867714,R_100,353.59
1779867716,R_100,353.48
1779867718,R_100,353.46
1779867720,R_100,353.49
1779867722,R_100,353.49
1779867724,R_100,353.58
1779867726,R_100,353.56
1779867728,R_100,353.41
1779867730,R_100,353.49
1779867732,R_100,353.37
1779867734,R_100,353.35
1779867736,R_100,353.26
1779867738,R_100,353.24
1779867740,R_100,353.22
1779867742,R_100,353.17
1779867744,R_100,353.32
1779867746,R_100,353.49
1779867748,R_100,353.57
1779867750,R_100,353.76
1779867752,R_100,353.72
1779867754,R_100,353.69
1779867756,R_100,353.72
1779867758,R_100,353.81
1779867760,R_100,353.83
1779867762,R_100,353.67
1779867764,R_100,353.72
1779867766,R_100,353.76
1779867768,R_100,353.79
1779867770,R_100,353.81
1779867772,R_100,353.95
1779867774,R_100,354.02
1779867776,R_100,354.07
1779867778,R_100,354.05
1779867780,R_100,354.05
1779867782,R_100,354.06
1779867784,R_100,354.05
1779867786,R_100,354.13
1779867788,R_100,354.11
1779867790,R_100,354.04
1779867792,R_100,354.02
1779867794,R_100,354.06
1779867796,R_100,354.02
1779867798,R_100,354.13
1779867800,R_100,354.06
1779867802,R_100,354.02
1779867804,R_100,353.94
1779867806,R_100,353.94
1779867808,R_100,353.85
1779867810,R_100,353.76
1779867812,R_100,353.72
1779867814,R_100,353.67
1779867816,R_100,353.66
1779867818,R_100,353.72
1779867820,R_100,353.56
1779867822,R_100,353.5
1779867824,R_100,353.58
1779867826,R_100,353.71
1779867828,R_100,353.68
1779867830,R_100,353.77
1779867832,R_100,353.87
1779867834,R_100,353.83
1779867836,R_100,353.81
1779867838,R_100,353.73
1779867840,R_100,353.7
1779867842,R_100,353.62
1779867844,R_100,353.52
1779867846,R_100,353.63
1779867848,R_100,353.62
1779867850,R_100,353.72
1779867852,R_100,353.68
1779867854,R_100,353.64
1779867856,R_100,353.59
1779867858,R_100,353.69
1779867860,R_100,353.61
1779867862,R_100,353.71
1779867864,R_100,353.63
1779867866,R_100,353.51
1779867868,R_100,353.71
1779867870,R_100,353.68
1779867872,R_100,353.79
1779867874,R_100,353.87
1779867876,R_100,353.89
1779867878,R_100,353.89
1779867880,R_100,353.9
1779867882,R_100,353.8
1779867884,R_100,353.74
1779867886,R_100,353.75
1779867888,R_100,353.86
1779867890,R_100,353.84
1779867892,R_100,353.9
1779867894,R_100,353.97
1779867896,R_100,353.96
1779867898,R_100,353.97
1779867900,R_100,353.94
1779867902,R_100,353.82
1779867904,R_100,353.77
1779867906,R_100,353.55
1779867908,R_100,353.64
1779867910,R_100,353.68
1779867912,R_100,353.82
1779867914,R_100,353.87
1779867916,R_100,353.68
1779867918,R_100,353.68
1779867920,R_100,353.73
1779867922,R_100,353.62
1779867924,R_100,353.74
1779867926,R_100,353.8
1779867928,R_100,353.74
1779867930,R_100,354
1779867932,R_100,353.94
1779867934,R_100,354.02
1779867936,R_100,354.03
1779867938,R_100,354.07
1779867940,R_100,354.07
1779867942,R_100,354.13
1779867944,R_100,354.22
1779867946,R_100,354.18
1779867948,R_100,354.13
1779867950,R_100,354.1
1779867952,R_100,354.17
1779867954,R_100,354.25
1779867956,R_100,354.24
1779867958,R_100,354.25
1779867960,R_100,354.28
1779867962,R_100,354.26
1779867964,R_100,354.34
1779867966,R_100,354.4
1779867968,R_100,354.44
1779867970,R_100,354.41
1779867972,R_100,354.35
1779867974,R_100,354.48
1779867976,R_100,354.55
1779867978,R_100,354.59
1779867980,R_100,354.65
1779867982,R_100,354.69
1779867984,R_100,354.65
1779867986,R_100,354.68
1779867988,R_100,354.58
1779867990,R_100,354.59
1779867992,R_100,354.45
1779867994,R_100,354.57
1779867996,R_100,354.69
1779867998,R_100,354.56
1779868000,R_100,354.55
1779868002,R_100,354.43
1779868004,R_100,354.32
1779868006,R_100,354.17
1779868008,R_100,354.16
1779868010,R_100,354.11
1779868012,R_100,354.09
1779868014,R_100,353.98
1779868016,R_100,353.89
1779868018,R_100,353.92
1779868020,R_100,354.06
1779868022,R_100,354.15
1779868024,R_100,354.18
1779868026,R_100,354.29
1779868028,R_100,354.22
1779868030,R_100,354.24
1779868032,R_100,354.1
1779868034,R_100,354.04
1779868036,R_100,354.17
1779868038,R_100,354.36
1779868040,R_100,354.15
1779868042,R_100,354.21
1779868044,R_100,354.16
1779868046,R_100,354.31
1779868048,R_100,354.35
1779868050,R_100,354.21
1779868052,R_100,354.12
1779868054,R_100,354
1779868056,R_100,353.88
1779868058,R_100,353.86
1779868060,R_100,353.89
1779868062,R_100,353.82
1779868064,R_100,353.78
1779868066,R_100,353.76
1779868068,R_100,353.81
1779868070,R_100,353.91
1779868072,R_100,353.91
1779868074,R_100,353.92
1779868076,R_100,353.89
1779868078,R_100,353.81
1779868080,R_100,353.7
1779868082,R_100,353.69
1779868084,R_100,353.64
1779868086,R_100,353.6
1779868088,R_100,353.6
1779868090,R_100,353.53
1779868092,R_100,353.48
1779868094,R_100,353.6
1779868096,R_100,353.55
1779868098,R_100,353.41
1779868100,R_100,353.43
1779868102,R_100,353.4
1779868104,R_100,353.31
1779868106,R_100,353.31
1779868108,R_100,353.42
1779868110,R_100,353.37
1779868112,R_100,353.48
1779868114,R_100,353.42
1779868116,R_100,353.3
1779868118,R_100,353.32
1779868120,R_100,353.31
1779868122,R_100,353.34
1779868124,R_100,353.45
1779868126,R_100,353.43
1779868128,R_100,353.58
1779868130,R_100,353.57
1779868132,R_100,353.52
1779868134,R_100,353.53
1779868136,R_100,353.57
1779868138,R_100,353.6
1779868140,R_100,353.46
1779868142,R_100,353.45
1779868144,R_100,353.5
1779868146,R_100,353.6
1779868148,R_100,353.66
1779868150,R_100,353.61
1779868152,R_100,353.54
1779868154,R_100,353.59
1779868156,R_100,353.53
1779868158,R_100,353.36
1779868160,R_100,353.44
1779868162,R_100,353.38
1779868164,R_100,353.52
1779868166,R_100,353.6
1779868168,R_100,353.61
1779868170,R_100,353.63
1779868172,R_100,353.62
1779868174,R_100,353.5
1779868176,R_100,353.51
1779868178,R_100,353.5
1779868180,R_100,353.39
1779868182,R_100,353.21
1779868184,R_100,353.29
1779868186,R_100,353.26
1779868188,R_100,353.33
1779868190,R_100,353.13
1779868192,R_100,353.06
1779868194,R_100,353.01
1779868196,R_100,353.03
1779868198,R_100,352.92
1779868200,R_100,352.89
1779868202,R_100,352.89
1779868204,R_100,352.89
1779868206,R_100,353.12
1779868208,R_100,353
1779868210,R_100,353.02
1779868212,R_100,352.97
1779868214,R_100,353.06
1779868216,R_100,352.98
1779868218,R_100,353.14
1779868220,R_100,353.07
1779868222,R_100,352.99
1779868224,R_100,353.15
1779868226,R_100,353.21
1779868228,R_100,353.28
1779868230,R_100,353.32
1779868232,R_100,353.43
1779868234,R_100,353.51
1779868236,R_100,353.38
1779868238,R_100,353.45
1779868240,R_100,353.47
1779868242,R_100,353.37
1779868244,R_100,353.29
1779868246,R_100,353.23
1779868248,R_100,353.42
1779868250,R_100,353.34
1779868252,R_100,353.29
1779868254,R_100,353.15
1779868256,R_100,353.12
1779868258,R_100,353.07
1779868260,R_100,352.93
1779868262,R_100,352.98
1779868264,R_100,352.84
1779868266,R_100,352.95
1779868268,R_100,353.02
1779868270,R_100,353.08
1779868272,R_100,353.21
1779868274,R_100,353.24
1779868276,R_100,353.17
1779868278,R_100,353.28
1779868280,R_100,353.36
1779868282,R_100,353.3
1779868284,R_100,353.29
1779868286,R_100,353.36
1779868288,R_100,353.42
1779868290,R_100,353.52
1779868292,R_100,353.58
1779868294,R_100,353.37
1779868296,R_100,353.3
1779868298,R_100,353.32
1779868300,R_100,353.33
1779868302,R_100,353.39
1779868304,R_100,353.32
1779868306,R_100,353.41
1779868308,R_100,353.35
1779868310,R_100,353.27
1779868312,R_100,353.37
1779868314,R_100,353.19
1779868316,R_100,353.1
1779868318,R_100,353.1
1779868320,R_100,353.02
1779868322,R_100,352.94
1779868324,R_100,353.02
1779868326,R_100,352.99
1779868328,R_100,353.04
1779868330,R_100,353.14
1779868332,R_100,353.07
1779868334,R_100,352.96
1779868336,R_100,352.9
1779868338,R_100,352.88
1779868340,R_100,353.02
1779868342,R_100,352.92
1779868344,R_100,353.05
1779868346,R_100,353.04
1779868348,R_100,353.13
1779868350,R_100,353.11
1779868352,R_100,353.04
1779868354,R_100,353.12
1779868356,R_100,353.03
1779868358,R_100,352.97
1779868360,R_100,352.9
1779868362,R_100,352.88
1779868364,R_100,352.88
1779868366,R_100,352.98
1779868368,R_100,353
1779868370,R_100,352.95
1779868372,R_100,353.02
1779868374,R_100,352.93
1779868376,R_100,352.89
1779868378,R_100,353.06
1779868380,R_100,353.06
1779868382,R_100,353.12
1779868384,R_100,353.27
1779868386,R_100,353.35
1779868388,R_100,353.3
1779868390,R_100,353.39
1779868392,R_100,353.38
1779868394,R_100,353.32
1779868396,R_100,353.46
1779868398,R_100,353.45
1779868400,R_100,353.51
1779868402,R_100,353.65
1779868404,R_100,353.56
1779868406,R_100,353.57
1779868408,R_100,353.51
1779868410,R_100,353.34
1779868412,R_100,353.24
1779868414,R_100,353.39
1779868416,R_100,353.37
1779868418,R_100,353.46
1779868420,R_100,353.48
1779868422,R_100,353.33
1779868424,R_100,353.28
1779868426,R_100,353.26
1779868428,R_100,353.19
1779868430,R_100,353.17
1779868432,R_100,353.15
1779868434,R_100,353.18
1779868436,R_100,353.07
1779868438,R_100,353.14
1779868440,R_100,353.03
1779868442,R_100,353.13
1779868444,R_100,353.11
1779868446,R_100,353
1779868448,R_100,353.06
1779868450,R_100,352.99
1779868452,R_100,352.99
1779868454,R_100,352.97
1779868456,R_100,352.98
1779868458,R_100,352.9
1779868460,R_100,352.84
1779868462,R_100,352.76
1779868464,R_100,352.84
1779868466,R_100,353
1779868468,R_100,352.99
1779868470,R_100,353.14
1779868472,R_100,352.99
1779868474,R_100,353.1
1779868476,R_100,353.22
1779868478,R_100,353.19
1779868480,R_100,353.18
1779868482,R_100,353.17
1779868484,R_100,353.04
1779868486,R_100,353.13
1779868488,R_100,353.12
1779868490,R_100,353.14
1779868492,R_100,353.19
1779868494,R_100,353.26
1779868496,R_100,353.32
1779868498,R_100,353.34
1779868500,R_100,353.27
1779868502,R_100,353.27
1779868504,R_100,353.37
1779868506,R_100,353.35
1779868508,R_100,353.37
1779868510,R_100,353.45
1779868512,R_100,353.42
1779868514,R_100,353.31
1779868516,R_100,353.31
1779868518,R_100,353.22
1779868520,R_100,353.21
1779868522,R_100,353.13
1779868524,R_100,353.19
1779868526,R_100,353.15
1779868528,R_100,353.17
1779868530,R_100,353.13
1779868532,R_100,353.2
1779868534,R_100,353.06
1779868536,R_100,353.01
1779868538,R_100,352.92
1779868540,R_100,353.11
1779868542,R_100,353.1
1779868544,R_100,353.17
1779868546,R_100,353.15
1779868548,R_100,353.21
1779868550,R_100,353.18
1779868552,R_100,353.13
1779868554,R_100,353.3
1779868556,R_100,353.2
1779868558,R_100,353.32
1779868560,R_100,353.36
1779868562,R_100,353.47
1779868564,R_100,353.58
1779868566,R_100,353.63
1779868568,R_100,353.72
1779868570,R_100,353.95
1779868572,R_100,353.86
1779868574,R_100,353.93
1779868576,R_100,353.81
1779868578,R_100,353.86
1779868580,R_100,353.77
1779868582,R_100,353.75
1779868584,R_100,353.69
1779868586,R_100,353.82
1779868588,R_100,353.82
1779868590,R_100,353.82
1779868592,R_100,353.92
1779868594,R_100,353.82
1779868596,R_100,353.66
1779868598,R_100,353.7
1779868600,R_100,353.64
1779868602,R_100,353.64
1779868604,R_100,353.6
1779868606,R_100,353.37
1779868608,R_100,353.26
1779868610,R_100,353.35
1779868612,R_100,353.37
1779868614,R_100,353.48
1779868616,R_100,353.46
1779868618,R_100,353.37
1779868620,R_100,353.39
1779868622,R_100,353.17
1779868624,R_100,353.2
1779868626,R_100,353.25
1779868628,R_100,353.2
1779868630,R_100,353.3
1779868632,R_100,353.26
1779868634,R_100,353.27
1779868636,R_100,353.25
1779868638,R_100,353.05
1779868640,R_100,353.17
1779868642,R_100,353.11
1779868644,R_100,353.1
1779868646,R_100,353.2
1779868648,R_100,353.2
1779868650,R_100,353.25
1779868652,R_100,353.3
1779868654,R_100,353.33
1779868656,R_100,353.36
1779868658,R_100,353.38
1779868660,R_100,353.43
1779868662,R_100,353.48
1779868664,R_100,353.52
1779868666,R_100,353.64
1779868668,R_100,353.55
1779868670,R_100,353.63
1779868672,R_100,353.67
1779868674,R_100,353.56
1779868676,R_100,353.58
1779868678,R_100,353.55
1779868680,R_100,353.74
1779868682,R_100,353.59
1779868684,R_100,353.75
1779868686,R_100,353.74
1779868688,R_100,353.83
1779868690,R_100,353.94
1779868692,R_100,353.88
1779868694,R_100,353.75
1779868696,R_100,353.9
1779868698,R_100,353.78
1779868700,R_100,353.73
1779868702,R_100,353.63
1779868704,R_100,353.7
1779868706,R_100,353.69
1779868708,R_100,353.69
1779868710,R_100,353.82
1779868712,R_100,353.93
1779868714,R_100,353.92
1779868716,R_100,354.02
1779868718,R_100,353.99
1779868720,R_100,354.13
1779868722,R_100,354.01
1779868724,R_100,353.98
1779868726,R_100,354.16
1779868728,R_100,354.33
1779868730,R_100,354.19
1779868732,R_100,354.24
1779868734,R_100,354.13
1779868736,R_100,354.04
1779868738,R_100,354.12
1779868740,R_100,354.18
1779868742,R_100,354.15
1779868744,R_100,354.06
1779868746,R_100,353.9
1779868748,R_100,353.99
1779868750,R_100,354.07
1779868752,R_100,354.09
1779868754,R_100,354.18
1779868756,R_100,354.31
1779868758,R_100,354.22
1779868760,R_100,354.19
1779868762,R_100,354.31
1779868764,R_100,354.29
1779868766,R_100,354.43
1779868768,R_100,354.47
1779868770,R_100,354.33
1779868772,R_100,354.33
1779868774,R_100,354.25
1779868776,R_100,354.2
1779868778,R_100,354.32
1779868780,R_100,354.37
1779868782,R_100,354.29
1779868784,R_100,354.33
1779868786,R_100,354.37
1779868788,R_100,354.37
1779868790,R_100,354.5
1779868792,R_100,354.56
1779868794,R_100,354.54
1779868796,R_100,354.47
1779868798,R_100,354.56
1779868800,R_100,354.64
1779868802,R_100,354.7
1779868804,R_100,354.66
1779868806,R_100,354.39
1779868808,R_100,354.3
1779868810,R_100,354.32
1779868812,R_100,354.39
1779868814,R_100,354.34
1779868816,R_100,354.29
1779868818,R_100,354.17
1779868820,R_100,354.31
1779868822,R_100,354.21
1779868824,R_100,354.24
1779868826,R_100,354.22
1779868828,R_100,354.1
1779868830,R_100,354.22
1779868832,R_100,354.35
1779868834,R_100,354.31
1779868836,R_100,354.32
1779868838,R_100,354.36
1779868840,R_100,354.29
1779868842,R_100,354.26
1779868844,R_100,354.24
1779868846,R_100,354.34
1779868848,R_100,354.26
1779868850,R_100,354.31
1779868852,R_100,354.41
1779868854,R_100,354.39
1779868856,R_100,354.33
1779868858,R_100,354.34
1779868860,R_100,354.41
1779868862,R_100,354.32
1779868864,R_100,354.42
1779868866,R_100,354.4
1779868868,R_100,354.3
1779868870,R_100,354.41
1779868872,R_100,354.51
1779868874,R_100,354.54
1779868876,R_100,354.55
1779868878,R_100,354.54
1779868880,R_100,354.48
1779868882,R_100,354.61
1779868884,R_100,354.72
1779868886,R_100,354.72
1779868888,R_100,354.72
1779868890,R_100,354.55
1779868892,R_100,354.44
1779868894,R_100,354.4
1779868896,R_100,354.49
1779868898,R_100,354.59
1779868900,R_100,354.63
1779868902,R_100,354.66
1779868904,R_100,354.54
1779868906,R_100,354.67
1779868908,R_100,354.78
1779868910,R_100,354.7
1779868912,R_100,354.71
1779868914,R_100,354.68
1779868916,R_100,354.68
1779868918,R_100,354.73
1779868920,R_100,354.9
1779868922,R_100,354.93
1779868924,R_100,354.98
1779868926,R_100,354.9
1779868928,R_100,355.02
1779868930,R_100,355.07
1779868932,R_100,355.14
1779868934,R_100,355.23
1779868936,R_100,355.22
1779868938,R_100,355.26
1779868940,R_100,355.26
1779868942,R_100,355.4
1779868944,R_100,355.3
1779868946,R_100,355.35
1779868948,R_100,355.49
1779868950,R_100,355.42
1779868952,R_100,355.49
1779868954,R_100,355.49
1779868956,R_100,355.42
1779868958,R_100,355.46
1779868960,R_100,355.27
1779868962,R_100,355.2
1779868964,R_100,355.18
1779868966,R_100,355.24
1779868968,R_100,355.1
1779868970,R_100,355.05
1779868972,R_100,354.95
1779868974,R_100,355.02
