epoch,symbol,price
1781399472,R_100,343.77
1781399474,R_100,344.01
1781399476,R_100,344.05
1781399478,R_100,344.11
1781399480,R_100,344.17
1781399482,R_100,344.06
1781399484,R_100,343.97
1781399486,R_100,344.1
1781399488,R_100,344.05
1781399490,R_100,344.06
1781399492,R_100,344.01
1781399494,R_100,343.97
1781399496,R_100,343.84
1781399498,R_100,343.68
1781399500,R_100,343.69
1781399502,R_100,343.66
1781399504,R_100,343.9
1781399506,R_100,343.87
1781399508,R_100,343.81
1781399510,R_100,343.82
1781399512,R_100,343.92
1781399514,R_100,343.86
1781399516,R_100,343.9
1781399518,R_100,344.06
1781399520,R_100,343.95
1781399522,R_100,344
1781399524,R_100,343.84
1781399526,R_100,343.92
1781399528,R_100,343.97
1781399530,R_100,344.03
1781399532,R_100,344.09
1781399534,R_100,343.97
1781399536,R_100,344.06
1781399538,R_100,344.02
1781399540,R_100,343.93
1781399542,R_100,343.97
1781399544,R_100,343.96
1781399546,R_100,343.89
1781399548,R_100,343.79
1781399550,R_100,343.81
1781399552,R_100,343.7
1781399554,R_100,343.81
1781399556,R_100,343.8
1781399558,R_100,343.84
1781399560,R_100,343.8
1781399562,R_100,343.81
1781399564,R_100,343.85
1781399566,R_100,343.81
1781399568,R_100,343.76
1781399570,R_100,343.76
1781399572,R_100,343.65
1781399574,R_100,343.62
1781399576,R_100,343.56
1781399578,R_100,343.5
1781399580,R_100,343.57
1781399582,R_100,343.66
1781399584,R_100,343.68
1781399586,R_100,343.58
1781399588,R_100,343.51
1781399590,R_100,343.48
1781399592,R_100,343.51
1781399594,R_100,343.47
1781399596,R_100,343.41
1781399598,R_100,343.44
1781399600,R_100,343.26
1781399602,R_100,343.18
1781399604,R_100,343.12
1781399606,R_100,343.2
1781399608,R_100,343.18
1781399610,R_100,343.31
1781399612,R_100,343.28
1781399614,R_100,343.42
1781399616,R_100,343.45
1781399618,R_100,343.54
1781399620,R_100,343.44
1781399622,R_100,343.47
1781399624,R_100,343.52
1781399626,R_100,343.54
1781399628,R_100,343.44
1781399630,R_100,343.4
1781399632,R_100,343.29
1781399634,R_100,343.22
1781399636,R_100,343.16
1781399638,R_100,343.23
1781399640,R_100,343.38
1781399642,R_100,343.42
1781399644,R_100,343.42
1781399646,R_100,343.27
1781399648,R_100,343.38
1781399650,R_100,343.34
1781399652,R_100,343.41
1781399654,R_100,343.34
1781399656,R_100,343.41
1781399658,R_100,343.32
1781399660,R_100,343.38
1781399662,R_100,343.33
1781399664,R_100,343.43
1781399666,R_100,343.35
1781399668,R_100,343.32
1781399670,R_100,343.18
1781399672,R_100,343.24
1781399674,R_100,343.38
1781399676,R_100,343.39
1781399678,R_100,343.44
1781399680,R_100,343.38
1781399682,R_100,343.53
1781399684,R_100,343.56
1781399686,R_100,343.55
1781399688,R_100,343.6
1781399690,R_100,343.6
1781399692,R_100,343.55
1781399694,R_100,343.58
1781399696,R_100,343.49
1781399698,R_100,343.35
1781399700,R_100,343.37
1781399702,R_100,343.23
1781399704,R_100,343.12
1781399706,R_100,343.13
1781399708,R_100,343.13
1781399710,R_100,343.11
1781399712,R_100,343.06
1781399714,R_100,343.14
1781399716,R_100,343.02
1781399718,R_100,343.13
1781399720,R_100,343.11
1781399722,R_100,343.21
1781399724,R_100,343.13
1781399726,R_100,343.12
1781399728,R_100,343.23
1781399730,R_100,343.22
1781399732,R_100,343.24
1781399734,R_100,343.35
1781399736,R_100,343.29
1781399738,R_100,343.36
1781399740,R_100,343.42
1781399742,R_100,343.49
1781399744,R_100,343.47
1781399746,R_100,343.47
1781399748,R_100,343.47
1781399750,R_100,343.44
1781399752,R_100,343.39
1781399754,R_100,343.34
1781399756,R_100,343.29
1781399758,R_100,343.23
1781399760,R_100,343.11
1781399762,R_100,343.07
1781399764,R_100,343.08
1781399766,R_100,343.2
1781399768,R_100,343.23
1781399770,R_100,343.28
1781399772,R_100,343.16
1781399774,R_100,343.07
1781399776,R_100,343.17
1781399778,R_100,343.22
1781399780,R_100,343.21
1781399782,R_100,343.19
1781399784,R_100,343.17
1781399786,R_100,343.14
1781399788,R_100,343.1
1781399790,R_100,343.04
1781399792,R_100,342.76
1781399794,R_100,342.84
1781399796,R_100,342.74
1781399798,R_100,342.81
1781399800,R_100,342.86
1781399802,R_100,342.86
1781399804,R_100,343.05
1781399806,R_100,343.03
1781399808,R_100,342.99
1781399810,R_100,342.91
1781399812,R_100,342.91
1781399814,R_100,343.03
1781399816,R_100,342.91
1781399818,R_100,342.89
1781399820,R_100,342.88
1781399822,R_100,342.88
1781399824,R_100,343.03
1781399826,R_100,342.94
1781399828,R_100,342.98
1781399830,R_100,343.05
1781399832,R_100,343.07
1781399834,R_100,342.92
1781399836,R_100,342.97
1781399838,R_100,342.97
1781399840,R_100,343.1
1781399842,R_100,343.01
1781399844,R_100,343.2
1781399846,R_100,343.16
1781399848,R_100,343.09
1781399850,R_100,343.1
1781399852,R_100,342.91
1781399854,R_100,342.81
1781399856,R_100,343.06
1781399858,R_100,343.04
1781399860,R_100,343
1781399862,R_100,343.01
1781399864,R_100,342.97
1781399866,R_100,342.98
1781399868,R_100,343.02
1781399870,R_100,343.09
1781399872,R_100,342.95
1781399874,R_100,342.92
1781399876,R_100,342.83
1781399878,R_100,342.78
1781399880,R_100,342.78
1781399882,R_100,342.8
1781399884,R_100,342.99
1781399886,R_100,342.93
1781399888,R_100,342.83
1781399890,R_100,342.91
1781399892,R_100,343.01
1781399894,R_100,343.03
1781399896,R_100,343.09
1781399898,R_100,343.24
1781399900,R_100,343.25
1781399902,R_100,343.31
1781399904,R_100,343.34
1781399906,R_100,343.29
1781399908,R_100,343.48
1781399910,R_100,343.49
1781399912,R_100,343.38
1781399914,R_100,343.37
1781399916,R_100,343.36
1781399918,R_100,343.43
1781399920,R_100,343.42
1781399922,R_100,343.4
1781399924,R_100,343.37
1781399926,R_100,343.34
1781399928,R_100,343.28
1781399930,R_100,343.42
1781399932,R_100,343.33
1781399934,R_100,343.38
1781399936,R_100,343.46
1781399938,R_100,343.58
1781399940,R_100,343.53
1781399942,R_100,343.47
1781399944,R_100,343.59
1781399946,R_100,343.56
1781399948,R_100,343.65
1781399950,R_100,343.6
1781399952,R_100,343.48
1781399954,R_100,343.36
1781399956,R_100,343.39
1781399958,R_100,343.4
1781399960,R_100,343.49
1781399962,R_100,343.33
1781399964,R_100,343.41
1781399966,R_100,343.47
1781399968,R_100,343.5
1781399970,R_100,343.44
1781399972,R_100,343.59
1781399974,R_100,343.58
1781399976,R_100,343.7
1781399978,R_100,343.67
1781399980,R_100,343.59
1781399982,R_100,343.58
1781399984,R_100,343.6
1781399986,R_100,343.65
1781399988,R_100,343.64
1781399990,R_100,343.74
1781399992,R_100,343.73
1781399994,R_100,343.76
1781399996,R_100,343.63
1781399998,R_100,343.72
1781400000,R_100,343.78
1781400002,R_100,343.76
1781400004,R_100,343.66
1781400006,R_100,343.63
1781400008,R_100,343.66
1781400010,R_100,343.65
1781400012,R_100,343.69
1781400014,R_100,343.6
1781400016,R_100,343.75
1781400018,R_100,343.59
1781400020,R_100,343.55
1781400022,R_100,343.57
1781400024,R_100,343.5
1781400026,R_100,343.56
1781400028,R_100,343.58
1781400030,R_100,343.57
1781400032,R_100,343.54
1781400034,R_100,343.44
1781400036,R_100,343.48
1781400038,R_100,343.5
1781400040,R_100,343.64
1781400042,R_100,343.58
1781400044,R_100,343.5
1781400046,R_100,343.57
1781400048,R_100,343.5
1781400050,R_100,343.48
1781400052,R_100,343.4
1781400054,R_100,343.12
1781400056,R_100,343.04
1781400058,R_100,343.15
1781400060,R_100,343.2
1781400062,R_100,343.18
1781400064,R_100,343.15
1781400066,R_100,343.13
1781400068,R_100,343.11
1781400070,R_100,343.14
1781400072,R_100,343.05
1781400074,R_100,343.02
1781400076,R_100,342.95
1781400078,R_100,343.03
1781400080,R_100,342.94
1781400082,R_100,342.88
1781400084,R_100,342.82
1781400086,R_100,342.92
1781400088,R_100,342.93
1781400090,R_100,342.95
1781400092,R_100,342.95
1781400094,R_100,342.93
1781400096,R_100,342.97
1781400098,R_100,342.86
1781400100,R_100,342.9
1781400102,R_100,342.84
1781400104,R_100,342.95
1781400106,R_100,342.99
1781400108,R_100,343.06
1781400110,R_100,343.03
1781400112,R_100,342.94
1781400114,R_100,342.9
1781400116,R_100,342.99
1781400118,R_100,343.05
1781400120,R_100,343.11
1781400122,R_100,343.12
1781400124,R_100,343.15
1781400126,R_100,343.16
1781400128,R_100,343.26
1781400130,R_100,343.22
1781400132,R_100,343.34
1781400134,R_100,343.47
1781400136,R_100,343.42
1781400138,R_100,343.49
1781400140,R_100,343.45
1781400142,R_100,343.46
1781400144,R_100,343.54
1781400146,R_100,343.54
1781400148,R_100,343.37
1781400150,R_100,343.25
1781400152,R_100,343.2
1781400154,R_100,343.21
1781400156,R_100,343.14
1781400158,R_100,343.14
1781400160,R_100,343.22
1781400162,R_100,343.42
1781400164,R_100,343.37
1781400166,R_100,343.39
1781400168,R_100,343.43
1781400170,R_100,343.47
1781400172,R_100,343.49
1781400174,R_100,343.49
1781400176,R_100,343.56
1781400178,R_100,343.43
1781400180,R_100,343.49
1781400182,R_100,343.5
1781400184,R_100,343.44
1781400186,R_100,343.36
1781400188,R_100,343.27
1781400190,R_100,343.28
1781400192,R_100,343.29
1781400194,R_100,343.41
1781400196,R_100,343.52
1781400198,R_100,343.57
1781400200,R_100,343.59
1781400202,R_100,343.43
1781400204,R_100,343.47
1781400206,R_100,343.32
1781400208,R_100,343.23
1781400210,R_100,343.13
1781400212,R_100,343.22
1781400214,R_100,343.11
1781400216,R_100,343.21
1781400218,R_100,343.17
1781400220,R_100,343.18
1781400222,R_100,343.16
1781400224,R_100,343.11
1781400226,R_100,343.17
1781400228,R_100,342.96
1781400230,R_100,342.96
1781400232,R_100,342.9
1781400234,R_100,342.88
1781400236,R_100,342.81
1781400238,R_100,342.83
1781400240,R_100,342.82
1781400242,R_100,342.68
1781400244,R_100,342.71
1781400246,R_100,342.76
1781400248,R_100,342.74
1781400250,R_100,342.71
1781400252,R_100,342.63
1781400254,R_100,342.54
1781400256,R_100,342.52
1781400258,R_100,342.44
1781400260,R_100,342.42
1781400262,R_100,342.34
1781400264,R_100,342.43
1781400266,R_100,342.45
1781400268,R_100,342.4
1781400270,R_100,342.42
1781400272,R_100,342.4
1781400274,R_100,342.36
1781400276,R_100,342.31
1781400278,R_100,342.37
1781400280,R_100,342.29
1781400282,R_100,342.34
1781400284,R_100,342.5
1781400286,R_100,342.33
1781400288,R_100,342.3
1781400290,R_100,342.42
1781400292,R_100,342.44
1781400294,R_100,342.35
1781400296,R_100,342.29
1781400298,R_100,342.14
1781400300,R_100,342.2
1781400302,R_100,342.15
1781400304,R_100,342.12
1781400306,R_100,342.18
1781400308,R_100,342.2
1781400310,R_100,342.36
1781400312,R_100,342.5
1781400314,R_100,342.39
1781400316,R_100,342.41
1781400318,R_100,342.46
1781400320,R_100,342.4
1781400322,R_100,342.55
1781400324,R_100,342.56
1781400326,R_100,342.57
1781400328,R_100,342.59
1781400330,R_100,342.54
1781400332,R_100,342.46
1781400334,R_100,342.47
1781400336,R_100,342.52
1781400338,R_100,342.56
1781400340,R_100,342.65
1781400342,R_100,342.73
1781400344,R_100,342.57
1781400346,R_100,342.68
1781400348,R_100,342.74
1781400350,R_100,342.82
1781400352,R_100,342.86
1781400354,R_100,342.91
1781400356,R_100,342.88
1781400358,R_100,343.03
1781400360,R_100,342.94
1781400362,R_100,342.84
1781400364,R_100,342.88
1781400366,R_100,342.8
1781400368,R_100,342.72
1781400370,R_100,342.83
1781400372,R_100,342.71
1781400374,R_100,342.72
1781400376,R_100,342.6
1781400378,R_100,342.61
1781400380,R_100,342.64
1781400382,R_100,342.75
1781400384,R_100,342.64
1781400386,R_100,342.68
1781400388,R_100,342.71
1781400390,R_100,342.6
1781400392,R_100,342.55
1781400394,R_100,342.5
1781400396,R_100,342.58
1781400398,R_100,342.46
1781400400,R_100,342.5
1781400402,R_100,342.56
1781400404,R_100,342.46
1781400406,R_100,342.52
1781400408,R_100,342.67
1781400410,R_100,342.52
1781400412,R_100,342.71
1781400414,R_100,342.84
1781400416,R_100,342.98
1781400418,R_100,342.92
1781400420,R_100,342.97
1781400422,R_100,343.03
1781400424,R_100,342.86
1781400426,R_100,342.83
1781400428,R_100,342.83
1781400430,R_100,342.82
1781400432,R_100,342.73
1781400434,R_100,342.7
1781400436,R_100,342.68
1781400438,R_100,342.68
1781400440,R_100,342.76
1781400442,R_100,342.81
1781400444,R_100,342.75
1781400446,R_100,342.63
1781400448,R_100,342.69
1781400450,R_100,342.71
1781400452,R_100,342.81
1781400454,R_100,342.84
1781400456,R_100,342.94
1781400458,R_100,342.98
1781400460,R_100,342.98
1781400462,R_100,343.06
1781400464,R_100,343.1
1781400466,R_100,343.01
1781400468,R_100,342.97
1781400470,R_100,342.94
1781400472,R_100,342.76
1781400474,R_100,342.73
1781400476,R_100,342.76
1781400478,R_100,342.72
1781400480,R_100,342.72
1781400482,R_100,342.77
1781400484,R_100,342.7
1781400486,R_100,342.74
1781400488,R_100,342.76
1781400490,R_100,342.65
1781400492,R_100,342.57
1781400494,R_100,342.52
1781400496,R_100,342.54
1781400498,R_100,342.68
1781400500,R_100,342.6
1781400502,R_100,342.5
1781400504,R_100,342.52
1781400506,R_100,342.6
1781400508,R_100,342.52
1781400510,R_100,342.51
1781400512,R_100,342.59
1781400514,R_100,342.61
1781400516,R_100,342.59
1781400518,R_100,342.57
1781400520,R_100,342.58
1781400522,R_100,342.51
1781400524,R_100,342.54
1781400526,R_100,342.6
1781400528,R_100,342.53
1781400530,R_100,342.53
1781400532,R_100,342.65
1781400534,R_100,342.66
1781400536,R_100,342.62
1781400538,R_100,342.65
1781400540,R_100,342.54
1781400542,R_100,342.53
1781400544,R_100,342.7
1781400546,R_100,342.66
1781400548,R_100,342.61
1781400550,R_100,342.69
1781400552,R_100,342.66
1781400554,R_100,342.54
1781400556,R_100,342.64
1781400558,R_100,342.43
1781400560,R_100,342.47
1781400562,R_100,342.44
1781400564,R_100,342.56
1781400566,R_100,342.52
1781400568,R_100,342.48
1781400570,R_100,342.45
1781400572,R_100,342.4
1781400574,R_100,342.42
1781400576,R_100,342.5
1781400578,R_100,342.43
1781400580,R_100,342.4
1781400582,R_100,342.38
1781400584,R_100,342.33
1781400586,R_100,342.31
1781400588,R_100,342.39
1781400590,R_100,342.29
1781400592,R_100,342.14
1781400594,R_100,342.22
1781400596,R_100,342.05
1781400598,R_100,342.09
1781400600,R_100,342.27
1781400602,R_100,342.29
1781400604,R_100,342.18
1781400606,R_100,342.16
1781400608,R_100,342.15
1781400610,R_100,342.12
1781400612,R_100,342.13
1781400614,R_100,342.15
1781400616,R_100,341.99
1781400618,R_100,342.08
1781400620,R_100,342
1781400622,R_100,342.11
1781400624,R_100,342.04
1781400626,R_100,342.1
1781400628,R_100,342.14
1781400630,R_100,342.21
1781400632,R_100,342.2
1781400634,R_100,342.15
1781400636,R_100,342.16
1781400638,R_100,342.13
1781400640,R_100,342.17
1781400642,R_100,342.19
1781400644,R_100,342.12
1781400646,R_100,342.19
1781400648,R_100,342.24
1781400650,R_100,342.19
1781400652,R_100,342.22
1781400654,R_100,342.3
1781400656,R_100,342.32
1781400658,R_100,342.36
1781400660,R_100,342.47
1781400662,R_100,342.62
1781400664,R_100,342.71
1781400666,R_100,342.77
1781400668,R_100,342.7
1781400670,R_100,342.64
1781400672,R_100,342.61
1781400674,R_100,342.61
1781400676,R_100,342.56
1781400678,R_100,342.48
1781400680,R_100,342.28
1781400682,R_100,342.23
1781400684,R_100,342.3
1781400686,R_100,342.21
1781400688,R_100,342.25
1781400690,R_100,342.23
1781400692,R_100,342.26
1781400694,R_100,342.13
1781400696,R_100,342.07
1781400698,R_100,342.19
1781400700,R_100,342.25
1781400702,R_100,342.12
1781400704,R_100,342.25
1781400706,R_100,342.25
1781400708,R_100,342.28
1781400710,R_100,342.15
1781400712,R_100,342.16
1781400714,R_100,342.2
1781400716,R_100,342.04
1781400718,R_100,342.05
1781400720,R_100,342.1
1781400722,R_100,342.27
1781400724,R_100,342.42
1781400726,R_100,342.42
1781400728,R_100,342.41
1781400730,R_100,342.28
1781400732,R_100,342.38
1781400734,R_100,342.39
1781400736,R_100,342.51
1781400738,R_100,342.57
1781400740,R_100,342.49
1781400742,R_100,342.54
1781400744,R_100,342.45
1781400746,R_100,342.53
1781400748,R_100,342.32
1781400750,R_100,342.45
1781400752,R_100,342.53
1781400754,R_100,342.5
1781400756,R_100,342.66
1781400758,R_100,342.77
1781400760,R_100,342.68
1781400762,R_100,342.77
1781400764,R_100,342.72
1781400766,R_100,342.73
1781400768,R_100,342.71
1781400770,R_100,342.65
1781400772,R_100,342.71
1781400774,R_100,342.78
1781400776,R_100,342.64
1781400778,R_100,342.61
1781400780,R_100,342.56
1781400782,R_100,342.36
1781400784,R_100,342.45
1781400786,R_100,342.43
1781400788,R_100,342.57
1781400790,R_100,342.52
1781400792,R_100,342.58
1781400794,R_100,342.47
1781400796,R_100,342.61
1781400798,R_100,342.71
1781400800,R_100,342.63
1781400802,R_100,342.57
1781400804,R_100,342.61
1781400806,R_100,342.75
1781400808,R_100,342.75
1781400810,R_100,342.89
1781400812,R_100,342.97
1781400814,R_100,343.04
1781400816,R_100,343.01
1781400818,R_100,343.09
1781400820,R_100,343.11
1781400822,R_100,343.06
1781400824,R_100,342.94
1781400826,R_100,342.86
1781400828,R_100,342.84
1781400830,R_100,342.91
1781400832,R_100,342.82
1781400834,R_100,342.87
1781400836,R_100,342.82
1781400838,R_100,342.77
1781400840,R_100,342.78
1781400842,R_100,342.84
1781400844,R_100,342.83
1781400846,R_100,342.76
1781400848,R_100,342.76
1781400850,R_100,342.8
1781400852,R_100,343.02
1781400854,R_100,342.95
1781400856,R_100,342.94
1781400858,R_100,343
1781400860,R_100,343.08
1781400862,R_100,343.13
1781400864,R_100,343.11
1781400866,R_100,342.91
1781400868,R_100,343.02
1781400870,R_100,343.05
1781400872,R_100,343.1
1781400874,R_100,343.06
1781400876,R_100,343.13
1781400878,R_100,343.1
1781400880,R_100,343.14
1781400882,R_100,343.38
1781400884,R_100,343.22
1781400886,R_100,343.27
1781400888,R_100,343.39
1781400890,R_100,343.42
1781400892,R_100,343.57
1781400894,R_100,343.54
1781400896,R_100,343.52
1781400898,R_100,343.54
1781400900,R_100,343.72
1781400902,R_100,343.54
1781400904,R_100,343.61
1781400906,R_100,343.56
1781400908,R_100,343.65
1781400910,R_100,343.65
1781400912,R_100,343.61
1781400914,R_100,343.53
1781400916,R_100,343.48
1781400918,R_100,343.46
1781400920,R_100,343.29
1781400922,R_100,343.22
1781400924,R_100,343.28
1781400926,R_100,343.21
1781400928,R_100,343.16
1781400930,R_100,343.39
1781400932,R_100,343.42
1781400934,R_100,343.51
1781400936,R_100,343.36
1781400938,R_100,343.44
1781400940,R_100,343.48
1781400942,R_100,343.38
1781400944,R_100,343.3
1781400946,R_100,343.29
1781400948,R_100,343.17
1781400950,R_100,343.15
1781400952,R_100,343.07
1781400954,R_100,343.17
1781400956,R_100,343.13
1781400958,R_100,343.16
1781400960,R_100,343.09
1781400962,R_100,342.89
1781400964,R_100,342.85
1781400966,R_100,343.04
1781400968,R_100,343.05
1781400970,R_100,343.04
1781400972,R_100,342.95
1781400974,R_100,343.02
1781400976,R_100,343.06
1781400978,R_100,342.97
1781400980,R_100,342.99
1781400982,R_100,342.99
1781400984,R_100,343.07
1781400986,R_100,343.11
1781400988,R_100,342.9
1781400990,R_100,342.95
1781400992,R_100,342.93
1781400994,R_100,342.98
1781400996,R_100,342.9
1781400998,R_100,342.95
1781401000,R_100,342.88
1781401002,R_100,342.88
1781401004,R_100,342.8
1781401006,R_100,342.84
1781401008,R_100,342.81
1781401010,R_100,342.82
1781401012,R_100,342.76
1781401014,R_100,342.62
1781401016,R_100,342.6
1781401018,R_100,342.61
1781401020,R_100,342.51
1781401022,R_100,342.47
1781401024,R_100,342.48
1781401026,R_100,342.52
1781401028,R_100,342.57
1781401030,R_100,342.46
1781401032,R_100,342.61
1781401034,R_100,342.53
1781401036,R_100,342.51
1781401038,R_100,342.44
1781401040,R_100,342.28
1781401042,R_100,342.28
1781401044,R_100,342.3
1781401046,R_100,342.11
1781401048,R_100,342.02
1781401050,R_100,342.1
1781401052,R_100,342.03
1781401054,R_100,341.92
1781401056,R_100,341.9
1781401058,R_100,341.82
1781401060,R_100,341.9
1781401062,R_100,341.85
1781401064,R_100,341.79
1781401066,R_100,341.86
1781401068,R_100,341.9
1781401070,R_100,341.99
1781401072,R_100,341.94
1781401074,R_100,341.85
1781401076,R_100,341.8
1781401078,R_100,341.71
1781401080,R_100,341.68
1781401082,R_100,341.65
1781401084,R_100,341.66
1781401086,R_100,341.67
1781401088,R_100,341.63
1781401090,R_100,341.81
1781401092,R_100,341.9
1781401094,R_100,341.94
1781401096,R_100,341.89
1781401098,R_100,341.8
1781401100,R_100,341.87
1781401102,R_100,341.67
1781401104,R_100,341.74
1781401106,R_100,341.74
1781401108,R_100,341.77
1781401110,R_100,341.72
1781401112,R_100,341.73
1781401114,R_100,341.58
1781401116,R_100,341.63
1781401118,R_100,341.67
1781401120,R_100,341.73
1781401122,R_100,341.71
1781401124,R_100,341.58
1781401126,R_100,341.74
1781401128,R_100,341.77
1781401130,R_100,341.81
1781401132,R_100,341.73
1781401134,R_100,341.88
1781401136,R_100,342.03
1781401138,R_100,341.93
1781401140,R_100,341.88
1781401142,R_100,342
1781401144,R_100,341.89
1781401146,R_100,341.87
1781401148,R_100,341.94
1781401150,R_100,342.05
1781401152,R_100,342.12
1781401154,R_100,342.1
1781401156,R_100,342.05
1781401158,R_100,342.17
1781401160,R_100,342.2
1781401162,R_100,342.09
1781401164,R_100,342.2
1781401166,R_100,342.32
1781401168,R_100,342.31
1781401170,R_100,342.31
1781401172,R_100,342.23
1781401174,R_100,342.18
1781401176,R_100,342.06
1781401178,R_100,342.07
1781401180,R_100,342.01
1781401182,R_100,342.07
1781401184,R_100,342.06
1781401186,R_100,342.05
1781401188,R_100,342.04
1781401190,R_100,342.08
1781401192,R_100,341.94
1781401194,R_100,341.91
1781401196,R_100,341.78
1781401198,R_100,341.8
1781401200,R_100,341.76
1781401202,R_100,341.89
1781401204,R_100,341.81
1781401206,R_100,341.62
1781401208,R_100,341.65
1781401210,R_100,341.51
1781401212,R_100,341.34
1781401214,R_100,341.31
1781401216,R_100,341.28
1781401218,R_100,341.29
1781401220,R_100,341.3
1781401222,R_100,341.27
1781401224,R_100,341.41
1781401226,R_100,341.45
1781401228,R_100,341.34
1781401230,R_100,341.35
1781401232,R_100,341.51
1781401234,R_100,341.57
1781401236,R_100,341.46
1781401238,R_100,341.49
1781401240,R_100,341.56
1781401242,R_100,341.5
1781401244,R_100,341.3
1781401246,R_100,341.28
1781401248,R_100,341.39
1781401250,R_100,341.42
1781401252,R_100,341.46
1781401254,R_100,341.7
1781401256,R_100,341.45
1781401258,R_100,341.58
1781401260,R_100,341.59
1781401262,R_100,341.6
1781401264,R_100,341.51
1781401266,R_100,341.57
1781401268,R_100,341.74
1781401270,R_100,341.83
1781401272,R_100,341.99
1781401274,R_100,341.86
1781401276,R_100,341.89
1781401278,R_100,341.74
1781401280,R_100,341.7
1781401282,R_100,341.65
1781401284,R_100,341.61
1781401286,R_100,341.54
1781401288,R_100,341.49
1781401290,R_100,341.38
1781401292,R_100,341.34
1781401294,R_100,341.44
1781401296,R_100,341.51
1781401298,R_100,341.54
1781401300,R_100,341.55
1781401302,R_100,341.55
1781401304,R_100,341.44
1781401306,R_100,341.45
1781401308,R_100,341.54
1781401310,R_100,341.52
1781401312,R_100,341.59
1781401314,R_100,341.52
1781401316,R_100,341.47
1781401318,R_100,341.47
1781401320,R_100,341.43
1781401322,R_100,341.54
1781401324,R_100,341.63
1781401326,R_100,341.64
1781401328,R_100,341.65
1781401330,R_100,341.51
1781401332,R_100,341.46
1781401334,R_100,341.5
1781401336,R_100,341.45
1781401338,R_100,341.36
1781401340,R_100,341.33
1781401342,R_100,341.28
1781401344,R_100,341.19
1781401346,R_100,341.33
1781401348,R_100,341.44
1781401350,R_100,341.46
1781401352,R_100,341.55
1781401354,R_100,341.53
1781401356,R_100,341.41
1781401358,R_100,341.42
1781401360,R_100,341.28
1781401362,R_100,341.31
1781401364,R_100,341.2
1781401366,R_100,341.25
1781401368,R_100,341.23
1781401370,R_100,341.29
1781401372,R_100,341.16
1781401374,R_100,341.14
1781401376,R_100,341.06
1781401378,R_100,341.03
1781401380,R_100,341.03
1781401382,R_100,340.98
1781401384,R_100,340.97
1781401386,R_100,340.96
1781401388,R_100,340.95
1781401390,R_100,341.15
1781401392,R_100,340.99
1781401394,R_100,340.99
1781401396,R_100,341.02
1781401398,R_100,341.08
1781401400,R_100,341
1781401402,R_100,341.01
1781401404,R_100,340.98
1781401406,R_100,341.12
1781401408,R_100,341.11
1781401410,R_100,341.04
1781401412,R_100,341.11
1781401414,R_100,341
1781401416,R_100,340.81
1781401418,R_100,340.82
1781401420,R_100,340.91
1781401422,R_100,340.81
1781401424,R_100,340.86
1781401426,R_100,340.99
1781401428,R_100,341
1781401430,R_100,341.07
1781401432,R_100,341.04
1781401434,R_100,341.03
1781401436,R_100,341.02
1781401438,R_100,341.13
1781401440,R_100,341.1
1781401442,R_100,340.93
1781401444,R_100,340.83
1781401446,R_100,340.89
1781401448,R_100,340.86
1781401450,R_100,340.81
1781401452,R_100,341
1781401454,R_100,341.04
1781401456,R_100,341.08
1781401458,R_100,341.1
1781401460,R_100,341.11
1781401462,R_100,341.09
1781401464,R_100,340.9
1781401466,R_100,340.99
1781401468,R_100,340.97
1781401470,R_100,340.87
1781401472,R_100,340.79
1781401474,R_100,340.88
1781401476,R_100,340.88
1781401478,R_100,340.92
1781401480,R_100,340.82
1781401482,R_100,340.8
1781401484,R_100,340.8
1781401486,R_100,340.8
1781401488,R_100,340.75
1781401490,R_100,340.62
1781401492,R_100,340.6
1781401494,R_100,340.49
1781401496,R_100,340.57
1781401498,R_100,340.61
1781401500,R_100,340.6
1781401502,R_100,340.5
1781401504,R_100,340.53
1781401506,R_100,340.64
1781401508,R_100,340.52
1781401510,R_100,340.51
1781401512,R_100,340.64
1781401514,R_100,340.74
1781401516,R_100,340.62
1781401518,R_100,340.55
1781401520,R_100,340.62
1781401522,R_100,340.68
1781401524,R_100,340.69
1781401526,R_100,340.59
1781401528,R_100,340.62
1781401530,R_100,340.55
1781401532,R_100,340.47
1781401534,R_100,340.39
1781401536,R_100,340.11
1781401538,R_100,340.08
1781401540,R_100,340.08
1781401542,R_100,339.94
1781401544,R_100,340.04
1781401546,R_100,339.98
1781401548,R_100,339.82
1781401550,R_100,339.94
1781401552,R_100,339.81
1781401554,R_100,339.7
1781401556,R_100,339.69
1781401558,R_100,339.58
1781401560,R_100,339.46
1781401562,R_100,339.48
1781401564,R_100,339.2
1781401566,R_100,339.25
1781401568,R_100,339.33
1781401570,R_100,339.48
1781401572,R_100,339.49
1781401574,R_100,339.52
1781401576,R_100,339.49
1781401578,R_100,339.51
1781401580,R_100,339.49
1781401582,R_100,339.47
1781401584,R_100,339.44
1781401586,R_100,339.55
1781401588,R_100,339.59
1781401590,R_100,339.67
1781401592,R_100,339.65
1781401594,R_100,339.55
1781401596,R_100,339.49
1781401598,R_100,339.51
1781401600,R_100,339.45
1781401602,R_100,339.52
1781401604,R_100,339.59
1781401606,R_100,339.51
1781401608,R_100,339.41
1781401610,R_100,339.47
1781401612,R_100,339.56
1781401614,R_100,339.72
1781401616,R_100,339.65
1781401618,R_100,339.58
1781401620,R_100,339.49
1781401622,R_100,339.58
1781401624,R_100,339.52
1781401626,R_100,339.58
1781401628,R_100,339.62
1781401630,R_100,339.7
1781401632,R_100,339.79
1781401634,R_100,339.86
1781401636,R_100,339.95
1781401638,R_100,340.08
1781401640,R_100,340.17
1781401642,R_100,340.19
1781401644,R_100,340.14
1781401646,R_100,340.08
1781401648,R_100,340.06
1781401650,R_100,340.16
1781401652,R_100,340.17
1781401654,R_100,340.16
1781401656,R_100,340.19
1781401658,R_100,340.07
1781401660,R_100,340.01
1781401662,R_100,339.97
1781401664,R_100,339.96
1781401666,R_100,339.97
1781401668,R_100,340.1
1781401670,R_100,340.23
1781401672,R_100,340.3
1781401674,R_100,340.37
1781401676,R_100,340.41
1781401678,R_100,340.35
1781401680,R_100,340.39
1781401682,R_100,340.57
1781401684,R_100,340.52
1781401686,R_100,340.53
1781401688,R_100,340.64
1781401690,R_100,340.87
1781401692,R_100,340.98
1781401694,R_100,341
1781401696,R_100,341.08
1781401698,R_100,341.07
1781401700,R_100,341.01
1781401702,R_100,341.02
1781401704,R_100,340.95
1781401706,R_100,341.06
1781401708,R_100,341.04
1781401710,R_100,340.89
1781401712,R_100,340.72
1781401714,R_100,340.76
1781401716,R_100,340.78
1781401718,R_100,340.78
1781401720,R_100,340.85
1781401722,R_100,340.91
1781401724,R_100,340.86
1781401726,R_100,340.69
1781401728,R_100,340.74
1781401730,R_100,340.84
1781401732,R_100,340.96
1781401734,R_100,341.06
1781401736,R_100,340.96
1781401738,R_100,340.94
1781401740,R_100,341.07
1781401742,R_100,340.99
1781401744,R_100,340.98
1781401746,R_100,341.18
1781401748,R_100,341.2
1781401750,R_100,341.05
1781401752,R_100,340.98
1781401754,R_100,341.05
1781401756,R_100,340.95
1781401758,R_100,341.04
1781401760,R_100,341.24
1781401762,R_100,341.31
1781401764,R_100,341.15
1781401766,R_100,341.28
1781401768,R_100,341.45
1781401770,R_100,341.34
1781401772,R_100,341.56
1781401774,R_100,341.49
1781401776,R_100,341.51
1781401778,R_100,341.56
1781401780,R_100,341.42
1781401782,R_100,341.48
1781401784,R_100,341.47
1781401786,R_100,341.4
1781401788,R_100,341.48
1781401790,R_100,341.46
1781401792,R_100,341.58
1781401794,R_100,341.56
1781401796,R_100,341.43
1781401798,R_100,341.37
1781401800,R_100,341.39
1781401802,R_100,341.44
1781401804,R_100,341.41
1781401806,R_100,341.4
1781401808,R_100,341.31
1781401810,R_100,341.35
1781401812,R_100,341.27
1781401814,R_100,341.31
1781401816,R_100,341.41
1781401818,R_100,341.39
1781401820,R_100,341.39
1781401822,R_100,341.57
1781401824,R_100,341.66
1781401826,R_100,341.56
1781401828,R_100,341.58
1781401830,R_100,341.5
1781401832,R_100,341.38
1781401834,R_100,341.54
1781401836,R_100,341.58
1781401838,R_100,341.58
1781401840,R_100,341.64
1781401842,R_100,341.72
1781401844,R_100,341.75
1781401846,R_100,341.76
1781401848,R_100,341.75
1781401850,R_100,341.73
1781401852,R_100,341.7
1781401854,R_100,341.69
1781401856,R_100,341.6
1781401858,R_100,341.67
1781401860,R_100,341.57
1781401862,R_100,341.63
1781401864,R_100,341.69
1781401866,R_100,341.72
1781401868,R_100,341.57
1781401870,R_100,341.59
1781401872,R_100,341.55
1781401874,R_100,341.62
1781401876,R_100,341.48
1781401878,R_100,341.36
1781401880,R_100,341.44
1781401882,R_100,341.4
1781401884,R_100,341.32
1781401886,R_100,341.45
1781401888,R_100,341.58
1781401890,R_100,341.65
1781401892,R_100,341.82
1781401894,R_100,341.62
1781401896,R_100,341.52
1781401898,R_100,341.62
1781401900,R_100,341.59
1781401902,R_100,341.7
1781401904,R_100,341.69
1781401906,R_100,341.8
1781401908,R_100,341.73
1781401910,R_100,341.83
1781401912,R_100,341.82
1781401914,R_100,341.95
1781401916,R_100,342.02
1781401918,R_100,342.19
1781401920,R_100,342.2
1781401922,R_100,342.29
1781401924,R_100,342.38
1781401926,R_100,342.38
1781401928,R_100,342.44
1781401930,R_100,342.36
1781401932,R_100,342.39
1781401934,R_100,342.44
1781401936,R_100,342.39
1781401938,R_100,342.51
1781401940,R_100,342.48
1781401942,R_100,342.55
1781401944,R_100,342.53
1781401946,R_100,342.65
1781401948,R_100,342.65
1781401950,R_100,342.8
1781401952,R_100,342.76
1781401954,R_100,342.77
1781401956,R_100,342.69
1781401958,R_100,342.77
1781401960,R_100,343.01
1781401962,R_100,342.98
1781401964,R_100,342.95
1781401966,R_100,342.96
1781401968,R_100,343.01
1781401970,R_100,343.11
1781401972,R_100,343.14
1781401974,R_100,343.2
1781401976,R_100,343.28
1781401978,R_100,343.32
1781401980,R_100,343.15
1781401982,R_100,343.14
1781401984,R_100,343.21
1781401986,R_100,343.18
1781401988,R_100,343.31
1781401990,R_100,343.31
1781401992,R_100,343.44
1781401994,R_100,343.39
1781401996,R_100,343.35
1781401998,R_100,343.35
1781402000,R_100,343.39
1781402002,R_100,343.24
1781402004,R_100,343.13
1781402006,R_100,343.18
1781402008,R_100,343.31
1781402010,R_100,343.34
1781402012,R_100,343.32
1781402014,R_100,343.35
1781402016,R_100,343.39
1781402018,R_100,343.43
1781402020,R_100,343.39
1781402022,R_100,343.3
1781402024,R_100,343.42
1781402026,R_100,343.5
1781402028,R_100,343.63
1781402030,R_100,343.58
1781402032,R_100,343.56
1781402034,R_100,343.56
1781402036,R_100,343.57
1781402038,R_100,343.6
1781402040,R_100,343.6
1781402042,R_100,343.53
1781402044,R_100,343.46
1781402046,R_100,343.48
1781402048,R_100,343.53
1781402050,R_100,343.48
1781402052,R_100,343.46
1781402054,R_100,343.44
1781402056,R_100,343.31
1781402058,R_100,343.32
1781402060,R_100,343.23
1781402062,R_100,343.11
1781402064,R_100,343.29
1781402066,R_100,343.08
1781402068,R_100,343.07
1781402070,R_100,342.99
1781402072,R_100,343.04
1781402074,R_100,343.04
1781402076,R_100,343.12
1781402078,R_100,343.07
1781402080,R_100,343.13
1781402082,R_100,343.23
1781402084,R_100,343.37
1781402086,R_100,343.36
1781402088,R_100,343.08
1781402090,R_100,343.11
1781402092,R_100,342.9
1781402094,R_100,342.83
1781402096,R_100,342.72
1781402098,R_100,342.87
1781402100,R_100,342.96
1781402102,R_100,343.12
1781402104,R_100,343.14
1781402106,R_100,343.1
1781402108,R_100,343.14
1781402110,R_100,343.07
1781402112,R_100,342.95
1781402114,R_100,342.85
1781402116,R_100,342.75
1781402118,R_100,342.82
1781402120,R_100,342.84
1781402122,R_100,342.77
1781402124,R_100,342.74
1781402126,R_100,342.91
1781402128,R_100,343.07
1781402130,R_100,343.06
1781402132,R_100,343.04
1781402134,R_100,343.19
1781402136,R_100,343.12
1781402138,R_100,343.1
1781402140,R_100,343.23
1781402142,R_100,343.26
1781402144,R_100,343.41
1781402146,R_100,343.42
1781402148,R_100,343.48
1781402150,R_100,343.45
1781402152,R_100,343.46
1781402154,R_100,343.42
1781402156,R_100,343.41
1781402158,R_100,343.56
1781402160,R_100,343.65
1781402162,R_100,343.7
1781402164,R_100,343.63
1781402166,R_100,343.66
1781402168,R_100,343.75
1781402170,R_100,343.73
1781402172,R_100,343.81
1781402174,R_100,343.76
1781402176,R_100,343.85
1781402178,R_100,343.8
1781402180,R_100,343.8
1781402182,R_100,343.84
1781402184,R_100,343.94
1781402186,R_100,344.04
1781402188,R_100,343.96
1781402190,R_100,344.03
1781402192,R_100,343.89
1781402194,R_100,344.03
1781402196,R_100,344.14
1781402198,R_100,344.05
1781402200,R_100,343.97
1781402202,R_100,343.88
1781402204,R_100,343.92
1781402206,R_100,343.95
1781402208,R_100,343.83
1781402210,R_100,343.82
1781402212,R_100,343.88
1781402214,R_100,343.84
1781402216,R_100,343.87
1781402218,R_100,343.82
1781402220,R_100,343.82
1781402222,R_100,343.8
1781402224,R_100,343.95
1781402226,R_100,344.2
1781402228,R_100,344.23
1781402230,R_100,344.23
1781402232,R_100,344.21
1781402234,R_100,344.27
1781402236,R_100,344.24
1781402238,R_100,344.3
1781402240,R_100,344.27
1781402242,R_100,344.23
1781402244,R_100,344.26
1781402246,R_100,344.23
1781402248,R_100,344.23
1781402250,R_100,344.19
1781402252,R_100,344.03
1781402254,R_100,344.08
1781402256,R_100,344.13
1781402258,R_100,344.23
1781402260,R_100,344.13
1781402262,R_100,344.05
1781402264,R_100,344.08
1781402266,R_100,344.1
1781402268,R_100,343.96
1781402270,R_100,344
1781402272,R_100,343.92
1781402274,R_100,343.76
1781402276,R_100,343.63
1781402278,R_100,343.69
1781402280,R_100,343.66
1781402282,R_100,343.83
1781402284,R_100,343.83
1781402286,R_100,343.74
1781402288,R_100,343.77
1781402290,R_100,343.91
1781402292,R_100,344.02
1781402294,R_100,344.17
1781402296,R_100,344.06
1781402298,R_100,344.09
1781402300,R_100,344.1
1781402302,R_100,344.3
1781402304,R_100,344.19
1781402306,R_100,344.18
1781402308,R_100,343.97
1781402310,R_100,344.04
1781402312,R_100,343.95
1781402314,R_100,343.95
1781402316,R_100,343.89
1781402318,R_100,343.68
1781402320,R_100,343.68
1781402322,R_100,343.71
1781402324,R_100,343.59
1781402326,R_100,343.51
1781402328,R_100,343.43
1781402330,R_100,343.46
1781402332,R_100,343.53
1781402334,R_100,343.57
1781402336,R_100,343.67
1781402338,R_100,343.65
1781402340,R_100,343.67
1781402342,R_100,343.75
1781402344,R_100,343.77
1781402346,R_100,343.69
1781402348,R_100,343.55
1781402350,R_100,343.53
1781402352,R_100,343.58
1781402354,R_100,343.61
1781402356,R_100,343.66
1781402358,R_100,343.73
1781402360,R_100,343.93
1781402362,R_100,343.68
1781402364,R_100,343.77
1781402366,R_100,343.79
1781402368,R_100,343.81
1781402370,R_100,343.75
1781402372,R_100,343.65
1781402374,R_100,343.64
1781402376,R_100,343.6
1781402378,R_100,343.63
1781402380,R_100,343.58
1781402382,R_100,343.62
1781402384,R_100,343.49
1781402386,R_100,343.43
1781402388,R_100,343.49
1781402390,R_100,343.58
1781402392,R_100,343.47
1781402394,R_100,343.58
1781402396,R_100,343.44
1781402398,R_100,343.2
1781402400,R_100,343.22
1781402402,R_100,343.2
1781402404,R_100,343.17
1781402406,R_100,343.06
1781402408,R_100,343.16
1781402410,R_100,343.12
1781402412,R_100,343.18
1781402414,R_100,343.13
1781402416,R_100,343.15
1781402418,R_100,342.97
1781402420,R_100,343.02
1781402422,R_100,343.01
1781402424,R_100,343.07
1781402426,R_100,342.97
1781402428,R_100,342.88
1781402430,R_100,342.76
1781402432,R_100,342.79
1781402434,R_100,342.95
1781402436,R_100,343.19
1781402438,R_100,343.25
1781402440,R_100,343.37
1781402442,R_100,343.44
1781402444,R_100,343.47
1781402446,R_100,343.41
1781402448,R_100,343.37
1781402450,R_100,343.36
1781402452,R_100,343.24
1781402454,R_100,343.32
1781402456,R_100,343.33
1781402458,R_100,343.19
1781402460,R_100,343.19
1781402462,R_100,343.04
1781402464,R_100,343.23
1781402466,R_100,343.25
1781402468,R_100,343.2
1781402470,R_100,343.16
1781402472,R_100,343.19
1781402474,R_100,343.04
1781402476,R_100,342.96
1781402478,R_100,342.94
1781402480,R_100,342.99
1781402482,R_100,343.11
1781402484,R_100,343.1
1781402486,R_100,343.05
1781402488,R_100,343.22
1781402490,R_100,343.25
1781402492,R_100,343.17
1781402494,R_100,343.33
1781402496,R_100,343.26
1781402498,R_100,343.27
1781402500,R_100,343.4
1781402502,R_100,343.32
1781402504,R_100,343.3
1781402506,R_100,343.33
1781402508,R_100,343.36
1781402510,R_100,343.27
1781402512,R_100,343.38
1781402514,R_100,343.37
1781402516,R_100,343.34
1781402518,R_100,343.37
1781402520,R_100,343.54
1781402522,R_100,343.32
1781402524,R_100,343.41
1781402526,R_100,343.3
1781402528,R_100,343.3
1781402530,R_100,343.12
1781402532,R_100,343.05
1781402534,R_100,343.1
1781402536,R_100,343.12
1781402538,R_100,343.01
1781402540,R_100,343.28
1781402542,R_100,343.3
1781402544,R_100,343.2
1781402546,R_100,343.21
1781402548,R_100,343.17
1781402550,R_100,343.06
1781402552,R_100,343.02
1781402554,R_100,342.98
1781402556,R_100,343.09
1781402558,R_100,343.14
1781402560,R_100,343.06
1781402562,R_100,343
1781402564,R_100,342.96
1781402566,R_100,342.96
1781402568,R_100,343.06
1781402570,R_100,343.04
1781402572,R_100,342.95
1781402574,R_100,342.85
1781402576,R_100,342.71
1781402578,R_100,342.79
1781402580,R_100,342.91
1781402582,R_100,342.99
1781402584,R_100,342.96
1781402586,R_100,342.97
1781402588,R_100,342.81
1781402590,R_100,342.76
1781402592,R_100,342.78
1781402594,R_100,342.88
1781402596,R_100,342.84
1781402598,R_100,342.81
1781402600,R_100,342.94
1781402602,R_100,343.03
1781402604,R_100,342.9
1781402606,R_100,342.85
1781402608,R_100,342.72
1781402610,R_100,342.71
1781402612,R_100,342.71
1781402614,R_100,342.75
1781402616,R_100,342.83
1781402618,R_100,342.91
1781402620,R_100,342.85
1781402622,R_100,342.69
1781402624,R_100,342.73
1781402626,R_100,342.78
1781402628,R_100,342.77
1781402630,R_100,342.74
1781402632,R_100,342.69
1781402634,R_100,342.6
1781402636,R_100,342.57
1781402638,R_100,342.61
1781402640,R_100,342.57
1781402642,R_100,342.44
1781402644,R_100,342.4
1781402646,R_100,342.45
1781402648,R_100,342.45
1781402650,R_100,342.43
1781402652,R_100,342.38
1781402654,R_100,342.54
1781402656,R_100,342.66
1781402658,R_100,342.74
1781402660,R_100,342.72
1781402662,R_100,342.69
1781402664,R_100,342.71
1781402666,R_100,342.76
1781402668,R_100,342.81
1781402670,R_100,342.84
1781402672,R_100,342.89
1781402674,R_100,342.87
1781402676,R_100,342.93
1781402678,R_100,343.05
1781402680,R_100,343.07
1781402682,R_100,342.97
1781402684,R_100,343.02
1781402686,R_100,343.05
1781402688,R_100,343.06
1781402690,R_100,343.08
1781402692,R_100,343.21
1781402694,R_100,343.33
1781402696,R_100,343.37
1781402698,R_100,343.36
1781402700,R_100,343.46
1781402702,R_100,343.35
1781402704,R_100,343.48
1781402706,R_100,343.38
1781402708,R_100,343.34
1781402710,R_100,343.32
1781402712,R_100,343.32
1781402714,R_100,343.27
1781402716,R_100,343.33
1781402718,R_100,343.39
1781402720,R_100,343.46
1781402722,R_100,343.5
1781402724,R_100,343.54
1781402726,R_100,343.47
1781402728,R_100,343.45
1781402730,R_100,343.51
1781402732,R_100,343.37
1781402734,R_100,343.31
1781402736,R_100,343.32
1781402738,R_100,343.37
1781402740,R_100,343.43
1781402742,R_100,343.38
1781402744,R_100,343.43
1781402746,R_100,343.33
1781402748,R_100,343.36
1781402750,R_100,343.29
1781402752,R_100,343.45
1781402754,R_100,343.42
1781402756,R_100,343.4
1781402758,R_100,343.42
1781402760,R_100,343.39
1781402762,R_100,343.39
1781402764,R_100,343.48
1781402766,R_100,343.38
1781402768,R_100,343.42
1781402770,R_100,343.6
1781402772,R_100,343.5
1781402774,R_100,343.47
1781402776,R_100,343.37
1781402778,R_100,343.44
1781402780,R_100,343.56
1781402782,R_100,343.56
1781402784,R_100,343.54
1781402786,R_100,343.58
1781402788,R_100,343.56
1781402790,R_100,343.54
1781402792,R_100,343.54
1781402794,R_100,343.59
1781402796,R_100,343.56
1781402798,R_100,343.55
1781402800,R_100,343.5
1781402802,R_100,343.41
1781402804,R_100,343.35
1781402806,R_100,343.25
1781402808,R_100,343.16
1781402810,R_100,343.23
1781402812,R_100,343.12
1781402814,R_100,343
1781402816,R_100,343.02
1781402818,R_100,342.95
1781402820,R_100,342.85
1781402822,R_100,342.74
1781402824,R_100,342.95
1781402826,R_100,342.97
1781402828,R_100,342.94
1781402830,R_100,342.92
1781402832,R_100,343.08
1781402834,R_100,342.93
1781402836,R_100,342.87
1781402838,R_100,342.71
1781402840,R_100,342.61
1781402842,R_100,342.56
1781402844,R_100,342.54
1781402846,R_100,342.49
1781402848,R_100,342.36
1781402850,R_100,342.33
1781402852,R_100,342.23
1781402854,R_100,342.3
1781402856,R_100,342.14
1781402858,R_100,342.18
1781402860,R_100,342.12
1781402862,R_100,342.17
1781402864,R_100,342.36
1781402866,R_100,342.24
1781402868,R_100,342.25
1781402870,R_100,342.42
1781402872,R_100,342.43
1781402874,R_100,342.51
1781402876,R_100,342.51
1781402878,R_100,342.47
1781402880,R_100,342.4
1781402882,R_100,342.45
1781402884,R_100,342.47
1781402886,R_100,342.61
1781402888,R_100,342.55
1781402890,R_100,342.54
1781402892,R_100,342.54
1781402894,R_100,342.53
1781402896,R_100,342.43
1781402898,R_100,342.41
1781402900,R_100,342.38
1781402902,R_100,342.34
1781402904,R_100,342.43
1781402906,R_100,342.48
1781402908,R_100,342.41
1781402910,R_100,342.36
1781402912,R_100,342.38
1781402914,R_100,342.42
1781402916,R_100,342.45
1781402918,R_100,342.51
1781402920,R_100,342.52
1781402922,R_100,342.57
1781402924,R_100,342.54
1781402926,R_100,342.72
1781402928,R_100,342.71
1781402930,R_100,342.82
1781402932,R_100,342.74
1781402934,R_100,342.9
1781402936,R_100,342.94
1781402938,R_100,342.9
1781402940,R_100,342.79
1781402942,R_100,342.83
1781402944,R_100,342.8
1781402946,R_100,342.87
1781402948,R_100,343.05
1781402950,R_100,343.14
1781402952,R_100,343.27
1781402954,R_100,343.32
1781402956,R_100,343.51
1781402958,R_100,343.58
1781402960,R_100,343.48
1781402962,R_100,343.57
1781402964,R_100,343.68
1781402966,R_100,343.59
1781402968,R_100,343.65
1781402970,R_100,343.57
1781402972,R_100,343.48
1781402974,R_100,343.52
1781402976,R_100,343.39
1781402978,R_100,343.43
1781402980,R_100,343.42
1781402982,R_100,343.32
1781402984,R_100,343.33
1781402986,R_100,343.55
1781402988,R_100,343.6
1781402990,R_100,343.59
1781402992,R_100,343.66
1781402994,R_100,343.8
1781402996,R_100,343.89
1781402998,R_100,343.92
1781403000,R_100,343.9
1781403002,R_100,344
1781403004,R_100,344.01
1781403006,R_100,344.17
1781403008,R_100,344.19
1781403010,R_100,343.99
1781403012,R_100,344.08
1781403014,R_100,344.04
1781403016,R_100,344.05
1781403018,R_100,344.06
1781403020,R_100,344.04
1781403022,R_100,344
1781403024,R_100,343.93
1781403026,R_100,343.98
1781403028,R_100,343.89
1781403030,R_100,343.91
1781403032,R_100,344
1781403034,R_100,344.03
1781403036,R_100,343.96
1781403038,R_100,343.78
1781403040,R_100,343.71
1781403042,R_100,343.75
1781403044,R_100,343.82
1781403046,R_100,343.82
1781403048,R_100,343.84
1781403050,R_100,343.87
1781403052,R_100,343.88
1781403054,R_100,343.87
1781403056,R_100,343.85
1781403058,R_100,343.82
1781403060,R_100,343.71
1781403062,R_100,343.8
1781403064,R_100,343.89
1781403066,R_100,343.78
1781403068,R_100,343.74
1781403070,R_100,343.68
1781403072,R_100,343.63
1781403074,R_100,343.5
1781403076,R_100,343.39
1781403078,R_100,343.37
1781403080,R_100,343.35
1781403082,R_100,343.46
1781403084,R_100,343.49
1781403086,R_100,343.53
1781403088,R_100,343.48
1781403090,R_100,343.58
1781403092,R_100,343.67
1781403094,R_100,343.71
1781403096,R_100,343.75
1781403098,R_100,343.72
1781403100,R_100,343.61
1781403102,R_100,343.66
1781403104,R_100,343.76
1781403106,R_100,343.68
1781403108,R_100,343.64
1781403110,R_100,343.65
1781403112,R_100,343.7
1781403114,R_100,343.73
1781403116,R_100,343.7
1781403118,R_100,343.54
1781403120,R_100,343.45
1781403122,R_100,343.39
1781403124,R_100,343.4
1781403126,R_100,343.54
1781403128,R_100,343.41
1781403130,R_100,343.52
1781403132,R_100,343.48
1781403134,R_100,343.51
1781403136,R_100,343.53
1781403138,R_100,343.48
1781403140,R_100,343.43
1781403142,R_100,343.38
1781403144,R_100,343.47
1781403146,R_100,343.44
1781403148,R_100,343.47
1781403150,R_100,343.5
1781403152,R_100,343.54
1781403154,R_100,343.42
1781403156,R_100,343.36
1781403158,R_100,343.44
1781403160,R_100,343.38
1781403162,R_100,343.28
1781403164,R_100,343.29
1781403166,R_100,343.27
1781403168,R_100,343.29
1781403170,R_100,343.23
1781403172,R_100,343.28
1781403174,R_100,343.28
1781403176,R_100,343.44
1781403178,R_100,343.42
1781403180,R_100,343.35
1781403182,R_100,343.51
1781403184,R_100,343.58
1781403186,R_100,343.55
1781403188,R_100,343.6
1781403190,R_100,343.49
1781403192,R_100,343.44
1781403194,R_100,343.36
1781403196,R_100,343.25
1781403198,R_100,343.31
1781403200,R_100,343.47
1781403202,R_100,343.54
1781403204,R_100,343.5
1781403206,R_100,343.5
1781403208,R_100,343.62
1781403210,R_100,343.7
1781403212,R_100,343.72
1781403214,R_100,343.69
1781403216,R_100,343.74
1781403218,R_100,343.9
1781403220,R_100,343.99
1781403222,R_100,344.02
1781403224,R_100,344.14
1781403226,R_100,344.1
1781403228,R_100,344.07
1781403230,R_100,343.96
1781403232,R_100,344.1
1781403234,R_100,344.2
1781403236,R_100,344.05
1781403238,R_100,344.15
1781403240,R_100,344.12
1781403242,R_100,344.29
1781403244,R_100,344.35
1781403246,R_100,344.47
1781403248,R_100,344.52
1781403250,R_100,344.55
1781403252,R_100,344.55
1781403254,R_100,344.42
1781403256,R_100,344.59
1781403258,R_100,344.61
1781403260,R_100,344.71
1781403262,R_100,344.85
1781403264,R_100,344.91
1781403266,R_100,345.06
1781403268,R_100,345.11
1781403270,R_100,345.23
1781403272,R_100,345.33
1781403274,R_100,345.17
1781403276,R_100,345.01
1781403278,R_100,345.06
1781403280,R_100,345.12
1781403282,R_100,345.13
1781403284,R_100,345.16
1781403286,R_100,345.24
1781403288,R_100,345.2
1781403290,R_100,345.06
1781403292,R_100,345.05
1781403294,R_100,345.08
1781403296,R_100,345.18
1781403298,R_100,345.03
1781403300,R_100,345.08
1781403302,R_100,345.01
1781403304,R_100,344.9
1781403306,R_100,344.78
1781403308,R_100,344.95
1781403310,R_100,345.03
1781403312,R_100,344.91
1781403314,R_100,344.94
1781403316,R_100,344.89
1781403318,R_100,344.91
1781403320,R_100,344.8
1781403322,R_100,344.81
1781403324,R_100,344.88
1781403326,R_100,344.95
1781403328,R_100,344.97
1781403330,R_100,345.04
1781403332,R_100,345.08
1781403334,R_100,345.14
1781403336,R_100,345.15
1781403338,R_100,345.18
1781403340,R_100,345.26
1781403342,R_100,345.22
1781403344,R_100,345.25
1781403346,R_100,345.31
1781403348,R_100,345.36
1781403350,R_100,345.32
1781403352,R_100,345.32
1781403354,R_100,345.19
1781403356,R_100,345.21
1781403358,R_100,345.17
1781403360,R_100,345.11
1781403362,R_100,345.33
1781403364,R_100,345.43
1781403366,R_100,345.33
1781403368,R_100,345.38
1781403370,R_100,345.28
1781403372,R_100,345.24
1781403374,R_100,345.23
1781403376,R_100,345.26
1781403378,R_100,345.37
1781403380,R_100,345.55
1781403382,R_100,345.62
1781403384,R_100,345.48
1781403386,R_100,345.55
1781403388,R_100,345.51
1781403390,R_100,345.49
1781403392,R_100,345.46
1781403394,R_100,345.41
1781403396,R_100,345.39
1781403398,R_100,345.51
1781403400,R_100,345.46
1781403402,R_100,345.64
1781403404,R_100,345.59
1781403406,R_100,345.67
1781403408,R_100,345.66
1781403410,R_100,345.69
1781403412,R_100,345.58
1781403414,R_100,345.45
1781403416,R_100,345.5
1781403418,R_100,345.56
1781403420,R_100,345.58
1781403422,R_100,345.55
1781403424,R_100,345.73
1781403426,R_100,345.84
1781403428,R_100,345.92
1781403430,R_100,345.91
1781403432,R_100,345.95
1781403434,R_100,345.96
1781403436,R_100,345.89
1781403438,R_100,345.76
1781403440,R_100,345.74
1781403442,R_100,345.76
1781403444,R_100,345.76
1781403446,R_100,345.95
1781403448,R_100,346.14
1781403450,R_100,346.09
1781403452,R_100,345.91
1781403454,R_100,345.92
1781403456,R_100,345.85
1781403458,R_100,345.61
1781403460,R_100,345.5
1781403462,R_100,345.53
1781403464,R_100,345.55
1781403466,R_100,345.61
1781403468,R_100,345.55
1781403470,R_100,345.45
1781403472,R_100,345.46
1781403474,R_100,345.35
1781403476,R_100,345.38
1781403478,R_100,345.46
1781403480,R_100,345.46
1781403482,R_100,345.38
1781403484,R_100,345.47
1781403486,R_100,345.42
1781403488,R_100,345.44
1781403490,R_100,345.46
1781403492,R_100,345.6
1781403494,R_100,345.64
1781403496,R_100,345.71
1781403498,R_100,345.8
1781403500,R_100,345.75
1781403502,R_100,345.85
1781403504,R_100,345.86
1781403506,R_100,345.98
1781403508,R_100,345.94
1781403510,R_100,346.05
1781403512,R_100,346.19
1781403514,R_100,346.33
1781403516,R_100,346.32
1781403518,R_100,346.26
1781403520,R_100,346.35
1781403522,R_100,346.29
1781403524,R_100,346.12
1781403526,R_100,346.14
1781403528,R_100,346.08
1781403530,R_100,346.13
1781403532,R_100,346.01
1781403534,R_100,345.91
1781403536,R_100,345.79
1781403538,R_100,345.72
1781403540,R_100,345.61
1781403542,R_100,345.61
1781403544,R_100,345.61
1781403546,R_100,345.61
1781403548,R_100,345.62
1781403550,R_100,345.56
1781403552,R_100,345.54
1781403554,R_100,345.42
1781403556,R_100,345.34
1781403558,R_100,345.38
1781403560,R_100,345.44
1781403562,R_100,345.52
1781403564,R_100,345.58
1781403566,R_100,345.66
1781403568,R_100,345.81
1781403570,R_100,345.83
1781403572,R_100,345.88
1781403574,R_100,345.85
1781403576,R_100,345.78
1781403578,R_100,345.75
1781403580,R_100,345.72
1781403582,R_100,345.59
1781403584,R_100,345.46
1781403586,R_100,345.41
1781403588,R_100,345.4
1781403590,R_100,345.46
1781403592,R_100,345.45
1781403594,R_100,345.39
1781403596,R_100,345.42
1781403598,R_100,345.51
1781403600,R_100,345.47
1781403602,R_100,345.54
1781403604,R_100,345.55
1781403606,R_100,345.66
1781403608,R_100,345.67
1781403610,R_100,345.59
1781403612,R_100,345.5
1781403614,R_100,345.4
1781403616,R_100,345.38
1781403618,R_100,345.37
1781403620,R_100,345.46
1781403622,R_100,345.51
1781403624,R_100,345.48
1781403626,R_100,345.52
1781403628,R_100,345.56
1781403630,R_100,345.6
1781403632,R_100,345.6
1781403634,R_100,345.63
1781403636,R_100,345.63
1781403638,R_100,345.7
1781403640,R_100,345.8
1781403642,R_100,345.84
1781403644,R_100,345.7
1781403646,R_100,345.88
1781403648,R_100,345.9
1781403650,R_100,345.91
1781403652,R_100,346.03
1781403654,R_100,345.96
1781403656,R_100,345.88
1781403658,R_100,345.89
1781403660,R_100,346.09
1781403662,R_100,346.15
1781403664,R_100,346.1
1781403666,R_100,345.97
1781403668,R_100,346.09
1781403670,R_100,346.12
1781403672,R_100,346.21
1781403674,R_100,346.24
1781403676,R_100,345.98
1781403678,R_100,345.84
1781403680,R_100,345.87
1781403682,R_100,345.75
1781403684,R_100,345.77
1781403686,R_100,345.85
1781403688,R_100,345.91
1781403690,R_100,345.97
1781403692,R_100,345.99
1781403694,R_100,346.08
1781403696,R_100,346.18
1781403698,R_100,346.19
1781403700,R_100,346.1
1781403702,R_100,345.95
1781403704,R_100,345.8
1781403706,R_100,345.82
1781403708,R_100,345.75
1781403710,R_100,345.79
1781403712,R_100,345.85
1781403714,R_100,346.02
1781403716,R_100,346.01
1781403718,R_100,346.04
1781403720,R_100,346.09
1781403722,R_100,345.91
1781403724,R_100,345.8
1781403726,R_100,345.9
1781403728,R_100,345.92
1781403730,R_100,345.91
1781403732,R_100,346.08
1781403734,R_100,346.2
1781403736,R_100,346.26
1781403738,R_100,346.37
1781403740,R_100,346.39
1781403742,R_100,346.41
1781403744,R_100,346.36
1781403746,R_100,346.39
1781403748,R_100,346.4
1781403750,R_100,346.39
1781403752,R_100,346.2
1781403754,R_100,346.11
1781403756,R_100,346.16
1781403758,R_100,346.14
1781403760,R_100,346.15
1781403762,R_100,345.93
1781403764,R_100,345.86
1781403766,R_100,346
1781403768,R_100,345.85
1781403770,R_100,345.84
1781403772,R_100,346.01
1781403774,R_100,346.01
1781403776,R_100,346.03
1781403778,R_100,345.96
1781403780,R_100,345.86
1781403782,R_100,345.79
1781403784,R_100,345.7
1781403786,R_100,345.82
1781403788,R_100,345.81
1781403790,R_100,345.78
1781403792,R_100,345.8
1781403794,R_100,345.83
1781403796,R_100,345.79
1781403798,R_100,345.83
1781403800,R_100,345.74
1781403802,R_100,345.72
1781403804,R_100,345.72
1781403806,R_100,345.63
1781403808,R_100,345.71
1781403810,R_100,345.77
1781403812,R_100,345.81
1781403814,R_100,345.75
1781403816,R_100,345.73
1781403818,R_100,345.57
1781403820,R_100,345.43
1781403822,R_100,345.41
1781403824,R_100,345.41
1781403826,R_100,345.41
1781403828,R_100,345.39
1781403830,R_100,345.37
1781403832,R_100,345.42
1781403834,R_100,345.4
1781403836,R_100,345.37
1781403838,R_100,345.37
1781403840,R_100,345.46
1781403842,R_100,345.34
1781403844,R_100,345.33
1781403846,R_100,345.31
1781403848,R_100,345.2
1781403850,R_100,345.17
1781403852,R_100,345.16
1781403854,R_100,345.1
1781403856,R_100,345.03
1781403858,R_100,344.98
1781403860,R_100,344.92
1781403862,R_100,345.01
1781403864,R_100,344.97
1781403866,R_100,345.04
1781403868,R_100,345.09
1781403870,R_100,345.14
1781403872,R_100,345.12
1781403874,R_100,344.97
1781403876,R_100,345.02
1781403878,R_100,345.03
1781403880,R_100,345.07
1781403882,R_100,345.09
1781403884,R_100,345.1
1781403886,R_100,345.11
1781403888,R_100,345.11
1781403890,R_100,344.87
1781403892,R_100,344.87
1781403894,R_100,344.88
1781403896,R_100,344.78
1781403898,R_100,344.73
1781403900,R_100,344.79
1781403902,R_100,344.86
1781403904,R_100,344.85
1781403906,R_100,344.89
1781403908,R_100,344.93
1781403910,R_100,344.97
1781403912,R_100,345
1781403914,R_100,344.93
1781403916,R_100,344.88
1781403918,R_100,344.94
1781403920,R_100,345.08
1781403922,R_100,345.08
1781403924,R_100,345.15
1781403926,R_100,345.09
1781403928,R_100,345.12
1781403930,R_100,345.1
1781403932,R_100,345.22
1781403934,R_100,345.25
1781403936,R_100,345.27
1781403938,R_100,345.3
1781403940,R_100,345.26
1781403942,R_100,345.38
1781403944,R_100,345.39
1781403946,R_100,345.46
1781403948,R_100,345.43
1781403950,R_100,345.3
1781403952,R_100,345.16
1781403954,R_100,345.23
1781403956,R_100,345.1
1781403958,R_100,345.13
1781403960,R_100,345.14
1781403962,R_100,345.15
1781403964,R_100,345.27
1781403966,R_100,345.12
1781403968,R_100,345.06
1781403970,R_100,345.19
1781403972,R_100,345.26
1781403974,R_100,345.23
1781403976,R_100,345.3
1781403978,R_100,345.29
1781403980,R_100,345.58
1781403982,R_100,345.54
1781403984,R_100,345.62
1781403986,R_100,345.68
1781403988,R_100,345.61
1781403990,R_100,345.78
1781403992,R_100,345.72
1781403994,R_100,345.55
1781403996,R_100,345.54
1781403998,R_100,345.55
1781404000,R_100,345.46
1781404002,R_100,345.39
1781404004,R_100,345.39
1781404006,R_100,345.49
1781404008,R_100,345.56
1781404010,R_100,345.51
1781404012,R_100,345.39
1781404014,R_100,345.34
1781404016,R_100,345.45
1781404018,R_100,345.57
1781404020,R_100,345.6
1781404022,R_100,345.67
1781404024,R_100,345.68
1781404026,R_100,345.76
1781404028,R_100,345.64
1781404030,R_100,345.77
1781404032,R_100,345.7
1781404034,R_100,345.73
1781404036,R_100,345.65
1781404038,R_100,345.7
1781404040,R_100,345.63
1781404042,R_100,345.52
1781404044,R_100,345.56
1781404046,R_100,345.49
1781404048,R_100,345.3
1781404050,R_100,345.22
1781404052,R_100,345.28
1781404054,R_100,345.21
1781404056,R_100,345.28
1781404058,R_100,345.3
1781404060,R_100,345.38
1781404062,R_100,345.26
1781404064,R_100,345.1
1781404066,R_100,344.96
1781404068,R_100,344.98
1781404070,R_100,344.88
1781404072,R_100,344.93
1781404074,R_100,345.16
1781404076,R_100,345.19
1781404078,R_100,345.22
1781404080,R_100,345.38
1781404082,R_100,345.4
1781404084,R_100,345.55
1781404086,R_100,345.58
1781404088,R_100,345.63
1781404090,R_100,345.66
1781404092,R_100,345.65
1781404094,R_100,345.52
1781404096,R_100,345.47
1781404098,R_100,345.5
1781404100,R_100,345.5
1781404102,R_100,345.53
1781404104,R_100,345.42
1781404106,R_100,345.41
1781404108,R_100,345.34
1781404110,R_100,345.41
1781404112,R_100,345.36
1781404114,R_100,345.39
1781404116,R_100,345.29
1781404118,R_100,345.18
1781404120,R_100,345.14
1781404122,R_100,345.16
1781404124,R_100,345.09
1781404126,R_100,345.04
1781404128,R_100,345.02
1781404130,R_100,345.04
1781404132,R_100,344.87
1781404134,R_100,344.97
1781404136,R_100,345.05
1781404138,R_100,345.08
1781404140,R_100,345.06
1781404142,R_100,344.91
1781404144,R_100,344.85
1781404146,R_100,345.04
1781404148,R_100,345.1
1781404150,R_100,345.18
1781404152,R_100,345.26
1781404154,R_100,345.35
1781404156,R_100,345.4
1781404158,R_100,345.4
1781404160,R_100,345.34
1781404162,R_100,345.18
1781404164,R_100,345.19
1781404166,R_100,345.32
1781404168,R_100,345.2
1781404170,R_100,345.36
1781404172,R_100,345.33
1781404174,R_100,345.19
1781404176,R_100,345.16
1781404178,R_100,345.15
1781404180,R_100,345.24
1781404182,R_100,345.4
1781404184,R_100,345.4
1781404186,R_100,345.39
1781404188,R_100,345.33
1781404190,R_100,345.37
1781404192,R_100,345.3
1781404194,R_100,345.3
1781404196,R_100,345.31
1781404198,R_100,345.37
1781404200,R_100,345.4
1781404202,R_100,345.3
1781404204,R_100,345.31
1781404206,R_100,345.28
1781404208,R_100,345.23
1781404210,R_100,345.26
1781404212,R_100,345.3
1781404214,R_100,345.1
1781404216,R_100,345.04
1781404218,R_100,345.16
1781404220,R_100,345.21
1781404222,R_100,345.18
1781404224,R_100,345.11
1781404226,R_100,345.02
1781404228,R_100,344.98
1781404230,R_100,344.78
1781404232,R_100,344.93
1781404234,R_100,345.06
1781404236,R_100,345.06
1781404238,R_100,345.03
1781404240,R_100,344.97
1781404242,R_100,344.95
1781404244,R_100,345.16
1781404246,R_100,345.17
1781404248,R_100,345.09
1781404250,R_100,345.04
1781404252,R_100,344.97
1781404254,R_100,344.9
1781404256,R_100,344.9
1781404258,R_100,344.84
1781404260,R_100,344.82
1781404262,R_100,344.84
1781404264,R_100,344.77
1781404266,R_100,344.67
1781404268,R_100,344.6
1781404270,R_100,344.58
1781404272,R_100,344.55
1781404274,R_100,344.58
1781404276,R_100,344.59
1781404278,R_100,344.63
1781404280,R_100,344.71
1781404282,R_100,344.79
1781404284,R_100,344.86
1781404286,R_100,344.79
1781404288,R_100,344.73
1781404290,R_100,344.77
1781404292,R_100,344.77
1781404294,R_100,344.75
1781404296,R_100,344.8
1781404298,R_100,344.78
1781404300,R_100,344.64
1781404302,R_100,344.69
1781404304,R_100,344.71
1781404306,R_100,344.67
1781404308,R_100,344.61
1781404310,R_100,344.74
1781404312,R_100,344.7
1781404314,R_100,344.63
1781404316,R_100,344.69
1781404318,R_100,344.74
1781404320,R_100,344.73
1781404322,R_100,344.75
1781404324,R_100,344.73
1781404326,R_100,344.66
1781404328,R_100,344.64
1781404330,R_100,344.55
1781404332,R_100,344.51
1781404334,R_100,344.48
1781404336,R_100,344.42
1781404338,R_100,344.38
1781404340,R_100,344.34
1781404342,R_100,344.36
1781404344,R_100,344.28
1781404346,R_100,344.27
1781404348,R_100,344.36
1781404350,R_100,344.29
1781404352,R_100,344.31
1781404354,R_100,344.35
1781404356,R_100,344.44
1781404358,R_100,344.49
1781404360,R_100,344.6
1781404362,R_100,344.56
1781404364,R_100,344.54
1781404366,R_100,344.49
1781404368,R_100,344.66
1781404370,R_100,344.81
1781404372,R_100,344.67
1781404374,R_100,344.81
1781404376,R_100,344.82
1781404378,R_100,344.8
1781404380,R_100,344.82
1781404382,R_100,344.7
1781404384,R_100,344.68
1781404386,R_100,344.78
1781404388,R_100,344.73
1781404390,R_100,344.66
1781404392,R_100,344.7
1781404394,R_100,344.79
1781404396,R_100,344.81
1781404398,R_100,344.83
1781404400,R_100,344.75
1781404402,R_100,344.65
1781404404,R_100,344.56
1781404406,R_100,344.44
1781404408,R_100,344.47
1781404410,R_100,344.55
1781404412,R_100,344.45
1781404414,R_100,344.4
1781404416,R_100,344.4
1781404418,R_100,344.56
1781404420,R_100,344.78
1781404422,R_100,344.72
1781404424,R_100,344.66
1781404426,R_100,344.76
1781404428,R_100,344.82
1781404430,R_100,344.86
1781404432,R_100,344.98
1781404434,R_100,344.94
1781404436,R_100,345.14
1781404438,R_100,345.22
1781404440,R_100,345.07
1781404442,R_100,344.85
1781404444,R_100,344.78
1781404446,R_100,344.76
1781404448,R_100,344.71
1781404450,R_100,344.72
1781404452,R_100,344.81
1781404454,R_100,344.79
1781404456,R_100,344.86
1781404458,R_100,344.8
1781404460,R_100,344.67
1781404462,R_100,344.57
1781404464,R_100,344.62
1781404466,R_100,344.63
1781404468,R_100,344.62
1781404470,R_100,344.69
1781404472,R_100,344.7
1781404474,R_100,344.84
1781404476,R_100,344.88
1781404478,R_100,344.99
1781404480,R_100,344.79
1781404482,R_100,344.84
1781404484,R_100,344.88
1781404486,R_100,344.78
1781404488,R_100,344.8
1781404490,R_100,344.74
1781404492,R_100,344.69
1781404494,R_100,344.69
1781404496,R_100,344.71
1781404498,R_100,344.76
1781404500,R_100,344.92
1781404502,R_100,344.8
1781404504,R_100,344.73
1781404506,R_100,344.72
1781404508,R_100,344.75
1781404510,R_100,344.67
1781404512,R_100,344.6
1781404514,R_100,344.58
1781404516,R_100,344.49
1781404518,R_100,344.31
1781404520,R_100,344.25
1781404522,R_100,344.28
1781404524,R_100,344.34
1781404526,R_100,344.31
1781404528,R_100,344.32
1781404530,R_100,344.25
1781404532,R_100,344.13
1781404534,R_100,344.12
1781404536,R_100,344.06
1781404538,R_100,344.04
1781404540,R_100,344.09
1781404542,R_100,343.94
1781404544,R_100,343.96
1781404546,R_100,343.84
1781404548,R_100,343.84
1781404550,R_100,343.97
1781404552,R_100,344.16
1781404554,R_100,344.1
1781404556,R_100,343.99
1781404558,R_100,343.98
1781404560,R_100,344.04
1781404562,R_100,343.96
1781404564,R_100,343.94
1781404566,R_100,343.84
1781404568,R_100,343.78
1781404570,R_100,343.72
1781404572,R_100,343.71
1781404574,R_100,343.74
1781404576,R_100,343.69
1781404578,R_100,343.61
1781404580,R_100,343.63
1781404582,R_100,343.49
1781404584,R_100,343.55
1781404586,R_100,343.39
1781404588,R_100,343.42
1781404590,R_100,343.51
1781404592,R_100,343.46
1781404594,R_100,343.53
1781404596,R_100,343.25
1781404598,R_100,343.36
1781404600,R_100,343.24
1781404602,R_100,343.23
1781404604,R_100,343.25
1781404606,R_100,343.35
1781404608,R_100,343.43
1781404610,R_100,343.41
1781404612,R_100,343.32
1781404614,R_100,343.29
1781404616,R_100,343.18
1781404618,R_100,343.04
1781404620,R_100,342.89
1781404622,R_100,342.91
1781404624,R_100,342.98
1781404626,R_100,342.93
1781404628,R_100,342.88
1781404630,R_100,342.89
1781404632,R_100,342.83
1781404634,R_100,342.8
1781404636,R_100,342.89
1781404638,R_100,342.84
1781404640,R_100,342.78
1781404642,R_100,342.64
1781404644,R_100,342.54
1781404646,R_100,342.5
1781404648,R_100,342.56
1781404650,R_100,342.48
1781404652,R_100,342.48
1781404654,R_100,342.54
1781404656,R_100,342.51
1781404658,R_100,342.36
1781404660,R_100,342.25
1781404662,R_100,342.2
1781404664,R_100,342.23
1781404666,R_100,342.17
1781404668,R_100,342.08
1781404670,R_100,342
1781404672,R_100,341.99
1781404674,R_100,342.23
1781404676,R_100,342.12
1781404678,R_100,341.98
1781404680,R_100,341.91
1781404682,R_100,341.98
1781404684,R_100,341.87
1781404686,R_100,341.88
1781404688,R_100,341.85
1781404690,R_100,341.86
1781404692,R_100,341.87
1781404694,R_100,341.89
1781404696,R_100,341.86
1781404698,R_100,341.9
1781404700,R_100,341.91
1781404702,R_100,341.86
1781404704,R_100,341.9
1781404706,R_100,341.99
1781404708,R_100,342.03
1781404710,R_100,341.96
1781404712,R_100,341.98
1781404714,R_100,341.89
1781404716,R_100,341.86
1781404718,R_100,341.83
1781404720,R_100,341.83
1781404722,R_100,341.72
1781404724,R_100,341.59
1781404726,R_100,341.56
1781404728,R_100,341.58
1781404730,R_100,341.64
1781404732,R_100,341.75
1781404734,R_100,341.8
1781404736,R_100,341.82
1781404738,R_100,342.04
1781404740,R_100,341.91
1781404742,R_100,342.03
1781404744,R_100,342.06
1781404746,R_100,342.07
1781404748,R_100,342.1
1781404750,R_100,342.17
1781404752,R_100,342.26
1781404754,R_100,342.34
1781404756,R_100,342.48
1781404758,R_100,342.45
1781404760,R_100,342.58
1781404762,R_100,342.57
1781404764,R_100,342.41
1781404766,R_100,342.41
1781404768,R_100,342.46
1781404770,R_100,342.49
1781404772,R_100,342.47
1781404774,R_100,342.69
1781404776,R_100,342.76
1781404778,R_100,342.68
1781404780,R_100,342.84
1781404782,R_100,342.8
1781404784,R_100,342.77
1781404786,R_100,342.73
1781404788,R_100,342.76
1781404790,R_100,342.92
1781404792,R_100,342.92
1781404794,R_100,342.83
1781404796,R_100,342.99
1781404798,R_100,342.9
1781404800,R_100,342.91
1781404802,R_100,343.06
1781404804,R_100,343.18
1781404806,R_100,343.04
1781404808,R_100,342.94
1781404810,R_100,343.09
1781404812,R_100,343.09
1781404814,R_100,343.03
1781404816,R_100,342.99
1781404818,R_100,342.98
1781404820,R_100,343.05
1781404822,R_100,342.99
1781404824,R_100,343.15
1781404826,R_100,343.02
1781404828,R_100,343.05
1781404830,R_100,343.07
1781404832,R_100,343.05
1781404834,R_100,343.04
1781404836,R_100,343.14
1781404838,R_100,343.23
1781404840,R_100,343.19
1781404842,R_100,343.18
1781404844,R_100,343.06
1781404846,R_100,342.87
1781404848,R_100,342.96
1781404850,R_100,342.9
1781404852,R_100,342.79
1781404854,R_100,342.9
1781404856,R_100,342.86
1781404858,R_100,342.87
1781404860,R_100,342.78
1781404862,R_100,342.73
1781404864,R_100,342.62
1781404866,R_100,342.6
1781404868,R_100,342.57
1781404870,R_100,342.62
1781404872,R_100,342.64
1781404874,R_100,342.72
1781404876,R_100,342.72
1781404878,R_100,342.78
1781404880,R_100,342.78
1781404882,R_100,342.83
1781404884,R_100,342.76
1781404886,R_100,342.86
1781404888,R_100,342.83
1781404890,R_100,342.88
1781404892,R_100,342.73
1781404894,R_100,342.65
1781404896,R_100,342.62
1781404898,R_100,342.69
1781404900,R_100,342.82
1781404902,R_100,342.79
1781404904,R_100,342.9
1781404906,R_100,342.89
1781404908,R_100,342.92
1781404910,R_100,342.9
1781404912,R_100,343.02
1781404914,R_100,343.09
1781404916,R_100,343.15
1781404918,R_100,343.1
1781404920,R_100,343.04
1781404922,R_100,343.07
1781404924,R_100,342.92
1781404926,R_100,342.74
1781404928,R_100,342.71
1781404930,R_100,342.8
1781404932,R_100,342.94
1781404934,R_100,343
1781404936,R_100,343.11
1781404938,R_100,343.14
1781404940,R_100,343.17
1781404942,R_100,343.17
1781404944,R_100,343.15
1781404946,R_100,343.1
1781404948,R_100,343.08
1781404950,R_100,343.02
1781404952,R_100,343.04
1781404954,R_100,343.06
1781404956,R_100,343.04
1781404958,R_100,342.95
1781404960,R_100,342.75
1781404962,R_100,342.67
1781404964,R_100,342.56
1781404966,R_100,342.41
1781404968,R_100,342.38
1781404970,R_100,342.42
1781404972,R_100,342.37
1781404974,R_100,342.5
1781404976,R_100,342.5
1781404978,R_100,342.52
1781404980,R_100,342.62
1781404982,R_100,342.56
1781404984,R_100,342.56
1781404986,R_100,342.41
1781404988,R_100,342.37
1781404990,R_100,342.37
1781404992,R_100,342.48
1781404994,R_100,342.35
1781404996,R_100,342.35
1781404998,R_100,342.27
1781405000,R_100,342.42
1781405002,R_100,342.53
1781405004,R_100,342.53
1781405006,R_100,342.59
1781405008,R_100,342.65
1781405010,R_100,342.64
1781405012,R_100,342.6
1781405014,R_100,342.64
1781405016,R_100,342.67
1781405018,R_100,342.6
1781405020,R_100,342.55
1781405022,R_100,342.52
1781405024,R_100,342.64
1781405026,R_100,342.56
1781405028,R_100,342.68
1781405030,R_100,342.7
1781405032,R_100,342.65
1781405034,R_100,342.93
1781405036,R_100,342.87
1781405038,R_100,342.71
1781405040,R_100,342.6
1781405042,R_100,342.54
1781405044,R_100,342.41
1781405046,R_100,342.38
1781405048,R_100,342.39
1781405050,R_100,342.27
1781405052,R_100,342.37
1781405054,R_100,342.38
1781405056,R_100,342.62
1781405058,R_100,342.64
1781405060,R_100,342.64
1781405062,R_100,342.49
1781405064,R_100,342.46
1781405066,R_100,342.36
1781405068,R_100,342.35
1781405070,R_100,342.31
1781405072,R_100,342.3
1781405074,R_100,342.3
1781405076,R_100,342.35
1781405078,R_100,342.31
1781405080,R_100,342.35
1781405082,R_100,342.52
1781405084,R_100,342.4
1781405086,R_100,342.36
1781405088,R_100,342.35
1781405090,R_100,342.2
1781405092,R_100,342.23
1781405094,R_100,342.17
1781405096,R_100,342.22
1781405098,R_100,342.26
1781405100,R_100,342.2
1781405102,R_100,342.25
1781405104,R_100,342.16
1781405106,R_100,342.15
1781405108,R_100,342.06
1781405110,R_100,342.05
1781405112,R_100,341.99
1781405114,R_100,342.11
1781405116,R_100,342.11
1781405118,R_100,342.28
1781405120,R_100,342.21
1781405122,R_100,342.09
1781405124,R_100,342.02
1781405126,R_100,341.91
1781405128,R_100,341.92
1781405130,R_100,341.95
1781405132,R_100,341.89
1781405134,R_100,342.04
1781405136,R_100,342.14
1781405138,R_100,342.08
1781405140,R_100,342.1
1781405142,R_100,342
1781405144,R_100,342.1
1781405146,R_100,342.23
1781405148,R_100,342.24
1781405150,R_100,342.35
1781405152,R_100,342.45
1781405154,R_100,342.45
1781405156,R_100,342.4
1781405158,R_100,342.34
1781405160,R_100,342.36
1781405162,R_100,342.44
1781405164,R_100,342.35
1781405166,R_100,342.45
1781405168,R_100,342.5
1781405170,R_100,342.46
1781405172,R_100,342.35
1781405174,R_100,342.38
1781405176,R_100,342.3
1781405178,R_100,342.36
1781405180,R_100,342.58
1781405182,R_100,342.64
1781405184,R_100,342.57
1781405186,R_100,342.49
1781405188,R_100,342.49
1781405190,R_100,342.57
1781405192,R_100,342.53
1781405194,R_100,342.59
1781405196,R_100,342.48
1781405198,R_100,342.39
1781405200,R_100,342.38
1781405202,R_100,342.31
1781405204,R_100,342.42
1781405206,R_100,342.42
1781405208,R_100,342.41
1781405210,R_100,342.31
1781405212,R_100,342.35
1781405214,R_100,342.56
1781405216,R_100,342.58
1781405218,R_100,342.51
1781405220,R_100,342.57
1781405222,R_100,342.67
1781405224,R_100,342.6
1781405226,R_100,342.68
1781405228,R_100,342.57
1781405230,R_100,342.74
1781405232,R_100,342.76
1781405234,R_100,342.8
1781405236,R_100,342.62
1781405238,R_100,342.76
1781405240,R_100,342.84
1781405242,R_100,342.78
1781405244,R_100,342.8
1781405246,R_100,342.78
1781405248,R_100,342.66
1781405250,R_100,342.76
1781405252,R_100,342.67
1781405254,R_100,342.83
1781405256,R_100,342.81
1781405258,R_100,342.68
1781405260,R_100,342.63
1781405262,R_100,342.45
1781405264,R_100,342.41
1781405266,R_100,342.46
1781405268,R_100,342.32
1781405270,R_100,342.33
1781405272,R_100,342.19
1781405274,R_100,342.24
1781405276,R_100,342.42
1781405278,R_100,342.39
1781405280,R_100,342.31
1781405282,R_100,342.34
1781405284,R_100,342.39
1781405286,R_100,342.25
1781405288,R_100,342.17
1781405290,R_100,342.22
1781405292,R_100,342.32
1781405294,R_100,342.41
1781405296,R_100,342.54
1781405298,R_100,342.68
1781405300,R_100,342.69
1781405302,R_100,342.7
1781405304,R_100,342.7
1781405306,R_100,342.81
1781405308,R_100,342.83
1781405310,R_100,342.89
1781405312,R_100,342.88
1781405314,R_100,343
1781405316,R_100,342.94
1781405318,R_100,343.01
1781405320,R_100,343.12
1781405322,R_100,343.13
1781405324,R_100,343.09
1781405326,R_100,343.04
1781405328,R_100,343.15
1781405330,R_100,343.19
1781405332,R_100,343.06
1781405334,R_100,343.03
1781405336,R_100,342.99
1781405338,R_100,342.97
1781405340,R_100,342.94
1781405342,R_100,343.02
1781405344,R_100,343.08
1781405346,R_100,343.19
1781405348,R_100,343.11
1781405350,R_100,342.95
1781405352,R_100,342.95
1781405354,R_100,343.05
1781405356,R_100,343.1
1781405358,R_100,343.13
1781405360,R_100,343.08
1781405362,R_100,342.9
1781405364,R_100,342.82
1781405366,R_100,342.69
1781405368,R_100,342.7
1781405370,R_100,342.74
1781405372,R_100,342.74
1781405374,R_100,342.82
1781405376,R_100,342.82
1781405378,R_100,342.89
1781405380,R_100,342.95
1781405382,R_100,342.93
1781405384,R_100,342.97
1781405386,R_100,342.95
1781405388,R_100,342.83
1781405390,R_100,342.75
1781405392,R_100,342.73
1781405394,R_100,342.73
1781405396,R_100,342.74
1781405398,R_100,342.84
1781405400,R_100,342.86
1781405402,R_100,342.86
1781405404,R_100,342.79
1781405406,R_100,342.93
1781405408,R_100,342.89
1781405410,R_100,342.83
1781405412,R_100,342.81
1781405414,R_100,342.89
1781405416,R_100,342.93
1781405418,R_100,342.95
1781405420,R_100,342.89
1781405422,R_100,342.93
1781405424,R_100,342.92
1781405426,R_100,342.99
1781405428,R_100,342.93
1781405430,R_100,342.87
1781405432,R_100,342.75
1781405434,R_100,342.79
1781405436,R_100,342.78
1781405438,R_100,342.82
1781405440,R_100,342.66
1781405442,R_100,342.56
1781405444,R_100,342.6
1781405446,R_100,342.62
1781405448,R_100,342.62
1781405450,R_100,342.53
1781405452,R_100,342.53
1781405454,R_100,342.5
1781405456,R_100,342.43
1781405458,R_100,342.39
1781405460,R_100,342.35
1781405462,R_100,342.38
1781405464,R_100,342.61
1781405466,R_100,342.67
1781405468,R_100,342.63
1781405470,R_100,342.71
1781405472,R_100,342.71
1781405474,R_100,342.68
1781405476,R_100,342.62
1781405478,R_100,342.46
1781405480,R_100,342.48
1781405482,R_100,342.44
1781405484,R_100,342.53
1781405486,R_100,342.53
1781405488,R_100,342.54
1781405490,R_100,342.58
1781405492,R_100,342.57
1781405494,R_100,342.58
1781405496,R_100,342.46
1781405498,R_100,342.43
1781405500,R_100,342.46
1781405502,R_100,342.55
1781405504,R_100,342.5
1781405506,R_100,342.64
1781405508,R_100,342.59
1781405510,R_100,342.6
1781405512,R_100,342.54
1781405514,R_100,342.55
1781405516,R_100,342.45
1781405518,R_100,342.57
1781405520,R_100,342.47
1781405522,R_100,342.43
1781405524,R_100,342.46
1781405526,R_100,342.48
1781405528,R_100,342.45
1781405530,R_100,342.33
1781405532,R_100,342.37
1781405534,R_100,342.39
1781405536,R_100,342.32
1781405538,R_100,342.29
1781405540,R_100,342.33
1781405542,R_100,342.16
1781405544,R_100,342.19
1781405546,R_100,342.22
1781405548,R_100,342.26
1781405550,R_100,342.38
1781405552,R_100,342.39
1781405554,R_100,342.48
1781405556,R_100,342.43
1781405558,R_100,342.53
1781405560,R_100,342.55
1781405562,R_100,342.51
1781405564,R_100,342.43
1781405566,R_100,342.34
1781405568,R_100,342.37
1781405570,R_100,342.35
1781405572,R_100,342.36
1781405574,R_100,342.42
1781405576,R_100,342.41
1781405578,R_100,342.27
1781405580,R_100,342.26
1781405582,R_100,342.31
1781405584,R_100,342.34
1781405586,R_100,342.46
1781405588,R_100,342.51
1781405590,R_100,342.54
1781405592,R_100,342.62
1781405594,R_100,342.57
1781405596,R_100,342.42
1781405598,R_100,342.43
1781405600,R_100,342.52
1781405602,R_100,342.37
1781405604,R_100,342.42
1781405606,R_100,342.46
1781405608,R_100,342.47
1781405610,R_100,342.56
1781405612,R_100,342.66
1781405614,R_100,342.63
1781405616,R_100,342.62
1781405618,R_100,342.47
1781405620,R_100,342.59
1781405622,R_100,342.58
1781405624,R_100,342.55
1781405626,R_100,342.6
1781405628,R_100,342.61
1781405630,R_100,342.71
1781405632,R_100,342.86
1781405634,R_100,342.96
1781405636,R_100,343.02
1781405638,R_100,342.93
1781405640,R_100,342.76
1781405642,R_100,342.74
1781405644,R_100,342.69
1781405646,R_100,342.79
1781405648,R_100,342.78
1781405650,R_100,342.72
1781405652,R_100,342.82
1781405654,R_100,342.83
1781405656,R_100,342.75
1781405658,R_100,342.75
1781405660,R_100,342.83
1781405662,R_100,342.83
1781405664,R_100,342.79
1781405666,R_100,342.69
1781405668,R_100,342.63
1781405670,R_100,342.61
1781405672,R_100,342.45
1781405674,R_100,342.4
1781405676,R_100,342.45
1781405678,R_100,342.27
1781405680,R_100,342.26
1781405682,R_100,342.26
1781405684,R_100,342.24
1781405686,R_100,342.12
1781405688,R_100,342.04
1781405690,R_100,342.02
1781405692,R_100,341.93
1781405694,R_100,341.82
1781405696,R_100,341.73
1781405698,R_100,341.72
1781405700,R_100,341.74
1781405702,R_100,341.9
1781405704,R_100,341.96
1781405706,R_100,341.98
1781405708,R_100,342
1781405710,R_100,341.99
1781405712,R_100,341.88
1781405714,R_100,341.84
1781405716,R_100,341.81
1781405718,R_100,341.78
1781405720,R_100,341.84
1781405722,R_100,342.02
1781405724,R_100,341.86
1781405726,R_100,341.85
1781405728,R_100,341.83
1781405730,R_100,341.62
1781405732,R_100,341.62
1781405734,R_100,341.68
1781405736,R_100,341.83
1781405738,R_100,341.84
1781405740,R_100,341.88
1781405742,R_100,341.92
1781405744,R_100,341.84
1781405746,R_100,341.83
1781405748,R_100,341.81
1781405750,R_100,341.92
1781405752,R_100,342.01
1781405754,R_100,342.21
1781405756,R_100,342.26
1781405758,R_100,342.13
1781405760,R_100,342.01
1781405762,R_100,342.05
1781405764,R_100,342.1
1781405766,R_100,342.21
1781405768,R_100,342.15
1781405770,R_100,342.12
1781405772,R_100,342.15
1781405774,R_100,342.28
1781405776,R_100,342.22
1781405778,R_100,342.34
1781405780,R_100,342.29
1781405782,R_100,342.31
1781405784,R_100,342.31
1781405786,R_100,342.26
1781405788,R_100,342.29
1781405790,R_100,342.25
1781405792,R_100,342.24
1781405794,R_100,342.27
1781405796,R_100,342.28
1781405798,R_100,342.57
1781405800,R_100,342.54
1781405802,R_100,342.49
1781405804,R_100,342.58
1781405806,R_100,342.56
1781405808,R_100,342.72
1781405810,R_100,342.69
1781405812,R_100,342.7
1781405814,R_100,342.68
1781405816,R_100,342.43
1781405818,R_100,342.43
1781405820,R_100,342.56
1781405822,R_100,342.75
1781405824,R_100,342.66
1781405826,R_100,342.57
1781405828,R_100,342.57
1781405830,R_100,342.61
1781405832,R_100,342.48
1781405834,R_100,342.54
1781405836,R_100,342.55
1781405838,R_100,342.52
1781405840,R_100,342.43
1781405842,R_100,342.55
1781405844,R_100,342.63
1781405846,R_100,342.5
1781405848,R_100,342.44
1781405850,R_100,342.5
1781405852,R_100,342.44
1781405854,R_100,342.54
1781405856,R_100,342.69
1781405858,R_100,342.52
1781405860,R_100,342.48
1781405862,R_100,342.31
1781405864,R_100,342.37
1781405866,R_100,342.26
1781405868,R_100,342.02
1781405870,R_100,342.14
1781405872,R_100,342.08
1781405874,R_100,342.06
1781405876,R_100,342.08
1781405878,R_100,342.03
1781405880,R_100,342.06
1781405882,R_100,342.01
1781405884,R_100,342.02
1781405886,R_100,341.88
1781405888,R_100,341.98
1781405890,R_100,342.05
1781405892,R_100,341.98
1781405894,R_100,341.96
1781405896,R_100,341.91
1781405898,R_100,341.81
1781405900,R_100,341.82
1781405902,R_100,341.84
1781405904,R_100,341.95
1781405906,R_100,341.99
1781405908,R_100,342.06
1781405910,R_100,342.29
1781405912,R_100,342.41
1781405914,R_100,342.4
1781405916,R_100,342.36
1781405918,R_100,342.47
1781405920,R_100,342.43
1781405922,R_100,342.43
1781405924,R_100,342.32
1781405926,R_100,342.44
1781405928,R_100,342.4
1781405930,R_100,342.55
1781405932,R_100,342.58
1781405934,R_100,342.63
1781405936,R_100,342.44
1781405938,R_100,342.46
1781405940,R_100,342.38
1781405942,R_100,342.51
1781405944,R_100,342.43
1781405946,R_100,342.47
1781405948,R_100,342.41
1781405950,R_100,342.32
1781405952,R_100,342.34
1781405954,R_100,342.35
1781405956,R_100,342.31
1781405958,R_100,342.3
1781405960,R_100,342.32
1781405962,R_100,342.17
1781405964,R_100,342.08
1781405966,R_100,342.18
1781405968,R_100,341.99
1781405970,R_100,342.07
1781405972,R_100,342.29
1781405974,R_100,342.37
1781405976,R_100,342.37
1781405978,R_100,342.4
1781405980,R_100,342.46
1781405982,R_100,342.42
1781405984,R_100,342.52
1781405986,R_100,342.58
1781405988,R_100,342.52
1781405990,R_100,342.44
1781405992,R_100,342.35
1781405994,R_100,342.42
1781405996,R_100,342.37
1781405998,R_100,342.38
1781406000,R_100,342.5
1781406002,R_100,342.72
1781406004,R_100,342.7
1781406006,R_100,342.5
1781406008,R_100,342.38
1781406010,R_100,342.45
1781406012,R_100,342.47
1781406014,R_100,342.62
1781406016,R_100,342.57
1781406018,R_100,342.58
1781406020,R_100,342.59
1781406022,R_100,342.58
1781406024,R_100,342.52
1781406026,R_100,342.53
1781406028,R_100,342.57
1781406030,R_100,342.53
1781406032,R_100,342.52
1781406034,R_100,342.61
1781406036,R_100,342.7
1781406038,R_100,342.58
1781406040,R_100,342.58
1781406042,R_100,342.52
1781406044,R_100,342.56
1781406046,R_100,342.69
1781406048,R_100,342.72
1781406050,R_100,342.63
1781406052,R_100,342.5
1781406054,R_100,342.61
1781406056,R_100,342.85
1781406058,R_100,342.86
1781406060,R_100,342.92
1781406062,R_100,342.86
1781406064,R_100,342.94
1781406066,R_100,343.05
1781406068,R_100,343.07
1781406070,R_100,343.05
1781406072,R_100,343.03
1781406074,R_100,343.18
1781406076,R_100,343.02
1781406078,R_100,343.1
1781406080,R_100,343.17
1781406082,R_100,343.19
1781406084,R_100,343.09
1781406086,R_100,343.11
1781406088,R_100,343.12
1781406090,R_100,343.09
1781406092,R_100,343.15
1781406094,R_100,343.24
1781406096,R_100,343.31
1781406098,R_100,343.25
1781406100,R_100,343.26
1781406102,R_100,343.32
1781406104,R_100,343.39
1781406106,R_100,343.38
1781406108,R_100,343.28
1781406110,R_100,343.37
1781406112,R_100,343.41
1781406114,R_100,343.36
1781406116,R_100,343.34
1781406118,R_100,343.39
1781406120,R_100,343.43
1781406122,R_100,343.43
1781406124,R_100,343.32
1781406126,R_100,343.33
1781406128,R_100,343.43
1781406130,R_100,343.45
1781406132,R_100,343.55
1781406134,R_100,343.48
1781406136,R_100,343.4
1781406138,R_100,343.44
1781406140,R_100,343.54
1781406142,R_100,343.53
1781406144,R_100,343.56
1781406146,R_100,343.52
1781406148,R_100,343.57
1781406150,R_100,343.54
1781406152,R_100,343.48
1781406154,R_100,343.36
1781406156,R_100,343.29
1781406158,R_100,343.25
1781406160,R_100,343.31
1781406162,R_100,343.22
1781406164,R_100,343.12
1781406166,R_100,343.03
1781406168,R_100,342.96
1781406170,R_100,343.02
1781406172,R_100,343.11
1781406174,R_100,342.98
1781406176,R_100,342.87
1781406178,R_100,342.84
1781406180,R_100,342.87
1781406182,R_100,343.02
1781406184,R_100,343.04
1781406186,R_100,343.15
1781406188,R_100,343.19
1781406190,R_100,343.01
1781406192,R_100,343.08
1781406194,R_100,342.95
1781406196,R_100,343.01
1781406198,R_100,342.99
1781406200,R_100,343.07
1781406202,R_100,343.14
1781406204,R_100,343.04
1781406206,R_100,343.03
1781406208,R_100,343.04
1781406210,R_100,343.12
1781406212,R_100,342.89
1781406214,R_100,342.85
1781406216,R_100,343.01
1781406218,R_100,342.98
1781406220,R_100,343.09
1781406222,R_100,343.21
1781406224,R_100,343.24
1781406226,R_100,343.2
1781406228,R_100,343.26
1781406230,R_100,343.29
1781406232,R_100,343.22
1781406234,R_100,343.37
1781406236,R_100,343.19
1781406238,R_100,343.14
1781406240,R_100,343.01
1781406242,R_100,343.11
1781406244,R_100,343.13
1781406246,R_100,343.14
1781406248,R_100,343.13
1781406250,R_100,342.97
1781406252,R_100,343.03
1781406254,R_100,343.05
1781406256,R_100,343.04
1781406258,R_100,343.05
1781406260,R_100,343.06
1781406262,R_100,343.14
1781406264,R_100,343.2
1781406266,R_100,343.17
1781406268,R_100,343.1
1781406270,R_100,343.12
1781406272,R_100,343.2
1781406274,R_100,343.32
1781406276,R_100,343.28
1781406278,R_100,343.19
1781406280,R_100,343.15
1781406282,R_100,343.14
1781406284,R_100,343.15
1781406286,R_100,343.26
1781406288,R_100,343.26
1781406290,R_100,343.2
1781406292,R_100,343.21
1781406294,R_100,343.17
1781406296,R_100,343.15
1781406298,R_100,343.05
1781406300,R_100,342.96
1781406302,R_100,343.01
1781406304,R_100,343.08
1781406306,R_100,343.17
1781406308,R_100,343.36
1781406310,R_100,343.51
1781406312,R_100,343.34
1781406314,R_100,343.24
1781406316,R_100,343.35
1781406318,R_100,343.53
1781406320,R_100,343.62
1781406322,R_100,343.72
1781406324,R_100,343.53
1781406326,R_100,343.52
1781406328,R_100,343.57
1781406330,R_100,343.59
1781406332,R_100,343.52
1781406334,R_100,343.67
1781406336,R_100,343.62
1781406338,R_100,343.69
1781406340,R_100,343.59
1781406342,R_100,343.61
1781406344,R_100,343.62
1781406346,R_100,343.57
1781406348,R_100,343.62
1781406350,R_100,343.55
1781406352,R_100,343.51
1781406354,R_100,343.44
1781406356,R_100,343.38
1781406358,R_100,343.4
1781406360,R_100,343.42
1781406362,R_100,343.33
1781406364,R_100,343.35
1781406366,R_100,343.3
1781406368,R_100,343.39
1781406370,R_100,343.23
1781406372,R_100,343.2
1781406374,R_100,343.31
1781406376,R_100,343.1
1781406378,R_100,343.18
1781406380,R_100,343.14
1781406382,R_100,343.12
1781406384,R_100,343.05
1781406386,R_100,343.16
1781406388,R_100,343.09
1781406390,R_100,343.17
1781406392,R_100,343.21
1781406394,R_100,343.28
1781406396,R_100,343.26
1781406398,R_100,343.18
1781406400,R_100,343.13
1781406402,R_100,343.16
1781406404,R_100,343.07
1781406406,R_100,342.84
1781406408,R_100,342.73
1781406410,R_100,342.77
1781406412,R_100,342.79
1781406414,R_100,342.66
1781406416,R_100,342.75
1781406418,R_100,342.77
1781406420,R_100,342.68
1781406422,R_100,342.63
1781406424,R_100,342.76
1781406426,R_100,342.66
1781406428,R_100,342.72
1781406430,R_100,342.59
1781406432,R_100,342.61
1781406434,R_100,342.56
1781406436,R_100,342.59
1781406438,R_100,342.61
1781406440,R_100,342.75
1781406442,R_100,342.59
1781406444,R_100,342.57
1781406446,R_100,342.57
1781406448,R_100,342.54
1781406450,R_100,342.58
1781406452,R_100,342.69
1781406454,R_100,342.71
1781406456,R_100,342.76
1781406458,R_100,342.84
1781406460,R_100,342.87
1781406462,R_100,342.76
1781406464,R_100,342.78
1781406466,R_100,342.76
1781406468,R_100,342.75
1781406470,R_100,342.79
1781406472,R_100,342.79
1781406474,R_100,342.84
1781406476,R_100,343.05
1781406478,R_100,343.16
1781406480,R_100,343.04
1781406482,R_100,342.82
1781406484,R_100,342.71
1781406486,R_100,342.73
1781406488,R_100,342.75
1781406490,R_100,342.91
1781406492,R_100,342.78
1781406494,R_100,342.81
1781406496,R_100,342.8
1781406498,R_100,342.67
1781406500,R_100,342.6
1781406502,R_100,342.76
1781406504,R_100,342.83
1781406506,R_100,342.84
1781406508,R_100,342.85
1781406510,R_100,342.89
1781406512,R_100,342.77
1781406514,R_100,342.8
1781406516,R_100,342.87
1781406518,R_100,342.91
1781406520,R_100,342.94
1781406522,R_100,343
1781406524,R_100,343.08
1781406526,R_100,343.12
1781406528,R_100,342.95
1781406530,R_100,342.91
1781406532,R_100,342.98
1781406534,R_100,343
1781406536,R_100,342.98
1781406538,R_100,343.03
1781406540,R_100,342.98
1781406542,R_100,343.01
1781406544,R_100,343.02
1781406546,R_100,343.08
1781406548,R_100,343.07
1781406550,R_100,343.01
1781406552,R_100,342.94
1781406554,R_100,342.94
1781406556,R_100,342.92
1781406558,R_100,342.93
1781406560,R_100,342.87
1781406562,R_100,342.87
1781406564,R_100,342.83
1781406566,R_100,342.8
1781406568,R_100,342.85
1781406570,R_100,342.9
1781406572,R_100,343.11
1781406574,R_100,343.07
1781406576,R_100,343.07
1781406578,R_100,343.07
1781406580,R_100,343
1781406582,R_100,342.98
1781406584,R_100,343.12
1781406586,R_100,343.1
1781406588,R_100,343.12
1781406590,R_100,343.18
1781406592,R_100,343.14
1781406594,R_100,343.07
1781406596,R_100,343.07
1781406598,R_100,343.08
1781406600,R_100,343.12
1781406602,R_100,343.4
1781406604,R_100,343.21
1781406606,R_100,343.06
1781406608,R_100,343.15
1781406610,R_100,343.1
1781406612,R_100,343.01
1781406614,R_100,342.97
1781406616,R_100,343.12
1781406618,R_100,342.98
1781406620,R_100,343
1781406622,R_100,342.98
1781406624,R_100,342.81
1781406626,R_100,342.89
1781406628,R_100,342.73
1781406630,R_100,342.74
1781406632,R_100,342.71
1781406634,R_100,342.68
1781406636,R_100,342.83
1781406638,R_100,342.87
1781406640,R_100,343
1781406642,R_100,343.01
1781406644,R_100,343.1
1781406646,R_100,343.31
1781406648,R_100,343.31
1781406650,R_100,343.19
1781406652,R_100,343.13
1781406654,R_100,343.04
1781406656,R_100,343.02
1781406658,R_100,343.13
1781406660,R_100,343.15
1781406662,R_100,343.21
1781406664,R_100,343.23
1781406666,R_100,343.16
1781406668,R_100,343.11
1781406670,R_100,343.1
1781406672,R_100,343.18
1781406674,R_100,343.18
1781406676,R_100,343.15
1781406678,R_100,343.25
1781406680,R_100,343.27
1781406682,R_100,343.42
1781406684,R_100,343.37
1781406686,R_100,343.43
1781406688,R_100,343.44
1781406690,R_100,343.27
1781406692,R_100,343.32
1781406694,R_100,343.35
1781406696,R_100,343.26
1781406698,R_100,343.23
1781406700,R_100,343.12
1781406702,R_100,343.15
1781406704,R_100,343.14
1781406706,R_100,343.13
1781406708,R_100,343.14
1781406710,R_100,342.92
1781406712,R_100,343.06
1781406714,R_100,343.03
1781406716,R_100,343.07
1781406718,R_100,343.08
1781406720,R_100,342.99
1781406722,R_100,343.15
1781406724,R_100,343.16
1781406726,R_100,343.12
1781406728,R_100,343.18
1781406730,R_100,343.31
1781406732,R_100,343.11
1781406734,R_100,343.02
1781406736,R_100,343.08
1781406738,R_100,343.02
1781406740,R_100,343.12
1781406742,R_100,343.13
1781406744,R_100,343.25
1781406746,R_100,343.26
1781406748,R_100,343.22
1781406750,R_100,343.12
1781406752,R_100,343.21
1781406754,R_100,343.26
1781406756,R_100,343.32
1781406758,R_100,343.38
1781406760,R_100,343.27
1781406762,R_100,343.29
1781406764,R_100,343.43
1781406766,R_100,343.5
1781406768,R_100,343.52
1781406770,R_100,343.68
1781406772,R_100,343.82
1781406774,R_100,343.77
1781406776,R_100,343.76
1781406778,R_100,343.85
1781406780,R_100,343.73
1781406782,R_100,343.61
1781406784,R_100,343.6
1781406786,R_100,343.8
1781406788,R_100,344
1781406790,R_100,344
1781406792,R_100,343.85
1781406794,R_100,343.8
1781406796,R_100,343.78
1781406798,R_100,343.87
1781406800,R_100,343.98
1781406802,R_100,344.01
1781406804,R_100,344.04
1781406806,R_100,344.06
1781406808,R_100,344.07
1781406810,R_100,343.95
1781406812,R_100,343.77
1781406814,R_100,343.76
1781406816,R_100,343.77
1781406818,R_100,343.93
1781406820,R_100,344.11
1781406822,R_100,344.1
1781406824,R_100,344.17
1781406826,R_100,344.18
1781406828,R_100,344.26
1781406830,R_100,344.42
1781406832,R_100,344.34
1781406834,R_100,344.37
1781406836,R_100,344.48
1781406838,R_100,344.37
1781406840,R_100,344.36
1781406842,R_100,344.41
1781406844,R_100,344.44
1781406846,R_100,344.37
1781406848,R_100,344.41
1781406850,R_100,344.36
1781406852,R_100,344.35
1781406854,R_100,344.23
1781406856,R_100,344.17
1781406858,R_100,344.06
1781406860,R_100,343.97
1781406862,R_100,343.8
1781406864,R_100,343.65
1781406866,R_100,343.7
1781406868,R_100,343.69
1781406870,R_100,343.78
1781406872,R_100,343.76
1781406874,R_100,343.76
1781406876,R_100,343.79
1781406878,R_100,343.8
1781406880,R_100,343.84
1781406882,R_100,343.81
1781406884,R_100,343.67
1781406886,R_100,343.46
1781406888,R_100,343.38
1781406890,R_100,343.33
1781406892,R_100,343.41
1781406894,R_100,343.34
1781406896,R_100,343.38
1781406898,R_100,343.27
1781406900,R_100,343.33
1781406902,R_100,343.34
1781406904,R_100,343.34
1781406906,R_100,343.27
1781406908,R_100,343.37
1781406910,R_100,343.62
1781406912,R_100,343.54
1781406914,R_100,343.45
1781406916,R_100,343.36
1781406918,R_100,343.44
1781406920,R_100,343.35
1781406922,R_100,343.34
1781406924,R_100,343.26
1781406926,R_100,343.43
1781406928,R_100,343.6
1781406930,R_100,343.62
1781406932,R_100,343.79
1781406934,R_100,343.71
1781406936,R_100,343.76
1781406938,R_100,343.81
1781406940,R_100,343.8
1781406942,R_100,343.78
1781406944,R_100,343.79
1781406946,R_100,343.62
1781406948,R_100,343.5
1781406950,R_100,343.59
1781406952,R_100,343.48
1781406954,R_100,343.42
1781406956,R_100,343.31
1781406958,R_100,343.31
1781406960,R_100,343.31
1781406962,R_100,343.35
1781406964,R_100,343.32
1781406966,R_100,343.14
1781406968,R_100,343.04
1781406970,R_100,342.99
1781406972,R_100,342.96
1781406974,R_100,342.9
1781406976,R_100,342.91
1781406978,R_100,342.84
1781406980,R_100,342.95
1781406982,R_100,342.84
1781406984,R_100,343.01
1781406986,R_100,342.91
1781406988,R_100,342.81
1781406990,R_100,342.75
1781406992,R_100,342.71
1781406994,R_100,342.46
1781406996,R_100,342.47
1781406998,R_100,342.45
1781407000,R_100,342.7
1781407002,R_100,342.62
1781407004,R_100,342.38
1781407006,R_100,342.26
1781407008,R_100,342.22
1781407010,R_100,342.23
1781407012,R_100,342.31
1781407014,R_100,342.33
1781407016,R_100,342.28
1781407018,R_100,342.21
1781407020,R_100,342.12
1781407022,R_100,342.18
1781407024,R_100,342.28
1781407026,R_100,342.33
1781407028,R_100,342.42
1781407030,R_100,342.4
1781407032,R_100,342.44
1781407034,R_100,342.32
1781407036,R_100,342.4
1781407038,R_100,342.44
1781407040,R_100,342.38
1781407042,R_100,342.34
1781407044,R_100,342.2
1781407046,R_100,341.98
1781407048,R_100,342.05
1781407050,R_100,342
1781407052,R_100,342.02
1781407054,R_100,342.23
1781407056,R_100,342.38
1781407058,R_100,342.17
1781407060,R_100,342.13
1781407062,R_100,342.08
1781407064,R_100,342.06
1781407066,R_100,341.97
1781407068,R_100,341.76
1781407070,R_100,341.58
1781407072,R_100,341.57
1781407074,R_100,341.6
1781407076,R_100,341.63
1781407078,R_100,341.51
1781407080,R_100,341.42
1781407082,R_100,341.44
1781407084,R_100,341.45
1781407086,R_100,341.23
1781407088,R_100,341.39
1781407090,R_100,341.35
1781407092,R_100,341.45
1781407094,R_100,341.57
1781407096,R_100,341.49
1781407098,R_100,341.53
1781407100,R_100,341.47
1781407102,R_100,341.47
1781407104,R_100,341.33
1781407106,R_100,341.33
1781407108,R_100,341.34
1781407110,R_100,341.24
1781407112,R_100,341.24
1781407114,R_100,341.36
1781407116,R_100,341.45
1781407118,R_100,341.39
1781407120,R_100,341.52
1781407122,R_100,341.45
1781407124,R_100,341.48
1781407126,R_100,341.47
1781407128,R_100,341.5
1781407130,R_100,341.45
1781407132,R_100,341.48
1781407134,R_100,341.38
1781407136,R_100,341.4
1781407138,R_100,341.45
1781407140,R_100,341.52
1781407142,R_100,341.61
1781407144,R_100,341.63
1781407146,R_100,341.55
1781407148,R_100,341.78
1781407150,R_100,341.72
1781407152,R_100,341.64
1781407154,R_100,341.54
1781407156,R_100,341.6
1781407158,R_100,341.6
1781407160,R_100,341.57
1781407162,R_100,341.66
1781407164,R_100,341.63
1781407166,R_100,341.59
1781407168,R_100,341.6
1781407170,R_100,341.51
1781407172,R_100,341.48
1781407174,R_100,341.7
1781407176,R_100,341.55
1781407178,R_100,341.57
1781407180,R_100,341.54
1781407182,R_100,341.55
1781407184,R_100,341.44
1781407186,R_100,341.37
1781407188,R_100,341.41
1781407190,R_100,341.45
1781407192,R_100,341.34
1781407194,R_100,341.26
1781407196,R_100,341.33
1781407198,R_100,341.28
1781407200,R_100,341.36
1781407202,R_100,341.41
1781407204,R_100,341.35
1781407206,R_100,341.19
1781407208,R_100,341.04
1781407210,R_100,340.98
1781407212,R_100,340.88
1781407214,R_100,340.78
1781407216,R_100,340.66
1781407218,R_100,340.72
1781407220,R_100,340.56
1781407222,R_100,340.61
1781407224,R_100,340.52
1781407226,R_100,340.62
1781407228,R_100,340.7
1781407230,R_100,340.75
1781407232,R_100,340.74
1781407234,R_100,340.66
1781407236,R_100,340.8
1781407238,R_100,340.63
1781407240,R_100,340.6
1781407242,R_100,340.6
1781407244,R_100,340.55
1781407246,R_100,340.62
1781407248,R_100,340.64
1781407250,R_100,340.56
1781407252,R_100,340.59
1781407254,R_100,340.63
1781407256,R_100,340.78
1781407258,R_100,340.66
1781407260,R_100,340.64
1781407262,R_100,340.64
1781407264,R_100,340.45
1781407266,R_100,340.5
1781407268,R_100,340.48
1781407270,R_100,340.63
1781407272,R_100,340.62
1781407274,R_100,340.73
1781407276,R_100,340.69
1781407278,R_100,340.75
1781407280,R_100,340.83
1781407282,R_100,340.83
1781407284,R_100,340.87
1781407286,R_100,340.88
1781407288,R_100,340.84
1781407290,R_100,340.79
1781407292,R_100,340.71
1781407294,R_100,340.68
1781407296,R_100,340.7
1781407298,R_100,340.64
1781407300,R_100,340.67
1781407302,R_100,340.75
1781407304,R_100,340.81
1781407306,R_100,340.88
1781407308,R_100,341.06
1781407310,R_100,341.03
1781407312,R_100,340.9
1781407314,R_100,340.91
1781407316,R_100,340.89
1781407318,R_100,340.76
1781407320,R_100,340.88
1781407322,R_100,340.79
1781407324,R_100,340.86
1781407326,R_100,340.85
1781407328,R_100,340.8
1781407330,R_100,340.87
1781407332,R_100,340.91
1781407334,R_100,340.89
1781407336,R_100,340.89
1781407338,R_100,341.06
1781407340,R_100,341.01
1781407342,R_100,341
1781407344,R_100,340.95
1781407346,R_100,340.85
1781407348,R_100,340.79
1781407350,R_100,340.76
1781407352,R_100,340.85
1781407354,R_100,340.83
1781407356,R_100,340.82
1781407358,R_100,340.68
1781407360,R_100,340.65
1781407362,R_100,340.66
1781407364,R_100,340.6
1781407366,R_100,340.5
1781407368,R_100,340.64
1781407370,R_100,340.74
1781407372,R_100,340.73
1781407374,R_100,340.68
1781407376,R_100,340.68
1781407378,R_100,340.65
1781407380,R_100,340.5
1781407382,R_100,340.64
1781407384,R_100,340.61
1781407386,R_100,340.65
1781407388,R_100,340.47
1781407390,R_100,340.42
1781407392,R_100,340.45
1781407394,R_100,340.57
1781407396,R_100,340.52
1781407398,R_100,340.43
1781407400,R_100,340.33
1781407402,R_100,340.35
1781407404,R_100,340.33
1781407406,R_100,340.31
1781407408,R_100,340.38
1781407410,R_100,340.37
1781407412,R_100,340.26
1781407414,R_100,340.39
1781407416,R_100,340.39
1781407418,R_100,340.32
1781407420,R_100,340.22
1781407422,R_100,340.1
1781407424,R_100,340.22
1781407426,R_100,340.09
1781407428,R_100,339.95
1781407430,R_100,339.99
1781407432,R_100,340.05
1781407434,R_100,340.18
1781407436,R_100,340.22
1781407438,R_100,340.2
1781407440,R_100,340.27
1781407442,R_100,340.28
1781407444,R_100,340.18
1781407446,R_100,340.2
1781407448,R_100,340.13
1781407450,R_100,340.21
1781407452,R_100,340.21
1781407454,R_100,340.21
1781407456,R_100,340.28
1781407458,R_100,340.24
1781407460,R_100,340.41
1781407462,R_100,340.44
1781407464,R_100,340.58
1781407466,R_100,340.56
1781407468,R_100,340.38
1781407470,R_100,340.45
1781407472,R_100,340.48
1781407474,R_100,340.5
1781407476,R_100,340.55
1781407478,R_100,340.53
1781407480,R_100,340.57
1781407482,R_100,340.37
1781407484,R_100,340.33
1781407486,R_100,340.29
1781407488,R_100,340.15
1781407490,R_100,340.05
1781407492,R_100,339.85
1781407494,R_100,339.81
1781407496,R_100,339.79
1781407498,R_100,339.81
1781407500,R_100,339.79
1781407502,R_100,339.75
1781407504,R_100,339.75
1781407506,R_100,339.76
1781407508,R_100,339.69
1781407510,R_100,339.63
1781407512,R_100,339.69
1781407514,R_100,339.72
1781407516,R_100,339.74
1781407518,R_100,339.81
1781407520,R_100,339.83
1781407522,R_100,339.72
1781407524,R_100,339.85
1781407526,R_100,339.87
1781407528,R_100,339.86
1781407530,R_100,339.91
1781407532,R_100,339.93
1781407534,R_100,339.78
1781407536,R_100,339.72
1781407538,R_100,339.67
1781407540,R_100,339.69
1781407542,R_100,339.65
1781407544,R_100,339.56
1781407546,R_100,339.5
1781407548,R_100,339.5
1781407550,R_100,339.5
1781407552,R_100,339.49
1781407554,R_100,339.38
1781407556,R_100,339.4
1781407558,R_100,339.46
1781407560,R_100,339.43
1781407562,R_100,339.44
1781407564,R_100,339.4
1781407566,R_100,339.47
1781407568,R_100,339.48
1781407570,R_100,339.48
1781407572,R_100,339.43
1781407574,R_100,339.41
1781407576,R_100,339.4
1781407578,R_100,339.5
1781407580,R_100,339.54
1781407582,R_100,339.65
1781407584,R_100,339.74
1781407586,R_100,339.83
1781407588,R_100,339.87
1781407590,R_100,339.86
1781407592,R_100,339.74
1781407594,R_100,339.77
1781407596,R_100,339.84
1781407598,R_100,339.89
1781407600,R_100,339.97
1781407602,R_100,339.98
1781407604,R_100,339.9
1781407606,R_100,339.76
1781407608,R_100,339.77
1781407610,R_100,339.88
1781407612,R_100,339.86
1781407614,R_100,339.91
1781407616,R_100,339.91
1781407618,R_100,339.99
1781407620,R_100,340.03
1781407622,R_100,340.09
1781407624,R_100,340.14
1781407626,R_100,340.26
1781407628,R_100,340.23
1781407630,R_100,340.13
1781407632,R_100,339.93
1781407634,R_100,339.86
1781407636,R_100,339.9
1781407638,R_100,339.95
1781407640,R_100,340.1
1781407642,R_100,340.19
1781407644,R_100,340.19
1781407646,R_100,340.18
1781407648,R_100,340.05
1781407650,R_100,339.98
1781407652,R_100,339.93
1781407654,R_100,339.87
1781407656,R_100,339.7
1781407658,R_100,339.78
1781407660,R_100,339.86
1781407662,R_100,339.82
1781407664,R_100,339.82
1781407666,R_100,339.82
1781407668,R_100,339.75
1781407670,R_100,339.89
1781407672,R_100,339.88
1781407674,R_100,339.78
1781407676,R_100,339.88
1781407678,R_100,339.76
1781407680,R_100,339.8
1781407682,R_100,339.88
1781407684,R_100,339.86
1781407686,R_100,339.82
1781407688,R_100,339.75
1781407690,R_100,339.72
1781407692,R_100,339.71
1781407694,R_100,339.62
1781407696,R_100,339.71
1781407698,R_100,339.83
1781407700,R_100,339.93
1781407702,R_100,339.97
1781407704,R_100,339.71
1781407706,R_100,339.67
1781407708,R_100,339.72
1781407710,R_100,339.61
1781407712,R_100,339.72
1781407714,R_100,339.69
1781407716,R_100,339.67
1781407718,R_100,339.76
1781407720,R_100,339.74
1781407722,R_100,339.73
1781407724,R_100,339.82
1781407726,R_100,339.88
1781407728,R_100,339.84
1781407730,R_100,339.8
1781407732,R_100,339.72
1781407734,R_100,339.67
1781407736,R_100,339.85
1781407738,R_100,340
1781407740,R_100,339.94
1781407742,R_100,339.94
1781407744,R_100,340.01
1781407746,R_100,340.06
1781407748,R_100,340.17
1781407750,R_100,340.2
1781407752,R_100,340.07
1781407754,R_100,340.16
1781407756,R_100,340.24
1781407758,R_100,340.11
1781407760,R_100,340.14
1781407762,R_100,340.1
1781407764,R_100,340.08
1781407766,R_100,340.15
1781407768,R_100,340.1
1781407770,R_100,340.02
1781407772,R_100,339.93
1781407774,R_100,339.88
1781407776,R_100,339.91
1781407778,R_100,340.03
1781407780,R_100,340.12
1781407782,R_100,339.97
1781407784,R_100,339.93
1781407786,R_100,339.96
1781407788,R_100,339.9
1781407790,R_100,339.93
1781407792,R_100,339.98
1781407794,R_100,340.05
1781407796,R_100,340.06
1781407798,R_100,340.1
1781407800,R_100,340.06
1781407802,R_100,340.2
1781407804,R_100,340.11
1781407806,R_100,340.05
1781407808,R_100,340.1
1781407810,R_100,339.92
1781407812,R_100,339.93
1781407814,R_100,339.89
1781407816,R_100,339.94
1781407818,R_100,339.79
1781407820,R_100,339.67
1781407822,R_100,339.71
1781407824,R_100,339.65
1781407826,R_100,339.75
1781407828,R_100,339.73
1781407830,R_100,339.7
1781407832,R_100,339.61
1781407834,R_100,339.78
1781407836,R_100,339.79
1781407838,R_100,339.99
1781407840,R_100,340.01
1781407842,R_100,339.93
1781407844,R_100,339.9
1781407846,R_100,339.9
1781407848,R_100,339.89
1781407850,R_100,339.75
1781407852,R_100,339.78
1781407854,R_100,339.86
1781407856,R_100,339.95
1781407858,R_100,339.9
1781407860,R_100,339.92
1781407862,R_100,339.91
1781407864,R_100,339.98
1781407866,R_100,339.93
1781407868,R_100,339.91
1781407870,R_100,339.93
1781407872,R_100,339.94
1781407874,R_100,339.93
1781407876,R_100,340.01
1781407878,R_100,340.01
1781407880,R_100,339.96
1781407882,R_100,339.98
1781407884,R_100,339.99
1781407886,R_100,339.98
1781407888,R_100,340
1781407890,R_100,340.11
1781407892,R_100,340.01
1781407894,R_100,339.93
1781407896,R_100,339.96
1781407898,R_100,339.97
1781407900,R_100,340
1781407902,R_100,339.94
1781407904,R_100,339.9
1781407906,R_100,339.84
1781407908,R_100,339.82
1781407910,R_100,339.82
1781407912,R_100,339.81
1781407914,R_100,339.85
1781407916,R_100,339.89
1781407918,R_100,339.92
1781407920,R_100,339.98
1781407922,R_100,340.07
1781407924,R_100,340.11
1781407926,R_100,340.05
1781407928,R_100,339.99
1781407930,R_100,340.01
1781407932,R_100,340.02
1781407934,R_100,339.88
1781407936,R_100,339.88
1781407938,R_100,339.96
1781407940,R_100,340.15
1781407942,R_100,340.22
1781407944,R_100,340.18
1781407946,R_100,340.11
1781407948,R_100,340
1781407950,R_100,339.99
1781407952,R_100,340.28
1781407954,R_100,340.2
1781407956,R_100,340.09
1781407958,R_100,340.01
1781407960,R_100,340.04
1781407962,R_100,340.07
1781407964,R_100,340.19
1781407966,R_100,340.3
1781407968,R_100,340.17
1781407970,R_100,340.09
1781407972,R_100,340.15
1781407974,R_100,340.36
1781407976,R_100,340.18
1781407978,R_100,340.18
1781407980,R_100,340.15
1781407982,R_100,340.17
1781407984,R_100,340.12
1781407986,R_100,340.05
1781407988,R_100,340.06
1781407990,R_100,339.97
1781407992,R_100,339.9
1781407994,R_100,340
1781407996,R_100,339.93
1781407998,R_100,339.89
1781408000,R_100,339.87
1781408002,R_100,339.79
1781408004,R_100,339.9
1781408006,R_100,339.84
1781408008,R_100,339.86
1781408010,R_100,339.91
1781408012,R_100,339.95
1781408014,R_100,339.94
1781408016,R_100,339.96
1781408018,R_100,339.82
1781408020,R_100,339.72
1781408022,R_100,339.72
1781408024,R_100,339.77
1781408026,R_100,339.72
1781408028,R_100,339.7
1781408030,R_100,339.8
1781408032,R_100,339.86
1781408034,R_100,339.94
1781408036,R_100,339.97
1781408038,R_100,339.95
1781408040,R_100,339.99
1781408042,R_100,340.03
1781408044,R_100,340.1
1781408046,R_100,340.15
1781408048,R_100,340.11
1781408050,R_100,340.1
1781408052,R_100,340.17
1781408054,R_100,340.29
1781408056,R_100,340.29
1781408058,R_100,340.22
1781408060,R_100,340.18
1781408062,R_100,340.23
1781408064,R_100,340.27
1781408066,R_100,340.32
1781408068,R_100,340.41
1781408070,R_100,340.36
1781408072,R_100,340.23
1781408074,R_100,340.47
1781408076,R_100,340.43
1781408078,R_100,340.44
1781408080,R_100,340.47
1781408082,R_100,340.46
1781408084,R_100,340.49
1781408086,R_100,340.55
1781408088,R_100,340.64
1781408090,R_100,340.67
1781408092,R_100,340.83
1781408094,R_100,340.91
1781408096,R_100,340.93
1781408098,R_100,340.94
1781408100,R_100,340.95
1781408102,R_100,341.07
1781408104,R_100,341.09
1781408106,R_100,341.21
1781408108,R_100,341.19
1781408110,R_100,341.26
1781408112,R_100,341.21
1781408114,R_100,341.17
1781408116,R_100,341.19
1781408118,R_100,341.27
1781408120,R_100,341.26
1781408122,R_100,341.3
1781408124,R_100,341.26
1781408126,R_100,341.27
1781408128,R_100,341.21
1781408130,R_100,341.19
1781408132,R_100,341.23
1781408134,R_100,341.29
1781408136,R_100,341.3
1781408138,R_100,341.25
1781408140,R_100,341.41
1781408142,R_100,341.36
1781408144,R_100,341.27
1781408146,R_100,341.28
1781408148,R_100,341.24
1781408150,R_100,341.23
1781408152,R_100,341.41
1781408154,R_100,341.57
1781408156,R_100,341.65
1781408158,R_100,341.85
1781408160,R_100,341.77
1781408162,R_100,341.72
1781408164,R_100,341.75
1781408166,R_100,341.68
1781408168,R_100,341.66
1781408170,R_100,341.67
1781408172,R_100,341.78
1781408174,R_100,341.77
1781408176,R_100,341.77
1781408178,R_100,341.79
1781408180,R_100,342
1781408182,R_100,342.06
1781408184,R_100,342.01
1781408186,R_100,341.93
1781408188,R_100,342.06
1781408190,R_100,342.01
1781408192,R_100,342.15
1781408194,R_100,342.25
1781408196,R_100,342.24
1781408198,R_100,342.34
1781408200,R_100,342.21
1781408202,R_100,342.35
1781408204,R_100,342.16
1781408206,R_100,342.2
1781408208,R_100,342.1
1781408210,R_100,342.27
1781408212,R_100,342.29
1781408214,R_100,342.24
1781408216,R_100,342.18
1781408218,R_100,342.12
1781408220,R_100,342.23
1781408222,R_100,342.26
1781408224,R_100,342.26
1781408226,R_100,342.42
1781408228,R_100,342.62
1781408230,R_100,342.45
1781408232,R_100,342.36
1781408234,R_100,342.33
1781408236,R_100,342.42
1781408238,R_100,342.25
1781408240,R_100,342.32
1781408242,R_100,342.32
1781408244,R_100,342.39
1781408246,R_100,342.52
1781408248,R_100,342.45
1781408250,R_100,342.53
1781408252,R_100,342.7
1781408254,R_100,342.61
1781408256,R_100,342.54
1781408258,R_100,342.62
1781408260,R_100,342.82
1781408262,R_100,342.87
1781408264,R_100,342.74
1781408266,R_100,342.79
1781408268,R_100,342.71
1781408270,R_100,342.79
1781408272,R_100,342.73
1781408274,R_100,342.77
1781408276,R_100,342.78
1781408278,R_100,342.85
1781408280,R_100,342.9
1781408282,R_100,342.94
1781408284,R_100,343.03
1781408286,R_100,343.05
1781408288,R_100,343.03
1781408290,R_100,343.18
1781408292,R_100,343.04
1781408294,R_100,343.06
1781408296,R_100,343.03
1781408298,R_100,342.93
1781408300,R_100,343.01
1781408302,R_100,343.12
1781408304,R_100,343.1
1781408306,R_100,343.05
1781408308,R_100,342.98
1781408310,R_100,343.05
1781408312,R_100,343.09
1781408314,R_100,343.25
1781408316,R_100,343.23
1781408318,R_100,343.11
1781408320,R_100,342.95
1781408322,R_100,342.9
1781408324,R_100,343.14
1781408326,R_100,343.15
1781408328,R_100,343.18
1781408330,R_100,343.24
1781408332,R_100,343.18
1781408334,R_100,343.3
1781408336,R_100,343.35
1781408338,R_100,343.33
1781408340,R_100,343.38
1781408342,R_100,343.36
1781408344,R_100,343.32
1781408346,R_100,343.32
1781408348,R_100,343.18
1781408350,R_100,343.27
1781408352,R_100,343.16
1781408354,R_100,343.49
1781408356,R_100,343.62
1781408358,R_100,343.54
1781408360,R_100,343.67
1781408362,R_100,343.88
1781408364,R_100,343.99
1781408366,R_100,343.88
1781408368,R_100,343.89
1781408370,R_100,343.88
1781408372,R_100,343.94
1781408374,R_100,343.92
1781408376,R_100,344.01
1781408378,R_100,343.99
1781408380,R_100,343.91
1781408382,R_100,344.02
1781408384,R_100,344.14
1781408386,R_100,344.3
1781408388,R_100,344.35
1781408390,R_100,344.31
1781408392,R_100,344.27
1781408394,R_100,344.18
1781408396,R_100,344.13
1781408398,R_100,344.18
1781408400,R_100,344.19
1781408402,R_100,344.11
1781408404,R_100,343.99
1781408406,R_100,344.05
1781408408,R_100,343.99
1781408410,R_100,343.98
1781408412,R_100,343.94
1781408414,R_100,343.76
1781408416,R_100,343.8
1781408418,R_100,343.73
1781408420,R_100,343.73
1781408422,R_100,343.83
1781408424,R_100,343.77
1781408426,R_100,343.71
1781408428,R_100,343.66
1781408430,R_100,343.58
1781408432,R_100,343.7
1781408434,R_100,343.69
1781408436,R_100,343.79
1781408438,R_100,343.8
1781408440,R_100,343.78
1781408442,R_100,343.78
1781408444,R_100,343.75
1781408446,R_100,343.76
1781408448,R_100,343.68
1781408450,R_100,343.52
1781408452,R_100,343.41
1781408454,R_100,343.48
1781408456,R_100,343.57
1781408458,R_100,343.55
1781408460,R_100,343.54
1781408462,R_100,343.65
1781408464,R_100,343.75
1781408466,R_100,343.7
1781408468,R_100,343.79
1781408470,R_100,343.88
1781408472,R_100,343.84
1781408474,R_100,343.9
1781408476,R_100,343.93
1781408478,R_100,343.82
1781408480,R_100,343.82
1781408482,R_100,343.73
1781408484,R_100,343.77
1781408486,R_100,343.58
1781408488,R_100,343.7
1781408490,R_100,343.58
1781408492,R_100,343.57
1781408494,R_100,343.7
1781408496,R_100,343.62
1781408498,R_100,343.66
1781408500,R_100,343.6
1781408502,R_100,343.63
1781408504,R_100,343.68
1781408506,R_100,343.7
1781408508,R_100,343.77
1781408510,R_100,343.83
1781408512,R_100,343.78
1781408514,R_100,343.87
1781408516,R_100,343.9
1781408518,R_100,343.74
1781408520,R_100,343.72
1781408522,R_100,343.59
1781408524,R_100,343.62
1781408526,R_100,343.65
1781408528,R_100,343.65
1781408530,R_100,343.66
1781408532,R_100,343.7
1781408534,R_100,343.62
1781408536,R_100,343.58
1781408538,R_100,343.64
1781408540,R_100,343.72
1781408542,R_100,343.66
1781408544,R_100,343.65
1781408546,R_100,343.62
1781408548,R_100,343.44
1781408550,R_100,343.57
1781408552,R_100,343.55
1781408554,R_100,343.47
1781408556,R_100,343.51
1781408558,R_100,343.6
1781408560,R_100,343.64
1781408562,R_100,343.51
1781408564,R_100,343.6
1781408566,R_100,343.58
1781408568,R_100,343.58
1781408570,R_100,343.52
1781408572,R_100,343.44
1781408574,R_100,343.49
1781408576,R_100,343.52
1781408578,R_100,343.46
1781408580,R_100,343.36
1781408582,R_100,343.38
1781408584,R_100,343.36
1781408586,R_100,343.34
1781408588,R_100,343.34
1781408590,R_100,343.33
1781408592,R_100,343.22
1781408594,R_100,343.13
1781408596,R_100,343.15
1781408598,R_100,343.07
1781408600,R_100,343
1781408602,R_100,342.97
1781408604,R_100,342.78
1781408606,R_100,342.85
1781408608,R_100,342.9
1781408610,R_100,343.07
1781408612,R_100,343.06
1781408614,R_100,343
1781408616,R_100,342.91
1781408618,R_100,342.86
1781408620,R_100,342.88
1781408622,R_100,342.87
1781408624,R_100,342.76
1781408626,R_100,342.72
1781408628,R_100,342.78
1781408630,R_100,342.81
1781408632,R_100,342.76
1781408634,R_100,342.77
1781408636,R_100,342.85
1781408638,R_100,342.72
1781408640,R_100,342.86
1781408642,R_100,342.95
1781408644,R_100,342.95
1781408646,R_100,342.95
1781408648,R_100,342.91
1781408650,R_100,343.01
1781408652,R_100,342.88
1781408654,R_100,342.88
1781408656,R_100,342.81
1781408658,R_100,342.76
1781408660,R_100,342.83
1781408662,R_100,342.85
1781408664,R_100,342.95
1781408666,R_100,342.97
1781408668,R_100,343.03
1781408670,R_100,343.15
1781408672,R_100,342.95
1781408674,R_100,342.88
1781408676,R_100,342.84
1781408678,R_100,342.78
1781408680,R_100,342.83
1781408682,R_100,342.92
1781408684,R_100,342.96
1781408686,R_100,342.86
1781408688,R_100,342.84
1781408690,R_100,342.82
1781408692,R_100,342.86
1781408694,R_100,342.85
1781408696,R_100,343.04
1781408698,R_100,343.1
1781408700,R_100,343.04
1781408702,R_100,342.96
1781408704,R_100,342.97
1781408706,R_100,342.88
1781408708,R_100,342.85
1781408710,R_100,342.79
1781408712,R_100,342.76
1781408714,R_100,342.74
1781408716,R_100,342.69
1781408718,R_100,342.74
1781408720,R_100,342.68
1781408722,R_100,342.63
1781408724,R_100,342.5
1781408726,R_100,342.65
1781408728,R_100,342.73
1781408730,R_100,342.67
1781408732,R_100,342.81
1781408734,R_100,342.94
1781408736,R_100,342.63
1781408738,R_100,342.68
1781408740,R_100,342.63
1781408742,R_100,342.56
1781408744,R_100,342.59
1781408746,R_100,342.51
1781408748,R_100,342.53
1781408750,R_100,342.61
1781408752,R_100,342.53
1781408754,R_100,342.57
1781408756,R_100,342.63
1781408758,R_100,342.7
1781408760,R_100,342.62
1781408762,R_100,342.63
1781408764,R_100,342.55
1781408766,R_100,342.51
1781408768,R_100,342.41
1781408770,R_100,342.45
1781408772,R_100,342.42
1781408774,R_100,342.39
1781408776,R_100,342.33
1781408778,R_100,342.19
1781408780,R_100,342.26
1781408782,R_100,342.32
1781408784,R_100,342.35
1781408786,R_100,342.22
1781408788,R_100,342.21
1781408790,R_100,342.09
1781408792,R_100,342
1781408794,R_100,341.89
1781408796,R_100,341.76
1781408798,R_100,341.83
1781408800,R_100,342.03
1781408802,R_100,341.87
1781408804,R_100,341.82
1781408806,R_100,341.8
1781408808,R_100,341.77
1781408810,R_100,341.77
1781408812,R_100,341.7
1781408814,R_100,341.8
1781408816,R_100,341.79
1781408818,R_100,341.79
1781408820,R_100,341.85
1781408822,R_100,341.94
1781408824,R_100,341.82
1781408826,R_100,341.8
1781408828,R_100,341.76
1781408830,R_100,341.71
1781408832,R_100,341.82
1781408834,R_100,341.68
1781408836,R_100,341.74
1781408838,R_100,341.59
1781408840,R_100,341.55
1781408842,R_100,341.51
1781408844,R_100,341.44
1781408846,R_100,341.45
1781408848,R_100,341.44
1781408850,R_100,341.42
1781408852,R_100,341.51
1781408854,R_100,341.43
1781408856,R_100,341.33
1781408858,R_100,341.34
1781408860,R_100,341.15
1781408862,R_100,341.18
1781408864,R_100,341.09
1781408866,R_100,341.09
1781408868,R_100,340.98
1781408870,R_100,340.96
1781408872,R_100,340.97
1781408874,R_100,340.94
1781408876,R_100,340.95
1781408878,R_100,340.93
1781408880,R_100,340.93
1781408882,R_100,340.95
1781408884,R_100,341.14
1781408886,R_100,341.13
1781408888,R_100,341.07
1781408890,R_100,341.05
1781408892,R_100,341.07
1781408894,R_100,341.18
1781408896,R_100,341.15
1781408898,R_100,340.95
1781408900,R_100,340.94
1781408902,R_100,340.92
1781408904,R_100,341.07
1781408906,R_100,341.08
1781408908,R_100,341
1781408910,R_100,341.05
1781408912,R_100,341.08
1781408914,R_100,341.09
1781408916,R_100,341.05
1781408918,R_100,341.12
1781408920,R_100,341.07
1781408922,R_100,341.01
1781408924,R_100,340.82
1781408926,R_100,340.72
1781408928,R_100,340.72
1781408930,R_100,340.7
1781408932,R_100,340.83
1781408934,R_100,340.83
1781408936,R_100,340.86
1781408938,R_100,340.93
1781408940,R_100,340.92
1781408942,R_100,340.88
1781408944,R_100,341.06
1781408946,R_100,341.01
1781408948,R_100,340.99
1781408950,R_100,341.05
1781408952,R_100,341.05
1781408954,R_100,341.04
1781408956,R_100,340.9
1781408958,R_100,340.83
1781408960,R_100,340.94
1781408962,R_100,340.96
1781408964,R_100,340.85
1781408966,R_100,340.77
1781408968,R_100,340.61
1781408970,R_100,340.71
1781408972,R_100,340.64
1781408974,R_100,340.6
1781408976,R_100,340.46
1781408978,R_100,340.35
1781408980,R_100,340.37
1781408982,R_100,340.28
1781408984,R_100,340.3
1781408986,R_100,340.22
1781408988,R_100,340.41
1781408990,R_100,340.33
1781408992,R_100,340.26
1781408994,R_100,340.28
1781408996,R_100,340.28
1781408998,R_100,340.08
1781409000,R_100,340.02
1781409002,R_100,339.92
1781409004,R_100,339.86
1781409006,R_100,339.99
1781409008,R_100,339.95
1781409010,R_100,339.9
1781409012,R_100,339.87
1781409014,R_100,339.86
1781409016,R_100,339.76
1781409018,R_100,339.69
1781409020,R_100,339.68
1781409022,R_100,339.62
1781409024,R_100,339.73
1781409026,R_100,339.71
1781409028,R_100,339.76
1781409030,R_100,339.66
1781409032,R_100,339.65
1781409034,R_100,339.53
1781409036,R_100,339.53
1781409038,R_100,339.38
1781409040,R_100,339.5
1781409042,R_100,339.49
1781409044,R_100,339.52
1781409046,R_100,339.5
1781409048,R_100,339.41
1781409050,R_100,339.51
1781409052,R_100,339.61
1781409054,R_100,339.62
1781409056,R_100,339.76
1781409058,R_100,339.8
1781409060,R_100,339.83
1781409062,R_100,339.81
1781409064,R_100,339.77
1781409066,R_100,339.85
1781409068,R_100,339.88
1781409070,R_100,339.87
1781409072,R_100,339.71
1781409074,R_100,339.71
1781409076,R_100,339.64
1781409078,R_100,339.5
1781409080,R_100,339.68
1781409082,R_100,339.73
1781409084,R_100,339.84
1781409086,R_100,339.66
1781409088,R_100,339.66
1781409090,R_100,339.77
1781409092,R_100,339.7
1781409094,R_100,339.64
1781409096,R_100,339.69
1781409098,R_100,339.85
1781409100,R_100,339.84
1781409102,R_100,339.75
1781409104,R_100,339.85
1781409106,R_100,339.85
1781409108,R_100,339.94
1781409110,R_100,340.02
1781409112,R_100,340.15
1781409114,R_100,340.42
1781409116,R_100,340.37
1781409118,R_100,340.24
1781409120,R_100,340.28
1781409122,R_100,340.36
1781409124,R_100,340.45
1781409126,R_100,340.34
1781409128,R_100,340.46
1781409130,R_100,340.47
1781409132,R_100,340.48
1781409134,R_100,340.52
1781409136,R_100,340.61
1781409138,R_100,340.53
1781409140,R_100,340.49
1781409142,R_100,340.5
1781409144,R_100,340.61
1781409146,R_100,340.53
1781409148,R_100,340.61
1781409150,R_100,340.61
1781409152,R_100,340.66
1781409154,R_100,340.55
1781409156,R_100,340.47
1781409158,R_100,340.29
1781409160,R_100,340.36
1781409162,R_100,340.45
1781409164,R_100,340.42
1781409166,R_100,340.41
1781409168,R_100,340.36
1781409170,R_100,340.34
1781409172,R_100,340.29
1781409174,R_100,340.14
1781409176,R_100,340.16
1781409178,R_100,340.2
1781409180,R_100,340.21
1781409182,R_100,340.15
1781409184,R_100,340.2
1781409186,R_100,340.02
1781409188,R_100,339.99
1781409190,R_100,340.07
1781409192,R_100,340.12
1781409194,R_100,340.14
1781409196,R_100,340.12
1781409198,R_100,340.16
1781409200,R_100,340.11
1781409202,R_100,340.03
1781409204,R_100,339.97
1781409206,R_100,340.04
1781409208,R_100,340.05
1781409210,R_100,339.96
1781409212,R_100,339.96
1781409214,R_100,339.85
1781409216,R_100,339.89
1781409218,R_100,339.88
1781409220,R_100,339.84
1781409222,R_100,339.89
1781409224,R_100,339.84
1781409226,R_100,339.82
1781409228,R_100,339.98
1781409230,R_100,339.96
1781409232,R_100,339.93
1781409234,R_100,339.89
1781409236,R_100,339.8
1781409238,R_100,339.6
1781409240,R_100,339.66
1781409242,R_100,339.92
1781409244,R_100,339.96
1781409246,R_100,340.06
1781409248,R_100,340.11
1781409250,R_100,340.04
1781409252,R_100,340.05
1781409254,R_100,340.11
1781409256,R_100,340.16
1781409258,R_100,340.26
1781409260,R_100,340.29
1781409262,R_100,340.21
1781409264,R_100,340.18
1781409266,R_100,340.23
1781409268,R_100,340.45
1781409270,R_100,340.5
1781409272,R_100,340.55
1781409274,R_100,340.63
1781409276,R_100,340.77
1781409278,R_100,340.75
1781409280,R_100,340.71
1781409282,R_100,340.71
1781409284,R_100,340.62
1781409286,R_100,340.51
1781409288,R_100,340.54
1781409290,R_100,340.59
1781409292,R_100,340.52
1781409294,R_100,340.53
1781409296,R_100,340.51
1781409298,R_100,340.51
1781409300,R_100,340.58
1781409302,R_100,340.56
1781409304,R_100,340.56
1781409306,R_100,340.61
1781409308,R_100,340.68
1781409310,R_100,340.52
1781409312,R_100,340.37
1781409314,R_100,340.29
1781409316,R_100,340.34
1781409318,R_100,340.36
1781409320,R_100,340.35
1781409322,R_100,340.39
1781409324,R_100,340.52
1781409326,R_100,340.42
1781409328,R_100,340.49
1781409330,R_100,340.48
1781409332,R_100,340.36
1781409334,R_100,340.4
1781409336,R_100,340.4
1781409338,R_100,340.46
1781409340,R_100,340.43
1781409342,R_100,340.42
1781409344,R_100,340.53
1781409346,R_100,340.54
1781409348,R_100,340.47
1781409350,R_100,340.57
1781409352,R_100,340.66
1781409354,R_100,340.55
1781409356,R_100,340.55
1781409358,R_100,340.58
1781409360,R_100,340.54
1781409362,R_100,340.56
1781409364,R_100,340.6
1781409366,R_100,340.54
1781409368,R_100,340.51
1781409370,R_100,340.45
1781409372,R_100,340.35
1781409374,R_100,340.37
1781409376,R_100,340.38
1781409378,R_100,340.6
1781409380,R_100,340.69
1781409382,R_100,340.8
1781409384,R_100,340.89
1781409386,R_100,340.75
1781409388,R_100,340.76
1781409390,R_100,340.65
1781409392,R_100,340.63
1781409394,R_100,340.55
1781409396,R_100,340.51
1781409398,R_100,340.55
1781409400,R_100,340.54
1781409402,R_100,340.6
1781409404,R_100,340.71
1781409406,R_100,340.81
1781409408,R_100,340.84
1781409410,R_100,340.69
1781409412,R_100,340.65
1781409414,R_100,340.72
1781409416,R_100,340.72
1781409418,R_100,340.82
1781409420,R_100,340.84
1781409422,R_100,340.91
1781409424,R_100,341.05
1781409426,R_100,341
1781409428,R_100,341.12
1781409430,R_100,341.1
1781409432,R_100,340.92
1781409434,R_100,341.01
1781409436,R_100,340.91
1781409438,R_100,340.86
1781409440,R_100,340.79
1781409442,R_100,340.8
1781409444,R_100,340.75
1781409446,R_100,340.77
1781409448,R_100,340.85
1781409450,R_100,340.9
1781409452,R_100,340.81
1781409454,R_100,340.89
1781409456,R_100,340.83
1781409458,R_100,340.91
1781409460,R_100,341.04
1781409462,R_100,341.08
1781409464,R_100,341.14
1781409466,R_100,341.12
1781409468,R_100,341.24
1781409470,R_100,341.26
1781415054,R_100,346.56
1781415056,R_100,346.69
1781415058,R_100,346.6
1781415060,R_100,346.61
1781415062,R_100,346.54
1781415064,R_100,346.53
1781415066,R_100,346.58
1781415068,R_100,346.55
1781415070,R_100,346.7
1781415072,R_100,346.69
1781415074,R_100,346.52
1781415076,R_100,346.47
1781415078,R_100,346.51
1781415080,R_100,346.42
1781415082,R_100,346.42
1781415084,R_100,346.47
1781415086,R_100,346.36
1781415088,R_100,346.48
1781415090,R_100,346.47
1781415092,R_100,346.49
1781415094,R_100,346.37
1781415096,R_100,346.34
1781415098,R_100,346.28
1781415100,R_100,346.22
1781415102,R_100,346.17
1781415104,R_100,346.16
1781415106,R_100,346.29
1781415108,R_100,346.3
1781415110,R_100,346.39
1781415112,R_100,346.42
1781415114,R_100,346.38
1781415116,R_100,346.44
1781415118,R_100,346.51
1781415120,R_100,346.47
1781415122,R_100,346.52
1781415124,R_100,346.6
1781415126,R_100,346.57
1781415128,R_100,346.54
1781415130,R_100,346.64
1781415132,R_100,346.67
1781415134,R_100,346.55
1781415136,R_100,346.56
1781415138,R_100,346.58
1781415140,R_100,346.48
1781415142,R_100,346.48
1781415144,R_100,346.35
1781415146,R_100,346.32
1781415148,R_100,346.34
1781415150,R_100,346.35
1781415152,R_100,346.25
1781415154,R_100,346.33
1781415156,R_100,346.28
1781415158,R_100,346.22
1781415160,R_100,346.25
1781415162,R_100,346.31
1781415164,R_100,346.31
1781415166,R_100,346.37
1781415168,R_100,346.3
1781415170,R_100,346.17
1781415172,R_100,346.15
1781415174,R_100,346.08
1781415176,R_100,345.99
1781415178,R_100,345.96
1781415180,R_100,345.98
1781415182,R_100,345.82
1781415184,R_100,345.91
1781415186,R_100,345.89
1781415188,R_100,345.91
1781415190,R_100,346.03
1781415192,R_100,346.12
1781415194,R_100,346.18
1781415196,R_100,346.09
1781415198,R_100,346.31
1781415200,R_100,346.42
1781415202,R_100,346.47
1781415204,R_100,346.38
1781415206,R_100,346.37
1781415208,R_100,346.44
1781415210,R_100,346.52
1781415212,R_100,346.52
1781415214,R_100,346.45
1781415216,R_100,346.43
1781415218,R_100,346.31
1781415220,R_100,346.2
1781415222,R_100,346.19
1781415224,R_100,346.36
1781415226,R_100,346.32
1781415228,R_100,346.5
1781415230,R_100,346.6
1781415232,R_100,346.54
1781415234,R_100,346.41
1781415236,R_100,346.55
1781415238,R_100,346.57
1781415240,R_100,346.54
1781415242,R_100,346.6
1781415244,R_100,346.53
1781415246,R_100,346.49
1781415248,R_100,346.34
1781415250,R_100,346.41
1781415252,R_100,346.46
1781415254,R_100,346.41
1781415256,R_100,346.45
1781415258,R_100,346.43
1781415260,R_100,346.39
1781415262,R_100,346.33
1781415264,R_100,346.32
1781415266,R_100,346.34
1781415268,R_100,346.37
1781415270,R_100,346.41
1781415272,R_100,346.51
1781415274,R_100,346.56
1781415276,R_100,346.59
1781415278,R_100,346.67
1781415280,R_100,346.67
1781415282,R_100,346.57
1781415284,R_100,346.4
1781415286,R_100,346.31
1781415288,R_100,346.32
1781415290,R_100,346.21
1781415292,R_100,346
1781415294,R_100,345.92
1781415296,R_100,345.93
1781415298,R_100,346.05
1781415300,R_100,346.02
1781415302,R_100,346.07
1781415304,R_100,345.92
1781415306,R_100,345.94
1781415308,R_100,345.86
1781415310,R_100,345.85
1781415312,R_100,345.88
1781415314,R_100,345.88
1781415316,R_100,345.77
1781415318,R_100,345.81
1781415320,R_100,345.76
1781415322,R_100,345.6
1781415324,R_100,345.69
1781415326,R_100,345.76
1781415328,R_100,345.67
1781415330,R_100,345.87
1781415332,R_100,345.94
1781415334,R_100,345.84
1781415336,R_100,345.98
1781415338,R_100,345.9
1781415340,R_100,345.84
1781415342,R_100,346.05
1781415344,R_100,346.06
1781415346,R_100,345.97
1781415348,R_100,345.91
1781415350,R_100,345.72
1781415352,R_100,345.74
1781415354,R_100,345.65
1781415356,R_100,345.68
1781415358,R_100,345.55
1781415360,R_100,345.69
1781415362,R_100,345.71
1781415364,R_100,345.69
1781415366,R_100,345.66
1781415368,R_100,345.76
1781415370,R_100,345.79
1781415372,R_100,345.8
1781415374,R_100,345.89
1781415376,R_100,345.91
1781415378,R_100,345.83
1781415380,R_100,345.83
1781415382,R_100,345.54
1781415384,R_100,345.59
1781415386,R_100,345.52
1781415388,R_100,345.64
1781415390,R_100,345.66
1781415392,R_100,345.76
1781415394,R_100,345.78
1781415396,R_100,345.81
1781415398,R_100,345.8
1781415400,R_100,345.97
1781415402,R_100,345.88
1781415404,R_100,345.83
1781415406,R_100,345.77
1781415408,R_100,345.96
1781415410,R_100,346.12
1781415412,R_100,345.93
1781415414,R_100,345.87
1781415416,R_100,345.79
1781415418,R_100,345.84
1781415420,R_100,345.87
1781415422,R_100,345.9
1781415424,R_100,345.73
1781415426,R_100,345.74
1781415428,R_100,345.77
1781415430,R_100,345.75
1781415432,R_100,345.87
1781415434,R_100,345.87
1781415436,R_100,345.97
1781415438,R_100,345.78
1781415440,R_100,345.9
1781415442,R_100,345.79
1781415444,R_100,345.87
1781415446,R_100,345.91
1781415448,R_100,345.94
1781415450,R_100,345.79
1781415452,R_100,345.8
1781415454,R_100,345.89
1781415456,R_100,346
1781415458,R_100,346.15
1781415460,R_100,346.2
1781415462,R_100,346.11
1781415464,R_100,346.13
1781415466,R_100,346.14
1781415468,R_100,346.05
1781415470,R_100,346.12
1781415472,R_100,346.14
1781415474,R_100,346.16
1781415476,R_100,346.15
1781415478,R_100,346.07
1781415480,R_100,346.11
1781415482,R_100,346.24
1781415484,R_100,346.39
1781415486,R_100,346.59
1781415488,R_100,346.58
1781415490,R_100,346.54
1781415492,R_100,346.54
1781415494,R_100,346.47
1781415496,R_100,346.49
1781415498,R_100,346.53
1781415500,R_100,346.54
1781415502,R_100,346.54
1781415504,R_100,346.6
1781415506,R_100,346.61
1781415508,R_100,346.63
1781415510,R_100,346.56
1781415512,R_100,346.39
1781415514,R_100,346.32
1781415516,R_100,346.25
1781415518,R_100,346.43
1781415520,R_100,346.49
1781415522,R_100,346.42
1781415524,R_100,346.34
1781415526,R_100,346.33
1781415528,R_100,346.43
1781415530,R_100,346.58
1781415532,R_100,346.55
1781415534,R_100,346.6
1781415536,R_100,346.62
1781415538,R_100,346.52
1781415540,R_100,346.39
1781415542,R_100,346.35
1781415544,R_100,346.28
1781415546,R_100,346.36
1781415548,R_100,346.28
1781415550,R_100,346.12
1781415552,R_100,346.25
1781415554,R_100,346.28
1781415556,R_100,346.2
1781415558,R_100,346.2
1781415560,R_100,346.22
1781415562,R_100,346.15
1781415564,R_100,346.11
1781415566,R_100,346.14
1781415568,R_100,346.07
1781415570,R_100,346.07
1781415572,R_100,346.01
1781415574,R_100,345.99
1781415576,R_100,346.13
1781415578,R_100,346.08
1781415580,R_100,345.98
1781415582,R_100,345.99
1781415584,R_100,346.03
1781415586,R_100,346
1781415588,R_100,345.95
1781415590,R_100,345.87
1781415592,R_100,345.81
1781415594,R_100,345.74
1781415596,R_100,345.72
1781415598,R_100,345.73
1781415600,R_100,345.77
1781415602,R_100,345.68
1781415604,R_100,345.72
1781415606,R_100,345.87
1781415608,R_100,345.79
1781415610,R_100,345.8
1781415612,R_100,345.74
1781415614,R_100,345.79
1781415616,R_100,345.78
1781415618,R_100,345.65
1781415620,R_100,345.65
1781415622,R_100,345.56
1781415624,R_100,345.62
1781415626,R_100,345.6
1781415628,R_100,345.52
1781415630,R_100,345.49
1781415632,R_100,345.55
1781415634,R_100,345.65
1781415636,R_100,345.63
1781415638,R_100,345.62
1781415640,R_100,345.74
1781415642,R_100,345.83
1781415644,R_100,345.75
1781415646,R_100,345.77
1781415648,R_100,345.69
1781415650,R_100,345.67
1781415652,R_100,345.51
1781415654,R_100,345.53
1781415656,R_100,345.37
1781415658,R_100,345.24
1781415660,R_100,345.37
1781415662,R_100,345.36
1781415664,R_100,345.29
1781415666,R_100,345.42
1781415668,R_100,345.41
1781415670,R_100,345.43
1781415672,R_100,345.39
1781415674,R_100,345.37
1781415676,R_100,345.38
1781415678,R_100,345.5
1781415680,R_100,345.47
1781415682,R_100,345.39
1781415684,R_100,345.42
1781415686,R_100,345.53
1781415688,R_100,345.52
1781415690,R_100,345.51
1781415692,R_100,345.39
1781415694,R_100,345.39
1781415696,R_100,345.34
1781415698,R_100,345.43
1781415700,R_100,345.34
1781415702,R_100,345.46
1781415704,R_100,345.47
1781415706,R_100,345.48
1781415708,R_100,345.34
1781415710,R_100,345.32
1781415712,R_100,345.41
1781415714,R_100,345.33
1781415716,R_100,345.37
1781415718,R_100,345.42
1781415720,R_100,345.37
1781415722,R_100,345.47
1781415724,R_100,345.43
1781415726,R_100,345.31
1781415728,R_100,345.29
1781415730,R_100,345.23
1781415732,R_100,345.28
1781415734,R_100,345.33
1781415736,R_100,345.66
1781415738,R_100,345.75
1781415740,R_100,345.8
1781415742,R_100,345.77
1781415744,R_100,345.72
1781415746,R_100,345.76
1781415748,R_100,345.62
1781415750,R_100,345.76
1781415752,R_100,345.69
1781415754,R_100,345.71
1781415756,R_100,345.64
1781415758,R_100,345.69
1781415760,R_100,345.7
1781415762,R_100,345.71
1781415764,R_100,345.72
1781415766,R_100,345.81
1781415768,R_100,345.84
1781415770,R_100,345.93
1781415772,R_100,346
1781415774,R_100,346.02
1781415776,R_100,346.19
1781415778,R_100,346.19
1781415780,R_100,346.22
1781415782,R_100,346.26
1781415784,R_100,346.25
1781415786,R_100,346.23
1781415788,R_100,346.33
1781415790,R_100,346.29
1781415792,R_100,346.32
1781415794,R_100,346.35
1781415796,R_100,346.37
1781415798,R_100,346.39
1781415800,R_100,346.48
1781415802,R_100,346.38
1781415804,R_100,346.24
1781415806,R_100,346.16
1781415808,R_100,346.17
1781415810,R_100,346.13
1781415812,R_100,346.1
1781415814,R_100,346.27
1781415816,R_100,346.2
1781415818,R_100,346.07
1781415820,R_100,346.01
1781415822,R_100,345.93
1781415824,R_100,345.87
1781415826,R_100,345.76
1781415828,R_100,345.86
1781415830,R_100,345.94
1781415832,R_100,345.92
1781415834,R_100,345.94
1781415836,R_100,345.83
1781415838,R_100,345.87
1781415840,R_100,345.86
1781415842,R_100,345.9
1781415844,R_100,345.98
1781415846,R_100,345.88
1781415848,R_100,345.92
1781415850,R_100,345.95
1781415852,R_100,345.91
1781415854,R_100,345.9
1781415856,R_100,345.93
1781415858,R_100,345.98
1781415860,R_100,345.97
1781415862,R_100,346.07
1781415864,R_100,346.1
1781415866,R_100,346.08
1781415868,R_100,346.09
1781415870,R_100,345.96
1781415872,R_100,346
1781415874,R_100,345.95
1781415876,R_100,346.04
1781415878,R_100,345.95
1781415880,R_100,345.93
1781415882,R_100,345.95
1781415884,R_100,346.02
1781415886,R_100,345.98
1781415888,R_100,345.98
1781415890,R_100,346.1
1781415892,R_100,346.23
1781415894,R_100,346.18
1781415896,R_100,346.35
1781415898,R_100,346.3
1781415900,R_100,346.12
1781415902,R_100,346.14
1781415904,R_100,346.03
1781415906,R_100,346.17
1781415908,R_100,346.02
1781415910,R_100,346.06
1781415912,R_100,346.06
1781415914,R_100,346.07
1781415916,R_100,345.97
1781415918,R_100,345.86
1781415920,R_100,345.88
1781415922,R_100,346.02
1781415924,R_100,345.94
1781415926,R_100,345.94
1781415928,R_100,345.87
1781415930,R_100,345.91
1781415932,R_100,345.93
1781415934,R_100,345.87
1781415936,R_100,345.85
1781415938,R_100,345.85
1781415940,R_100,345.95
1781415942,R_100,345.95
1781415944,R_100,345.92
1781415946,R_100,345.8
1781415948,R_100,345.74
1781415950,R_100,345.77
1781415952,R_100,345.84
1781415954,R_100,345.8
1781415956,R_100,345.92
1781415958,R_100,345.79
1781415960,R_100,345.98
1781415962,R_100,345.91
1781415964,R_100,346.08
1781415966,R_100,346.06
1781415968,R_100,346.03
1781415970,R_100,345.97
1781415972,R_100,345.89
1781415974,R_100,345.95
1781415976,R_100,345.92
1781415978,R_100,345.88
1781415980,R_100,345.96
1781415982,R_100,346.03
1781415984,R_100,346.15
1781415986,R_100,346.1
1781415988,R_100,346.03
1781415990,R_100,346.17
1781415992,R_100,346.21
1781415994,R_100,346.17
1781415996,R_100,346.07
1781415998,R_100,346.02
1781416000,R_100,346.14
1781416002,R_100,346.09
1781416004,R_100,346.2
1781416006,R_100,346.18
1781416008,R_100,346.17
1781416010,R_100,346.11
1781416012,R_100,346.16
1781416014,R_100,346.14
1781416016,R_100,346.02
1781416018,R_100,346.07
1781416020,R_100,345.92
1781416022,R_100,345.95
1781416024,R_100,346.03
1781416026,R_100,346.2
1781416028,R_100,346.13
1781416030,R_100,346.12
1781416032,R_100,346.1
1781416034,R_100,346.13
1781416036,R_100,346.1
1781416038,R_100,346.04
1781416040,R_100,345.96
1781416042,R_100,346.01
1781416044,R_100,346.12
1781416046,R_100,345.96
1781416048,R_100,345.85
1781416050,R_100,345.93
1781416052,R_100,345.83
1781416054,R_100,345.85
1781416056,R_100,345.79
1781416058,R_100,345.87
1781416060,R_100,345.83
1781416062,R_100,345.73
1781416064,R_100,345.64
1781416066,R_100,345.59
1781416068,R_100,345.65
1781416070,R_100,345.56
1781416072,R_100,345.52
1781416074,R_100,345.59
1781416076,R_100,345.55
1781416078,R_100,345.58
1781416080,R_100,345.64
1781416082,R_100,345.62
1781416084,R_100,345.73
1781416086,R_100,345.63
1781416088,R_100,345.69
1781416090,R_100,345.83
1781416092,R_100,345.96
1781416094,R_100,345.94
1781416096,R_100,345.92
1781416098,R_100,346.05
1781416100,R_100,346.15
1781416102,R_100,346.11
1781416104,R_100,345.96
1781416106,R_100,345.95
1781416108,R_100,345.81
1781416110,R_100,345.78
1781416112,R_100,345.62
1781416114,R_100,345.64
1781416116,R_100,345.51
1781416118,R_100,345.55
1781416120,R_100,345.42
1781416122,R_100,345.36
1781416124,R_100,345.26
1781416126,R_100,345.27
1781416128,R_100,345.36
1781416130,R_100,345.52
1781416132,R_100,345.54
1781416134,R_100,345.48
1781416136,R_100,345.46
1781416138,R_100,345.44
1781416140,R_100,345.55
1781416142,R_100,345.52
1781416144,R_100,345.38
1781416146,R_100,345.44
1781416148,R_100,345.48
1781416150,R_100,345.42
1781416152,R_100,345.29
1781416154,R_100,345.34
1781416156,R_100,345.41
1781416158,R_100,345.32
1781416160,R_100,345.35
1781416162,R_100,345.36
1781416164,R_100,345.33
1781416166,R_100,345.35
1781416168,R_100,345.4
1781416170,R_100,345.39
1781416172,R_100,345.27
1781416174,R_100,345.1
1781416176,R_100,345.35
1781416178,R_100,345.28
1781416180,R_100,345.24
1781416182,R_100,345.25
1781416184,R_100,345.28
1781416186,R_100,345.26
1781416188,R_100,345.35
1781416190,R_100,345.38
1781416192,R_100,345.4
1781416194,R_100,345.36
1781416196,R_100,345.3
1781416198,R_100,345.38
1781416200,R_100,345.36
1781416202,R_100,345.31
1781416204,R_100,345.3
1781416206,R_100,345.3
1781416208,R_100,345.32
1781416210,R_100,345.38
1781416212,R_100,345.24
1781416214,R_100,345.2
1781416216,R_100,345.22
1781416218,R_100,345.26
1781416220,R_100,345.24
1781416222,R_100,345.09
1781416224,R_100,344.95
1781416226,R_100,344.96
1781416228,R_100,344.91
1781416230,R_100,344.79
1781416232,R_100,344.86
1781416234,R_100,344.89
1781416236,R_100,345
1781416238,R_100,345.01
1781416240,R_100,344.94
1781416242,R_100,344.95
1781416244,R_100,345.02
1781416246,R_100,344.81
1781416248,R_100,344.63
1781416250,R_100,344.64
1781416252,R_100,344.65
1781416254,R_100,344.69
1781416256,R_100,344.72
1781416258,R_100,344.63
1781416260,R_100,344.67
1781416262,R_100,344.56
1781416264,R_100,344.57
1781416266,R_100,344.6
1781416268,R_100,344.53
1781416270,R_100,344.74
1781416272,R_100,344.79
1781416274,R_100,344.91
1781416276,R_100,344.93
1781416278,R_100,344.86
1781416280,R_100,344.93
1781416282,R_100,344.95
1781416284,R_100,345.05
1781416286,R_100,344.97
1781416288,R_100,344.93
1781416290,R_100,344.64
1781416292,R_100,344.56
1781416294,R_100,344.66
1781416296,R_100,344.63
1781416298,R_100,344.68
1781416300,R_100,344.71
1781416302,R_100,344.72
1781416304,R_100,344.8
1781416306,R_100,344.68
1781416308,R_100,344.63
1781416310,R_100,344.57
1781416312,R_100,344.62
1781416314,R_100,344.53
1781416316,R_100,344.56
1781416318,R_100,344.48
1781416320,R_100,344.46
1781416322,R_100,344.57
1781416324,R_100,344.57
1781416326,R_100,344.53
1781416328,R_100,344.46
1781416330,R_100,344.41
1781416332,R_100,344.44
1781416334,R_100,344.6
1781416336,R_100,344.7
1781416338,R_100,344.79
1781416340,R_100,344.81
1781416342,R_100,344.96
1781416344,R_100,344.93
1781416346,R_100,344.83
1781416348,R_100,344.86
1781416350,R_100,344.92
1781416352,R_100,344.79
1781416354,R_100,344.73
1781416356,R_100,344.83
1781416358,R_100,344.87
1781416360,R_100,344.94
1781416362,R_100,345
1781416364,R_100,345.01
1781416366,R_100,344.91
1781416368,R_100,345.04
1781416370,R_100,345.12
1781416372,R_100,345.19
1781416374,R_100,345.25
1781416376,R_100,345.31
1781416378,R_100,345.41
1781416380,R_100,345.38
1781416382,R_100,345.42
1781416384,R_100,345.42
1781416386,R_100,345.46
1781416388,R_100,345.41
1781416390,R_100,345.29
1781416392,R_100,345.15
1781416394,R_100,345.21
1781416396,R_100,345.09
1781416398,R_100,345.02
1781416400,R_100,345.15
1781416402,R_100,345.2
1781416404,R_100,345.25
1781416406,R_100,345.29
1781416408,R_100,345.25
1781416410,R_100,345.2
1781416412,R_100,345.21
1781416414,R_100,345.18
1781416416,R_100,345.22
1781416418,R_100,345.18
1781416420,R_100,345.27
1781416422,R_100,345.21
1781416424,R_100,345.14
1781416426,R_100,345.17
1781416428,R_100,345.24
1781416430,R_100,345.23
1781416432,R_100,345.12
1781416434,R_100,345.19
1781416436,R_100,345.24
1781416438,R_100,345.24
1781416440,R_100,345.19
1781416442,R_100,345.44
1781416444,R_100,345.29
1781416446,R_100,345.3
1781416448,R_100,345.34
1781416450,R_100,345.32
1781416452,R_100,345.36
1781416454,R_100,345.36
1781416456,R_100,345.39
1781416458,R_100,345.27
1781416460,R_100,345.3
1781416462,R_100,345.12
1781416464,R_100,345.08
1781416466,R_100,345.01
1781416468,R_100,345.04
1781416470,R_100,345.11
1781416472,R_100,345.17
1781416474,R_100,345.15
1781416476,R_100,345.05
1781416478,R_100,344.91
1781416480,R_100,345.04
1781416482,R_100,345.02
1781416484,R_100,345.08
1781416486,R_100,345.11
1781416488,R_100,345.13
1781416490,R_100,345.01
1781416492,R_100,344.75
1781416494,R_100,344.86
1781416496,R_100,344.84
1781416498,R_100,344.87
1781416500,R_100,344.82
1781416502,R_100,344.74
1781416504,R_100,344.9
1781416506,R_100,344.78
1781416508,R_100,344.74
1781416510,R_100,344.81
1781416512,R_100,344.91
1781416514,R_100,344.76
1781416516,R_100,344.92
1781416518,R_100,344.81
1781416520,R_100,344.89
1781416522,R_100,344.9
1781416524,R_100,344.84
1781416526,R_100,344.84
1781416528,R_100,344.85
1781416530,R_100,344.93
1781416532,R_100,345.01
1781416534,R_100,345.01
1781416536,R_100,345.01
1781416538,R_100,344.98
1781416540,R_100,345.05
1781416542,R_100,345.01
1781416544,R_100,345.19
1781416546,R_100,345.11
1781416548,R_100,345.14
1781416550,R_100,345.22
1781416552,R_100,345.28
1781416554,R_100,345.41
1781416556,R_100,345.46
1781416558,R_100,345.42
1781416560,R_100,345.34
1781416562,R_100,345.42
1781416564,R_100,345.32
1781416566,R_100,345.53
1781416568,R_100,345.54
1781416570,R_100,345.56
1781416572,R_100,345.62
1781416574,R_100,345.69
1781416576,R_100,345.58
1781416578,R_100,345.31
1781416580,R_100,345.32
1781416582,R_100,345.38
1781416584,R_100,345.34
1781416586,R_100,345.19
1781416588,R_100,345.37
1781416590,R_100,345.29
1781416592,R_100,345.32
1781416594,R_100,345.3
1781416596,R_100,345.48
1781416598,R_100,345.4
1781416600,R_100,345.4
1781416602,R_100,345.49
1781416604,R_100,345.6
1781416606,R_100,345.54
1781416608,R_100,345.6
1781416610,R_100,345.5
1781416612,R_100,345.51
1781416614,R_100,345.62
1781416616,R_100,345.5
1781416618,R_100,345.41
1781416620,R_100,345.48
1781416622,R_100,345.56
1781416624,R_100,345.58
1781416626,R_100,345.45
1781416628,R_100,345.37
1781416630,R_100,345.41
1781416632,R_100,345.46
1781416634,R_100,345.48
1781416636,R_100,345.5
1781416638,R_100,345.5
1781416640,R_100,345.69
1781416642,R_100,345.6
1781416644,R_100,345.65
1781416646,R_100,345.62
1781416648,R_100,345.66
1781416650,R_100,345.59
1781416652,R_100,345.5
1781416654,R_100,345.6
1781416656,R_100,345.73
1781416658,R_100,345.74
1781416660,R_100,345.67
1781416662,R_100,345.71
1781416664,R_100,345.86
1781416666,R_100,345.81
1781416668,R_100,345.92
1781416670,R_100,345.98
1781416672,R_100,346
1781416674,R_100,345.99
1781416676,R_100,345.97
1781416678,R_100,346
1781416680,R_100,345.93
1781416682,R_100,345.96
1781416684,R_100,346.05
1781416686,R_100,346.05
1781416688,R_100,346.08
1781416690,R_100,346.18
1781416692,R_100,346.12
1781416694,R_100,346.24
1781416696,R_100,346.44
1781416698,R_100,346.48
1781416700,R_100,346.66
1781416702,R_100,346.56
1781416704,R_100,346.48
1781416706,R_100,346.42
1781416708,R_100,346.47
1781416710,R_100,346.44
1781416712,R_100,346.46
1781416714,R_100,346.55
1781416716,R_100,346.31
1781416718,R_100,346.21
1781416720,R_100,346.26
1781416722,R_100,346.29
1781416724,R_100,346.44
1781416726,R_100,346.41
1781416728,R_100,346.44
1781416730,R_100,346.49
1781416732,R_100,346.45
1781416734,R_100,346.42
1781416736,R_100,346.45
1781416738,R_100,346.37
1781416740,R_100,346.29
1781416742,R_100,346.38
1781416744,R_100,346.36
1781416746,R_100,346.46
1781416748,R_100,346.47
1781416750,R_100,346.51
1781416752,R_100,346.43
1781416754,R_100,346.45
1781416756,R_100,346.5
1781416758,R_100,346.54
1781416760,R_100,346.65
1781416762,R_100,346.57
1781416764,R_100,346.57
1781416766,R_100,346.54
1781416768,R_100,346.5
1781416770,R_100,346.55
1781416772,R_100,346.42
1781416774,R_100,346.46
1781416776,R_100,346.37
1781416778,R_100,346.31
1781416780,R_100,346.29
1781416782,R_100,346.22
1781416784,R_100,346.17
1781416786,R_100,346.21
1781416788,R_100,346.23
1781416790,R_100,346.15
1781416792,R_100,346.08
1781416794,R_100,346.15
1781416796,R_100,346.12
1781416798,R_100,346.07
1781416800,R_100,345.99
1781416802,R_100,345.99
1781416804,R_100,346.05
1781416806,R_100,345.86
1781416808,R_100,345.85
1781416810,R_100,345.87
1781416812,R_100,345.93
1781416814,R_100,345.86
1781416816,R_100,345.93
1781416818,R_100,345.98
1781416820,R_100,345.94
1781416822,R_100,345.98
1781416824,R_100,345.72
1781416826,R_100,345.65
1781416828,R_100,345.51
1781416830,R_100,345.65
1781416832,R_100,345.67
1781416834,R_100,345.56
1781416836,R_100,345.61
1781416838,R_100,345.61
1781416840,R_100,345.61
1781416842,R_100,345.41
1781416844,R_100,345.4
1781416846,R_100,345.39
1781416848,R_100,345.39
1781416850,R_100,345.46
1781416852,R_100,345.4
1781416854,R_100,345.3
1781416856,R_100,345.2
1781416858,R_100,345.29
1781416860,R_100,345.28
1781416862,R_100,345.26
1781416864,R_100,345.27
1781416866,R_100,345.26
1781416868,R_100,345.18
1781416870,R_100,345.09
1781416872,R_100,345.07
1781416874,R_100,345.11
1781416876,R_100,345.17
1781416878,R_100,345.18
1781416880,R_100,345.14
1781416882,R_100,345.13
1781416884,R_100,345.24
1781416886,R_100,345.24
1781416888,R_100,345.12
1781416890,R_100,345.14
1781416892,R_100,345.08
1781416894,R_100,345.09
1781416896,R_100,345.07
1781416898,R_100,345.08
1781416900,R_100,345.23
1781416902,R_100,345.3
1781416904,R_100,345.28
1781416906,R_100,345.27
1781416908,R_100,345.26
1781416910,R_100,345.35
1781416912,R_100,345.34
1781416914,R_100,345.53
1781416916,R_100,345.61
1781416918,R_100,345.59
1781416920,R_100,345.75
1781416922,R_100,345.81
1781416924,R_100,345.93
1781416926,R_100,345.95
1781416928,R_100,345.9
1781416930,R_100,345.89
1781416932,R_100,345.94
1781416934,R_100,345.93
1781416936,R_100,346.01
1781416938,R_100,346
1781416940,R_100,346.11
1781416942,R_100,346.17
1781416944,R_100,346.17
1781416946,R_100,346.16
1781416948,R_100,346.21
1781416950,R_100,346.24
1781416952,R_100,346.3
1781416954,R_100,346.31
1781416956,R_100,346.21
1781416958,R_100,346.28
1781416960,R_100,346.4
1781416962,R_100,346.44
1781416964,R_100,346.48
1781416966,R_100,346.41
1781416968,R_100,346.42
1781416970,R_100,346.61
1781416972,R_100,346.78
1781416974,R_100,346.65
1781416976,R_100,346.71
1781416978,R_100,346.62
1781416980,R_100,346.56
1781416982,R_100,346.68
1781416984,R_100,346.55
1781416986,R_100,346.53
1781416988,R_100,346.56
1781416990,R_100,346.53
1781416992,R_100,346.53
1781416994,R_100,346.41
1781416996,R_100,346.37
1781416998,R_100,346.4
1781417000,R_100,346.49
1781417002,R_100,346.49
1781417004,R_100,346.54
1781417006,R_100,346.7
1781417008,R_100,346.69
1781417010,R_100,346.63
1781417012,R_100,346.82
1781417014,R_100,346.68
1781417016,R_100,346.68
1781417018,R_100,346.7
1781417020,R_100,346.88
1781417022,R_100,346.98
1781417024,R_100,347.01
1781417026,R_100,347.08
1781417028,R_100,347.01
1781417030,R_100,347.05
1781417032,R_100,347
1781417034,R_100,346.92
1781417036,R_100,346.96
1781417038,R_100,346.83
1781417040,R_100,346.8
1781417042,R_100,346.81
1781417044,R_100,346.77
1781417046,R_100,346.74
1781417048,R_100,346.81
1781417050,R_100,346.81
1781417052,R_100,346.89
1781417054,R_100,346.81
1781417056,R_100,346.87
1781417058,R_100,347
1781417060,R_100,347.18
1781417062,R_100,347.17
1781417064,R_100,347.26
1781417066,R_100,347.2
1781417068,R_100,347.3
1781417070,R_100,347.32
1781417072,R_100,347.4
1781417074,R_100,347.53
1781417076,R_100,347.51
1781417078,R_100,347.45
1781417080,R_100,347.5
1781417082,R_100,347.53
1781417084,R_100,347.57
1781417086,R_100,347.46
1781417088,R_100,347.49
1781417090,R_100,347.46
1781417092,R_100,347.43
1781417094,R_100,347.41
1781417096,R_100,347.45
1781417098,R_100,347.49
1781417100,R_100,347.46
1781417102,R_100,347.38
1781417104,R_100,347.27
1781417106,R_100,347.28
1781417108,R_100,347.2
1781417110,R_100,347.24
1781417112,R_100,347.34
1781417114,R_100,347.34
1781417116,R_100,347.42
1781417118,R_100,347.4
1781417120,R_100,347.5
1781417122,R_100,347.49
1781417124,R_100,347.37
1781417126,R_100,347.28
1781417128,R_100,347.31
1781417130,R_100,347.3
1781417132,R_100,347.11
1781417134,R_100,347.06
1781417136,R_100,347.05
1781417138,R_100,346.93
1781417140,R_100,346.88
1781417142,R_100,346.88
1781417144,R_100,346.9
1781417146,R_100,346.98
1781417148,R_100,346.91
1781417150,R_100,347.02
1781417152,R_100,347.01
1781417154,R_100,346.94
1781417156,R_100,346.79
1781417158,R_100,346.86
1781417160,R_100,346.76
1781417162,R_100,346.87
1781417164,R_100,347
1781417166,R_100,347.02
1781417168,R_100,346.91
1781417170,R_100,346.89
1781417172,R_100,346.94
1781417174,R_100,346.86
1781417176,R_100,346.88
1781417178,R_100,346.91
1781417180,R_100,346.79
1781417182,R_100,346.77
1781417184,R_100,346.75
1781417186,R_100,346.76
1781417188,R_100,346.6
1781417190,R_100,346.53
1781417192,R_100,346.75
1781417194,R_100,346.71
1781417196,R_100,346.82
1781417198,R_100,346.85
1781417200,R_100,346.98
1781417202,R_100,347.03
1781417204,R_100,347.06
1781417206,R_100,347.06
1781417208,R_100,346.95
1781417210,R_100,347.04
1781417212,R_100,346.92
1781417214,R_100,346.91
1781417216,R_100,346.92
1781417218,R_100,346.74
1781417220,R_100,346.8
1781417222,R_100,346.77
1781417224,R_100,346.86
1781417226,R_100,346.78
1781417228,R_100,346.76
1781417230,R_100,346.7
1781417232,R_100,346.71
1781417234,R_100,346.66
1781417236,R_100,346.55
1781417238,R_100,346.5
1781417240,R_100,346.6
1781417242,R_100,346.56
1781417244,R_100,346.64
1781417246,R_100,346.72
1781417248,R_100,346.67
1781417250,R_100,346.71
1781417252,R_100,346.78
1781417254,R_100,346.79
1781417256,R_100,346.83
1781417258,R_100,346.86
1781417260,R_100,346.83
1781417262,R_100,346.74
1781417264,R_100,346.69
1781417266,R_100,346.58
1781417268,R_100,346.61
1781417270,R_100,346.53
1781417272,R_100,346.52
1781417274,R_100,346.39
1781417276,R_100,346.43
1781417278,R_100,346.54
1781417280,R_100,346.67
1781417282,R_100,346.77
1781417284,R_100,346.97
1781417286,R_100,347.03
1781417288,R_100,346.94
1781417290,R_100,347.07
1781417292,R_100,347.09
1781417294,R_100,347.11
1781417296,R_100,347.25
1781417298,R_100,347.39
1781417300,R_100,347.3
1781417302,R_100,347.25
1781417304,R_100,347.08
1781417306,R_100,347.06
1781417308,R_100,347.05
1781417310,R_100,346.99
1781417312,R_100,346.87
1781417314,R_100,346.86
1781417316,R_100,346.9
1781417318,R_100,346.88
1781417320,R_100,346.93
1781417322,R_100,346.85
1781417324,R_100,346.91
1781417326,R_100,346.89
1781417328,R_100,346.82
1781417330,R_100,346.82
1781417332,R_100,346.79
1781417334,R_100,346.82
1781417336,R_100,346.78
1781417338,R_100,346.88
1781417340,R_100,347.03
1781417342,R_100,347.05
1781417344,R_100,347.11
1781417346,R_100,347.16
1781417348,R_100,347.33
1781417350,R_100,347.23
1781417352,R_100,347.12
1781417354,R_100,347.13
1781417356,R_100,347.07
1781417358,R_100,347.1
1781417360,R_100,347.13
1781417362,R_100,347.1
1781417364,R_100,346.99
1781417366,R_100,346.91
1781417368,R_100,346.66
1781417370,R_100,346.63
1781417372,R_100,346.65
1781417374,R_100,346.63
1781417376,R_100,346.47
1781417378,R_100,346.48
1781417380,R_100,346.41
1781417382,R_100,346.37
1781417384,R_100,346.34
1781417386,R_100,346.25
1781417388,R_100,346.19
1781417390,R_100,346.08
1781417392,R_100,345.95
1781417394,R_100,345.96
1781417396,R_100,346.04
1781417398,R_100,346.05
1781417400,R_100,346.05
1781417402,R_100,346.04
1781417404,R_100,346.03
1781417406,R_100,346.04
1781417408,R_100,346.02
1781417410,R_100,346.2
1781417412,R_100,346.09
1781417414,R_100,346.32
1781417416,R_100,346.3
1781417418,R_100,346.34
1781417420,R_100,346.27
1781417422,R_100,346.23
1781417424,R_100,346.26
1781417426,R_100,346.24
1781417428,R_100,346.36
1781417430,R_100,346.34
1781417432,R_100,346.29
1781417434,R_100,346.28
1781417436,R_100,346.3
1781417438,R_100,346.17
1781417440,R_100,346.15
1781417442,R_100,346.2
1781417444,R_100,346.2
1781417446,R_100,346.25
1781417448,R_100,346.2
1781417450,R_100,346.22
1781417452,R_100,346.16
1781417454,R_100,345.96
1781417456,R_100,345.93
1781417458,R_100,346.06
1781417460,R_100,346.02
1781417462,R_100,345.9
1781417464,R_100,346
1781417466,R_100,346
1781417468,R_100,346.19
1781417470,R_100,346.23
1781417472,R_100,346.21
1781417474,R_100,346.19
1781417476,R_100,346.33
1781417478,R_100,346.3
1781417480,R_100,346.33
1781417482,R_100,346.4
1781417484,R_100,346.43
1781417486,R_100,346.43
1781417488,R_100,346.38
1781417490,R_100,346.39
1781417492,R_100,346.59
1781417494,R_100,346.61
1781417496,R_100,346.64
1781417498,R_100,346.59
1781417500,R_100,346.62
1781417502,R_100,346.58
1781417504,R_100,346.49
1781417506,R_100,346.68
1781417508,R_100,346.67
1781417510,R_100,346.74
1781417512,R_100,346.78
1781417514,R_100,346.74
1781417516,R_100,346.75
1781417518,R_100,346.75
1781417520,R_100,346.69
1781417522,R_100,346.65
1781417524,R_100,346.74
1781417526,R_100,346.63
1781417528,R_100,346.64
1781417530,R_100,346.71
1781417532,R_100,346.69
1781417534,R_100,346.62
1781417536,R_100,346.56
1781417538,R_100,346.43
1781417540,R_100,346.34
1781417542,R_100,346.24
1781417544,R_100,346.39
1781417546,R_100,346.41
1781417548,R_100,346.44
1781417550,R_100,346.59
1781417552,R_100,346.45
1781417554,R_100,346.58
1781417556,R_100,346.6
1781417558,R_100,346.65
1781417560,R_100,346.67
1781417562,R_100,346.8
1781417564,R_100,346.76
1781417566,R_100,346.71
1781417568,R_100,346.78
1781417570,R_100,346.72
1781417572,R_100,346.64
1781417574,R_100,346.53
1781417576,R_100,346.71
1781417578,R_100,346.73
1781417580,R_100,346.85
1781417582,R_100,346.83
1781417584,R_100,346.84
1781417586,R_100,346.81
1781417588,R_100,346.85
1781417590,R_100,346.88
1781417592,R_100,346.9
1781417594,R_100,347.08
1781417596,R_100,346.99
1781417598,R_100,346.96
1781417600,R_100,346.94
1781417602,R_100,346.85
1781417604,R_100,346.78
1781417606,R_100,346.78
1781417608,R_100,346.84
1781417610,R_100,346.76
1781417612,R_100,346.73
1781417614,R_100,346.66
1781417616,R_100,346.78
1781417618,R_100,346.63
1781417620,R_100,346.59
1781417622,R_100,346.51
1781417624,R_100,346.63
1781417626,R_100,346.57
1781417628,R_100,346.54
1781417630,R_100,346.59
1781417632,R_100,346.59
1781417634,R_100,346.5
1781417636,R_100,346.5
1781417638,R_100,346.6
1781417640,R_100,346.74
1781417642,R_100,346.87
1781417644,R_100,346.85
1781417646,R_100,346.9
1781417648,R_100,346.93
1781417650,R_100,347.04
1781417652,R_100,347.1
1781417654,R_100,347.21
1781417656,R_100,347.27
1781417658,R_100,347.29
1781417660,R_100,347.37
1781417662,R_100,347.36
1781417664,R_100,347.35
1781417666,R_100,347.22
1781417668,R_100,347.19
1781417670,R_100,347.18
1781417672,R_100,347.17
1781417674,R_100,347.21
1781417676,R_100,347.27
1781417678,R_100,347.37
1781417680,R_100,347.43
1781417682,R_100,347.33
1781417684,R_100,347.31
1781417686,R_100,347.35
1781417688,R_100,347.4
1781417690,R_100,347.37
1781417692,R_100,347.23
1781417694,R_100,347.22
1781417696,R_100,347.22
1781417698,R_100,347.24
1781417700,R_100,347.36
1781417702,R_100,347.35
1781417704,R_100,347.27
1781417706,R_100,347.43
1781417708,R_100,347.43
1781417710,R_100,347.41
1781417712,R_100,347.32
1781417714,R_100,347.36
1781417716,R_100,347.55
1781417718,R_100,347.61
1781417720,R_100,347.6
1781417722,R_100,347.61
1781417724,R_100,347.62
1781417726,R_100,347.67
1781417728,R_100,347.66
1781417730,R_100,347.65
1781417732,R_100,347.77
1781417734,R_100,347.82
1781417736,R_100,347.87
1781417738,R_100,347.94
1781417740,R_100,348.03
1781417742,R_100,348.13
1781417744,R_100,348.08
1781417746,R_100,348.1
1781417748,R_100,348.11
1781417750,R_100,348.19
1781417752,R_100,348.24
1781417754,R_100,348.14
1781417756,R_100,348.19
1781417758,R_100,348.16
1781417760,R_100,348.19
1781417762,R_100,348.21
1781417764,R_100,348.25
1781417766,R_100,348.25
1781417768,R_100,348.33
1781417770,R_100,348.44
1781417772,R_100,348.48
1781417774,R_100,348.53
1781417776,R_100,348.55
1781417778,R_100,348.47
1781417780,R_100,348.34
1781417782,R_100,348.22
1781417784,R_100,348.38
1781417786,R_100,348.24
1781417788,R_100,348.28
1781417790,R_100,348.17
1781417792,R_100,348.14
1781417794,R_100,348.09
1781417796,R_100,348.08
1781417798,R_100,348.04
1781417800,R_100,348.02
1781417802,R_100,347.96
1781417804,R_100,347.9
1781417806,R_100,348
1781417808,R_100,348.06
1781417810,R_100,348.15
1781417812,R_100,348.22
1781417814,R_100,348.12
1781417816,R_100,348.05
1781417818,R_100,347.92
1781417820,R_100,347.86
1781417822,R_100,347.92
1781417824,R_100,347.75
1781417826,R_100,347.78
1781417828,R_100,347.78
1781417830,R_100,347.77
1781417832,R_100,347.81
1781417834,R_100,347.64
1781417836,R_100,347.69
1781417838,R_100,347.86
1781417840,R_100,347.79
1781417842,R_100,347.85
1781417844,R_100,347.79
1781417846,R_100,347.88
1781417848,R_100,347.85
1781417850,R_100,347.72
1781417852,R_100,347.69
1781417854,R_100,347.7
1781417856,R_100,347.8
1781417858,R_100,347.69
1781417860,R_100,347.84
1781417862,R_100,347.86
1781417864,R_100,347.93
1781417866,R_100,348.11
1781417868,R_100,348.01
1781417870,R_100,348.12
1781417872,R_100,348.12
1781417874,R_100,348.25
1781417876,R_100,348.27
1781417878,R_100,348.26
1781417880,R_100,348.23
1781417882,R_100,348.27
1781417884,R_100,348.25
1781417886,R_100,348.27
1781417888,R_100,348.23
1781417890,R_100,348.35
1781417892,R_100,348.4
1781417894,R_100,348.52
1781417896,R_100,348.47
1781417898,R_100,348.42
1781417900,R_100,348.42
1781417902,R_100,348.29
1781417904,R_100,348.55
1781417906,R_100,348.5
1781417908,R_100,348.32
1781417910,R_100,348.31
1781417912,R_100,348.29
1781417914,R_100,348.31
1781417916,R_100,348.26
1781417918,R_100,348.22
1781417920,R_100,348.21
1781417922,R_100,348.2
1781417924,R_100,348.18
1781417926,R_100,348.27
1781417928,R_100,348.27
1781417930,R_100,348.24
1781417932,R_100,348.31
1781417934,R_100,348.38
1781417936,R_100,348.3
1781417938,R_100,348.28
1781417940,R_100,348.4
1781417942,R_100,348.45
1781417944,R_100,348.46
1781417946,R_100,348.51
1781417948,R_100,348.5
1781417950,R_100,348.39
1781417952,R_100,348.33
1781417954,R_100,348.24
1781417956,R_100,348.17
1781417958,R_100,348.18
1781417960,R_100,348.08
1781417962,R_100,348.05
1781417964,R_100,348.1
1781417966,R_100,347.94
1781417968,R_100,348.1
1781417970,R_100,348.02
1781417972,R_100,348.02
1781417974,R_100,348.11
1781417976,R_100,348.13
1781417978,R_100,348.4
1781417980,R_100,348.37
1781417982,R_100,348.55
1781417984,R_100,348.48
1781417986,R_100,348.42
1781417988,R_100,348.47
1781417990,R_100,348.59
1781417992,R_100,348.75
1781417994,R_100,348.73
1781417996,R_100,348.65
1781417998,R_100,348.61
1781418000,R_100,348.53
1781418002,R_100,348.54
1781418004,R_100,348.56
1781418006,R_100,348.59
1781418008,R_100,348.77
1781418010,R_100,348.82
1781418012,R_100,348.67
1781418014,R_100,348.79
1781418016,R_100,348.82
1781418018,R_100,348.76
1781418020,R_100,348.68
1781418022,R_100,348.77
1781418024,R_100,348.87
1781418026,R_100,348.9
1781418028,R_100,349.05
1781418030,R_100,349.11
1781418032,R_100,349.14
1781418034,R_100,349.14
1781418036,R_100,349.21
1781418038,R_100,349.19
1781418040,R_100,349.04
1781418042,R_100,349.19
1781418044,R_100,349.18
1781418046,R_100,349.09
1781418048,R_100,349.16
1781418050,R_100,349.09
1781418052,R_100,349.03
1781418054,R_100,349.13
1781418056,R_100,349.08
1781418058,R_100,349.11
1781418060,R_100,349.23
1781418062,R_100,349.43
1781418064,R_100,349.29
1781418066,R_100,349.37
1781418068,R_100,349.33
1781418070,R_100,349.2
1781418072,R_100,349.39
1781418074,R_100,349.32
1781418076,R_100,349.3
1781418078,R_100,349.35
1781418080,R_100,349.46
1781418082,R_100,349.33
1781418084,R_100,349.31
1781418086,R_100,349.23
1781418088,R_100,349.21
1781418090,R_100,349.26
1781418092,R_100,349.28
1781418094,R_100,349.35
1781418096,R_100,349.43
1781418098,R_100,349.45
1781418100,R_100,349.37
1781418102,R_100,349.54
1781418104,R_100,349.51
1781418106,R_100,349.62
1781418108,R_100,349.49
1781418110,R_100,349.49
1781418112,R_100,349.5
1781418114,R_100,349.57
1781418116,R_100,349.74
1781418118,R_100,349.79
1781418120,R_100,349.78
1781418122,R_100,349.75
1781418124,R_100,349.78
1781418126,R_100,349.58
1781418128,R_100,349.65
1781418130,R_100,349.62
1781418132,R_100,349.57
1781418134,R_100,349.74
1781418136,R_100,349.63
1781418138,R_100,349.49
1781418140,R_100,349.6
1781418142,R_100,349.56
1781418144,R_100,349.55
1781418146,R_100,349.62
1781418148,R_100,349.61
1781418150,R_100,349.54
1781418152,R_100,349.46
1781418154,R_100,349.56
1781418156,R_100,349.47
1781418158,R_100,349.49
1781418160,R_100,349.54
1781418162,R_100,349.4
1781418164,R_100,349.49
1781418166,R_100,349.56
1781418168,R_100,349.54
1781418170,R_100,349.38
1781418172,R_100,349.22
1781418174,R_100,349.28
1781418176,R_100,349.36
1781418178,R_100,349.45
1781418180,R_100,349.36
1781418182,R_100,349.24
1781418184,R_100,349.26
1781418186,R_100,349.25
1781418188,R_100,349.3
1781418190,R_100,349.19
1781418192,R_100,349.17
1781418194,R_100,349.29
1781418196,R_100,349.25
1781418198,R_100,349.24
1781418200,R_100,349.26
1781418202,R_100,349.17
1781418204,R_100,349.05
1781418206,R_100,349.09
1781418208,R_100,349.23
1781418210,R_100,349.23
1781418212,R_100,349.24
1781418214,R_100,349.27
1781418216,R_100,349.32
1781418218,R_100,349.4
1781418220,R_100,349.42
1781418222,R_100,349.31
1781418224,R_100,349.39
1781418226,R_100,349.25
1781418228,R_100,349.28
1781418230,R_100,349.34
1781418232,R_100,349.45
1781418234,R_100,349.5
1781418236,R_100,349.34
1781418238,R_100,349.3
1781418240,R_100,349.47
1781418242,R_100,349.34
1781418244,R_100,349.32
1781418246,R_100,349.19
1781418248,R_100,349.19
1781418250,R_100,349.22
1781418252,R_100,349.27
1781418254,R_100,349.33
1781418256,R_100,349.33
1781418258,R_100,349.42
1781418260,R_100,349.52
1781418262,R_100,349.57
1781418264,R_100,349.51
1781418266,R_100,349.35
1781418268,R_100,349.4
1781418270,R_100,349.39
1781418272,R_100,349.25
1781418274,R_100,349.3
1781418276,R_100,349.26
1781418278,R_100,349.15
1781418280,R_100,349.26
1781418282,R_100,349.23
1781418284,R_100,349.19
1781418286,R_100,349.23
1781418288,R_100,349.3
1781418290,R_100,349.36
1781418292,R_100,349.24
1781418294,R_100,349.15
1781418296,R_100,349.12
1781418298,R_100,349.01
1781418300,R_100,348.93
1781418302,R_100,348.84
1781418304,R_100,348.88
1781418306,R_100,348.76
1781418308,R_100,348.84
1781418310,R_100,348.92
1781418312,R_100,348.96
1781418314,R_100,348.91
1781418316,R_100,348.93
1781418318,R_100,348.97
1781418320,R_100,348.99
1781418322,R_100,349.03
1781418324,R_100,348.94
1781418326,R_100,349.04
1781418328,R_100,349
1781418330,R_100,349.1
1781418332,R_100,349.16
1781418334,R_100,349.11
1781418336,R_100,349.13
1781418338,R_100,349.22
1781418340,R_100,349.23
1781418342,R_100,349.3
1781418344,R_100,349.28
1781418346,R_100,349.35
1781418348,R_100,349.31
1781418350,R_100,349.28
1781418352,R_100,349.26
1781418354,R_100,349.22
1781418356,R_100,349.2
1781418358,R_100,349.11
1781418360,R_100,349.01
1781418362,R_100,348.96
1781418364,R_100,348.9
1781418366,R_100,348.9
1781418368,R_100,348.78
1781418370,R_100,348.77
1781418372,R_100,348.87
1781418374,R_100,348.81
1781418376,R_100,348.75
1781418378,R_100,348.72
1781418380,R_100,348.61
1781418382,R_100,348.51
1781418384,R_100,348.53
1781418386,R_100,348.6
1781418388,R_100,348.75
1781418390,R_100,348.56
1781418392,R_100,348.4
1781418394,R_100,348.53
1781418396,R_100,348.31
1781418398,R_100,348.27
1781418400,R_100,348.39
1781418402,R_100,348.41
1781418404,R_100,348.3
1781418406,R_100,348.45
1781418408,R_100,348.54
1781418410,R_100,348.53
1781418412,R_100,348.38
1781418414,R_100,348.29
1781418416,R_100,348.35
1781418418,R_100,348.37
1781418420,R_100,348.32
1781418422,R_100,348.37
1781418424,R_100,348.5
1781418426,R_100,348.66
1781418428,R_100,348.72
1781418430,R_100,348.75
1781418432,R_100,348.75
1781418434,R_100,348.64
1781418436,R_100,348.44
1781418438,R_100,348.4
1781418440,R_100,348.36
1781418442,R_100,348.44
1781418444,R_100,348.29
1781418446,R_100,348.24
1781418448,R_100,348.07
1781418450,R_100,348.26
1781418452,R_100,348.3
1781418454,R_100,348.09
1781418456,R_100,347.9
1781418458,R_100,347.79
1781418460,R_100,347.83
1781418462,R_100,347.72
1781418464,R_100,347.79
1781418466,R_100,347.78
1781418468,R_100,347.72
1781418470,R_100,347.64
1781418472,R_100,347.63
1781418474,R_100,347.48
1781418476,R_100,347.47
1781418478,R_100,347.43
1781418480,R_100,347.29
1781418482,R_100,347.19
1781418484,R_100,347.21
1781418486,R_100,347.33
1781418488,R_100,347.34
1781418490,R_100,347.39
1781418492,R_100,347.43
1781418494,R_100,347.39
1781418496,R_100,347.38
1781418498,R_100,347.39
1781418500,R_100,347.55
1781418502,R_100,347.62
1781418504,R_100,347.43
1781418506,R_100,347.47
1781418508,R_100,347.35
1781418510,R_100,347.31
1781418512,R_100,347.28
1781418514,R_100,347.23
1781418516,R_100,347.31
1781418518,R_100,347.28
1781418520,R_100,347.28
1781418522,R_100,347.4
1781418524,R_100,347.52
1781418526,R_100,347.41
1781418528,R_100,347.46
1781418530,R_100,347.44
1781418532,R_100,347.52
1781418534,R_100,347.58
1781418536,R_100,347.46
1781418538,R_100,347.47
1781418540,R_100,347.5
1781418542,R_100,347.43
1781418544,R_100,347.36
1781418546,R_100,347.39
1781418548,R_100,347.39
1781418550,R_100,347.33
1781418552,R_100,347.15
1781418554,R_100,347.03
1781418556,R_100,347.05
1781418558,R_100,347.11
1781418560,R_100,347.07
1781418562,R_100,347.02
1781418564,R_100,347.06
1781418566,R_100,347.04
1781418568,R_100,347.08
1781418570,R_100,346.95
1781418572,R_100,346.89
1781418574,R_100,346.84
1781418576,R_100,346.75
1781418578,R_100,346.8
1781418580,R_100,346.83
1781418582,R_100,346.83
1781418584,R_100,346.83
1781418586,R_100,346.74
1781418588,R_100,346.77
1781418590,R_100,346.72
1781418592,R_100,346.6
1781418594,R_100,346.6
1781418596,R_100,346.65
1781418598,R_100,346.54
1781418600,R_100,346.62
1781418602,R_100,346.47
1781418604,R_100,346.52
1781418606,R_100,346.59
1781418608,R_100,346.54
1781418610,R_100,346.56
1781418612,R_100,346.62
1781418614,R_100,346.58
1781418616,R_100,346.63
1781418618,R_100,346.62
1781418620,R_100,346.53
1781418622,R_100,346.37
1781418624,R_100,346.5
1781418626,R_100,346.39
1781418628,R_100,346.48
1781418630,R_100,346.43
1781418632,R_100,346.45
1781418634,R_100,346.41
1781418636,R_100,346.5
1781418638,R_100,346.52
1781418640,R_100,346.41
1781418642,R_100,346.42
1781418644,R_100,346.41
1781418646,R_100,346.42
1781418648,R_100,346.37
1781418650,R_100,346.36
1781418652,R_100,346.26
1781418654,R_100,346.18
1781418656,R_100,345.97
1781418658,R_100,346.03
1781418660,R_100,345.86
1781418662,R_100,345.96
1781418664,R_100,345.98
1781418666,R_100,346.08
1781418668,R_100,346.06
1781418670,R_100,346.06
1781418672,R_100,346.08
1781418674,R_100,346.12
1781418676,R_100,346.02
1781418678,R_100,346.06
1781418680,R_100,346.08
1781418682,R_100,346.06
1781418684,R_100,345.96
1781418686,R_100,345.96
1781418688,R_100,345.96
1781418690,R_100,346.02
1781418692,R_100,345.8
1781418694,R_100,345.74
1781418696,R_100,345.58
1781418698,R_100,345.51
1781418700,R_100,345.29
1781418702,R_100,345.37
1781418704,R_100,345.35
1781418706,R_100,345.39
1781418708,R_100,345.42
1781418710,R_100,345.41
1781418712,R_100,345.51
1781418714,R_100,345.37
1781418716,R_100,345.25
1781418718,R_100,345.4
1781418720,R_100,345.36
1781418722,R_100,345.33
1781418724,R_100,345.22
1781418726,R_100,345.22
1781418728,R_100,345.27
1781418730,R_100,345.25
1781418732,R_100,345.18
1781418734,R_100,345.41
1781418736,R_100,345.5
1781418738,R_100,345.49
1781418740,R_100,345.57
1781418742,R_100,345.49
1781418744,R_100,345.51
1781418746,R_100,345.54
1781418748,R_100,345.65
1781418750,R_100,345.6
1781418752,R_100,345.55
1781418754,R_100,345.53
1781418756,R_100,345.54
1781418758,R_100,345.59
1781418760,R_100,345.62
1781418762,R_100,345.61
1781418764,R_100,345.54
1781418766,R_100,345.61
1781418768,R_100,345.68
1781418770,R_100,345.79
1781418772,R_100,345.87
1781418774,R_100,345.91
1781418776,R_100,345.88
1781418778,R_100,345.9
1781418780,R_100,345.95
1781418782,R_100,345.91
1781418784,R_100,345.89
1781418786,R_100,345.95
1781418788,R_100,345.72
1781418790,R_100,345.75
1781418792,R_100,345.74
1781418794,R_100,345.8
1781418796,R_100,345.9
1781418798,R_100,345.88
1781418800,R_100,345.9
1781418802,R_100,345.86
1781418804,R_100,345.66
1781418806,R_100,345.72
1781418808,R_100,345.65
1781418810,R_100,345.7
1781418812,R_100,345.84
1781418814,R_100,345.66
1781418816,R_100,345.47
1781418818,R_100,345.49
1781418820,R_100,345.44
1781418822,R_100,345.42
1781418824,R_100,345.66
1781418826,R_100,345.61
1781418828,R_100,345.61
1781418830,R_100,345.49
1781418832,R_100,345.57
1781418834,R_100,345.58
1781418836,R_100,345.52
1781418838,R_100,345.6
1781418840,R_100,345.67
1781418842,R_100,345.72
1781418844,R_100,345.74
1781418846,R_100,345.78
1781418848,R_100,345.7
1781418850,R_100,345.69
1781418852,R_100,345.74
1781418854,R_100,345.87
1781418856,R_100,346.01
1781418858,R_100,346.05
1781418860,R_100,345.92
1781418862,R_100,345.9
1781418864,R_100,345.79
1781418866,R_100,345.72
1781418868,R_100,345.8
1781418870,R_100,345.84
1781418872,R_100,345.89
1781418874,R_100,345.72
1781418876,R_100,345.67
1781418878,R_100,345.68
1781418880,R_100,345.56
1781418882,R_100,345.56
1781418884,R_100,345.51
1781418886,R_100,345.52
1781418888,R_100,345.49
1781418890,R_100,345.66
1781418892,R_100,345.59
1781418894,R_100,345.63
1781418896,R_100,345.59
1781418898,R_100,345.61
1781418900,R_100,345.61
1781418902,R_100,345.69
1781418904,R_100,345.41
1781418906,R_100,345.48
1781418908,R_100,345.59
1781418910,R_100,345.48
1781418912,R_100,345.7
1781418914,R_100,345.79
1781418916,R_100,345.83
1781418918,R_100,345.9
1781418920,R_100,346
1781418922,R_100,345.91
1781418924,R_100,345.96
1781418926,R_100,345.92
1781418928,R_100,346.02
1781418930,R_100,346.04
1781418932,R_100,345.87
1781418934,R_100,345.79
1781418936,R_100,345.94
1781418938,R_100,345.82
1781418940,R_100,345.87
1781418942,R_100,345.95
1781418944,R_100,346.01
1781418946,R_100,346.1
1781418948,R_100,346.06
1781418950,R_100,346.02
1781418952,R_100,345.98
1781418954,R_100,346.02
1781418956,R_100,346.05
1781418958,R_100,346.13
1781418960,R_100,346.1
1781418962,R_100,346.15
1781418964,R_100,346.21
1781418966,R_100,346.09
1781418968,R_100,346.1
1781418970,R_100,346.24
1781418972,R_100,346.28
1781418974,R_100,346.39
1781418976,R_100,346.38
1781418978,R_100,346.32
1781418980,R_100,346.23
1781418982,R_100,346.29
1781418984,R_100,346.22
1781418986,R_100,346.1
1781418988,R_100,346.02
1781418990,R_100,346.1
1781418992,R_100,346.14
1781418994,R_100,346.17
1781418996,R_100,346.23
1781418998,R_100,346.11
1781419000,R_100,346.12
1781419002,R_100,346.14
1781419004,R_100,346.05
1781419006,R_100,346.11
1781419008,R_100,346.1
1781419010,R_100,346.11
1781419012,R_100,346.13
1781419014,R_100,346.13
1781419016,R_100,346.27
1781419018,R_100,346.2
1781419020,R_100,346.23
1781419022,R_100,346.23
1781419024,R_100,346.23
1781419026,R_100,346.27
1781419028,R_100,346.17
1781419030,R_100,346.07
1781419032,R_100,346.12
1781419034,R_100,346.01
1781419036,R_100,346.03
1781419038,R_100,346.03
1781419040,R_100,346.09
1781419042,R_100,346.14
1781419044,R_100,346.23
1781419046,R_100,346.11
1781419048,R_100,346.09
1781419050,R_100,346.02
1781419052,R_100,345.99
1781419054,R_100,346.14
1781419056,R_100,346.03
1781419058,R_100,345.97
1781419060,R_100,345.95
1781419062,R_100,345.86
1781419064,R_100,346.05
1781419066,R_100,346.15
1781419068,R_100,346.17
1781419070,R_100,346.15
1781419072,R_100,346.03
1781419074,R_100,346.09
1781419076,R_100,346.17
1781419078,R_100,346.17
1781419080,R_100,346.13
1781419082,R_100,346.28
1781419084,R_100,346.3
1781419086,R_100,346.26
1781419088,R_100,346.16
1781419090,R_100,346.14
1781419092,R_100,346.12
1781419094,R_100,346.19
1781419096,R_100,346.21
1781419098,R_100,346.21
1781419100,R_100,346.19
1781419102,R_100,346.12
1781419104,R_100,346.09
1781419106,R_100,346.08
1781419108,R_100,346.05
1781419110,R_100,345.99
1781419112,R_100,346.07
1781419114,R_100,346.04
1781419116,R_100,345.91
1781419118,R_100,345.88
1781419120,R_100,345.93
1781419122,R_100,345.97
1781419124,R_100,345.92
1781419126,R_100,345.88
1781419128,R_100,345.97
1781419130,R_100,346.06
1781419132,R_100,346.23
1781419134,R_100,346.18
1781419136,R_100,346.11
1781419138,R_100,345.89
1781419140,R_100,345.79
1781419142,R_100,345.66
1781419144,R_100,345.64
1781419146,R_100,345.61
1781419148,R_100,345.72
1781419150,R_100,345.83
1781419152,R_100,345.65
1781419154,R_100,345.7
1781419156,R_100,345.78
1781419158,R_100,345.68
1781419160,R_100,345.61
1781419162,R_100,345.67
1781419164,R_100,345.76
1781419166,R_100,345.9
1781419168,R_100,345.87
1781419170,R_100,345.84
1781419172,R_100,345.89
1781419174,R_100,345.75
1781419176,R_100,345.82
1781419178,R_100,345.69
1781419180,R_100,345.77
1781419182,R_100,345.69
1781419184,R_100,345.8
1781419186,R_100,345.71
1781419188,R_100,345.65
1781419190,R_100,345.81
1781419192,R_100,345.72
1781419194,R_100,345.73
1781419196,R_100,345.66
1781419198,R_100,345.68
1781419200,R_100,345.59
1781419202,R_100,345.51
1781419204,R_100,345.64
1781419206,R_100,345.73
1781419208,R_100,345.84
1781419210,R_100,345.87
1781419212,R_100,346.02
1781419214,R_100,345.89
1781419216,R_100,346.03
1781419218,R_100,345.97
1781419220,R_100,346.07
1781419222,R_100,345.99
1781419224,R_100,345.98
1781419226,R_100,346.02
1781419228,R_100,345.99
1781419230,R_100,346.09
1781419232,R_100,346.05
1781419234,R_100,346.13
1781419236,R_100,346.13
1781419238,R_100,346.07
1781419240,R_100,346.15
1781419242,R_100,346.02
1781419244,R_100,346.06
1781419246,R_100,345.98
1781419248,R_100,345.97
1781419250,R_100,346.15
1781419252,R_100,346.24
1781419254,R_100,346.29
1781419256,R_100,346.43
1781419258,R_100,346.26
1781419260,R_100,346.38
1781419262,R_100,346.43
1781419264,R_100,346.3
1781419266,R_100,346.23
1781419268,R_100,346.34
1781419270,R_100,346.35
1781419272,R_100,346.36
1781419274,R_100,346.35
1781419276,R_100,346.5
1781419278,R_100,346.55
1781419280,R_100,346.54
1781419282,R_100,346.51
1781419284,R_100,346.5
1781419286,R_100,346.53
1781419288,R_100,346.54
1781419290,R_100,346.39
1781419292,R_100,346.46
1781419294,R_100,346.59
1781419296,R_100,346.61
1781419298,R_100,346.59
1781419300,R_100,346.61
1781419302,R_100,346.54
1781419304,R_100,346.71
1781419306,R_100,346.72
1781419308,R_100,346.81
1781419310,R_100,346.88
1781419312,R_100,346.82
1781419314,R_100,346.77
1781419316,R_100,346.81
1781419318,R_100,346.75
1781419320,R_100,346.69
1781419322,R_100,346.69
1781419324,R_100,346.68
1781419326,R_100,346.59
1781419328,R_100,346.48
1781419330,R_100,346.43
1781419332,R_100,346.48
1781419334,R_100,346.44
1781419336,R_100,346.47
1781419338,R_100,346.47
1781419340,R_100,346.33
1781419342,R_100,346.28
1781419344,R_100,346.13
1781419346,R_100,346.07
1781419348,R_100,345.99
1781419350,R_100,345.99
1781419352,R_100,345.93
1781419354,R_100,345.87
1781419356,R_100,345.76
1781419358,R_100,345.89
1781419360,R_100,345.7
1781419362,R_100,345.65
1781419364,R_100,345.54
1781419366,R_100,345.51
1781419368,R_100,345.43
1781419370,R_100,345.49
1781419372,R_100,345.39
1781419374,R_100,345.41
1781419376,R_100,345.41
1781419378,R_100,345.46
1781419380,R_100,345.33
1781419382,R_100,345.3
1781419384,R_100,345.47
1781419386,R_100,345.3
1781419388,R_100,345.23
1781419390,R_100,345.14
1781419392,R_100,344.99
1781419394,R_100,345.04
1781419396,R_100,345.05
1781419398,R_100,345.08
1781419400,R_100,345.28
1781419402,R_100,345.26
1781419404,R_100,345.32
1781419406,R_100,345.56
1781419408,R_100,345.56
1781419410,R_100,345.39
1781419412,R_100,345.39
1781419414,R_100,345.32
1781419416,R_100,345.29
1781419418,R_100,345.14
1781419420,R_100,345.08
1781419422,R_100,345.13
1781419424,R_100,345.13
1781419426,R_100,345.09
1781419428,R_100,345.19
1781419430,R_100,345.24
1781419432,R_100,345.19
1781419434,R_100,345.28
1781419436,R_100,345.33
1781419438,R_100,345.36
1781419440,R_100,345.31
1781419442,R_100,345.38
1781419444,R_100,345.42
1781419446,R_100,345.36
1781419448,R_100,345.32
1781419450,R_100,345.52
1781419452,R_100,345.42
1781419454,R_100,345.37
1781419456,R_100,345.42
1781419458,R_100,345.28
1781419460,R_100,345.22
1781419462,R_100,345.25
1781419464,R_100,345.13
1781419466,R_100,345.09
1781419468,R_100,345.09
1781419470,R_100,345.11
1781419472,R_100,345.17
1781419474,R_100,345.25
1781419476,R_100,345.4
1781419478,R_100,345.4
1781419480,R_100,345.35
1781419482,R_100,345.28
1781419484,R_100,345.32
1781419486,R_100,345.25
1781419488,R_100,345.36
1781419490,R_100,345.34
1781419492,R_100,345.25
1781419494,R_100,345.22
1781419496,R_100,345.32
1781419498,R_100,345.44
1781419500,R_100,345.51
1781419502,R_100,345.5
1781419504,R_100,345.64
1781419506,R_100,345.6
1781419508,R_100,345.8
1781419510,R_100,345.82
1781419512,R_100,345.82
1781419514,R_100,345.75
1781419516,R_100,345.8
1781419518,R_100,345.77
1781419520,R_100,345.81
1781419522,R_100,345.96
1781419524,R_100,345.84
1781419526,R_100,345.66
1781419528,R_100,345.69
1781419530,R_100,345.76
1781419532,R_100,345.78
1781419534,R_100,345.76
1781419536,R_100,345.9
1781419538,R_100,345.74
1781419540,R_100,345.65
1781419542,R_100,345.68
1781419544,R_100,345.54
1781419546,R_100,345.6
1781419548,R_100,345.5
1781419550,R_100,345.41
1781419552,R_100,345.5
1781419554,R_100,345.33
1781419556,R_100,345.42
1781419558,R_100,345.36
1781419560,R_100,345.52
1781419562,R_100,345.61
1781419564,R_100,345.62
1781419566,R_100,345.7
1781419568,R_100,345.64
1781419570,R_100,345.7
1781419572,R_100,345.65
1781419574,R_100,345.75
1781419576,R_100,345.71
1781419578,R_100,345.68
1781419580,R_100,345.77
1781419582,R_100,345.57
1781419584,R_100,345.55
1781419586,R_100,345.64
1781419588,R_100,345.62
1781419590,R_100,345.59
1781419592,R_100,345.72
1781419594,R_100,345.81
1781419596,R_100,345.83
1781419598,R_100,345.89
1781419600,R_100,345.77
1781419602,R_100,345.8
1781419604,R_100,345.69
1781419606,R_100,345.56
1781419608,R_100,345.46
1781419610,R_100,345.5
1781419612,R_100,345.4
1781419614,R_100,345.28
1781419616,R_100,345.26
1781419618,R_100,345.13
1781419620,R_100,345.15
1781419622,R_100,345.08
1781419624,R_100,345.2
1781419626,R_100,345.21
1781419628,R_100,345.27
1781419630,R_100,345.23
1781419632,R_100,345.21
1781419634,R_100,345.15
1781419636,R_100,345.24
1781419638,R_100,345.22
1781419640,R_100,345.07
1781419642,R_100,345
1781419644,R_100,344.99
1781419646,R_100,345.02
1781419648,R_100,345.02
1781419650,R_100,345.07
1781419652,R_100,345.11
1781419654,R_100,345.06
1781419656,R_100,345.02
1781419658,R_100,344.71
1781419660,R_100,344.67
1781419662,R_100,344.71
1781419664,R_100,344.68
1781419666,R_100,344.75
1781419668,R_100,344.79
1781419670,R_100,344.79
1781419672,R_100,344.74
1781419674,R_100,344.83
1781419676,R_100,344.77
1781419678,R_100,344.74
1781419680,R_100,344.93
1781419682,R_100,345.06
1781419684,R_100,344.94
1781419686,R_100,344.78
1781419688,R_100,344.72
1781419690,R_100,344.62
1781419692,R_100,344.59
1781419694,R_100,344.69
1781419696,R_100,344.8
1781419698,R_100,344.74
1781419700,R_100,344.71
1781419702,R_100,344.92
1781419704,R_100,344.83
1781419706,R_100,344.8
1781419708,R_100,344.87
1781419710,R_100,344.66
1781419712,R_100,344.66
1781419714,R_100,344.66
1781419716,R_100,344.7
1781419718,R_100,344.6
1781419720,R_100,344.58
1781419722,R_100,344.61
1781419724,R_100,344.61
1781419726,R_100,344.76
1781419728,R_100,344.85
1781419730,R_100,344.9
1781419732,R_100,344.86
1781419734,R_100,344.83
1781419736,R_100,344.76
1781419738,R_100,344.68
1781419740,R_100,344.77
1781419742,R_100,344.76
1781419744,R_100,344.69
1781419746,R_100,344.65
1781419748,R_100,344.66
1781419750,R_100,344.68
1781419752,R_100,344.56
1781419754,R_100,344.6
1781419756,R_100,344.51
1781419758,R_100,344.57
1781419760,R_100,344.43
1781419762,R_100,344.38
1781419764,R_100,344.4
1781419766,R_100,344.35
1781419768,R_100,344.29
1781419770,R_100,344.33
1781419772,R_100,344.24
1781419774,R_100,344.19
1781419776,R_100,344.31
1781419778,R_100,344.22
1781419780,R_100,344.25
1781419782,R_100,344.3
1781419784,R_100,344.15
1781419786,R_100,344.19
1781419788,R_100,344.19
1781419790,R_100,344.11
1781419792,R_100,343.99
1781419794,R_100,344.15
1781419796,R_100,344.11
1781419798,R_100,344.1
1781419800,R_100,344.08
1781419802,R_100,344.21
1781419804,R_100,344.29
1781419806,R_100,344.26
1781419808,R_100,344.18
1781419810,R_100,343.96
1781419812,R_100,343.68
1781419814,R_100,343.67
1781419816,R_100,343.77
1781419818,R_100,343.68
1781419820,R_100,343.74
1781419822,R_100,343.64
1781419824,R_100,343.66
1781419826,R_100,343.6
1781419828,R_100,343.58
1781419830,R_100,343.54
1781419832,R_100,343.47
1781419834,R_100,343.61
1781419836,R_100,343.7
1781419838,R_100,343.65
1781419840,R_100,343.81
1781419842,R_100,343.82
1781419844,R_100,343.86
1781419846,R_100,343.86
1781419848,R_100,343.83
1781419850,R_100,343.86
1781419852,R_100,343.83
1781419854,R_100,343.86
1781419856,R_100,343.95
1781419858,R_100,343.93
1781419860,R_100,343.82
1781419862,R_100,343.76
1781419864,R_100,343.66
1781419866,R_100,343.74
1781419868,R_100,343.74
1781419870,R_100,343.96
1781419872,R_100,344.04
1781419874,R_100,344.05
1781419876,R_100,344.1
1781419878,R_100,344.07
1781419880,R_100,343.93
1781419882,R_100,343.93
1781419884,R_100,344.02
1781419886,R_100,344.02
1781419888,R_100,343.94
1781419890,R_100,343.9
1781419892,R_100,343.86
1781419894,R_100,343.79
1781419896,R_100,343.84
1781419898,R_100,343.95
1781419900,R_100,343.98
1781419902,R_100,344.06
1781419904,R_100,344.17
1781419906,R_100,344.15
1781419908,R_100,344.26
1781419910,R_100,344.17
1781419912,R_100,344.12
1781419914,R_100,344.13
1781419916,R_100,344.17
1781419918,R_100,344.21
1781419920,R_100,344.37
1781419922,R_100,344.43
1781419924,R_100,344.34
1781419926,R_100,344.33
1781419928,R_100,344.16
1781419930,R_100,344.14
1781419932,R_100,344.16
1781419934,R_100,344.25
1781419936,R_100,344.23
1781419938,R_100,344.33
1781419940,R_100,344.46
1781419942,R_100,344.41
1781419944,R_100,344.41
1781419946,R_100,344.52
1781419948,R_100,344.71
1781419950,R_100,344.65
1781419952,R_100,344.64
1781419954,R_100,344.65
1781419956,R_100,344.57
1781419958,R_100,344.53
1781419960,R_100,344.53
1781419962,R_100,344.52
1781419964,R_100,344.31
1781419966,R_100,344.28
1781419968,R_100,344.42
1781419970,R_100,344.48
1781419972,R_100,344.44
1781419974,R_100,344.31
1781419976,R_100,344.34
1781419978,R_100,344.43
1781419980,R_100,344.59
1781419982,R_100,344.6
1781419984,R_100,344.61
1781419986,R_100,344.71
1781419988,R_100,344.7
1781419990,R_100,344.65
1781419992,R_100,344.75
1781419994,R_100,344.76
1781419996,R_100,344.79
1781419998,R_100,344.95
1781420000,R_100,344.98
1781420002,R_100,345.03
1781420004,R_100,345.04
1781420006,R_100,344.95
1781420008,R_100,345.12
1781420010,R_100,345.16
1781420012,R_100,345.01
1781420014,R_100,344.98
1781420016,R_100,345.03
1781420018,R_100,345.02
1781420020,R_100,345.13
1781420022,R_100,345.2
1781420024,R_100,345.37
1781420026,R_100,345.3
1781420028,R_100,345
1781420030,R_100,344.95
1781420032,R_100,344.97
1781420034,R_100,344.96
1781420036,R_100,345.01
1781420038,R_100,345.04
1781420040,R_100,345.14
1781420042,R_100,345.19
1781420044,R_100,345.29
1781420046,R_100,345.42
1781420048,R_100,345.49
1781420050,R_100,345.53
1781420052,R_100,345.45
1781420054,R_100,345.34
1781420056,R_100,345.23
1781420058,R_100,345.23
1781420060,R_100,345.18
1781420062,R_100,345.07
1781420064,R_100,345.16
1781420066,R_100,345.26
1781420068,R_100,345.25
1781420070,R_100,345.28
1781420072,R_100,345.24
1781420074,R_100,345.24
1781420076,R_100,345.34
1781420078,R_100,345.43
1781420080,R_100,345.49
1781420082,R_100,345.53
1781420084,R_100,345.44
1781420086,R_100,345.42
1781420088,R_100,345.4
1781420090,R_100,345.35
1781420092,R_100,345.35
1781420094,R_100,345.39
1781420096,R_100,345.39
1781420098,R_100,345.39
1781420100,R_100,345.41
1781420102,R_100,345.5
1781420104,R_100,345.51
1781420106,R_100,345.37
1781420108,R_100,345.44
1781420110,R_100,345.38
1781420112,R_100,345.3
1781420114,R_100,345.37
1781420116,R_100,345.3
1781420118,R_100,345.33
1781420120,R_100,345.36
1781420122,R_100,345.34
1781420124,R_100,345.4
1781420126,R_100,345.29
1781420128,R_100,345.34
1781420130,R_100,345.2
1781420132,R_100,345.21
1781420134,R_100,345.16
1781420136,R_100,345.02
1781420138,R_100,344.97
1781420140,R_100,344.93
1781420142,R_100,344.92
1781420144,R_100,344.89
1781420146,R_100,344.86
1781420148,R_100,345.05
1781420150,R_100,345.05
1781420152,R_100,345.15
1781420154,R_100,345.16
1781420156,R_100,345.11
1781420158,R_100,345.02
1781420160,R_100,345.01
1781420162,R_100,345.09
1781420164,R_100,345.09
1781420166,R_100,345.14
1781420168,R_100,345.12
1781420170,R_100,345.31
1781420172,R_100,345.5
1781420174,R_100,345.53
1781420176,R_100,345.5
1781420178,R_100,345.57
1781420180,R_100,345.47
1781420182,R_100,345.42
1781420184,R_100,345.52
1781420186,R_100,345.46
1781420188,R_100,345.57
1781420190,R_100,345.48
1781420192,R_100,345.41
1781420194,R_100,345.46
1781420196,R_100,345.47
1781420198,R_100,345.55
1781420200,R_100,345.58
1781420202,R_100,345.5
1781420204,R_100,345.43
1781420206,R_100,345.31
1781420208,R_100,345.34
1781420210,R_100,345.28
1781420212,R_100,345.32
1781420214,R_100,345.24
1781420216,R_100,345.27
1781420218,R_100,345.18
1781420220,R_100,345.14
1781420222,R_100,345.36
1781420224,R_100,345.55
1781420226,R_100,345.55
1781420228,R_100,345.66
1781420230,R_100,345.63
1781420232,R_100,345.59
1781420234,R_100,345.63
1781420236,R_100,345.45
1781420238,R_100,345.44
1781420240,R_100,345.48
1781420242,R_100,345.48
1781420244,R_100,345.58
1781420246,R_100,345.64
1781420248,R_100,345.72
1781420250,R_100,345.75
1781420252,R_100,345.72
1781420254,R_100,345.61
1781420256,R_100,345.58
1781420258,R_100,345.6
1781420260,R_100,345.54
1781420262,R_100,345.5
1781420264,R_100,345.5
1781420266,R_100,345.55
1781420268,R_100,345.61
1781420270,R_100,345.54
1781420272,R_100,345.5
1781420274,R_100,345.61
1781420276,R_100,345.6
1781420278,R_100,345.34
1781420280,R_100,345.35
1781420282,R_100,345.43
1781420284,R_100,345.28
1781420286,R_100,345.31
1781420288,R_100,345.38
1781420290,R_100,345.47
1781420292,R_100,345.51
1781420294,R_100,345.49
1781420296,R_100,345.48
1781420298,R_100,345.36
1781420300,R_100,345.41
1781420302,R_100,345.47
1781420304,R_100,345.48
1781420306,R_100,345.66
1781420308,R_100,345.61
1781420310,R_100,345.55
1781420312,R_100,345.59
1781420314,R_100,345.73
1781420316,R_100,345.72
1781420318,R_100,345.76
1781420320,R_100,345.72
1781420322,R_100,345.8
1781420324,R_100,345.85
1781420326,R_100,345.73
1781420328,R_100,345.58
1781420330,R_100,345.63
1781420332,R_100,345.8
1781420334,R_100,345.78
1781420336,R_100,345.71
1781420338,R_100,345.71
1781420340,R_100,345.61
1781420342,R_100,345.67
1781420344,R_100,345.74
1781420346,R_100,345.68
1781420348,R_100,345.66
1781420350,R_100,345.67
1781420352,R_100,345.71
1781420354,R_100,345.72
1781420356,R_100,345.68
1781420358,R_100,345.74
1781420360,R_100,345.63
1781420362,R_100,345.69
1781420364,R_100,345.58
1781420366,R_100,345.74
1781420368,R_100,345.82
1781420370,R_100,345.81
1781420372,R_100,345.81
1781420374,R_100,345.77
1781420376,R_100,345.8
1781420378,R_100,345.8
1781420380,R_100,345.74
1781420382,R_100,345.61
1781420384,R_100,345.65
1781420386,R_100,345.53
1781420388,R_100,345.44
1781420390,R_100,345.5
1781420392,R_100,345.53
1781420394,R_100,345.52
1781420396,R_100,345.45
1781420398,R_100,345.34
1781420400,R_100,345.4
1781420402,R_100,345.44
1781420404,R_100,345.55
1781420406,R_100,345.49
1781420408,R_100,345.57
1781420410,R_100,345.67
1781420412,R_100,345.87
1781420414,R_100,345.89
1781420416,R_100,345.82
1781420418,R_100,345.74
1781420420,R_100,345.7
1781420422,R_100,345.8
1781420424,R_100,345.65
1781420426,R_100,345.59
1781420428,R_100,345.51
1781420430,R_100,345.56
1781420432,R_100,345.59
1781420434,R_100,345.57
1781420436,R_100,345.63
1781420438,R_100,345.53
1781420440,R_100,345.55
1781420442,R_100,345.58
1781420444,R_100,345.54
1781420446,R_100,345.5
1781420448,R_100,345.53
1781420450,R_100,345.54
1781420452,R_100,345.32
1781420454,R_100,345.37
1781420456,R_100,345.32
1781420458,R_100,345.49
1781420460,R_100,345.44
1781420462,R_100,345.5
1781420464,R_100,345.61
1781420466,R_100,345.7
1781420468,R_100,345.7
1781420470,R_100,345.82
1781420472,R_100,345.6
1781420474,R_100,345.55
1781420476,R_100,345.58
1781420478,R_100,345.43
1781420480,R_100,345.36
1781420482,R_100,345.41
1781420484,R_100,345.49
1781420486,R_100,345.42
1781420488,R_100,345.46
1781420490,R_100,345.48
1781420492,R_100,345.69
1781420494,R_100,345.72
1781420496,R_100,345.74
1781420498,R_100,345.89
1781420500,R_100,345.8
1781420502,R_100,345.82
1781420504,R_100,345.76
1781420506,R_100,345.77
1781420508,R_100,345.75
1781420510,R_100,345.75
1781420512,R_100,345.7
1781420514,R_100,345.61
1781420516,R_100,345.39
1781420518,R_100,345.41
1781420520,R_100,345.59
1781420522,R_100,345.59
1781420524,R_100,345.51
1781420526,R_100,345.42
1781420528,R_100,345.37
1781420530,R_100,345.25
1781420532,R_100,345.18
1781420534,R_100,345.15
1781420536,R_100,345.16
1781420538,R_100,345
1781420540,R_100,345
1781420542,R_100,345.05
1781420544,R_100,345.18
1781420546,R_100,345.22
1781420548,R_100,345.11
1781420550,R_100,345.2
1781420552,R_100,345.27
1781420554,R_100,345.26
1781420556,R_100,345.11
1781420558,R_100,345.22
1781420560,R_100,345.11
1781420562,R_100,344.82
1781420564,R_100,344.75
1781420566,R_100,344.74
1781420568,R_100,344.72
1781420570,R_100,344.58
1781420572,R_100,344.59
1781420574,R_100,344.41
1781420576,R_100,344.44
1781420578,R_100,344.29
1781420580,R_100,344.37
1781420582,R_100,344.42
1781420584,R_100,344.54
1781420586,R_100,344.56
1781420588,R_100,344.75
1781420590,R_100,344.75
1781420592,R_100,344.81
1781420594,R_100,344.68
1781420596,R_100,344.53
1781420598,R_100,344.63
1781420600,R_100,344.69
1781420602,R_100,344.65
1781420604,R_100,344.71
1781420606,R_100,344.64
1781420608,R_100,344.63
1781420610,R_100,344.56
1781420612,R_100,344.64
1781420614,R_100,344.6
1781420616,R_100,344.58
1781420618,R_100,344.58
1781420620,R_100,344.5
1781420622,R_100,344.55
1781420624,R_100,344.56
1781420626,R_100,344.58
1781420628,R_100,344.39
1781420630,R_100,344.41
1781420632,R_100,344.29
1781420634,R_100,344.35
1781420636,R_100,344.32
1781420638,R_100,344.37
1781420640,R_100,344.49
1781420642,R_100,344.54
1781420644,R_100,344.58
1781420646,R_100,344.61
1781420648,R_100,344.64
1781420650,R_100,344.75
1781420652,R_100,344.78
1781420654,R_100,344.86
1781420656,R_100,344.79
1781420658,R_100,344.85
1781420660,R_100,344.98
1781420662,R_100,345.01
1781420664,R_100,345.12
1781420666,R_100,345.05
1781420668,R_100,345.07
1781420670,R_100,345.01
1781420672,R_100,344.84
1781420674,R_100,344.96
1781420676,R_100,344.93
1781420678,R_100,344.9
1781420680,R_100,345
1781420682,R_100,345.04
1781420684,R_100,345.06
1781420686,R_100,345.2
1781420688,R_100,345.2
1781420690,R_100,345.12
1781420692,R_100,345.09
1781420694,R_100,344.9
1781420696,R_100,344.69
1781420698,R_100,344.7
1781420700,R_100,344.66
1781420702,R_100,344.64
1781420704,R_100,344.6
1781420706,R_100,344.62
1781420708,R_100,344.61
1781420710,R_100,344.64
1781420712,R_100,344.77
1781420714,R_100,344.76
1781420716,R_100,344.71
1781420718,R_100,344.66
1781420720,R_100,344.76
1781420722,R_100,344.66
1781420724,R_100,344.65
1781420726,R_100,344.69
1781420728,R_100,344.57
1781420730,R_100,344.5
1781420732,R_100,344.46
1781420734,R_100,344.47
1781420736,R_100,344.39
1781420738,R_100,344.4
1781420740,R_100,344.27
1781420742,R_100,344.34
1781420744,R_100,344.24
1781420746,R_100,344.25
1781420748,R_100,344.15
1781420750,R_100,344.09
1781420752,R_100,344.11
1781420754,R_100,344.12
1781420756,R_100,344.24
1781420758,R_100,344.18
1781420760,R_100,344.08
1781420762,R_100,344.26
1781420764,R_100,344.24
1781420766,R_100,344.27
1781420768,R_100,344.29
1781420770,R_100,344.34
1781420772,R_100,344.31
1781420774,R_100,344.15
1781420776,R_100,344.1
1781420778,R_100,344.08
1781420780,R_100,344.14
1781420782,R_100,344.22
1781420784,R_100,344.24
1781420786,R_100,344.44
1781420788,R_100,344.57
1781420790,R_100,344.69
1781420792,R_100,344.64
1781420794,R_100,344.59
1781420796,R_100,344.51
1781420798,R_100,344.35
1781420800,R_100,344.39
1781420802,R_100,344.35
1781420804,R_100,344.23
1781420806,R_100,344.21
1781420808,R_100,344.17
1781420810,R_100,344.22
1781420812,R_100,344.3
1781420814,R_100,344.34
1781420816,R_100,344.36
1781420818,R_100,344.36
1781420820,R_100,344.39
1781420822,R_100,344.34
1781420824,R_100,344.43
1781420826,R_100,344.41
1781420828,R_100,344.52
1781420830,R_100,344.4
1781420832,R_100,344.33
1781420834,R_100,344.32
1781420836,R_100,344.35
1781420838,R_100,344.51
1781420840,R_100,344.5
1781420842,R_100,344.63
1781420844,R_100,344.6
1781420846,R_100,344.78
1781420848,R_100,344.78
1781420850,R_100,344.75
1781420852,R_100,344.82
1781420854,R_100,344.73
1781420856,R_100,344.65
1781420858,R_100,344.81
1781420860,R_100,344.84
1781420862,R_100,344.75
1781420864,R_100,344.66
1781420866,R_100,344.68
1781420868,R_100,344.7
1781420870,R_100,344.79
1781420872,R_100,344.78
1781420874,R_100,344.92
1781420876,R_100,344.94
1781420878,R_100,344.84
1781420880,R_100,344.89
1781420882,R_100,344.98
1781420884,R_100,344.87
1781420886,R_100,344.78
1781420888,R_100,344.89
1781420890,R_100,345
1781420892,R_100,345.03
1781420894,R_100,345.03
1781420896,R_100,345.02
1781420898,R_100,345.01
1781420900,R_100,344.88
1781420902,R_100,345.02
1781420904,R_100,345.14
1781420906,R_100,345.17
1781420908,R_100,345.2
1781420910,R_100,345.34
1781420912,R_100,345.3
1781420914,R_100,345.38
1781420916,R_100,345.36
1781420918,R_100,345.33
1781420920,R_100,345.36
1781420922,R_100,345.45
1781420924,R_100,345.37
1781420926,R_100,345.39
1781420928,R_100,345.32
1781420930,R_100,345.25
1781420932,R_100,345.31
1781420934,R_100,345.33
1781420936,R_100,345.18
1781420938,R_100,345.23
1781420940,R_100,345.13
1781420942,R_100,345.18
1781420944,R_100,345.22
1781420946,R_100,345.03
1781420948,R_100,345.06
1781420950,R_100,345.15
1781420952,R_100,345.15
1781420954,R_100,345.18
1781420956,R_100,345.28
1781420958,R_100,345.43
1781420960,R_100,345.48
1781420962,R_100,345.45
1781420964,R_100,345.34
1781420966,R_100,345.33
1781420968,R_100,345.38
1781420970,R_100,345.28
1781420972,R_100,345.45
1781420974,R_100,345.5
1781420976,R_100,345.46
1781420978,R_100,345.41
1781420980,R_100,345.35
1781420982,R_100,345.24
1781420984,R_100,345.24
1781420986,R_100,345.26
1781420988,R_100,345.38
1781420990,R_100,345.04
1781420992,R_100,345.21
1781420994,R_100,345.32
1781420996,R_100,345.26
1781420998,R_100,345.33
1781421000,R_100,345.36
1781421002,R_100,345.29
1781421004,R_100,345.39
1781421006,R_100,345.31
1781421008,R_100,345.35
1781421010,R_100,345.39
1781421012,R_100,345.35
1781421014,R_100,345.47
1781421016,R_100,345.53
1781421018,R_100,345.49
1781421020,R_100,345.48
1781421022,R_100,345.53
1781421024,R_100,345.39
1781421026,R_100,345.4
1781421028,R_100,345.32
1781421030,R_100,345.42
1781421032,R_100,345.5
1781421034,R_100,345.56
1781421036,R_100,345.7
1781421038,R_100,345.55
1781421040,R_100,345.35
1781421042,R_100,345.42
1781421044,R_100,345.36
1781421046,R_100,345.33
1781421048,R_100,345.23
1781421050,R_100,345.25
1781421052,R_100,345.23
1781421054,R_100,345.27
1781421056,R_100,345.24
1781421058,R_100,345.21
1781421060,R_100,345.26
1781421062,R_100,345.41
1781421064,R_100,345.52
1781421066,R_100,345.52
1781421068,R_100,345.49
1781421070,R_100,345.55
1781421072,R_100,345.55
1781421074,R_100,345.54
1781421076,R_100,345.49
1781421078,R_100,345.35
1781421080,R_100,345.32
1781421082,R_100,345.23
1781421084,R_100,345.2
1781421086,R_100,345.29
1781421088,R_100,345.26
1781421090,R_100,345.42
1781421092,R_100,345.42
1781421094,R_100,345.33
1781421096,R_100,345.29
1781421098,R_100,345.38
1781421100,R_100,345.4
1781421102,R_100,345.48
1781421104,R_100,345.38
1781421106,R_100,345.34
1781421108,R_100,345.31
1781421110,R_100,345.25
1781421112,R_100,345.31
1781421114,R_100,345.29
1781421116,R_100,345.25
1781421118,R_100,345.33
1781421120,R_100,345.28
1781421122,R_100,345.39
1781421124,R_100,345.37
1781421126,R_100,345.35
1781421128,R_100,345.32
1781421130,R_100,345.3
1781421132,R_100,345.27
1781421134,R_100,345.28
1781421136,R_100,345.33
1781421138,R_100,345.36
1781421140,R_100,345.24
1781421142,R_100,345.33
1781421144,R_100,345.2
1781421146,R_100,345.16
1781421148,R_100,345.02
1781421150,R_100,344.94
1781421152,R_100,344.95
1781421154,R_100,344.96
1781421156,R_100,344.96
1781421158,R_100,344.93
1781421160,R_100,344.94
1781421162,R_100,344.96
1781421164,R_100,345.06
1781421166,R_100,345.14
1781421168,R_100,345.2
1781421170,R_100,345.24
1781421172,R_100,345.23
1781421174,R_100,345.15
1781421176,R_100,345.1
1781421178,R_100,345.17
1781421180,R_100,344.99
1781421182,R_100,344.97
1781421184,R_100,345.05
1781421186,R_100,345.13
1781421188,R_100,345.1
1781421190,R_100,345.2
1781421192,R_100,345.24
1781421194,R_100,345.12
1781421196,R_100,345.12
1781421198,R_100,345.02
1781421200,R_100,345.06
1781421202,R_100,344.95
1781421204,R_100,344.95
1781421206,R_100,344.97
1781421208,R_100,344.97
1781421210,R_100,345.12
1781421212,R_100,345.22
1781421214,R_100,345.38
1781421216,R_100,345.16
1781421218,R_100,345.32
1781421220,R_100,345.43
1781421222,R_100,345.4
1781421224,R_100,345.38
1781421226,R_100,345.36
1781421228,R_100,345.23
1781421230,R_100,345.18
1781421232,R_100,345.25
1781421234,R_100,345.41
1781421236,R_100,345.38
1781421238,R_100,345.32
1781421240,R_100,345.37
1781421242,R_100,345.36
1781421244,R_100,345.26
1781421246,R_100,345.22
1781421248,R_100,345.33
1781421250,R_100,345.31
1781421252,R_100,345.31
1781421254,R_100,345.36
1781421256,R_100,345.29
1781421258,R_100,345.22
1781421260,R_100,345.16
1781421262,R_100,345.22
1781421264,R_100,345.26
1781421266,R_100,345.29
1781421268,R_100,345.24
1781421270,R_100,345.11
1781421272,R_100,345.13
1781421274,R_100,345.08
1781421276,R_100,345.01
1781421278,R_100,344.85
1781421280,R_100,344.77
1781421282,R_100,344.68
1781421284,R_100,344.75
1781421286,R_100,344.75
1781421288,R_100,344.87
1781421290,R_100,344.87
1781421292,R_100,344.85
1781421294,R_100,344.82
1781421296,R_100,344.93
1781421298,R_100,344.84
1781421300,R_100,344.8
1781421302,R_100,344.73
1781421304,R_100,344.76
1781421306,R_100,344.88
1781421308,R_100,344.73
1781421310,R_100,344.65
1781421312,R_100,344.59
1781421314,R_100,344.68
1781421316,R_100,344.67
1781421318,R_100,344.7
1781421320,R_100,344.57
1781421322,R_100,344.79
1781421324,R_100,344.71
1781421326,R_100,344.76
1781421328,R_100,344.79
1781421330,R_100,344.8
1781421332,R_100,344.63
1781421334,R_100,344.73
1781421336,R_100,344.75
1781421338,R_100,344.99
1781421340,R_100,344.95
1781421342,R_100,344.87
1781421344,R_100,344.79
1781421346,R_100,344.85
1781421348,R_100,344.62
1781421350,R_100,344.74
1781421352,R_100,344.79
1781421354,R_100,344.8
1781421356,R_100,344.71
1781421358,R_100,344.63
1781421360,R_100,344.62
1781421362,R_100,344.88
1781421364,R_100,344.95
1781421366,R_100,345
1781421368,R_100,345.02
1781421370,R_100,344.95
1781421372,R_100,344.98
1781421374,R_100,345
1781421376,R_100,345.01
1781421378,R_100,344.96
1781421380,R_100,345.11
1781421382,R_100,345.1
1781421384,R_100,345.09
1781421386,R_100,344.92
1781421388,R_100,344.96
1781421390,R_100,344.84
1781421392,R_100,344.9
1781421394,R_100,344.9
1781421396,R_100,345.01
1781421398,R_100,344.97
1781421400,R_100,345.01
1781421402,R_100,345.17
1781421404,R_100,345.27
1781421406,R_100,345.33
1781421408,R_100,345.41
1781421410,R_100,345.43
1781421412,R_100,345.46
1781421414,R_100,345.5
1781421416,R_100,345.5
1781421418,R_100,345.52
1781421420,R_100,345.52
1781421422,R_100,345.41
1781421424,R_100,345.27
1781421426,R_100,345.27
1781421428,R_100,345.31
1781421430,R_100,345.24
1781421432,R_100,345.22
1781421434,R_100,345.23
1781421436,R_100,345.14
1781421438,R_100,345.18
1781421440,R_100,345.15
1781421442,R_100,345.22
1781421444,R_100,345.27
1781421446,R_100,345.34
1781421448,R_100,345.26
1781421450,R_100,345.34
1781421452,R_100,345.37
1781421454,R_100,345.33
1781421456,R_100,345.14
1781421458,R_100,345.19
1781421460,R_100,345.26
1781421462,R_100,345.36
1781421464,R_100,345.14
1781421466,R_100,345.32
1781421468,R_100,345.39
1781421470,R_100,345.45
1781421472,R_100,345.39
1781421474,R_100,345.41
1781421476,R_100,345.4
1781421478,R_100,345.31
1781421480,R_100,345.13
1781421482,R_100,344.94
1781421484,R_100,344.94
1781421486,R_100,344.98
1781421488,R_100,344.95
1781421490,R_100,345.01
1781421492,R_100,345.23
1781421494,R_100,345.3
1781421496,R_100,345.34
1781421498,R_100,345.49
1781421500,R_100,345.45
1781421502,R_100,345.44
1781421504,R_100,345.54
1781421506,R_100,345.66
1781421508,R_100,345.71
1781421510,R_100,345.65
1781421512,R_100,345.63
1781421514,R_100,345.61
1781421516,R_100,345.7
1781421518,R_100,345.63
1781421520,R_100,345.58
1781421522,R_100,345.41
1781421524,R_100,345.37
1781421526,R_100,345.48
1781421528,R_100,345.49
1781421530,R_100,345.44
1781421532,R_100,345.29
1781421534,R_100,345.3
1781421536,R_100,345.43
1781421538,R_100,345.5
1781421540,R_100,345.54
1781421542,R_100,345.63
1781421544,R_100,345.64
1781421546,R_100,345.65
1781421548,R_100,345.65
1781421550,R_100,345.55
1781421552,R_100,345.58
1781421554,R_100,345.76
1781421556,R_100,345.85
1781421558,R_100,345.84
1781421560,R_100,346.06
1781421562,R_100,346
1781421564,R_100,345.82
1781421566,R_100,345.86
1781421568,R_100,345.84
1781421570,R_100,345.77
1781421572,R_100,345.78
1781421574,R_100,345.74
1781421576,R_100,345.85
1781421578,R_100,345.9
1781421580,R_100,345.87
1781421582,R_100,345.73
1781421584,R_100,345.65
1781421586,R_100,345.68
1781421588,R_100,345.7
1781421590,R_100,345.71
1781421592,R_100,345.71
1781421594,R_100,345.66
1781421596,R_100,345.81
1781421598,R_100,345.79
1781421600,R_100,345.92
1781421602,R_100,345.81
1781421604,R_100,345.82
1781421606,R_100,345.73
1781421608,R_100,345.74
1781421610,R_100,345.76
1781421612,R_100,345.68
1781421614,R_100,345.77
1781421616,R_100,345.76
1781421618,R_100,345.8
1781421620,R_100,345.76
1781421622,R_100,345.74
1781421624,R_100,345.64
1781421626,R_100,345.66
1781421628,R_100,345.79
1781421630,R_100,345.95
1781421632,R_100,345.97
1781421634,R_100,345.84
1781421636,R_100,345.85
1781421638,R_100,345.78
1781421640,R_100,345.79
1781421642,R_100,345.94
1781421644,R_100,346.04
1781421646,R_100,345.96
1781421648,R_100,345.94
1781421650,R_100,345.92
1781421652,R_100,345.71
1781421654,R_100,345.76
1781421656,R_100,345.8
1781421658,R_100,345.68
1781421660,R_100,345.71
1781421662,R_100,345.68
1781421664,R_100,345.79
1781421666,R_100,345.86
1781421668,R_100,345.67
1781421670,R_100,345.74
1781421672,R_100,345.81
1781421674,R_100,345.74
1781421676,R_100,345.85
1781421678,R_100,346.01
1781421680,R_100,346.01
1781421682,R_100,346.02
1781421684,R_100,346.13
1781421686,R_100,346.13
1781421688,R_100,346.09
1781421690,R_100,345.94
1781421692,R_100,345.98
1781421694,R_100,346.05
1781421696,R_100,346.04
1781421698,R_100,345.82
1781421700,R_100,345.73
1781421702,R_100,345.78
1781421704,R_100,345.67
1781421706,R_100,345.58
1781421708,R_100,345.6
1781421710,R_100,345.7
1781421712,R_100,345.65
1781421714,R_100,345.84
1781421716,R_100,345.74
1781421718,R_100,345.81
1781421720,R_100,345.99
1781421722,R_100,346.06
1781421724,R_100,346.09
1781421726,R_100,346.08
1781421728,R_100,346.09
1781421730,R_100,346.05
1781421732,R_100,346.11
1781421734,R_100,346.11
1781421736,R_100,345.94
1781421738,R_100,345.98
1781421740,R_100,345.99
1781421742,R_100,345.97
1781421744,R_100,346.01
1781421746,R_100,346.06
1781421748,R_100,346.29
1781421750,R_100,346.38
1781421752,R_100,346.4
1781421754,R_100,346.28
1781421756,R_100,346.33
1781421758,R_100,346.25
1781421760,R_100,346.19
1781421762,R_100,346.15
1781421764,R_100,346.15
1781421766,R_100,346.09
1781421768,R_100,346.2
1781421770,R_100,346.09
1781421772,R_100,346.36
1781421774,R_100,346.32
1781421776,R_100,346.28
1781421778,R_100,346.12
1781421780,R_100,346.07
1781421782,R_100,346
1781421784,R_100,345.99
1781421786,R_100,346.1
1781421788,R_100,346.07
1781421790,R_100,346.16
1781421792,R_100,346.23
1781421794,R_100,346.18
1781421796,R_100,346.09
1781421798,R_100,346.07
1781421800,R_100,346.06
1781421802,R_100,345.98
1781421804,R_100,346
1781421806,R_100,345.9
1781421808,R_100,346.04
1781421810,R_100,345.95
1781421812,R_100,346.05
1781421814,R_100,346.04
1781421816,R_100,346.02
1781421818,R_100,346.14
1781421820,R_100,346.04
1781421822,R_100,346.04
1781421824,R_100,346.04
1781421826,R_100,345.96
1781421828,R_100,345.94
1781421830,R_100,346.08
1781421832,R_100,346.1
1781421834,R_100,346.07
1781421836,R_100,346.11
1781421838,R_100,346.18
1781421840,R_100,346.14
1781421842,R_100,346.14
1781421844,R_100,346.14
1781421846,R_100,346.22
1781421848,R_100,346.04
1781421850,R_100,346.09
1781421852,R_100,346.13
1781421854,R_100,345.96
1781421856,R_100,345.95
1781421858,R_100,345.98
1781421860,R_100,345.84
1781421862,R_100,345.8
1781421864,R_100,345.82
1781421866,R_100,345.91
1781421868,R_100,345.97
1781421870,R_100,345.85
1781421872,R_100,346.02
1781421874,R_100,346.11
1781421876,R_100,346.07
1781421878,R_100,346.04
1781421880,R_100,346.1
1781421882,R_100,346.2
1781421884,R_100,346.17
1781421886,R_100,345.95
1781421888,R_100,345.97
1781421890,R_100,345.93
1781421892,R_100,345.93
1781421894,R_100,345.78
1781421896,R_100,345.81
1781421898,R_100,345.77
1781421900,R_100,345.83
1781421902,R_100,345.73
1781421904,R_100,345.82
1781421906,R_100,345.88
1781421908,R_100,345.98
1781421910,R_100,345.94
1781421912,R_100,345.87
1781421914,R_100,345.8
1781421916,R_100,345.8
1781421918,R_100,345.74
1781421920,R_100,345.85
1781421922,R_100,345.85
1781421924,R_100,345.78
1781421926,R_100,345.93
1781421928,R_100,345.98
1781421930,R_100,346.21
1781421932,R_100,346.23
1781421934,R_100,346.34
1781421936,R_100,346.48
1781421938,R_100,346.51
1781421940,R_100,346.6
1781421942,R_100,346.58
1781421944,R_100,346.63
1781421946,R_100,346.6
1781421948,R_100,346.57
1781421950,R_100,346.66
1781421952,R_100,346.82
1781421954,R_100,346.94
1781421956,R_100,346.98
1781421958,R_100,346.95
1781421960,R_100,346.99
1781421962,R_100,346.98
1781421964,R_100,347.12
1781421966,R_100,347.02
1781421968,R_100,347.04
1781421970,R_100,347.15
1781421972,R_100,347.12
1781421974,R_100,347.05
1781421976,R_100,347.11
1781421978,R_100,347.39
1781421980,R_100,347.43
1781421982,R_100,347.45
1781421984,R_100,347.58
1781421986,R_100,347.56
1781421988,R_100,347.59
1781421990,R_100,347.59
1781421992,R_100,347.6
1781421994,R_100,347.54
1781421996,R_100,347.71
1781421998,R_100,347.74
1781422000,R_100,347.78
1781422002,R_100,347.74
1781422004,R_100,347.77
1781422006,R_100,347.66
1781422008,R_100,347.62
1781422010,R_100,347.56
1781422012,R_100,347.53
1781422014,R_100,347.67
1781422016,R_100,347.65
1781422018,R_100,347.64
1781422020,R_100,347.66
1781422022,R_100,347.53
1781422024,R_100,347.64
1781422026,R_100,347.7
1781422028,R_100,347.73
1781422030,R_100,347.82
1781422032,R_100,347.79
1781422034,R_100,347.76
1781422036,R_100,347.87
1781422038,R_100,347.93
1781422040,R_100,347.98
1781422042,R_100,347.86
1781422044,R_100,347.67
1781422046,R_100,347.75
1781422048,R_100,347.63
1781422050,R_100,347.55
1781422052,R_100,347.85
1781422054,R_100,348.08
1781422056,R_100,348.12
1781422058,R_100,348.09
1781422060,R_100,348.01
1781422062,R_100,347.98
1781422064,R_100,348.02
1781422066,R_100,348.05
1781422068,R_100,348.23
1781422070,R_100,348.17
1781422072,R_100,348.16
1781422074,R_100,348.19
1781422076,R_100,348.17
1781422078,R_100,348.22
1781422080,R_100,348.11
1781422082,R_100,348.2
1781422084,R_100,348.16
1781422086,R_100,348.27
1781422088,R_100,348.31
1781422090,R_100,348.34
1781422092,R_100,348.43
1781422094,R_100,348.43
1781422096,R_100,348.38
1781422098,R_100,348.28
1781422100,R_100,348.12
1781422102,R_100,348.03
1781422104,R_100,347.97
1781422106,R_100,347.94
1781422108,R_100,347.89
1781422110,R_100,348.01
1781422112,R_100,348.05
1781422114,R_100,348.02
1781422116,R_100,348.04
1781422118,R_100,347.95
1781422120,R_100,347.9
1781422122,R_100,347.84
1781422124,R_100,347.89
1781422126,R_100,347.99
1781422128,R_100,348.14
1781422130,R_100,347.97
1781422132,R_100,347.97
1781422134,R_100,347.99
1781422136,R_100,348.04
1781422138,R_100,348.22
1781422140,R_100,348.25
1781422142,R_100,348.23
1781422144,R_100,348.24
1781422146,R_100,348.16
1781422148,R_100,348.13
1781422150,R_100,348.01
1781422152,R_100,348.01
1781422154,R_100,347.98
1781422156,R_100,348.09
1781422158,R_100,348.15
1781422160,R_100,348.18
1781422162,R_100,348.21
1781422164,R_100,348.25
1781422166,R_100,348.2
1781422168,R_100,348.39
1781422170,R_100,348.32
1781422172,R_100,348.22
1781422174,R_100,348.14
1781422176,R_100,348.21
1781422178,R_100,348.19
1781422180,R_100,348.13
1781422182,R_100,348.08
1781422184,R_100,348.1
1781422186,R_100,348.2
1781422188,R_100,348.21
1781422190,R_100,348.29
1781422192,R_100,348.27
1781422194,R_100,348.35
1781422196,R_100,348.22
1781422198,R_100,348.1
1781422200,R_100,348.07
1781422202,R_100,347.99
1781422204,R_100,347.92
1781422206,R_100,347.86
1781422208,R_100,347.79
1781422210,R_100,347.87
1781422212,R_100,347.8
1781422214,R_100,347.73
1781422216,R_100,347.69
1781422218,R_100,347.61
1781422220,R_100,347.58
1781422222,R_100,347.55
1781422224,R_100,347.68
1781422226,R_100,347.56
1781422228,R_100,347.39
1781422230,R_100,347.32
1781422232,R_100,347.15
1781422234,R_100,347.12
1781422236,R_100,347.09
1781422238,R_100,347.11
1781422240,R_100,347.24
1781422242,R_100,347.23
1781422244,R_100,347.11
1781422246,R_100,347.07
1781422248,R_100,347.18
1781422250,R_100,347.14
1781422252,R_100,347.21
1781422254,R_100,347.21
1781422256,R_100,347.36
1781422258,R_100,347.29
1781422260,R_100,347.2
1781422262,R_100,347.17
1781422264,R_100,347.06
1781422266,R_100,346.97
1781422268,R_100,346.95
1781422270,R_100,346.97
1781422272,R_100,347.03
1781422274,R_100,347.02
1781422276,R_100,347.01
1781422278,R_100,346.95
1781422280,R_100,346.86
1781422282,R_100,346.63
1781422284,R_100,346.52
1781422286,R_100,346.51
1781422288,R_100,346.63
1781422290,R_100,346.54
1781422292,R_100,346.4
1781422294,R_100,346.46
1781422296,R_100,346.47
1781422298,R_100,346.57
1781422300,R_100,346.65
1781422302,R_100,346.79
1781422304,R_100,346.9
1781422306,R_100,346.8
1781422308,R_100,346.74
1781422310,R_100,346.81
1781422312,R_100,346.67
1781422314,R_100,346.63
1781422316,R_100,346.59
1781422318,R_100,346.89
1781422320,R_100,347.07
1781422322,R_100,347.02
1781422324,R_100,346.89
1781422326,R_100,346.96
1781422328,R_100,346.88
1781422330,R_100,346.96
1781422332,R_100,346.92
1781422334,R_100,346.89
1781422336,R_100,346.91
1781422338,R_100,346.91
1781422340,R_100,346.76
1781422342,R_100,346.76
1781422344,R_100,346.69
1781422346,R_100,346.72
1781422348,R_100,346.71
1781422350,R_100,346.7
1781422352,R_100,346.64
1781422354,R_100,346.62
1781422356,R_100,346.68
1781422358,R_100,346.72
1781422360,R_100,346.69
1781422362,R_100,346.61
1781422364,R_100,346.65
1781422366,R_100,346.64
1781422368,R_100,346.87
1781422370,R_100,346.82
1781422372,R_100,346.9
1781422374,R_100,346.89
1781422376,R_100,346.89
1781422378,R_100,346.89
1781422380,R_100,346.92
1781422382,R_100,346.94
1781422384,R_100,346.82
1781422386,R_100,346.77
1781422388,R_100,346.77
1781422390,R_100,346.63
1781422392,R_100,346.61
1781422394,R_100,346.51
1781422396,R_100,346.73
1781422398,R_100,346.9
1781422400,R_100,346.76
1781422402,R_100,346.75
1781422404,R_100,346.74
1781422406,R_100,346.91
1781422408,R_100,346.8
1781422410,R_100,346.85
1781422412,R_100,346.78
1781422414,R_100,346.93
1781422416,R_100,346.98
1781422418,R_100,347.11
1781422420,R_100,347.31
1781422422,R_100,347.25
1781422424,R_100,347.31
1781422426,R_100,347.3
1781422428,R_100,347.34
1781422430,R_100,347.43
1781422432,R_100,347.42
1781422434,R_100,347.47
1781422436,R_100,347.37
1781422438,R_100,347.39
1781422440,R_100,347.46
1781422442,R_100,347.44
1781422444,R_100,347.61
1781422446,R_100,347.38
1781422448,R_100,347.48
1781422450,R_100,347.55
1781422452,R_100,347.6
1781422454,R_100,347.61
1781422456,R_100,347.53
1781422458,R_100,347.39
1781422460,R_100,347.31
1781422462,R_100,347.23
1781422464,R_100,347.16
1781422466,R_100,347.16
1781422468,R_100,347.26
1781422470,R_100,347.22
1781422472,R_100,347.26
1781422474,R_100,347.22
1781422476,R_100,347.38
1781422478,R_100,347.4
1781422480,R_100,347.48
1781422482,R_100,347.35
1781422484,R_100,347.22
1781422486,R_100,347.17
1781422488,R_100,347.22
1781422490,R_100,347.21
1781422492,R_100,347.25
1781422494,R_100,347.28
1781422496,R_100,347.29
1781422498,R_100,347.33
1781422500,R_100,347.4
1781422502,R_100,347.4
1781422504,R_100,347.41
1781422506,R_100,347.38
1781422508,R_100,347.54
1781422510,R_100,347.61
1781422512,R_100,347.66
1781422514,R_100,347.76
1781422516,R_100,347.75
1781422518,R_100,347.84
1781422520,R_100,347.67
1781422522,R_100,347.72
1781422524,R_100,347.69
1781422526,R_100,347.59
1781422528,R_100,347.65
1781422530,R_100,347.7
1781422532,R_100,347.89
1781422534,R_100,347.82
1781422536,R_100,347.84
1781422538,R_100,347.75
1781422540,R_100,347.77
1781422542,R_100,347.8
1781422544,R_100,347.81
1781422546,R_100,347.77
1781422548,R_100,347.61
1781422550,R_100,347.68
1781422552,R_100,347.69
1781422554,R_100,347.73
1781422556,R_100,347.81
1781422558,R_100,347.93
1781422560,R_100,347.92
1781422562,R_100,347.95
1781422564,R_100,347.96
1781422566,R_100,347.96
1781422568,R_100,347.94
1781422570,R_100,347.86
1781422572,R_100,348.01
1781422574,R_100,347.9
1781422576,R_100,347.99
1781422578,R_100,348
1781422580,R_100,348.05
1781422582,R_100,347.88
1781422584,R_100,347.92
1781422586,R_100,347.99
1781422588,R_100,348
1781422590,R_100,347.93
1781422592,R_100,347.94
1781422594,R_100,347.9
1781422596,R_100,347.79
1781422598,R_100,347.67
1781422600,R_100,347.8
1781422602,R_100,347.81
1781422604,R_100,347.88
1781422606,R_100,347.9
1781422608,R_100,347.88
1781422610,R_100,347.77
1781422612,R_100,347.57
1781422614,R_100,347.56
1781422616,R_100,347.49
1781422618,R_100,347.43
1781422620,R_100,347.28
1781422622,R_100,347.34
1781422624,R_100,347.21
1781422626,R_100,347.17
1781422628,R_100,347.23
1781422630,R_100,347.39
1781422632,R_100,347.49
1781422634,R_100,347.67
1781422636,R_100,347.74
1781422638,R_100,347.76
1781422640,R_100,347.73
1781422642,R_100,347.87
1781422644,R_100,347.82
1781422646,R_100,347.83
1781422648,R_100,347.77
1781422650,R_100,347.67
1781422652,R_100,347.56
1781422654,R_100,347.51
1781422656,R_100,347.41
1781422658,R_100,347.41
1781422660,R_100,347.51
1781422662,R_100,347.64
1781422664,R_100,347.68
1781422666,R_100,347.68
1781422668,R_100,347.64
1781422670,R_100,347.72
1781422672,R_100,347.73
1781422674,R_100,347.71
1781422676,R_100,347.74
1781422678,R_100,347.74
1781422680,R_100,347.84
1781422682,R_100,347.99
1781422684,R_100,347.97
1781422686,R_100,348.07
1781422688,R_100,347.95
1781422690,R_100,347.96
1781422692,R_100,347.92
1781422694,R_100,347.89
1781422696,R_100,348.14
1781422698,R_100,348.18
1781422700,R_100,348.19
1781422702,R_100,348.32
1781422704,R_100,348.43
1781422706,R_100,348.37
1781422708,R_100,348.28
1781422710,R_100,348.19
1781422712,R_100,348.17
1781422714,R_100,348.06
1781422716,R_100,348.11
1781422718,R_100,348.11
1781422720,R_100,348.22
1781422722,R_100,348.24
1781422724,R_100,348.29
1781422726,R_100,348.22
1781422728,R_100,348.1
1781422730,R_100,348.1
1781422732,R_100,348.14
1781422734,R_100,348.1
1781422736,R_100,348.13
1781422738,R_100,348.09
1781422740,R_100,348.13
1781422742,R_100,348.09
1781422744,R_100,348.11
1781422746,R_100,348.04
1781422748,R_100,348.1
1781422750,R_100,348.13
1781422752,R_100,348.32
1781422754,R_100,348.52
1781422756,R_100,348.63
1781422758,R_100,348.55
1781422760,R_100,348.59
1781422762,R_100,348.45
1781422764,R_100,348.52
1781422766,R_100,348.51
1781422768,R_100,348.59
1781422770,R_100,348.65
1781422772,R_100,348.53
1781422774,R_100,348.49
1781422776,R_100,348.56
1781422778,R_100,348.6
1781422780,R_100,348.65
1781422782,R_100,348.68
1781422784,R_100,348.62
1781422786,R_100,348.62
1781422788,R_100,348.65
1781422790,R_100,348.78
1781422792,R_100,348.88
1781422794,R_100,348.89
1781422796,R_100,348.9
1781422798,R_100,348.89
1781422800,R_100,348.96
1781422802,R_100,348.95
1781422804,R_100,349.02
1781422806,R_100,349.14
1781422808,R_100,349.2
1781422810,R_100,349.16
1781422812,R_100,349.19
1781422814,R_100,349.31
1781422816,R_100,349.14
1781422818,R_100,349.11
1781422820,R_100,349.17
1781422822,R_100,349.29
1781422824,R_100,349.39
1781422826,R_100,349.29
1781422828,R_100,349.3
1781422830,R_100,349.16
1781422832,R_100,349.19
1781422834,R_100,349.2
1781422836,R_100,349.25
1781422838,R_100,349.21
1781422840,R_100,349.25
1781422842,R_100,349.21
1781422844,R_100,349.13
1781422846,R_100,349.01
1781422848,R_100,348.82
1781422850,R_100,348.71
1781422852,R_100,348.6
1781422854,R_100,348.51
1781422856,R_100,348.59
1781422858,R_100,348.53
1781422860,R_100,348.62
1781422862,R_100,348.68
1781422864,R_100,348.68
1781422866,R_100,348.77
1781422868,R_100,348.72
1781422870,R_100,348.68
1781422872,R_100,348.8
1781422874,R_100,348.99
1781422876,R_100,349.12
1781422878,R_100,349.17
1781422880,R_100,349.07
1781422882,R_100,349.11
1781422884,R_100,349.06
1781422886,R_100,349.18
1781422888,R_100,349.07
1781422890,R_100,348.94
1781422892,R_100,348.88
1781422894,R_100,349.02
1781422896,R_100,349.1
1781422898,R_100,348.91
1781422900,R_100,348.88
1781422902,R_100,348.96
1781422904,R_100,348.98
1781422906,R_100,348.96
1781422908,R_100,348.94
1781422910,R_100,348.88
1781422912,R_100,348.96
1781422914,R_100,348.92
1781422916,R_100,349.02
1781422918,R_100,349.15
1781422920,R_100,349.17
1781422922,R_100,349.25
1781422924,R_100,349.25
1781422926,R_100,349.35
1781422928,R_100,349.49
1781422930,R_100,349.52
1781422932,R_100,349.55
1781422934,R_100,349.65
1781422936,R_100,349.69
1781422938,R_100,349.74
1781422940,R_100,349.76
1781422942,R_100,349.8
1781422944,R_100,349.84
1781422946,R_100,349.9
1781422948,R_100,349.83
1781422950,R_100,349.87
1781422952,R_100,349.84
1781422954,R_100,349.85
1781422956,R_100,349.95
1781422958,R_100,349.97
1781422960,R_100,349.93
1781422962,R_100,350.05
1781422964,R_100,350.11
1781422966,R_100,350.15
1781422968,R_100,350.16
1781422970,R_100,350.22
1781422972,R_100,350.28
1781422974,R_100,350.2
1781422976,R_100,350.24
1781422978,R_100,350.15
1781422980,R_100,350.08
1781422982,R_100,350.06
1781422984,R_100,350.07
1781422986,R_100,350.34
1781422988,R_100,350.36
1781422990,R_100,350.37
1781422992,R_100,350.15
1781422994,R_100,350.18
1781422996,R_100,350.11
1781422998,R_100,350.14
1781423000,R_100,350.1
1781423002,R_100,350.13
1781423004,R_100,350.14
1781423006,R_100,350.12
1781423008,R_100,350.05
1781423010,R_100,350.17
1781423012,R_100,350.24
1781423014,R_100,350.37
1781423016,R_100,350.5
1781423018,R_100,350.61
1781423020,R_100,350.61
1781423022,R_100,350.57
1781423024,R_100,350.44
1781423026,R_100,350.6
1781423028,R_100,350.5
1781423030,R_100,350.46
1781423032,R_100,350.44
1781423034,R_100,350.48
1781423036,R_100,350.57
1781423038,R_100,350.6
1781423040,R_100,350.57
1781423042,R_100,350.65
1781423044,R_100,350.73
1781423046,R_100,350.67
1781423048,R_100,350.67
1781423050,R_100,350.69
1781423052,R_100,350.8
1781423054,R_100,350.86
1781423056,R_100,350.88
1781423058,R_100,350.92
1781423060,R_100,350.96
1781423062,R_100,350.94
1781423064,R_100,351.06
1781423066,R_100,351.02
1781423068,R_100,351.07
1781423070,R_100,351.17
1781423072,R_100,351.29
1781423074,R_100,351.22
1781423076,R_100,351.23
1781423078,R_100,351.15
1781423080,R_100,351.14
1781423082,R_100,351.13
1781423084,R_100,351.1
1781423086,R_100,351.09
1781423088,R_100,351.15
1781423090,R_100,351.1
1781423092,R_100,351.15
1781423094,R_100,351.14
1781423096,R_100,351.29
1781423098,R_100,351.23
1781423100,R_100,351.3
1781423102,R_100,351.24
1781423104,R_100,351.22
1781423106,R_100,350.97
1781423108,R_100,350.92
1781423110,R_100,350.89
1781423112,R_100,350.9
1781423114,R_100,350.83
1781423116,R_100,350.79
1781423118,R_100,350.64
1781423120,R_100,350.74
1781423122,R_100,350.84
1781423124,R_100,350.95
1781423126,R_100,350.97
1781423128,R_100,351.03
1781423130,R_100,351.19
1781423132,R_100,351.17
1781423134,R_100,351.18
1781423136,R_100,351.21
1781423138,R_100,351.28
1781423140,R_100,351.2
1781423142,R_100,351.25
1781423144,R_100,351.09
1781423146,R_100,351.12
1781423148,R_100,351.03
1781423150,R_100,351.07
1781423152,R_100,351
1781423154,R_100,350.9
1781423156,R_100,350.8
1781423158,R_100,350.96
1781423160,R_100,350.91
1781423162,R_100,350.99
1781423164,R_100,350.95
1781423166,R_100,351.13
1781423168,R_100,351.14
1781423170,R_100,351.2
1781423172,R_100,351.2
1781423174,R_100,351.26
1781423176,R_100,351.2
1781423178,R_100,351.29
1781423180,R_100,351.25
1781423182,R_100,351.25
1781423184,R_100,351.15
1781423186,R_100,351.14
1781423188,R_100,350.88
1781423190,R_100,350.94
1781423192,R_100,351.07
1781423194,R_100,351.16
1781423196,R_100,351.18
1781423198,R_100,351.27
1781423200,R_100,351.23
1781423202,R_100,351.24
1781423204,R_100,351.17
1781423206,R_100,351.08
1781423208,R_100,351.14
1781423210,R_100,350.97
1781423212,R_100,351.01
1781423214,R_100,351.04
1781423216,R_100,351.17
1781423218,R_100,351.11
1781423220,R_100,351.12
1781423222,R_100,351.03
1781423224,R_100,350.97
1781423226,R_100,350.9
1781423228,R_100,350.87
1781423230,R_100,350.93
1781423232,R_100,350.86
1781423234,R_100,350.78
1781423236,R_100,350.71
1781423238,R_100,350.66
1781423240,R_100,350.68
1781423242,R_100,350.66
1781423244,R_100,350.54
1781423246,R_100,350.48
1781423248,R_100,350.5
1781423250,R_100,350.35
1781423252,R_100,350.27
1781423254,R_100,350.4
1781423256,R_100,350.27
1781423258,R_100,350.33
1781423260,R_100,350.37
1781423262,R_100,350.37
1781423264,R_100,350.41
1781423266,R_100,350.35
1781423268,R_100,350.31
1781423270,R_100,350.23
1781423272,R_100,350.13
1781423274,R_100,350.1
1781423276,R_100,350.06
1781423278,R_100,350.09
1781423280,R_100,350.16
1781423282,R_100,350.2
1781423284,R_100,350.1
1781423286,R_100,349.97
1781423288,R_100,349.77
1781423290,R_100,349.84
1781423292,R_100,349.76
1781423294,R_100,349.79
1781423296,R_100,349.65
1781423298,R_100,349.59
1781423300,R_100,349.61
1781423302,R_100,349.67
1781423304,R_100,349.66
1781423306,R_100,349.79
1781423308,R_100,349.8
1781423310,R_100,349.81
1781423312,R_100,349.69
1781423314,R_100,349.6
1781423316,R_100,349.56
1781423318,R_100,349.56
1781423320,R_100,349.4
1781423322,R_100,349.36
1781423324,R_100,349.36
1781423326,R_100,349.43
1781423328,R_100,349.32
1781423330,R_100,349.28
1781423332,R_100,349.34
1781423334,R_100,349.42
1781423336,R_100,349.56
1781423338,R_100,349.6
1781423340,R_100,349.52
1781423342,R_100,349.61
1781423344,R_100,349.58
1781423346,R_100,349.63
1781423348,R_100,349.55
1781423350,R_100,349.57
1781423352,R_100,349.58
1781423354,R_100,349.58
1781423356,R_100,349.44
1781423358,R_100,349.62
1781423360,R_100,349.58
1781423362,R_100,349.75
1781423364,R_100,349.65
1781423366,R_100,349.64
1781423368,R_100,349.65
1781423370,R_100,349.63
1781423372,R_100,349.52
1781423374,R_100,349.5
1781423376,R_100,349.53
1781423378,R_100,349.45
1781423380,R_100,349.48
1781423382,R_100,349.57
1781423384,R_100,349.53
1781423386,R_100,349.61
1781423388,R_100,349.58
1781423390,R_100,349.51
1781423392,R_100,349.55
1781423394,R_100,349.69
1781423396,R_100,349.71
1781423398,R_100,349.75
1781423400,R_100,349.65
1781423402,R_100,349.72
1781423404,R_100,349.74
1781423406,R_100,349.97
1781423408,R_100,349.98
1781423410,R_100,350.03
1781423412,R_100,349.94
1781423414,R_100,349.97
1781423416,R_100,349.93
1781423418,R_100,350.01
1781423420,R_100,350.14
1781423422,R_100,350.16
1781423424,R_100,350.24
1781423426,R_100,350.14
1781423428,R_100,350.02
1781423430,R_100,350.05
1781423432,R_100,350.16
1781423434,R_100,349.99
1781423436,R_100,349.98
1781423438,R_100,349.98
1781423440,R_100,350.08
1781423442,R_100,350.05
1781423444,R_100,350.08
1781423446,R_100,350.16
1781423448,R_100,350.02
1781423450,R_100,349.88
1781423452,R_100,349.79
1781423454,R_100,349.95
1781423456,R_100,349.9
1781423458,R_100,350.09
1781423460,R_100,349.97
1781423462,R_100,349.99
1781423464,R_100,349.95
1781423466,R_100,350.01
1781423468,R_100,350.17
1781423470,R_100,350.19
1781423472,R_100,350.31
1781423474,R_100,350.3
1781423476,R_100,350.26
1781423478,R_100,350.15
1781423480,R_100,350.14
1781423482,R_100,350.22
1781423484,R_100,350.21
1781423486,R_100,350.27
1781423488,R_100,350.32
1781423490,R_100,350.31
1781423492,R_100,350.41
1781423494,R_100,350.4
1781423496,R_100,350.43
1781423498,R_100,350.43
1781423500,R_100,350.37
1781423502,R_100,350.36
1781423504,R_100,350.26
1781423506,R_100,350.32
1781423508,R_100,350.23
1781423510,R_100,350.23
1781423512,R_100,350.22
1781423514,R_100,350.14
1781423516,R_100,350.1
1781423518,R_100,349.9
1781423520,R_100,349.83
1781423522,R_100,349.87
1781423524,R_100,349.81
1781423526,R_100,349.8
1781423528,R_100,349.78
1781423530,R_100,349.77
1781423532,R_100,349.75
1781423534,R_100,349.9
1781423536,R_100,349.88
1781423538,R_100,349.97
1781423540,R_100,350.11
1781423542,R_100,350.06
1781423544,R_100,349.95
1781423546,R_100,349.85
1781423548,R_100,349.79
1781423550,R_100,349.81
1781423552,R_100,349.89
1781423554,R_100,349.85
1781423556,R_100,349.84
1781423558,R_100,349.86
1781423560,R_100,349.94
1781423562,R_100,349.96
1781423564,R_100,350.09
1781423566,R_100,350.06
1781423568,R_100,350.1
1781423570,R_100,350.06
1781423572,R_100,350.1
1781423574,R_100,349.97
1781423576,R_100,350.06
1781423578,R_100,350.1
1781423580,R_100,350.36
1781423582,R_100,350.14
1781423584,R_100,350.28
1781423586,R_100,350.3
1781423588,R_100,350.37
1781423590,R_100,350.36
1781423592,R_100,350.27
1781423594,R_100,350.13
1781423596,R_100,350.14
1781423598,R_100,350.01
1781423600,R_100,350.08
1781423602,R_100,350.2
1781423604,R_100,350.16
1781423606,R_100,350.12
1781423608,R_100,350.08
1781423610,R_100,350.04
1781423612,R_100,350.13
1781423614,R_100,350.25
1781423616,R_100,350.35
1781423618,R_100,350.47
1781423620,R_100,350.35
1781423622,R_100,350.37
1781423624,R_100,350.38
1781423626,R_100,350.44
1781423628,R_100,350.33
1781423630,R_100,350.33
1781423632,R_100,350.46
1781423634,R_100,350.45
1781423636,R_100,350.53
1781423638,R_100,350.51
1781423640,R_100,350.46
1781423642,R_100,350.52
1781423644,R_100,350.45
1781423646,R_100,350.55
1781423648,R_100,350.7
1781423650,R_100,350.69
1781423652,R_100,350.62
1781423654,R_100,350.49
1781423656,R_100,350.48
1781423658,R_100,350.53
1781423660,R_100,350.57
1781423662,R_100,350.67
1781423664,R_100,350.6
1781423666,R_100,350.77
1781423668,R_100,350.75
1781423670,R_100,350.7
1781423672,R_100,350.75
1781423674,R_100,350.73
1781423676,R_100,350.63
1781423678,R_100,350.62
1781423680,R_100,350.64
1781423682,R_100,350.51
1781423684,R_100,350.43
1781423686,R_100,350.5
1781423688,R_100,350.36
1781423690,R_100,350.37
1781423692,R_100,350.37
1781423694,R_100,350.38
1781423696,R_100,350.38
1781423698,R_100,350.51
1781423700,R_100,350.57
1781423702,R_100,350.67
1781423704,R_100,350.57
1781423706,R_100,350.68
1781423708,R_100,350.75
1781423710,R_100,350.73
1781423712,R_100,350.81
1781423714,R_100,350.68
1781423716,R_100,350.7
1781423718,R_100,350.66
1781423720,R_100,350.69
1781423722,R_100,350.76
1781423724,R_100,350.72
1781423726,R_100,350.65
1781423728,R_100,350.73
1781423730,R_100,350.68
1781423732,R_100,350.56
1781423734,R_100,350.6
1781423736,R_100,350.4
1781423738,R_100,350.46
1781423740,R_100,350.68
1781423742,R_100,350.71
1781423744,R_100,350.54
1781423746,R_100,350.37
1781423748,R_100,350.27
1781423750,R_100,350.29
1781423752,R_100,350.36
1781423754,R_100,350.18
1781423756,R_100,350.21
1781423758,R_100,350.33
1781423760,R_100,350.27
1781423762,R_100,350.16
1781423764,R_100,350.2
1781423766,R_100,350.28
1781423768,R_100,350.11
1781423770,R_100,349.98
1781423772,R_100,350.12
1781423774,R_100,350.13
1781423776,R_100,350.03
1781423778,R_100,349.87
1781423780,R_100,349.86
1781423782,R_100,349.84
1781423784,R_100,349.97
1781423786,R_100,350.2
1781423788,R_100,350.21
1781423790,R_100,350.29
1781423792,R_100,350.22
1781423794,R_100,350.22
1781423796,R_100,350.15
1781423798,R_100,350.2
1781423800,R_100,350.23
1781423802,R_100,350.15
1781423804,R_100,350.21
1781423806,R_100,350.28
1781423808,R_100,350.19
1781423810,R_100,350.28
1781423812,R_100,350.48
1781423814,R_100,350.54
1781423816,R_100,350.48
1781423818,R_100,350.53
1781423820,R_100,350.56
1781423822,R_100,350.35
1781423824,R_100,350.33
1781423826,R_100,350.14
1781423828,R_100,350.24
1781423830,R_100,350.25
1781423832,R_100,350.36
1781423834,R_100,350.33
1781423836,R_100,350.35
1781423838,R_100,350.36
1781423840,R_100,350.22
1781423842,R_100,350.3
1781423844,R_100,350.31
1781423846,R_100,350.39
1781423848,R_100,350.51
1781423850,R_100,350.49
1781423852,R_100,350.25
1781423854,R_100,350.2
1781423856,R_100,350.3
1781423858,R_100,350.21
1781423860,R_100,350.12
1781423862,R_100,350.18
1781423864,R_100,350.13
1781423866,R_100,350.06
1781423868,R_100,349.94
1781423870,R_100,350.07
1781423872,R_100,350.25
1781423874,R_100,350.28
1781423876,R_100,350.17
1781423878,R_100,350.21
1781423880,R_100,350.25
1781423882,R_100,350.17
1781423884,R_100,350.23
1781423886,R_100,350.37
1781423888,R_100,350.38
1781423890,R_100,350.3
1781423892,R_100,350.18
1781423894,R_100,349.98
1781423896,R_100,349.88
1781423898,R_100,349.9
1781423900,R_100,349.81
1781423902,R_100,349.72
1781423904,R_100,349.73
1781423906,R_100,349.79
1781423908,R_100,349.68
1781423910,R_100,349.79
1781423912,R_100,349.78
1781423914,R_100,349.88
1781423916,R_100,349.89
1781423918,R_100,349.96
1781423920,R_100,349.97
1781423922,R_100,349.95
1781423924,R_100,349.97
1781423926,R_100,349.82
1781423928,R_100,349.86
1781423930,R_100,349.77
1781423932,R_100,349.91
1781423934,R_100,350.09
1781423936,R_100,350.07
1781423938,R_100,350.12
1781423940,R_100,350.08
1781423942,R_100,349.99
1781423944,R_100,349.99
1781423946,R_100,350.18
1781423948,R_100,350.11
1781423950,R_100,350.16
1781423952,R_100,350.22
1781423954,R_100,350.24
1781423956,R_100,350.36
1781423958,R_100,350.31
1781423960,R_100,350.27
1781423962,R_100,350.37
1781423964,R_100,350.36
1781423966,R_100,350.35
1781423968,R_100,350.35
1781423970,R_100,350.2
1781423972,R_100,350.15
1781423974,R_100,350.14
1781423976,R_100,350.01
1781423978,R_100,349.94
1781423980,R_100,350
1781423982,R_100,350
1781423984,R_100,350.1
1781423986,R_100,350.18
1781423988,R_100,350.21
1781423990,R_100,350.2
1781423992,R_100,350.22
1781423994,R_100,350.2
1781423996,R_100,350.28
1781423998,R_100,350.42
1781424000,R_100,350.27
1781424002,R_100,350.33
1781424004,R_100,350.21
1781424006,R_100,350.38
1781424008,R_100,350.29
1781424010,R_100,350.18
1781424012,R_100,350.28
1781424014,R_100,350.17
1781424016,R_100,350.15
1781424018,R_100,350.1
1781424020,R_100,350.14
1781424022,R_100,350.09
1781424024,R_100,350.08
1781424026,R_100,349.91
1781424028,R_100,349.8
1781424030,R_100,349.56
1781424032,R_100,349.48
1781424034,R_100,349.44
1781424036,R_100,349.48
1781424038,R_100,349.54
1781424040,R_100,349.78
1781424042,R_100,349.95
1781424044,R_100,349.92
1781424046,R_100,349.97
1781424048,R_100,350.03
1781424050,R_100,350.19
1781424052,R_100,350.19
1781424054,R_100,350.2
1781424056,R_100,350.2
1781424058,R_100,350.21
1781424060,R_100,350.13
1781424062,R_100,350.03
1781424064,R_100,350.02
1781424066,R_100,349.96
1781424068,R_100,349.96
1781424070,R_100,349.94
1781424072,R_100,350.02
1781424074,R_100,349.99
1781424076,R_100,349.89
1781424078,R_100,349.98
1781424080,R_100,349.8
1781424082,R_100,349.77
1781424084,R_100,349.77
1781424086,R_100,349.66
1781424088,R_100,349.51
1781424090,R_100,349.28
1781424092,R_100,349.34
1781424094,R_100,349.31
1781424096,R_100,349.22
1781424098,R_100,349.31
1781424100,R_100,349.38
1781424102,R_100,349.35
1781424104,R_100,349.28
1781424106,R_100,349.26
1781424108,R_100,349.23
1781424110,R_100,349.25
1781424112,R_100,349.27
1781424114,R_100,349.35
1781424116,R_100,349.44
1781424118,R_100,349.39
1781424120,R_100,349.6
1781424122,R_100,349.51
1781424124,R_100,349.56
1781424126,R_100,349.47
1781424128,R_100,349.34
1781424130,R_100,349.49
1781424132,R_100,349.53
1781424134,R_100,349.54
1781424136,R_100,349.58
1781424138,R_100,349.4
1781424140,R_100,349.5
1781424142,R_100,349.39
1781424144,R_100,349.61
1781424146,R_100,349.75
1781424148,R_100,349.57
1781424150,R_100,349.75
1781424152,R_100,349.6
1781424154,R_100,349.54
1781424156,R_100,349.58
1781424158,R_100,349.69
1781424160,R_100,349.72
1781424162,R_100,349.75
1781424164,R_100,349.52
1781424166,R_100,349.58
1781424168,R_100,349.46
1781424170,R_100,349.38
1781424172,R_100,349.4
1781424174,R_100,349.36
1781424176,R_100,349.43
1781424178,R_100,349.32
1781424180,R_100,349.5
1781424182,R_100,349.59
1781424184,R_100,349.55
1781424186,R_100,349.53
1781424188,R_100,349.42
1781424190,R_100,349.49
1781424192,R_100,349.57
1781424194,R_100,349.55
1781424196,R_100,349.57
1781424198,R_100,349.52
1781424200,R_100,349.53
1781424202,R_100,349.43
1781424204,R_100,349.44
1781424206,R_100,349.56
1781424208,R_100,349.52
1781424210,R_100,349.47
1781424212,R_100,349.46
1781424214,R_100,349.34
1781424216,R_100,349.39
1781424218,R_100,349.24
1781424220,R_100,349.34
1781424222,R_100,349.31
1781424224,R_100,349.39
1781424226,R_100,349.4
1781424228,R_100,349.43
1781424230,R_100,349.55
1781424232,R_100,349.59
1781424234,R_100,349.69
1781424236,R_100,349.73
1781424238,R_100,349.66
1781424240,R_100,349.56
1781424242,R_100,349.68
1781424244,R_100,349.51
1781424246,R_100,349.47
1781424248,R_100,349.58
1781424250,R_100,349.68
1781424252,R_100,349.74
1781424254,R_100,349.87
1781424256,R_100,350.06
1781424258,R_100,350.11
1781424260,R_100,350.22
1781424262,R_100,350.25
1781424264,R_100,350.09
1781424266,R_100,349.91
1781424268,R_100,350
1781424270,R_100,349.99
1781424272,R_100,349.95
1781424274,R_100,349.93
1781424276,R_100,349.97
1781424278,R_100,349.88
1781424280,R_100,349.88
1781424282,R_100,349.83
1781424284,R_100,349.76
1781424286,R_100,349.75
1781424288,R_100,349.75
1781424290,R_100,349.68
1781424292,R_100,349.63
1781424294,R_100,349.62
1781424296,R_100,349.72
1781424298,R_100,349.72
1781424300,R_100,349.78
1781424302,R_100,349.78
1781424304,R_100,349.63
1781424306,R_100,349.66
1781424308,R_100,349.71
1781424310,R_100,349.8
1781424312,R_100,349.82
1781424314,R_100,350
1781424316,R_100,350.1
1781424318,R_100,350.07
1781424320,R_100,349.99
1781424322,R_100,349.91
1781424324,R_100,349.99
1781424326,R_100,349.85
1781424328,R_100,349.96
1781424330,R_100,350.02
1781424332,R_100,350.13
1781424334,R_100,350.19
1781424336,R_100,350.04
1781424338,R_100,349.96
1781424340,R_100,350.01
1781424342,R_100,349.95
1781424344,R_100,350.01
1781424346,R_100,349.99
1781424348,R_100,349.94
1781424350,R_100,349.97
1781424352,R_100,350.11
1781424354,R_100,350.18
1781424356,R_100,350.18
1781424358,R_100,350.17
1781424360,R_100,350.17
1781424362,R_100,350.13
1781424364,R_100,350.09
1781424366,R_100,350.01
1781424368,R_100,350.12
1781424370,R_100,349.97
1781424372,R_100,350
1781424374,R_100,350.08
1781424376,R_100,350.23
1781424378,R_100,350.25
1781424380,R_100,350.28
1781424382,R_100,350.22
1781424384,R_100,350.15
1781424386,R_100,350.1
1781424388,R_100,350.13
1781424390,R_100,350.14
1781424392,R_100,349.99
1781424394,R_100,350.24
1781424396,R_100,350.33
1781424398,R_100,350.32
1781424400,R_100,350.29
1781424402,R_100,350.42
1781424404,R_100,350.34
1781424406,R_100,350.25
1781424408,R_100,350.24
1781424410,R_100,350.1
1781424412,R_100,350.19
1781424414,R_100,350.19
1781424416,R_100,350.09
1781424418,R_100,350.11
1781424420,R_100,350.18
1781424422,R_100,350.09
1781424424,R_100,350.14
1781424426,R_100,350.06
1781424428,R_100,350.02
1781424430,R_100,350.02
1781424432,R_100,349.94
1781424434,R_100,349.79
1781424436,R_100,349.72
1781424438,R_100,349.77
1781424440,R_100,349.74
1781424442,R_100,349.93
1781424444,R_100,349.94
1781424446,R_100,349.98
1781424448,R_100,350
1781424450,R_100,350.06
1781424452,R_100,350.02
1781424454,R_100,349.81
1781424456,R_100,349.69
1781424458,R_100,349.94
1781424460,R_100,349.97
1781424462,R_100,349.85
1781424464,R_100,349.89
1781424466,R_100,349.93
1781424468,R_100,350.02
1781424470,R_100,350.11
1781424472,R_100,350.04
1781424474,R_100,350.06
1781424476,R_100,350.05
1781424478,R_100,349.9
1781424480,R_100,349.87
1781424482,R_100,349.93
1781424484,R_100,349.91
1781424486,R_100,349.89
1781424488,R_100,349.83
1781424490,R_100,349.87
1781424492,R_100,349.89
1781424494,R_100,349.9
1781424496,R_100,349.88
1781424498,R_100,349.88
1781424500,R_100,349.79
1781424502,R_100,349.79
1781424504,R_100,349.72
1781424506,R_100,349.87
1781424508,R_100,349.8
1781424510,R_100,349.74
1781424512,R_100,349.71
1781424514,R_100,349.68
1781424516,R_100,349.84
1781424518,R_100,349.9
1781424520,R_100,349.77
1781424522,R_100,349.77
1781424524,R_100,349.93
1781424526,R_100,349.91
1781424528,R_100,349.9
1781424530,R_100,349.96
1781424532,R_100,350.01
1781424534,R_100,350.02
1781424536,R_100,350
1781424538,R_100,350.1
1781424540,R_100,350.11
1781424542,R_100,350.16
1781424544,R_100,350.16
1781424546,R_100,350.11
1781424548,R_100,350.19
1781424550,R_100,350.3
1781424552,R_100,350.46
1781424554,R_100,350.41
1781424556,R_100,350.52
1781424558,R_100,350.51
1781424560,R_100,350.57
1781424562,R_100,350.65
1781424564,R_100,350.8
1781424566,R_100,350.84
1781424568,R_100,350.7
1781424570,R_100,350.56
1781424572,R_100,350.43
1781424574,R_100,350.35
1781424576,R_100,350.24
1781424578,R_100,350.27
1781424580,R_100,350.3
1781424582,R_100,350.37
1781424584,R_100,350.32
1781424586,R_100,350.37
1781424588,R_100,350.31
1781424590,R_100,350.3
1781424592,R_100,350.25
1781424594,R_100,350.29
1781424596,R_100,350.11
1781424598,R_100,349.91
1781424600,R_100,349.9
1781424602,R_100,349.91
1781424604,R_100,349.93
1781424606,R_100,350.04
1781424608,R_100,350.12
1781424610,R_100,350.19
1781424612,R_100,350.27
1781424614,R_100,350.4
1781424616,R_100,350.45
1781424618,R_100,350.4
1781424620,R_100,350.38
1781424622,R_100,350.55
1781424624,R_100,350.35
1781424626,R_100,350.43
1781424628,R_100,350.4
1781424630,R_100,350.49
1781424632,R_100,350.43
1781424634,R_100,350.46
1781424636,R_100,350.6
1781424638,R_100,350.69
1781424640,R_100,350.61
1781424642,R_100,350.62
1781424644,R_100,350.64
1781424646,R_100,350.59
1781424648,R_100,350.43
1781424650,R_100,350.53
1781424652,R_100,350.7
1781424654,R_100,350.8
1781424656,R_100,350.88
1781424658,R_100,350.96
1781424660,R_100,351.02
1781424662,R_100,350.9
1781424664,R_100,350.9
1781424666,R_100,350.93
1781424668,R_100,350.93
1781424670,R_100,350.91
1781424672,R_100,351.06
1781424674,R_100,351.17
1781424676,R_100,351.29
1781424678,R_100,351.31
1781424680,R_100,351.25
1781424682,R_100,351.2
1781424684,R_100,351.36
1781424686,R_100,351.5
1781424688,R_100,351.63
1781424690,R_100,351.53
1781424692,R_100,351.62
1781424694,R_100,351.64
1781424696,R_100,351.65
1781424698,R_100,351.67
1781424700,R_100,351.86
1781424702,R_100,351.74
1781424704,R_100,351.73
1781424706,R_100,351.64
1781424708,R_100,351.46
1781424710,R_100,351.47
1781424712,R_100,351.46
1781424714,R_100,351.32
1781424716,R_100,351.47
1781424718,R_100,351.45
1781424720,R_100,351.34
1781424722,R_100,351.4
1781424724,R_100,351.41
1781424726,R_100,351.4
1781424728,R_100,351.19
1781424730,R_100,351.13
1781424732,R_100,351.16
1781424734,R_100,351.17
1781424736,R_100,351.22
1781424738,R_100,351.08
1781424740,R_100,351.15
1781424742,R_100,351.02
1781424744,R_100,351.04
1781424746,R_100,350.97
1781424748,R_100,350.99
1781424750,R_100,350.95
1781424752,R_100,350.96
1781424754,R_100,351.07
1781424756,R_100,351.11
1781424758,R_100,351.07
1781424760,R_100,351.14
1781424762,R_100,351.1
1781424764,R_100,350.99
1781424766,R_100,350.95
1781424768,R_100,351.08
1781424770,R_100,351.06
1781424772,R_100,351.03
1781424774,R_100,350.96
1781424776,R_100,350.93
1781424778,R_100,350.94
1781424780,R_100,351
1781424782,R_100,351.05
1781424784,R_100,351.1
1781424786,R_100,351.07
1781424788,R_100,351.08
1781424790,R_100,350.99
1781424792,R_100,350.95
1781424794,R_100,350.93
1781424796,R_100,351.01
1781424798,R_100,351.02
1781424800,R_100,350.95
1781424802,R_100,350.92
1781424804,R_100,350.8
1781424806,R_100,350.71
1781424808,R_100,350.77
1781424810,R_100,350.73
1781424812,R_100,350.62
1781424814,R_100,350.62
1781424816,R_100,350.71
1781424818,R_100,350.7
1781424820,R_100,350.61
1781424822,R_100,350.53
1781424824,R_100,350.47
1781424826,R_100,350.49
1781424828,R_100,350.63
1781424830,R_100,350.75
1781424832,R_100,350.72
1781424834,R_100,350.78
1781424836,R_100,350.75
1781424838,R_100,350.62
1781424840,R_100,350.57
1781424842,R_100,350.61
1781424844,R_100,350.58
1781424846,R_100,350.61
1781424848,R_100,350.67
1781424850,R_100,350.67
1781424852,R_100,350.63
1781424854,R_100,350.6
1781424856,R_100,350.62
1781424858,R_100,350.74
1781424860,R_100,350.69
1781424862,R_100,350.71
1781424864,R_100,350.8
1781424866,R_100,350.74
1781424868,R_100,350.83
1781424870,R_100,350.9
1781424872,R_100,350.87
1781424874,R_100,350.99
1781424876,R_100,350.98
1781424878,R_100,351.01
1781424880,R_100,350.98
1781424882,R_100,350.95
1781424884,R_100,351
1781424886,R_100,351
1781424888,R_100,350.9
1781424890,R_100,350.99
1781424892,R_100,351.16
1781424894,R_100,351.22
1781424896,R_100,351.14
1781424898,R_100,351.04
1781424900,R_100,350.96
1781424902,R_100,351.02
1781424904,R_100,351.02
1781424906,R_100,351.04
1781424908,R_100,350.98
1781424910,R_100,351.08
1781424912,R_100,351.02
1781424914,R_100,351.02
1781424916,R_100,351.07
1781424918,R_100,351.01
1781424920,R_100,350.96
1781424922,R_100,351.09
1781424924,R_100,351.02
1781424926,R_100,350.85
1781424928,R_100,350.71
1781424930,R_100,350.78
1781424932,R_100,350.88
1781424934,R_100,350.77
1781424936,R_100,350.97
1781424938,R_100,351.03
1781424940,R_100,351.04
1781424942,R_100,351.12
1781424944,R_100,351.09
1781424946,R_100,351.05
1781424948,R_100,351.16
1781424950,R_100,351.16
1781424952,R_100,350.98
1781424954,R_100,351.03
1781424956,R_100,351.12
1781424958,R_100,351.08
1781424960,R_100,351
1781424962,R_100,351.05
1781424964,R_100,351.07
1781424966,R_100,351.11
1781424968,R_100,351.08
1781424970,R_100,350.99
1781424972,R_100,350.99
1781424974,R_100,350.9
1781424976,R_100,350.94
1781424978,R_100,351.15
1781424980,R_100,351.09
1781424982,R_100,351.1
1781424984,R_100,350.99
1781424986,R_100,351.09
1781424988,R_100,351.14
1781424990,R_100,351.11
1781424992,R_100,351.17
1781424994,R_100,351.04
1781424996,R_100,351.06
1781424998,R_100,351.06
1781425000,R_100,351.11
1781425002,R_100,351.08
1781425004,R_100,351
1781425006,R_100,351.06
1781425008,R_100,351.03
1781425010,R_100,351.01
1781425012,R_100,351.1
1781425014,R_100,351.07
1781425016,R_100,351.05
1781425018,R_100,350.98
1781425020,R_100,351.15
1781425022,R_100,351.11
1781425024,R_100,351.05
1781425026,R_100,351.19
1781425028,R_100,351.29
1781425030,R_100,351.39
1781425032,R_100,351.5
1781425034,R_100,351.6
1781425036,R_100,351.62
1781425038,R_100,351.7
1781425040,R_100,351.7
1781425042,R_100,351.8
1781425044,R_100,351.69
1781425046,R_100,351.71
1781425048,R_100,351.77
1781425050,R_100,351.81
1781425052,R_100,351.73
1781428236,R_100,349.9
1781428238,R_100,349.97
1781428240,R_100,350.08
1781428242,R_100,350.04
1781428244,R_100,350.02
1781428246,R_100,350.01
1781428248,R_100,350.01
1781428250,R_100,349.9
1781428252,R_100,349.88
1781428254,R_100,349.84
1781428256,R_100,349.67
1781428258,R_100,349.65
1781428260,R_100,349.8
1781428262,R_100,349.8
1781428264,R_100,349.98
1781428266,R_100,349.98
1781428268,R_100,349.98
1781428270,R_100,349.91
1781428272,R_100,349.79
1781428274,R_100,349.88
1781428276,R_100,349.87
1781428278,R_100,349.78
1781428280,R_100,349.8
1781428282,R_100,349.79
1781428284,R_100,349.67
1781428286,R_100,349.6
1781428288,R_100,349.56
1781428290,R_100,349.52
1781428292,R_100,349.5
1781428294,R_100,349.52
1781428296,R_100,349.64
1781428298,R_100,349.57
1781428300,R_100,349.51
1781428302,R_100,349.57
1781428304,R_100,349.48
1781428306,R_100,349.55
1781428308,R_100,349.53
1781428310,R_100,349.38
1781428312,R_100,349.32
1781428314,R_100,349.4
1781428316,R_100,349.37
1781428318,R_100,349.3
1781428320,R_100,349.39
1781428322,R_100,349.48
1781428324,R_100,349.69
1781428326,R_100,349.81
1781428328,R_100,349.81
1781428330,R_100,349.71
1781428332,R_100,349.63
1781428334,R_100,349.66
1781428336,R_100,349.68
1781428338,R_100,349.59
1781428340,R_100,349.66
1781428342,R_100,349.71
1781428344,R_100,349.52
1781428346,R_100,349.48
1781428348,R_100,349.42
1781428350,R_100,349.33
1781428352,R_100,349.3
1781428354,R_100,349.41
1781428356,R_100,349.49
1781428358,R_100,349.62
1781428360,R_100,349.64
1781428362,R_100,349.57
1781428364,R_100,349.52
1781428366,R_100,349.51
1781428368,R_100,349.42
1781428370,R_100,349.46
1781428372,R_100,349.51
1781428374,R_100,349.5
1781428376,R_100,349.45
1781428378,R_100,349.36
1781428380,R_100,349.52
1781428382,R_100,349.49
1781428384,R_100,349.44
1781428386,R_100,349.36
1781428388,R_100,349.19
1781428390,R_100,349.2
1781428392,R_100,349.19
1781428394,R_100,349.08
1781428396,R_100,349.12
1781428398,R_100,349.16
1781428400,R_100,349.21
1781428402,R_100,349.17
1781428404,R_100,349.17
1781428406,R_100,349.03
1781428408,R_100,348.9
1781428410,R_100,348.92
1781428412,R_100,348.94
1781428414,R_100,348.97
1781428416,R_100,348.94
1781428418,R_100,349.1
1781428420,R_100,348.99
1781428422,R_100,349.16
1781428424,R_100,349.13
1781428426,R_100,349.08
1781428428,R_100,348.96
1781428430,R_100,348.98
1781428432,R_100,349.06
1781428434,R_100,349.04
1781428436,R_100,348.9
1781428438,R_100,348.78
1781428440,R_100,348.72
1781428442,R_100,348.88
1781428444,R_100,348.95
1781428446,R_100,348.88
1781428448,R_100,348.77
1781428450,R_100,348.75
1781428452,R_100,348.76
1781428454,R_100,348.77
1781428456,R_100,348.69
1781428458,R_100,348.77
1781428460,R_100,348.71
1781428462,R_100,348.75
1781428464,R_100,348.85
1781428466,R_100,348.8
1781428468,R_100,348.78
1781428470,R_100,348.86
1781428472,R_100,348.86
1781428474,R_100,348.89
1781428476,R_100,348.83
1781428478,R_100,348.68
1781428480,R_100,348.69
1781428482,R_100,348.65
1781428484,R_100,348.67
1781428486,R_100,348.86
1781428488,R_100,348.74
1781428490,R_100,348.73
1781428492,R_100,348.86
1781428494,R_100,348.79
1781428496,R_100,348.74
1781428498,R_100,348.85
1781428500,R_100,348.95
1781428502,R_100,348.86
1781428504,R_100,348.73
1781428506,R_100,348.69
1781428508,R_100,348.69
1781428510,R_100,348.66
1781428512,R_100,348.63
1781428514,R_100,348.76
1781428516,R_100,348.73
1781428518,R_100,348.79
1781428520,R_100,348.84
1781428522,R_100,348.86
1781428524,R_100,348.95
1781428526,R_100,348.91
1781428528,R_100,348.88
1781428530,R_100,348.86
1781428532,R_100,348.72
1781428534,R_100,348.71
1781428536,R_100,348.75
1781428538,R_100,348.7
1781428540,R_100,348.73
1781428542,R_100,348.77
1781428544,R_100,348.65
1781428546,R_100,348.72
1781428548,R_100,348.73
1781428550,R_100,348.68
1781428552,R_100,348.62
1781428554,R_100,348.73
1781428556,R_100,348.92
1781428558,R_100,348.97
1781428560,R_100,348.97
1781428562,R_100,348.86
1781428564,R_100,348.88
1781428566,R_100,348.76
1781428568,R_100,348.84
1781428570,R_100,348.86
1781428572,R_100,348.69
1781428574,R_100,348.59
1781428576,R_100,348.51
1781428578,R_100,348.41
1781428580,R_100,348.38
1781428582,R_100,348.48
1781428584,R_100,348.55
1781428586,R_100,348.4
1781428588,R_100,348.41
1781428590,R_100,348.45
1781428592,R_100,348.55
1781428594,R_100,348.55
1781428596,R_100,348.47
1781428598,R_100,348.47
1781428600,R_100,348.57
1781428602,R_100,348.51
1781428604,R_100,348.38
1781428606,R_100,348.58
1781428608,R_100,348.55
1781428610,R_100,348.6
1781428612,R_100,348.53
1781428614,R_100,348.47
1781428616,R_100,348.62
1781428618,R_100,348.6
1781428620,R_100,348.67
1781428622,R_100,348.79
1781428624,R_100,348.87
1781428626,R_100,348.87
1781428628,R_100,348.88
1781428630,R_100,348.95
1781428632,R_100,349.1
1781428634,R_100,349.15
1781428636,R_100,349.23
1781428638,R_100,349.18
1781428640,R_100,349.27
1781428642,R_100,349.2
1781428644,R_100,349.15
1781428646,R_100,349.27
1781428648,R_100,349.26
1781428650,R_100,349.17
1781428652,R_100,349.02
1781428654,R_100,349.06
1781428656,R_100,348.99
1781428658,R_100,348.92
1781428660,R_100,348.93
1781428662,R_100,348.86
1781428664,R_100,348.9
1781428666,R_100,348.92
1781428668,R_100,348.84
1781428670,R_100,348.87
1781428672,R_100,348.91
1781428674,R_100,349.13
1781428676,R_100,349.31
1781428678,R_100,349.45
1781428680,R_100,349.46
1781428682,R_100,349.54
1781428684,R_100,349.47
1781428686,R_100,349.46
1781428688,R_100,349.42
1781428690,R_100,349.33
1781428692,R_100,349.36
1781428694,R_100,349.33
1781428696,R_100,349.39
1781428698,R_100,349.32
1781428700,R_100,349.27
1781428702,R_100,349.18
1781428704,R_100,349.17
1781428706,R_100,349.21
1781428708,R_100,349.15
1781428710,R_100,349.2
1781428712,R_100,349.23
1781428714,R_100,349.29
1781428716,R_100,349.21
1781428718,R_100,349.21
1781428720,R_100,349.15
1781428722,R_100,349.24
1781428724,R_100,349.12
1781428726,R_100,349.14
1781428728,R_100,349.12
1781428730,R_100,349
1781428732,R_100,348.94
1781428734,R_100,348.81
1781428736,R_100,348.72
1781428738,R_100,348.81
1781428740,R_100,348.87
1781428742,R_100,348.84
1781428744,R_100,348.7
1781428746,R_100,348.65
1781428748,R_100,348.7
1781428750,R_100,348.8
1781428752,R_100,348.73
1781428754,R_100,348.78
1781428756,R_100,348.84
1781428758,R_100,348.87
1781428760,R_100,348.85
1781428762,R_100,348.96
1781428764,R_100,349
1781428766,R_100,349
1781428768,R_100,349
1781428770,R_100,349.05
1781428772,R_100,349.09
1781428774,R_100,349.07
1781428776,R_100,349.03
1781428778,R_100,349.07
1781428780,R_100,349
1781428782,R_100,349.09
1781428784,R_100,349.04
1781428786,R_100,349.05
1781428788,R_100,349.12
1781428790,R_100,349.21
1781428792,R_100,349.27
1781428794,R_100,349.14
1781428796,R_100,349.04
1781428798,R_100,348.94
1781428800,R_100,349
1781428802,R_100,349.06
1781428804,R_100,349.02
1781428806,R_100,348.88
1781428808,R_100,348.95
1781428810,R_100,348.88
1781428812,R_100,348.8
1781428814,R_100,348.75
1781428816,R_100,348.78
1781428818,R_100,348.76
1781428820,R_100,348.9
1781428822,R_100,348.93
1781428824,R_100,348.89
1781428826,R_100,348.78
1781428828,R_100,348.79
1781428830,R_100,348.97
1781428832,R_100,349.18
1781428834,R_100,349.17
1781428836,R_100,349.15
1781428838,R_100,349.09
1781428840,R_100,349.03
1781428842,R_100,349.08
1781428844,R_100,349.15
1781428846,R_100,349.13
1781428848,R_100,349.1
1781428850,R_100,349.16
1781428852,R_100,349.13
1781428854,R_100,349.18
1781428856,R_100,349.25
1781428858,R_100,349.15
1781428860,R_100,349.24
1781428862,R_100,349.34
1781428864,R_100,349.38
1781428866,R_100,349.33
1781428868,R_100,349.32
1781428870,R_100,349.26
1781428872,R_100,349.25
1781428874,R_100,349.19
1781428876,R_100,349.25
1781428878,R_100,349.17
1781428880,R_100,349.18
1781428882,R_100,349.32
1781428884,R_100,349.19
1781428886,R_100,349.25
1781428888,R_100,349.16
1781428890,R_100,349.2
1781428892,R_100,349.3
1781428894,R_100,349.45
1781428896,R_100,349.44
1781428898,R_100,349.64
1781428900,R_100,349.6
1781428902,R_100,349.59
1781428904,R_100,349.55
1781428906,R_100,349.6
1781428908,R_100,349.47
1781428910,R_100,349.54
1781428912,R_100,349.53
1781428914,R_100,349.48
1781428916,R_100,349.4
1781428918,R_100,349.39
1781428920,R_100,349.39
1781428922,R_100,349.44
1781428924,R_100,349.25
1781428926,R_100,349.38
1781428928,R_100,349.34
1781428930,R_100,349.31
1781428932,R_100,349.29
1781428934,R_100,349.29
1781428936,R_100,349.44
1781428938,R_100,349.49
1781428940,R_100,349.39
1781428942,R_100,349.43
1781428944,R_100,349.41
1781428946,R_100,349.38
1781428948,R_100,349.26
1781428950,R_100,349.22
1781428952,R_100,349.14
1781428954,R_100,349.09
1781428956,R_100,349.12
1781428958,R_100,349.07
1781428960,R_100,349.04
1781428962,R_100,349
1781428964,R_100,349.07
1781428966,R_100,349.17
1781428968,R_100,349.21
1781428970,R_100,349.35
1781428972,R_100,349.41
1781428974,R_100,349.31
1781428976,R_100,349.27
1781428978,R_100,349.27
1781428980,R_100,349.25
1781428982,R_100,349.07
1781428984,R_100,348.98
1781428986,R_100,349.03
1781428988,R_100,349.06
1781428990,R_100,349.01
1781428992,R_100,348.97
1781428994,R_100,348.91
1781428996,R_100,348.93
1781428998,R_100,349.04
1781429000,R_100,349.03
1781429002,R_100,348.94
1781429004,R_100,348.94
1781429006,R_100,348.85
1781429008,R_100,348.74
1781429010,R_100,348.68
1781429012,R_100,348.76
1781429014,R_100,348.83
1781429016,R_100,348.92
1781429018,R_100,348.82
1781429020,R_100,348.85
1781429022,R_100,348.68
1781429024,R_100,348.73
1781429026,R_100,348.79
1781429028,R_100,348.77
1781429030,R_100,348.69
1781429032,R_100,348.63
1781429034,R_100,348.64
1781429036,R_100,348.57
1781429038,R_100,348.68
1781429040,R_100,348.81
1781429042,R_100,348.78
1781429044,R_100,348.73
1781429046,R_100,348.79
1781429048,R_100,348.88
1781429050,R_100,348.84
1781429052,R_100,348.81
1781429054,R_100,348.73
1781429056,R_100,348.71
1781429058,R_100,348.73
1781429060,R_100,348.81
1781429062,R_100,348.86
1781429064,R_100,348.85
1781429066,R_100,348.76
1781429068,R_100,348.71
1781429070,R_100,348.64
1781429072,R_100,348.43
1781429074,R_100,348.55
1781429076,R_100,348.56
1781429078,R_100,348.49
1781429080,R_100,348.53
1781429082,R_100,348.56
1781429084,R_100,348.5
1781429086,R_100,348.54
1781429088,R_100,348.49
1781429090,R_100,348.42
1781429092,R_100,348.38
1781429094,R_100,348.47
1781429096,R_100,348.46
1781429098,R_100,348.3
1781429100,R_100,348.46
1781429102,R_100,348.47
1781429104,R_100,348.71
1781429106,R_100,348.71
1781429108,R_100,348.73
1781429110,R_100,348.71
1781429112,R_100,348.67
1781429114,R_100,348.72
1781429116,R_100,348.82
1781429118,R_100,348.93
1781429120,R_100,348.83
1781429122,R_100,348.85
1781429124,R_100,348.9
1781429126,R_100,348.91
1781429128,R_100,348.89
1781429130,R_100,348.8
1781429132,R_100,348.85
1781429134,R_100,348.8
1781429136,R_100,348.77
1781429138,R_100,348.77
1781429140,R_100,348.8
1781429142,R_100,348.87
1781429144,R_100,349
1781429146,R_100,348.96
1781429148,R_100,348.96
1781429150,R_100,348.91
1781429152,R_100,348.83
1781429154,R_100,348.79
1781429156,R_100,348.93
1781429158,R_100,348.88
1781429160,R_100,348.75
1781429162,R_100,348.7
1781429164,R_100,348.78
1781429166,R_100,348.75
1781429168,R_100,348.57
1781429170,R_100,348.5
1781429172,R_100,348.44
1781429174,R_100,348.27
1781429176,R_100,348.19
1781429178,R_100,348.29
1781429180,R_100,348.37
1781429182,R_100,348.36
1781429184,R_100,348.35
1781429186,R_100,348.36
1781429188,R_100,348.3
1781429190,R_100,348.17
1781429192,R_100,348.09
1781429194,R_100,348.02
1781429196,R_100,347.95
1781429198,R_100,348.01
1781429200,R_100,348.09
1781429202,R_100,348.14
1781429204,R_100,348.14
1781429206,R_100,348.16
1781429208,R_100,348.06
1781429210,R_100,348.12
1781429212,R_100,348.1
1781429214,R_100,348.15
1781429216,R_100,348.17
1781429218,R_100,348.13
1781429220,R_100,348.13
1781429222,R_100,348.16
1781429224,R_100,348.16
1781429226,R_100,348.26
1781429228,R_100,348.26
1781429230,R_100,348.1
1781429232,R_100,348.06
1781429234,R_100,348.03
1781429236,R_100,347.89
1781429238,R_100,347.98
1781429240,R_100,348.03
1781429242,R_100,348.04
1781429244,R_100,348.12
1781429246,R_100,348.08
1781429248,R_100,348.06
1781429250,R_100,348.03
1781429252,R_100,348.17
1781429254,R_100,348.11
1781429256,R_100,347.95
1781429258,R_100,347.96
1781429260,R_100,347.89
1781429262,R_100,347.89
1781429264,R_100,347.89
1781429266,R_100,347.93
1781429268,R_100,347.94
1781429270,R_100,347.99
1781429272,R_100,347.89
1781429274,R_100,347.74
1781429276,R_100,347.81
1781429278,R_100,347.81
1781429280,R_100,347.84
1781429282,R_100,347.83
1781429284,R_100,347.89
1781429286,R_100,347.78
1781429288,R_100,347.72
1781429290,R_100,347.76
1781429292,R_100,347.71
1781429294,R_100,347.78
1781429296,R_100,347.87
1781429298,R_100,348.02
1781429300,R_100,347.94
1781429302,R_100,347.89
1781429304,R_100,347.89
1781429306,R_100,347.85
1781429308,R_100,347.9
1781429310,R_100,347.95
1781429312,R_100,347.88
1781429314,R_100,347.9
1781429316,R_100,347.7
1781429318,R_100,347.71
1781429320,R_100,347.71
1781429322,R_100,347.73
1781429324,R_100,347.71
1781429326,R_100,347.62
1781429328,R_100,347.59
1781429330,R_100,347.48
1781429332,R_100,347.29
1781429334,R_100,347.32
1781429336,R_100,347.28
1781429338,R_100,347.29
1781429340,R_100,347.48
1781429342,R_100,347.44
1781429344,R_100,347.44
1781429346,R_100,347.46
1781429348,R_100,347.35
1781429350,R_100,347.37
1781429352,R_100,347.33
1781429354,R_100,347.31
1781429356,R_100,347.33
1781429358,R_100,347.46
1781429360,R_100,347.49
1781429362,R_100,347.6
1781429364,R_100,347.5
1781429366,R_100,347.65
1781429368,R_100,347.74
1781429370,R_100,347.66
1781429372,R_100,347.78
1781429374,R_100,347.83
1781429376,R_100,347.78
1781429378,R_100,347.68
1781429380,R_100,347.81
1781429382,R_100,347.73
1781429384,R_100,347.65
1781429386,R_100,347.64
1781429388,R_100,347.61
1781429390,R_100,347.63
1781429392,R_100,347.5
1781429394,R_100,347.53
1781429396,R_100,347.68
1781429398,R_100,347.62
1781429400,R_100,347.62
1781429402,R_100,347.54
1781429404,R_100,347.52
1781429406,R_100,347.63
1781429408,R_100,347.6
1781429410,R_100,347.56
1781429412,R_100,347.63
1781429414,R_100,347.61
1781429416,R_100,347.63
1781429418,R_100,347.5
1781429420,R_100,347.39
1781429422,R_100,347.28
1781429424,R_100,347.26
1781429426,R_100,347.23
1781429428,R_100,347.14
1781429430,R_100,347.19
1781429432,R_100,347.3
1781429434,R_100,347.23
1781429436,R_100,347.24
1781429438,R_100,347.07
1781429440,R_100,347.12
1781429442,R_100,347.03
1781429444,R_100,347.03
1781429446,R_100,347.14
1781429448,R_100,347.21
1781429450,R_100,347.16
1781429452,R_100,347.34
1781429454,R_100,347.41
1781429456,R_100,347.44
1781429458,R_100,347.46
1781429460,R_100,347.69
1781429462,R_100,347.83
1781429464,R_100,347.84
1781429466,R_100,347.83
1781429468,R_100,347.76
1781429470,R_100,347.84
1781429472,R_100,347.82
1781429474,R_100,347.87
1781429476,R_100,347.95
1781429478,R_100,348.01
1781429480,R_100,348.01
1781429482,R_100,348.01
1781429484,R_100,348.04
1781429486,R_100,347.94
1781429488,R_100,348.08
1781429490,R_100,348.05
1781429492,R_100,347.89
1781429494,R_100,347.76
1781429496,R_100,347.68
1781429498,R_100,347.73
1781429500,R_100,347.81
1781429502,R_100,347.7
1781429504,R_100,347.65
1781429506,R_100,347.6
1781429508,R_100,347.69
1781429510,R_100,347.73
1781429512,R_100,347.74
1781429514,R_100,347.74
1781429516,R_100,347.61
1781429518,R_100,347.72
1781429520,R_100,347.75
1781429522,R_100,347.82
1781429524,R_100,347.8
1781429526,R_100,347.85
1781429528,R_100,347.91
1781429530,R_100,347.93
1781429532,R_100,348.05
1781429534,R_100,348.08
1781429536,R_100,348.01
1781429538,R_100,348.13
1781429540,R_100,348.25
1781429542,R_100,348.29
1781429544,R_100,348.45
1781429546,R_100,348.44
1781429548,R_100,348.51
1781429550,R_100,348.63
1781429552,R_100,348.71
1781429554,R_100,348.69
1781429556,R_100,348.69
1781429558,R_100,348.63
1781429560,R_100,348.63
1781429562,R_100,348.67
1781429564,R_100,348.57
1781429566,R_100,348.59
1781429568,R_100,348.59
1781429570,R_100,348.61
1781429572,R_100,348.71
1781429574,R_100,348.76
1781429576,R_100,348.84
1781429578,R_100,348.89
1781429580,R_100,349.06
1781429582,R_100,349.05
1781429584,R_100,349
1781429586,R_100,349.04
1781429588,R_100,349.07
1781429590,R_100,349.15
1781429592,R_100,349.1
1781429594,R_100,349.24
1781429596,R_100,349.14
1781429598,R_100,349.07
1781429600,R_100,348.96
1781429602,R_100,348.92
1781429604,R_100,349.09
1781429606,R_100,349.14
1781429608,R_100,349.17
1781429610,R_100,349.18
1781429612,R_100,349.25
1781429614,R_100,349.12
1781429616,R_100,349.19
1781429618,R_100,349.34
1781429620,R_100,349.25
1781429622,R_100,349.17
1781429624,R_100,349.15
1781429626,R_100,349.12
1781429628,R_100,349.09
1781429630,R_100,349.11
1781429632,R_100,348.91
1781429634,R_100,348.7
1781429636,R_100,348.62
1781429638,R_100,348.75
1781429640,R_100,348.73
1781429642,R_100,348.72
1781429644,R_100,348.79
1781429646,R_100,348.7
1781429648,R_100,348.81
1781429650,R_100,348.9
1781429652,R_100,348.86
1781429654,R_100,349.04
1781429656,R_100,348.91
1781429658,R_100,348.84
1781429660,R_100,348.88
1781429662,R_100,348.94
1781429664,R_100,348.92
1781429666,R_100,348.96
1781429668,R_100,348.92
1781429670,R_100,349.08
1781429672,R_100,348.97
1781429674,R_100,348.92
1781429676,R_100,348.79
1781429678,R_100,349.02
1781429680,R_100,348.91
1781429682,R_100,348.86
1781429684,R_100,349.03
1781429686,R_100,349.05
1781429688,R_100,348.97
1781429690,R_100,348.96
1781429692,R_100,348.9
1781429694,R_100,348.94
1781429696,R_100,349.04
1781429698,R_100,349.05
1781429700,R_100,349.03
1781429702,R_100,349.16
1781429704,R_100,349.18
1781429706,R_100,349.23
1781429708,R_100,349.3
1781429710,R_100,349.28
1781429712,R_100,349.4
1781429714,R_100,349.44
1781429716,R_100,349.34
1781429718,R_100,349.35
1781429720,R_100,349.41
1781429722,R_100,349.4
1781429724,R_100,349.49
1781429726,R_100,349.59
1781429728,R_100,349.5
1781429730,R_100,349.5
1781429732,R_100,349.49
1781429734,R_100,349.57
1781429736,R_100,349.51
1781429738,R_100,349.54
1781429740,R_100,349.51
1781429742,R_100,349.55
1781429744,R_100,349.51
1781429746,R_100,349.66
1781429748,R_100,349.72
1781429750,R_100,349.78
1781429752,R_100,349.79
1781429754,R_100,349.92
1781429756,R_100,349.8
1781429758,R_100,349.79
1781429760,R_100,349.85
1781429762,R_100,349.85
1781429764,R_100,349.77
1781429766,R_100,349.9
1781429768,R_100,349.86
1781429770,R_100,349.97
1781429772,R_100,349.9
1781429774,R_100,349.9
1781429776,R_100,349.86
1781429778,R_100,349.69
1781429780,R_100,349.56
1781429782,R_100,349.59
1781429784,R_100,349.68
1781429786,R_100,349.7
1781429788,R_100,349.7
1781429790,R_100,349.77
1781429792,R_100,349.77
1781429794,R_100,349.74
1781429796,R_100,349.9
1781429798,R_100,349.84
1781429800,R_100,349.95
1781429802,R_100,349.95
1781429804,R_100,349.9
1781429806,R_100,349.7
1781429808,R_100,349.82
1781429810,R_100,349.88
1781429812,R_100,349.95
1781429814,R_100,349.86
1781429816,R_100,349.71
1781429818,R_100,349.67
1781429820,R_100,349.86
1781429822,R_100,349.83
1781429824,R_100,349.91
1781429826,R_100,349.99
1781429828,R_100,349.91
1781429830,R_100,349.88
1781429832,R_100,350.07
1781429834,R_100,350.11
1781429836,R_100,350.1
1781429838,R_100,350.16
1781429840,R_100,350.17
1781429842,R_100,350.23
1781429844,R_100,350.33
1781429846,R_100,350.42
1781429848,R_100,350.43
1781429850,R_100,350.67
1781429852,R_100,350.91
1781429854,R_100,350.76
1781429856,R_100,350.55
1781429858,R_100,350.58
1781429860,R_100,350.49
1781429862,R_100,350.52
1781429864,R_100,350.56
1781429866,R_100,350.46
1781429868,R_100,350.41
1781429870,R_100,350.41
1781429872,R_100,350.48
1781429874,R_100,350.4
1781429876,R_100,350.33
1781429878,R_100,350.25
1781429880,R_100,350.27
1781429882,R_100,350.3
1781429884,R_100,350.27
1781429886,R_100,350.29
1781429888,R_100,350.31
1781429890,R_100,350.35
1781429892,R_100,350.34
1781429894,R_100,350.4
1781429896,R_100,350.42
1781429898,R_100,350.48
1781429900,R_100,350.62
1781429902,R_100,350.63
1781429904,R_100,350.57
1781429906,R_100,350.45
1781429908,R_100,350.61
1781429910,R_100,350.78
1781429912,R_100,350.84
1781429914,R_100,350.96
1781429916,R_100,351
1781429918,R_100,350.92
1781429920,R_100,351.06
1781429922,R_100,351.18
1781429924,R_100,351.11
1781429926,R_100,351.16
1781429928,R_100,351.22
1781429930,R_100,351.2
1781429932,R_100,351.28
1781429934,R_100,351.24
1781429936,R_100,351.23
1781429938,R_100,351.46
1781429940,R_100,351.53
1781429942,R_100,351.59
1781429944,R_100,351.54
1781429946,R_100,351.72
1781429948,R_100,351.56
1781429950,R_100,351.54
1781429952,R_100,351.66
1781429954,R_100,351.55
1781429956,R_100,351.58
1781429958,R_100,351.39
1781429960,R_100,351.34
1781429962,R_100,351.42
1781429964,R_100,351.46
1781429966,R_100,351.47
1781429968,R_100,351.52
1781429970,R_100,351.52
1781429972,R_100,351.46
1781429974,R_100,351.49
1781429976,R_100,351.4
1781429978,R_100,351.42
1781429980,R_100,351.3
1781429982,R_100,351.18
1781429984,R_100,351.19
1781429986,R_100,351.01
1781429988,R_100,351.06
1781429990,R_100,351.06
1781429992,R_100,351.1
1781429994,R_100,351.01
1781429996,R_100,351.12
1781429998,R_100,351.1
1781430000,R_100,350.94
1781430002,R_100,350.86
1781430004,R_100,350.85
1781430006,R_100,350.88
1781430008,R_100,350.87
1781430010,R_100,350.9
1781430012,R_100,350.91
1781430014,R_100,350.78
1781430016,R_100,350.79
1781430018,R_100,350.61
1781430020,R_100,350.67
1781430022,R_100,350.73
1781430024,R_100,350.7
1781430026,R_100,350.51
1781430028,R_100,350.73
1781430030,R_100,350.62
1781430032,R_100,350.59
1781430034,R_100,350.56
1781430036,R_100,350.68
1781430038,R_100,350.65
1781430040,R_100,350.53
1781430042,R_100,350.48
1781430044,R_100,350.55
1781430046,R_100,350.62
1781430048,R_100,350.64
1781430050,R_100,350.62
1781430052,R_100,350.62
1781430054,R_100,350.59
1781430056,R_100,350.62
1781430058,R_100,350.77
1781430060,R_100,350.86
1781430062,R_100,350.8
1781430064,R_100,350.83
1781430066,R_100,350.76
1781430068,R_100,350.74
1781430070,R_100,350.58
1781430072,R_100,350.66
1781430074,R_100,350.71
1781430076,R_100,350.8
1781430078,R_100,350.88
1781430080,R_100,350.78
1781430082,R_100,350.68
1781430084,R_100,350.65
1781430086,R_100,350.67
1781430088,R_100,350.55
1781430090,R_100,350.46
1781430092,R_100,350.31
1781430094,R_100,350.3
1781430096,R_100,350.31
1781430098,R_100,350.41
1781430100,R_100,350.41
1781430102,R_100,350.36
1781430104,R_100,350.4
1781430106,R_100,350.41
1781430108,R_100,350.4
1781430110,R_100,350.39
1781430112,R_100,350.47
1781430114,R_100,350.47
1781430116,R_100,350.44
1781430118,R_100,350.46
1781430120,R_100,350.61
1781430122,R_100,350.71
1781430124,R_100,350.69
1781430126,R_100,350.57
1781430128,R_100,350.58
1781430130,R_100,350.56
1781430132,R_100,350.63
1781430134,R_100,350.55
1781430136,R_100,350.54
1781430138,R_100,350.73
1781430140,R_100,350.78
1781430142,R_100,350.83
1781430144,R_100,350.8
1781430146,R_100,350.9
1781430148,R_100,350.97
1781430150,R_100,350.94
1781430152,R_100,350.97
1781430154,R_100,350.95
1781430156,R_100,351.01
1781430158,R_100,351.12
1781430160,R_100,351.12
1781430162,R_100,351.11
1781430164,R_100,351.06
1781430166,R_100,350.92
1781430168,R_100,350.89
1781430170,R_100,350.82
1781430172,R_100,350.8
1781430174,R_100,350.71
1781430176,R_100,350.65
1781430178,R_100,350.67
1781430180,R_100,350.79
1781430182,R_100,350.61
1781430184,R_100,350.82
1781430186,R_100,350.83
1781430188,R_100,350.86
1781430190,R_100,350.79
1781430192,R_100,350.7
1781430194,R_100,350.87
1781430196,R_100,350.88
1781430198,R_100,350.94
1781430200,R_100,350.88
1781430202,R_100,350.73
1781430204,R_100,350.64
1781430206,R_100,350.71
1781430208,R_100,350.69
1781430210,R_100,350.76
1781430212,R_100,350.77
1781430214,R_100,350.75
1781430216,R_100,350.71
1781430218,R_100,350.72
1781430220,R_100,350.76
1781430222,R_100,350.86
1781430224,R_100,350.77
1781430226,R_100,350.66
1781430228,R_100,350.43
1781430230,R_100,350.4
1781430232,R_100,350.39
1781430234,R_100,350.3
1781430236,R_100,350.4
1781430238,R_100,350.46
1781430240,R_100,350.45
1781430242,R_100,350.46
1781430244,R_100,350.37
1781430246,R_100,350.3
1781430248,R_100,350.13
1781430250,R_100,350.11
1781430252,R_100,350.02
1781430254,R_100,350.1
1781430256,R_100,350.04
1781430258,R_100,349.94
1781430260,R_100,349.97
1781430262,R_100,349.98
1781430264,R_100,350.06
1781430266,R_100,350.01
1781430268,R_100,350.04
1781430270,R_100,350.09
1781430272,R_100,350.11
1781430274,R_100,350.06
1781430276,R_100,350.23
1781430278,R_100,350.32
1781430280,R_100,350.27
1781430282,R_100,350.36
1781430284,R_100,350.39
1781430286,R_100,350.33
1781430288,R_100,350.27
1781430290,R_100,350.26
1781430292,R_100,350.47
1781430294,R_100,350.42
1781430296,R_100,350.21
1781430298,R_100,350.31
1781430300,R_100,350.32
1781430302,R_100,350.37
1781430304,R_100,350.44
1781430306,R_100,350.43
1781430308,R_100,350.42
1781430310,R_100,350.25
1781430312,R_100,350.12
1781430314,R_100,350.04
1781430316,R_100,349.94
1781430318,R_100,349.96
1781430320,R_100,349.98
1781430322,R_100,350.02
1781430324,R_100,349.93
1781430326,R_100,350.03
1781430328,R_100,350.02
1781430330,R_100,349.9
1781430332,R_100,350.01
1781430334,R_100,350.06
1781430336,R_100,350.01
1781430338,R_100,350.09
1781430340,R_100,350.34
1781430342,R_100,350.08
1781430344,R_100,350.02
1781430346,R_100,349.97
1781430348,R_100,349.89
1781430350,R_100,349.72
1781430352,R_100,349.8
1781430354,R_100,349.8
1781430356,R_100,349.78
1781430358,R_100,349.89
1781430360,R_100,349.9
1781430362,R_100,349.88
1781430364,R_100,349.94
1781430366,R_100,349.92
1781430368,R_100,349.87
1781430370,R_100,349.76
1781430372,R_100,349.73
1781430374,R_100,349.82
1781430376,R_100,349.86
1781430378,R_100,349.89
1781430380,R_100,349.9
1781430382,R_100,349.83
1781430384,R_100,349.78
1781430386,R_100,349.75
1781430388,R_100,349.68
1781430390,R_100,349.53
1781430392,R_100,349.38
1781430394,R_100,349.36
1781430396,R_100,349.49
1781430398,R_100,349.45
1781430400,R_100,349.47
1781430402,R_100,349.38
1781430404,R_100,349.43
1781430406,R_100,349.26
1781430408,R_100,349.25
1781430410,R_100,349.26
1781430412,R_100,349.3
1781430414,R_100,349.41
1781430416,R_100,349.43
1781430418,R_100,349.38
1781430420,R_100,349.33
1781430422,R_100,349.48
1781430424,R_100,349.48
1781430426,R_100,349.53
1781430428,R_100,349.57
1781430430,R_100,349.57
1781430432,R_100,349.56
1781430434,R_100,349.53
1781430436,R_100,349.54
1781430438,R_100,349.52
1781430440,R_100,349.5
1781430442,R_100,349.5
1781430444,R_100,349.35
1781430446,R_100,349.3
1781430448,R_100,349.32
1781430450,R_100,349.32
1781430452,R_100,349.35
1781430454,R_100,349.25
1781430456,R_100,349.25
1781430458,R_100,349.18
1781430460,R_100,349.13
1781430462,R_100,349.22
1781430464,R_100,349.2
1781430466,R_100,349.27
1781430468,R_100,349.3
1781430470,R_100,349.32
1781430472,R_100,349.47
1781430474,R_100,349.4
1781430476,R_100,349.42
1781430478,R_100,349.38
1781430480,R_100,349.48
1781430482,R_100,349.46
1781430484,R_100,349.37
1781430486,R_100,349.32
1781430488,R_100,349.41
1781430490,R_100,349.45
1781430492,R_100,349.48
1781430494,R_100,349.49
1781430496,R_100,349.53
1781430498,R_100,349.51
1781430500,R_100,349.35
1781430502,R_100,349.31
1781430504,R_100,349.3
1781430506,R_100,349.24
1781430508,R_100,349.21
1781430510,R_100,349.28
1781430512,R_100,349.42
1781430514,R_100,349.47
1781430516,R_100,349.44
1781430518,R_100,349.55
1781430520,R_100,349.59
1781430522,R_100,349.71
1781430524,R_100,349.77
1781430526,R_100,349.62
1781430528,R_100,349.48
1781430530,R_100,349.55
1781430532,R_100,349.55
1781430534,R_100,349.61
1781430536,R_100,349.6
1781430538,R_100,349.65
1781430540,R_100,349.58
1781430542,R_100,349.59
1781430544,R_100,349.49
1781430546,R_100,349.49
1781430548,R_100,349.45
1781430550,R_100,349.4
1781430552,R_100,349.37
1781430554,R_100,349.39
1781430556,R_100,349.47
1781430558,R_100,349.33
1781430560,R_100,349.31
1781430562,R_100,349.24
1781430564,R_100,349.18
1781430566,R_100,349.14
1781430568,R_100,349.3
1781430570,R_100,349.4
1781430572,R_100,349.52
1781430574,R_100,349.4
1781430576,R_100,349.52
1781430578,R_100,349.53
1781430580,R_100,349.71
1781430582,R_100,349.56
1781430584,R_100,349.52
1781430586,R_100,349.56
1781430588,R_100,349.53
1781430590,R_100,349.49
1781430592,R_100,349.48
1781430594,R_100,349.35
1781430596,R_100,349.34
1781430598,R_100,349.44
1781430600,R_100,349.6
1781430602,R_100,349.5
1781430604,R_100,349.37
1781430606,R_100,349.39
1781430608,R_100,349.52
1781430610,R_100,349.56
1781430612,R_100,349.71
1781430614,R_100,349.64
1781430616,R_100,349.74
1781430618,R_100,349.68
1781430620,R_100,349.64
1781430622,R_100,349.58
1781430624,R_100,349.49
1781430626,R_100,349.47
1781430628,R_100,349.36
1781430630,R_100,349.37
1781430632,R_100,349.4
1781430634,R_100,349.62
1781430636,R_100,349.61
1781430638,R_100,349.64
1781430640,R_100,349.52
1781430642,R_100,349.46
1781430644,R_100,349.53
1781430646,R_100,349.62
1781430648,R_100,349.61
1781430650,R_100,349.54
1781430652,R_100,349.61
1781430654,R_100,349.53
1781430656,R_100,349.61
1781430658,R_100,349.66
1781430660,R_100,349.68
1781430662,R_100,349.73
1781430664,R_100,349.84
1781430666,R_100,349.74
1781430668,R_100,349.59
1781430670,R_100,349.46
1781430672,R_100,349.44
1781430674,R_100,349.3
1781430676,R_100,349.44
1781430678,R_100,349.47
1781430680,R_100,349.59
1781430682,R_100,349.47
1781430684,R_100,349.46
1781430686,R_100,349.47
1781430688,R_100,349.44
1781430690,R_100,349.53
1781430692,R_100,349.54
1781430694,R_100,349.51
1781430696,R_100,349.64
1781430698,R_100,349.76
1781430700,R_100,349.59
1781430702,R_100,349.57
1781430704,R_100,349.67
1781430706,R_100,349.64
1781430708,R_100,349.69
1781430710,R_100,349.64
1781430712,R_100,349.53
1781430714,R_100,349.63
1781430716,R_100,349.69
1781430718,R_100,349.64
1781430720,R_100,349.69
1781430722,R_100,349.82
1781430724,R_100,349.86
1781430726,R_100,349.8
1781430728,R_100,349.88
1781430730,R_100,349.71
1781430732,R_100,349.74
1781430734,R_100,349.71
1781430736,R_100,349.53
1781430738,R_100,349.43
1781430740,R_100,349.47
1781430742,R_100,349.47
1781430744,R_100,349.5
1781430746,R_100,349.47
1781430748,R_100,349.42
1781430750,R_100,349.48
1781430752,R_100,349.4
1781430754,R_100,349.35
1781430756,R_100,349.31
1781430758,R_100,349.19
1781430760,R_100,349.3
1781430762,R_100,349.37
1781430764,R_100,349.43
1781430766,R_100,349.29
1781430768,R_100,349.31
1781430770,R_100,349.3
1781430772,R_100,349.34
1781430774,R_100,349.36
1781430776,R_100,349.26
1781430778,R_100,349.17
1781430780,R_100,349.33
1781430782,R_100,349.31
1781430784,R_100,349.33
1781430786,R_100,349.46
1781430788,R_100,349.61
1781430790,R_100,349.53
1781430792,R_100,349.56
1781430794,R_100,349.54
1781430796,R_100,349.56
1781430798,R_100,349.63
1781430800,R_100,349.75
1781430802,R_100,349.69
1781430804,R_100,349.57
1781430806,R_100,349.41
1781430808,R_100,349.47
1781430810,R_100,349.54
1781430812,R_100,349.84
1781430814,R_100,349.92
1781430816,R_100,349.91
1781430818,R_100,350.04
1781430820,R_100,349.92
1781430822,R_100,349.98
1781430824,R_100,349.99
1781430826,R_100,350.03
1781430828,R_100,349.93
1781430830,R_100,349.93
1781430832,R_100,349.95
1781430834,R_100,349.98
1781430836,R_100,349.94
1781430838,R_100,349.87
1781430840,R_100,349.86
1781430842,R_100,349.76
1781430844,R_100,349.76
1781430846,R_100,349.85
1781430848,R_100,349.85
1781430850,R_100,349.76
1781430852,R_100,349.59
1781430854,R_100,349.59
1781430856,R_100,349.5
1781430858,R_100,349.57
1781430860,R_100,349.49
1781430862,R_100,349.58
1781430864,R_100,349.56
1781430866,R_100,349.45
1781430868,R_100,349.47
1781430870,R_100,349.6
1781430872,R_100,349.56
1781430874,R_100,349.63
1781430876,R_100,349.53
1781430878,R_100,349.6
1781430880,R_100,349.62
1781430882,R_100,349.76
1781430884,R_100,349.76
1781430886,R_100,349.87
1781430888,R_100,349.9
1781430890,R_100,349.83
1781430892,R_100,349.79
1781430894,R_100,349.75
1781430896,R_100,349.76
1781430898,R_100,349.77
1781430900,R_100,349.84
1781430902,R_100,349.74
1781430904,R_100,349.82
1781430906,R_100,349.97
1781430908,R_100,349.89
1781430910,R_100,349.86
1781430912,R_100,349.76
1781430914,R_100,349.64
1781430916,R_100,349.66
1781430918,R_100,349.58
1781430920,R_100,349.74
1781430922,R_100,349.8
1781430924,R_100,349.89
1781430926,R_100,349.86
1781430928,R_100,349.86
1781430930,R_100,349.81
1781430932,R_100,349.83
1781430934,R_100,349.87
1781430936,R_100,350.02
1781430938,R_100,350.05
1781430940,R_100,350.12
1781430942,R_100,350.21
1781430944,R_100,350.37
1781430946,R_100,350.35
1781430948,R_100,350.41
1781430950,R_100,350.35
1781430952,R_100,350.29
1781430954,R_100,350.21
1781430956,R_100,350.19
1781430958,R_100,350.14
1781430960,R_100,350
1781430962,R_100,350.12
1781430964,R_100,350.17
1781430966,R_100,350.28
1781430968,R_100,350.2
1781430970,R_100,350.18
1781430972,R_100,349.85
1781430974,R_100,349.75
1781430976,R_100,349.93
1781430978,R_100,349.99
1781430980,R_100,349.94
1781430982,R_100,349.88
1781430984,R_100,349.9
1781430986,R_100,349.93
1781430988,R_100,349.74
1781430990,R_100,349.74
1781430992,R_100,349.85
1781430994,R_100,350.01
1781430996,R_100,349.91
1781430998,R_100,349.96
1781431000,R_100,350.02
1781431002,R_100,350.05
1781431004,R_100,350.09
1781431006,R_100,350.21
1781431008,R_100,350.29
1781431010,R_100,350.33
1781431012,R_100,350.28
1781431014,R_100,350.34
1781431016,R_100,350.43
1781431018,R_100,350.45
1781431020,R_100,350.57
1781431022,R_100,350.61
1781431024,R_100,350.77
1781431026,R_100,350.84
1781431028,R_100,350.95
1781431030,R_100,350.93
1781431032,R_100,350.94
1781431034,R_100,350.87
1781431036,R_100,350.91
1781431038,R_100,350.92
1781431040,R_100,350.97
1781431042,R_100,350.97
1781431044,R_100,351.04
1781431046,R_100,351.09
1781431048,R_100,351.11
1781431050,R_100,351.06
1781431052,R_100,351.03
1781431054,R_100,351.08
1781431056,R_100,351.04
1781431058,R_100,351.17
1781431060,R_100,351.09
1781431062,R_100,351.03
1781431064,R_100,350.95
1781431066,R_100,351.06
1781431068,R_100,350.98
1781431070,R_100,351.04
1781431072,R_100,351.07
1781431074,R_100,351.17
1781431076,R_100,351.15
1781431078,R_100,351.25
1781431080,R_100,351.3
1781431082,R_100,351.43
1781431084,R_100,351.42
1781431086,R_100,351.41
1781431088,R_100,351.46
1781431090,R_100,351.44
1781431092,R_100,351.54
1781431094,R_100,351.35
1781431096,R_100,351.38
1781431098,R_100,351.27
1781431100,R_100,351.37
1781431102,R_100,351.34
1781431104,R_100,351.28
1781431106,R_100,351.18
1781431108,R_100,351.11
1781431110,R_100,351.09
1781431112,R_100,351.11
1781431114,R_100,351.06
1781431116,R_100,351.15
1781431118,R_100,351.16
1781431120,R_100,351.17
1781431122,R_100,351.16
1781431124,R_100,351.07
1781431126,R_100,350.99
1781431128,R_100,350.85
1781431130,R_100,350.7
1781431132,R_100,350.82
1781431134,R_100,350.76
1781431136,R_100,350.72
1781431138,R_100,350.6
1781431140,R_100,350.54
1781431142,R_100,350.51
1781431144,R_100,350.55
1781431146,R_100,350.49
1781431148,R_100,350.48
1781431150,R_100,350.57
1781431152,R_100,350.74
1781431154,R_100,350.84
1781431156,R_100,350.93
1781431158,R_100,350.9
1781431160,R_100,350.72
1781431162,R_100,350.74
1781431164,R_100,350.72
1781431166,R_100,350.7
1781431168,R_100,350.75
1781431170,R_100,350.71
1781431172,R_100,350.7
1781431174,R_100,350.67
1781431176,R_100,350.67
1781431178,R_100,350.63
1781431180,R_100,350.78
1781431182,R_100,350.5
1781431184,R_100,350.38
1781431186,R_100,350.51
1781431188,R_100,350.52
1781431190,R_100,350.58
1781431192,R_100,350.72
1781431194,R_100,350.77
1781431196,R_100,350.79
1781431198,R_100,350.89
1781431200,R_100,350.86
1781431202,R_100,350.91
1781431204,R_100,351
1781431206,R_100,350.82
1781431208,R_100,350.84
1781431210,R_100,350.88
1781431212,R_100,350.91
1781431214,R_100,351
1781431216,R_100,350.91
1781431218,R_100,350.9
1781431220,R_100,350.77
1781431222,R_100,350.84
1781431224,R_100,350.93
1781431226,R_100,350.97
1781431228,R_100,351.04
1781431230,R_100,351.02
1781431232,R_100,351.07
1781431234,R_100,351.2
1781431236,R_100,351.06
1781431238,R_100,350.96
1781431240,R_100,350.92
1781431242,R_100,350.96
1781431244,R_100,350.83
1781431246,R_100,350.79
1781431248,R_100,350.79
1781431250,R_100,350.77
1781431252,R_100,350.96
1781431254,R_100,350.92
1781431256,R_100,351.01
1781431258,R_100,351.09
1781431260,R_100,350.91
1781431262,R_100,350.89
1781431264,R_100,350.85
1781431266,R_100,350.97
1781431268,R_100,350.93
1781431270,R_100,350.79
1781431272,R_100,350.82
1781431274,R_100,350.86
1781431276,R_100,350.89
1781431278,R_100,350.87
1781431280,R_100,350.82
1781431282,R_100,350.71
1781431284,R_100,350.72
1781431286,R_100,350.75
1781431288,R_100,350.95
1781431290,R_100,351
1781431292,R_100,351.11
1781431294,R_100,351.01
1781431296,R_100,350.92
1781431298,R_100,350.85
1781431300,R_100,350.86
1781431302,R_100,350.86
1781431304,R_100,350.9
1781431306,R_100,350.98
1781431308,R_100,351
1781431310,R_100,350.97
1781431312,R_100,350.92
1781431314,R_100,350.73
1781431316,R_100,350.54
1781431318,R_100,350.47
1781431320,R_100,350.36
1781431322,R_100,350.27
1781431324,R_100,350.42
1781431326,R_100,350.42
1781431328,R_100,350.3
1781431330,R_100,350.21
1781431332,R_100,350.28
1781431334,R_100,350.31
1781431336,R_100,350.29
1781431338,R_100,350.28
1781431340,R_100,350.19
1781431342,R_100,350.03
1781431344,R_100,349.97
1781431346,R_100,349.84
1781431348,R_100,349.97
1781431350,R_100,349.99
1781431352,R_100,349.82
1781431354,R_100,350.01
1781431356,R_100,349.99
1781431358,R_100,349.92
1781431360,R_100,350
1781431362,R_100,350.05
1781431364,R_100,350.02
1781431366,R_100,350.07
1781431368,R_100,350.07
1781431370,R_100,350.21
1781431372,R_100,350.3
1781431374,R_100,350.33
1781431376,R_100,350.47
1781431378,R_100,350.26
1781431380,R_100,350.12
1781431382,R_100,350.21
1781431384,R_100,350.18
1781431386,R_100,350.23
1781431388,R_100,350.22
1781431390,R_100,350.3
1781431392,R_100,350.36
1781431394,R_100,350.48
1781431396,R_100,350.46
1781431398,R_100,350.35
1781431400,R_100,350.32
1781431402,R_100,350.31
1781431404,R_100,350.42
1781431406,R_100,350.42
1781431408,R_100,350.47
1781431410,R_100,350.32
1781431412,R_100,350.36
1781431414,R_100,350.3
1781431416,R_100,350.12
1781431418,R_100,349.96
1781431420,R_100,349.93
1781431422,R_100,349.99
1781431424,R_100,349.99
1781431426,R_100,350.03
1781431428,R_100,349.95
1781431430,R_100,349.89
1781431432,R_100,350.02
1781431434,R_100,350.01
1781431436,R_100,350.13
1781431438,R_100,350.22
1781431440,R_100,350.21
1781431442,R_100,350.16
1781431444,R_100,350.31
1781431446,R_100,350.21
1781431448,R_100,350.23
1781431450,R_100,350.06
1781431452,R_100,350.1
1781431454,R_100,350.02
1781431456,R_100,350.04
1781431458,R_100,350.16
1781431460,R_100,350.07
1781431462,R_100,350.06
1781431464,R_100,350.2
1781431466,R_100,350.2
1781431468,R_100,350.14
1781431470,R_100,349.91
1781431472,R_100,349.88
1781431474,R_100,349.94
1781431476,R_100,349.91
1781431478,R_100,349.86
1781431480,R_100,349.85
1781431482,R_100,349.93
1781431484,R_100,349.91
1781431486,R_100,350.01
1781431488,R_100,349.93
1781431490,R_100,349.92
1781431492,R_100,349.8
1781431494,R_100,349.74
1781431496,R_100,349.75
1781431498,R_100,349.8
1781431500,R_100,349.77
1781431502,R_100,349.7
1781431504,R_100,349.78
1781431506,R_100,349.66
1781431508,R_100,349.7
1781431510,R_100,349.57
1781431512,R_100,349.76
1781431514,R_100,349.74
1781431516,R_100,349.8
1781431518,R_100,349.91
1781431520,R_100,349.92
1781431522,R_100,349.84
1781431524,R_100,349.73
1781431526,R_100,349.61
1781431528,R_100,349.62
1781431530,R_100,349.62
1781431532,R_100,349.57
1781431534,R_100,349.61
1781431536,R_100,349.63
1781431538,R_100,349.65
1781431540,R_100,349.67
1781431542,R_100,349.77
1781431544,R_100,349.82
1781431546,R_100,349.78
1781431548,R_100,349.75
1781431550,R_100,349.67
1781431552,R_100,349.58
1781431554,R_100,349.44
1781431556,R_100,349.46
1781431558,R_100,349.58
1781431560,R_100,349.64
1781431562,R_100,349.7
1781431564,R_100,349.62
1781431566,R_100,349.74
1781431568,R_100,349.67
1781431570,R_100,349.69
1781431572,R_100,349.8
1781431574,R_100,349.87
1781431576,R_100,349.93
1781431578,R_100,349.93
1781431580,R_100,349.89
1781431582,R_100,349.79
1781431584,R_100,349.76
1781431586,R_100,349.64
1781431588,R_100,349.77
1781431590,R_100,349.72
1781431592,R_100,349.6
1781431594,R_100,349.46
1781431596,R_100,349.61
1781431598,R_100,349.59
1781431600,R_100,349.59
1781431602,R_100,349.7
1781431604,R_100,349.81
1781431606,R_100,349.85
1781431608,R_100,349.75
1781431610,R_100,349.9
1781431612,R_100,349.87
1781431614,R_100,349.98
1781431616,R_100,349.94
1781431618,R_100,349.96
1781431620,R_100,349.99
1781431622,R_100,350.05
1781431624,R_100,350.05
1781431626,R_100,350.09
1781431628,R_100,350.2
1781431630,R_100,350.05
1781431632,R_100,350.02
1781431634,R_100,350.05
1781431636,R_100,350.09
1781431638,R_100,350.14
1781431640,R_100,350.08
1781431642,R_100,350
1781431644,R_100,350.14
1781431646,R_100,350.29
1781431648,R_100,350.16
1781431650,R_100,350.22
1781431652,R_100,350.16
1781431654,R_100,350.06
1781431656,R_100,350.11
1781431658,R_100,350.06
1781431660,R_100,350.04
1781431662,R_100,350.1
1781431664,R_100,350.16
1781431666,R_100,350.22
1781431668,R_100,350.21
1781431670,R_100,350.08
1781431672,R_100,350
1781431674,R_100,350
1781431676,R_100,350.09
1781431678,R_100,350.13
1781431680,R_100,350.14
1781431682,R_100,350.18
1781431684,R_100,350.18
1781431686,R_100,350.25
1781431688,R_100,350.23
1781431690,R_100,350.07
1781431692,R_100,350.19
1781431694,R_100,350.11
1781431696,R_100,350.03
1781431698,R_100,350.09
1781431700,R_100,349.99
1781431702,R_100,350.06
1781431704,R_100,349.95
1781431706,R_100,349.9
1781431708,R_100,349.74
1781431710,R_100,349.46
1781431712,R_100,349.6
1781431714,R_100,349.53
1781431716,R_100,349.52
1781431718,R_100,349.56
1781431720,R_100,349.57
1781431722,R_100,349.59
1781431724,R_100,349.69
1781431726,R_100,349.66
1781431728,R_100,349.51
1781431730,R_100,349.46
1781431732,R_100,349.42
1781431734,R_100,349.54
1781431736,R_100,349.66
1781431738,R_100,349.68
1781431740,R_100,349.52
1781431742,R_100,349.46
1781431744,R_100,349.4
1781431746,R_100,349.39
1781431748,R_100,349.54
1781431750,R_100,349.52
1781431752,R_100,349.55
1781431754,R_100,349.55
1781431756,R_100,349.54
1781431758,R_100,349.55
1781431760,R_100,349.48
1781431762,R_100,349.49
1781431764,R_100,349.48
1781431766,R_100,349.36
1781431768,R_100,349.33
1781431770,R_100,349.38
1781431772,R_100,349.38
1781431774,R_100,349.24
1781431776,R_100,349.26
1781431778,R_100,349.28
1781431780,R_100,349.23
1781431782,R_100,349.28
1781431784,R_100,349.42
1781431786,R_100,349.59
1781431788,R_100,349.58
1781431790,R_100,349.61
1781431792,R_100,349.7
1781431794,R_100,349.53
1781431796,R_100,349.5
1781431798,R_100,349.46
1781431800,R_100,349.6
1781431802,R_100,349.56
1781431804,R_100,349.5
1781431806,R_100,349.45
1781431808,R_100,349.28
1781431810,R_100,349.1
1781431812,R_100,349.13
1781431814,R_100,349.09
1781431816,R_100,349.15
1781431818,R_100,349.16
1781431820,R_100,349.06
1781431822,R_100,348.96
1781431824,R_100,348.82
1781431826,R_100,348.79
1781431828,R_100,348.82
1781431830,R_100,348.9
1781431832,R_100,349
1781431834,R_100,348.94
1781431836,R_100,348.87
1781431838,R_100,348.91
1781431840,R_100,348.92
1781431842,R_100,348.88
1781431844,R_100,348.83
1781431846,R_100,348.79
1781431848,R_100,348.74
1781431850,R_100,348.72
1781431852,R_100,348.67
1781431854,R_100,348.73
1781431856,R_100,348.72
1781431858,R_100,348.86
1781431860,R_100,348.93
1781431862,R_100,348.94
1781431864,R_100,349.14
1781431866,R_100,349.11
1781431868,R_100,349.05
1781431870,R_100,349.03
1781431872,R_100,348.97
1781431874,R_100,349.04
1781431876,R_100,349.09
1781431878,R_100,349.24
1781431880,R_100,349.23
1781431882,R_100,349.24
1781431884,R_100,349.26
1781431886,R_100,349.29
1781431888,R_100,349.49
1781431890,R_100,349.35
1781431892,R_100,349.46
1781431894,R_100,349.45
1781431896,R_100,349.41
1781431898,R_100,349.35
1781431900,R_100,349.33
1781431902,R_100,349.39
1781431904,R_100,349.43
1781431906,R_100,349.52
1781431908,R_100,349.48
1781431910,R_100,349.51
1781431912,R_100,349.47
1781431914,R_100,349.5
1781431916,R_100,349.54
1781431918,R_100,349.46
1781431920,R_100,349.6
1781431922,R_100,349.69
1781431924,R_100,349.79
1781431926,R_100,349.9
1781431928,R_100,349.86
1781431930,R_100,349.91
1781431932,R_100,349.84
1781431934,R_100,349.82
1781431936,R_100,349.86
1781431938,R_100,349.89
1781431940,R_100,349.84
1781431942,R_100,349.93
1781431944,R_100,349.94
1781431946,R_100,350.03
1781431948,R_100,349.81
1781431950,R_100,349.81
1781431952,R_100,349.77
1781431954,R_100,349.76
1781431956,R_100,349.81
1781431958,R_100,349.69
1781431960,R_100,349.71
1781431962,R_100,349.7
1781431964,R_100,349.69
1781431966,R_100,349.71
1781431968,R_100,349.78
1781431970,R_100,349.68
1781431972,R_100,349.58
1781431974,R_100,349.71
1781431976,R_100,349.83
1781431978,R_100,349.87
1781431980,R_100,349.73
1781431982,R_100,349.68
1781431984,R_100,349.58
1781431986,R_100,349.52
1781431988,R_100,349.59
1781431990,R_100,349.7
1781431992,R_100,349.77
1781431994,R_100,349.8
1781431996,R_100,349.82
1781431998,R_100,349.79
1781432000,R_100,349.85
1781432002,R_100,350
1781432004,R_100,350.1
1781432006,R_100,350.16
1781432008,R_100,350.21
1781432010,R_100,350.15
1781432012,R_100,350.18
1781432014,R_100,350.2
1781432016,R_100,350.31
1781432018,R_100,350.39
1781432020,R_100,350.52
1781432022,R_100,350.43
1781432024,R_100,350.4
1781432026,R_100,350.2
1781432028,R_100,350.05
1781432030,R_100,349.96
1781432032,R_100,349.96
1781432034,R_100,349.88
1781432036,R_100,349.88
1781432038,R_100,349.9
1781432040,R_100,349.89
1781432042,R_100,349.97
1781432044,R_100,350
1781432046,R_100,349.95
1781432048,R_100,349.92
1781432050,R_100,350.02
1781432052,R_100,350.02
1781432054,R_100,350.01
1781432056,R_100,349.9
1781432058,R_100,349.85
1781432060,R_100,349.88
1781432062,R_100,349.98
1781432064,R_100,349.91
1781432066,R_100,349.94
1781432068,R_100,349.83
1781432070,R_100,349.92
1781432072,R_100,349.99
1781432074,R_100,349.92
1781432076,R_100,349.94
1781432078,R_100,349.92
1781432080,R_100,349.87
1781432082,R_100,349.8
1781432084,R_100,349.96
1781432086,R_100,349.82
1781432088,R_100,349.91
1781432090,R_100,349.92
1781432092,R_100,349.92
1781432094,R_100,349.99
1781432096,R_100,349.96
1781432098,R_100,350
1781432100,R_100,350.03
1781432102,R_100,350.07
1781432104,R_100,350.01
1781432106,R_100,350.13
1781432108,R_100,350.21
1781432110,R_100,350.24
1781432112,R_100,350.26
1781432114,R_100,350.4
1781432116,R_100,350.41
1781432118,R_100,350.53
1781432120,R_100,350.53
1781432122,R_100,350.37
1781432124,R_100,350.4
1781432126,R_100,350.45
1781432128,R_100,350.33
1781432130,R_100,350.28
1781432132,R_100,350.23
1781432134,R_100,350.29
1781432136,R_100,350.47
1781432138,R_100,350.61
1781432140,R_100,350.63
1781432142,R_100,350.61
1781432144,R_100,350.7
1781432146,R_100,350.78
1781432148,R_100,350.78
1781432150,R_100,350.64
1781432152,R_100,350.54
1781432154,R_100,350.44
1781432156,R_100,350.52
1781432158,R_100,350.57
1781432160,R_100,350.65
1781432162,R_100,350.62
1781432164,R_100,350.65
1781432166,R_100,350.73
1781432168,R_100,350.73
1781432170,R_100,350.54
1781432172,R_100,350.52
1781432174,R_100,350.62
1781432176,R_100,350.42
1781432178,R_100,350.36
1781432180,R_100,350.27
1781432182,R_100,350.28
1781432184,R_100,350.39
1781432186,R_100,350.45
1781432188,R_100,350.38
1781432190,R_100,350.37
1781432192,R_100,350.4
1781432194,R_100,350.58
1781432196,R_100,350.4
1781432198,R_100,350.33
1781432200,R_100,350.42
1781432202,R_100,350.56
1781432204,R_100,350.42
1781432206,R_100,350.49
1781432208,R_100,350.71
1781432210,R_100,350.49
1781432212,R_100,350.63
1781432214,R_100,350.62
1781432216,R_100,350.57
1781432218,R_100,350.51
1781432220,R_100,350.35
1781432222,R_100,350.21
1781432224,R_100,350.05
1781432226,R_100,350.12
1781432228,R_100,349.99
1781432230,R_100,350.06
1781432232,R_100,350.03
1781432234,R_100,350.17
1781432236,R_100,350.08
1781432238,R_100,350.11
1781432240,R_100,350.25
1781432242,R_100,350.26
1781432244,R_100,350.31
1781432246,R_100,350.26
1781432248,R_100,350.16
1781432250,R_100,350.09
1781432252,R_100,350.08
1781432254,R_100,350.21
1781432256,R_100,350.26
1781432258,R_100,350.17
1781432260,R_100,350.17
1781432262,R_100,350.13
1781432264,R_100,350.09
1781432266,R_100,349.91
1781432268,R_100,349.9
1781432270,R_100,349.82
1781432272,R_100,349.6
1781432274,R_100,349.67
1781432276,R_100,349.48
1781432278,R_100,349.49
1781432280,R_100,349.56
1781432282,R_100,349.53
1781432284,R_100,349.56
1781432286,R_100,349.53
1781432288,R_100,349.41
1781432290,R_100,349.26
1781432292,R_100,349.25
1781432294,R_100,349.12
1781432296,R_100,349.05
1781432298,R_100,348.98
1781432300,R_100,348.91
1781432302,R_100,348.88
1781432304,R_100,348.9
1781432306,R_100,349.03
1781432308,R_100,349.06
1781432310,R_100,348.89
1781432312,R_100,348.89
1781432314,R_100,348.85
1781432316,R_100,348.87
1781432318,R_100,348.98
1781432320,R_100,348.97
1781432322,R_100,349.04
1781432324,R_100,349.21
1781432326,R_100,348.98
1781432328,R_100,348.97
1781432330,R_100,349.01
1781432332,R_100,349.01
1781432334,R_100,348.9
1781432336,R_100,348.93
1781432338,R_100,349.02
1781432340,R_100,348.99
1781432342,R_100,348.94
1781432344,R_100,348.86
1781432346,R_100,348.77
1781432348,R_100,348.79
1781432350,R_100,348.77
1781432352,R_100,348.66
1781432354,R_100,348.63
1781432356,R_100,348.68
1781432358,R_100,348.72
1781432360,R_100,348.74
1781432362,R_100,348.75
1781432364,R_100,348.75
1781432366,R_100,348.63
1781432368,R_100,348.58
1781432370,R_100,348.57
1781432372,R_100,348.54
1781432374,R_100,348.48
1781432376,R_100,348.53
1781432378,R_100,348.54
1781432380,R_100,348.4
1781432382,R_100,348.39
1781432384,R_100,348.36
1781432386,R_100,348.34
1781432388,R_100,348.39
1781432390,R_100,348.35
1781432392,R_100,348.37
1781432394,R_100,348.32
1781432396,R_100,348.19
1781432398,R_100,347.95
1781432400,R_100,347.8
1781432402,R_100,347.78
1781432404,R_100,347.81
1781432406,R_100,347.8
1781432408,R_100,347.76
1781432410,R_100,347.78
1781432412,R_100,347.83
1781432414,R_100,347.89
1781432416,R_100,347.95
1781432418,R_100,348.01
1781432420,R_100,348.02
1781432422,R_100,347.87
1781432424,R_100,347.9
1781432426,R_100,347.96
1781432428,R_100,347.98
1781432430,R_100,347.87
1781432432,R_100,347.93
1781432434,R_100,348.03
1781432436,R_100,347.88
1781432438,R_100,347.98
1781432440,R_100,347.86
1781432442,R_100,347.86
1781432444,R_100,347.87
1781432446,R_100,347.84
1781432448,R_100,347.68
1781432450,R_100,347.71
1781432452,R_100,347.62
1781432454,R_100,347.59
1781432456,R_100,347.43
1781432458,R_100,347.48
1781432460,R_100,347.41
1781432462,R_100,347.47
1781432464,R_100,347.53
1781432466,R_100,347.59
1781432468,R_100,347.5
1781432470,R_100,347.53
1781432472,R_100,347.59
1781432474,R_100,347.56
1781432476,R_100,347.46
1781432478,R_100,347.63
1781432480,R_100,347.65
1781432482,R_100,347.64
1781432484,R_100,347.69
1781432486,R_100,347.66
1781432488,R_100,347.73
1781432490,R_100,347.72
1781432492,R_100,347.79
1781432494,R_100,347.86
1781432496,R_100,348.01
1781432498,R_100,347.9
1781432500,R_100,347.91
1781432502,R_100,348.07
1781432504,R_100,348.1
1781432506,R_100,348.04
1781432508,R_100,348.01
1781432510,R_100,348.08
1781432512,R_100,348.1
1781432514,R_100,348.11
1781432516,R_100,348.17
1781432518,R_100,348.13
1781432520,R_100,348.11
1781432522,R_100,348.04
1781432524,R_100,348.01
1781432526,R_100,347.81
1781432528,R_100,347.97
1781432530,R_100,347.93
1781432532,R_100,348.14
1781432534,R_100,348.3
1781432536,R_100,348.24
1781432538,R_100,348.21
1781432540,R_100,348.29
1781432542,R_100,348.35
1781432544,R_100,348.17
1781432546,R_100,348.18
1781432548,R_100,348
1781432550,R_100,348.1
1781432552,R_100,348.24
1781432554,R_100,348.18
1781432556,R_100,348.08
1781432558,R_100,348
1781432560,R_100,348.06
1781432562,R_100,348.09
1781432564,R_100,348.16
1781432566,R_100,348.24
1781432568,R_100,348.12
1781432570,R_100,348.06
1781432572,R_100,348.06
1781432574,R_100,348.2
1781432576,R_100,348.07
1781432578,R_100,348.06
1781432580,R_100,348.12
1781432582,R_100,348.19
1781432584,R_100,348.34
1781432586,R_100,348.33
1781432588,R_100,348.21
1781432590,R_100,348.15
1781432592,R_100,348.12
1781432594,R_100,348.01
1781432596,R_100,348.06
1781432598,R_100,347.98
1781432600,R_100,348.03
1781432602,R_100,348.07
1781432604,R_100,348.2
1781432606,R_100,348.19
1781432608,R_100,348.19
1781432610,R_100,348.25
1781432612,R_100,348.2
1781432614,R_100,348.17
1781432616,R_100,348.28
1781432618,R_100,348.2
1781432620,R_100,348.25
1781432622,R_100,348.22
1781432624,R_100,348.17
1781432626,R_100,348.09
1781432628,R_100,347.97
1781432630,R_100,348.04
1781432632,R_100,347.98
1781432634,R_100,347.99
1781432636,R_100,348.14
1781432638,R_100,348.21
1781432640,R_100,348.21
1781432642,R_100,348.1
1781432644,R_100,348.17
1781432646,R_100,348.11
1781432648,R_100,348.09
1781432650,R_100,348.08
1781432652,R_100,348.03
1781432654,R_100,348.15
1781432656,R_100,348.15
1781432658,R_100,348.24
1781432660,R_100,348.3
1781432662,R_100,348.38
1781432664,R_100,348.28
1781432666,R_100,348.25
1781432668,R_100,348.19
1781432670,R_100,348.25
1781432672,R_100,348.26
1781432674,R_100,348.13
1781432676,R_100,348.15
1781432678,R_100,348.19
1781432680,R_100,348.22
1781432682,R_100,348.19
1781432684,R_100,348.21
1781432686,R_100,348.34
1781432688,R_100,348.44
1781432690,R_100,348.35
1781432692,R_100,348.34
1781432694,R_100,348.4
1781432696,R_100,348.22
1781432698,R_100,348.31
1781432700,R_100,348.38
1781432702,R_100,348.31
1781432704,R_100,348.33
1781432706,R_100,348.37
1781432708,R_100,348.37
1781432710,R_100,348.26
1781432712,R_100,348.19
1781432714,R_100,348.18
1781432716,R_100,348.16
1781432718,R_100,348
1781432720,R_100,347.94
1781432722,R_100,347.91
1781432724,R_100,348
1781432726,R_100,348.09
1781432728,R_100,348.22
1781432730,R_100,348.12
1781432732,R_100,348.09
1781432734,R_100,348.07
1781432736,R_100,348.17
1781432738,R_100,348.12
1781432740,R_100,348.18
1781432742,R_100,348.16
1781432744,R_100,348.32
1781432746,R_100,348.4
1781432748,R_100,348.5
1781432750,R_100,348.69
1781432752,R_100,348.57
1781432754,R_100,348.45
1781432756,R_100,348.32
1781432758,R_100,348.28
1781432760,R_100,348.18
1781432762,R_100,348.16
1781432764,R_100,348.25
1781432766,R_100,348.35
1781432768,R_100,348.33
1781432770,R_100,348.37
1781432772,R_100,348.44
1781432774,R_100,348.35
1781432776,R_100,348.32
1781432778,R_100,348.31
1781432780,R_100,348.37
1781432782,R_100,348.49
1781432784,R_100,348.52
1781432786,R_100,348.35
1781432788,R_100,348.41
1781432790,R_100,348.45
1781432792,R_100,348.45
1781432794,R_100,348.68
1781432796,R_100,348.66
1781432798,R_100,348.53
1781432800,R_100,348.51
1781432802,R_100,348.38
1781432804,R_100,348.48
1781432806,R_100,348.37
1781432808,R_100,348.29
1781432810,R_100,348.18
1781432812,R_100,348.19
1781432814,R_100,348.24
1781432816,R_100,348.12
1781432818,R_100,348.15
1781432820,R_100,347.9
1781432822,R_100,347.93
1781432824,R_100,347.86
1781432826,R_100,347.87
1781432828,R_100,347.93
1781432830,R_100,347.86
1781432832,R_100,347.77
1781432834,R_100,347.77
1781432836,R_100,347.57
1781432838,R_100,347.44
1781432840,R_100,347.48
1781432842,R_100,347.47
1781432844,R_100,347.46
1781432846,R_100,347.54
1781432848,R_100,347.54
1781432850,R_100,347.51
1781432852,R_100,347.47
1781432854,R_100,347.31
1781432856,R_100,347.25
1781432858,R_100,347.36
1781432860,R_100,347.3
1781432862,R_100,347.17
1781432864,R_100,347.09
1781432866,R_100,347.04
1781432868,R_100,347
1781432870,R_100,347.07
1781432872,R_100,347.09
1781432874,R_100,347.2
1781432876,R_100,347.11
1781432878,R_100,346.94
1781432880,R_100,346.91
1781432882,R_100,346.92
1781432884,R_100,346.89
1781432886,R_100,346.88
1781432888,R_100,346.89
1781432890,R_100,346.72
1781432892,R_100,346.69
1781432894,R_100,346.82
1781432896,R_100,346.83
1781432898,R_100,346.8
1781432900,R_100,346.92
1781432902,R_100,346.95
1781432904,R_100,346.9
1781432906,R_100,347
1781432908,R_100,346.96
1781432910,R_100,346.95
1781432912,R_100,346.94
1781432914,R_100,346.66
1781432916,R_100,346.52
1781432918,R_100,346.65
1781432920,R_100,346.66
1781432922,R_100,346.72
1781432924,R_100,346.59
1781432926,R_100,346.67
1781432928,R_100,346.49
1781432930,R_100,346.45
1781432932,R_100,346.37
1781432934,R_100,346.29
1781432936,R_100,346.37
1781432938,R_100,346.38
1781432940,R_100,346.2
1781432942,R_100,346.18
1781432944,R_100,346.27
1781432946,R_100,346.17
1781432948,R_100,346.06
1781432950,R_100,345.83
1781432952,R_100,346.06
1781432954,R_100,346.2
1781432956,R_100,346.12
1781432958,R_100,346.16
1781432960,R_100,346.12
1781432962,R_100,346.12
1781432964,R_100,346.09
1781432966,R_100,345.97
1781432968,R_100,345.92
1781432970,R_100,345.86
1781432972,R_100,345.87
1781432974,R_100,345.84
1781432976,R_100,345.83
1781432978,R_100,345.87
1781432980,R_100,345.88
1781432982,R_100,345.88
1781432984,R_100,345.72
1781432986,R_100,345.69
1781432988,R_100,345.71
1781432990,R_100,345.83
1781432992,R_100,345.83
1781432994,R_100,345.75
1781432996,R_100,345.79
1781432998,R_100,345.96
1781433000,R_100,345.87
1781433002,R_100,345.82
1781433004,R_100,345.94
1781433006,R_100,345.89
1781433008,R_100,346
1781433010,R_100,346.02
1781433012,R_100,345.98
1781433014,R_100,346.02
1781433016,R_100,346.01
1781433018,R_100,346.06
1781433020,R_100,345.94
1781433022,R_100,345.78
1781433024,R_100,345.92
1781433026,R_100,345.92
1781433028,R_100,346.09
1781433030,R_100,346.18
1781433032,R_100,346.01
1781433034,R_100,345.99
1781433036,R_100,345.92
1781433038,R_100,345.93
1781433040,R_100,345.72
1781433042,R_100,345.74
1781433044,R_100,345.59
1781433046,R_100,345.45
1781433048,R_100,345.45
1781433050,R_100,345.37
1781433052,R_100,345.53
1781433054,R_100,345.34
1781433056,R_100,345.25
1781433058,R_100,345.16
1781433060,R_100,345.15
1781433062,R_100,345.23
1781433064,R_100,345.1
1781433066,R_100,345.19
1781433068,R_100,345.12
1781433070,R_100,345.04
1781433072,R_100,345.1
1781433074,R_100,345.07
1781433076,R_100,345.09
1781433078,R_100,345.21
1781433080,R_100,345.25
1781433082,R_100,345.06
1781433084,R_100,345.22
1781433086,R_100,345.28
1781433088,R_100,345.4
1781433090,R_100,345.46
1781433092,R_100,345.49
1781433094,R_100,345.43
1781433096,R_100,345.42
1781433098,R_100,345.43
1781433100,R_100,345.46
1781433102,R_100,345.46
1781433104,R_100,345.33
1781433106,R_100,345.47
1781433108,R_100,345.53
1781433110,R_100,345.59
1781433112,R_100,345.48
1781433114,R_100,345.53
1781433116,R_100,345.57
1781433118,R_100,345.6
1781433120,R_100,345.55
1781433122,R_100,345.66
1781433124,R_100,345.7
1781433126,R_100,345.71
1781433128,R_100,345.7
1781433130,R_100,345.59
1781433132,R_100,345.58
1781433134,R_100,345.62
1781433136,R_100,345.58
1781433138,R_100,345.45
1781433140,R_100,345.52
1781433142,R_100,345.52
1781433144,R_100,345.51
1781433146,R_100,345.41
1781433148,R_100,345.42
1781433150,R_100,345.41
1781433152,R_100,345.31
1781433154,R_100,345.29
1781433156,R_100,345.32
1781433158,R_100,345.33
1781433160,R_100,345.19
1781433162,R_100,345.11
1781433164,R_100,345.05
1781433166,R_100,345.1
1781433168,R_100,345.16
1781433170,R_100,345.33
1781433172,R_100,345.29
1781433174,R_100,345.2
1781433176,R_100,345.43
1781433178,R_100,345.47
1781433180,R_100,345.51
1781433182,R_100,345.55
1781433184,R_100,345.53
1781433186,R_100,345.48
1781433188,R_100,345.39
1781433190,R_100,345.36
1781433192,R_100,345.35
1781433194,R_100,345.4
1781433196,R_100,345.4
1781433198,R_100,345.39
1781433200,R_100,345.4
1781433202,R_100,345.4
1781433204,R_100,345.51
1781433206,R_100,345.43
1781433208,R_100,345.43
1781433210,R_100,345.57
1781433212,R_100,345.64
1781433214,R_100,345.72
1781433216,R_100,345.49
1781433218,R_100,345.4
1781433220,R_100,345.57
1781433222,R_100,345.54
1781433224,R_100,345.66
1781433226,R_100,345.63
1781433228,R_100,345.49
1781433230,R_100,345.48
1781433232,R_100,345.41
1781433234,R_100,345.52
1781433236,R_100,345.46
1781433238,R_100,345.48
1781433240,R_100,345.5
1781433242,R_100,345.53
1781433244,R_100,345.59
1781433246,R_100,345.34
1781433248,R_100,345.33
1781433250,R_100,345.26
1781433252,R_100,345.3
1781433254,R_100,345.28
1781433256,R_100,345.36
1781433258,R_100,345.28
1781433260,R_100,345.33
1781433262,R_100,345.31
1781433264,R_100,345.35
1781433266,R_100,345.39
1781433268,R_100,345.43
1781433270,R_100,345.45
1781433272,R_100,345.57
1781433274,R_100,345.58
1781433276,R_100,345.56
1781433278,R_100,345.58
1781433280,R_100,345.73
1781433282,R_100,345.72
1781433284,R_100,345.73
1781433286,R_100,345.78
1781433288,R_100,345.9
1781433290,R_100,345.83
1781433292,R_100,345.88
1781433294,R_100,345.88
1781433296,R_100,345.92
1781433298,R_100,345.98
1781433300,R_100,345.86
1781433302,R_100,345.91
1781433304,R_100,345.96
1781433306,R_100,345.99
1781433308,R_100,345.86
1781433310,R_100,345.91
1781433312,R_100,345.9
1781433314,R_100,345.75
1781433316,R_100,345.5
1781433318,R_100,345.56
1781433320,R_100,345.58
1781433322,R_100,345.63
1781433324,R_100,345.65
1781433326,R_100,345.61
1781433328,R_100,345.54
1781433330,R_100,345.43
1781433332,R_100,345.49
1781433334,R_100,345.54
1781433336,R_100,345.6
1781433338,R_100,345.66
1781433340,R_100,345.76
1781433342,R_100,345.86
1781433344,R_100,345.86
1781433346,R_100,345.81
1781433348,R_100,345.7
1781433350,R_100,345.71
1781433352,R_100,345.69
1781433354,R_100,345.64
1781433356,R_100,345.58
1781433358,R_100,345.6
1781433360,R_100,345.56
1781433362,R_100,345.47
1781433364,R_100,345.44
1781433366,R_100,345.4
1781433368,R_100,345.49
1781433370,R_100,345.5
1781433372,R_100,345.38
1781433374,R_100,345.3
1781433376,R_100,345.49
1781433378,R_100,345.48
1781433380,R_100,345.35
1781433382,R_100,345.36
1781433384,R_100,345.26
1781433386,R_100,345.16
1781433388,R_100,345.07
1781433390,R_100,344.94
1781433392,R_100,344.89
1781433394,R_100,344.89
1781433396,R_100,344.79
1781433398,R_100,344.8
1781433400,R_100,344.79
1781433402,R_100,344.78
1781433404,R_100,344.84
1781433406,R_100,344.84
1781433408,R_100,344.93
1781433410,R_100,344.93
1781433412,R_100,344.96
1781433414,R_100,344.94
1781433416,R_100,344.86
1781433418,R_100,345.01
1781433420,R_100,345.01
1781433422,R_100,345.03
1781433424,R_100,345.17
1781433426,R_100,345.19
1781433428,R_100,345.23
1781433430,R_100,345.11
1781433432,R_100,344.97
1781433434,R_100,344.95
1781433436,R_100,344.8
1781433438,R_100,344.9
1781433440,R_100,344.81
1781433442,R_100,344.87
1781433444,R_100,344.98
1781433446,R_100,344.97
1781433448,R_100,344.91
1781433450,R_100,344.87
1781433452,R_100,344.76
1781433454,R_100,344.91
1781433456,R_100,344.91
1781433458,R_100,344.91
1781433460,R_100,344.77
1781433462,R_100,344.83
1781433464,R_100,344.84
1781433466,R_100,344.98
1781433468,R_100,345
1781433470,R_100,344.94
1781433472,R_100,344.75
1781433474,R_100,344.87
1781433476,R_100,344.71
1781433478,R_100,344.71
1781433480,R_100,344.69
1781433482,R_100,344.58
1781433484,R_100,344.4
1781433486,R_100,344.44
1781433488,R_100,344.36
1781433490,R_100,344.36
1781433492,R_100,344.52
1781433494,R_100,344.59
1781433496,R_100,344.45
1781433498,R_100,344.48
1781433500,R_100,344.49
1781433502,R_100,344.67
1781433504,R_100,344.76
1781433506,R_100,344.84
1781433508,R_100,344.95
1781433510,R_100,345.05
1781433512,R_100,345.02
1781433514,R_100,345.02
1781433516,R_100,344.96
1781433518,R_100,344.89
1781433520,R_100,344.99
1781433522,R_100,344.98
1781433524,R_100,344.91
1781433526,R_100,344.88
1781433528,R_100,344.8
1781433530,R_100,344.84
1781433532,R_100,344.92
1781433534,R_100,344.81
1781433536,R_100,344.87
1781433538,R_100,344.81
1781433540,R_100,344.87
1781433542,R_100,344.9
1781433544,R_100,344.95
1781433546,R_100,344.88
1781433548,R_100,344.79
1781433550,R_100,344.78
1781433552,R_100,344.77
1781433554,R_100,344.75
1781433556,R_100,344.64
1781433558,R_100,344.64
1781433560,R_100,344.66
1781433562,R_100,344.74
1781433564,R_100,344.54
1781433566,R_100,344.61
1781433568,R_100,344.83
1781433570,R_100,344.79
1781433572,R_100,344.91
1781433574,R_100,344.84
1781433576,R_100,344.67
1781433578,R_100,344.84
1781433580,R_100,344.82
1781433582,R_100,344.85
1781433584,R_100,344.82
1781433586,R_100,344.83
1781433588,R_100,344.69
1781433590,R_100,344.79
1781433592,R_100,344.64
1781433594,R_100,344.74
1781433596,R_100,344.8
1781433598,R_100,344.98
1781433600,R_100,345.08
1781433602,R_100,344.88
1781433604,R_100,344.95
1781433606,R_100,344.8
1781433608,R_100,344.85
1781433610,R_100,344.77
1781433612,R_100,344.96
1781433614,R_100,345.05
1781433616,R_100,345.16
1781433618,R_100,345.17
1781433620,R_100,345.17
1781433622,R_100,345.13
1781433624,R_100,345.1
1781433626,R_100,345.23
1781433628,R_100,345.18
1781433630,R_100,345.29
1781433632,R_100,345.23
1781433634,R_100,345.24
1781433636,R_100,345.25
1781433638,R_100,345.34
1781433640,R_100,345.23
1781433642,R_100,345.32
1781433644,R_100,345.35
1781433646,R_100,345.37
1781433648,R_100,345.36
1781433650,R_100,345.14
1781433652,R_100,345.07
1781433654,R_100,345.08
1781433656,R_100,345
1781433658,R_100,345.09
1781433660,R_100,345.14
1781433662,R_100,345.19
1781433664,R_100,345.26
1781433666,R_100,345.15
1781433668,R_100,345.28
1781433670,R_100,345.44
1781433672,R_100,345.5
1781433674,R_100,345.55
1781433676,R_100,345.55
1781433678,R_100,345.69
1781433680,R_100,345.71
1781433682,R_100,345.89
1781433684,R_100,345.87
1781433686,R_100,345.76
1781433688,R_100,345.76
1781433690,R_100,345.84
1781433692,R_100,345.83
1781433694,R_100,345.84
1781433696,R_100,345.82
1781433698,R_100,345.88
1781433700,R_100,345.81
1781433702,R_100,345.8
1781433704,R_100,345.66
1781433706,R_100,345.74
1781433708,R_100,345.92
1781433710,R_100,345.69
1781433712,R_100,345.7
1781433714,R_100,345.57
1781433716,R_100,345.65
1781433718,R_100,345.6
1781433720,R_100,345.51
1781433722,R_100,345.5
1781433724,R_100,345.54
1781433726,R_100,345.62
1781433728,R_100,345.55
1781433730,R_100,345.43
1781433732,R_100,345.54
1781433734,R_100,345.65
1781433736,R_100,345.74
1781433738,R_100,345.85
1781433740,R_100,345.73
1781433742,R_100,345.8
1781433744,R_100,345.86
1781433746,R_100,345.84
1781433748,R_100,345.86
1781433750,R_100,345.81
1781433752,R_100,346.02
1781433754,R_100,346.11
1781433756,R_100,346.13
1781433758,R_100,346.05
1781433760,R_100,345.99
1781433762,R_100,345.9
1781433764,R_100,345.72
1781433766,R_100,345.68
1781433768,R_100,345.71
1781433770,R_100,345.57
1781433772,R_100,345.62
1781433774,R_100,345.7
1781433776,R_100,345.73
1781433778,R_100,345.64
1781433780,R_100,345.7
1781433782,R_100,345.79
1781433784,R_100,345.74
1781433786,R_100,345.8
1781433788,R_100,345.83
1781433790,R_100,345.75
1781433792,R_100,345.72
1781433794,R_100,345.68
1781433796,R_100,345.73
1781433798,R_100,345.73
1781433800,R_100,345.71
1781433802,R_100,345.75
1781433804,R_100,345.82
1781433806,R_100,345.66
1781433808,R_100,345.69
1781433810,R_100,345.71
1781433812,R_100,345.76
1781433814,R_100,345.63
1781433816,R_100,345.73
1781433818,R_100,345.73
1781433820,R_100,345.79
1781433822,R_100,345.87
1781433824,R_100,345.96
1781433826,R_100,345.84
1781433828,R_100,345.89
1781433830,R_100,346
1781433832,R_100,346.02
1781433834,R_100,345.95
1781433836,R_100,345.98
1781433838,R_100,345.84
1781433840,R_100,345.77
1781433842,R_100,345.72
1781433844,R_100,345.67
1781433846,R_100,345.55
1781433848,R_100,345.56
1781433850,R_100,345.75
1781433852,R_100,345.59
1781433854,R_100,345.64
1781433856,R_100,345.57
1781433858,R_100,345.61
1781433860,R_100,345.69
1781433862,R_100,345.51
1781433864,R_100,345.69
1781433866,R_100,345.57
1781433868,R_100,345.56
1781433870,R_100,345.6
1781433872,R_100,345.55
1781433874,R_100,345.38
1781433876,R_100,345.3
1781433878,R_100,345.24
1781433880,R_100,345.25
1781433882,R_100,345.06
1781433884,R_100,345.14
1781433886,R_100,345.22
1781433888,R_100,345.17
1781433890,R_100,345.12
1781433892,R_100,345.08
1781433894,R_100,345.12
1781433896,R_100,345.26
1781433898,R_100,345.2
1781433900,R_100,345.37
1781433902,R_100,345.43
1781433904,R_100,345.41
1781433906,R_100,345.42
1781433908,R_100,345.52
1781433910,R_100,345.44
1781433912,R_100,345.48
1781433914,R_100,345.52
1781433916,R_100,345.39
1781433918,R_100,345.4
1781433920,R_100,345.48
1781433922,R_100,345.69
1781433924,R_100,345.75
1781433926,R_100,345.83
1781433928,R_100,346.03
1781433930,R_100,346.08
1781433932,R_100,346.04
1781433934,R_100,346
1781433936,R_100,345.93
1781433938,R_100,345.91
1781433940,R_100,345.91
1781433942,R_100,346.04
1781433944,R_100,346.16
1781433946,R_100,346.14
1781433948,R_100,346.19
1781433950,R_100,346.07
1781433952,R_100,346.09
1781433954,R_100,346.19
1781433956,R_100,346.36
1781433958,R_100,346.17
1781433960,R_100,346.06
1781433962,R_100,346.17
1781433964,R_100,346.19
1781433966,R_100,346.19
1781433968,R_100,346.21
1781433970,R_100,346.21
1781433972,R_100,346.41
1781433974,R_100,346.5
1781433976,R_100,346.46
1781433978,R_100,346.34
1781433980,R_100,346.33
1781433982,R_100,346.35
1781433984,R_100,346.23
1781433986,R_100,346.18
1781433988,R_100,346.06
1781433990,R_100,346.12
1781433992,R_100,346.19
1781433994,R_100,346.17
1781433996,R_100,346.11
1781433998,R_100,346.17
1781434000,R_100,346.21
1781434002,R_100,346.37
1781434004,R_100,346.28
1781434006,R_100,346.24
1781434008,R_100,346.14
1781434010,R_100,346.21
1781434012,R_100,346.2
1781434014,R_100,346.12
1781434016,R_100,346.14
1781434018,R_100,346.19
1781434020,R_100,346.23
1781434022,R_100,346.22
1781434024,R_100,346.02
1781434026,R_100,345.97
1781434028,R_100,345.96
1781434030,R_100,345.95
1781434032,R_100,345.99
1781434034,R_100,345.96
1781434036,R_100,345.88
1781434038,R_100,345.91
1781434040,R_100,345.96
1781434042,R_100,345.97
1781434044,R_100,346.05
1781434046,R_100,346.1
1781434048,R_100,346.16
1781434050,R_100,346.15
1781434052,R_100,346.15
1781434054,R_100,346.06
1781434056,R_100,345.9
1781434058,R_100,345.8
1781434060,R_100,345.87
1781434062,R_100,345.87
1781434064,R_100,345.75
1781434066,R_100,345.68
1781434068,R_100,345.73
1781434070,R_100,345.66
1781434072,R_100,345.51
1781434074,R_100,345.48
1781434076,R_100,345.37
1781434078,R_100,345.18
1781434080,R_100,345.18
1781434082,R_100,345.18
1781434084,R_100,345.19
1781434086,R_100,345.16
1781434088,R_100,345.19
1781434090,R_100,345.34
1781434092,R_100,345.25
1781434094,R_100,345.18
1781434096,R_100,345.19
1781434098,R_100,345.22
1781434100,R_100,345.3
1781434102,R_100,345.22
1781434104,R_100,345.2
1781434106,R_100,345.08
1781434108,R_100,345.12
1781434110,R_100,344.96
1781434112,R_100,344.94
1781434114,R_100,344.68
1781434116,R_100,344.65
1781434118,R_100,344.73
1781434120,R_100,344.68
1781434122,R_100,344.44
1781434124,R_100,344.4
1781434126,R_100,344.33
1781434128,R_100,344.4
1781434130,R_100,344.48
1781434132,R_100,344.43
1781434134,R_100,344.53
1781434136,R_100,344.48
1781434138,R_100,344.63
1781434140,R_100,344.77
1781434142,R_100,344.85
1781434144,R_100,344.81
1781434146,R_100,344.65
1781434148,R_100,344.61
1781434150,R_100,344.6
1781434152,R_100,344.58
1781434154,R_100,344.53
1781434156,R_100,344.43
1781434158,R_100,344.53
1781434160,R_100,344.61
1781434162,R_100,344.65
1781434164,R_100,344.49
1781434166,R_100,344.39
1781434168,R_100,344.49
1781434170,R_100,344.48
1781434172,R_100,344.49
1781434174,R_100,344.49
1781434176,R_100,344.5
1781434178,R_100,344.45
1781434180,R_100,344.4
1781434182,R_100,344.27
1781434184,R_100,344.35
1781434186,R_100,344.32
1781434188,R_100,344.38
1781434190,R_100,344.37
1781434192,R_100,344.36
1781434194,R_100,344.39
1781434196,R_100,344.47
1781434198,R_100,344.39
1781434200,R_100,344.49
1781434202,R_100,344.48
1781434204,R_100,344.55
1781434206,R_100,344.5
1781434208,R_100,344.37
1781434210,R_100,344.31
1781434212,R_100,344.16
1781434214,R_100,344.17
1781434216,R_100,344.18
1781434218,R_100,344.12
1781434220,R_100,344.17
1781434222,R_100,344.09
1781434224,R_100,344.09
1781434226,R_100,344.13
1781434228,R_100,344.12
1781434230,R_100,344.23
1781434232,R_100,344.21
1781434234,R_100,344.41
1781434236,R_100,344.47
1781434238,R_100,344.43
1781434240,R_100,344.34
1781434242,R_100,344.37
1781434244,R_100,344.28
1781434246,R_100,344.24
1781434248,R_100,344.2
1781434250,R_100,344.07
1781434252,R_100,344
1781434254,R_100,343.94
1781434256,R_100,343.94
1781434258,R_100,344
1781434260,R_100,344
1781434262,R_100,344.03
1781434264,R_100,343.86
1781434266,R_100,343.94
1781434268,R_100,343.78
1781434270,R_100,343.81
1781434272,R_100,343.9
1781434274,R_100,343.89
1781434276,R_100,343.78
1781434278,R_100,343.73
1781434280,R_100,343.74
1781434282,R_100,343.78
1781434284,R_100,343.65
1781434286,R_100,343.78
1781434288,R_100,343.72
1781434290,R_100,343.57
1781434292,R_100,343.68
1781434294,R_100,343.68
1781434296,R_100,343.76
1781434298,R_100,343.83
1781434300,R_100,343.64
1781434302,R_100,343.71
1781434304,R_100,343.86
1781434306,R_100,343.87
1781434308,R_100,343.79
1781434310,R_100,343.91
1781434312,R_100,343.73
1781434314,R_100,343.76
1781434316,R_100,343.62
1781434318,R_100,343.48
1781434320,R_100,343.41
1781434322,R_100,343.55
1781434324,R_100,343.71
1781434326,R_100,343.89
1781434328,R_100,343.9
1781434330,R_100,343.88
1781434332,R_100,343.83
1781434334,R_100,343.85
1781434336,R_100,343.88
1781434338,R_100,343.86
1781434340,R_100,343.96
1781434342,R_100,343.95
1781434344,R_100,343.98
1781434346,R_100,343.87
1781434348,R_100,343.85
1781434350,R_100,343.81
1781434352,R_100,343.85
1781434354,R_100,343.78
1781434356,R_100,343.78
1781434358,R_100,343.82
1781434360,R_100,343.75
1781434362,R_100,343.82
1781434364,R_100,343.79
1781434366,R_100,343.81
1781434368,R_100,343.66
1781434370,R_100,343.68
1781434372,R_100,343.79
1781434374,R_100,343.71
1781434376,R_100,343.66
1781434378,R_100,343.69
1781434380,R_100,343.62
1781434382,R_100,343.65
1781434384,R_100,343.49
1781434386,R_100,343.47
1781434388,R_100,343.45
1781434390,R_100,343.44
1781434392,R_100,343.3
1781434394,R_100,343.32
1781434396,R_100,343.48
1781434398,R_100,343.45
1781434400,R_100,343.57
1781434402,R_100,343.51
1781434404,R_100,343.65
1781434406,R_100,343.61
1781434408,R_100,343.46
1781434410,R_100,343.38
1781434412,R_100,343.4
1781434414,R_100,343.25
1781434416,R_100,343.19
1781434418,R_100,343.11
1781434420,R_100,343.09
1781434422,R_100,342.92
1781434424,R_100,343.09
1781434426,R_100,343.15
1781434428,R_100,343.22
1781434430,R_100,343.14
1781434432,R_100,343.27
1781434434,R_100,343.19
1781434436,R_100,343.31
1781434438,R_100,343.24
1781434440,R_100,343.17
1781434442,R_100,343.15
1781434444,R_100,343.19
1781434446,R_100,343.22
1781434448,R_100,343.22
1781434450,R_100,343.1
1781434452,R_100,343.22
1781434454,R_100,343.36
1781434456,R_100,343.46
1781434458,R_100,343.36
1781434460,R_100,343.34
1781434462,R_100,343.3
1781434464,R_100,343.31
1781434466,R_100,343.26
1781434468,R_100,343.23
1781434470,R_100,343.26
1781434472,R_100,343.33
1781434474,R_100,343.27
1781434476,R_100,343.46
1781434478,R_100,343.52
1781434480,R_100,343.45
1781434482,R_100,343.31
1781434484,R_100,343.25
1781434486,R_100,343.18
1781434488,R_100,343.13
1781434490,R_100,343.01
1781434492,R_100,342.91
1781434494,R_100,342.83
1781434496,R_100,342.72
1781434498,R_100,342.65
1781434500,R_100,342.61
1781434502,R_100,342.75
1781434504,R_100,342.75
1781434506,R_100,342.74
1781434508,R_100,342.64
1781434510,R_100,342.7
1781434512,R_100,342.68
1781434514,R_100,342.57
1781434516,R_100,342.52
1781434518,R_100,342.65
1781434520,R_100,342.48
1781434522,R_100,342.74
1781434524,R_100,342.71
1781434526,R_100,342.58
1781434528,R_100,342.47
1781434530,R_100,342.61
1781434532,R_100,342.59
1781434534,R_100,342.7
1781434536,R_100,342.72
1781434538,R_100,342.83
1781434540,R_100,342.78
1781434542,R_100,342.9
1781434544,R_100,342.93
1781434546,R_100,342.97
1781434548,R_100,342.93
1781434550,R_100,342.8
1781434552,R_100,342.75
1781434554,R_100,342.72
1781434556,R_100,342.79
1781434558,R_100,342.8
1781434560,R_100,342.71
1781434562,R_100,342.7
1781434564,R_100,342.64
1781434566,R_100,342.74
1781434568,R_100,342.83
1781434570,R_100,342.75
1781434572,R_100,342.77
1781434574,R_100,342.77
1781434576,R_100,342.73
1781434578,R_100,342.68
1781434580,R_100,342.76
1781434582,R_100,342.68
1781434584,R_100,342.6
1781434586,R_100,342.5
1781434588,R_100,342.56
1781434590,R_100,342.59
1781434592,R_100,342.44
1781434594,R_100,342.52
1781434596,R_100,342.55
1781434598,R_100,342.52
1781434600,R_100,342.47
1781434602,R_100,342.4
1781434604,R_100,342.47
1781434606,R_100,342.48
1781434608,R_100,342.56
1781434610,R_100,342.71
1781434612,R_100,342.78
1781434614,R_100,342.55
1781434616,R_100,342.47
1781434618,R_100,342.55
1781434620,R_100,342.48
1781434622,R_100,342.52
1781434624,R_100,342.44
1781434626,R_100,342.58
1781434628,R_100,342.56
1781434630,R_100,342.55
1781434632,R_100,342.49
1781434634,R_100,342.46
1781434636,R_100,342.56
1781434638,R_100,342.59
1781434640,R_100,342.64
1781434642,R_100,342.54
1781434644,R_100,342.42
1781434646,R_100,342.26
1781434648,R_100,342.16
1781434650,R_100,342.28
1781434652,R_100,342.39
1781434654,R_100,342.44
1781434656,R_100,342.27
1781434658,R_100,342.22
1781434660,R_100,342.26
1781434662,R_100,342.26
1781434664,R_100,342.28
1781434666,R_100,342.3
1781434668,R_100,342.3
1781434670,R_100,342.34
1781434672,R_100,342.32
1781434674,R_100,342.48
1781434676,R_100,342.54
1781434678,R_100,342.58
1781434680,R_100,342.54
1781434682,R_100,342.46
1781434684,R_100,342.48
1781434686,R_100,342.52
1781434688,R_100,342.41
1781434690,R_100,342.61
1781434692,R_100,342.52
1781434694,R_100,342.56
1781434696,R_100,342.56
1781434698,R_100,342.41
1781434700,R_100,342.42
1781434702,R_100,342.4
1781434704,R_100,342.31
1781434706,R_100,342.41
1781434708,R_100,342.33
1781434710,R_100,342.4
1781434712,R_100,342.39
1781434714,R_100,342.42
1781434716,R_100,342.49
1781434718,R_100,342.66
1781434720,R_100,342.81
1781434722,R_100,342.91
1781434724,R_100,342.89
1781434726,R_100,342.96
1781434728,R_100,342.94
1781434730,R_100,343
1781434732,R_100,342.96
1781434734,R_100,342.88
1781434736,R_100,342.81
1781434738,R_100,342.93
1781434740,R_100,342.95
1781434742,R_100,342.89
1781434744,R_100,342.82
1781434746,R_100,342.63
1781434748,R_100,342.68
1781434750,R_100,342.78
1781434752,R_100,342.68
1781434754,R_100,342.65
1781434756,R_100,342.65
1781434758,R_100,342.6
1781434760,R_100,342.56
1781434762,R_100,342.46
1781434764,R_100,342.48
1781434766,R_100,342.42
1781434768,R_100,342.47
1781434770,R_100,342.32
1781434772,R_100,342.41
1781434774,R_100,342.41
1781434776,R_100,342.44
1781434778,R_100,342.44
1781434780,R_100,342.49
1781434782,R_100,342.47
1781434784,R_100,342.44
1781434786,R_100,342.42
1781434788,R_100,342.47
1781434790,R_100,342.54
1781434792,R_100,342.52
1781434794,R_100,342.45
1781434796,R_100,342.42
1781434798,R_100,342.44
1781434800,R_100,342.54
1781434802,R_100,342.6
1781434804,R_100,342.52
1781434806,R_100,342.59
1781434808,R_100,342.42
1781434810,R_100,342.32
1781434812,R_100,342.44
1781434814,R_100,342.46
1781434816,R_100,342.37
1781434818,R_100,342.32
1781434820,R_100,342.35
1781434822,R_100,342.37
1781434824,R_100,342.43
1781434826,R_100,342.37
1781434828,R_100,342.49
1781434830,R_100,342.43
1781434832,R_100,342.44
1781434834,R_100,342.41
1781434836,R_100,342.41
1781434838,R_100,342.35
1781434840,R_100,342.3
1781434842,R_100,342.23
1781434844,R_100,342.13
1781434846,R_100,342.2
1781434848,R_100,342.29
1781434850,R_100,342.4
1781434852,R_100,342.58
1781434854,R_100,342.59
1781434856,R_100,342.61
1781434858,R_100,342.63
1781434860,R_100,342.62
1781434862,R_100,342.64
1781434864,R_100,342.73
1781434866,R_100,342.62
1781434868,R_100,342.53
1781434870,R_100,342.66
1781434872,R_100,342.61
1781434874,R_100,342.73
1781434876,R_100,342.72
1781434878,R_100,342.77
1781434880,R_100,342.71
1781434882,R_100,342.68
1781434884,R_100,342.73
1781434886,R_100,342.7
1781434888,R_100,342.56
1781434890,R_100,342.51
1781434892,R_100,342.57
1781434894,R_100,342.61
1781434896,R_100,342.69
1781434898,R_100,342.66
1781434900,R_100,342.58
1781434902,R_100,342.64
1781434904,R_100,342.6
1781434906,R_100,342.73
1781434908,R_100,342.72
1781434910,R_100,342.69
1781434912,R_100,342.74
1781434914,R_100,342.64
1781434916,R_100,342.78
1781434918,R_100,342.63
1781434920,R_100,342.64
1781434922,R_100,342.71
1781434924,R_100,342.63
1781434926,R_100,342.74
1781434928,R_100,342.81
1781434930,R_100,342.67
1781434932,R_100,342.68
1781434934,R_100,342.71
1781434936,R_100,342.85
1781434938,R_100,342.93
1781434940,R_100,342.89
1781434942,R_100,343.02
1781434944,R_100,343
1781434946,R_100,342.97
1781434948,R_100,342.94
1781434950,R_100,342.99
1781434952,R_100,342.94
1781434954,R_100,343.02
1781434956,R_100,343.01
1781434958,R_100,342.87
1781434960,R_100,342.97
1781434962,R_100,342.92
1781434964,R_100,342.88
1781434966,R_100,342.74
1781434968,R_100,342.8
1781434970,R_100,342.63
1781434972,R_100,342.51
1781434974,R_100,342.46
1781434976,R_100,342.54
1781434978,R_100,342.45
1781434980,R_100,342.5
1781434982,R_100,342.49
1781434984,R_100,342.5
1781434986,R_100,342.34
1781434988,R_100,342.37
1781434990,R_100,342.37
1781434992,R_100,342.32
1781434994,R_100,342.27
1781434996,R_100,342.29
1781434998,R_100,342.27
1781435000,R_100,342.1
1781435002,R_100,342.23
1781435004,R_100,342.29
1781435006,R_100,342.27
1781435008,R_100,342.19
1781435010,R_100,342.26
1781435012,R_100,342.35
1781435014,R_100,342.52
1781435016,R_100,342.58
1781435018,R_100,342.52
1781435020,R_100,342.55
1781435022,R_100,342.43
1781435024,R_100,342.57
1781435026,R_100,342.51
1781435028,R_100,342.51
1781435030,R_100,342.47
1781435032,R_100,342.5
1781435034,R_100,342.45
1781435036,R_100,342.54
1781435038,R_100,342.67
1781435040,R_100,342.7
1781435042,R_100,342.69
1781435044,R_100,342.75
1781435046,R_100,342.81
1781435048,R_100,342.92
1781435050,R_100,343.03
1781435052,R_100,343.11
1781435054,R_100,342.98
1781435056,R_100,342.91
1781435058,R_100,342.97
1781435060,R_100,342.99
1781435062,R_100,342.96
1781435064,R_100,342.91
1781435066,R_100,342.98
1781435068,R_100,342.99
1781435070,R_100,343.02
1781435072,R_100,342.88
1781435074,R_100,342.89
1781435076,R_100,342.91
1781435078,R_100,342.95
1781435080,R_100,343.05
1781435082,R_100,343.06
1781435084,R_100,343.17
1781435086,R_100,343.25
1781435088,R_100,343.22
1781435090,R_100,343.3
1781435092,R_100,343.32
1781435094,R_100,343.16
1781435096,R_100,343.14
1781435098,R_100,343.22
1781435100,R_100,343.24
1781435102,R_100,343.08
1781435104,R_100,342.96
1781435106,R_100,342.95
1781435108,R_100,343.04
1781435110,R_100,343.07
1781435112,R_100,343.06
1781435114,R_100,343.01
1781435116,R_100,342.92
1781435118,R_100,342.92
1781435120,R_100,343
1781435122,R_100,343.01
1781435124,R_100,342.98
1781435126,R_100,343
1781435128,R_100,343.04
1781435130,R_100,342.96
1781435132,R_100,342.92
1781435134,R_100,342.76
1781435136,R_100,342.82
1781435138,R_100,342.8
1781435140,R_100,342.67
1781435142,R_100,342.77
1781435144,R_100,342.88
1781435146,R_100,342.91
1781435148,R_100,342.85
1781435150,R_100,342.87
1781435152,R_100,343.02
1781435154,R_100,343.19
1781435156,R_100,343.08
1781435158,R_100,343.12
1781435160,R_100,342.95
1781435162,R_100,342.83
1781435164,R_100,342.91
1781435166,R_100,342.77
1781435168,R_100,342.77
1781435170,R_100,342.89
1781435172,R_100,342.9
1781435174,R_100,343.06
1781435176,R_100,343.04
1781435178,R_100,343.06
1781435180,R_100,343.16
1781435182,R_100,343.1
1781435184,R_100,343.05
1781435186,R_100,343.13
1781435188,R_100,343.18
1781435190,R_100,343.15
1781435192,R_100,343.09
1781435194,R_100,343.16
1781435196,R_100,343.21
1781435198,R_100,343.25
1781435200,R_100,343.31
1781435202,R_100,343.3
1781435204,R_100,343.41
1781435206,R_100,343.47
1781435208,R_100,343.31
1781435210,R_100,343.08
1781435212,R_100,343.01
1781435214,R_100,343.09
1781435216,R_100,343.07
1781435218,R_100,342.88
1781435220,R_100,342.86
1781435222,R_100,343.01
1781435224,R_100,342.91
1781435226,R_100,342.94
1781435228,R_100,343.06
1781435230,R_100,343.16
1781435232,R_100,343.14
1781435234,R_100,343.07
1781435236,R_100,343.06
1781435238,R_100,342.94
1781435240,R_100,343.01
1781435242,R_100,342.88
1781435244,R_100,342.71
1781435246,R_100,342.61
1781435248,R_100,342.76
1781435250,R_100,342.83
1781435252,R_100,342.79
1781435254,R_100,342.79
1781435256,R_100,342.79
1781435258,R_100,342.74
1781435260,R_100,342.72
1781435262,R_100,342.78
1781435264,R_100,342.58
1781435266,R_100,342.63
1781435268,R_100,342.65
1781435270,R_100,342.52
1781435272,R_100,342.59
1781435274,R_100,342.59
1781435276,R_100,342.58
1781435278,R_100,342.44
1781435280,R_100,342.49
1781435282,R_100,342.6
1781435284,R_100,342.62
1781435286,R_100,342.61
1781435288,R_100,342.59
1781435290,R_100,342.54
1781435292,R_100,342.56
1781435294,R_100,342.55
1781435296,R_100,342.6
1781435298,R_100,342.73
1781435300,R_100,342.72
1781435302,R_100,342.86
1781435304,R_100,342.86
1781435306,R_100,342.87
1781435308,R_100,342.93
1781435310,R_100,342.88
1781435312,R_100,343.01
1781435314,R_100,343
1781435316,R_100,343.08
1781435318,R_100,342.93
1781435320,R_100,342.85
1781435322,R_100,342.76
1781435324,R_100,342.63
1781435326,R_100,342.67
1781435328,R_100,342.54
1781435330,R_100,342.49
1781435332,R_100,342.31
1781435334,R_100,342.22
1781435336,R_100,342.15
1781435338,R_100,342.08
1781435340,R_100,342.24
1781435342,R_100,342.26
1781435344,R_100,342.26
1781435346,R_100,342.2
1781435348,R_100,342.15
1781435350,R_100,342.12
1781435352,R_100,342.3
1781435354,R_100,342.26
1781435356,R_100,342.42
1781435358,R_100,342.41
1781435360,R_100,342.43
1781435362,R_100,342.5
1781435364,R_100,342.53
1781435366,R_100,342.57
1781435368,R_100,342.67
1781435370,R_100,342.64
1781435372,R_100,342.65
1781435374,R_100,342.61
1781435376,R_100,342.53
1781435378,R_100,342.54
1781435380,R_100,342.53
1781435382,R_100,342.59
1781435384,R_100,342.59
1781435386,R_100,342.53
1781435388,R_100,342.66
1781435390,R_100,342.57
1781435392,R_100,342.63
1781435394,R_100,342.62
1781435396,R_100,342.52
1781435398,R_100,342.61
1781435400,R_100,342.68
1781435402,R_100,342.34
1781435404,R_100,342.44
1781435406,R_100,342.6
1781435408,R_100,342.7
1781435410,R_100,342.74
1781435412,R_100,342.67
1781435414,R_100,342.75
1781435416,R_100,342.75
1781435418,R_100,342.65
1781435420,R_100,342.74
1781435422,R_100,342.65
1781435424,R_100,342.76
1781435426,R_100,342.71
1781435428,R_100,342.74
1781435430,R_100,342.73
1781435432,R_100,342.79
1781435434,R_100,342.75
1781435436,R_100,342.98
1781435438,R_100,343.04
1781435440,R_100,343.1
1781435442,R_100,343.15
1781435444,R_100,343.22
1781435446,R_100,343.08
1781435448,R_100,343.01
1781435450,R_100,343.08
1781435452,R_100,342.98
1781435454,R_100,342.85
1781435456,R_100,342.78
1781435458,R_100,342.71
1781435460,R_100,342.7
1781435462,R_100,342.77
1781435464,R_100,342.69
1781435466,R_100,342.73
1781435468,R_100,342.67
1781435470,R_100,342.51
1781435472,R_100,342.37
1781435474,R_100,342.41
1781435476,R_100,342.26
1781435478,R_100,342.2
1781435480,R_100,342.13
1781435482,R_100,342.18
1781435484,R_100,342.21
1781435486,R_100,342.28
1781435488,R_100,342.47
1781435490,R_100,342.28
1781435492,R_100,342.37
1781435494,R_100,342.35
1781435496,R_100,342.28
1781435498,R_100,342.36
1781435500,R_100,342.52
1781435502,R_100,342.58
1781435504,R_100,342.59
1781435506,R_100,342.68
1781435508,R_100,342.71
1781435510,R_100,342.81
1781435512,R_100,342.94
1781435514,R_100,342.94
1781435516,R_100,342.92
1781435518,R_100,342.95
1781435520,R_100,342.86
1781435522,R_100,342.81
1781435524,R_100,342.79
1781435526,R_100,342.75
1781435528,R_100,342.71
1781435530,R_100,342.82
1781435532,R_100,342.8
1781435534,R_100,342.91
1781435536,R_100,342.84
1781435538,R_100,342.76
1781435540,R_100,342.81
1781435542,R_100,342.87
1781435544,R_100,342.83
1781435546,R_100,342.78
1781435548,R_100,342.74
1781435550,R_100,342.74
1781435552,R_100,342.99
1781435554,R_100,343
1781435556,R_100,342.93
1781435558,R_100,342.83
1781435560,R_100,342.75
1781435562,R_100,342.7
1781435564,R_100,342.53
1781435566,R_100,342.45
1781435568,R_100,342.49
1781435570,R_100,342.51
1781435572,R_100,342.45
1781435574,R_100,342.57
1781435576,R_100,342.63
1781435578,R_100,342.63
1781435580,R_100,342.66
1781435582,R_100,342.73
1781435584,R_100,342.76
1781435586,R_100,342.9
1781435588,R_100,343.05
1781435590,R_100,343.09
1781435592,R_100,342.86
1781435594,R_100,342.88
1781435596,R_100,342.89
1781435598,R_100,343.02
1781435600,R_100,343.09
1781435602,R_100,342.9
1781435604,R_100,342.94
1781435606,R_100,343.01
1781435608,R_100,342.93
1781435610,R_100,343.01
1781435612,R_100,342.87
1781435614,R_100,342.97
1781435616,R_100,342.95
1781435618,R_100,342.93
1781435620,R_100,342.96
1781435622,R_100,343.01
1781435624,R_100,343.11
1781435626,R_100,343.16
1781435628,R_100,343.09
1781435630,R_100,343.15
1781435632,R_100,343.35
1781435634,R_100,343.3
1781435636,R_100,343.43
1781435638,R_100,343.41
1781435640,R_100,343.5
1781435642,R_100,343.42
1781435644,R_100,343.39
1781435646,R_100,343.34
1781435648,R_100,343.24
1781435650,R_100,343.28
1781435652,R_100,343.28
1781435654,R_100,343.38
1781435656,R_100,343.4
1781435658,R_100,343.47
1781435660,R_100,343.55
1781435662,R_100,343.4
1781435664,R_100,343.46
1781435666,R_100,343.42
1781435668,R_100,343.52
1781435670,R_100,343.32
1781435672,R_100,343.33
1781435674,R_100,343.39
1781435676,R_100,343.47
1781435678,R_100,343.54
1781435680,R_100,343.55
1781435682,R_100,343.59
1781435684,R_100,343.6
1781435686,R_100,343.57
1781435688,R_100,343.52
1781435690,R_100,343.49
1781435692,R_100,343.53
1781435694,R_100,343.49
1781435696,R_100,343.44
1781435698,R_100,343.51
1781435700,R_100,343.43
1781435702,R_100,343.42
1781435704,R_100,343.39
1781435706,R_100,343.24
1781435708,R_100,343.37
1781435710,R_100,343.3
1781435712,R_100,343.24
1781435714,R_100,343.36
1781435716,R_100,343.28
1781435718,R_100,343.24
1781435720,R_100,343.22
1781435722,R_100,343.22
1781435724,R_100,343.21
1781435726,R_100,343.26
1781435728,R_100,343.37
1781435730,R_100,343.39
1781435732,R_100,343.1
1781435734,R_100,343.03
1781435736,R_100,343
1781435738,R_100,342.95
1781435740,R_100,342.93
1781435742,R_100,342.96
1781435744,R_100,343
1781435746,R_100,342.97
1781435748,R_100,343.06
1781435750,R_100,343.07
1781435752,R_100,342.97
1781435754,R_100,342.98
1781435756,R_100,343.04
1781435758,R_100,343.18
1781435760,R_100,343.05
1781435762,R_100,342.92
1781435764,R_100,342.85
1781435766,R_100,342.82
1781435768,R_100,342.81
1781435770,R_100,342.88
1781435772,R_100,342.88
1781435774,R_100,342.65
1781435776,R_100,342.68
1781435778,R_100,342.62
1781435780,R_100,342.55
1781435782,R_100,342.37
1781435784,R_100,342.38
1781435786,R_100,342.46
1781435788,R_100,342.47
1781435790,R_100,342.46
1781435792,R_100,342.58
1781435794,R_100,342.55
1781435796,R_100,342.66
1781435798,R_100,342.66
1781435800,R_100,342.58
1781435802,R_100,342.68
1781435804,R_100,342.56
1781435806,R_100,342.43
1781435808,R_100,342.47
1781435810,R_100,342.33
1781435812,R_100,342.31
1781435814,R_100,342.29
1781435816,R_100,342.38
1781435818,R_100,342.23
1781435820,R_100,342.07
1781435822,R_100,342.02
1781435824,R_100,342.1
1781435826,R_100,342.04
1781435828,R_100,342.08
1781435830,R_100,342.06
1781435832,R_100,341.95
1781435834,R_100,342.03
1781435836,R_100,342.05
1781435838,R_100,342.1
1781435840,R_100,342.22
1781435842,R_100,342.08
1781435844,R_100,341.99
1781435846,R_100,341.85
1781435848,R_100,341.87
1781435850,R_100,341.9
1781435852,R_100,341.81
1781435854,R_100,341.92
1781435856,R_100,341.86
1781435858,R_100,341.87
1781435860,R_100,341.98
1781435862,R_100,342.21
1781435864,R_100,342.27
1781435866,R_100,342.18
1781435868,R_100,342.31
1781435870,R_100,342.35
1781435872,R_100,342.3
1781435874,R_100,342.37
1781435876,R_100,342.51
1781435878,R_100,342.63
1781435880,R_100,342.56
1781435882,R_100,342.58
1781435884,R_100,342.84
1781435886,R_100,342.81
1781435888,R_100,342.82
1781435890,R_100,342.76
1781435892,R_100,342.89
1781435894,R_100,342.75
1781435896,R_100,342.64
1781435898,R_100,342.59
1781435900,R_100,342.67
1781435902,R_100,342.6
1781435904,R_100,342.7
1781435906,R_100,342.85
1781435908,R_100,342.86
1781435910,R_100,342.81
1781435912,R_100,342.9
1781435914,R_100,342.99
1781435916,R_100,343.06
1781435918,R_100,342.99
1781435920,R_100,343.08
1781435922,R_100,343.1
1781435924,R_100,343.07
1781435926,R_100,343.09
1781435928,R_100,343.16
1781435930,R_100,343.34
1781435932,R_100,343.32
1781435934,R_100,343.36
1781435936,R_100,343.46
1781435938,R_100,343.42
1781435940,R_100,343.53
1781435942,R_100,343.5
1781435944,R_100,343.4
1781435946,R_100,343.41
1781435948,R_100,343.54
1781435950,R_100,343.48
1781435952,R_100,343.43
1781435954,R_100,343.42
1781435956,R_100,343.36
1781435958,R_100,343.46
1781435960,R_100,343.37
1781435962,R_100,343.35
1781435964,R_100,343.32
1781435966,R_100,343.18
1781435968,R_100,343.13
1781435970,R_100,343.04
1781435972,R_100,343.08
1781435974,R_100,343.1
1781435976,R_100,343.15
1781435978,R_100,343.26
1781435980,R_100,343.38
1781435982,R_100,343.55
1781435984,R_100,343.58
1781435986,R_100,343.59
1781435988,R_100,343.69
1781435990,R_100,343.61
1781435992,R_100,343.72
1781435994,R_100,343.67
1781435996,R_100,343.58
1781435998,R_100,343.6
1781436000,R_100,343.69
1781436002,R_100,343.62
1781436004,R_100,343.81
1781436006,R_100,343.82
1781436008,R_100,343.69
1781436010,R_100,343.71
1781436012,R_100,343.76
1781436014,R_100,343.89
1781436016,R_100,343.9
1781436018,R_100,343.82
1781436020,R_100,343.85
1781436022,R_100,343.68
1781436024,R_100,343.61
1781436026,R_100,343.69
1781436028,R_100,343.68
1781436030,R_100,343.77
1781436032,R_100,343.67
1781436034,R_100,343.58
1781436036,R_100,343.62
1781436038,R_100,343.66
1781436040,R_100,343.63
1781436042,R_100,343.75
1781436044,R_100,343.79
1781436046,R_100,343.91
1781436048,R_100,344.06
1781436050,R_100,344.04
1781436052,R_100,344.12
1781436054,R_100,344.16
1781436056,R_100,344.08
1781436058,R_100,344.16
1781436060,R_100,344.15
1781436062,R_100,344.29
1781436064,R_100,344.36
1781436066,R_100,344.43
1781436068,R_100,344.32
1781436070,R_100,344.25
1781436072,R_100,344.23
1781436074,R_100,344.27
1781436076,R_100,344.25
1781436078,R_100,344.29
1781436080,R_100,344.16
1781436082,R_100,344.16
1781436084,R_100,344.23
1781436086,R_100,344.15
1781436088,R_100,344.07
1781436090,R_100,344.1
1781436092,R_100,344.18
1781436094,R_100,344.08
1781436096,R_100,344.14
1781436098,R_100,344.17
1781436100,R_100,344.14
1781436102,R_100,343.98
1781436104,R_100,343.84
1781436106,R_100,343.78
1781436108,R_100,343.74
1781436110,R_100,343.81
1781436112,R_100,343.81
1781436114,R_100,343.94
1781436116,R_100,343.96
1781436118,R_100,344.06
1781436120,R_100,343.91
1781436122,R_100,344.07
1781436124,R_100,344.04
1781436126,R_100,344.07
1781436128,R_100,344.09
1781436130,R_100,344.17
1781436132,R_100,344.11
1781436134,R_100,344.07
1781436136,R_100,343.95
1781436138,R_100,344.03
1781436140,R_100,344.03
1781436142,R_100,344.08
1781436144,R_100,344.19
1781436146,R_100,344.36
1781436148,R_100,344.43
1781436150,R_100,344.35
1781436152,R_100,344.27
1781436154,R_100,344.25
1781436156,R_100,344.21
1781436158,R_100,344.27
1781436160,R_100,344.21
1781436162,R_100,344.14
1781436164,R_100,344.18
1781436166,R_100,344.2
1781436168,R_100,344.3
1781436170,R_100,344.32
1781436172,R_100,344.43
1781436174,R_100,344.61
1781436176,R_100,344.47
1781436178,R_100,344.53
1781436180,R_100,344.42
1781436182,R_100,344.31
1781436184,R_100,344.25
1781436186,R_100,344.29
1781436188,R_100,344.3
1781436190,R_100,344.28
1781436192,R_100,344.19
1781436194,R_100,344.33
1781436196,R_100,344.37
1781436198,R_100,344.45
1781436200,R_100,344.42
1781436202,R_100,344.48
1781436204,R_100,344.48
1781436206,R_100,344.56
1781436208,R_100,344.72
1781436210,R_100,344.65
1781436212,R_100,344.67
1781436214,R_100,344.68
1781436216,R_100,344.66
1781436218,R_100,344.75
1781436220,R_100,344.84
1781436222,R_100,344.94
1781436224,R_100,344.89
1781436226,R_100,344.81
1781436228,R_100,344.83
1781436230,R_100,344.84
1781436232,R_100,344.68
1781436234,R_100,344.86
1781436236,R_100,344.8
1781436238,R_100,344.81
1781436240,R_100,344.86
1781436242,R_100,344.84
1781436244,R_100,344.92
1781436246,R_100,345.05
1781436248,R_100,344.95
1781436250,R_100,344.9
1781436252,R_100,344.89
1781436254,R_100,344.94
1781436256,R_100,344.84
1781436258,R_100,344.78
1781436260,R_100,344.86
1781436262,R_100,344.72
1781436264,R_100,344.66
1781436266,R_100,344.67
1781436268,R_100,344.48
1781436270,R_100,344.39
1781436272,R_100,344.4
1781436274,R_100,344.29
1781436276,R_100,344.21
1781436278,R_100,344.27
1781436280,R_100,344.23
1781436282,R_100,344.32
1781436284,R_100,344.26
1781436286,R_100,344.25
1781436288,R_100,344.4
1781436290,R_100,344.41
1781436292,R_100,344.32
1781436294,R_100,344.44
1781436296,R_100,344.42
1781436298,R_100,344.47
1781436300,R_100,344.45
1781436302,R_100,344.31
1781436304,R_100,344.34
1781436306,R_100,344.3
1781436308,R_100,344.35
1781436310,R_100,344.22
1781436312,R_100,344.2
1781436314,R_100,344.14
1781436316,R_100,344.26
1781436318,R_100,344.27
1781436320,R_100,344.21
1781436322,R_100,344.23
1781436324,R_100,344.32
1781436326,R_100,344.32
1781436328,R_100,344.29
1781436330,R_100,344.19
1781436332,R_100,344.22
1781436334,R_100,344.23
1781436336,R_100,344.33
1781436338,R_100,344.34
1781436340,R_100,344.51
1781436342,R_100,344.54
1781436344,R_100,344.48
1781436346,R_100,344.46
1781436348,R_100,344.42
1781436350,R_100,344.28
1781436352,R_100,344.32
1781436354,R_100,344.46
1781436356,R_100,344.36
1781436358,R_100,344.38
1781436360,R_100,344.46
1781436362,R_100,344.45
1781436364,R_100,344.37
1781436366,R_100,344.42
1781436368,R_100,344.59
1781436370,R_100,344.55
1781436372,R_100,344.44
1781436374,R_100,344.53
1781436376,R_100,344.51
1781436378,R_100,344.43
1781436380,R_100,344.36
1781436382,R_100,344.27
1781436384,R_100,344.25
1781436386,R_100,344.24
1781436388,R_100,344.36
1781436390,R_100,344.32
1781436392,R_100,344.19
1781436394,R_100,344.05
1781436396,R_100,343.96
1781436398,R_100,344.08
1781436400,R_100,344.17
1781436402,R_100,344.22
1781436404,R_100,344.15
1781436406,R_100,344.05
1781436408,R_100,344.18
1781436410,R_100,344.24
1781436412,R_100,344.16
1781436414,R_100,343.93
1781436416,R_100,344.06
1781436418,R_100,343.9
1781436420,R_100,343.73
1781436422,R_100,343.69
1781436424,R_100,343.69
1781436426,R_100,343.47
1781436428,R_100,343.49
1781436430,R_100,343.67
1781436432,R_100,343.69
1781436434,R_100,343.7
1781436436,R_100,343.84
1781436438,R_100,343.63
1781436440,R_100,343.7
1781436442,R_100,343.82
1781436444,R_100,343.74
1781436446,R_100,343.82
1781436448,R_100,343.67
1781436450,R_100,343.7
1781436452,R_100,343.77
1781436454,R_100,343.71
1781436456,R_100,343.72
1781436458,R_100,343.63
1781436460,R_100,343.61
1781436462,R_100,343.66
1781436464,R_100,343.72
1781436466,R_100,343.72
1781436468,R_100,343.65
1781436470,R_100,343.61
1781436472,R_100,343.7
1781436474,R_100,343.65
1781436476,R_100,343.55
1781436478,R_100,343.5
1781436480,R_100,343.52
1781436482,R_100,343.59
1781436484,R_100,343.6
1781436486,R_100,343.61
1781436488,R_100,343.57
1781436490,R_100,343.69
1781436492,R_100,343.71
1781436494,R_100,343.74
1781436496,R_100,343.61
1781436498,R_100,343.54
1781436500,R_100,343.55
1781436502,R_100,343.66
1781436504,R_100,343.77
1781436506,R_100,343.62
1781436508,R_100,343.57
1781436510,R_100,343.77
1781436512,R_100,343.83
1781436514,R_100,343.74
1781436516,R_100,343.74
1781436518,R_100,343.74
1781436520,R_100,343.94
1781436522,R_100,343.88
1781436524,R_100,343.83
1781436526,R_100,343.84
1781436528,R_100,343.77
1781436530,R_100,343.74
1781436532,R_100,343.83
1781436534,R_100,343.88
1781436536,R_100,343.86
1781436538,R_100,343.87
1781436540,R_100,343.8
1781436542,R_100,343.71
1781436544,R_100,343.76
1781436546,R_100,343.71
1781436548,R_100,343.77
1781436550,R_100,343.9
1781436552,R_100,343.83
1781436554,R_100,343.83
1781436556,R_100,343.76
1781436558,R_100,343.73
1781436560,R_100,343.71
1781436562,R_100,343.71
1781436564,R_100,343.58
1781436566,R_100,343.55
1781436568,R_100,343.53
1781436570,R_100,343.58
1781436572,R_100,343.68
1781436574,R_100,343.78
1781436576,R_100,343.95
1781436578,R_100,344.01
1781436580,R_100,343.99
1781436582,R_100,343.85
1781436584,R_100,343.78
1781436586,R_100,343.8
1781436588,R_100,343.68
1781436590,R_100,343.63
1781436592,R_100,343.69
1781436594,R_100,343.66
1781436596,R_100,343.78
1781436598,R_100,343.62
1781436600,R_100,343.63
1781436602,R_100,343.54
1781436604,R_100,343.51
1781436606,R_100,343.41
1781436608,R_100,343.33
1781436610,R_100,343.35
1781436612,R_100,343.29
1781436614,R_100,343.26
1781436616,R_100,343.26
1781436618,R_100,343.18
1781436620,R_100,343.32
1781436622,R_100,343.37
1781436624,R_100,343.34
1781436626,R_100,343.34
1781436628,R_100,343.31
1781436630,R_100,343.21
1781436632,R_100,343.26
1781436634,R_100,343.26
1781436636,R_100,343.16
1781436638,R_100,342.93
1781436640,R_100,342.88
1781436642,R_100,342.75
1781436644,R_100,342.82
1781436646,R_100,342.81
1781436648,R_100,342.7
1781436650,R_100,342.56
1781436652,R_100,342.53
1781436654,R_100,342.59
1781436656,R_100,342.72
1781436658,R_100,342.69
1781436660,R_100,342.94
1781436662,R_100,342.91
1781436664,R_100,342.88
1781436666,R_100,342.91
1781436668,R_100,342.81
1781436670,R_100,342.69
1781436672,R_100,342.58
1781436674,R_100,342.63
1781436676,R_100,342.54
1781436678,R_100,342.48
1781436680,R_100,342.44
1781436682,R_100,342.44
1781436684,R_100,342.51
1781436686,R_100,342.63
1781436688,R_100,342.51
1781436690,R_100,342.56
1781436692,R_100,342.48
1781436694,R_100,342.52
1781436696,R_100,342.5
1781436698,R_100,342.48
1781436700,R_100,342.31
1781436702,R_100,342.1
1781436704,R_100,342.05
1781436706,R_100,341.97
1781436708,R_100,342.02
1781436710,R_100,342.02
1781436712,R_100,341.9
1781436714,R_100,341.91
1781436716,R_100,341.92
1781436718,R_100,341.94
1781436720,R_100,342.03
1781436722,R_100,342.03
1781436724,R_100,341.92
1781436726,R_100,341.93
1781436728,R_100,342.09
1781436730,R_100,342.24
1781436732,R_100,342.28
1781436734,R_100,342.43
1781436736,R_100,342.35
1781436738,R_100,342.37
1781436740,R_100,342.45
1781436742,R_100,342.5
1781436744,R_100,342.47
1781436746,R_100,342.54
1781436748,R_100,342.62
1781436750,R_100,342.63
1781436752,R_100,342.52
1781436754,R_100,342.46
1781436756,R_100,342.34
1781436758,R_100,342.42
1781436760,R_100,342.36
1781436762,R_100,342.29
1781436764,R_100,342.35
1781436766,R_100,342.26
1781436768,R_100,342.24
1781436770,R_100,342.26
1781436772,R_100,342.16
1781436774,R_100,342.21
1781436776,R_100,342.34
1781436778,R_100,342.35
1781436780,R_100,342.34
1781436782,R_100,342.44
1781436784,R_100,342.46
1781436786,R_100,342.47
1781436788,R_100,342.47
1781436790,R_100,342.44
1781436792,R_100,342.5
1781436794,R_100,342.38
1781436796,R_100,342.38
1781436798,R_100,342.49
1781436800,R_100,342.47
1781436802,R_100,342.59
1781436804,R_100,342.66
1781436806,R_100,342.56
1781436808,R_100,342.55
1781436810,R_100,342.45
1781436812,R_100,342.4
1781436814,R_100,342.32
1781436816,R_100,342.3
1781436818,R_100,342.62
1781436820,R_100,342.45
1781436822,R_100,342.24
1781436824,R_100,342.17
1781436826,R_100,342.17
1781436828,R_100,342.29
1781436830,R_100,342.33
1781436832,R_100,342.36
1781436834,R_100,342.44
1781436836,R_100,342.42
1781436838,R_100,342.52
1781436840,R_100,342.57
1781436842,R_100,342.53
1781436844,R_100,342.51
1781436846,R_100,342.55
1781436848,R_100,342.66
1781436850,R_100,342.62
1781436852,R_100,342.75
1781436854,R_100,342.9
1781436856,R_100,342.95
1781436858,R_100,343.02
1781436860,R_100,343.11
1781436862,R_100,343.1
1781436864,R_100,343.11
1781436866,R_100,343.04
1781436868,R_100,343.09
1781436870,R_100,343.03
1781436872,R_100,342.88
1781436874,R_100,342.94
1781436876,R_100,342.8
1781436878,R_100,342.88
1781436880,R_100,342.88
1781436882,R_100,342.87
1781436884,R_100,342.74
1781436886,R_100,342.85
1781436888,R_100,342.75
1781436890,R_100,342.74
1781436892,R_100,342.76
1781436894,R_100,342.61
1781436896,R_100,342.6
1781436898,R_100,342.48
1781436900,R_100,342.51
1781436902,R_100,342.45
1781436904,R_100,342.42
1781436906,R_100,342.36
1781436908,R_100,342.44
1781436910,R_100,342.33
1781436912,R_100,342.4
1781436914,R_100,342.28
1781436916,R_100,342.3
1781436918,R_100,342.35
1781436920,R_100,342.44
1781436922,R_100,342.38
1781436924,R_100,342.55
1781436926,R_100,342.57
1781436928,R_100,342.63
1781436930,R_100,342.51
1781436932,R_100,342.43
1781436934,R_100,342.49
1781436936,R_100,342.64
1781436938,R_100,342.64
1781436940,R_100,342.56
1781436942,R_100,342.54
1781436944,R_100,342.59
1781436946,R_100,342.64
1781436948,R_100,342.67
1781436950,R_100,342.62
1781436952,R_100,342.63
1781436954,R_100,342.72
1781436956,R_100,342.75
1781436958,R_100,342.74
1781436960,R_100,342.61
1781436962,R_100,342.69
1781436964,R_100,342.68
1781436966,R_100,342.64
1781436968,R_100,342.55
1781436970,R_100,342.53
1781436972,R_100,342.69
1781436974,R_100,342.63
1781436976,R_100,342.71
1781436978,R_100,342.67
1781436980,R_100,342.64
1781436982,R_100,342.56
1781436984,R_100,342.51
1781436986,R_100,342.57
1781436988,R_100,342.62
1781436990,R_100,342.46
1781436992,R_100,342.3
1781436994,R_100,342.38
1781436996,R_100,342.42
1781436998,R_100,342.36
1781437000,R_100,342.29
1781437002,R_100,342.44
1781437004,R_100,342.49
1781437006,R_100,342.42
1781437008,R_100,342.42
1781437010,R_100,342.37
1781437012,R_100,342.31
1781437014,R_100,342.24
1781437016,R_100,342.27
1781437018,R_100,342.24
1781437020,R_100,342.12
1781437022,R_100,342.08
1781437024,R_100,342.07
1781437026,R_100,342.04
1781437028,R_100,342.04
1781437030,R_100,341.96
1781437032,R_100,342.01
1781437034,R_100,341.94
1781437036,R_100,341.88
1781437038,R_100,341.95
1781437040,R_100,341.83
1781437042,R_100,341.92
1781437044,R_100,341.96
1781437046,R_100,341.94
1781437048,R_100,341.87
1781437050,R_100,342.02
1781437052,R_100,341.98
1781437054,R_100,341.9
1781437056,R_100,342
1781437058,R_100,342.2
1781437060,R_100,342.08
1781437062,R_100,342.07
1781437064,R_100,342.15
1781437066,R_100,342.01
1781437068,R_100,341.94
1781437070,R_100,341.86
1781437072,R_100,341.87
1781437074,R_100,341.93
1781437076,R_100,341.91
1781437078,R_100,341.92
1781437080,R_100,341.89
1781437082,R_100,341.95
1781437084,R_100,342
1781437086,R_100,342.12
1781437088,R_100,342.15
1781437090,R_100,342
1781437092,R_100,341.98
1781437094,R_100,342.03
1781437096,R_100,342.11
1781437098,R_100,342.18
1781437100,R_100,342.33
1781437102,R_100,342.29
1781437104,R_100,342.26
1781437106,R_100,342.21
1781437108,R_100,342.21
1781437110,R_100,342.29
1781437112,R_100,342.24
1781437114,R_100,342.18
1781437116,R_100,342.24
1781437118,R_100,342.2
1781437120,R_100,342.17
1781437122,R_100,342.18
1781437124,R_100,342.2
1781437126,R_100,342.15
1781437128,R_100,342.17
1781437130,R_100,342.12
1781437132,R_100,342.1
1781437134,R_100,342.05
1781437136,R_100,342.01
1781437138,R_100,342.07
1781437140,R_100,342.09
1781437142,R_100,342.17
1781437144,R_100,342.23
1781437146,R_100,342.33
1781437148,R_100,342.4
1781437150,R_100,342.48
1781437152,R_100,342.63
1781437154,R_100,342.78
1781437156,R_100,342.79
1781437158,R_100,342.83
1781437160,R_100,342.79
1781437162,R_100,342.74
1781437164,R_100,342.81
1781437166,R_100,342.73
1781437168,R_100,342.61
1781437170,R_100,342.64
1781437172,R_100,342.65
1781437174,R_100,342.71
1781437176,R_100,342.67
1781437178,R_100,342.75
1781437180,R_100,342.62
1781437182,R_100,342.6
1781437184,R_100,342.47
1781437186,R_100,342.53
1781437188,R_100,342.52
1781437190,R_100,342.5
1781437192,R_100,342.51
1781437194,R_100,342.57
1781437196,R_100,342.66
1781437198,R_100,342.76
1781437200,R_100,342.75
1781437202,R_100,342.63
1781437204,R_100,342.64
1781437206,R_100,342.65
1781437208,R_100,342.77
1781437210,R_100,342.7
1781437212,R_100,342.68
1781437214,R_100,342.82
1781437216,R_100,342.9
1781437218,R_100,342.94
1781437220,R_100,342.96
1781437222,R_100,343.01
1781437224,R_100,343.03
1781437226,R_100,343.09
1781437228,R_100,343.02
1781437230,R_100,343.04
1781437232,R_100,343.11
1781437234,R_100,343.06
1781437236,R_100,343.11
1781437238,R_100,343.11
1781437240,R_100,343.34
1781437242,R_100,343.38
1781437244,R_100,343.36
1781437246,R_100,343.47
1781437248,R_100,343.51
1781437250,R_100,343.5
1781437252,R_100,343.47
1781437254,R_100,343.36
1781437256,R_100,343.39
1781437258,R_100,343.41
1781437260,R_100,343.4
1781437262,R_100,343.35
1781437264,R_100,343.36
1781437266,R_100,343.46
1781437268,R_100,343.56
1781437270,R_100,343.6
1781437272,R_100,343.67
1781437274,R_100,343.73
1781437276,R_100,343.72
1781437278,R_100,343.87
1781437280,R_100,343.94
1781437282,R_100,343.87
1781437284,R_100,343.96
1781437286,R_100,343.87
1781437288,R_100,343.88
1781437290,R_100,343.92
1781437292,R_100,343.96
1781437294,R_100,343.85
1781437296,R_100,343.74
1781437298,R_100,343.74
1781437300,R_100,343.74
1781437302,R_100,343.78
1781437304,R_100,343.88
1781437306,R_100,343.84
1781437308,R_100,343.91
1781437310,R_100,343.8
1781437312,R_100,343.91
1781437314,R_100,343.96
1781437316,R_100,344.02
1781437318,R_100,344.01
1781437320,R_100,344.17
1781437322,R_100,344.41
1781437324,R_100,344.25
1781437326,R_100,344.2
1781437328,R_100,344.26
1781437330,R_100,344.32
1781437332,R_100,344.34
1781437334,R_100,344.24
1781437336,R_100,344.37
1781437338,R_100,344.25
1781437340,R_100,344.32
1781437342,R_100,344.39
1781437344,R_100,344.37
1781437346,R_100,344.42
1781437348,R_100,344.4
1781437350,R_100,344.42
1781437352,R_100,344.58
1781437354,R_100,344.52
1781437356,R_100,344.38
1781437358,R_100,344.46
1781437360,R_100,344.3
1781437362,R_100,344.43
1781437364,R_100,344.34
1781437366,R_100,344.33
1781437368,R_100,344.21
1781437370,R_100,344.12
1781437372,R_100,344.09
1781437374,R_100,344.12
1781437376,R_100,344.11
1781437378,R_100,344.08
1781437380,R_100,344.15
1781437382,R_100,344.19
1781437384,R_100,344.25
1781437386,R_100,344.28
1781437388,R_100,344.45
1781437390,R_100,344.45
1781437392,R_100,344.55
1781437394,R_100,344.52
1781437396,R_100,344.59
1781437398,R_100,344.71
1781437400,R_100,344.74
1781437402,R_100,344.56
1781437404,R_100,344.69
1781437406,R_100,344.62
1781437408,R_100,344.56
1781437410,R_100,344.59
1781437412,R_100,344.66
1781437414,R_100,344.58
1781437416,R_100,344.43
1781437418,R_100,344.28
1781437420,R_100,344.29
1781437422,R_100,344.49
1781437424,R_100,344.45
1781437426,R_100,344.5
1781437428,R_100,344.47
1781437430,R_100,344.38
1781437432,R_100,344.37
1781437434,R_100,344.41
1781437436,R_100,344.36
1781437438,R_100,344.51
1781437440,R_100,344.42
1781437442,R_100,344.4
1781437444,R_100,344.45
1781437446,R_100,344.47
1781437448,R_100,344.54
1781437450,R_100,344.61
1781437452,R_100,344.65
1781437454,R_100,344.57
1781437456,R_100,344.68
1781437458,R_100,344.91
1781437460,R_100,344.91
1781437462,R_100,344.9
1781437464,R_100,345
1781437466,R_100,344.91
1781437468,R_100,344.94
1781437470,R_100,344.89
1781437472,R_100,345
1781437474,R_100,345
1781437476,R_100,345.01
1781437478,R_100,344.95
1781437480,R_100,344.88
1781437482,R_100,344.84
1781437484,R_100,344.73
1781437486,R_100,344.61
1781437488,R_100,344.51
1781437490,R_100,344.56
1781437492,R_100,344.58
1781437494,R_100,344.65
1781437496,R_100,344.66
1781437498,R_100,344.72
1781437500,R_100,344.82
1781437502,R_100,344.74
1781437504,R_100,344.75
1781437506,R_100,344.83
1781437508,R_100,344.72
1781437510,R_100,344.79
1781437512,R_100,344.83
1781437514,R_100,344.69
1781437516,R_100,344.72
1781437518,R_100,344.75
1781437520,R_100,344.71
1781437522,R_100,344.63
1781437524,R_100,344.86
1781437526,R_100,344.8
1781437528,R_100,344.69
1781437530,R_100,344.52
1781437532,R_100,344.58
1781437534,R_100,344.51
1781437536,R_100,344.49
1781437538,R_100,344.39
1781437540,R_100,344.4
1781437542,R_100,344.42
1781437544,R_100,344.46
1781437546,R_100,344.46
1781437548,R_100,344.47
1781437550,R_100,344.44
1781437552,R_100,344.48
1781437554,R_100,344.44
1781437556,R_100,344.47
1781437558,R_100,344.56
1781437560,R_100,344.55
1781437562,R_100,344.39
1781437564,R_100,344.32
1781437566,R_100,344.39
1781437568,R_100,344.32
1781437570,R_100,344.22
1781437572,R_100,344.24
1781437574,R_100,344.12
1781437576,R_100,344.15
1781437578,R_100,344.04
1781437580,R_100,344.01
1781437582,R_100,344.09
1781437584,R_100,344.11
1781437586,R_100,344
1781437588,R_100,343.96
1781437590,R_100,344.11
1781437592,R_100,344.08
1781437594,R_100,343.91
1781437596,R_100,343.82
1781437598,R_100,343.74
1781437600,R_100,343.68
1781437602,R_100,343.77
1781437604,R_100,343.71
1781437606,R_100,343.83
1781437608,R_100,343.82
1781437610,R_100,343.81
1781437612,R_100,343.74
1781437614,R_100,343.68
1781437616,R_100,343.79
1781437618,R_100,343.79
1781437620,R_100,343.88
1781437622,R_100,343.83
1781437624,R_100,343.84
1781437626,R_100,343.93
1781437628,R_100,343.99
1781437630,R_100,344
1781437632,R_100,343.77
1781437634,R_100,343.73
1781437636,R_100,343.81
1781437638,R_100,343.9
1781437640,R_100,343.91
1781437642,R_100,343.97
1781437644,R_100,343.89
1781437646,R_100,343.96
1781437648,R_100,344.08
1781437650,R_100,344.26
1781437652,R_100,344.19
1781437654,R_100,344.05
1781437656,R_100,343.97
1781437658,R_100,343.95
1781437660,R_100,344.03
1781437662,R_100,344.01
1781437664,R_100,344.05
1781437666,R_100,344.04
1781437668,R_100,343.96
1781437670,R_100,344
1781437672,R_100,344.07
1781437674,R_100,344.03
1781437676,R_100,343.99
1781437678,R_100,343.94
1781437680,R_100,343.8
1781437682,R_100,343.8
1781437684,R_100,343.85
1781437686,R_100,343.87
1781437688,R_100,343.93
1781437690,R_100,343.96
1781437692,R_100,343.97
1781437694,R_100,343.93
1781437696,R_100,344.02
1781437698,R_100,343.94
1781437700,R_100,343.93
1781437702,R_100,343.86
1781437704,R_100,343.91
1781437706,R_100,343.94
1781437708,R_100,343.88
1781437710,R_100,343.94
1781437712,R_100,343.88
1781437714,R_100,344.01
1781437716,R_100,344.03
1781437718,R_100,343.82
1781437720,R_100,343.83
1781437722,R_100,343.77
1781437724,R_100,343.81
1781437726,R_100,343.84
1781437728,R_100,343.92
1781437730,R_100,343.89
1781437732,R_100,343.77
1781437734,R_100,343.81
1781437736,R_100,343.79
1781437738,R_100,343.91
1781437740,R_100,343.89
1781437742,R_100,344
1781437744,R_100,344.05
1781437746,R_100,344.22
1781437748,R_100,344.23
1781437750,R_100,344.14
1781437752,R_100,344.15
1781437754,R_100,343.92
1781437756,R_100,344.04
1781437758,R_100,344.1
1781437760,R_100,344.07
1781437762,R_100,344.05
1781437764,R_100,343.93
1781437766,R_100,343.92
1781437768,R_100,343.9
1781437770,R_100,344
1781437772,R_100,343.91
1781437774,R_100,343.78
1781437776,R_100,343.77
1781437778,R_100,343.94
1781437780,R_100,343.84
1781437782,R_100,343.77
1781437784,R_100,343.81
1781437786,R_100,343.75
1781437788,R_100,343.75
1781437790,R_100,343.78
1781437792,R_100,343.62
1781437794,R_100,343.61
1781437796,R_100,343.5
1781437798,R_100,343.5
1781437800,R_100,343.59
1781437802,R_100,343.52
1781437804,R_100,343.44
1781437806,R_100,343.35
1781437808,R_100,343.35
1781437810,R_100,343.42
1781437812,R_100,343.44
1781437814,R_100,343.22
1781437816,R_100,343.39
1781437818,R_100,343.38
1781437820,R_100,343.43
1781437822,R_100,343.44
1781437824,R_100,343.33
1781437826,R_100,343.39
1781437828,R_100,343.53
1781437830,R_100,343.48
1781437832,R_100,343.33
1781437834,R_100,343.28
1781437836,R_100,343.24
1781437838,R_100,343.1
1781437840,R_100,343.22
1781437842,R_100,343.17
1781437844,R_100,343.17
1781437846,R_100,343.23
1781437848,R_100,343.27
1781437850,R_100,343.29
1781437852,R_100,343.41
1781437854,R_100,343.57
1781437856,R_100,343.51
1781437858,R_100,343.62
1781437860,R_100,343.58
1781437862,R_100,343.56
1781437864,R_100,343.39
1781437866,R_100,343.45
1781437868,R_100,343.48
1781437870,R_100,343.49
1781437872,R_100,343.47
1781437874,R_100,343.42
1781437876,R_100,343.47
1781437878,R_100,343.47
1781437880,R_100,343.46
1781437882,R_100,343.24
1781437884,R_100,342.99
1781437886,R_100,343.02
1781437888,R_100,342.99
1781437890,R_100,342.88
1781437892,R_100,342.88
1781437894,R_100,342.74
1781437896,R_100,342.73
1781437898,R_100,342.81
1781437900,R_100,342.86
1781437902,R_100,342.84
1781437904,R_100,342.97
1781437906,R_100,343.09
1781437908,R_100,343.19
1781437910,R_100,343.23
1781437912,R_100,343.21
1781437914,R_100,343.06
1781437916,R_100,343
1781437918,R_100,342.98
1781437920,R_100,342.9
1781437922,R_100,342.82
1781437924,R_100,342.81
1781437926,R_100,342.69
1781437928,R_100,342.87
1781437930,R_100,342.96
1781437932,R_100,342.97
1781437934,R_100,342.98
1781437936,R_100,342.89
1781437938,R_100,342.88
1781437940,R_100,342.97
1781437942,R_100,342.83
1781437944,R_100,342.98
1781437946,R_100,342.86
1781437948,R_100,342.73
1781437950,R_100,342.84
1781437952,R_100,342.82
1781437954,R_100,342.79
1781437956,R_100,342.43
1781437958,R_100,342.37
1781437960,R_100,342.26
1781437962,R_100,342.15
1781437964,R_100,342.03
1781437966,R_100,341.93
1781437968,R_100,342.11
1781437970,R_100,342.18
1781437972,R_100,342.06
1781437974,R_100,342.08
1781437976,R_100,342.15
1781437978,R_100,342.21
1781437980,R_100,342.24
1781437982,R_100,342.23
1781437984,R_100,342.27
1781437986,R_100,342.25
1781437988,R_100,342.29
1781437990,R_100,342.22
1781437992,R_100,342.23
1781437994,R_100,342.33
1781437996,R_100,342.35
1781437998,R_100,342.32
1781438000,R_100,342.25
1781438002,R_100,342.21
1781438004,R_100,342.2
1781438006,R_100,342.33
1781438008,R_100,342.58
1781438010,R_100,342.57
1781438012,R_100,342.67
1781438014,R_100,342.73
1781438016,R_100,342.54
1781438018,R_100,342.59
1781438020,R_100,342.59
1781438022,R_100,342.62
1781438024,R_100,342.46
1781438026,R_100,342.48
1781438028,R_100,342.44
1781438030,R_100,342.57
1781438032,R_100,342.64
1781438034,R_100,342.59
1781438036,R_100,342.68
1781438038,R_100,342.68
1781438040,R_100,342.64
1781438042,R_100,342.6
1781438044,R_100,342.66
1781438046,R_100,342.53
1781438048,R_100,342.52
1781438050,R_100,342.45
1781438052,R_100,342.5
1781438054,R_100,342.56
1781438056,R_100,342.53
1781438058,R_100,342.43
1781438060,R_100,342.54
1781438062,R_100,342.64
1781438064,R_100,342.56
1781438066,R_100,342.5
1781438068,R_100,342.5
1781438070,R_100,342.55
1781438072,R_100,342.49
1781438074,R_100,342.6
1781438076,R_100,342.66
1781438078,R_100,342.57
1781438080,R_100,342.72
1781438082,R_100,342.71
1781438084,R_100,342.78
1781438086,R_100,342.78
1781438088,R_100,342.74
1781438090,R_100,342.73
1781438092,R_100,342.77
1781438094,R_100,342.87
1781438096,R_100,342.89
1781438098,R_100,343.07
1781438100,R_100,343.04
1781438102,R_100,343.14
1781438104,R_100,343.09
1781438106,R_100,343.1
1781438108,R_100,343.22
1781438110,R_100,343.28
1781438112,R_100,343.27
1781438114,R_100,343.17
1781438116,R_100,343.29
1781438118,R_100,343.24
1781438120,R_100,343.2
1781438122,R_100,343.25
1781438124,R_100,343.26
1781438126,R_100,343.23
1781438128,R_100,343.22
1781438130,R_100,343.38
1781438132,R_100,343.55
1781438134,R_100,343.66
1781438136,R_100,343.68
1781438138,R_100,343.74
1781438140,R_100,343.75
1781438142,R_100,343.69
1781438144,R_100,343.76
1781438146,R_100,343.71
1781438148,R_100,343.6
1781438150,R_100,343.61
1781438152,R_100,343.57
1781438154,R_100,343.42
1781438156,R_100,343.29
1781438158,R_100,343.27
1781438160,R_100,343.16
1781438162,R_100,343.1
1781438164,R_100,343.08
1781438166,R_100,343.17
1781438168,R_100,343.17
1781438170,R_100,343.32
1781438172,R_100,343.26
1781438174,R_100,343.29
1781438176,R_100,343.39
1781438178,R_100,343.44
1781438180,R_100,343.31
1781438182,R_100,343.31
1781438184,R_100,343.37
1781438186,R_100,343.36
1781438188,R_100,343.25
1781438190,R_100,343.22
1781438192,R_100,343.1
1781438194,R_100,343
1781438196,R_100,342.98
1781438198,R_100,342.82
1781438200,R_100,342.86
1781438202,R_100,342.89
1781438204,R_100,342.96
1781438206,R_100,342.92
1781438208,R_100,342.96
1781438210,R_100,342.95
1781438212,R_100,343.13
1781438214,R_100,343.1
1781438216,R_100,343.22
1781438218,R_100,343.29
1781438220,R_100,343.18
1781438222,R_100,343.17
1781438224,R_100,343.1
1781438226,R_100,343.02
1781438228,R_100,342.95
1781438230,R_100,343.14
1781438232,R_100,343.17
1781438234,R_100,343.1
1781438236,R_100,343.17
1781438238,R_100,343.11
1781438240,R_100,343.01
1781438242,R_100,343.05
1781438244,R_100,343.09
1781438246,R_100,343.21
1781438248,R_100,343.28
1781438250,R_100,343.34
1781438252,R_100,343.34
1781438254,R_100,343.34
1781438256,R_100,343.34
1781438258,R_100,343.32
1781438260,R_100,343.47
1781438262,R_100,343.66
1781438264,R_100,343.39
1781438266,R_100,343.18
1781438268,R_100,343.18
1781438270,R_100,343.07
1781438272,R_100,342.99
1781438274,R_100,342.89
1781438276,R_100,342.85
1781438278,R_100,342.7
1781438280,R_100,342.85
1781438282,R_100,342.81
1781438284,R_100,342.68
1781438286,R_100,342.67
1781438288,R_100,342.62
1781438290,R_100,342.64
1781438292,R_100,342.73
1781438294,R_100,342.85
1781438296,R_100,342.84
1781438298,R_100,342.91
1781438300,R_100,342.84
1781438302,R_100,342.8
1781438304,R_100,342.98
1781438306,R_100,342.9
1781438308,R_100,342.82
1781438310,R_100,342.67
1781438312,R_100,342.63
1781438314,R_100,342.67
1781438316,R_100,342.65
1781438318,R_100,342.59
1781438320,R_100,342.61
1781438322,R_100,342.66
1781438324,R_100,342.61
1781438326,R_100,342.5
1781438328,R_100,342.5
1781438330,R_100,342.67
1781438332,R_100,342.63
1781438334,R_100,342.59
1781438336,R_100,342.74
1781438338,R_100,342.88
1781438340,R_100,342.88
1781438342,R_100,342.95
1781438344,R_100,342.98
1781438346,R_100,342.91
1781438348,R_100,342.89
1781438350,R_100,342.66
1781438352,R_100,342.55
1781438354,R_100,342.59
1781438356,R_100,342.62
1781438358,R_100,342.61
1781438360,R_100,342.61
1781438362,R_100,342.68
1781438364,R_100,342.64
1781438366,R_100,342.72
1781438368,R_100,342.74
1781438370,R_100,342.53
1781438372,R_100,342.63
1781438374,R_100,342.6
1781438376,R_100,342.65
1781438378,R_100,342.64
1781438380,R_100,342.56
1781438382,R_100,342.68
1781438384,R_100,342.72
1781438386,R_100,342.6
1781438388,R_100,342.69
1781438390,R_100,342.71
1781438392,R_100,342.66
1781438394,R_100,342.74
1781438396,R_100,342.62
1781438398,R_100,342.67
1781438400,R_100,342.68
1781438402,R_100,342.73
1781438404,R_100,342.63
1781438406,R_100,342.57
1781438408,R_100,342.54
1781438410,R_100,342.61
1781438412,R_100,342.54
1781438414,R_100,342.45
1781438416,R_100,342.47
1781438418,R_100,342.54
1781438420,R_100,342.45
1781438422,R_100,342.5
1781438424,R_100,342.66
1781438426,R_100,342.72
1781438428,R_100,342.79
1781438430,R_100,342.85
1781438432,R_100,342.93
1781438434,R_100,342.82
1781438436,R_100,342.94
1781438438,R_100,343.04
1781438440,R_100,343.15
1781438442,R_100,343.17
1781438444,R_100,343.14
1781438446,R_100,343.12
1781438448,R_100,343.22
1781438450,R_100,343.23
1781438452,R_100,343.25
1781438454,R_100,343.31
1781438456,R_100,343.28
1781438458,R_100,343.3
1781438460,R_100,343.42
1781438462,R_100,343.37
1781438464,R_100,343.21
1781438466,R_100,343.13
1781438468,R_100,343.06
1781438470,R_100,343.08
1781438472,R_100,343.03
1781438474,R_100,343.09
1781438476,R_100,343.04
1781438478,R_100,343.08
1781438480,R_100,343
1781438482,R_100,342.93
1781438484,R_100,342.99
1781438486,R_100,343
1781438488,R_100,343.12
1781438490,R_100,342.97
1781438492,R_100,343.15
1781438494,R_100,343.1
1781438496,R_100,343.01
1781438498,R_100,343.05
1781438500,R_100,342.91
1781438502,R_100,342.84
1781438504,R_100,342.81
1781438506,R_100,342.71
1781438508,R_100,342.61
1781438510,R_100,342.58
1781438512,R_100,342.63
1781438514,R_100,342.56
1781438516,R_100,342.59
1781438518,R_100,342.55
1781438520,R_100,342.48
1781438522,R_100,342.41
1781438524,R_100,342.26
1781438526,R_100,342.39
1781438528,R_100,342.33
1781438530,R_100,342.22
1781438532,R_100,342.13
1781438534,R_100,342.08
1781438536,R_100,342.1
1781438538,R_100,342.14
1781438540,R_100,342.15
1781438542,R_100,342.03
1781438544,R_100,341.95
1781438546,R_100,341.87
1781438548,R_100,341.94
1781438550,R_100,341.99
1781438552,R_100,342.1
1781438554,R_100,342.21
1781438556,R_100,342.18
1781438558,R_100,342.27
1781438560,R_100,342.21
1781438562,R_100,342.23
1781438564,R_100,342.12
1781438566,R_100,342.05
1781438568,R_100,342.1
1781438570,R_100,341.87
1781438572,R_100,341.95
1781438574,R_100,342.11
1781438576,R_100,342.24
1781438578,R_100,342.32
1781438580,R_100,342.52
1781438582,R_100,342.57
1781438584,R_100,342.61
1781438586,R_100,342.65
1781438588,R_100,342.63
1781438590,R_100,342.64
1781438592,R_100,342.58
1781438594,R_100,342.7
1781438596,R_100,342.72
1781438598,R_100,342.61
1781438600,R_100,342.73
1781438602,R_100,342.72
1781438604,R_100,342.69
1781438606,R_100,342.61
1781438608,R_100,342.65
1781438610,R_100,342.65
1781438612,R_100,342.55
1781438614,R_100,342.63
1781438616,R_100,342.69
1781438618,R_100,342.76
1781438620,R_100,342.74
1781438622,R_100,342.74
1781438624,R_100,342.63
1781438626,R_100,342.71
1781438628,R_100,342.79
1781438630,R_100,342.88
1781438632,R_100,342.87
1781438634,R_100,342.98
1781438636,R_100,342.89
1781438638,R_100,343.1
1781438640,R_100,342.96
1781438642,R_100,343
1781438644,R_100,343.07
1781438646,R_100,343.1
1781438648,R_100,343.21
1781438650,R_100,343.1
1781438652,R_100,343.09
1781438654,R_100,343.18
1781438656,R_100,343.24
1781438658,R_100,343.23
1781438660,R_100,343.22
1781438662,R_100,343.26
1781438664,R_100,343.25
1781438666,R_100,343.09
1781438668,R_100,343.18
1781438670,R_100,343.1
1781438672,R_100,343.01
1781438674,R_100,343.01
1781438676,R_100,343.07
1781438678,R_100,343.1
1781438680,R_100,343.1
1781438682,R_100,343.16
1781438684,R_100,343.14
1781438686,R_100,343.12
1781438688,R_100,343.16
1781438690,R_100,343.1
1781438692,R_100,343.05
1781438694,R_100,342.8
1781438696,R_100,342.78
1781438698,R_100,342.85
1781438700,R_100,342.71
1781438702,R_100,342.65
1781438704,R_100,342.68
1781438706,R_100,342.81
1781438708,R_100,342.75
1781438710,R_100,342.69
1781438712,R_100,342.73
1781438714,R_100,342.8
1781438716,R_100,342.75
1781438718,R_100,342.63
1781438720,R_100,342.74
1781438722,R_100,342.77
1781438724,R_100,342.8
1781438726,R_100,342.9
1781438728,R_100,342.88
1781438730,R_100,342.81
1781438732,R_100,342.82
1781438734,R_100,342.8
1781438736,R_100,342.71
1781438738,R_100,342.64
1781438740,R_100,342.66
1781438742,R_100,342.68
1781438744,R_100,342.64
1781438746,R_100,342.62
1781438748,R_100,342.58
1781438750,R_100,342.64
1781438752,R_100,342.6
1781438754,R_100,342.72
1781438756,R_100,342.63
1781438758,R_100,342.69
1781438760,R_100,342.67
1781438762,R_100,342.59
1781438764,R_100,342.63
1781438766,R_100,342.65
1781438768,R_100,342.63
1781438770,R_100,342.67
1781438772,R_100,342.74
1781438774,R_100,342.84
1781438776,R_100,342.93
1781438778,R_100,342.93
1781438780,R_100,342.75
1781438782,R_100,342.73
1781438784,R_100,342.72
1781438786,R_100,342.72
1781438788,R_100,342.79
1781438790,R_100,342.86
1781438792,R_100,342.87
1781438794,R_100,342.97
1781438796,R_100,342.79
1781438798,R_100,342.87
1781438800,R_100,342.85
1781438802,R_100,342.89
1781438804,R_100,342.82
1781438806,R_100,342.72
1781438808,R_100,342.82
1781438810,R_100,342.9
1781438812,R_100,342.9
1781438814,R_100,342.9
1781438816,R_100,342.71
1781438818,R_100,342.75
1781438820,R_100,342.59
1781438822,R_100,342.59
1781438824,R_100,342.65
1781438826,R_100,342.65
1781438828,R_100,342.54
1781438830,R_100,342.49
1781438832,R_100,342.6
1781438834,R_100,342.55
1781438836,R_100,342.48
1781438838,R_100,342.44
1781438840,R_100,342.31
1781438842,R_100,342.26
1781438844,R_100,342.29
1781438846,R_100,342.41
1781438848,R_100,342.48
1781438850,R_100,342.48
1781438852,R_100,342.46
1781438854,R_100,342.5
1781438856,R_100,342.37
1781438858,R_100,342.46
1781438860,R_100,342.46
1781438862,R_100,342.39
1781438864,R_100,342.29
1781438866,R_100,342.26
1781438868,R_100,342.26
1781438870,R_100,342.14
1781438872,R_100,342.02
1781438874,R_100,342.01
1781438876,R_100,342.05
1781438878,R_100,341.97
1781438880,R_100,341.94
1781438882,R_100,342
1781438884,R_100,342.01
1781438886,R_100,342.12
1781438888,R_100,342.08
1781438890,R_100,342.2
1781438892,R_100,342.17
1781438894,R_100,342.14
1781438896,R_100,342.04
1781438898,R_100,342.23
1781438900,R_100,342.11
1781438902,R_100,342.01
1781438904,R_100,342.12
1781438906,R_100,342.24
1781438908,R_100,342.18
1781438910,R_100,342.19
1781438912,R_100,342.2
1781438914,R_100,342.1
1781438916,R_100,342.12
1781438918,R_100,342.27
1781438920,R_100,342.24
1781438922,R_100,342.24
1781438924,R_100,342.4
1781438926,R_100,342.58
1781438928,R_100,342.73
1781438930,R_100,342.57
1781438932,R_100,342.51
1781438934,R_100,342.35
1781438936,R_100,342.3
1781438938,R_100,342.4
1781438940,R_100,342.46
1781438942,R_100,342.58
1781438944,R_100,342.44
1781438946,R_100,342.37
1781438948,R_100,342.35
1781438950,R_100,342.28
1781438952,R_100,342.33
1781438954,R_100,342.27
1781438956,R_100,342.29
1781438958,R_100,342.21
1781438960,R_100,342.1
1781438962,R_100,342.27
1781438964,R_100,342.32
1781438966,R_100,342.27
1781438968,R_100,342.14
1781438970,R_100,342.09
1781438972,R_100,342.09
1781438974,R_100,342
1781438976,R_100,341.91
1781438978,R_100,341.86
1781438980,R_100,341.85
1781438982,R_100,341.93
1781438984,R_100,341.98
1781438986,R_100,341.88
1781438988,R_100,341.83
1781438990,R_100,341.9
1781438992,R_100,341.85
1781438994,R_100,341.74
1781438996,R_100,341.85
1781438998,R_100,341.98
1781439000,R_100,341.84
1781439002,R_100,341.97
1781439004,R_100,342.09
1781439006,R_100,342.03
1781439008,R_100,341.95
1781439010,R_100,341.96
1781439012,R_100,342.09
1781439014,R_100,342.09
1781439016,R_100,341.92
1781439018,R_100,341.95
1781439020,R_100,341.97
1781439022,R_100,341.96
1781439024,R_100,342
1781439026,R_100,342.07
1781439028,R_100,341.97
1781439030,R_100,342.09
1781439032,R_100,342.01
1781439034,R_100,342.01
1781439036,R_100,342.05
1781439038,R_100,341.94
1781439040,R_100,342
1781439042,R_100,341.93
1781439044,R_100,341.79
1781439046,R_100,341.73
1781439048,R_100,341.65
1781439050,R_100,341.68
1781439052,R_100,341.83
1781439054,R_100,341.77
1781439056,R_100,341.77
1781439058,R_100,341.75
1781439060,R_100,341.7
1781439062,R_100,341.66
1781439064,R_100,341.44
1781439066,R_100,341.53
1781439068,R_100,341.5
1781439070,R_100,341.56
1781439072,R_100,341.54
1781439074,R_100,341.57
1781439076,R_100,341.55
1781439078,R_100,341.48
1781439080,R_100,341.6
1781439082,R_100,341.59
1781439084,R_100,341.79
1781439086,R_100,341.9
1781439088,R_100,341.91
1781439090,R_100,341.91
1781439092,R_100,341.93
1781439094,R_100,341.94
1781439096,R_100,341.86
1781439098,R_100,341.95
1781439100,R_100,341.95
1781439102,R_100,341.84
1781439104,R_100,341.87
1781439106,R_100,341.93
1781439108,R_100,341.89
1781439110,R_100,341.87
1781439112,R_100,341.81
1781439114,R_100,341.72
1781439116,R_100,341.68
1781439118,R_100,341.67
1781439120,R_100,341.63
1781439122,R_100,341.79
1781439124,R_100,341.96
1781439126,R_100,342.09
1781439128,R_100,342.1
1781439130,R_100,342.12
1781439132,R_100,342.17
1781439134,R_100,342.19
1781439136,R_100,342.22
1781439138,R_100,342.12
1781439140,R_100,342.01
1781439142,R_100,341.94
1781439144,R_100,341.95
1781439146,R_100,341.89
1781439148,R_100,341.74
1781439150,R_100,341.73
1781439152,R_100,341.71
1781439154,R_100,341.79
1781439156,R_100,341.82
1781439158,R_100,341.88
1781439160,R_100,341.94
1781439162,R_100,342.04
1781439164,R_100,342.14
1781439166,R_100,341.92
1781439168,R_100,342.01
1781439170,R_100,342.08
1781439172,R_100,342.1
1781439174,R_100,341.97
1781439176,R_100,342.08
1781439178,R_100,342.05
1781439180,R_100,342.14
1781439182,R_100,342.37
1781439184,R_100,342.2
1781439186,R_100,342.3
1781439188,R_100,342.21
1781439190,R_100,342.24
1781439192,R_100,342.23
1781439194,R_100,342.26
1781439196,R_100,342.23
1781439198,R_100,342.25
1781439200,R_100,342.22
1781439202,R_100,342.23
1781439204,R_100,342.37
1781439206,R_100,342.39
1781439208,R_100,342.49
1781439210,R_100,342.66
1781439212,R_100,342.63
1781439214,R_100,342.65
1781439216,R_100,342.59
1781439218,R_100,342.65
1781439220,R_100,342.66
1781439222,R_100,342.61
1781439224,R_100,342.7
1781439226,R_100,342.72
1781439228,R_100,342.81
1781439230,R_100,342.71
1781439232,R_100,342.73
1781439234,R_100,342.88
1781439236,R_100,342.9
1781439238,R_100,342.83
1781439240,R_100,342.85
1781439242,R_100,342.91
1781439244,R_100,342.76
1781439246,R_100,342.72
1781439248,R_100,342.58
1781439250,R_100,342.59
1781439252,R_100,342.58
1781439254,R_100,342.49
1781439256,R_100,342.45
1781439258,R_100,342.38
1781439260,R_100,342.37
1781439262,R_100,342.61
1781439264,R_100,342.49
1781439266,R_100,342.43
1781439268,R_100,342.38
1781439270,R_100,342.28
1781439272,R_100,342.22
1781439274,R_100,342.25
1781439276,R_100,342.16
1781439278,R_100,342.13
1781439280,R_100,342.07
1781439282,R_100,342.08
1781439284,R_100,342.06
1781439286,R_100,342.14
1781439288,R_100,342.18
1781439290,R_100,342.1
1781439292,R_100,342.25
1781439294,R_100,342.18
1781439296,R_100,342.18
1781439298,R_100,342.15
1781439300,R_100,342.18
1781439302,R_100,342.17
1781439304,R_100,342.11
1781439306,R_100,342.25
1781439308,R_100,342.14
1781439310,R_100,342.15
1781439312,R_100,342.18
1781439314,R_100,342.13
1781439316,R_100,342.14
1781439318,R_100,342.07
1781439320,R_100,341.81
1781439322,R_100,341.94
1781439324,R_100,341.94
1781439326,R_100,342
1781439328,R_100,341.96
1781439330,R_100,341.99
1781439332,R_100,341.89
1781439334,R_100,341.88
1781439336,R_100,341.98
1781439338,R_100,342.09
1781439340,R_100,342.22
1781439342,R_100,342.11
1781439344,R_100,342.09
1781439346,R_100,342.03
1781439348,R_100,342.07
1781439350,R_100,342.22
1781439352,R_100,342.17
1781439354,R_100,342.03
1781439356,R_100,342.06
1781439358,R_100,342.1
1781439360,R_100,342.03
1781439362,R_100,342.02
1781439364,R_100,341.92
1781439366,R_100,341.93
1781439368,R_100,342.16
1781439370,R_100,342.14
1781439372,R_100,342.26
1781439374,R_100,342.16
1781439376,R_100,341.91
1781439378,R_100,341.95
1781439380,R_100,341.97
1781439382,R_100,342.07
1781439384,R_100,342.01
1781439386,R_100,342.09
1781439388,R_100,342.18
1781439390,R_100,342.11
1781439392,R_100,342
1781439394,R_100,341.98
1781439396,R_100,341.86
1781439398,R_100,341.84
1781439400,R_100,341.67
1781439402,R_100,341.61
1781439404,R_100,341.6
1781439406,R_100,341.53
1781439408,R_100,341.52
1781439410,R_100,341.57
1781439412,R_100,341.67
1781439414,R_100,341.57
1781439416,R_100,341.48
1781439418,R_100,341.37
1781439420,R_100,341.52
1781439422,R_100,341.57
1781439424,R_100,341.53
1781439426,R_100,341.41
1781439428,R_100,341.58
1781439430,R_100,341.55
1781439432,R_100,341.59
1781439434,R_100,341.8
1781439436,R_100,341.97
1781439438,R_100,341.89
1781439440,R_100,341.86
1781439442,R_100,341.83
1781439444,R_100,341.9
1781439446,R_100,342
1781439448,R_100,341.9
1781439450,R_100,341.84
1781439452,R_100,342
1781439454,R_100,341.86
1781439456,R_100,341.82
1781439458,R_100,341.81
1781439460,R_100,341.76
1781439462,R_100,341.75
1781439464,R_100,341.79
1781439466,R_100,341.83
1781439468,R_100,341.78
1781439470,R_100,341.64
1781439472,R_100,341.68
1781439474,R_100,341.65
1781439476,R_100,341.64
1781439478,R_100,341.55
1781439480,R_100,341.8
1781439482,R_100,341.85
1781439484,R_100,341.82
1781439486,R_100,341.99
1781439488,R_100,342.11
1781439490,R_100,342
1781439492,R_100,341.91
1781439494,R_100,341.9
1781439496,R_100,341.79
1781439498,R_100,341.9
1781439500,R_100,341.86
1781439502,R_100,341.88
1781439504,R_100,341.87
1781439506,R_100,341.77
1781439508,R_100,341.79
1781439510,R_100,341.67
1781439512,R_100,341.67
1781439514,R_100,341.55
1781439516,R_100,341.65
1781439518,R_100,341.77
1781439520,R_100,341.83
1781439522,R_100,341.89
1781439524,R_100,341.85
1781439526,R_100,341.86
1781439528,R_100,341.9
1781439530,R_100,341.86
1781439532,R_100,341.89
1781439534,R_100,341.84
1781439536,R_100,342.04
1781439538,R_100,342.05
1781439540,R_100,342.15
1781439542,R_100,342.19
1781439544,R_100,342.19
1781439546,R_100,342.01
1781439548,R_100,342.13
1781439550,R_100,342.12
1781439552,R_100,342.05
1781439554,R_100,342.02
1781439556,R_100,341.97
1781439558,R_100,342.03
1781439560,R_100,342.06
1781439562,R_100,342.13
1781439564,R_100,342.29
1781439566,R_100,342.38
1781439568,R_100,342.25
1781439570,R_100,342.38
1781439572,R_100,342.4
1781439574,R_100,342.49
1781439576,R_100,342.53
1781439578,R_100,342.19
1781439580,R_100,342.25
1781439582,R_100,342.31
1781439584,R_100,342.24
1781439586,R_100,342.32
1781439588,R_100,342.33
1781439590,R_100,342.42
1781439592,R_100,342.38
1781439594,R_100,342.51
1781439596,R_100,342.55
1781439598,R_100,342.53
1781439600,R_100,342.55
1781439602,R_100,342.49
1781439604,R_100,342.59
1781439606,R_100,342.59
1781439608,R_100,342.59
1781439610,R_100,342.6
1781439612,R_100,342.79
1781439614,R_100,342.91
1781439616,R_100,343
1781439618,R_100,343
1781439620,R_100,343.06
1781439622,R_100,343.14
1781439624,R_100,343.04
1781439626,R_100,343.1
1781439628,R_100,343.17
1781439630,R_100,343.3
1781439632,R_100,343.34
1781439634,R_100,343.52
1781439636,R_100,343.44
1781439638,R_100,343.43
1781439640,R_100,343.47
1781439642,R_100,343.68
1781439644,R_100,343.77
1781439646,R_100,343.84
1781439648,R_100,343.78
1781439650,R_100,343.76
1781439652,R_100,343.88
1781439654,R_100,343.82
1781439656,R_100,343.77
1781439658,R_100,343.74
1781439660,R_100,343.89
1781439662,R_100,343.83
1781439664,R_100,343.88
1781439666,R_100,343.83
1781439668,R_100,343.84
1781439670,R_100,343.84
1781439672,R_100,343.92
1781439674,R_100,343.87
1781439676,R_100,343.79
1781439678,R_100,343.81
1781439680,R_100,343.74
1781439682,R_100,343.72
1781439684,R_100,343.7
1781439686,R_100,343.73
1781439688,R_100,343.85
1781439690,R_100,343.82
1781439692,R_100,343.79
1781439694,R_100,343.81
1781439696,R_100,343.67
1781439698,R_100,343.53
1781439700,R_100,343.56
1781439702,R_100,343.57
1781439704,R_100,343.67
1781439706,R_100,343.65
1781439708,R_100,343.63
1781439710,R_100,343.59
1781439712,R_100,343.56
1781439714,R_100,343.76
1781439716,R_100,343.87
1781439718,R_100,343.85
1781439720,R_100,343.72
1781439722,R_100,343.75
1781439724,R_100,343.92
1781439726,R_100,343.91
1781439728,R_100,343.69
1781439730,R_100,343.7
1781439732,R_100,343.78
1781439734,R_100,343.74
1781439736,R_100,343.76
1781439738,R_100,343.75
1781439740,R_100,343.8
1781439742,R_100,343.83
1781439744,R_100,343.89
1781439746,R_100,343.93
1781439748,R_100,344.04
1781439750,R_100,344.14
1781439752,R_100,344.21
1781439754,R_100,344.3
1781439756,R_100,344.22
1781439758,R_100,344.24
1781439760,R_100,344.19
1781439762,R_100,344.16
1781439764,R_100,344.16
1781439766,R_100,344.2
1781439768,R_100,344.08
1781439770,R_100,343.93
1781439772,R_100,343.93
1781439774,R_100,344.03
1781439776,R_100,343.99
1781439778,R_100,343.94
1781439780,R_100,343.96
1781439782,R_100,344.13
1781439784,R_100,344.12
1781439786,R_100,344.1
1781439788,R_100,344.16
1781439790,R_100,344.3
1781439792,R_100,344.3
1781439794,R_100,344.31
1781439796,R_100,344.33
1781439798,R_100,344.22
1781439800,R_100,344.23
1781439802,R_100,344.35
1781439804,R_100,344.27
1781439806,R_100,344.11
1781439808,R_100,344.16
1781439810,R_100,344.1
1781439812,R_100,344.03
1781439814,R_100,344.02
1781439816,R_100,343.9
1781439818,R_100,343.88
1781439820,R_100,343.91
1781439822,R_100,343.89
1781439824,R_100,343.87
1781439826,R_100,343.88
1781439828,R_100,343.95
1781439830,R_100,343.87
1781439832,R_100,344.05
1781439834,R_100,344.01
1781439836,R_100,343.95
1781439838,R_100,343.89
1781439840,R_100,344.03
1781439842,R_100,343.96
1781439844,R_100,343.87
1781439846,R_100,343.7
1781439848,R_100,343.6
1781439850,R_100,343.67
1781439852,R_100,343.77
1781439854,R_100,343.8
1781439856,R_100,343.92
1781439858,R_100,343.78
1781439860,R_100,343.75
1781439862,R_100,343.69
1781439864,R_100,343.64
1781439866,R_100,343.62
1781439868,R_100,343.68
1781439870,R_100,343.71
1781439872,R_100,343.88
1781439874,R_100,343.83
1781439876,R_100,343.91
1781439878,R_100,343.84
1781439880,R_100,343.87
1781439882,R_100,343.83
1781439884,R_100,343.86
1781439886,R_100,344.04
1781439888,R_100,344.11
1781439890,R_100,344.2
1781439892,R_100,344.22
1781439894,R_100,344.09
1781439896,R_100,344.11
1781439898,R_100,344.08
1781439900,R_100,344.07
1781439902,R_100,343.94
1781439904,R_100,343.96
1781439906,R_100,344.1
1781439908,R_100,344.1
1781439910,R_100,344.09
1781439912,R_100,344.11
1781439914,R_100,344.03
1781439916,R_100,344.08
1781439918,R_100,344.07
1781439920,R_100,343.89
1781439922,R_100,343.76
1781439924,R_100,343.83
1781439926,R_100,343.84
1781439928,R_100,343.86
1781439930,R_100,343.93
1781439932,R_100,343.96
1781439934,R_100,344.02
1781439936,R_100,344.01
1781439938,R_100,343.94
1781439940,R_100,343.96
1781439942,R_100,344.05
1781439944,R_100,344.04
1781439946,R_100,344.09
1781439948,R_100,343.98
1781439950,R_100,344.04
1781439952,R_100,344.08
1781439954,R_100,344.12
1781439956,R_100,344.23
1781439958,R_100,344.18
1781439960,R_100,344.09
1781439962,R_100,344.17
1781439964,R_100,343.91
1781439966,R_100,344.07
1781439968,R_100,344.02
1781439970,R_100,344.03
1781439972,R_100,344.06
1781439974,R_100,344.25
1781439976,R_100,344.1
1781439978,R_100,344.11
1781439980,R_100,344.07
1781439982,R_100,344.05
1781439984,R_100,344
1781439986,R_100,343.98
1781439988,R_100,343.91
1781439990,R_100,343.97
1781439992,R_100,343.99
1781439994,R_100,343.96
1781439996,R_100,344.27
1781439998,R_100,344.3
1781440000,R_100,344.36
1781440002,R_100,344.39
1781440004,R_100,344.44
1781440006,R_100,344.34
1781440008,R_100,344.29
1781440010,R_100,344.44
1781440012,R_100,344.58
1781440014,R_100,344.7
1781440016,R_100,344.62
1781440018,R_100,344.65
1781440020,R_100,344.64
1781440022,R_100,344.6
1781440024,R_100,344.36
1781440026,R_100,344.32
1781440028,R_100,344.12
1781440030,R_100,344.14
1781440032,R_100,344.06
1781440034,R_100,343.92
1781440036,R_100,343.95
1781440038,R_100,343.95
1781440040,R_100,343.98
1781440042,R_100,343.75
1781440044,R_100,343.83
1781440046,R_100,343.85
1781440048,R_100,343.81
1781440050,R_100,343.8
1781440052,R_100,343.88
1781440054,R_100,343.71
1781440056,R_100,343.69
1781440058,R_100,343.71
1781440060,R_100,343.62
1781440062,R_100,343.63
1781440064,R_100,343.68
1781440066,R_100,343.62
1781440068,R_100,343.58
1781440070,R_100,343.73
1781440072,R_100,343.61
1781440074,R_100,343.68
1781440076,R_100,343.75
1781440078,R_100,343.82
1781440080,R_100,343.77
1781440082,R_100,343.82
1781440084,R_100,343.89
1781440086,R_100,343.85
1781440088,R_100,343.92
1781440090,R_100,344.07
1781440092,R_100,343.86
1781440094,R_100,343.68
1781440096,R_100,343.55
1781440098,R_100,343.49
1781440100,R_100,343.39
1781440102,R_100,343.32
1781440104,R_100,343.27
1781440106,R_100,343.18
1781440108,R_100,343.14
1781440110,R_100,343.05
1781440112,R_100,343.05
1781440114,R_100,343.02
1781440116,R_100,342.95
1781440118,R_100,342.81
1781440120,R_100,342.93
1781440122,R_100,342.99
1781440124,R_100,343.09
1781440126,R_100,343
1781440128,R_100,342.9
1781440130,R_100,342.86
1781440132,R_100,342.74
1781440134,R_100,342.74
1781440136,R_100,342.82
1781440138,R_100,342.93
1781440140,R_100,342.97
1781440142,R_100,342.98
1781440144,R_100,343.08
1781440146,R_100,343.09
1781440148,R_100,343.08
1781440150,R_100,343.09
1781440152,R_100,343.26
1781440154,R_100,343.22
1781440156,R_100,343.15
1781440158,R_100,343.08
1781440160,R_100,342.97
1781440162,R_100,343.08
1781440164,R_100,342.96
1781440166,R_100,342.89
1781440168,R_100,342.95
1781440170,R_100,342.99
1781440172,R_100,343.09
1781440174,R_100,343.03
1781440176,R_100,343.2
1781440178,R_100,343.11
1781440180,R_100,343.17
1781440182,R_100,343.09
1781440184,R_100,343.08
1781440186,R_100,343.12
1781440188,R_100,343.12
1781440190,R_100,343.2
1781440192,R_100,343.32
1781440194,R_100,343.39
1781440196,R_100,343.37
1781440198,R_100,343.42
1781440200,R_100,343.44
1781440202,R_100,343.37
1781440204,R_100,343.37
1781440206,R_100,343.42
1781440208,R_100,343.39
1781440210,R_100,343.33
1781440212,R_100,343.23
1781440214,R_100,343.26
1781440216,R_100,343.32
1781440218,R_100,343.31
1781440220,R_100,343.29
1781440222,R_100,343.41
1781440224,R_100,343.46
1781440226,R_100,343.52
1781440228,R_100,343.57
1781440230,R_100,343.59
1781440232,R_100,343.54
1781440234,R_100,343.5
1781440236,R_100,343.62
1781440238,R_100,343.67
1781440240,R_100,343.67
1781440242,R_100,343.7
1781440244,R_100,343.65
1781440246,R_100,343.79
1781440248,R_100,343.95
1781440250,R_100,343.85
1781440252,R_100,343.93
1781440254,R_100,343.86
1781440256,R_100,344.1
1781440258,R_100,344.21
1781440260,R_100,344.17
1781440262,R_100,344.08
1781440264,R_100,344.11
1781440266,R_100,344.35
1781440268,R_100,344.39
1781440270,R_100,344.55
1781440272,R_100,344.55
1781440274,R_100,344.63
1781440276,R_100,344.64
1781440278,R_100,344.52
1781440280,R_100,344.36
1781440282,R_100,344.32
1781440284,R_100,344.36
1781440286,R_100,344.24
1781440288,R_100,344.21
1781440290,R_100,344.21
1781440292,R_100,344.25
1781440294,R_100,344.22
1781440296,R_100,344.07
1781440298,R_100,344.02
1781440300,R_100,344.06
1781440302,R_100,344.08
1781440304,R_100,344.01
1781440306,R_100,344
1781440308,R_100,343.94
1781440310,R_100,343.81
1781440312,R_100,343.78
1781440314,R_100,343.83
1781440316,R_100,343.79
1781440318,R_100,343.8
1781440320,R_100,343.93
1781440322,R_100,343.93
1781440324,R_100,343.67
1781440326,R_100,343.82
1781440328,R_100,343.8
1781440330,R_100,343.81
1781440332,R_100,343.89
1781440334,R_100,343.93
1781440336,R_100,343.8
1781440338,R_100,343.56
1781440340,R_100,343.55
1781440342,R_100,343.53
1781440344,R_100,343.63
1781440346,R_100,343.68
1781440348,R_100,343.45
1781440350,R_100,343.49
1781440352,R_100,343.49
1781440354,R_100,343.31
1781440356,R_100,343.4
1781440358,R_100,343.42
1781440360,R_100,343.5
1781440362,R_100,343.35
1781440364,R_100,343.39
1781440366,R_100,343.45
1781440368,R_100,343.63
1781440370,R_100,343.81
1781440372,R_100,343.87
1781440374,R_100,343.87
1781440376,R_100,343.91
1781440378,R_100,343.95
1781440380,R_100,343.91
1781440382,R_100,343.83
1781440384,R_100,343.91
1781440386,R_100,343.81
1781440388,R_100,343.65
1781440390,R_100,343.71
1781440392,R_100,343.76
1781440394,R_100,343.74
1781440396,R_100,343.8
1781440398,R_100,343.81
1781440400,R_100,343.87
1781440402,R_100,343.87
1781440404,R_100,343.91
1781440406,R_100,343.89
1781440408,R_100,343.85
1781440410,R_100,343.82
1781440412,R_100,343.82
1781440414,R_100,343.77
1781440416,R_100,343.69
1781440418,R_100,343.75
1781440420,R_100,343.72
1781440422,R_100,343.9
1781440424,R_100,343.87
1781440426,R_100,343.82
1781440428,R_100,343.59
1781440430,R_100,343.5
1781440432,R_100,343.68
1781440434,R_100,343.66
1781440436,R_100,343.53
1781440438,R_100,343.31
1781440440,R_100,343.39
1781440442,R_100,343.44
1781440444,R_100,343.47
1781440446,R_100,343.4
1781440448,R_100,343.26
1781440450,R_100,343.44
1781440452,R_100,343.51
1781440454,R_100,343.45
1781440456,R_100,343.35
1781440458,R_100,343.31
1781440460,R_100,343.09
1781440462,R_100,342.99
1781440464,R_100,343.12
1781440466,R_100,343.11
1781440468,R_100,343.07
1781440470,R_100,343.28
1781440472,R_100,343.16
1781440474,R_100,343.16
1781440476,R_100,343.1
1781440478,R_100,343.05
1781440480,R_100,343.13
1781440482,R_100,343.16
1781440484,R_100,343.06
1781440486,R_100,343.11
1781440488,R_100,343.05
1781440490,R_100,342.92
1781440492,R_100,342.8
1781440494,R_100,342.86
1781440496,R_100,342.92
1781440498,R_100,343.04
1781440500,R_100,342.96
1781440502,R_100,342.98
1781440504,R_100,342.87
1781440506,R_100,342.94
1781440508,R_100,343.07
1781440510,R_100,343.09
1781440512,R_100,343.09
1781440514,R_100,343.04
1781440516,R_100,343.02
1781440518,R_100,342.97
1781440520,R_100,343.08
1781440522,R_100,343.19
1781440524,R_100,343.06
1781440526,R_100,343.1
1781440528,R_100,343.12
1781440530,R_100,343.13
1781440532,R_100,343.18
1781440534,R_100,343.27
1781440536,R_100,343.34
1781440538,R_100,343.3
1781440540,R_100,343.44
1781440542,R_100,343.36
1781440544,R_100,343.09
1781440546,R_100,343.11
1781440548,R_100,343.26
1781440550,R_100,343.12
1781440552,R_100,343.08
1781440554,R_100,343.06
1781440556,R_100,343.07
1781440558,R_100,343.11
1781440560,R_100,343.17
1781440562,R_100,343.22
1781440564,R_100,343.21
1781440566,R_100,343.17
1781440568,R_100,343.13
1781440570,R_100,343.16
1781440572,R_100,343.08
1781440574,R_100,343.15
1781440576,R_100,343.23
1781440578,R_100,343.1
1781440580,R_100,343
1781440582,R_100,342.91
1781440584,R_100,342.9
1781440586,R_100,342.84
1781440588,R_100,342.62
1781440590,R_100,342.62
1781440592,R_100,342.61
1781440594,R_100,342.67
1781440596,R_100,342.62
1781440598,R_100,342.68
1781440600,R_100,342.61
1781440602,R_100,342.79
1781440604,R_100,342.82
1781440606,R_100,342.76
1781440608,R_100,342.81
1781440610,R_100,342.86
1781440612,R_100,342.95
1781440614,R_100,342.77
1781440616,R_100,342.78
1781440618,R_100,342.83
1781440620,R_100,342.86
1781440622,R_100,342.99
1781440624,R_100,343.07
1781440626,R_100,343.06
1781440628,R_100,342.99
1781440630,R_100,342.99
1781440632,R_100,343.03
1781440634,R_100,343.08
1781440636,R_100,343
1781440638,R_100,343.15
1781440640,R_100,343.19
1781440642,R_100,343.24
1781440644,R_100,343.2
1781440646,R_100,343.23
1781440648,R_100,343.21
1781440650,R_100,343.22
1781440652,R_100,343.11
1781440654,R_100,343.04
1781440656,R_100,343
1781440658,R_100,343.04
1781440660,R_100,343.11
1781440662,R_100,343.08
1781440664,R_100,343.14
1781440666,R_100,343.09
1781440668,R_100,343.04
1781440670,R_100,343.04
1781440672,R_100,343.06
1781440674,R_100,343.05
1781440676,R_100,343.11
1781440678,R_100,343.06
1781440680,R_100,343.1
1781440682,R_100,343.16
1781440684,R_100,343.22
1781440686,R_100,343.2
1781440688,R_100,343.16
1781440690,R_100,343.21
1781440692,R_100,343.19
1781440694,R_100,343.02
1781440696,R_100,343.01
1781440698,R_100,343.1
1781440700,R_100,342.96
1781440702,R_100,342.97
1781440704,R_100,342.97
1781440706,R_100,343
1781440708,R_100,342.98
1781440710,R_100,343.02
1781440712,R_100,343.07
1781440714,R_100,343.14
1781440716,R_100,343.13
1781440718,R_100,343.06
1781440720,R_100,343.15
1781440722,R_100,343.09
1781440724,R_100,343.17
1781440726,R_100,343.17
1781440728,R_100,343.22
1781440730,R_100,343.27
1781440732,R_100,343.28
1781440734,R_100,343.17
1781440736,R_100,343.08
1781440738,R_100,343.02
1781440740,R_100,343.04
1781440742,R_100,342.9
1781440744,R_100,342.93
1781440746,R_100,342.9
1781440748,R_100,342.91
1781440750,R_100,342.97
1781440752,R_100,343.05
1781440754,R_100,343.14
1781440756,R_100,343.15
1781440758,R_100,343.08
1781440760,R_100,343.03
1781440762,R_100,343.09
1781440764,R_100,343.18
1781440766,R_100,343.24
1781440768,R_100,343.23
1781440770,R_100,343.18
1781440772,R_100,343.11
1781440774,R_100,343.13
1781440776,R_100,343.39
1781440778,R_100,343.35
1781440780,R_100,343.35
1781440782,R_100,343.38
1781440784,R_100,343.49
1781440786,R_100,343.55
1781440788,R_100,343.48
1781440790,R_100,343.44
1781440792,R_100,343.37
1781440794,R_100,343.21
1781440796,R_100,343.07
1781440798,R_100,343.07
1781440800,R_100,343.26
1781440802,R_100,343.21
1781440804,R_100,343.21
1781440806,R_100,343.33
1781440808,R_100,343.29
1781440810,R_100,343.28
1781440812,R_100,343.31
1781440814,R_100,343.25
1781440816,R_100,343.29
1781440818,R_100,343.22
1781440820,R_100,343.11
1781440822,R_100,343.03
1781440824,R_100,343.12
1781440826,R_100,343.04
1781440828,R_100,342.99
1781440830,R_100,342.87
1781440832,R_100,342.63
1781440834,R_100,342.57
1781440836,R_100,342.43
1781440838,R_100,342.52
1781440840,R_100,342.53
1781440842,R_100,342.67
1781440844,R_100,342.66
1781440846,R_100,342.6
1781440848,R_100,342.41
1781440850,R_100,342.35
1781440852,R_100,342.42
1781440854,R_100,342.54
1781440856,R_100,342.52
1781440858,R_100,342.43
1781440860,R_100,342.42
1781440862,R_100,342.5
1781440864,R_100,342.44
1781440866,R_100,342.36
1781440868,R_100,342.44
1781440870,R_100,342.55
1781440872,R_100,342.61
1781440874,R_100,342.62
1781440876,R_100,342.73
1781440878,R_100,342.53
1781440880,R_100,342.63
1781440882,R_100,342.6
1781440884,R_100,342.59
1781440886,R_100,342.48
1781440888,R_100,342.58
1781440890,R_100,342.36
1781440892,R_100,342.46
1781440894,R_100,342.46
1781440896,R_100,342.38
1781440898,R_100,342.37
1781440900,R_100,342.27
1781440902,R_100,342.33
1781440904,R_100,342.29
1781440906,R_100,342.17
1781440908,R_100,342.14
1781440910,R_100,342.25
1781440912,R_100,342.25
1781440914,R_100,342.24
1781440916,R_100,342.12
1781440918,R_100,342.21
1781440920,R_100,342.17
1781440922,R_100,342.13
1781440924,R_100,342.07
1781440926,R_100,342.13
1781440928,R_100,342.13
1781440930,R_100,342.18
1781440932,R_100,342.22
1781440934,R_100,342.18
1781440936,R_100,342.06
1781440938,R_100,342.05
1781440940,R_100,341.99
1781440942,R_100,342.1
1781440944,R_100,342.24
1781440946,R_100,342.21
1781440948,R_100,342.04
1781440950,R_100,341.98
1781440952,R_100,342.01
1781440954,R_100,342.03
1781440956,R_100,341.94
1781440958,R_100,341.95
1781440960,R_100,342.09
1781440962,R_100,342.02
1781440964,R_100,342.14
1781440966,R_100,342.21
1781440968,R_100,341.99
1781440970,R_100,342
1781440972,R_100,342.04
1781440974,R_100,342.17
1781440976,R_100,342.18
1781440978,R_100,342.02
1781440980,R_100,341.96
1781440982,R_100,341.97
1781440984,R_100,342.1
1781440986,R_100,342.23
1781440988,R_100,342.33
1781440990,R_100,342.3
1781440992,R_100,342.32
1781440994,R_100,342.41
1781440996,R_100,342.39
1781440998,R_100,342.32
1781441000,R_100,342.33
1781441002,R_100,342.4
1781441004,R_100,342.43
1781441006,R_100,342.32
1781441008,R_100,342.34
1781441010,R_100,342.34
1781441012,R_100,342.27
1781441014,R_100,342.43
1781441016,R_100,342.51
1781441018,R_100,342.51
1781441020,R_100,342.44
1781441022,R_100,342.38
1781441024,R_100,342.32
1781441026,R_100,342.19
1781441028,R_100,341.97
1781441030,R_100,341.98
1781441032,R_100,342.12
1781441034,R_100,342.19
1781441036,R_100,342.2
1781441038,R_100,342.22
1781441040,R_100,342.25
1781441042,R_100,342.22
1781441044,R_100,342.19
1781441046,R_100,342.18
1781441048,R_100,342.17
1781441050,R_100,342.12
1781441052,R_100,342.05
1781441054,R_100,341.93
1781441056,R_100,342.06
1781441058,R_100,342.13
1781441060,R_100,342.18
1781441062,R_100,342.22
1781441064,R_100,342.27
1781441066,R_100,342.32
1781441068,R_100,342.43
1781441070,R_100,342.44
1781441072,R_100,342.48
1781441074,R_100,342.36
1781441076,R_100,342.38
1781441078,R_100,342.37
1781441080,R_100,342.41
1781441082,R_100,342.44
1781441084,R_100,342.43
1781441086,R_100,342.43
1781441088,R_100,342.43
1781441090,R_100,342.43
1781441092,R_100,342.57
1781441094,R_100,342.49
1781441096,R_100,342.44
1781441098,R_100,342.46
1781441100,R_100,342.6
1781441102,R_100,342.67
1781441104,R_100,342.45
1781441106,R_100,342.57
1781441108,R_100,342.53
1781441110,R_100,342.65
1781441112,R_100,342.87
1781441114,R_100,342.79
1781441116,R_100,342.86
1781441118,R_100,342.85
1781441120,R_100,342.71
1781441122,R_100,342.76
1781441124,R_100,342.68
1781441126,R_100,342.82
1781441128,R_100,342.83
1781441130,R_100,342.78
1781441132,R_100,342.7
1781441134,R_100,342.7
1781441136,R_100,342.8
1781441138,R_100,342.83
1781441140,R_100,342.91
1781441142,R_100,342.86
1781441144,R_100,343.01
1781441146,R_100,343.05
1781441148,R_100,342.92
1781441150,R_100,343
1781441152,R_100,343.11
1781441154,R_100,343.05
1781441156,R_100,343.12
1781441158,R_100,343
1781441160,R_100,343.13
1781441162,R_100,343.06
1781441164,R_100,342.9
1781441166,R_100,342.82
1781441168,R_100,342.87
1781441170,R_100,342.96
1781441172,R_100,342.87
1781441174,R_100,342.82
1781441176,R_100,342.88
1781441178,R_100,342.92
1781441180,R_100,342.87
1781441182,R_100,342.73
1781441184,R_100,342.63
1781441186,R_100,342.55
1781441188,R_100,342.55
1781441190,R_100,342.56
1781441192,R_100,342.53
1781441194,R_100,342.69
1781441196,R_100,342.74
1781441198,R_100,342.73
1781441200,R_100,342.7
1781441202,R_100,342.64
1781441204,R_100,342.54
1781441206,R_100,342.49
1781441208,R_100,342.52
1781441210,R_100,342.58
1781441212,R_100,342.58
1781441214,R_100,342.54
1781441216,R_100,342.48
1781441218,R_100,342.53
1781441220,R_100,342.32
1781441222,R_100,342.31
1781441224,R_100,342.17
1781441226,R_100,342.14
1781441228,R_100,342.25
1781441230,R_100,342.14
1781441232,R_100,342.14
1781441234,R_100,342.09
1781441236,R_100,342.09
1781441238,R_100,342.05
1781441240,R_100,342.01
1781441242,R_100,342.01
1781441244,R_100,341.99
1781441246,R_100,341.96
1781441248,R_100,341.79
1781441250,R_100,341.71
1781441252,R_100,341.76
1781441254,R_100,341.77
1781441256,R_100,341.77
1781441258,R_100,341.77
1781441260,R_100,341.7
1781441262,R_100,341.74
1781441264,R_100,341.83
1781441266,R_100,341.7
1781441268,R_100,341.69
1781441270,R_100,341.57
1781441272,R_100,341.59
1781441274,R_100,341.59
1781441276,R_100,341.53
1781441278,R_100,341.49
1781441280,R_100,341.3
1781441282,R_100,341.33
1781441284,R_100,341.33
1781441286,R_100,341.4
1781441288,R_100,341.47
1781441290,R_100,341.48
1781441292,R_100,341.53
1781441294,R_100,341.65
1781441296,R_100,341.63
1781441298,R_100,341.58
1781441300,R_100,341.62
1781441302,R_100,341.82
1781441304,R_100,341.83
1781441306,R_100,341.66
1781441308,R_100,341.86
1781441310,R_100,341.84
1781441312,R_100,341.79
1781441314,R_100,341.72
1781441316,R_100,341.78
1781441318,R_100,341.78
1781441320,R_100,341.83
1781441322,R_100,341.83
1781441324,R_100,341.91
1781441326,R_100,342.05
1781441328,R_100,342.04
1781441330,R_100,342.05
1781441332,R_100,341.99
1781441334,R_100,341.99
1781441336,R_100,341.82
1781441338,R_100,341.86
1781441340,R_100,341.9
1781441342,R_100,341.97
1781441344,R_100,341.86
1781441346,R_100,341.85
1781441348,R_100,341.76
1781441350,R_100,341.62
1781441352,R_100,341.38
1781441354,R_100,341.37
1781441356,R_100,341.49
1781441358,R_100,341.59
1781441360,R_100,341.64
1781441362,R_100,341.63
1781441364,R_100,341.78
1781441366,R_100,341.74
1781441368,R_100,341.71
1781441370,R_100,341.72
1781441372,R_100,341.65
1781441374,R_100,341.6
1781441376,R_100,341.61
1781441378,R_100,341.44
1781441380,R_100,341.4
1781441382,R_100,341.42
1781441384,R_100,341.33
1781441386,R_100,341.3
1781441388,R_100,341.33
1781441390,R_100,341.24
1781441392,R_100,341.3
1781441394,R_100,341.36
1781441396,R_100,341.24
1781441398,R_100,341.19
1781441400,R_100,341.19
1781441402,R_100,341.19
1781441404,R_100,341.18
1781441406,R_100,341.18
1781441408,R_100,341.12
1781441410,R_100,341.03
1781441412,R_100,341.09
1781441414,R_100,341.05
1781441416,R_100,341.14
1781441418,R_100,341.02
1781441420,R_100,341.06
1781441422,R_100,341.14
1781441424,R_100,341.29
1781441426,R_100,341.29
1781441428,R_100,341.2
1781441430,R_100,341.23
1781441432,R_100,341.25
1781441434,R_100,341.27
1781441436,R_100,341.22
1781441438,R_100,341.21
1781441440,R_100,341.26
1781441442,R_100,341.19
1781441444,R_100,341.05
1781441446,R_100,341.1
1781441448,R_100,341.24
1781441450,R_100,341.33
1781441452,R_100,341.33
1781441454,R_100,341.3
1781441456,R_100,341.28
1781441458,R_100,341.22
1781441460,R_100,341.17
1781441462,R_100,341.12
1781441464,R_100,341.04
1781441466,R_100,341.04
1781441468,R_100,341.04
1781441470,R_100,341.1
1781441472,R_100,341.11
1781441474,R_100,341.25
1781441476,R_100,341.19
1781441478,R_100,341.24
1781441480,R_100,341.24
1781441482,R_100,341.16
1781441484,R_100,341.2
1781441486,R_100,341.14
1781441488,R_100,341.12
1781441490,R_100,341.08
1781441492,R_100,341.1
1781441494,R_100,341.1
1781441496,R_100,341.14
1781441498,R_100,341.15
1781441500,R_100,341.09
1781441502,R_100,341.05
1781441504,R_100,341.08
1781441506,R_100,341.08
1781441508,R_100,341.07
1781441510,R_100,341.09
1781441512,R_100,340.99
1781441514,R_100,341.05
1781441516,R_100,340.92
1781441518,R_100,340.72
1781441520,R_100,340.75
1781441522,R_100,340.84
1781441524,R_100,340.82
1781441526,R_100,340.92
1781441528,R_100,340.95
1781441530,R_100,341.02
1781441532,R_100,341.12
1781441534,R_100,341.15
1781441536,R_100,341.22
1781441538,R_100,341.25
1781441540,R_100,341.32
1781441542,R_100,341.25
1781441544,R_100,341.14
1781441546,R_100,341.17
1781441548,R_100,341.13
1781441550,R_100,341.32
1781441552,R_100,341.31
1781441554,R_100,341.36
1781441556,R_100,341.38
1781441558,R_100,341.53
1781441560,R_100,341.48
1781441562,R_100,341.53
1781441564,R_100,341.49
1781441566,R_100,341.54
1781441568,R_100,341.46
1781441570,R_100,341.54
1781441572,R_100,341.44
1781441574,R_100,341.44
1781441576,R_100,341.39
1781441578,R_100,341.33
1781441580,R_100,341.33
1781441582,R_100,341.44
1781441584,R_100,341.33
1781441586,R_100,341.36
1781441588,R_100,341.29
1781441590,R_100,341.35
1781441592,R_100,341.43
1781441594,R_100,341.47
1781441596,R_100,341.53
1781441598,R_100,341.63
1781441600,R_100,341.73
1781441602,R_100,341.75
1781441604,R_100,341.79
1781441606,R_100,341.69
1781441608,R_100,341.68
1781441610,R_100,341.68
1781441612,R_100,341.78
1781441614,R_100,341.74
1781441616,R_100,341.7
1781441618,R_100,341.59
1781441620,R_100,341.45
1781441622,R_100,341.54
1781441624,R_100,341.45
1781441626,R_100,341.44
1781441628,R_100,341.36
1781441630,R_100,341.33
1781441632,R_100,341.26
1781441634,R_100,341.18
1781441636,R_100,341.2
1781441638,R_100,341.18
1781441640,R_100,341.18
1781441642,R_100,341.17
1781441644,R_100,341.36
1781441646,R_100,341.38
1781441648,R_100,341.4
1781441650,R_100,341.47
1781441652,R_100,341.64
1781441654,R_100,341.57
1781441656,R_100,341.49
1781441658,R_100,341.5
1781441660,R_100,341.59
1781441662,R_100,341.57
1781441664,R_100,341.48
1781441666,R_100,341.57
1781441668,R_100,341.42
1781441670,R_100,341.52
1781441672,R_100,341.55
1781441674,R_100,341.59
1781441676,R_100,341.58
1781441678,R_100,341.53
1781441680,R_100,341.59
1781441682,R_100,341.43
1781441684,R_100,341.59
1781441686,R_100,341.48
1781441688,R_100,341.59
1781441690,R_100,341.62
1781441692,R_100,341.71
1781441694,R_100,341.69
1781441696,R_100,341.65
1781441698,R_100,341.49
1781441700,R_100,341.49
1781441702,R_100,341.43
1781441704,R_100,341.4
1781441706,R_100,341.51
1781441708,R_100,341.48
1781441710,R_100,341.5
1781441712,R_100,341.43
1781441714,R_100,341.38
1781441716,R_100,341.39
1781441718,R_100,341.45
1781441720,R_100,341.41
1781441722,R_100,341.59
1781441724,R_100,341.56
1781441726,R_100,341.53
1781441728,R_100,341.44
1781441730,R_100,341.46
1781441732,R_100,341.54
1781441734,R_100,341.59
1781441736,R_100,341.61
1781441738,R_100,341.6
1781441740,R_100,341.76
1781441742,R_100,341.66
1781441744,R_100,341.63
1781441746,R_100,341.61
1781441748,R_100,341.61
1781441750,R_100,341.61
1781441752,R_100,341.64
1781441754,R_100,341.72
1781441756,R_100,341.56
1781441758,R_100,341.64
1781441760,R_100,341.56
1781441762,R_100,341.74
1781441764,R_100,341.57
1781441766,R_100,341.47
1781441768,R_100,341.73
1781441770,R_100,341.8
1781441772,R_100,342.06
1781441774,R_100,342.18
1781441776,R_100,342.09
1781441778,R_100,342.08
1781441780,R_100,342.11
1781441782,R_100,342.17
1781441784,R_100,342.21
1781441786,R_100,342.31
1781441788,R_100,342.41
1781441790,R_100,342.38
1781441792,R_100,342.44
1781441794,R_100,342.32
1781441796,R_100,342.28
1781441798,R_100,342.09
1781441800,R_100,341.96
1781441802,R_100,342.16
1781441804,R_100,342.22
1781441806,R_100,342.11
1781441808,R_100,342.04
1781441810,R_100,342.07
1781441812,R_100,342.11
1781441814,R_100,341.91
1781441816,R_100,341.88
1781441818,R_100,341.82
1781441820,R_100,341.78
1781441822,R_100,341.82
1781441824,R_100,341.86
1781441826,R_100,342.05
1781441828,R_100,341.98
1781441830,R_100,342.05
1781441832,R_100,342.03
1781441834,R_100,341.9
1781441836,R_100,341.87
1781441838,R_100,341.94
1781441840,R_100,341.91
1781441842,R_100,341.96
1781441844,R_100,341.82
1781441846,R_100,341.73
1781441848,R_100,341.76
1781441850,R_100,341.72
1781441852,R_100,341.75
1781441854,R_100,341.91
1781441856,R_100,341.89
1781441858,R_100,342.05
1781441860,R_100,342.01
1781441862,R_100,342.02
1781441864,R_100,342.06
1781441866,R_100,342.18
1781441868,R_100,342.11
1781441870,R_100,342.13
1781441872,R_100,342.16
1781441874,R_100,342.1
1781441876,R_100,342.19
1781441878,R_100,342.03
1781441880,R_100,342.13
1781441882,R_100,342.04
1781441884,R_100,342.21
1781441886,R_100,342.25
1781441888,R_100,342.24
1781441890,R_100,342.49
1781441892,R_100,342.59
1781441894,R_100,342.47
1781441896,R_100,342.35
1781441898,R_100,342.33
1781441900,R_100,342.32
1781441902,R_100,342.34
1781441904,R_100,342.52
1781441906,R_100,342.51
1781441908,R_100,342.54
1781441910,R_100,342.71
1781441912,R_100,342.7
1781441914,R_100,342.77
1781441916,R_100,342.78
1781441918,R_100,342.69
1781441920,R_100,342.54
1781441922,R_100,342.61
1781441924,R_100,342.55
1781441926,R_100,342.47
1781441928,R_100,342.57
1781441930,R_100,342.52
1781441932,R_100,342.64
1781441934,R_100,342.65
1781441936,R_100,342.62
1781441938,R_100,342.73
1781441940,R_100,342.66
1781441942,R_100,342.59
1781441944,R_100,342.52
1781441946,R_100,342.66
1781441948,R_100,342.58
1781441950,R_100,342.7
1781441952,R_100,342.94
1781441954,R_100,342.83
1781441956,R_100,342.77
1781441958,R_100,342.67
1781441960,R_100,342.6
1781441962,R_100,342.51
1781441964,R_100,342.38
1781441966,R_100,342.45
1781441968,R_100,342.38
1781441970,R_100,342.46
1781441972,R_100,342.41
1781441974,R_100,342.34
1781441976,R_100,342.41
1781441978,R_100,342.54
1781441980,R_100,342.62
1781441982,R_100,342.63
1781441984,R_100,342.58
1781441986,R_100,342.82
1781441988,R_100,342.95
1781441990,R_100,342.98
1781441992,R_100,342.96
1781441994,R_100,342.93
1781441996,R_100,342.83
1781441998,R_100,342.68
1781442000,R_100,342.62
1781442002,R_100,342.75
1781442004,R_100,342.77
1781442006,R_100,342.67
1781442008,R_100,342.52
1781442010,R_100,342.39
1781442012,R_100,342.47
1781442014,R_100,342.35
1781442016,R_100,342.34
1781442018,R_100,342.4
1781442020,R_100,342.38
1781442022,R_100,342.23
1781442024,R_100,342.16
1781442026,R_100,342.12
1781442028,R_100,342.11
1781442030,R_100,342.14
1781442032,R_100,342
1781442034,R_100,341.98
1781442036,R_100,341.93
1781442038,R_100,341.77
1781442040,R_100,341.76
1781442042,R_100,341.73
1781442044,R_100,341.75
1781442046,R_100,341.85
1781442048,R_100,341.92
1781442050,R_100,341.87
1781442052,R_100,341.69
1781442054,R_100,341.78
1781442056,R_100,341.71
1781442058,R_100,341.76
1781442060,R_100,341.75
1781442062,R_100,341.88
1781442064,R_100,341.88
1781442066,R_100,341.76
1781442068,R_100,341.79
1781442070,R_100,341.86
1781442072,R_100,341.89
1781442074,R_100,341.87
1781442076,R_100,341.84
1781442078,R_100,341.79
1781442080,R_100,341.87
1781442082,R_100,341.89
1781442084,R_100,341.9
1781442086,R_100,341.84
1781442088,R_100,341.91
1781442090,R_100,341.82
1781442092,R_100,341.76
1781442094,R_100,341.77
1781442096,R_100,341.68
1781442098,R_100,341.67
1781442100,R_100,341.72
1781442102,R_100,341.64
1781442104,R_100,341.65
1781442106,R_100,341.54
1781442108,R_100,341.56
1781442110,R_100,341.59
1781442112,R_100,341.47
1781442114,R_100,341.43
1781442116,R_100,341.4
1781442118,R_100,341.4
1781442120,R_100,341.43
1781442122,R_100,341.6
1781442124,R_100,341.62
1781442126,R_100,341.62
1781442128,R_100,341.56
1781442130,R_100,341.51
1781442132,R_100,341.45
1781442134,R_100,341.41
1781442136,R_100,341.36
1781442138,R_100,341.35
1781442140,R_100,341.23
1781442142,R_100,341.21
1781442144,R_100,341.18
1781442146,R_100,341.16
1781442148,R_100,341.12
1781442150,R_100,341.08
1781442152,R_100,341.18
1781442154,R_100,341.16
1781442156,R_100,341.21
1781442158,R_100,341.19
1781442160,R_100,341.13
1781442162,R_100,341.15
1781442164,R_100,341
1781442166,R_100,340.96
1781442168,R_100,340.96
1781442170,R_100,340.98
1781442172,R_100,341
1781442174,R_100,341.05
1781442176,R_100,341.16
1781442178,R_100,341.16
1781442180,R_100,341.11
1781442182,R_100,341.11
1781442184,R_100,341.1
1781442186,R_100,340.94
1781442188,R_100,340.81
1781442190,R_100,340.71
1781442192,R_100,340.68
1781442194,R_100,340.57
1781442196,R_100,340.54
1781442198,R_100,340.62
1781442200,R_100,340.71
1781442202,R_100,340.8
1781442204,R_100,340.84
1781442206,R_100,340.84
1781442208,R_100,340.94
1781442210,R_100,340.91
1781442212,R_100,340.94
1781442214,R_100,340.84
1781442216,R_100,340.85
1781442218,R_100,340.85
1781442220,R_100,340.91
1781442222,R_100,340.9
1781442224,R_100,340.89
1781442226,R_100,340.79
1781442228,R_100,340.88
1781442230,R_100,340.95
1781442232,R_100,340.88
1781442234,R_100,340.94
1781442236,R_100,340.82
1781442238,R_100,340.87
1781442240,R_100,340.83
1781442242,R_100,340.99
1781442244,R_100,340.79
1781442246,R_100,340.84
1781442248,R_100,340.81
1781442250,R_100,340.74
1781442252,R_100,340.81
1781442254,R_100,340.92
1781442256,R_100,340.97
1781442258,R_100,340.97
1781442260,R_100,341.01
1781442262,R_100,340.97
1781442264,R_100,340.87
1781442266,R_100,340.8
1781442268,R_100,340.64
1781442270,R_100,340.75
1781442272,R_100,340.86
1781442274,R_100,340.96
1781442276,R_100,340.95
1781442278,R_100,341.02
1781442280,R_100,341.07
1781442282,R_100,341.15
1781442284,R_100,341.13
1781442286,R_100,341.06
1781442288,R_100,341.13
1781442290,R_100,341.21
1781442292,R_100,341.06
1781442294,R_100,341.03
1781442296,R_100,341.05
1781442298,R_100,340.92
1781442300,R_100,340.86
1781442302,R_100,340.88
1781442304,R_100,340.91
1781442306,R_100,340.79
1781442308,R_100,340.93
1781442310,R_100,340.95
1781442312,R_100,341.05
1781442314,R_100,341.03
1781442316,R_100,341.12
1781442318,R_100,341.19
1781442320,R_100,341.16
1781442322,R_100,341.28
1781442324,R_100,341.07
1781442326,R_100,341.02
1781442328,R_100,340.88
1781442330,R_100,340.77
1781442332,R_100,340.8
1781442334,R_100,340.7
1781442336,R_100,340.73
1781442338,R_100,340.86
1781442340,R_100,340.72
1781442342,R_100,340.62
1781442344,R_100,340.68
1781442346,R_100,340.62
1781442348,R_100,340.56
1781442350,R_100,340.53
1781442352,R_100,340.46
1781442354,R_100,340.5
1781442356,R_100,340.52
1781442358,R_100,340.39
1781442360,R_100,340.46
1781442362,R_100,340.53
1781442364,R_100,340.56
1781442366,R_100,340.7
1781442368,R_100,340.61
1781442370,R_100,340.62
1781442372,R_100,340.49
1781442374,R_100,340.4
1781442376,R_100,340.37
1781442378,R_100,340.22
1781442380,R_100,340.22
1781442382,R_100,340.28
1781442384,R_100,340.27
1781442386,R_100,340.3
1781442388,R_100,340.2
1781442390,R_100,340.21
1781442392,R_100,340.23
1781442394,R_100,340.27
1781442396,R_100,340.39
1781442398,R_100,340.53
1781442400,R_100,340.42
1781442402,R_100,340.24
1781442404,R_100,340.33
1781442406,R_100,340.33
1781442408,R_100,340.34
1781442410,R_100,340.36
1781442412,R_100,340.15
1781442414,R_100,340.05
1781442416,R_100,340.03
1781442418,R_100,340.14
1781442420,R_100,340.04
1781442422,R_100,339.99
1781442424,R_100,340.03
1781442426,R_100,340.04
1781442428,R_100,339.97
1781442430,R_100,339.98
1781442432,R_100,339.97
1781442434,R_100,339.98
1781442436,R_100,340.03
1781442438,R_100,340.09
1781442440,R_100,340.15
1781442442,R_100,340.07
1781442444,R_100,340.03
1781442446,R_100,340.2
1781442448,R_100,340.21
1781442450,R_100,340.06
1781442452,R_100,340.09
1781442454,R_100,340.03
1781442456,R_100,340.11
1781442458,R_100,340.11
1781442460,R_100,340.06
1781442462,R_100,339.92
1781442464,R_100,339.82
1781442466,R_100,339.91
1781442468,R_100,339.87
1781442470,R_100,339.8
1781442472,R_100,339.93
1781442474,R_100,339.94
1781442476,R_100,339.83
1781442478,R_100,339.94
1781442480,R_100,340
1781442482,R_100,340.11
1781442484,R_100,339.97
1781442486,R_100,340.03
1781442488,R_100,340.13
1781442490,R_100,340.09
1781442492,R_100,340.06
1781442494,R_100,339.94
1781442496,R_100,340.05
1781442498,R_100,340.02
1781442500,R_100,340.05
1781442502,R_100,340.02
1781442504,R_100,339.99
1781442506,R_100,339.89
1781442508,R_100,339.91
1781442510,R_100,339.87
1781442512,R_100,339.79
1781442514,R_100,339.61
1781442516,R_100,339.65
1781442518,R_100,339.62
1781442520,R_100,339.6
1781442522,R_100,339.74
1781442524,R_100,339.75
1781442526,R_100,339.6
1781442528,R_100,339.47
1781442530,R_100,339.55
1781442532,R_100,339.67
1781442534,R_100,339.65
1781442536,R_100,339.71
1781442538,R_100,339.7
1781442540,R_100,339.76
1781442542,R_100,339.67
1781442544,R_100,339.66
1781442546,R_100,339.57
1781442548,R_100,339.64
1781442550,R_100,339.79
1781442552,R_100,339.78
1781442554,R_100,339.83
1781442556,R_100,339.95
1781442558,R_100,339.9
1781442560,R_100,339.77
1781442562,R_100,339.87
1781442564,R_100,340.03
1781442566,R_100,339.96
1781442568,R_100,339.94
1781442570,R_100,339.97
1781442572,R_100,339.89
1781442574,R_100,339.77
1781442576,R_100,339.86
1781442578,R_100,339.94
1781442580,R_100,339.9
1781442582,R_100,340
1781442584,R_100,340.04
1781442586,R_100,339.97
1781442588,R_100,339.79
1781442590,R_100,339.87
1781442592,R_100,340.03
1781442594,R_100,340.03
1781442596,R_100,339.96
1781442598,R_100,339.97
1781442600,R_100,339.97
1781442602,R_100,340.05
1781442604,R_100,340.1
1781442606,R_100,340.12
1781442608,R_100,340.11
1781442610,R_100,340.08
1781442612,R_100,340.19
1781442614,R_100,340.12
1781442616,R_100,340.04
1781442618,R_100,340.2
1781442620,R_100,340.21
1781442622,R_100,340.13
1781442624,R_100,340.02
1781442626,R_100,340.07
1781442628,R_100,340.11
1781442630,R_100,340.03
1781442632,R_100,339.96
1781442634,R_100,340.06
1781442636,R_100,340.18
1781442638,R_100,340.17
1781442640,R_100,340.19
1781442642,R_100,340.2
1781442644,R_100,340.36
1781442646,R_100,340.31
1781442648,R_100,340.33
1781442650,R_100,340.24
1781442652,R_100,340.2
1781442654,R_100,340.28
1781442656,R_100,340.28
1781442658,R_100,340.37
1781442660,R_100,340.38
1781442662,R_100,340.21
1781442664,R_100,339.92
1781442666,R_100,339.88
1781442668,R_100,339.94
1781442670,R_100,339.85
1781442672,R_100,339.95
1781442674,R_100,339.82
1781442676,R_100,339.93
1781442678,R_100,339.96
1781442680,R_100,340.1
1781442682,R_100,340.23
1781442684,R_100,340.15
1781442686,R_100,340.2
1781442688,R_100,340.23
1781442690,R_100,340.23
1781442692,R_100,340.2
1781442694,R_100,340.07
1781442696,R_100,340.09
1781442698,R_100,340.02
1781442700,R_100,340.02
1781442702,R_100,340.01
1781442704,R_100,340
1781442706,R_100,340.11
1781442708,R_100,340
1781442710,R_100,339.99
1781442712,R_100,340.06
1781442714,R_100,340
1781442716,R_100,340.07
1781442718,R_100,340.15
1781442720,R_100,340.23
1781442722,R_100,340.2
1781442724,R_100,340.29
1781442726,R_100,340.27
1781442728,R_100,340.26
1781442730,R_100,340.13
1781442732,R_100,340.04
1781442734,R_100,339.9
1781442736,R_100,339.86
1781442738,R_100,339.74
1781442740,R_100,339.72
1781442742,R_100,339.73
1781442744,R_100,339.64
1781442746,R_100,339.67
1781442748,R_100,339.79
1781442750,R_100,339.75
1781442752,R_100,339.74
1781442754,R_100,339.69
1781442756,R_100,339.83
1781442758,R_100,339.89
1781442760,R_100,339.92
1781442762,R_100,340.07
1781442764,R_100,340.14
1781442766,R_100,340.2
1781442768,R_100,340.07
1781442770,R_100,340.04
1781442772,R_100,340.01
1781442774,R_100,340.1
1781442776,R_100,340.07
1781442778,R_100,340.03
1781442780,R_100,340.07
1781442782,R_100,340.06
1781442784,R_100,340.14
1781442786,R_100,340.32
1781442788,R_100,340.13
1781442790,R_100,340.2
1781442792,R_100,340.3
1781442794,R_100,340.47
1781442796,R_100,340.49
1781442798,R_100,340.39
1781442800,R_100,340.34
1781442802,R_100,340.4
1781442804,R_100,340.19
1781442806,R_100,340.19
1781442808,R_100,340.22
1781442810,R_100,340.3
1781442812,R_100,340.26
1781442814,R_100,340.14
1781442816,R_100,340.12
1781442818,R_100,340.08
1781442820,R_100,339.92
1781442822,R_100,339.83
1781442824,R_100,339.8
1781442826,R_100,339.71
1781442828,R_100,339.75
1781442830,R_100,339.65
1781442832,R_100,339.77
1781442834,R_100,339.72
1781442836,R_100,339.6
1781442838,R_100,339.64
1781442840,R_100,339.72
1781442842,R_100,339.72
1781442844,R_100,339.7
1781442846,R_100,339.58
1781442848,R_100,339.5
1781442850,R_100,339.36
1781442852,R_100,339.42
1781442854,R_100,339.43
1781442856,R_100,339.5
1781442858,R_100,339.51
1781442860,R_100,339.6
1781442862,R_100,339.65
1781442864,R_100,339.68
1781442866,R_100,339.66
1781442868,R_100,339.69
1781442870,R_100,339.69
1781442872,R_100,339.82
1781442874,R_100,339.84
1781442876,R_100,339.89
1781442878,R_100,339.95
1781442880,R_100,339.87
1781442882,R_100,339.86
1781442884,R_100,339.78
1781442886,R_100,339.7
1781442888,R_100,339.69
1781442890,R_100,339.8
1781442892,R_100,339.68
1781442894,R_100,339.8
1781442896,R_100,339.86
1781442898,R_100,339.72
1781442900,R_100,339.63
1781442902,R_100,339.54
1781442904,R_100,339.54
1781442906,R_100,339.68
1781442908,R_100,339.7
1781442910,R_100,339.8
1781442912,R_100,339.88
1781442914,R_100,339.95
1781442916,R_100,339.98
1781442918,R_100,339.89
1781442920,R_100,339.91
1781442922,R_100,339.87
1781442924,R_100,339.86
1781442926,R_100,339.75
1781442928,R_100,339.77
1781442930,R_100,339.9
1781442932,R_100,339.93
1781442934,R_100,340.03
1781442936,R_100,340.07
1781442938,R_100,340.12
1781442940,R_100,340.3
1781442942,R_100,340.38
1781442944,R_100,340.37
1781442946,R_100,340.33
1781442948,R_100,340.24
1781442950,R_100,340.31
1781442952,R_100,340.35
1781442954,R_100,340.3
1781442956,R_100,340.11
1781442958,R_100,340.15
1781442960,R_100,340.21
1781442962,R_100,340.19
1781442964,R_100,340.17
1781442966,R_100,340.11
1781442968,R_100,340
1781442970,R_100,339.9
1781442972,R_100,339.93
1781442974,R_100,339.79
1781442976,R_100,339.83
1781442978,R_100,339.91
1781442980,R_100,339.94
1781442982,R_100,339.96
1781442984,R_100,339.87
1781442986,R_100,339.76
1781442988,R_100,339.74
1781442990,R_100,339.63
1781442992,R_100,339.55
1781442994,R_100,339.53
1781442996,R_100,339.53
1781442998,R_100,339.56
1781443000,R_100,339.53
1781443002,R_100,339.44
1781443004,R_100,339.44
1781443006,R_100,339.38
1781443008,R_100,339.31
1781443010,R_100,339.31
1781443012,R_100,339.23
1781443014,R_100,339.1
1781443016,R_100,339.22
1781443018,R_100,339.33
1781443020,R_100,339.32
1781443022,R_100,339.29
1781443024,R_100,339.42
1781443026,R_100,339.31
1781443028,R_100,339.29
1781443030,R_100,339.35
1781443032,R_100,339.18
1781443034,R_100,339.2
1781443036,R_100,339.16
1781443038,R_100,339.18
1781443040,R_100,339.2
1781443042,R_100,339.25
1781443044,R_100,339.24
1781443046,R_100,339.19
1781443048,R_100,339.09
1781443050,R_100,339.16
1781443052,R_100,339.15
1781443054,R_100,339.15
1781443056,R_100,339.09
1781443058,R_100,339.02
1781443060,R_100,339.03
1781443062,R_100,339.09
1781443064,R_100,339.14
1781443066,R_100,339.11
1781443068,R_100,339.14
1781443070,R_100,338.98
1781443072,R_100,338.99
1781443074,R_100,339.17
1781443076,R_100,339.36
1781443078,R_100,339.47
1781443080,R_100,339.49
1781443082,R_100,339.65
1781443084,R_100,339.66
1781443086,R_100,339.7
1781443088,R_100,339.52
1781443090,R_100,339.67
1781443092,R_100,339.55
1781443094,R_100,339.64
1781443096,R_100,339.65
1781443098,R_100,339.61
1781443100,R_100,339.66
1781443102,R_100,339.68
1781443104,R_100,339.73
1781443106,R_100,339.75
1781443108,R_100,339.75
1781443110,R_100,339.74
1781443112,R_100,339.63
1781443114,R_100,339.56
1781443116,R_100,339.56
1781443118,R_100,339.48
1781443120,R_100,339.29
1781443122,R_100,339.22
1781443124,R_100,339.27
1781443126,R_100,339.32
1781443128,R_100,339.28
1781443130,R_100,339.08
1781443132,R_100,339.09
1781443134,R_100,339.09
1781443136,R_100,339
1781443138,R_100,338.94
1781443140,R_100,338.86
1781443142,R_100,338.76
1781443144,R_100,338.85
1781443146,R_100,338.84
1781443148,R_100,338.81
1781443150,R_100,338.82
1781443152,R_100,338.89
1781443154,R_100,338.88
1781443156,R_100,338.87
1781443158,R_100,338.89
1781443160,R_100,338.87
1781443162,R_100,339
1781443164,R_100,338.88
1781443166,R_100,338.82
1781443168,R_100,338.76
1781443170,R_100,338.69
1781443172,R_100,338.6
1781443174,R_100,338.61
1781443176,R_100,338.5
1781443178,R_100,338.57
1781443180,R_100,338.65
1781443182,R_100,338.56
1781443184,R_100,338.52
1781443186,R_100,338.34
1781443188,R_100,338.34
1781443190,R_100,338.42
1781443192,R_100,338.36
1781443194,R_100,338.17
1781443196,R_100,338.22
1781443198,R_100,338.19
1781443200,R_100,338.2
1781443202,R_100,338.26
1781443204,R_100,338.09
1781443206,R_100,338.07
1781443208,R_100,338.12
1781443210,R_100,337.9
1781443212,R_100,338.05
1781443214,R_100,337.97
1781443216,R_100,337.93
1781443218,R_100,338
1781443220,R_100,337.96
1781443222,R_100,337.84
1781443224,R_100,337.81
1781443226,R_100,337.82
1781443228,R_100,337.84
1781443230,R_100,337.83
1781443232,R_100,337.75
1781443234,R_100,337.79
1781443236,R_100,337.7
1781443238,R_100,337.69
1781443240,R_100,337.76
1781443242,R_100,337.71
1781443244,R_100,337.64
1781443246,R_100,337.65
1781443248,R_100,337.68
1781443250,R_100,337.65
1781443252,R_100,337.62
1781443254,R_100,337.67
1781443256,R_100,337.6
1781443258,R_100,337.75
1781443260,R_100,337.63
1781443262,R_100,337.72
1781443264,R_100,337.76
1781443266,R_100,337.6
1781443268,R_100,337.62
1781443270,R_100,337.42
1781443272,R_100,337.45
1781443274,R_100,337.47
1781443276,R_100,337.5
1781443278,R_100,337.56
1781443280,R_100,337.68
1781443282,R_100,337.51
1781443284,R_100,337.56
1781443286,R_100,337.53
1781443288,R_100,337.59
1781443290,R_100,337.67
1781443292,R_100,337.7
1781443294,R_100,337.72
1781443296,R_100,337.85
1781443298,R_100,337.77
1781443300,R_100,338.03
1781443302,R_100,338.1
1781443304,R_100,338.14
1781443306,R_100,338.15
1781443308,R_100,338.06
1781443310,R_100,338.04
1781443312,R_100,337.8
1781443314,R_100,337.93
1781443316,R_100,337.86
1781443318,R_100,337.78
1781443320,R_100,337.79
1781443322,R_100,337.79
1781443324,R_100,337.75
1781443326,R_100,337.73
1781443328,R_100,337.64
1781443330,R_100,337.82
1781443332,R_100,337.81
1781443334,R_100,337.91
1781443336,R_100,338.08
1781443338,R_100,337.97
1781443340,R_100,337.93
1781443342,R_100,338.05
1781443344,R_100,338.07
1781443346,R_100,338.13
1781443348,R_100,338.17
1781443350,R_100,338.05
1781443352,R_100,338.09
1781443354,R_100,338.08
1781443356,R_100,338.07
1781443358,R_100,338.07
1781443360,R_100,337.96
1781443362,R_100,338.1
1781443364,R_100,338.07
1781443366,R_100,338.11
1781443368,R_100,338.05
1781443370,R_100,337.96
1781443372,R_100,337.81
1781443374,R_100,337.77
1781443376,R_100,337.58
1781443378,R_100,337.68
1781443380,R_100,337.77
1781443382,R_100,337.79
1781443384,R_100,337.77
1781443386,R_100,337.76
1781443388,R_100,337.8
1781443390,R_100,337.8
1781443392,R_100,337.97
1781443394,R_100,337.95
1781443396,R_100,337.94
1781443398,R_100,338.05
1781443400,R_100,338.11
1781443402,R_100,338.14
1781443404,R_100,338.12
1781443406,R_100,338.17
1781443408,R_100,338.2
1781443410,R_100,338.25
1781443412,R_100,338.24
1781443414,R_100,338.22
1781443416,R_100,338.29
1781443418,R_100,338.27
1781443420,R_100,338.37
1781443422,R_100,338.43
1781443424,R_100,338.41
1781443426,R_100,338.38
1781443428,R_100,338.44
1781443430,R_100,338.43
1781443432,R_100,338.54
1781443434,R_100,338.58
1781443436,R_100,338.71
1781443438,R_100,338.74
1781443440,R_100,338.61
1781443442,R_100,338.62
1781443444,R_100,338.53
1781443446,R_100,338.43
1781443448,R_100,338.3
1781443450,R_100,338.41
1781443452,R_100,338.38
1781443454,R_100,338.31
1781443456,R_100,338.33
1781443458,R_100,338.18
1781443460,R_100,338.11
1781443462,R_100,338.02
1781443464,R_100,338.09
1781443466,R_100,338.2
1781443468,R_100,338.16
1781443470,R_100,338.09
1781443472,R_100,338.2
1781443474,R_100,338.34
1781443476,R_100,338.25
1781443478,R_100,338.31
1781443480,R_100,338.25
1781443482,R_100,338.23
1781443484,R_100,338.21
1781443486,R_100,338.39
1781443488,R_100,338.43
1781443490,R_100,338.47
1781443492,R_100,338.39
1781443494,R_100,338.37
1781443496,R_100,338.37
1781443498,R_100,338.53
1781443500,R_100,338.51
1781443502,R_100,338.53
1781443504,R_100,338.43
1781443506,R_100,338.63
1781443508,R_100,338.62
1781443510,R_100,338.53
1781443512,R_100,338.52
1781443514,R_100,338.64
1781443516,R_100,338.51
1781443518,R_100,338.39
1781443520,R_100,338.54
1781443522,R_100,338.59
1781443524,R_100,338.69
1781443526,R_100,338.69
1781443528,R_100,338.85
1781443530,R_100,338.79
1781443532,R_100,338.8
1781443534,R_100,338.86
1781443536,R_100,338.87
1781443538,R_100,338.91
1781443540,R_100,339.04
1781443542,R_100,339.01
1781443544,R_100,338.98
1781443546,R_100,338.86
1781443548,R_100,338.89
1781443550,R_100,338.88
1781443552,R_100,339.07
1781443554,R_100,339.19
1781443556,R_100,339.25
1781443558,R_100,339.14
1781443560,R_100,339.11
1781443562,R_100,339.12
1781443564,R_100,339.06
1781443566,R_100,338.94
1781443568,R_100,338.96
1781443570,R_100,339
1781443572,R_100,338.97
1781443574,R_100,339.09
1781443576,R_100,339.07
1781443578,R_100,339.08
1781443580,R_100,339.15
1781443582,R_100,339.3
1781443584,R_100,339.4
1781443586,R_100,339.47
1781443588,R_100,339.54
1781443590,R_100,339.48
1781443592,R_100,339.54
1781443594,R_100,339.47
1781443596,R_100,339.59
1781443598,R_100,339.43
1781443600,R_100,339.48
1781443602,R_100,339.55
1781443604,R_100,339.65
1781443606,R_100,339.51
1781443608,R_100,339.44
1781443610,R_100,339.42
1781443612,R_100,339.39
1781443614,R_100,339.43
1781443616,R_100,339.48
1781443618,R_100,339.37
1781443620,R_100,339.53
1781443622,R_100,339.49
1781443624,R_100,339.51
1781443626,R_100,339.53
1781443628,R_100,339.61
1781443630,R_100,339.65
1781443632,R_100,339.52
1781443634,R_100,339.58
1781443636,R_100,339.62
1781443638,R_100,339.55
1781443640,R_100,339.36
1781443642,R_100,339.31
1781443644,R_100,339.32
1781443646,R_100,339.27
1781443648,R_100,339.5
1781443650,R_100,339.24
1781443652,R_100,339.37
1781443654,R_100,339.26
1781443656,R_100,339.27
1781443658,R_100,339.29
1781443660,R_100,339.23
1781443662,R_100,339.26
1781443664,R_100,339.4
1781443666,R_100,339.47
1781443668,R_100,339.39
1781443670,R_100,339.17
1781443672,R_100,339.29
1781443674,R_100,339.25
1781443676,R_100,339.43
1781443678,R_100,339.36
1781443680,R_100,339.28
1781443682,R_100,339.32
1781443684,R_100,339.42
1781443686,R_100,339.4
1781443688,R_100,339.43
1781443690,R_100,339.28
1781443692,R_100,339.22
1781443694,R_100,339.2
1781443696,R_100,339.26
1781443698,R_100,339.36
1781443700,R_100,339.35
1781443702,R_100,339.45
1781443704,R_100,339.57
1781443706,R_100,339.62
1781443708,R_100,339.72
1781443710,R_100,339.77
1781443712,R_100,339.89
1781443714,R_100,339.89
1781443716,R_100,339.73
1781443718,R_100,339.73
1781443720,R_100,339.63
1781443722,R_100,339.83
1781443724,R_100,339.91
1781443726,R_100,340
1781443728,R_100,340
1781443730,R_100,340.04
1781443732,R_100,339.92
1781443734,R_100,339.74
1781443736,R_100,339.77
1781443738,R_100,339.81
1781443740,R_100,339.9
1781443742,R_100,339.81
1781443744,R_100,339.86
1781443746,R_100,339.84
1781443748,R_100,339.74
1781443750,R_100,339.67
1781443752,R_100,339.8
1781443754,R_100,339.91
1781443756,R_100,339.78
1781443758,R_100,339.73
1781443760,R_100,339.8
1781443762,R_100,339.7
1781443764,R_100,339.72
1781443766,R_100,339.73
1781443768,R_100,339.77
1781443770,R_100,339.83
1781443772,R_100,339.76
1781443774,R_100,339.71
1781443776,R_100,339.65
1781443778,R_100,339.72
1781443780,R_100,339.77
1781443782,R_100,339.87
1781443784,R_100,339.92
1781443786,R_100,339.92
1781443788,R_100,340.04
1781443790,R_100,340.01
1781443792,R_100,340.03
1781443794,R_100,339.93
1781443796,R_100,340.01
1781443798,R_100,340.09
1781443800,R_100,340.07
1781443802,R_100,339.98
1781443804,R_100,340.09
1781443806,R_100,340.06
1781443808,R_100,340.18
1781443810,R_100,340.07
1781443812,R_100,340.25
1781443814,R_100,340.14
1781443816,R_100,340.18
1781443818,R_100,340.04
1781443820,R_100,340.07
1781443822,R_100,340
1781443824,R_100,340.14
1781443826,R_100,340.21
1781443828,R_100,340.09
1781443830,R_100,340.19
1781443832,R_100,340.16
1781443834,R_100,340.21
1781443836,R_100,340.2
1781443838,R_100,340.33
1781443840,R_100,340.27
1781443842,R_100,340.25
1781443844,R_100,340.36
1781443846,R_100,340.36
1781443848,R_100,340.28
1781443850,R_100,340.31
1781443852,R_100,340.25
1781443854,R_100,340.35
1781443856,R_100,340.34
1781443858,R_100,340.45
1781443860,R_100,340.29
1781443862,R_100,340.26
1781443864,R_100,340.28
1781443866,R_100,340.22
1781443868,R_100,340.29
1781443870,R_100,340.44
1781443872,R_100,340.3
1781443874,R_100,340.43
1781443876,R_100,340.4
1781443878,R_100,340.45
1781443880,R_100,340.33
1781443882,R_100,340.32
1781443884,R_100,340.54
1781443886,R_100,340.56
1781443888,R_100,340.55
1781443890,R_100,340.58
1781443892,R_100,340.47
1781443894,R_100,340.45
1781443896,R_100,340.59
1781443898,R_100,340.51
1781443900,R_100,340.4
1781443902,R_100,340.27
1781443904,R_100,340.27
1781443906,R_100,340.32
1781443908,R_100,340.27
1781443910,R_100,340.34
1781443912,R_100,340.48
1781443914,R_100,340.39
1781443916,R_100,340.43
1781443918,R_100,340.25
1781443920,R_100,340.17
1781443922,R_100,340.25
1781443924,R_100,340.22
1781443926,R_100,340.25
1781443928,R_100,340.25
1781443930,R_100,340.28
1781443932,R_100,340.1
1781443934,R_100,340.02
1781443936,R_100,340.01
1781443938,R_100,340.01
1781443940,R_100,340.05
1781443942,R_100,340.01
1781443944,R_100,339.94
1781443946,R_100,339.9
1781443948,R_100,340.01
1781443950,R_100,340.07
1781443952,R_100,340.09
1781443954,R_100,339.93
1781443956,R_100,339.93
1781443958,R_100,339.88
1781443960,R_100,339.96
1781443962,R_100,340.11
1781443964,R_100,340.16
1781443966,R_100,340.26
1781443968,R_100,340.26
1781443970,R_100,340.36
1781443972,R_100,340.37
1781443974,R_100,340.34
1781443976,R_100,340.38
1781443978,R_100,340.43
1781443980,R_100,340.56
1781443982,R_100,340.66
1781443984,R_100,340.66
1781443986,R_100,340.64
1781443988,R_100,340.7
1781443990,R_100,340.73
1781443992,R_100,340.86
1781443994,R_100,341
1781443996,R_100,340.96
1781443998,R_100,341.05
1781444000,R_100,340.96
1781444002,R_100,340.97
1781444004,R_100,341.07
1781444006,R_100,340.95
1781444008,R_100,340.88
1781444010,R_100,340.93
1781444012,R_100,340.6
1781444014,R_100,340.64
1781444016,R_100,340.65
1781444018,R_100,340.68
1781444020,R_100,340.65
1781444022,R_100,340.71
1781444024,R_100,340.65
1781444026,R_100,340.67
1781444028,R_100,340.67
1781444030,R_100,340.74
1781444032,R_100,340.85
1781444034,R_100,340.98
1781444036,R_100,340.97
1781444038,R_100,340.96
1781444040,R_100,341.02
1781444042,R_100,340.96
1781444044,R_100,340.86
1781444046,R_100,341.06
1781444048,R_100,340.96
1781444050,R_100,340.96
1781444052,R_100,341.06
1781444054,R_100,341.21
1781444056,R_100,341.37
1781444058,R_100,341.49
1781444060,R_100,341.75
1781444062,R_100,341.72
1781444064,R_100,341.69
1781444066,R_100,341.83
1781444068,R_100,341.66
1781444070,R_100,341.63
1781444072,R_100,341.67
1781444074,R_100,341.69
1781444076,R_100,341.79
1781444078,R_100,341.74
1781444080,R_100,341.78
1781444082,R_100,341.69
1781444084,R_100,341.8
1781444086,R_100,341.78
1781444088,R_100,341.87
1781444090,R_100,341.72
1781444092,R_100,341.73
1781444094,R_100,341.8
1781444096,R_100,341.71
1781444098,R_100,341.67
1781444100,R_100,341.68
1781444102,R_100,341.64
1781444104,R_100,341.65
1781444106,R_100,341.74
1781444108,R_100,341.96
1781444110,R_100,341.88
1781444112,R_100,341.87
1781444114,R_100,341.98
1781444116,R_100,342.08
1781444118,R_100,342.1
1781444120,R_100,342.06
1781444122,R_100,342.02
1781444124,R_100,342.1
1781444126,R_100,342.17
1781444128,R_100,342.1
1781444130,R_100,341.93
1781444132,R_100,341.89
1781444134,R_100,341.95
1781444136,R_100,342.03
1781444138,R_100,341.99
1781444140,R_100,341.83
1781444142,R_100,341.8
1781444144,R_100,341.76
1781444146,R_100,341.59
1781444148,R_100,341.66
1781444150,R_100,341.77
1781444152,R_100,341.73
1781444154,R_100,341.73
1781444156,R_100,341.68
1781444158,R_100,341.57
1781444160,R_100,341.61
1781444162,R_100,341.62
1781444164,R_100,341.72
1781444166,R_100,341.69
1781444168,R_100,341.72
1781444170,R_100,341.93
1781444172,R_100,341.86
1781444174,R_100,341.9
1781444176,R_100,341.87
1781444178,R_100,341.9
1781444180,R_100,341.98
1781444182,R_100,342.08
1781444184,R_100,342.29
1781444186,R_100,342.22
1781444188,R_100,342.15
1781444190,R_100,342.15
1781444192,R_100,342.32
1781444194,R_100,342.28
1781444196,R_100,342.45
1781444198,R_100,342.53
1781444200,R_100,342.61
1781444202,R_100,342.6
1781444204,R_100,342.79
1781444206,R_100,342.66
1781444208,R_100,342.63
1781444210,R_100,342.79
1781444212,R_100,342.8
1781444214,R_100,342.68
1781444216,R_100,342.57
1781444218,R_100,342.67
1781444220,R_100,342.61
1781444222,R_100,342.56
1781444224,R_100,342.7
1781444226,R_100,342.69
1781444228,R_100,342.72
1781444230,R_100,342.73
1781444232,R_100,342.8
1781444234,R_100,342.84
1781444236,R_100,342.9
1781444238,R_100,342.84
1781444240,R_100,342.8
1781444242,R_100,342.8
1781444244,R_100,342.82
1781444246,R_100,342.88
1781444248,R_100,342.74
1781444250,R_100,342.67
1781444252,R_100,342.65
1781444254,R_100,342.71
1781444256,R_100,342.83
1781444258,R_100,342.73
1781444260,R_100,342.7
1781444262,R_100,342.92
1781444264,R_100,342.9
1781444266,R_100,342.9
1781444268,R_100,342.98
1781444270,R_100,342.97
1781444272,R_100,342.89
1781444274,R_100,342.82
1781444276,R_100,342.71
1781444278,R_100,342.77
1781444280,R_100,342.78
1781444282,R_100,342.83
1781444284,R_100,342.84
1781444286,R_100,342.9
1781444288,R_100,342.98
1781444290,R_100,342.97
1781444292,R_100,342.98
1781444294,R_100,343.01
1781444296,R_100,342.85
1781444298,R_100,342.89
1781444300,R_100,342.83
1781444302,R_100,342.85
1781444304,R_100,342.9
1781444306,R_100,343.05
1781444308,R_100,342.97
1781444310,R_100,342.86
1781444312,R_100,342.91
1781444314,R_100,342.86
1781444316,R_100,343.07
1781444318,R_100,343.05
1781444320,R_100,343.08
1781444322,R_100,343.14
1781444324,R_100,343.21
1781444326,R_100,343.34
1781444328,R_100,343.36
1781444330,R_100,343.31
1781444332,R_100,343.53
1781444334,R_100,343.42
1781444336,R_100,343.44
1781444338,R_100,343.47
1781444340,R_100,343.37
1781444342,R_100,343.39
1781444344,R_100,343.24
1781444346,R_100,343.22
1781444348,R_100,343.1
1781444350,R_100,343.16
1781444352,R_100,343.2
1781444354,R_100,343.11
1781444356,R_100,343.02
1781444358,R_100,342.96
1781444360,R_100,342.97
1781444362,R_100,343
1781444364,R_100,342.98
1781444366,R_100,342.95
1781444368,R_100,342.85
1781444370,R_100,342.73
1781444372,R_100,342.75
1781444374,R_100,342.85
1781444376,R_100,342.79
1781444378,R_100,342.68
1781444380,R_100,342.77
1781444382,R_100,342.83
1781444384,R_100,342.77
1781444386,R_100,342.69
1781444388,R_100,342.71
1781444390,R_100,342.64
1781444392,R_100,342.7
1781444394,R_100,342.78
1781444396,R_100,342.66
1781444398,R_100,342.6
1781444400,R_100,342.61
1781444402,R_100,342.49
1781444404,R_100,342.49
1781444406,R_100,342.37
1781444408,R_100,342.27
1781444410,R_100,342.28
1781444412,R_100,342.29
1781444414,R_100,342.47
1781444416,R_100,342.53
1781444418,R_100,342.51
1781444420,R_100,342.63
1781444422,R_100,342.41
1781444424,R_100,342.48
1781444426,R_100,342.68
1781444428,R_100,342.63
1781444430,R_100,342.53
1781444432,R_100,342.52
1781444434,R_100,342.46
1781444436,R_100,342.43
1781444438,R_100,342.4
1781444440,R_100,342.49
1781444442,R_100,342.61
1781444444,R_100,342.56
1781444446,R_100,342.48
1781444448,R_100,342.5
1781444450,R_100,342.38
1781444452,R_100,342.28
1781444454,R_100,342.35
1781444456,R_100,342.5
1781444458,R_100,342.5
1781444460,R_100,342.39
1781444462,R_100,342.4
1781444464,R_100,342.48
1781444466,R_100,342.32
1781444468,R_100,342.14
1781444470,R_100,342.05
1781444472,R_100,342.15
1781444474,R_100,341.94
1781444476,R_100,341.83
1781444478,R_100,341.71
1781444480,R_100,341.8
1781444482,R_100,341.86
1781444484,R_100,342.01
1781444486,R_100,342.07
1781444488,R_100,341.98
1781444490,R_100,342.1
1781444492,R_100,342.15
1781444494,R_100,342.04
1781444496,R_100,342.01
1781444498,R_100,342.13
1781444500,R_100,342.13
1781444502,R_100,342.07
1781444504,R_100,341.96
1781444506,R_100,341.94
1781444508,R_100,341.91
1781444510,R_100,341.99
1781444512,R_100,341.92
1781444514,R_100,341.77
1781444516,R_100,341.78
1781444518,R_100,341.89
1781444520,R_100,341.85
1781444522,R_100,341.79
1781444524,R_100,341.83
1781444526,R_100,341.9
1781444528,R_100,341.89
1781444530,R_100,341.86
1781444532,R_100,341.99
1781444534,R_100,342.01
1781444536,R_100,341.96
1781444538,R_100,341.93
1781444540,R_100,341.97
1781444542,R_100,341.98
1781444544,R_100,342.09
1781444546,R_100,342.22
1781444548,R_100,342.17
1781444550,R_100,342.18
1781444552,R_100,342.14
1781444554,R_100,342.09
1781444556,R_100,342.07
1781444558,R_100,342.06
1781444560,R_100,341.99
1781444562,R_100,341.91
1781444564,R_100,341.92
1781444566,R_100,341.99
1781444568,R_100,341.87
1781444570,R_100,341.95
1781444572,R_100,342.01
1781444574,R_100,342.1
1781444576,R_100,342.06
1781444578,R_100,342.14
1781444580,R_100,342.25
1781444582,R_100,342.23
1781444584,R_100,342.3
1781444586,R_100,342.23
1781444588,R_100,342.32
1781444590,R_100,342.29
1781444592,R_100,342.28
1781444594,R_100,342.24
1781444596,R_100,342.2
1781444598,R_100,342.2
1781444600,R_100,342.24
1781444602,R_100,342.3
1781444604,R_100,342.28
1781444606,R_100,342.38
1781444608,R_100,342.23
1781444610,R_100,342.07
1781444612,R_100,342.08
1781444614,R_100,341.94
1781444616,R_100,341.84
1781444618,R_100,341.94
1781444620,R_100,341.9
1781444622,R_100,341.82
1781444624,R_100,341.83
1781444626,R_100,341.75
1781444628,R_100,341.73
1781444630,R_100,341.65
1781444632,R_100,341.62
1781444634,R_100,341.66
1781444636,R_100,341.66
1781444638,R_100,341.51
1781444640,R_100,341.46
1781444642,R_100,341.5
1781444644,R_100,341.62
1781444646,R_100,341.52
1781444648,R_100,341.51
1781444650,R_100,341.47
1781444652,R_100,341.43
1781444654,R_100,341.32
1781444656,R_100,341.34
1781444658,R_100,341.31
1781444660,R_100,341.27
1781444662,R_100,341.35
1781444664,R_100,341.24
1781444666,R_100,341.18
1781444668,R_100,341.26
1781444670,R_100,341.3
1781444672,R_100,341.26
1781444674,R_100,341.28
1781444676,R_100,341.36
1781444678,R_100,341.32
1781444680,R_100,341.28
1781444682,R_100,341.37
1781444684,R_100,341.31
1781444686,R_100,341.37
1781444688,R_100,341.41
1781444690,R_100,341.52
1781444692,R_100,341.38
1781444694,R_100,341.34
1781444696,R_100,341.22
1781444698,R_100,341.15
1781444700,R_100,341.13
1781444702,R_100,341.2
1781444704,R_100,341.37
1781444706,R_100,341.49
1781444708,R_100,341.37
1781444710,R_100,341.44
1781444712,R_100,341.4
1781444714,R_100,341.48
1781444716,R_100,341.42
1781444718,R_100,341.43
1781444720,R_100,341.4
1781444722,R_100,341.42
1781444724,R_100,341.49
1781444726,R_100,341.53
1781444728,R_100,341.55
1781444730,R_100,341.6
1781444732,R_100,341.6
1781444734,R_100,341.6
1781444736,R_100,341.53
1781444738,R_100,341.56
1781444740,R_100,341.54
1781444742,R_100,341.46
1781444744,R_100,341.48
1781444746,R_100,341.62
1781444748,R_100,341.58
1781444750,R_100,341.53
1781444752,R_100,341.52
1781444754,R_100,341.52
1781444756,R_100,341.53
1781444758,R_100,341.59
1781444760,R_100,341.52
1781444762,R_100,341.5
1781444764,R_100,341.5
1781444766,R_100,341.46
1781444768,R_100,341.52
1781444770,R_100,341.39
1781444772,R_100,341.49
1781444774,R_100,341.55
1781444776,R_100,341.54
1781444778,R_100,341.57
1781444780,R_100,341.66
1781444782,R_100,341.5
1781444784,R_100,341.44
1781444786,R_100,341.58
1781444788,R_100,341.52
1781444790,R_100,341.42
1781444792,R_100,341.31
1781444794,R_100,341.23
1781444796,R_100,341.28
1781444798,R_100,341.21
1781444800,R_100,341.24
1781444802,R_100,341.2
1781444804,R_100,341.38
1781444806,R_100,341.53
1781444808,R_100,341.46
1781444810,R_100,341.54
1781444812,R_100,341.59
1781444814,R_100,341.55
1781444816,R_100,341.7
1781444818,R_100,341.77
1781444820,R_100,342.02
1781444822,R_100,341.93
1781444824,R_100,341.72
1781444826,R_100,341.75
1781444828,R_100,341.74
1781444830,R_100,341.57
1781444832,R_100,341.57
1781444834,R_100,341.53
1781444836,R_100,341.46
1781444838,R_100,341.51
1781444840,R_100,341.49
1781444842,R_100,341.43
1781444844,R_100,341.43
1781444846,R_100,341.52
1781444848,R_100,341.39
1781444850,R_100,341.48
1781444852,R_100,341.53
1781444854,R_100,341.39
1781444856,R_100,341.33
1781444858,R_100,341.23
1781444860,R_100,341.16
1781444862,R_100,341.11
1781444864,R_100,340.96
1781444866,R_100,340.91
1781444868,R_100,340.92
1781444870,R_100,340.86
1781444872,R_100,340.92
1781444874,R_100,340.98
1781444876,R_100,340.88
1781444878,R_100,340.94
1781444880,R_100,340.86
1781444882,R_100,340.86
1781444884,R_100,340.81
1781444886,R_100,340.8
1781444888,R_100,340.8
1781444890,R_100,340.8
1781444892,R_100,340.93
1781444894,R_100,341.01
1781444896,R_100,341.03
1781444898,R_100,341.03
1781444900,R_100,341.11
1781444902,R_100,341.08
1781444904,R_100,341.08
1781444906,R_100,341.13
1781444908,R_100,341.12
1781444910,R_100,341.12
1781444912,R_100,341.09
1781444914,R_100,341.05
1781444916,R_100,341.02
1781444918,R_100,341.14
1781444920,R_100,341.14
1781444922,R_100,341.15
1781444924,R_100,340.99
1781444926,R_100,340.99
1781444928,R_100,340.93
1781444930,R_100,340.87
1781444932,R_100,340.86
1781444934,R_100,340.89
1781444936,R_100,340.95
1781444938,R_100,340.99
1781444940,R_100,341.04
1781444942,R_100,341.14
1781444944,R_100,341.03
1781444946,R_100,340.87
1781444948,R_100,340.82
1781444950,R_100,340.98
1781444952,R_100,340.95
1781444954,R_100,340.96
1781444956,R_100,341.09
1781444958,R_100,341.04
1781444960,R_100,340.95
1781444962,R_100,341.09
1781444964,R_100,341.17
1781444966,R_100,341.15
1781444968,R_100,341.04
1781444970,R_100,341.06
1781444972,R_100,341.22
1781444974,R_100,341.22
1781444976,R_100,341.24
1781444978,R_100,341.2
1781444980,R_100,341.31
1781444982,R_100,341.24
1781444984,R_100,341.17
1781444986,R_100,341.24
1781444988,R_100,341.19
1781444990,R_100,341.06
1781444992,R_100,341.1
1781444994,R_100,341.12
1781444996,R_100,340.93
1781444998,R_100,340.8
1781445000,R_100,340.75
1781445002,R_100,340.83
1781445004,R_100,340.87
1781445006,R_100,340.86
1781445008,R_100,340.88
1781445010,R_100,340.8
1781445012,R_100,340.74
1781445014,R_100,340.72
1781445016,R_100,340.62
1781445018,R_100,340.51
1781445020,R_100,340.5
1781445022,R_100,340.47
1781445024,R_100,340.48
1781445026,R_100,340.55
1781445028,R_100,340.62
1781445030,R_100,340.73
1781445032,R_100,340.7
1781445034,R_100,340.78
1781445036,R_100,340.79
1781445038,R_100,340.73
1781445040,R_100,340.67
1781445042,R_100,340.68
1781445044,R_100,340.64
1781445046,R_100,340.7
1781445048,R_100,340.59
1781445050,R_100,340.56
1781445052,R_100,340.7
1781445054,R_100,340.61
1781445056,R_100,340.47
1781445058,R_100,340.39
1781445060,R_100,340.39
1781445062,R_100,340.42
1781445064,R_100,340.25
1781445066,R_100,340.23
1781445068,R_100,340.22
1781445070,R_100,340.33
1781445072,R_100,340.37
1781445074,R_100,340.3
1781445076,R_100,340.34
1781445078,R_100,340.28
1781445080,R_100,340.22
1781445082,R_100,340.22
1781445084,R_100,340.24
1781445086,R_100,340.09
1781445088,R_100,340.14
1781445090,R_100,340.2
1781445092,R_100,340.14
1781445094,R_100,340.04
1781445096,R_100,340.12
1781445098,R_100,340.1
1781445100,R_100,340.12
1781445102,R_100,340.2
1781445104,R_100,340.27
1781445106,R_100,340.3
1781445108,R_100,340.32
1781445110,R_100,340.32
1781445112,R_100,340.41
1781445114,R_100,340.33
1781445116,R_100,340.37
1781445118,R_100,340.46
1781445120,R_100,340.5
1781445122,R_100,340.6
1781445124,R_100,340.47
1781445126,R_100,340.44
1781445128,R_100,340.45
1781445130,R_100,340.43
1781445132,R_100,340.44
1781445134,R_100,340.49
1781445136,R_100,340.58
1781445138,R_100,340.6
1781445140,R_100,340.48
1781445142,R_100,340.51
1781445144,R_100,340.65
1781445146,R_100,340.7
1781445148,R_100,340.76
1781445150,R_100,340.83
1781445152,R_100,340.77
1781445154,R_100,340.83
1781445156,R_100,340.97
1781445158,R_100,340.96
1781445160,R_100,340.88
1781445162,R_100,340.83
1781445164,R_100,340.64
1781445166,R_100,340.47
1781445168,R_100,340.56
1781445170,R_100,340.29
1781445172,R_100,340.45
1781445174,R_100,340.44
1781445176,R_100,340.4
1781445178,R_100,340.35
1781445180,R_100,340.32
1781445182,R_100,340.24
1781445184,R_100,340.15
1781445186,R_100,340.33
1781445188,R_100,340.46
1781445190,R_100,340.45
1781445192,R_100,340.53
1781445194,R_100,340.59
1781445196,R_100,340.49
1781445198,R_100,340.46
1781445200,R_100,340.58
1781445202,R_100,340.46
1781445204,R_100,340.49
1781445206,R_100,340.61
1781445208,R_100,340.68
1781445210,R_100,340.76
1781445212,R_100,340.68
1781445214,R_100,340.76
1781445216,R_100,340.85
1781445218,R_100,340.91
1781445220,R_100,340.94
1781445222,R_100,340.77
1781445224,R_100,340.82
1781445226,R_100,340.65
1781445228,R_100,340.7
1781445230,R_100,340.61
1781445232,R_100,340.7
1781445234,R_100,340.67
1781445236,R_100,340.75
1781445238,R_100,340.82
1781445240,R_100,340.84
1781445242,R_100,340.81
1781445244,R_100,340.85
1781445246,R_100,340.72
1781445248,R_100,340.61
1781445250,R_100,340.52
1781445252,R_100,340.57
1781445254,R_100,340.4
1781445256,R_100,340.43
1781445258,R_100,340.53
1781445260,R_100,340.47
1781445262,R_100,340.4
1781445264,R_100,340.43
1781445266,R_100,340.54
1781445268,R_100,340.55
1781445270,R_100,340.55
1781445272,R_100,340.54
1781445274,R_100,340.56
1781445276,R_100,340.67
1781445278,R_100,340.72
1781445280,R_100,340.78
1781445282,R_100,340.86
1781445284,R_100,340.91
1781445286,R_100,340.88
1781445288,R_100,340.95
1781445290,R_100,340.97
1781445292,R_100,340.99
1781445294,R_100,340.94
1781445296,R_100,340.9
1781445298,R_100,340.95
1781445300,R_100,340.88
1781445302,R_100,340.95
1781445304,R_100,340.91
1781445306,R_100,340.92
1781445308,R_100,340.93
1781445310,R_100,341.03
1781445312,R_100,341.07
1781445314,R_100,341.21
1781445316,R_100,341
1781445318,R_100,341.05
1781445320,R_100,341.08
1781445322,R_100,340.97
1781445324,R_100,340.96
1781445326,R_100,340.97
1781445328,R_100,341.04
1781445330,R_100,340.97
1781445332,R_100,340.8
1781445334,R_100,340.87
1781445336,R_100,340.87
1781445338,R_100,341.07
1781445340,R_100,341.13
1781445342,R_100,340.94
1781445344,R_100,340.8
1781445346,R_100,340.88
1781445348,R_100,340.89
1781445350,R_100,340.87
1781445352,R_100,340.9
1781445354,R_100,340.91
1781445356,R_100,340.81
1781445358,R_100,340.93
1781445360,R_100,341.01
1781445362,R_100,341.09
1781445364,R_100,341.12
1781445366,R_100,341.12
1781445368,R_100,341.28
1781445370,R_100,341.33
1781445372,R_100,341.42
1781445374,R_100,341.27
1781445376,R_100,341.16
1781445378,R_100,341.12
1781445380,R_100,341.17
1781445382,R_100,341.04
1781445384,R_100,340.96
1781445386,R_100,341.07
1781445388,R_100,341.12
1781445390,R_100,341.07
1781445392,R_100,341.07
1781445394,R_100,341.18
1781445396,R_100,341.1
1781445398,R_100,341.29
1781445400,R_100,341.39
1781445402,R_100,341.52
1781445404,R_100,341.57
1781445406,R_100,341.57
1781445408,R_100,341.53
1781445410,R_100,341.39
1781445412,R_100,341.45
1781445414,R_100,341.41
1781445416,R_100,341.46
1781445418,R_100,341.3
1781445420,R_100,341.36
1781445422,R_100,341.49
1781445424,R_100,341.32
1781445426,R_100,341.3
1781445428,R_100,341.4
1781445430,R_100,341.2
1781445432,R_100,341.21
1781445434,R_100,341.11
1781445436,R_100,341.15
1781445438,R_100,341.05
1781445440,R_100,341.11
1781445442,R_100,341.03
1781445444,R_100,341.04
1781445446,R_100,341.18
1781445448,R_100,341.35
1781445450,R_100,341.39
1781445452,R_100,341.48
1781445454,R_100,341.46
1781445456,R_100,341.56
1781445458,R_100,341.42
1781445460,R_100,341.45
1781445462,R_100,341.61
1781445464,R_100,341.64
1781445466,R_100,341.7
1781445468,R_100,341.76
1781445470,R_100,341.71
1781445472,R_100,341.66
1781445474,R_100,341.72
1781445476,R_100,341.81
1781445478,R_100,341.81
1781445480,R_100,341.9
1781445482,R_100,341.92
1781445484,R_100,341.89
1781445486,R_100,341.81
1781445488,R_100,341.92
1781445490,R_100,341.96
1781445492,R_100,341.97
1781445494,R_100,342.05
1781445496,R_100,342.13
1781445498,R_100,342.21
1781445500,R_100,342.17
1781445502,R_100,342.24
1781445504,R_100,342.22
1781445506,R_100,342.21
1781445508,R_100,342.15
1781445510,R_100,342.16
1781445512,R_100,342.09
1781445514,R_100,342.18
1781445516,R_100,342.21
1781445518,R_100,342.29
1781445520,R_100,342.25
1781445522,R_100,342.43
1781445524,R_100,342.26
1781445526,R_100,342.32
1781445528,R_100,342.37
1781445530,R_100,342.27
1781445532,R_100,342.16
1781445534,R_100,342.15
1781445536,R_100,342.22
1781445538,R_100,342.29
1781445540,R_100,342.2
1781445542,R_100,342.33
1781445544,R_100,342.14
1781445546,R_100,342.14
1781445548,R_100,342.2
1781445550,R_100,342.1
1781445552,R_100,342.21
1781445554,R_100,342.26
1781445556,R_100,342.29
1781445558,R_100,342.25
1781445560,R_100,342.11
1781445562,R_100,342.14
1781445564,R_100,342.23
1781445566,R_100,342.08
1781445568,R_100,342.27
1781445570,R_100,342.34
1781445572,R_100,342.22
1781445574,R_100,342.11
1781445576,R_100,342.14
1781445578,R_100,342.18
1781445580,R_100,342.01
1781445582,R_100,342.15
1781445584,R_100,342.2
1781445586,R_100,342.02
1781445588,R_100,341.94
1781445590,R_100,341.89
1781445592,R_100,341.95
1781445594,R_100,341.91
1781445596,R_100,341.87
1781445598,R_100,341.71
1781445600,R_100,341.69
1781445602,R_100,341.59
1781445604,R_100,341.61
1781445606,R_100,341.69
1781445608,R_100,341.75
1781445610,R_100,341.61
1781445612,R_100,341.63
1781445614,R_100,341.66
1781445616,R_100,341.58
1781445618,R_100,341.78
1781445620,R_100,341.83
1781445622,R_100,341.87
1781445624,R_100,341.85
1781445626,R_100,341.75
1781445628,R_100,341.62
1781445630,R_100,341.64
1781445632,R_100,341.69
1781445634,R_100,341.67
1781445636,R_100,341.66
1781445638,R_100,341.68
1781445640,R_100,341.72
1781445642,R_100,341.69
1781445644,R_100,341.84
1781445646,R_100,341.85
1781445648,R_100,341.91
1781445650,R_100,341.84
1781445652,R_100,341.94
1781445654,R_100,341.82
1781445656,R_100,341.89
1781445658,R_100,341.93
1781445660,R_100,341.9
1781445662,R_100,341.81
1781445664,R_100,341.7
1781445666,R_100,341.71
1781445668,R_100,341.75
1781445670,R_100,341.59
1781445672,R_100,341.53
1781445674,R_100,341.56
1781445676,R_100,341.35
1781445678,R_100,341.38
1781445680,R_100,341.21
1781445682,R_100,341.14
1781445684,R_100,341.25
1781445686,R_100,341.3
1781445688,R_100,341.21
1781445690,R_100,341.36
1781445692,R_100,341.35
1781445694,R_100,341.4
1781445696,R_100,341.38
1781445698,R_100,341.37
1781445700,R_100,341.36
1781445702,R_100,341.34
1781445704,R_100,341.32
1781445706,R_100,341.45
1781445708,R_100,341.49
1781445710,R_100,341.48
1781445712,R_100,341.33
1781445714,R_100,341.32
1781445716,R_100,341.26
1781445718,R_100,341.48
1781445720,R_100,341.52
1781445722,R_100,341.61
1781445724,R_100,341.68
1781445726,R_100,341.83
1781445728,R_100,341.85
1781445730,R_100,341.8
1781445732,R_100,341.78
1781445734,R_100,341.49
1781445736,R_100,341.43
1781445738,R_100,341.4
1781445740,R_100,341.38
1781445742,R_100,341.61
1781445744,R_100,341.72
1781445746,R_100,341.62
1781445748,R_100,341.5
1781445750,R_100,341.39
1781445752,R_100,341.39
1781445754,R_100,341.38
1781445756,R_100,341.51
1781445758,R_100,341.44
1781445760,R_100,341.32
1781445762,R_100,341.19
1781445764,R_100,341.04
1781445766,R_100,340.99
1781445768,R_100,341.01
1781445770,R_100,340.91
1781445772,R_100,340.94
1781445774,R_100,340.88
1781445776,R_100,340.74
1781445778,R_100,340.77
1781445780,R_100,340.89
1781445782,R_100,340.96
1781445784,R_100,341.01
1781445786,R_100,341.06
1781445788,R_100,341.06
1781445790,R_100,340.92
1781445792,R_100,340.98
1781445794,R_100,340.91
1781445796,R_100,340.95
1781445798,R_100,341.04
1781445800,R_100,341.15
1781445802,R_100,341.06
1781445804,R_100,340.95
1781445806,R_100,340.96
1781445808,R_100,341.13
1781445810,R_100,341.25
1781445812,R_100,341.3
1781445814,R_100,341.13
1781445816,R_100,341.19
1781445818,R_100,341.23
1781445820,R_100,341.23
1781445822,R_100,341.29
1781445824,R_100,341.38
1781445826,R_100,341.36
1781445828,R_100,341.41
1781445830,R_100,341.51
1781445832,R_100,341.52
1781445834,R_100,341.48
1781445836,R_100,341.4
1781445838,R_100,341.53
1781445840,R_100,341.67
1781445842,R_100,341.56
1781445844,R_100,341.69
1781445846,R_100,341.72
1781445848,R_100,341.71
1781445850,R_100,341.72
1781445852,R_100,341.71
1781445854,R_100,341.59
1781445856,R_100,341.62
1781445858,R_100,341.48
1781445860,R_100,341.47
1781445862,R_100,341.44
1781445864,R_100,341.41
1781445866,R_100,341.42
1781445868,R_100,341.42
1781445870,R_100,341.48
1781445872,R_100,341.49
1781445874,R_100,341.5
1781445876,R_100,341.53
1781445878,R_100,341.6
1781445880,R_100,341.68
1781445882,R_100,341.6
1781445884,R_100,341.61
1781445886,R_100,341.55
1781445888,R_100,341.5
1781445890,R_100,341.6
1781445892,R_100,341.54
1781445894,R_100,341.62
1781445896,R_100,341.51
1781445898,R_100,341.47
1781445900,R_100,341.58
1781445902,R_100,341.5
1781445904,R_100,341.34
1781445906,R_100,341.48
1781445908,R_100,341.4
1781445910,R_100,341.34
1781445912,R_100,341.18
1781445914,R_100,341.09
1781445916,R_100,341.07
1781445918,R_100,341.12
1781445920,R_100,340.99
1781445922,R_100,341.08
1781445924,R_100,341.11
1781445926,R_100,341.14
1781445928,R_100,341.02
1781445930,R_100,341.06
1781445932,R_100,341.16
1781445934,R_100,341.02
1781445936,R_100,341.01
1781445938,R_100,340.98
1781445940,R_100,340.9
1781445942,R_100,340.89
1781445944,R_100,341.03
1781445946,R_100,341.01
1781445948,R_100,341.19
1781445950,R_100,341.08
1781445952,R_100,340.98
1781445954,R_100,341.06
1781445956,R_100,341.16
1781445958,R_100,341.04
1781445960,R_100,341.1
1781445962,R_100,341.11
1781445964,R_100,341.06
1781445966,R_100,341.2
1781445968,R_100,341.2
1781445970,R_100,340.91
1781445972,R_100,340.94
1781445974,R_100,340.91
1781445976,R_100,341.04
1781447652,R_100,340.99
1781447654,R_100,341.04
1781447656,R_100,341.15
1781447658,R_100,341.02
1781447660,R_100,340.8
1781447662,R_100,340.73
1781447664,R_100,340.63
1781447666,R_100,340.66
1781447668,R_100,340.65
1781447670,R_100,340.6
1781447672,R_100,340.73
1781447674,R_100,340.77
1781447676,R_100,340.78
1781447678,R_100,340.66
1781447680,R_100,340.61
1781447682,R_100,340.78
1781447684,R_100,340.82
1781447686,R_100,340.92
1781447688,R_100,340.98
1781447690,R_100,341.03
1781447692,R_100,341.09
1781447694,R_100,340.99
1781447696,R_100,340.94
1781447698,R_100,341.1
1781447700,R_100,341.12
1781447702,R_100,341.11
1781447704,R_100,341.02
1781447706,R_100,340.98
1781447708,R_100,340.89
1781447710,R_100,340.72
1781447712,R_100,340.64
1781447714,R_100,340.63
1781447716,R_100,340.57
1781447718,R_100,340.54
1781447720,R_100,340.58
1781447722,R_100,340.54
1781447724,R_100,340.56
1781447726,R_100,340.44
1781447728,R_100,340.48
1781447730,R_100,340.36
1781447732,R_100,340.35
1781447734,R_100,340.38
1781447736,R_100,340.47
1781447738,R_100,340.38
1781447740,R_100,340.22
1781447742,R_100,340.1
1781447744,R_100,340.08
1781447746,R_100,340.01
1781447748,R_100,339.92
1781447750,R_100,339.89
1781447752,R_100,339.94
1781447754,R_100,339.91
1781447756,R_100,339.85
1781447758,R_100,340.07
1781447760,R_100,340.2
1781447762,R_100,340.03
1781447764,R_100,339.95
1781447766,R_100,339.91
1781447768,R_100,339.84
1781447770,R_100,339.64
1781447772,R_100,339.59
1781447774,R_100,339.76
1781447776,R_100,339.82
1781447778,R_100,339.67
1781447780,R_100,339.62
1781447782,R_100,339.71
1781447784,R_100,339.68
1781447786,R_100,339.69
1781447788,R_100,339.61
1781447790,R_100,339.56
1781447792,R_100,339.48
1781447794,R_100,339.51
1781447796,R_100,339.47
1781447798,R_100,339.5
1781447800,R_100,339.44
1781447802,R_100,339.54
1781447804,R_100,339.53
1781447806,R_100,339.75
1781447808,R_100,339.85
1781447810,R_100,339.88
1781447812,R_100,340.04
1781447814,R_100,339.97
1781447816,R_100,339.87
1781447818,R_100,339.99
1781447820,R_100,339.89
1781447822,R_100,339.87
1781447824,R_100,339.77
1781447826,R_100,339.67
1781447828,R_100,339.63
1781447830,R_100,339.55
1781447832,R_100,339.59
1781447834,R_100,339.54
1781447836,R_100,339.46
1781447838,R_100,339.55
1781447840,R_100,339.45
1781447842,R_100,339.36
1781447844,R_100,339.4
1781447846,R_100,339.33
1781447848,R_100,339.43
1781447850,R_100,339.29
1781447852,R_100,339.39
1781447854,R_100,339.3
1781447856,R_100,339.25
1781447858,R_100,339.12
1781447860,R_100,339.19
1781447862,R_100,339.28
1781447864,R_100,339.22
1781447866,R_100,339.18
1781447868,R_100,339.36
1781447870,R_100,339.31
1781447872,R_100,339.41
1781447874,R_100,339.32
1781447876,R_100,339.42
1781447878,R_100,339.54
1781447880,R_100,339.42
1781447882,R_100,339.43
1781447884,R_100,339.55
1781447886,R_100,339.51
1781447888,R_100,339.5
1781447890,R_100,339.5
1781447892,R_100,339.34
1781447894,R_100,339.38
1781447896,R_100,339.42
1781447898,R_100,339.35
1781447900,R_100,339.46
1781447902,R_100,339.55
1781447904,R_100,339.68
1781447906,R_100,339.72
1781447908,R_100,339.78
1781447910,R_100,339.71
1781447912,R_100,339.7
1781447914,R_100,339.7
1781447916,R_100,339.7
1781447918,R_100,339.72
1781447920,R_100,339.71
1781447922,R_100,339.71
1781447924,R_100,339.74
1781447926,R_100,339.76
1781447928,R_100,339.89
1781447930,R_100,339.86
1781447932,R_100,339.85
1781447934,R_100,339.89
1781447936,R_100,339.95
1781447938,R_100,340.03
1781447940,R_100,339.95
1781447942,R_100,339.88
1781447944,R_100,339.71
1781447946,R_100,339.63
1781447948,R_100,339.65
1781447950,R_100,339.64
1781447952,R_100,339.51
1781447954,R_100,339.39
1781447956,R_100,339.41
1781447958,R_100,339.53
1781447960,R_100,339.51
1781447962,R_100,339.41
1781447964,R_100,339.46
1781447966,R_100,339.38
1781447968,R_100,339.57
1781447970,R_100,339.59
1781447972,R_100,339.7
1781447974,R_100,339.83
1781447976,R_100,339.85
1781447978,R_100,339.89
1781447980,R_100,339.87
1781447982,R_100,339.82
1781447984,R_100,339.81
1781447986,R_100,339.8
1781447988,R_100,339.88
1781447990,R_100,339.87
1781447992,R_100,339.79
1781447994,R_100,339.89
1781447996,R_100,339.84
1781447998,R_100,339.64
1781448000,R_100,339.59
1781448002,R_100,339.53
1781448004,R_100,339.52
1781448006,R_100,339.67
1781448008,R_100,339.8
1781448010,R_100,339.94
1781448012,R_100,339.91
1781448014,R_100,339.98
1781448016,R_100,339.81
1781448018,R_100,339.83
1781448020,R_100,339.77
1781448022,R_100,339.69
1781448024,R_100,339.75
1781448026,R_100,339.67
1781448028,R_100,339.68
1781448030,R_100,339.62
1781448032,R_100,339.59
1781448034,R_100,339.57
1781448036,R_100,339.59
1781448038,R_100,339.5
1781448040,R_100,339.53
1781448042,R_100,339.54
1781448044,R_100,339.59
1781448046,R_100,339.61
1781448048,R_100,339.54
1781448050,R_100,339.54
1781448052,R_100,339.63
1781448054,R_100,339.69
1781448056,R_100,339.58
1781448058,R_100,339.66
1781448060,R_100,339.75
1781448062,R_100,339.69
1781448064,R_100,339.72
1781448066,R_100,339.74
1781448068,R_100,339.7
1781448070,R_100,339.69
1781448072,R_100,339.87
1781448074,R_100,339.91
1781448076,R_100,339.88
1781448078,R_100,339.89
1781448080,R_100,339.79
1781448082,R_100,339.85
1781448084,R_100,340.1
1781448086,R_100,340.12
1781448088,R_100,340.2
1781448090,R_100,340.15
1781448092,R_100,340.26
1781448094,R_100,340.19
1781448096,R_100,340.17
1781448098,R_100,340.1
1781448100,R_100,340.12
1781448102,R_100,340.14
1781448104,R_100,340.14
1781448106,R_100,340.01
1781448108,R_100,340.04
1781448110,R_100,339.96
1781448112,R_100,339.96
1781448114,R_100,339.93
1781448116,R_100,339.97
1781448118,R_100,339.76
1781448120,R_100,339.74
1781448122,R_100,339.76
1781448124,R_100,339.55
1781448126,R_100,339.57
1781448128,R_100,339.63
1781448130,R_100,339.57
1781448132,R_100,339.67
1781448134,R_100,339.69
1781448136,R_100,339.66
1781448138,R_100,339.52
1781448140,R_100,339.5
1781448142,R_100,339.5
1781448144,R_100,339.67
1781448146,R_100,339.67
1781448148,R_100,339.71
1781448150,R_100,339.65
1781448152,R_100,339.62
1781448154,R_100,339.63
1781448156,R_100,339.51
1781448158,R_100,339.48
1781448160,R_100,339.56
1781448162,R_100,339.59
1781448164,R_100,339.7
1781448166,R_100,339.64
1781448168,R_100,339.82
1781448170,R_100,339.87
1781448172,R_100,339.77
1781448174,R_100,339.76
1781448176,R_100,339.87
1781448178,R_100,339.99
1781448180,R_100,339.91
1781448182,R_100,339.97
1781448184,R_100,339.95
1781448186,R_100,339.9
1781448188,R_100,340.09
1781448190,R_100,340.07
1781448192,R_100,340.07
1781448194,R_100,339.85
1781448196,R_100,339.81
1781448198,R_100,339.75
1781448200,R_100,339.71
1781448202,R_100,339.83
1781448204,R_100,339.84
1781448206,R_100,339.88
1781448208,R_100,339.92
1781448210,R_100,339.97
1781448212,R_100,339.95
1781448214,R_100,340.02
1781448216,R_100,339.92
1781448218,R_100,339.94
1781448220,R_100,339.98
1781448222,R_100,339.91
1781448224,R_100,339.75
1781448226,R_100,339.77
1781448228,R_100,339.79
1781448230,R_100,339.79
1781448232,R_100,339.75
1781448234,R_100,339.71
1781448236,R_100,339.8
1781448238,R_100,339.91
1781448240,R_100,339.86
1781448242,R_100,339.86
1781448244,R_100,339.93
1781448246,R_100,339.97
1781448248,R_100,339.81
1781448250,R_100,339.74
1781448252,R_100,339.78
1781448254,R_100,339.7
1781448256,R_100,339.85
1781448258,R_100,339.87
1781448260,R_100,339.85
1781448262,R_100,339.86
1781448264,R_100,339.76
1781448266,R_100,339.77
1781448268,R_100,339.9
1781448270,R_100,339.81
1781448272,R_100,339.9
1781448274,R_100,339.89
1781448276,R_100,339.85
1781448278,R_100,339.86
1781448280,R_100,339.79
1781448282,R_100,339.7
1781448284,R_100,339.52
1781448286,R_100,339.52
1781448288,R_100,339.46
1781448290,R_100,339.51
1781448292,R_100,339.47
1781448294,R_100,339.55
1781448296,R_100,339.54
1781448298,R_100,339.6
1781448300,R_100,339.39
1781448302,R_100,339.36
1781448304,R_100,339.24
1781448306,R_100,339.28
1781448308,R_100,339.33
1781448310,R_100,339.27
1781448312,R_100,339.32
1781448314,R_100,339.48
1781448316,R_100,339.57
1781448318,R_100,339.44
1781448320,R_100,339.48
1781448322,R_100,339.53
1781448324,R_100,339.51
1781448326,R_100,339.47
1781448328,R_100,339.47
1781448330,R_100,339.46
1781448332,R_100,339.53
1781448334,R_100,339.56
1781448336,R_100,339.46
1781448338,R_100,339.42
1781448340,R_100,339.4
1781448342,R_100,339.35
1781448344,R_100,339.27
1781448346,R_100,339.38
1781448348,R_100,339.29
1781448350,R_100,339.21
1781448352,R_100,339.15
1781448354,R_100,339.28
1781448356,R_100,339.33
1781448358,R_100,339.25
1781448360,R_100,339.29
1781448362,R_100,339.46
1781448364,R_100,339.39
1781448366,R_100,339.39
1781448368,R_100,339.25
1781448370,R_100,339.19
1781448372,R_100,339.22
1781448374,R_100,339.12
1781448376,R_100,339.11
1781448378,R_100,339.07
1781448380,R_100,339.19
1781448382,R_100,339.27
1781448384,R_100,339.25
1781448386,R_100,339.2
1781448388,R_100,339.17
1781448390,R_100,339.25
1781448392,R_100,339.25
1781448394,R_100,339.14
1781448396,R_100,339.14
1781448398,R_100,339.17
1781448400,R_100,339.08
1781448402,R_100,339.05
1781448404,R_100,339.05
1781448406,R_100,339.03
1781448408,R_100,339.08
1781448410,R_100,339.13
1781448412,R_100,339.08
1781448414,R_100,339.06
1781448416,R_100,339.2
1781448418,R_100,339.21
1781448420,R_100,339.15
1781448422,R_100,338.98
1781448424,R_100,338.89
1781448426,R_100,338.95
1781448428,R_100,339.07
1781448430,R_100,338.92
1781448432,R_100,339.02
1781448434,R_100,339.1
1781448436,R_100,339
1781448438,R_100,339.01
1781448440,R_100,338.93
1781448442,R_100,338.98
1781448444,R_100,339.01
1781448446,R_100,339.03
1781448448,R_100,339.02
1781448450,R_100,339
1781448452,R_100,338.81
1781448454,R_100,338.78
1781448456,R_100,338.89
1781448458,R_100,338.93
1781448460,R_100,339.01
1781448462,R_100,339.03
1781448464,R_100,338.95
1781448466,R_100,338.93
1781448468,R_100,338.9
1781448470,R_100,338.84
1781448472,R_100,338.83
1781448474,R_100,338.75
1781448476,R_100,338.81
1781448478,R_100,338.92
1781448480,R_100,338.78
1781448482,R_100,338.75
1781448484,R_100,338.77
1781448486,R_100,338.71
1781448488,R_100,338.62
1781448490,R_100,338.58
1781448492,R_100,338.59
1781448494,R_100,338.72
1781448496,R_100,338.68
1781448498,R_100,338.58
1781448500,R_100,338.63
1781448502,R_100,338.58
1781448504,R_100,338.57
1781448506,R_100,338.57
1781448508,R_100,338.67
1781448510,R_100,338.69
1781448512,R_100,338.65
1781448514,R_100,338.7
1781448516,R_100,338.75
1781448518,R_100,338.74
1781448520,R_100,338.84
1781448522,R_100,338.9
1781448524,R_100,338.87
1781448526,R_100,338.75
1781448528,R_100,338.83
1781448530,R_100,339.07
1781448532,R_100,339.02
1781448534,R_100,339.04
1781448536,R_100,339.2
1781448538,R_100,339.1
1781448540,R_100,339.04
1781448542,R_100,339.03
1781448544,R_100,338.96
1781448546,R_100,338.87
1781448548,R_100,338.82
1781448550,R_100,338.76
1781448552,R_100,338.72
1781448554,R_100,338.74
1781448556,R_100,338.85
1781448558,R_100,338.97
1781448560,R_100,338.87
1781448562,R_100,338.65
1781448564,R_100,338.55
1781448566,R_100,338.68
1781448568,R_100,338.81
1781448570,R_100,338.73
1781448572,R_100,338.66
1781448574,R_100,338.61
1781448576,R_100,338.56
1781448578,R_100,338.64
1781448580,R_100,338.64
1781448582,R_100,338.49
1781448584,R_100,338.49
1781448586,R_100,338.44
1781448588,R_100,338.56
1781448590,R_100,338.73
1781448592,R_100,338.74
1781448594,R_100,338.85
1781448596,R_100,338.88
1781448598,R_100,338.84
1781448600,R_100,338.83
1781448602,R_100,338.87
1781448604,R_100,338.82
1781448606,R_100,338.88
1781448608,R_100,338.82
1781448610,R_100,338.94
1781448612,R_100,338.88
1781448614,R_100,338.87
1781448616,R_100,338.7
1781448618,R_100,338.71
1781448620,R_100,338.64
1781448622,R_100,338.78
1781448624,R_100,338.73
1781448626,R_100,338.81
1781448628,R_100,338.69
1781448630,R_100,338.73
1781448632,R_100,338.61
1781448634,R_100,338.52
1781448636,R_100,338.51
1781448638,R_100,338.49
1781448640,R_100,338.47
1781448642,R_100,338.54
1781448644,R_100,338.38
1781448646,R_100,338.4
1781448648,R_100,338.4
1781448650,R_100,338.45
1781448652,R_100,338.43
1781448654,R_100,338.38
1781448656,R_100,338.49
1781448658,R_100,338.61
1781448660,R_100,338.53
1781448662,R_100,338.64
1781448664,R_100,338.68
1781448666,R_100,338.5
1781448668,R_100,338.55
1781448670,R_100,338.75
1781448672,R_100,338.59
1781448674,R_100,338.64
1781448676,R_100,338.62
1781448678,R_100,338.61
1781448680,R_100,338.67
1781448682,R_100,338.87
1781448684,R_100,338.86
1781448686,R_100,338.9
1781448688,R_100,339.06
1781448690,R_100,339.13
1781448692,R_100,339.06
1781448694,R_100,338.99
1781448696,R_100,338.93
1781448698,R_100,339.03
1781448700,R_100,339.12
1781448702,R_100,339.1
1781448704,R_100,339.14
1781448706,R_100,339.13
1781448708,R_100,339.1
1781448710,R_100,339.08
1781448712,R_100,338.99
1781448714,R_100,339.04
1781448716,R_100,339.04
1781448718,R_100,338.99
1781448720,R_100,339.1
1781448722,R_100,339.26
1781448724,R_100,339.17
1781448726,R_100,339.07
1781448728,R_100,339.08
1781448730,R_100,339.18
1781448732,R_100,339.1
1781448734,R_100,339.1
1781448736,R_100,339.16
1781448738,R_100,339.03
1781448740,R_100,339.13
1781448742,R_100,339.07
1781448744,R_100,339.18
1781448746,R_100,339.21
1781448748,R_100,339.32
1781448750,R_100,339.45
1781448752,R_100,339.49
1781448754,R_100,339.57
1781448756,R_100,339.55
1781448758,R_100,339.55
1781448760,R_100,339.62
1781448762,R_100,339.59
1781448764,R_100,339.66
1781448766,R_100,339.78
1781448768,R_100,339.86
1781448770,R_100,339.91
1781448772,R_100,339.85
1781448774,R_100,339.88
1781448776,R_100,340
1781448778,R_100,339.81
1781448780,R_100,339.75
1781448782,R_100,339.9
1781448784,R_100,339.86
1781448786,R_100,339.84
1781448788,R_100,339.88
1781448790,R_100,339.91
1781448792,R_100,339.77
1781448794,R_100,339.6
1781448796,R_100,339.52
1781448798,R_100,339.49
1781448800,R_100,339.64
1781448802,R_100,339.72
1781448804,R_100,339.79
1781448806,R_100,339.74
1781448808,R_100,339.71
1781448810,R_100,339.74
1781448812,R_100,339.8
1781448814,R_100,339.85
1781448816,R_100,339.88
1781448818,R_100,340.04
1781448820,R_100,340.15
1781448822,R_100,340.11
1781448824,R_100,340.03
1781448826,R_100,339.91
1781448828,R_100,340
1781448830,R_100,339.98
1781448832,R_100,339.92
1781448834,R_100,339.9
1781448836,R_100,340.03
1781448838,R_100,340.04
1781448840,R_100,340.1
1781448842,R_100,340.03
1781448844,R_100,340.08
1781448846,R_100,340.09
1781448848,R_100,340.16
1781448850,R_100,340.18
1781448852,R_100,340.2
1781448854,R_100,340.06
1781448856,R_100,340.09
1781448858,R_100,340.08
1781448860,R_100,340.07
1781448862,R_100,339.99
1781448864,R_100,340.08
1781448866,R_100,340.04
1781448868,R_100,339.96
1781448870,R_100,339.88
1781448872,R_100,339.85
1781448874,R_100,339.89
1781448876,R_100,339.95
1781448878,R_100,340.02
1781448880,R_100,340.01
1781448882,R_100,340
1781448884,R_100,339.92
1781448886,R_100,339.82
1781448888,R_100,339.69
1781448890,R_100,339.49
1781448892,R_100,339.49
1781448894,R_100,339.46
1781448896,R_100,339.62
1781448898,R_100,339.55
1781448900,R_100,339.67
1781448902,R_100,339.65
1781448904,R_100,339.64
1781448906,R_100,339.48
1781448908,R_100,339.65
1781448910,R_100,339.75
1781448912,R_100,339.84
1781448914,R_100,339.7
1781448916,R_100,339.62
1781448918,R_100,339.63
1781448920,R_100,339.75
1781448922,R_100,339.82
1781448924,R_100,339.81
1781448926,R_100,339.71
1781448928,R_100,339.72
1781448930,R_100,339.86
1781448932,R_100,339.88
1781448934,R_100,339.84
1781448936,R_100,339.73
1781448938,R_100,339.8
1781448940,R_100,339.84
1781448942,R_100,339.91
1781448944,R_100,340.05
1781448946,R_100,340.06
1781448948,R_100,339.99
1781448950,R_100,340.09
1781448952,R_100,340.04
1781448954,R_100,340.09
1781448956,R_100,340.04
1781448958,R_100,340.03
1781448960,R_100,340.07
1781448962,R_100,340.04
1781448964,R_100,339.93
1781448966,R_100,339.94
1781448968,R_100,340.05
1781448970,R_100,339.94
1781448972,R_100,340.03
1781448974,R_100,340.04
1781448976,R_100,339.98
1781448978,R_100,340.02
1781448980,R_100,340.13
1781448982,R_100,340.09
1781448984,R_100,340.01
1781448986,R_100,340.09
1781448988,R_100,340.11
1781448990,R_100,340.18
1781448992,R_100,340.04
1781448994,R_100,340.09
1781448996,R_100,340.11
1781448998,R_100,340.25
1781449000,R_100,340.38
1781449002,R_100,340.37
1781449004,R_100,340.29
1781449006,R_100,340.34
1781449008,R_100,340.42
1781449010,R_100,340.34
1781449012,R_100,340.26
1781449014,R_100,340.18
1781449016,R_100,340.22
1781449018,R_100,340.14
1781449020,R_100,340.18
1781449022,R_100,340.13
1781449024,R_100,340.02
1781449026,R_100,340.24
1781449028,R_100,340.29
1781449030,R_100,340.27
1781449032,R_100,340.33
1781449034,R_100,340.36
1781449036,R_100,340.32
1781449038,R_100,340.24
1781449040,R_100,340.17
1781449042,R_100,340.27
1781449044,R_100,340.17
1781449046,R_100,340.36
1781449048,R_100,340.4
1781449050,R_100,340.36
1781449052,R_100,340.45
1781449054,R_100,340.5
1781449056,R_100,340.57
1781449058,R_100,340.66
1781449060,R_100,340.78
1781449062,R_100,340.69
1781449064,R_100,340.65
1781449066,R_100,340.69
1781449068,R_100,340.59
1781449070,R_100,340.62
1781449072,R_100,340.68
1781449074,R_100,340.65
1781449076,R_100,340.51
1781449078,R_100,340.61
1781449080,R_100,340.41
1781449082,R_100,340.53
1781449084,R_100,340.46
1781449086,R_100,340.42
1781449088,R_100,340.37
1781449090,R_100,340.33
1781449092,R_100,340.21
1781449094,R_100,340.28
1781449096,R_100,340.3
1781449098,R_100,340.31
1781449100,R_100,340.27
1781449102,R_100,340.28
1781449104,R_100,340.39
1781449106,R_100,340.32
1781449108,R_100,340.33
1781449110,R_100,340.44
1781449112,R_100,340.35
1781449114,R_100,340.38
1781449116,R_100,340.47
1781449118,R_100,340.37
1781449120,R_100,340.37
1781449122,R_100,340.43
1781449124,R_100,340.38
1781449126,R_100,340.36
1781449128,R_100,340.3
1781449130,R_100,340.28
1781449132,R_100,340.25
1781449134,R_100,340.32
1781449136,R_100,340.27
1781449138,R_100,340.24
1781449140,R_100,340.02
1781449142,R_100,339.98
1781449144,R_100,339.87
1781449146,R_100,340.02
1781449148,R_100,340.07
1781449150,R_100,340.08
1781449152,R_100,340.08
1781449154,R_100,340.02
1781449156,R_100,340.02
1781449158,R_100,339.97
1781449160,R_100,340
1781449162,R_100,340.03
1781449164,R_100,340.03
1781449166,R_100,340.07
1781449168,R_100,339.91
1781449170,R_100,339.84
1781449172,R_100,339.87
1781449174,R_100,339.91
1781449176,R_100,339.87
1781449178,R_100,339.82
1781449180,R_100,339.71
1781449182,R_100,339.8
1781449184,R_100,339.77
1781449186,R_100,339.84
1781449188,R_100,339.74
1781449190,R_100,339.77
1781449192,R_100,339.77
1781449194,R_100,339.79
1781449196,R_100,339.71
1781449198,R_100,339.82
1781449200,R_100,339.72
1781449202,R_100,339.56
1781449204,R_100,339.67
1781449206,R_100,339.62
1781449208,R_100,339.78
1781449210,R_100,339.71
1781449212,R_100,339.73
1781449214,R_100,339.78
1781449216,R_100,339.88
1781449218,R_100,339.85
1781449220,R_100,339.78
1781449222,R_100,339.8
1781449224,R_100,339.81
1781449226,R_100,339.87
1781449228,R_100,339.87
1781449230,R_100,339.66
1781449232,R_100,339.72
1781449234,R_100,339.52
1781449236,R_100,339.64
1781449238,R_100,339.57
1781449240,R_100,339.59
1781449242,R_100,339.66
1781449244,R_100,339.66
1781449246,R_100,339.61
1781449248,R_100,339.63
1781449250,R_100,339.51
1781449252,R_100,339.53
1781449254,R_100,339.48
1781449256,R_100,339.64
1781449258,R_100,339.81
1781449260,R_100,339.81
1781449262,R_100,339.77
1781449264,R_100,339.83
1781449266,R_100,339.78
1781449268,R_100,339.63
1781449270,R_100,339.74
1781449272,R_100,339.93
1781449274,R_100,339.99
1781449276,R_100,339.98
1781449278,R_100,340
1781449280,R_100,339.96
1781449282,R_100,340
1781449284,R_100,339.89
1781449286,R_100,340.01
1781449288,R_100,339.98
1781449290,R_100,339.98
1781449292,R_100,340.06
1781449294,R_100,340.01
1781449296,R_100,340
1781449298,R_100,339.97
1781449300,R_100,340.06
1781449302,R_100,340
1781449304,R_100,340.02
1781449306,R_100,339.94
1781449308,R_100,339.8
1781449310,R_100,339.67
1781449312,R_100,339.72
1781449314,R_100,339.63
1781449316,R_100,339.69
1781449318,R_100,339.75
1781449320,R_100,339.65
1781449322,R_100,339.63
1781449324,R_100,339.48
1781449326,R_100,339.6
1781449328,R_100,339.54
1781449330,R_100,339.51
1781449332,R_100,339.4
1781449334,R_100,339.61
1781449336,R_100,339.51
1781449338,R_100,339.5
1781449340,R_100,339.49
1781449342,R_100,339.51
1781449344,R_100,339.47
1781449346,R_100,339.37
1781449348,R_100,339.42
1781449350,R_100,339.5
1781449352,R_100,339.46
1781449354,R_100,339.42
1781449356,R_100,339.44
1781449358,R_100,339.41
1781449360,R_100,339.5
1781449362,R_100,339.5
1781449364,R_100,339.47
1781449366,R_100,339.48
1781449368,R_100,339.62
1781449370,R_100,339.81
1781449372,R_100,339.63
1781449374,R_100,339.66
1781449376,R_100,339.8
1781449378,R_100,339.85
1781449380,R_100,339.81
1781449382,R_100,339.64
1781449384,R_100,339.64
1781449386,R_100,339.76
1781449388,R_100,339.87
1781449390,R_100,339.93
1781449392,R_100,339.95
1781449394,R_100,340.01
1781449396,R_100,340.04
1781449398,R_100,339.96
1781449400,R_100,339.84
1781449402,R_100,339.79
1781449404,R_100,339.77
1781449406,R_100,339.82
1781449408,R_100,339.81
1781449410,R_100,339.92
1781449412,R_100,339.95
1781449414,R_100,339.99
1781449416,R_100,340.04
1781449418,R_100,339.96
1781449420,R_100,340.06
1781449422,R_100,339.89
1781449424,R_100,339.79
1781449426,R_100,339.88
1781449428,R_100,339.91
1781449430,R_100,339.86
1781449432,R_100,340
1781449434,R_100,340.04
1781449436,R_100,339.97
1781449438,R_100,339.92
1781449440,R_100,339.91
1781449442,R_100,339.95
1781449444,R_100,340.07
1781449446,R_100,339.97
1781449448,R_100,339.94
1781449450,R_100,339.99
1781449452,R_100,339.99
1781449454,R_100,340.04
1781449456,R_100,340.06
1781449458,R_100,339.99
1781449460,R_100,339.96
1781449462,R_100,339.87
1781449464,R_100,339.87
1781449466,R_100,339.9
1781449468,R_100,339.79
1781449470,R_100,339.67
1781449472,R_100,339.48
1781449474,R_100,339.58
1781449476,R_100,339.68
1781449478,R_100,339.69
1781449480,R_100,339.7
1781449482,R_100,339.8
1781449484,R_100,339.77
1781449486,R_100,339.79
1781449488,R_100,339.66
1781449490,R_100,339.7
1781449492,R_100,339.56
1781449494,R_100,339.58
1781449496,R_100,339.62
1781449498,R_100,339.52
1781449500,R_100,339.54
1781449502,R_100,339.29
1781449504,R_100,339.4
1781449506,R_100,339.45
1781449508,R_100,339.47
1781449510,R_100,339.46
1781449512,R_100,339.39
1781449514,R_100,339.45
1781449516,R_100,339.54
1781449518,R_100,339.43
1781449520,R_100,339.58
1781449522,R_100,339.48
1781449524,R_100,339.54
1781449526,R_100,339.55
1781449528,R_100,339.64
1781449530,R_100,339.62
1781449532,R_100,339.79
1781449534,R_100,339.83
1781449536,R_100,339.82
1781449538,R_100,339.87
1781449540,R_100,339.84
1781449542,R_100,339.82
1781449544,R_100,339.81
1781449546,R_100,339.8
1781449548,R_100,339.82
1781449550,R_100,339.81
1781449552,R_100,339.85
1781449554,R_100,339.84
1781449556,R_100,339.77
1781449558,R_100,339.81
1781449560,R_100,339.89
1781449562,R_100,339.96
1781449564,R_100,339.98
1781449566,R_100,339.97
1781449568,R_100,340
1781449570,R_100,340
1781449572,R_100,340.07
1781449574,R_100,340.03
1781449576,R_100,340
1781449578,R_100,339.99
1781449580,R_100,339.82
1781449582,R_100,339.8
1781449584,R_100,339.79
1781449586,R_100,339.8
1781449588,R_100,339.81
1781449590,R_100,339.8
1781449592,R_100,339.75
1781449594,R_100,339.71
1781449596,R_100,339.71
1781449598,R_100,339.63
1781449600,R_100,339.7
1781449602,R_100,339.76
1781449604,R_100,339.79
1781449606,R_100,339.65
1781449608,R_100,339.87
1781449610,R_100,339.89
1781449612,R_100,339.88
1781449614,R_100,339.78
1781449616,R_100,339.81
1781449618,R_100,339.91
1781449620,R_100,340.02
1781449622,R_100,340.18
1781449624,R_100,340.18
1781449626,R_100,340.34
1781449628,R_100,340.33
1781449630,R_100,340.27
1781449632,R_100,340.33
1781449634,R_100,340.47
1781449636,R_100,340.61
1781449638,R_100,340.53
1781449640,R_100,340.44
1781449642,R_100,340.33
1781449644,R_100,340.41
1781449646,R_100,340.44
1781449648,R_100,340.38
1781449650,R_100,340.45
1781449652,R_100,340.4
1781449654,R_100,340.36
1781449656,R_100,340.27
1781449658,R_100,340.26
1781449660,R_100,340.19
1781449662,R_100,340.21
1781449664,R_100,340.23
1781449666,R_100,340.2
1781449668,R_100,340.23
1781449670,R_100,340.1
1781449672,R_100,340.23
1781449674,R_100,340.11
1781449676,R_100,340.01
1781449678,R_100,339.95
1781449680,R_100,339.98
1781449682,R_100,339.99
1781449684,R_100,339.88
1781449686,R_100,339.93
1781449688,R_100,339.99
1781449690,R_100,340.04
1781449692,R_100,340.11
1781449694,R_100,340.07
1781449696,R_100,340.05
1781449698,R_100,340.1
1781449700,R_100,340.16
1781449702,R_100,340.24
1781449704,R_100,340.37
1781449706,R_100,340.4
1781449708,R_100,340.24
1781449710,R_100,340.15
1781449712,R_100,340.33
1781449714,R_100,340.38
1781449716,R_100,340.6
1781449718,R_100,340.52
1781449720,R_100,340.58
1781449722,R_100,340.6
1781449724,R_100,340.62
1781449726,R_100,340.69
1781449728,R_100,340.57
1781449730,R_100,340.68
1781449732,R_100,340.72
1781449734,R_100,340.74
1781449736,R_100,340.67
1781449738,R_100,340.54
1781449740,R_100,340.56
1781449742,R_100,340.52
1781449744,R_100,340.45
1781449746,R_100,340.39
1781449748,R_100,340.47
1781449750,R_100,340.32
1781449752,R_100,340.35
1781449754,R_100,340.36
1781449756,R_100,340.47
1781449758,R_100,340.44
1781449760,R_100,340.34
1781449762,R_100,340.45
1781449764,R_100,340.46
1781449766,R_100,340.3
1781449768,R_100,340.29
1781449770,R_100,340.22
1781449772,R_100,340.23
1781449774,R_100,340.23
1781449776,R_100,340.17
1781449778,R_100,340.08
1781449780,R_100,340.06
1781449782,R_100,340.07
1781449784,R_100,340.15
1781449786,R_100,340.18
1781449788,R_100,340.15
1781449790,R_100,340.09
1781449792,R_100,340
1781449794,R_100,339.98
1781449796,R_100,339.95
1781449798,R_100,339.98
1781449800,R_100,339.96
1781449802,R_100,340.07
1781449804,R_100,340.16
1781449806,R_100,340.12
1781449808,R_100,340
1781449810,R_100,339.98
1781449812,R_100,339.91
1781449814,R_100,339.87
1781449816,R_100,339.94
1781449818,R_100,340.05
1781449820,R_100,340.12
1781449822,R_100,340.14
1781449824,R_100,340.23
1781449826,R_100,340.22
1781449828,R_100,340.23
1781449830,R_100,340.23
1781449832,R_100,340.13
1781449834,R_100,340.13
1781449836,R_100,340.11
1781449838,R_100,340.19
1781449840,R_100,340.33
1781449842,R_100,340.35
1781449844,R_100,340.38
1781449846,R_100,340.46
1781449848,R_100,340.53
1781449850,R_100,340.47
1781449852,R_100,340.49
1781449854,R_100,340.49
1781449856,R_100,340.58
1781449858,R_100,340.51
1781449860,R_100,340.45
1781449862,R_100,340.44
1781449864,R_100,340.35
1781449866,R_100,340.39
1781449868,R_100,340.38
1781449870,R_100,340.37
1781449872,R_100,340.47
1781449874,R_100,340.51
1781449876,R_100,340.52
1781449878,R_100,340.39
1781449880,R_100,340.32
1781449882,R_100,340.17
1781449884,R_100,340.16
1781449886,R_100,340.12
1781449888,R_100,340.21
1781449890,R_100,340.06
1781449892,R_100,340.14
1781449894,R_100,340.09
1781449896,R_100,340.17
1781449898,R_100,340.16
1781449900,R_100,340.24
1781449902,R_100,340.22
1781449904,R_100,340.43
1781449906,R_100,340.36
1781449908,R_100,340.38
1781449910,R_100,340.44
1781449912,R_100,340.47
1781449914,R_100,340.39
1781449916,R_100,340.37
1781449918,R_100,340.38
1781449920,R_100,340.23
1781449922,R_100,340.34
1781449924,R_100,340.29
1781449926,R_100,340.29
1781449928,R_100,340.42
1781449930,R_100,340.42
1781449932,R_100,340.41
1781449934,R_100,340.52
1781449936,R_100,340.5
1781449938,R_100,340.55
1781449940,R_100,340.43
1781449942,R_100,340.46
1781449944,R_100,340.47
1781449946,R_100,340.36
1781449948,R_100,340.49
1781449950,R_100,340.43
1781449952,R_100,340.43
1781449954,R_100,340.4
1781449956,R_100,340.28
1781449958,R_100,340.32
1781449960,R_100,340.48
1781449962,R_100,340.41
1781449964,R_100,340.41
1781449966,R_100,340.37
1781449968,R_100,340.44
1781449970,R_100,340.32
1781449972,R_100,340.21
1781449974,R_100,340.11
1781449976,R_100,340.23
1781449978,R_100,340.28
1781449980,R_100,340.24
1781449982,R_100,340.12
1781449984,R_100,340.19
1781449986,R_100,340.25
1781449988,R_100,340.21
1781449990,R_100,340.14
1781449992,R_100,340.11
1781449994,R_100,340.02
1781449996,R_100,340.19
1781449998,R_100,340.25
1781450000,R_100,340.18
1781450002,R_100,340.3
1781450004,R_100,340.31
1781450006,R_100,340.11
1781450008,R_100,340.17
1781450010,R_100,340.06
1781450012,R_100,340.15
1781450014,R_100,340.22
1781450016,R_100,340.23
1781450018,R_100,340.37
1781450020,R_100,340.37
1781450022,R_100,340.33
1781450024,R_100,340.26
1781450026,R_100,340.34
1781450028,R_100,340.31
1781450030,R_100,340.31
1781450032,R_100,340.2
1781450034,R_100,340.28
1781450036,R_100,340.27
1781450038,R_100,340.26
1781450040,R_100,340.27
1781450042,R_100,340.29
1781450044,R_100,340.29
1781450046,R_100,340.42
1781450048,R_100,340.34
1781450050,R_100,340.27
1781450052,R_100,340.22
1781450054,R_100,340.35
1781450056,R_100,340.22
1781450058,R_100,340.12
1781450060,R_100,340.16
1781450062,R_100,340.18
1781450064,R_100,340.14
1781450066,R_100,340.15
1781450068,R_100,340.13
1781450070,R_100,340
1781450072,R_100,340.09
1781450074,R_100,339.91
1781450076,R_100,339.93
1781450078,R_100,340.04
1781450080,R_100,339.95
1781450082,R_100,339.78
1781450084,R_100,339.76
1781450086,R_100,339.66
1781450088,R_100,339.72
1781450090,R_100,339.8
1781450092,R_100,339.8
1781450094,R_100,339.78
1781450096,R_100,339.75
1781450098,R_100,339.7
1781450100,R_100,339.77
1781450102,R_100,339.85
1781450104,R_100,339.94
1781450106,R_100,339.92
1781450108,R_100,339.98
1781450110,R_100,339.96
1781450112,R_100,339.88
1781450114,R_100,339.86
1781450116,R_100,339.94
1781450118,R_100,339.96
1781450120,R_100,339.87
1781450122,R_100,339.73
1781450124,R_100,339.84
1781450126,R_100,339.9
1781450128,R_100,339.91
1781450130,R_100,339.86
1781450132,R_100,339.8
1781450134,R_100,339.9
1781450136,R_100,339.73
1781450138,R_100,339.93
1781450140,R_100,340.08
1781450142,R_100,340.09
1781450144,R_100,340.12
1781450146,R_100,340.24
1781450148,R_100,340.22
1781450150,R_100,340.31
1781450152,R_100,340.38
1781450154,R_100,340.4
1781450156,R_100,340.47
1781450158,R_100,340.51
1781450160,R_100,340.44
1781450162,R_100,340.55
1781450164,R_100,340.68
1781450166,R_100,340.77
1781450168,R_100,340.69
1781450170,R_100,340.66
1781450172,R_100,340.68
1781450174,R_100,340.63
1781450176,R_100,340.55
1781450178,R_100,340.49
1781450180,R_100,340.37
1781450182,R_100,340.47
1781450184,R_100,340.61
1781450186,R_100,340.69
1781450188,R_100,340.61
1781450190,R_100,340.54
1781450192,R_100,340.56
1781450194,R_100,340.64
1781450196,R_100,340.74
1781450198,R_100,340.75
1781450200,R_100,340.87
1781450202,R_100,340.9
1781450204,R_100,340.95
1781450206,R_100,340.92
1781450208,R_100,340.91
1781450210,R_100,340.84
1781450212,R_100,340.92
1781450214,R_100,341.01
1781450216,R_100,341.02
1781450218,R_100,341.11
1781450220,R_100,341.18
1781450222,R_100,341.11
1781450224,R_100,341.11
1781450226,R_100,341.18
1781450228,R_100,341.2
1781450230,R_100,341.18
1781450232,R_100,341.21
1781450234,R_100,341.21
1781450236,R_100,341.48
1781450238,R_100,341.45
1781450240,R_100,341.32
1781450242,R_100,341.28
1781450244,R_100,341.21
1781450246,R_100,341.17
1781450248,R_100,341.08
1781450250,R_100,341.17
1781450252,R_100,341.19
1781450254,R_100,341.1
1781450256,R_100,341.07
1781450258,R_100,341.01
1781450260,R_100,341.02
1781450262,R_100,341.17
1781450264,R_100,341.13
1781450266,R_100,341.12
1781450268,R_100,340.93
1781450270,R_100,341.03
1781450272,R_100,340.98
1781450274,R_100,340.91
1781450276,R_100,340.97
1781450278,R_100,340.98
1781450280,R_100,340.97
1781450282,R_100,340.87
1781450284,R_100,340.88
1781450286,R_100,340.9
1781450288,R_100,340.74
1781450290,R_100,340.78
1781450292,R_100,340.71
1781450294,R_100,340.67
1781450296,R_100,340.67
1781450298,R_100,340.69
1781450300,R_100,340.58
1781450302,R_100,340.62
1781450304,R_100,340.48
1781450306,R_100,340.44
1781450308,R_100,340.46
1781450310,R_100,340.41
1781450312,R_100,340.37
1781450314,R_100,340.09
1781450316,R_100,340.09
1781450318,R_100,340.01
1781450320,R_100,339.94
1781450322,R_100,340.03
1781450324,R_100,340.02
1781450326,R_100,340.08
1781450328,R_100,340.15
1781450330,R_100,340.21
1781450332,R_100,340.25
1781450334,R_100,340.21
1781450336,R_100,340.31
1781450338,R_100,340.34
1781450340,R_100,340.36
1781450342,R_100,340.39
1781450344,R_100,340.29
1781450346,R_100,340.23
1781450348,R_100,340.21
1781450350,R_100,340.27
1781450352,R_100,340.28
1781450354,R_100,340.28
1781450356,R_100,340.36
1781450358,R_100,340.23
1781450360,R_100,340.19
1781450362,R_100,340.33
1781450364,R_100,340.37
1781450366,R_100,340.55
1781450368,R_100,340.5
1781450370,R_100,340.56
1781450372,R_100,340.48
1781450374,R_100,340.6
1781450376,R_100,340.75
1781450378,R_100,340.7
1781450380,R_100,340.74
1781450382,R_100,340.7
1781450384,R_100,340.8
1781450386,R_100,340.7
1781450388,R_100,340.9
1781450390,R_100,341.03
1781450392,R_100,340.99
1781450394,R_100,341.06
1781450396,R_100,340.98
1781450398,R_100,341
1781450400,R_100,341.06
1781450402,R_100,340.92
1781450404,R_100,341.04
1781450406,R_100,340.88
1781450408,R_100,340.84
1781450410,R_100,340.88
1781450412,R_100,340.85
1781450414,R_100,340.85
1781450416,R_100,340.77
1781450418,R_100,340.75
1781450420,R_100,340.87
1781450422,R_100,340.79
1781450424,R_100,340.86
1781450426,R_100,340.85
1781450428,R_100,340.83
1781450430,R_100,340.91
1781450432,R_100,340.97
1781450434,R_100,340.74
1781450436,R_100,340.81
1781450438,R_100,340.86
1781450440,R_100,340.79
1781450442,R_100,340.84
1781450444,R_100,340.9
1781450446,R_100,340.84
1781450448,R_100,340.81
1781450450,R_100,340.61
1781450452,R_100,340.84
1781450454,R_100,340.91
1781450456,R_100,340.91
1781450458,R_100,340.96
1781450460,R_100,341.05
1781450462,R_100,341.2
1781450464,R_100,341.29
1781450466,R_100,341.26
1781450468,R_100,341.29
1781450470,R_100,341.19
1781450472,R_100,341.12
1781450474,R_100,341.27
1781450476,R_100,341.21
1781450478,R_100,341.15
1781450480,R_100,341.17
1781450482,R_100,341.26
1781450484,R_100,341.31
1781450486,R_100,341.13
1781450488,R_100,341.29
1781450490,R_100,341.26
1781450492,R_100,341.2
1781450494,R_100,341.28
1781450496,R_100,341.21
1781450498,R_100,341.16
1781450500,R_100,341.28
1781450502,R_100,341.24
1781450504,R_100,341.41
1781450506,R_100,341.39
1781450508,R_100,341.36
1781450510,R_100,341.44
1781450512,R_100,341.34
1781450514,R_100,341.27
1781450516,R_100,341.42
1781450518,R_100,341.51
1781450520,R_100,341.59
1781450522,R_100,341.64
1781450524,R_100,341.74
1781450526,R_100,341.57
1781450528,R_100,341.45
1781450530,R_100,341.46
1781450532,R_100,341.53
1781450534,R_100,341.61
1781450536,R_100,341.56
1781450538,R_100,341.68
1781450540,R_100,341.73
1781450542,R_100,341.87
1781450544,R_100,341.92
1781450546,R_100,341.91
1781450548,R_100,341.93
1781450550,R_100,342
1781450552,R_100,342.06
1781450554,R_100,342.19
1781450556,R_100,342.16
1781450558,R_100,342.14
1781450560,R_100,341.99
1781450562,R_100,341.96
1781450564,R_100,341.85
1781450566,R_100,341.79
1781450568,R_100,341.74
1781450570,R_100,341.75
1781450572,R_100,341.69
1781450574,R_100,341.67
1781450576,R_100,341.64
1781450578,R_100,341.64
1781450580,R_100,341.7
1781450582,R_100,341.63
1781450584,R_100,341.41
1781450586,R_100,341.44
1781450588,R_100,341.41
1781450590,R_100,341.46
1781450592,R_100,341.37
1781450594,R_100,341.35
1781450596,R_100,341.32
1781450598,R_100,341.35
1781450600,R_100,341.49
1781450602,R_100,341.48
1781450604,R_100,341.43
1781450606,R_100,341.31
1781450608,R_100,341.34
1781450610,R_100,341.42
1781450612,R_100,341.35
1781450614,R_100,341.32
1781450616,R_100,341.26
1781450618,R_100,341.35
1781450620,R_100,341.42
1781450622,R_100,341.36
1781450624,R_100,341.33
1781450626,R_100,341.33
1781450628,R_100,341.29
1781450630,R_100,341.31
1781450632,R_100,341.36
1781450634,R_100,341.28
1781450636,R_100,341.3
1781450638,R_100,341.22
1781450640,R_100,341.23
1781450642,R_100,341.34
1781450644,R_100,341.38
1781450646,R_100,341.35
1781450648,R_100,341.39
1781450650,R_100,341.39
1781450652,R_100,341.31
1781450654,R_100,341.16
1781450656,R_100,341.16
1781450658,R_100,341.14
1781450660,R_100,341.12
1781450662,R_100,341.02
1781450664,R_100,341.05
1781450666,R_100,341.02
1781450668,R_100,341.1
1781450670,R_100,341.09
1781450672,R_100,341.08
1781450674,R_100,340.98
1781450676,R_100,341.05
1781450678,R_100,341
1781450680,R_100,340.95
1781450682,R_100,340.96
1781450684,R_100,340.92
1781450686,R_100,340.93
1781450688,R_100,340.97
1781450690,R_100,340.88
1781450692,R_100,340.84
1781450694,R_100,340.93
1781450696,R_100,340.99
1781450698,R_100,340.94
1781450700,R_100,340.86
1781450702,R_100,340.74
1781450704,R_100,340.77
1781450706,R_100,340.82
1781450708,R_100,340.77
1781450710,R_100,340.76
1781450712,R_100,340.85
1781450714,R_100,340.77
1781450716,R_100,340.68
1781450718,R_100,340.54
1781450720,R_100,340.72
1781450722,R_100,340.78
1781450724,R_100,340.63
1781450726,R_100,340.54
1781450728,R_100,340.51
1781450730,R_100,340.59
1781450732,R_100,340.66
1781450734,R_100,340.74
1781450736,R_100,340.93
1781450738,R_100,341.02
1781450740,R_100,340.98
1781450742,R_100,341.01
1781450744,R_100,341.11
1781450746,R_100,341.08
1781450748,R_100,341.06
1781450750,R_100,340.99
1781450752,R_100,340.91
1781450754,R_100,341.02
1781450756,R_100,341.15
1781450758,R_100,341.02
1781450760,R_100,341.15
1781450762,R_100,341.29
1781450764,R_100,341.38
1781450766,R_100,341.46
1781450768,R_100,341.55
1781450770,R_100,341.65
1781450772,R_100,341.52
1781450774,R_100,341.45
1781450776,R_100,341.47
1781450778,R_100,341.65
1781450780,R_100,341.5
1781450782,R_100,341.51
1781450784,R_100,341.66
1781450786,R_100,341.76
1781450788,R_100,341.77
1781450790,R_100,341.69
1781450792,R_100,341.57
1781450794,R_100,341.44
1781450796,R_100,341.33
1781450798,R_100,341.29
1781450800,R_100,341.23
1781450802,R_100,341.29
1781450804,R_100,341.37
1781450806,R_100,341.38
1781450808,R_100,341.29
1781450810,R_100,341.14
1781450812,R_100,341.07
1781450814,R_100,340.97
1781450816,R_100,340.9
1781450818,R_100,341.05
1781450820,R_100,341.06
1781450822,R_100,341
1781450824,R_100,341.01
1781450826,R_100,341.05
1781450828,R_100,341.02
1781450830,R_100,340.93
1781450832,R_100,340.93
1781450834,R_100,340.83
1781450836,R_100,340.76
1781450838,R_100,340.78
1781450840,R_100,340.86
1781450842,R_100,340.79
1781450844,R_100,340.74
1781450846,R_100,340.61
1781450848,R_100,340.82
1781450850,R_100,340.84
1781450852,R_100,340.89
1781450854,R_100,340.91
1781450856,R_100,340.94
1781450858,R_100,340.99
1781450860,R_100,340.93
1781450862,R_100,340.87
1781450864,R_100,340.98
1781450866,R_100,340.99
1781450868,R_100,340.97
1781450870,R_100,340.95
1781450872,R_100,340.85
1781450874,R_100,340.87
1781450876,R_100,340.94
1781450878,R_100,340.9
1781450880,R_100,341
1781450882,R_100,340.9
1781450884,R_100,340.9
1781450886,R_100,340.99
1781450888,R_100,340.94
1781450890,R_100,341.05
1781450892,R_100,341.09
1781450894,R_100,341.04
1781450896,R_100,341.12
1781450898,R_100,341.08
1781450900,R_100,341.23
1781450902,R_100,341.17
1781450904,R_100,341.24
1781450906,R_100,341.23
1781450908,R_100,341.37
1781450910,R_100,341.37
1781450912,R_100,341.41
1781450914,R_100,341.43
1781450916,R_100,341.38
1781450918,R_100,341.45
1781450920,R_100,341.41
1781450922,R_100,341.49
1781450924,R_100,341.51
1781450926,R_100,341.36
1781450928,R_100,341.38
1781450930,R_100,341.32
1781450932,R_100,341.42
1781450934,R_100,341.44
1781450936,R_100,341.61
1781450938,R_100,341.44
1781450940,R_100,341.49
1781450942,R_100,341.41
1781450944,R_100,341.35
1781450946,R_100,341.21
1781450948,R_100,341.16
1781450950,R_100,341.15
1781450952,R_100,341.13
1781450954,R_100,341.19
1781450956,R_100,341.24
1781450958,R_100,341.21
1781450960,R_100,341.13
1781450962,R_100,341.03
1781450964,R_100,341.02
1781450966,R_100,340.96
1781450968,R_100,340.85
1781450970,R_100,340.79
1781450972,R_100,340.88
1781450974,R_100,340.92
1781450976,R_100,341.05
1781450978,R_100,341.06
1781450980,R_100,341.07
1781450982,R_100,341.16
1781450984,R_100,341.27
1781450986,R_100,341.23
1781450988,R_100,341.09
1781450990,R_100,341.02
1781450992,R_100,341.11
1781450994,R_100,341.19
1781450996,R_100,341.21
1781450998,R_100,341.22
1781451000,R_100,341.07
1781451002,R_100,341.12
1781451004,R_100,341.11
1781451006,R_100,341.11
1781451008,R_100,341.27
1781451010,R_100,341.15
1781451012,R_100,341.22
1781451014,R_100,341.17
1781451016,R_100,341.2
1781451018,R_100,341.2
1781451020,R_100,341.26
1781451022,R_100,341.32
1781451024,R_100,341.39
1781451026,R_100,341.49
1781451028,R_100,341.55
1781451030,R_100,341.53
1781451032,R_100,341.42
1781451034,R_100,341.43
1781451036,R_100,341.6
1781451038,R_100,341.64
1781451040,R_100,341.69
1781451042,R_100,341.72
1781451044,R_100,341.84
1781451046,R_100,341.92
1781451048,R_100,342.05
1781451050,R_100,342.11
1781451052,R_100,342.13
1781451054,R_100,342.09
1781451056,R_100,342.23
1781451058,R_100,342.44
1781451060,R_100,342.44
1781451062,R_100,342.49
1781451064,R_100,342.65
1781451066,R_100,342.71
1781451068,R_100,342.71
1781451070,R_100,342.75
1781451072,R_100,342.77
1781451074,R_100,342.68
1781451076,R_100,342.58
1781451078,R_100,342.67
1781451080,R_100,342.74
1781451082,R_100,342.77
1781451084,R_100,342.76
1781451086,R_100,342.8
1781451088,R_100,342.82
1781451090,R_100,342.8
1781451092,R_100,342.72
1781451094,R_100,342.6
1781451096,R_100,342.47
1781451098,R_100,342.44
1781451100,R_100,342.41
1781451102,R_100,342.29
1781451104,R_100,342.33
1781451106,R_100,342.34
1781451108,R_100,342.3
1781451110,R_100,342.27
1781451112,R_100,342.1
1781451114,R_100,342.14
1781451116,R_100,342.13
1781451118,R_100,342.05
1781451120,R_100,341.93
1781451122,R_100,341.93
1781451124,R_100,341.89
1781451126,R_100,341.86
1781451128,R_100,341.73
1781451130,R_100,341.71
1781451132,R_100,341.77
1781451134,R_100,341.77
1781451136,R_100,341.79
1781451138,R_100,341.82
1781451140,R_100,341.72
1781451142,R_100,341.75
1781451144,R_100,341.79
1781451146,R_100,341.67
1781451148,R_100,341.57
1781451150,R_100,341.49
1781451152,R_100,341.36
1781451154,R_100,341.39
1781451156,R_100,341.38
1781451158,R_100,341.36
1781451160,R_100,341.33
1781451162,R_100,341.19
1781451164,R_100,341.3
1781451166,R_100,341.31
1781451168,R_100,341.28
1781451170,R_100,341.33
1781451172,R_100,341.43
1781451174,R_100,341.4
1781451176,R_100,341.51
1781451178,R_100,341.51
1781451180,R_100,341.41
1781451182,R_100,341.48
1781451184,R_100,341.5
1781451186,R_100,341.49
1781451188,R_100,341.51
1781451190,R_100,341.44
1781451192,R_100,341.42
1781451194,R_100,341.56
1781451196,R_100,341.62
1781451198,R_100,341.45
1781451200,R_100,341.51
1781451202,R_100,341.44
1781451204,R_100,341.57
1781451206,R_100,341.55
1781451208,R_100,341.71
1781451210,R_100,341.71
1781451212,R_100,341.79
1781451214,R_100,341.82
1781451216,R_100,341.69
1781451218,R_100,341.64
1781451220,R_100,341.63
1781451222,R_100,341.77
1781451224,R_100,341.73
1781451226,R_100,341.78
1781451228,R_100,341.8
1781451230,R_100,341.86
1781451232,R_100,341.84
1781451234,R_100,341.74
1781451236,R_100,341.67
1781451238,R_100,341.7
1781451240,R_100,341.81
1781451242,R_100,341.78
1781451244,R_100,341.8
1781451246,R_100,341.81
1781451248,R_100,341.76
1781451250,R_100,341.83
1781451252,R_100,341.82
1781451254,R_100,341.92
1781451256,R_100,341.81
1781451258,R_100,342.04
1781451260,R_100,341.98
1781451262,R_100,342.09
1781451264,R_100,341.92
1781451266,R_100,342.08
1781451268,R_100,342.09
1781451270,R_100,342.14
1781451272,R_100,342.11
1781451274,R_100,342.16
1781451276,R_100,342.24
1781451278,R_100,342.41
1781451280,R_100,342.41
1781451282,R_100,342.29
1781451284,R_100,342.18
1781451286,R_100,342.1
1781451288,R_100,341.97
1781451290,R_100,341.85
1781451292,R_100,341.89
1781451294,R_100,341.86
1781451296,R_100,341.82
1781451298,R_100,341.9
1781451300,R_100,341.75
1781451302,R_100,341.83
1781451304,R_100,341.78
1781451306,R_100,341.71
1781451308,R_100,341.68
1781451310,R_100,341.71
1781451312,R_100,341.82
1781451314,R_100,341.66
1781451316,R_100,341.52
1781451318,R_100,341.38
1781451320,R_100,341.4
1781451322,R_100,341.6
1781451324,R_100,341.56
1781451326,R_100,341.48
1781451328,R_100,341.39
1781451330,R_100,341.42
1781451332,R_100,341.42
1781451334,R_100,341.55
1781451336,R_100,341.47
1781451338,R_100,341.33
1781451340,R_100,341.34
1781451342,R_100,341.33
1781451344,R_100,341.16
1781451346,R_100,341.04
1781451348,R_100,341
1781451350,R_100,341
1781451352,R_100,341.03
1781451354,R_100,341.07
1781451356,R_100,341.1
1781451358,R_100,341.02
1781451360,R_100,341.15
1781451362,R_100,341.06
1781451364,R_100,340.99
1781451366,R_100,340.97
1781451368,R_100,340.96
1781451370,R_100,341
1781451372,R_100,341.04
1781451374,R_100,341.06
1781451376,R_100,340.89
1781451378,R_100,340.86
1781451380,R_100,340.91
1781451382,R_100,340.97
1781451384,R_100,340.82
1781451386,R_100,340.68
1781451388,R_100,340.65
1781451390,R_100,340.57
1781451392,R_100,340.5
1781451394,R_100,340.64
1781451396,R_100,340.52
1781451398,R_100,340.38
1781451400,R_100,340.44
1781451402,R_100,340.52
1781451404,R_100,340.58
1781451406,R_100,340.41
1781451408,R_100,340.47
1781451410,R_100,340.35
1781451412,R_100,340.35
1781451414,R_100,340.25
1781451416,R_100,340.09
1781451418,R_100,340.09
1781451420,R_100,340.07
1781451422,R_100,340.05
1781451424,R_100,340.01
1781451426,R_100,340.01
1781451428,R_100,339.9
1781451430,R_100,339.95
1781451432,R_100,340.02
1781451434,R_100,340.04
1781451436,R_100,340.01
1781451438,R_100,340.11
1781451440,R_100,340.08
1781451442,R_100,340.13
1781451444,R_100,340.19
1781451446,R_100,340.19
1781451448,R_100,340.13
1781451450,R_100,340.13
1781451452,R_100,340.21
1781451454,R_100,340.13
1781451456,R_100,340.15
1781451458,R_100,340.06
1781451460,R_100,339.98
1781451462,R_100,339.89
1781451464,R_100,339.96
1781451466,R_100,339.95
1781451468,R_100,340.06
1781451470,R_100,340.13
1781451472,R_100,340.15
1781451474,R_100,340.09
1781451476,R_100,340.01
1781451478,R_100,340.17
1781451480,R_100,340.08
1781451482,R_100,340.23
1781451484,R_100,340.28
1781451486,R_100,340.33
1781451488,R_100,340.26
1781451490,R_100,340.25
1781451492,R_100,340.2
1781451494,R_100,340.07
1781451496,R_100,339.98
1781451498,R_100,339.85
1781451500,R_100,339.96
1781451502,R_100,339.97
1781451504,R_100,340.07
1781451506,R_100,339.93
1781451508,R_100,340.07
1781451510,R_100,339.96
1781451512,R_100,339.9
1781451514,R_100,339.89
1781451516,R_100,339.99
1781451518,R_100,340.06
1781451520,R_100,340.04
1781451522,R_100,340.15
1781451524,R_100,340.2
1781451526,R_100,340.12
1781451528,R_100,340.19
1781451530,R_100,340.32
1781451532,R_100,340.29
1781451534,R_100,340.32
1781451536,R_100,340.36
1781451538,R_100,340.38
1781451540,R_100,340.4
1781451542,R_100,340.38
1781451544,R_100,340.36
1781451546,R_100,340.47
1781451548,R_100,340.47
1781451550,R_100,340.5
1781451552,R_100,340.39
1781451554,R_100,340.54
1781451556,R_100,340.63
1781451558,R_100,340.65
1781451560,R_100,340.73
1781451562,R_100,340.7
1781451564,R_100,340.76
1781451566,R_100,340.78
1781451568,R_100,340.73
1781451570,R_100,340.54
1781451572,R_100,340.7
1781451574,R_100,340.76
1781451576,R_100,340.76
1781451578,R_100,340.83
1781451580,R_100,340.82
1781451582,R_100,340.88
1781451584,R_100,340.78
1781451586,R_100,340.9
1781451588,R_100,340.92
1781451590,R_100,340.95
1781451592,R_100,340.76
1781451594,R_100,340.66
1781451596,R_100,340.64
1781451598,R_100,340.57
1781451600,R_100,340.61
1781451602,R_100,340.71
1781451604,R_100,340.68
1781451606,R_100,340.59
1781451608,R_100,340.57
1781451610,R_100,340.49
1781451612,R_100,340.43
1781451614,R_100,340.44
1781451616,R_100,340.51
1781451618,R_100,340.61
1781451620,R_100,340.52
1781451622,R_100,340.56
1781451624,R_100,340.57
1781451626,R_100,340.69
1781451628,R_100,340.73
1781451630,R_100,340.73
1781451632,R_100,340.79
1781451634,R_100,340.82
1781451636,R_100,340.93
1781451638,R_100,340.94
1781451640,R_100,341.02
1781451642,R_100,341.02
1781451644,R_100,341.03
1781451646,R_100,341.03
1781451648,R_100,341.07
1781451650,R_100,341.22
1781451652,R_100,341.16
1781451654,R_100,341.16
1781451656,R_100,341.26
1781451658,R_100,341.3
1781451660,R_100,341.25
1781451662,R_100,341.15
1781451664,R_100,341.25
1781451666,R_100,341.13
1781451668,R_100,341.16
1781451670,R_100,341.07
1781451672,R_100,340.92
1781451674,R_100,341
1781451676,R_100,341.14
1781451678,R_100,340.98
1781451680,R_100,341.03
1781451682,R_100,340.94
1781451684,R_100,340.98
1781451686,R_100,340.97
1781451688,R_100,341.01
1781451690,R_100,341.05
1781451692,R_100,341.1
1781451694,R_100,341.03
1781451696,R_100,341.05
1781451698,R_100,340.93
1781451700,R_100,340.95
1781451702,R_100,340.98
1781451704,R_100,341.02
1781451706,R_100,341.12
1781451708,R_100,341.14
1781451710,R_100,341.13
1781451712,R_100,341.3
1781451714,R_100,341.31
1781451716,R_100,341.47
1781451718,R_100,341.42
1781451720,R_100,341.49
1781451722,R_100,341.53
1781451724,R_100,341.5
1781451726,R_100,341.5
1781451728,R_100,341.64
1781451730,R_100,341.68
1781451732,R_100,341.75
1781451734,R_100,341.58
1781451736,R_100,341.53
1781451738,R_100,341.44
1781451740,R_100,341.46
1781451742,R_100,341.54
1781451744,R_100,341.44
1781451746,R_100,341.39
1781451748,R_100,341.28
1781451750,R_100,341.25
1781451752,R_100,341.29
1781451754,R_100,341.25
1781451756,R_100,341.13
1781451758,R_100,341.15
1781451760,R_100,341.16
1781451762,R_100,341.12
1781451764,R_100,341.17
1781451766,R_100,341.34
1781451768,R_100,341.28
1781451770,R_100,341.26
1781451772,R_100,341.19
1781451774,R_100,341.29
1781451776,R_100,341.34
1781451778,R_100,341.37
1781451780,R_100,341.28
1781451782,R_100,341.36
1781451784,R_100,341.34
1781451786,R_100,341.37
1781451788,R_100,341.35
1781451790,R_100,341.23
1781451792,R_100,341.23
1781451794,R_100,341.3
1781451796,R_100,341.33
1781451798,R_100,341.45
1781451800,R_100,341.55
1781451802,R_100,341.42
1781451804,R_100,341.47
1781451806,R_100,341.45
1781451808,R_100,341.47
1781451810,R_100,341.33
1781451812,R_100,341.21
1781451814,R_100,341.26
1781451816,R_100,341.24
1781451818,R_100,341.26
1781451820,R_100,341.45
1781451822,R_100,341.59
1781451824,R_100,341.59
1781451826,R_100,341.55
1781451828,R_100,341.56
1781451830,R_100,341.5
1781451832,R_100,341.5
1781451834,R_100,341.49
1781451836,R_100,341.48
1781451838,R_100,341.53
1781451840,R_100,341.5
1781451842,R_100,341.57
1781451844,R_100,341.52
1781451846,R_100,341.42
1781451848,R_100,341.33
1781451850,R_100,341.31
1781451852,R_100,341.13
1781451854,R_100,341.17
1781451856,R_100,341.14
1781451858,R_100,341.21
1781451860,R_100,341.26
1781451862,R_100,341.25
1781451864,R_100,341.31
1781451866,R_100,341.32
1781451868,R_100,341.34
1781451870,R_100,341.36
1781451872,R_100,341.28
1781451874,R_100,341.25
1781451876,R_100,341.42
1781451878,R_100,341.24
1781451880,R_100,341.34
1781451882,R_100,341.4
1781451884,R_100,341.48
1781451886,R_100,341.55
1781451888,R_100,341.61
1781451890,R_100,341.54
1781451892,R_100,341.43
1781451894,R_100,341.21
1781451896,R_100,341.22
1781451898,R_100,341.16
1781451900,R_100,341.17
1781451902,R_100,341.02
1781451904,R_100,340.93
1781451906,R_100,340.87
1781451908,R_100,340.82
1781451910,R_100,340.87
1781451912,R_100,340.9
1781451914,R_100,340.88
1781451916,R_100,340.84
1781451918,R_100,340.76
1781451920,R_100,340.85
1781451922,R_100,340.81
1781451924,R_100,340.77
1781451926,R_100,340.87
1781451928,R_100,340.93
1781451930,R_100,340.98
1781451932,R_100,341.03
1781451934,R_100,341.03
1781451936,R_100,341.01
1781451938,R_100,340.93
1781451940,R_100,340.8
1781451942,R_100,340.76
1781451944,R_100,340.9
1781451946,R_100,340.82
1781451948,R_100,340.8
1781451950,R_100,340.72
1781451952,R_100,340.59
1781451954,R_100,340.53
1781451956,R_100,340.63
1781451958,R_100,340.59
1781451960,R_100,340.42
1781451962,R_100,340.58
1781451964,R_100,340.61
1781451966,R_100,340.7
1781451968,R_100,340.64
1781451970,R_100,340.63
1781451972,R_100,340.69
1781451974,R_100,340.58
1781451976,R_100,340.58
1781451978,R_100,340.57
1781451980,R_100,340.49
1781451982,R_100,340.49
1781451984,R_100,340.36
1781451986,R_100,340.42
1781451988,R_100,340.37
1781451990,R_100,340.23
1781451992,R_100,340.21
1781451994,R_100,340.16
1781451996,R_100,340.15
1781451998,R_100,340.04
1781452000,R_100,340.13
1781452002,R_100,340.02
1781452004,R_100,339.92
1781452006,R_100,339.91
1781452008,R_100,339.88
1781452010,R_100,339.76
1781452012,R_100,339.6
1781452014,R_100,339.58
1781452016,R_100,339.51
1781452018,R_100,339.52
1781452020,R_100,339.56
1781452022,R_100,339.66
1781452024,R_100,339.53
1781452026,R_100,339.49
1781452028,R_100,339.38
1781452030,R_100,339.41
1781452032,R_100,339.42
1781452034,R_100,339.45
1781452036,R_100,339.48
1781452038,R_100,339.64
1781452040,R_100,339.56
1781452042,R_100,339.58
1781452044,R_100,339.58
1781452046,R_100,339.53
1781452048,R_100,339.56
1781452050,R_100,339.59
1781452052,R_100,339.67
1781452054,R_100,339.76
1781452056,R_100,339.71
1781452058,R_100,339.6
1781452060,R_100,339.62
1781452062,R_100,339.76
1781452064,R_100,339.76
1781452066,R_100,339.85
1781452068,R_100,339.78
1781452070,R_100,339.7
1781452072,R_100,339.75
1781452074,R_100,339.69
1781452076,R_100,339.79
1781452078,R_100,339.71
1781452080,R_100,339.69
1781452082,R_100,339.72
1781452084,R_100,339.59
1781452086,R_100,339.71
1781452088,R_100,339.85
1781452090,R_100,339.76
1781452092,R_100,339.72
1781452094,R_100,339.72
1781452096,R_100,339.74
1781452098,R_100,339.72
1781452100,R_100,339.56
1781452102,R_100,339.61
1781452104,R_100,339.55
1781452106,R_100,339.69
1781452108,R_100,339.7
1781452110,R_100,339.87
1781452112,R_100,339.88
1781452114,R_100,339.89
1781452116,R_100,339.96
1781452118,R_100,340.15
1781452120,R_100,340.16
1781452122,R_100,340.21
1781452124,R_100,340.22
1781452126,R_100,340.38
1781452128,R_100,340.43
1781452130,R_100,340.45
1781452132,R_100,340.45
1781452134,R_100,340.45
1781452136,R_100,340.45
1781452138,R_100,340.5
1781452140,R_100,340.45
1781452142,R_100,340.41
1781452144,R_100,340.47
1781452146,R_100,340.66
1781452148,R_100,340.81
1781452150,R_100,340.78
1781452152,R_100,340.75
1781452154,R_100,340.61
1781452156,R_100,340.57
1781452158,R_100,340.42
1781452160,R_100,340.6
1781452162,R_100,340.66
1781452164,R_100,340.78
1781452166,R_100,340.65
1781452168,R_100,340.62
1781452170,R_100,340.7
1781452172,R_100,340.87
1781452174,R_100,340.74
1781452176,R_100,340.7
1781452178,R_100,340.63
1781452180,R_100,340.47
1781452182,R_100,340.42
1781452184,R_100,340.46
1781452186,R_100,340.53
1781452188,R_100,340.44
1781452190,R_100,340.43
1781452192,R_100,340.44
1781452194,R_100,340.32
1781452196,R_100,340.31
1781452198,R_100,340.16
1781452200,R_100,340.15
1781452202,R_100,340.18
1781452204,R_100,340.37
1781452206,R_100,340.31
1781452208,R_100,340.26
1781452210,R_100,340.2
1781452212,R_100,340.28
1781452214,R_100,340.31
1781452216,R_100,340.23
1781452218,R_100,340.33
1781452220,R_100,340.41
1781452222,R_100,340.47
1781452224,R_100,340.52
1781452226,R_100,340.37
1781452228,R_100,340.33
1781452230,R_100,340.4
1781452232,R_100,340.21
1781452234,R_100,340.31
1781452236,R_100,340.24
1781452238,R_100,340.28
1781452240,R_100,340.38
1781452242,R_100,340.28
1781452244,R_100,340.31
1781452246,R_100,340.23
1781452248,R_100,340.2
1781452250,R_100,340.08
1781452252,R_100,340.07
1781452254,R_100,340.23
1781452256,R_100,340.32
1781452258,R_100,340.38
1781452260,R_100,340.24
1781452262,R_100,340.34
1781452264,R_100,340.44
1781452266,R_100,340.32
1781452268,R_100,340.27
1781452270,R_100,340.27
1781452272,R_100,340.33
1781452274,R_100,340.42
1781452276,R_100,340.4
1781452278,R_100,340.24
1781452280,R_100,340.35
1781452282,R_100,340.36
1781452284,R_100,340.37
1781452286,R_100,340.43
1781452288,R_100,340.24
1781452290,R_100,340.15
1781452292,R_100,340.07
1781452294,R_100,340.08
1781452296,R_100,339.96
1781452298,R_100,339.98
1781452300,R_100,340.05
1781452302,R_100,340.07
1781452304,R_100,340.09
1781452306,R_100,340.13
1781452308,R_100,340.14
1781452310,R_100,340.09
1781452312,R_100,340.2
1781452314,R_100,340.19
1781452316,R_100,340.13
1781452318,R_100,340.11
1781452320,R_100,339.99
1781452322,R_100,340.06
1781452324,R_100,339.89
1781452326,R_100,339.81
1781452328,R_100,339.81
1781452330,R_100,339.57
1781452332,R_100,339.54
1781452334,R_100,339.63
1781452336,R_100,339.5
1781452338,R_100,339.54
1781452340,R_100,339.42
1781452342,R_100,339.3
1781452344,R_100,339.28
1781452346,R_100,339.28
1781452348,R_100,339.18
1781452350,R_100,339.21
1781452352,R_100,339.18
1781452354,R_100,339.18
1781452356,R_100,339.14
1781452358,R_100,339.15
1781452360,R_100,339.03
1781452362,R_100,338.97
1781452364,R_100,338.98
1781452366,R_100,339.14
1781452368,R_100,339.15
1781452370,R_100,339.06
1781452372,R_100,338.95
1781452374,R_100,338.91
1781452376,R_100,338.97
1781452378,R_100,338.93
1781452380,R_100,338.86
1781452382,R_100,339.05
1781452384,R_100,339.03
1781452386,R_100,339.02
1781452388,R_100,338.97
1781452390,R_100,338.87
1781452392,R_100,338.9
1781452394,R_100,338.87
1781452396,R_100,338.85
1781452398,R_100,338.9
1781452400,R_100,338.93
1781452402,R_100,338.85
1781452404,R_100,338.81
1781452406,R_100,338.77
1781452408,R_100,338.75
1781452410,R_100,338.75
1781452412,R_100,338.76
1781452414,R_100,338.71
1781452416,R_100,338.84
1781452418,R_100,338.77
1781452420,R_100,338.79
1781452422,R_100,338.85
1781452424,R_100,338.98
1781452426,R_100,338.9
1781452428,R_100,338.83
1781452430,R_100,338.68
1781452432,R_100,338.86
1781452434,R_100,338.81
1781452436,R_100,338.74
1781452438,R_100,338.64
1781452440,R_100,338.56
1781452442,R_100,338.49
1781452444,R_100,338.58
1781452446,R_100,338.55
1781452448,R_100,338.49
1781452450,R_100,338.46
1781452452,R_100,338.53
1781452454,R_100,338.52
1781452456,R_100,338.51
1781452458,R_100,338.49
1781452460,R_100,338.54
1781452462,R_100,338.58
1781452464,R_100,338.67
1781452466,R_100,338.66
1781452468,R_100,338.64
1781452470,R_100,338.63
1781452472,R_100,338.45
1781452474,R_100,338.45
1781452476,R_100,338.54
1781452478,R_100,338.54
1781452480,R_100,338.51
1781452482,R_100,338.47
1781452484,R_100,338.49
1781452486,R_100,338.6
1781452488,R_100,338.75
1781452490,R_100,338.66
1781452492,R_100,338.64
1781452494,R_100,338.63
1781452496,R_100,338.68
1781452498,R_100,338.71
1781452500,R_100,338.6
1781452502,R_100,338.78
1781452504,R_100,338.76
1781452506,R_100,338.82
1781452508,R_100,338.77
1781452510,R_100,338.86
1781452512,R_100,338.9
1781452514,R_100,338.84
1781452516,R_100,338.9
1781452518,R_100,338.93
1781452520,R_100,338.92
1781452522,R_100,338.7
1781452524,R_100,338.77
1781452526,R_100,338.9
1781452528,R_100,338.98
1781452530,R_100,338.98
1781452532,R_100,339.09
1781452534,R_100,339.21
1781452536,R_100,339.14
1781452538,R_100,339.23
1781452540,R_100,339.33
1781452542,R_100,339.32
1781452544,R_100,339.41
1781452546,R_100,339.47
1781452548,R_100,339.58
1781452550,R_100,339.47
1781452552,R_100,339.52
1781452554,R_100,339.38
1781452556,R_100,339.4
1781452558,R_100,339.39
1781452560,R_100,339.36
1781452562,R_100,339.43
1781452564,R_100,339.56
1781452566,R_100,339.62
1781452568,R_100,339.66
1781452570,R_100,339.69
1781452572,R_100,339.82
1781452574,R_100,339.69
1781452576,R_100,339.74
1781452578,R_100,339.69
1781452580,R_100,339.67
1781452582,R_100,339.67
1781452584,R_100,339.66
1781452586,R_100,339.59
1781452588,R_100,339.56
1781452590,R_100,339.62
1781452592,R_100,339.75
1781452594,R_100,339.82
1781452596,R_100,339.73
1781452598,R_100,339.72
1781452600,R_100,339.69
1781452602,R_100,339.64
1781452604,R_100,339.52
1781452606,R_100,339.64
1781452608,R_100,339.64
1781452610,R_100,339.55
1781452612,R_100,339.4
1781452614,R_100,339.46
1781452616,R_100,339.37
1781452618,R_100,339.44
1781452620,R_100,339.35
1781452622,R_100,339.46
1781452624,R_100,339.56
1781452626,R_100,339.48
1781452628,R_100,339.34
1781452630,R_100,339.23
1781452632,R_100,339.17
1781452634,R_100,339.16
1781452636,R_100,339.39
1781452638,R_100,339.4
1781452640,R_100,339.37
1781452642,R_100,339.46
1781452644,R_100,339.49
1781452646,R_100,339.39
1781452648,R_100,339.38
1781452650,R_100,339.35
1781452652,R_100,339.51
1781452654,R_100,339.41
1781452656,R_100,339.26
1781452658,R_100,339.25
1781452660,R_100,339.43
1781452662,R_100,339.4
1781452664,R_100,339.4
1781452666,R_100,339.3
1781452668,R_100,339.25
1781452670,R_100,339.19
1781452672,R_100,339.24
1781452674,R_100,339.3
1781452676,R_100,339.17
1781452678,R_100,339.18
1781452680,R_100,339.25
1781452682,R_100,339.19
1781452684,R_100,339.09
1781452686,R_100,339.01
1781452688,R_100,339
1781452690,R_100,338.98
1781452692,R_100,339.12
1781452694,R_100,338.98
1781452696,R_100,339.11
1781452698,R_100,339.13
1781452700,R_100,339.13
1781452702,R_100,339.03
1781452704,R_100,339.06
1781452706,R_100,339.04
1781452708,R_100,339.07
1781452710,R_100,339.08
1781452712,R_100,339.17
1781452714,R_100,338.99
1781452716,R_100,338.97
1781452718,R_100,338.86
1781452720,R_100,338.92
1781452722,R_100,338.8
1781452724,R_100,339.01
1781452726,R_100,339.1
1781452728,R_100,339.21
1781452730,R_100,339.17
1781452732,R_100,339.12
1781452734,R_100,339.21
1781452736,R_100,339.09
1781452738,R_100,339.15
1781452740,R_100,339.2
1781452742,R_100,339.38
1781452744,R_100,339.53
1781452746,R_100,339.58
1781452748,R_100,339.59
1781452750,R_100,339.68
1781452752,R_100,339.83
1781452754,R_100,339.7
1781452756,R_100,339.78
1781452758,R_100,339.86
1781452760,R_100,339.83
1781452762,R_100,339.81
1781452764,R_100,339.79
1781452766,R_100,339.82
1781452768,R_100,339.81
1781452770,R_100,339.94
1781452772,R_100,340
1781452774,R_100,339.89
1781452776,R_100,339.94
1781452778,R_100,339.93
1781452780,R_100,339.89
1781452782,R_100,339.99
1781452784,R_100,339.98
1781452786,R_100,340.09
1781452788,R_100,340.23
1781452790,R_100,340.3
1781452792,R_100,340.39
1781452794,R_100,340.33
1781452796,R_100,340.41
1781452798,R_100,340.54
1781452800,R_100,340.53
1781452802,R_100,340.42
1781452804,R_100,340.44
1781452806,R_100,340.38
1781452808,R_100,340.3
1781452810,R_100,340.13
1781452812,R_100,340.16
1781452814,R_100,340.04
1781452816,R_100,340.04
1781452818,R_100,340
1781452820,R_100,340.14
1781452822,R_100,339.95
1781452824,R_100,339.95
1781452826,R_100,340.01
1781452828,R_100,340.03
1781452830,R_100,340.1
1781452832,R_100,340.27
1781452834,R_100,340.26
1781452836,R_100,340.28
1781452838,R_100,340.25
1781452840,R_100,340.23
1781452842,R_100,340.16
1781452844,R_100,340.15
1781452846,R_100,340.12
1781452848,R_100,339.99
1781452850,R_100,340.17
1781452852,R_100,340.16
1781452854,R_100,340.14
1781452856,R_100,340.13
1781452858,R_100,339.99
1781452860,R_100,340.04
1781452862,R_100,339.89
1781452864,R_100,339.87
1781452866,R_100,339.93
1781452868,R_100,339.87
1781452870,R_100,339.86
1781452872,R_100,339.89
1781452874,R_100,340.08
1781452876,R_100,340.18
1781452878,R_100,340.16
1781452880,R_100,340.24
1781452882,R_100,340.19
1781452884,R_100,340.2
1781452886,R_100,340.19
1781452888,R_100,340.05
1781452890,R_100,340.12
1781452892,R_100,339.85
1781452894,R_100,339.93
1781452896,R_100,339.95
1781452898,R_100,340.02
1781452900,R_100,339.98
1781452902,R_100,339.93
1781452904,R_100,340.07
1781452906,R_100,340.13
1781452908,R_100,340.05
1781452910,R_100,340.02
1781452912,R_100,340.11
1781452914,R_100,340.08
1781452916,R_100,340.21
1781452918,R_100,340.13
1781452920,R_100,339.97
1781452922,R_100,339.93
1781452924,R_100,339.74
1781452926,R_100,339.74
1781452928,R_100,339.7
1781452930,R_100,339.77
1781452932,R_100,339.71
1781452934,R_100,339.71
1781452936,R_100,339.75
1781452938,R_100,339.73
1781452940,R_100,339.93
1781452942,R_100,339.94
1781452944,R_100,340.05
1781452946,R_100,339.99
1781452948,R_100,339.95
1781452950,R_100,339.93
1781452952,R_100,339.98
1781452954,R_100,339.92
1781452956,R_100,339.94
1781452958,R_100,339.81
1781452960,R_100,339.84
1781452962,R_100,339.77
1781452964,R_100,339.79
1781452966,R_100,339.8
1781452968,R_100,339.9
1781452970,R_100,339.92
1781452972,R_100,340.01
1781452974,R_100,339.9
1781452976,R_100,339.99
1781452978,R_100,339.94
1781452980,R_100,339.92
1781452982,R_100,339.89
1781452984,R_100,339.77
1781452986,R_100,339.69
1781452988,R_100,339.82
1781452990,R_100,339.82
1781452992,R_100,339.67
1781452994,R_100,339.66
1781452996,R_100,339.82
1781452998,R_100,339.74
1781453000,R_100,339.71
1781453002,R_100,339.69
1781453004,R_100,339.62
1781453006,R_100,339.57
1781453008,R_100,339.52
1781453010,R_100,339.66
1781453012,R_100,339.59
1781453014,R_100,339.64
1781453016,R_100,339.64
1781453018,R_100,339.59
1781453020,R_100,339.39
1781453022,R_100,339.5
1781453024,R_100,339.6
1781453026,R_100,339.58
1781453028,R_100,339.51
1781453030,R_100,339.45
1781453032,R_100,339.46
1781453034,R_100,339.47
1781453036,R_100,339.45
1781453038,R_100,339.52
1781453040,R_100,339.51
1781453042,R_100,339.59
1781453044,R_100,339.51
1781453046,R_100,339.53
1781453048,R_100,339.53
1781453050,R_100,339.46
1781453052,R_100,339.45
1781453054,R_100,339.45
1781453056,R_100,339.57
1781453058,R_100,339.49
1781453060,R_100,339.45
1781453062,R_100,339.63
1781453064,R_100,339.65
1781453066,R_100,339.52
1781453068,R_100,339.56
1781453070,R_100,339.53
1781453072,R_100,339.42
1781453074,R_100,339.26
1781453076,R_100,339.23
1781453078,R_100,339.24
1781453080,R_100,339.17
1781453082,R_100,339.16
1781453084,R_100,339.28
1781453086,R_100,339.24
1781453088,R_100,339.22
1781453090,R_100,339.19
1781453092,R_100,339.27
1781453094,R_100,339.22
1781453096,R_100,339.41
1781453098,R_100,339.54
1781453100,R_100,339.68
1781453102,R_100,339.8
1781453104,R_100,339.62
1781453106,R_100,339.7
1781453108,R_100,339.76
1781453110,R_100,339.73
1781453112,R_100,339.76
1781453114,R_100,339.87
1781453116,R_100,339.83
1781453118,R_100,339.87
1781453120,R_100,339.88
1781453122,R_100,340
1781453124,R_100,339.91
1781453126,R_100,339.77
1781453128,R_100,339.92
1781453130,R_100,339.94
1781453132,R_100,340.02
1781453134,R_100,340.12
1781453136,R_100,340.06
1781453138,R_100,340.11
1781453140,R_100,340.19
1781453142,R_100,340.19
1781453144,R_100,340.27
1781453146,R_100,340.25
1781453148,R_100,340.25
1781453150,R_100,340.15
1781453152,R_100,340.21
1781453154,R_100,340.37
1781453156,R_100,340.41
1781453158,R_100,340.48
1781453160,R_100,340.54
1781453162,R_100,340.72
1781453164,R_100,340.64
1781453166,R_100,340.66
1781453168,R_100,340.58
1781453170,R_100,340.56
1781453172,R_100,340.39
1781453174,R_100,340.43
1781453176,R_100,340.46
1781453178,R_100,340.4
1781453180,R_100,340.4
1781453182,R_100,340.5
1781453184,R_100,340.37
1781453186,R_100,340.27
1781453188,R_100,340.49
1781453190,R_100,340.51
1781453192,R_100,340.42
1781453194,R_100,340.2
1781453196,R_100,340.26
1781453198,R_100,340.19
1781453200,R_100,340.1
1781453202,R_100,340.09
1781453204,R_100,340.14
1781453206,R_100,340.1
1781453208,R_100,340.15
1781453210,R_100,340.2
1781453212,R_100,340.23
1781453214,R_100,340.25
1781453216,R_100,340.14
1781453218,R_100,340.07
1781453220,R_100,340.26
1781453222,R_100,340.33
1781453224,R_100,340.33
1781453226,R_100,340.2
1781453228,R_100,340.09
1781453230,R_100,340.05
1781453232,R_100,340.22
1781453234,R_100,340.28
1781453236,R_100,340.19
1781453238,R_100,340.17
1781453240,R_100,340.03
1781453242,R_100,339.99
1781453244,R_100,339.88
1781453246,R_100,339.78
1781453248,R_100,339.9
1781453250,R_100,339.89
1781453252,R_100,339.88
1781453254,R_100,339.8
1781453256,R_100,339.63
1781453258,R_100,339.83
1781453260,R_100,339.89
1781453262,R_100,339.89
1781453264,R_100,339.77
1781453266,R_100,339.84
1781453268,R_100,339.9
1781453270,R_100,339.78
1781453272,R_100,339.67
1781453274,R_100,339.63
1781453276,R_100,339.57
1781453278,R_100,339.51
1781453280,R_100,339.66
1781453282,R_100,339.64
1781453284,R_100,339.51
1781453286,R_100,339.5
1781453288,R_100,339.6
1781453290,R_100,339.55
1781453292,R_100,339.54
1781453294,R_100,339.55
1781453296,R_100,339.55
1781453298,R_100,339.54
1781453300,R_100,339.45
1781453302,R_100,339.24
1781453304,R_100,339.27
1781453306,R_100,339.41
1781453308,R_100,339.47
1781453310,R_100,339.48
1781453312,R_100,339.71
1781453314,R_100,339.67
1781453316,R_100,339.63
1781453318,R_100,339.54
1781453320,R_100,339.57
1781453322,R_100,339.54
1781453324,R_100,339.61
1781453326,R_100,339.64
1781453328,R_100,339.62
1781453330,R_100,339.5
1781453332,R_100,339.41
1781453334,R_100,339.37
1781453336,R_100,339.43
1781453338,R_100,339.42
1781453340,R_100,339.25
1781453342,R_100,339.29
1781453344,R_100,339.32
1781453346,R_100,339.29
1781453348,R_100,339.19
1781453350,R_100,339.09
1781453352,R_100,339.27
1781453354,R_100,339.16
1781453356,R_100,339.07
1781453358,R_100,339.12
1781453360,R_100,339.39
1781453362,R_100,339.41
1781453364,R_100,339.28
1781453366,R_100,339.37
1781453368,R_100,339.44
1781453370,R_100,339.48
1781453372,R_100,339.53
1781453374,R_100,339.5
1781453376,R_100,339.39
1781453378,R_100,339.59
1781453380,R_100,339.77
1781453382,R_100,339.58
1781453384,R_100,339.49
1781453386,R_100,339.48
1781453388,R_100,339.51
1781453390,R_100,339.54
1781453392,R_100,339.52
1781453394,R_100,339.47
1781453396,R_100,339.44
1781453398,R_100,339.38
1781453400,R_100,339.39
1781453402,R_100,339.45
1781453404,R_100,339.41
1781453406,R_100,339.48
1781453408,R_100,339.52
1781453410,R_100,339.46
1781453412,R_100,339.32
1781453414,R_100,339.25
1781453416,R_100,339.11
1781453418,R_100,339.15
1781453420,R_100,339.25
1781453422,R_100,339.3
1781453424,R_100,339.29
1781453426,R_100,339.29
1781453428,R_100,339.28
1781453430,R_100,339.33
1781453432,R_100,339.21
1781453434,R_100,339.1
1781453436,R_100,339.04
1781453438,R_100,339.12
1781453440,R_100,339.05
1781453442,R_100,339
1781453444,R_100,339.13
1781453446,R_100,339.01
1781453448,R_100,339.11
1781453450,R_100,339.11
1781453452,R_100,339.03
1781453454,R_100,338.97
1781453456,R_100,338.9
1781453458,R_100,339
1781453460,R_100,339.18
1781453462,R_100,339.2
1781453464,R_100,339.29
1781453466,R_100,339.34
1781453468,R_100,339.46
1781453470,R_100,339.6
1781453472,R_100,339.7
1781453474,R_100,339.65
1781453476,R_100,339.61
1781453478,R_100,339.59
1781453480,R_100,339.77
1781453482,R_100,339.82
1781453484,R_100,339.79
1781453486,R_100,339.85
1781453488,R_100,339.78
1781453490,R_100,339.9
1781453492,R_100,339.92
1781453494,R_100,339.85
1781453496,R_100,339.98
1781453498,R_100,339.92
1781453500,R_100,339.9
1781453502,R_100,339.89
1781453504,R_100,339.9
1781453506,R_100,339.81
1781453508,R_100,339.73
1781453510,R_100,339.77
1781453512,R_100,339.69
1781453514,R_100,339.66
1781453516,R_100,339.73
1781453518,R_100,339.81
1781453520,R_100,339.78
1781453522,R_100,339.75
1781453524,R_100,339.75
1781453526,R_100,339.48
1781453528,R_100,339.44
1781453530,R_100,339.42
1781453532,R_100,339.41
1781453534,R_100,339.35
1781453536,R_100,339.45
1781453538,R_100,339.4
1781453540,R_100,339.31
1781453542,R_100,339.24
1781453544,R_100,339.14
1781453546,R_100,339.16
1781453548,R_100,339.17
1781453550,R_100,339.11
1781453552,R_100,339.17
1781453554,R_100,339.22
1781453556,R_100,339.14
1781453558,R_100,339.06
1781453560,R_100,338.96
1781453562,R_100,339.08
1781453564,R_100,339.15
1781453566,R_100,339.09
1781453568,R_100,339.12
1781453570,R_100,339.11
1781453572,R_100,339.11
1781453574,R_100,339.12
1781453576,R_100,339.12
1781453578,R_100,339.08
1781453580,R_100,339.05
1781453582,R_100,339.14
1781453584,R_100,339.3
1781453586,R_100,339.28
1781453588,R_100,339.23
1781453590,R_100,339.22
1781453592,R_100,339.21
1781453594,R_100,339.38
1781453596,R_100,339.26
1781453598,R_100,339.17
1781453600,R_100,339.13
1781453602,R_100,339.09
1781453604,R_100,338.94
1781453606,R_100,338.94
1781453608,R_100,338.96
1781453610,R_100,339.01
1781453612,R_100,338.98
1781453614,R_100,339.06
1781453616,R_100,339.01
1781453618,R_100,338.87
1781453620,R_100,338.89
1781453622,R_100,338.91
1781453624,R_100,339.11
1781453626,R_100,339.19
1781453628,R_100,339.18
1781453630,R_100,338.9
1781453632,R_100,338.94
1781453634,R_100,339.13
1781453636,R_100,339.23
1781453638,R_100,339.31
1781453640,R_100,339.28
1781453642,R_100,339.25
1781453644,R_100,339.26
1781453646,R_100,339.28
1781453648,R_100,339.23
1781453650,R_100,339.28
1781453652,R_100,339.14
1781453654,R_100,339.12
1781453656,R_100,339.13
1781453658,R_100,339.15
1781453660,R_100,339.14
1781453662,R_100,338.96
1781453664,R_100,338.91
1781453666,R_100,338.97
1781453668,R_100,338.86
1781453670,R_100,338.8
1781453672,R_100,338.75
1781453674,R_100,338.72
1781453676,R_100,338.62
1781453678,R_100,338.53
1781453680,R_100,338.37
1781453682,R_100,338.18
1781453684,R_100,337.92
1781453686,R_100,337.9
1781453688,R_100,337.81
1781453690,R_100,337.77
1781453692,R_100,337.87
1781453694,R_100,337.79
1781453696,R_100,337.79
1781453698,R_100,337.61
1781453700,R_100,337.65
1781453702,R_100,337.64
1781453704,R_100,337.63
1781453706,R_100,337.58
1781453708,R_100,337.64
1781453710,R_100,337.69
1781453712,R_100,337.75
1781453714,R_100,337.97
1781453716,R_100,337.84
1781453718,R_100,337.84
1781453720,R_100,337.65
1781453722,R_100,337.74
1781453724,R_100,337.87
1781453726,R_100,337.75
1781453728,R_100,337.79
1781453730,R_100,337.83
1781453732,R_100,337.86
1781453734,R_100,337.7
1781453736,R_100,337.69
1781453738,R_100,337.72
1781453740,R_100,337.63
1781453742,R_100,337.59
1781453744,R_100,337.57
1781453746,R_100,337.61
1781453748,R_100,337.57
1781453750,R_100,337.68
1781453752,R_100,337.8
1781453754,R_100,337.92
1781453756,R_100,338
1781453758,R_100,337.94
1781453760,R_100,337.99
1781453762,R_100,337.82
1781453764,R_100,337.97
1781453766,R_100,338.17
1781453768,R_100,338.22
1781453770,R_100,338.26
1781453772,R_100,338.44
1781453774,R_100,338.56
1781453776,R_100,338.49
1781453778,R_100,338.5
1781453780,R_100,338.42
1781453782,R_100,338.42
1781453784,R_100,338.17
1781453786,R_100,338.15
1781453788,R_100,338.25
1781453790,R_100,338.32
1781453792,R_100,338.45
1781453794,R_100,338.48
1781453796,R_100,338.49
1781453798,R_100,338.58
1781453800,R_100,338.57
1781453802,R_100,338.58
1781453804,R_100,338.59
1781453806,R_100,338.54
1781453808,R_100,338.55
1781453810,R_100,338.47
1781453812,R_100,338.38
1781453814,R_100,338.26
1781453816,R_100,338.4
1781453818,R_100,338.48
1781453820,R_100,338.61
1781453822,R_100,338.53
1781453824,R_100,338.65
1781453826,R_100,338.68
1781453828,R_100,338.6
1781453830,R_100,338.52
1781453832,R_100,338.6
1781453834,R_100,338.58
1781453836,R_100,338.69
1781453838,R_100,338.62
1781453840,R_100,338.57
1781453842,R_100,338.59
1781453844,R_100,338.54
1781453846,R_100,338.6
1781453848,R_100,338.66
1781453850,R_100,338.72
1781453852,R_100,338.67
1781453854,R_100,338.53
1781453856,R_100,338.6
1781453858,R_100,338.58
1781453860,R_100,338.65
1781453862,R_100,338.75
1781453864,R_100,338.7
1781453866,R_100,338.68
1781453868,R_100,338.77
1781453870,R_100,338.83
1781453872,R_100,338.87
1781453874,R_100,338.74
1781453876,R_100,338.85
1781453878,R_100,338.8
1781453880,R_100,338.81
1781453882,R_100,338.85
1781453884,R_100,338.97
1781453886,R_100,338.86
1781453888,R_100,339.06
1781453890,R_100,339.21
1781453892,R_100,339.27
1781453894,R_100,339.26
1781453896,R_100,339.12
1781453898,R_100,339.11
1781453900,R_100,338.99
1781453902,R_100,339.02
1781453904,R_100,338.91
1781453906,R_100,339.08
1781453908,R_100,338.97
1781453910,R_100,339.07
1781453912,R_100,339.06
1781453914,R_100,339.14
1781453916,R_100,339.21
1781453918,R_100,339.28
1781453920,R_100,339.21
1781453922,R_100,339.27
1781453924,R_100,339.24
1781453926,R_100,339.34
1781453928,R_100,339.45
1781453930,R_100,339.43
1781453932,R_100,339.31
1781453934,R_100,339.33
1781453936,R_100,339.24
1781453938,R_100,339.39
1781453940,R_100,339.39
1781453942,R_100,339.46
1781453944,R_100,339.5
1781453946,R_100,339.59
1781453948,R_100,339.58
1781453950,R_100,339.45
1781453952,R_100,339.34
1781453954,R_100,339.44
1781453956,R_100,339.61
1781453958,R_100,339.53
1781453960,R_100,339.33
1781453962,R_100,339.36
1781453964,R_100,339.45
1781453966,R_100,339.51
1781453968,R_100,339.49
1781453970,R_100,339.51
1781453972,R_100,339.47
1781453974,R_100,339.43
1781453976,R_100,339.32
1781453978,R_100,339.31
1781453980,R_100,339.21
1781453982,R_100,339.08
1781453984,R_100,339.25
1781453986,R_100,339.06
1781453988,R_100,339.01
1781453990,R_100,339.06
1781453992,R_100,339.08
1781453994,R_100,339.26
1781453996,R_100,339.24
1781453998,R_100,339.26
1781454000,R_100,339.13
1781454002,R_100,339
1781454004,R_100,338.9
1781454006,R_100,338.84
1781454008,R_100,338.99
1781454010,R_100,339.04
1781454012,R_100,339.05
1781454014,R_100,339.21
1781454016,R_100,339.3
1781454018,R_100,339.33
1781454020,R_100,339.2
1781454022,R_100,339.35
1781454024,R_100,339.34
1781454026,R_100,339.48
1781454028,R_100,339.52
1781454030,R_100,339.41
1781454032,R_100,339.37
1781454034,R_100,339.47
1781454036,R_100,339.49
1781454038,R_100,339.55
1781454040,R_100,339.63
1781454042,R_100,339.62
1781454044,R_100,339.74
1781454046,R_100,339.67
1781454048,R_100,339.68
1781454050,R_100,339.71
1781454052,R_100,339.66
1781454054,R_100,339.7
1781454056,R_100,339.82
1781454058,R_100,339.87
1781454060,R_100,340.1
1781454062,R_100,340
1781454064,R_100,340
1781454066,R_100,339.87
1781454068,R_100,339.89
1781454070,R_100,339.99
1781454072,R_100,339.86
1781454074,R_100,339.89
1781454076,R_100,339.98
1781454078,R_100,339.93
1781454080,R_100,339.87
1781454082,R_100,339.9
1781454084,R_100,339.94
1781454086,R_100,340.06
1781454088,R_100,340.09
1781454090,R_100,340.08
1781454092,R_100,340.19
1781454094,R_100,340.27
1781454096,R_100,340.25
1781454098,R_100,340.12
1781454100,R_100,340.21
1781454102,R_100,340.14
1781454104,R_100,340.21
1781454106,R_100,340
1781454108,R_100,339.81
1781454110,R_100,339.77
1781454112,R_100,339.8
1781454114,R_100,339.93
1781454116,R_100,340.02
1781454118,R_100,339.91
1781454120,R_100,339.85
1781454122,R_100,339.9
1781454124,R_100,339.98
1781454126,R_100,339.95
1781454128,R_100,339.91
1781454130,R_100,339.89
1781454132,R_100,339.69
1781454134,R_100,339.62
1781454136,R_100,339.58
1781454138,R_100,339.42
1781454140,R_100,339.52
1781454142,R_100,339.52
1781454144,R_100,339.46
1781454146,R_100,339.42
1781454148,R_100,339.6
1781454150,R_100,339.53
1781454152,R_100,339.43
1781454154,R_100,339.3
1781454156,R_100,339.27
1781454158,R_100,339.26
1781454160,R_100,339.31
1781454162,R_100,339.41
1781454164,R_100,339.39
1781454166,R_100,339.48
1781454168,R_100,339.39
1781454170,R_100,339.5
1781454172,R_100,339.49
1781454174,R_100,339.53
1781454176,R_100,339.5
1781454178,R_100,339.37
1781454180,R_100,339.41
1781454182,R_100,339.31
1781454184,R_100,339.23
1781454186,R_100,339.09
1781454188,R_100,338.94
1781454190,R_100,338.93
1781454192,R_100,339.08
1781454194,R_100,339.11
1781454196,R_100,339.22
1781454198,R_100,339.26
1781454200,R_100,339.26
1781454202,R_100,339.09
1781454204,R_100,339.1
1781454206,R_100,339.08
1781454208,R_100,339.06
1781454210,R_100,339.02
1781454212,R_100,338.98
1781454214,R_100,338.97
1781454216,R_100,338.85
1781454218,R_100,338.92
1781454220,R_100,339.1
1781454222,R_100,339.15
1781454224,R_100,339.06
1781454226,R_100,338.94
1781454228,R_100,338.95
1781454230,R_100,339.03
1781454232,R_100,339.1
1781454234,R_100,339.19
1781454236,R_100,339.33
1781454238,R_100,339.47
1781454240,R_100,339.42
1781454242,R_100,339.42
1781454244,R_100,339.65
1781454246,R_100,339.66
1781454248,R_100,339.71
1781454250,R_100,339.62
1781454252,R_100,339.71
1781454254,R_100,339.79
1781454256,R_100,339.96
1781454258,R_100,339.94
1781454260,R_100,339.93
1781454262,R_100,339.66
1781454264,R_100,339.71
1781454266,R_100,339.73
1781454268,R_100,339.73
1781454270,R_100,339.59
1781454272,R_100,339.4
1781454274,R_100,339.53
1781454276,R_100,339.52
1781454278,R_100,339.49
1781454280,R_100,339.48
1781454282,R_100,339.55
1781454284,R_100,339.75
1781454286,R_100,339.76
1781454288,R_100,339.82
1781454290,R_100,339.9
1781454292,R_100,339.89
1781454294,R_100,339.94
1781454296,R_100,340.01
1781454298,R_100,340.1
1781454300,R_100,340.05
1781454302,R_100,340.03
1781454304,R_100,340.07
1781454306,R_100,340.16
1781454308,R_100,340.09
1781454310,R_100,340.14
1781454312,R_100,340.15
1781454314,R_100,340.26
1781454316,R_100,340.33
1781454318,R_100,340.39
1781454320,R_100,340.31
1781454322,R_100,340.28
1781454324,R_100,340.35
1781454326,R_100,340.39
1781454328,R_100,340.45
1781454330,R_100,340.41
1781454332,R_100,340.26
1781454334,R_100,340.3
1781454336,R_100,340.37
1781454338,R_100,340.36
1781454340,R_100,340.43
1781454342,R_100,340.5
1781454344,R_100,340.48
1781454346,R_100,340.43
1781454348,R_100,340.47
1781454350,R_100,340.36
1781454352,R_100,340.1
1781454354,R_100,340.24
1781454356,R_100,340.24
1781454358,R_100,340.05
1781454360,R_100,340.15
1781454362,R_100,340.24
1781454364,R_100,340.43
1781454366,R_100,340.43
1781454368,R_100,340.45
1781454370,R_100,340.35
1781454372,R_100,340.21
1781454374,R_100,340.13
1781454376,R_100,340.15
1781454378,R_100,340.33
1781454380,R_100,340.17
1781454382,R_100,340.2
1781454384,R_100,340.2
1781454386,R_100,340.33
1781454388,R_100,340.24
1781454390,R_100,340.18
1781454392,R_100,340.29
1781454394,R_100,340.18
1781454396,R_100,340.11
1781454398,R_100,340.14
1781454400,R_100,340.13
1781454402,R_100,340.18
1781454404,R_100,340.27
1781454406,R_100,340.2
1781454408,R_100,340.23
1781454410,R_100,340.43
1781454412,R_100,340.45
1781454414,R_100,340.59
1781454416,R_100,340.6
1781454418,R_100,340.75
1781454420,R_100,340.82
1781454422,R_100,341.08
1781454424,R_100,341.17
1781454426,R_100,341.19
1781454428,R_100,341.33
1781454430,R_100,341.29
1781454432,R_100,341.28
1781454434,R_100,341.27
1781454436,R_100,341.16
1781454438,R_100,341.03
1781454440,R_100,341.15
1781454442,R_100,341.08
1781454444,R_100,341.14
1781454446,R_100,341.06
1781454448,R_100,341.12
1781454450,R_100,341.16
1781454452,R_100,341.11
1781454454,R_100,341.05
1781454456,R_100,341.05
1781454458,R_100,340.98
1781454460,R_100,341.26
1781454462,R_100,341.3
1781454464,R_100,341.15
1781454466,R_100,341.23
1781454468,R_100,341.43
1781454470,R_100,341.7
1781454472,R_100,341.71
1781454474,R_100,341.6
1781454476,R_100,341.66
1781454478,R_100,341.61
1781454480,R_100,341.73
1781454482,R_100,341.68
1781454484,R_100,341.77
1781454486,R_100,341.67
1781454488,R_100,341.66
1781454490,R_100,341.61
1781454492,R_100,341.54
1781454494,R_100,341.7
1781454496,R_100,341.68
1781454498,R_100,341.65
1781454500,R_100,341.74
1781454502,R_100,341.74
1781454504,R_100,341.78
1781454506,R_100,341.9
1781454508,R_100,341.89
1781454510,R_100,341.98
1781454512,R_100,341.95
1781454514,R_100,341.96
1781454516,R_100,342.04
1781454518,R_100,341.96
1781454520,R_100,341.9
1781454522,R_100,341.92
1781454524,R_100,341.92
1781454526,R_100,341.83
1781454528,R_100,341.72
1781454530,R_100,341.7
1781454532,R_100,341.6
1781454534,R_100,341.65
1781454536,R_100,341.53
1781454538,R_100,341.5
1781454540,R_100,341.46
1781454542,R_100,341.45
1781454544,R_100,341.46
1781454546,R_100,341.5
1781454548,R_100,341.51
1781454550,R_100,341.41
1781454552,R_100,341.27
1781454554,R_100,341.28
1781454556,R_100,341.28
1781454558,R_100,341.37
1781454560,R_100,341.51
1781454562,R_100,341.73
1781454564,R_100,341.7
1781454566,R_100,341.62
1781454568,R_100,341.67
1781454570,R_100,341.55
1781454572,R_100,341.53
1781454574,R_100,341.63
1781454576,R_100,341.68
1781454578,R_100,341.68
1781454580,R_100,341.71
1781454582,R_100,341.71
1781454584,R_100,341.79
1781454586,R_100,341.86
1781454588,R_100,341.87
1781454590,R_100,341.95
1781454592,R_100,341.98
1781454594,R_100,342.06
1781454596,R_100,342.1
1781454598,R_100,342.09
1781454600,R_100,342.21
1781454602,R_100,342.22
1781454604,R_100,342.25
1781454606,R_100,342.08
1781454608,R_100,342.01
1781454610,R_100,342.25
1781454612,R_100,342.33
1781454614,R_100,342.3
1781454616,R_100,342.24
1781454618,R_100,342.12
1781454620,R_100,342.2
1781454622,R_100,342.17
1781454624,R_100,342.2
1781454626,R_100,342.22
1781454628,R_100,342.28
1781454630,R_100,342.24
1781454632,R_100,342.27
1781454634,R_100,342.22
1781454636,R_100,342.34
1781454638,R_100,342.37
1781454640,R_100,342.37
1781454642,R_100,342.53
1781454644,R_100,342.46
1781454646,R_100,342.48
1781454648,R_100,342.5
1781454650,R_100,342.4
1781454652,R_100,342.35
1781454654,R_100,342.38
1781454656,R_100,342.29
1781454658,R_100,342.31
1781454660,R_100,342.3
1781454662,R_100,342.43
1781454664,R_100,342.39
1781454666,R_100,342.34
1781454668,R_100,342.41
1781454670,R_100,342.39
1781454672,R_100,342.4
1781454674,R_100,342.36
1781454676,R_100,342.37
1781454678,R_100,342.35
1781454680,R_100,342.37
1781454682,R_100,342.29
1781454684,R_100,342.36
1781454686,R_100,342.28
1781454688,R_100,342.3
1781454690,R_100,342.13
1781454692,R_100,342.07
1781454694,R_100,342.09
1781454696,R_100,341.99
1781454698,R_100,342.23
1781454700,R_100,342.32
1781454702,R_100,342.26
1781454704,R_100,342.33
1781454706,R_100,342.37
1781454708,R_100,342.45
1781454710,R_100,342.31
1781454712,R_100,342.26
1781454714,R_100,342.15
1781454716,R_100,342.2
1781454718,R_100,342.13
1781454720,R_100,342.1
1781454722,R_100,342.26
1781454724,R_100,342.24
1781454726,R_100,342.32
1781454728,R_100,342.29
1781454730,R_100,342.32
1781454732,R_100,342.12
1781454734,R_100,342.05
1781454736,R_100,342.15
1781454738,R_100,342.17
1781454740,R_100,342.16
1781454742,R_100,342.27
1781454744,R_100,342.43
1781454746,R_100,342.51
1781454748,R_100,342.52
1781454750,R_100,342.51
1781454752,R_100,342.48
1781454754,R_100,342.48
1781454756,R_100,342.44
1781454758,R_100,342.49
1781454760,R_100,342.6
1781454762,R_100,342.56
1781454764,R_100,342.54
1781454766,R_100,342.48
1781454768,R_100,342.37
1781454770,R_100,342.37
1781454772,R_100,342.37
1781454774,R_100,342.39
1781454776,R_100,342.47
1781454778,R_100,342.39
1781454780,R_100,342.53
1781454782,R_100,342.6
1781454784,R_100,342.64
1781454786,R_100,342.54
1781454788,R_100,342.47
1781454790,R_100,342.56
1781454792,R_100,342.61
1781454794,R_100,342.7
1781454796,R_100,342.69
1781454798,R_100,342.62
1781454800,R_100,342.61
1781454802,R_100,342.59
1781454804,R_100,342.5
1781454806,R_100,342.58
1781454808,R_100,342.59
1781454810,R_100,342.76
1781454812,R_100,342.9
1781454814,R_100,342.88
1781454816,R_100,342.93
1781454818,R_100,342.84
1781454820,R_100,342.77
1781454822,R_100,342.93
1781454824,R_100,343
1781454826,R_100,342.99
1781454828,R_100,343.07
1781454830,R_100,342.96
1781454832,R_100,342.96
1781454834,R_100,342.92
1781454836,R_100,342.81
1781454838,R_100,342.72
1781454840,R_100,342.7
1781454842,R_100,342.74
1781454844,R_100,342.65
1781454846,R_100,342.65
1781454848,R_100,342.64
1781454850,R_100,342.6
1781454852,R_100,342.57
1781454854,R_100,342.61
1781454856,R_100,342.61
1781454858,R_100,342.57
1781454860,R_100,342.57
1781454862,R_100,342.69
1781454864,R_100,342.68
1781454866,R_100,342.62
1781454868,R_100,342.76
1781454870,R_100,342.71
1781454872,R_100,342.84
1781454874,R_100,342.73
1781454876,R_100,342.71
1781454878,R_100,342.76
1781454880,R_100,342.81
1781454882,R_100,342.88
1781454884,R_100,343.01
1781454886,R_100,342.83
1781454888,R_100,342.76
1781454890,R_100,342.69
1781454892,R_100,342.6
1781454894,R_100,342.69
1781454896,R_100,342.62
1781454898,R_100,342.59
1781454900,R_100,342.55
1781454902,R_100,342.55
1781454904,R_100,342.57
1781454906,R_100,342.51
1781454908,R_100,342.54
1781454910,R_100,342.57
1781454912,R_100,342.64
1781454914,R_100,342.6
1781454916,R_100,342.54
1781454918,R_100,342.59
1781454920,R_100,342.53
1781454922,R_100,342.44
1781454924,R_100,342.49
1781454926,R_100,342.52
1781454928,R_100,342.48
1781454930,R_100,342.62
1781454932,R_100,342.69
1781454934,R_100,342.74
1781454936,R_100,342.78
1781454938,R_100,342.64
1781454940,R_100,342.78
1781454942,R_100,342.82
1781454944,R_100,342.83
1781454946,R_100,342.74
1781454948,R_100,342.65
1781454950,R_100,342.65
1781454952,R_100,342.66
1781454954,R_100,342.75
1781454956,R_100,342.65
1781454958,R_100,342.71
1781454960,R_100,342.66
1781454962,R_100,342.74
1781454964,R_100,342.68
1781454966,R_100,342.76
1781454968,R_100,342.72
1781454970,R_100,342.85
1781454972,R_100,342.93
1781454974,R_100,343
1781454976,R_100,342.99
1781454978,R_100,343.07
1781454980,R_100,343.04
1781454982,R_100,342.99
1781454984,R_100,343
1781454986,R_100,342.99
1781454988,R_100,342.89
1781454990,R_100,342.8
1781454992,R_100,342.93
1781454994,R_100,342.94
1781454996,R_100,342.92
1781454998,R_100,342.75
1781455000,R_100,342.76
1781455002,R_100,342.65
1781455004,R_100,342.51
1781455006,R_100,342.4
1781455008,R_100,342.29
1781455010,R_100,342.38
1781455012,R_100,342.46
1781455014,R_100,342.31
1781455016,R_100,342.37
1781455018,R_100,342.3
1781455020,R_100,342.32
1781455022,R_100,342.32
1781455024,R_100,342.27
1781455026,R_100,342.31
1781455028,R_100,342.35
1781455030,R_100,342.29
1781455032,R_100,342.33
1781455034,R_100,342.33
1781455036,R_100,342.2
1781455038,R_100,342.32
1781455040,R_100,342.47
1781455042,R_100,342.65
1781455044,R_100,342.7
1781455046,R_100,342.68
1781455048,R_100,342.7
1781455050,R_100,342.79
1781455052,R_100,342.75
1781455054,R_100,342.64
1781455056,R_100,342.6
1781455058,R_100,342.6
1781455060,R_100,342.61
1781455062,R_100,342.83
1781455064,R_100,342.88
1781455066,R_100,342.96
1781455068,R_100,343.03
1781455070,R_100,343.07
1781455072,R_100,343.21
1781455074,R_100,343.23
1781455076,R_100,343.28
1781455078,R_100,343.24
1781455080,R_100,343.4
1781455082,R_100,343.43
1781455084,R_100,343.25
1781455086,R_100,343.3
1781455088,R_100,343.28
1781455090,R_100,343.37
1781455092,R_100,343.31
1781455094,R_100,343.32
1781455096,R_100,343.35
1781455098,R_100,343.42
1781455100,R_100,343.57
1781455102,R_100,343.57
1781455104,R_100,343.54
1781455106,R_100,343.7
1781455108,R_100,343.72
1781455110,R_100,343.78
1781455112,R_100,343.81
1781455114,R_100,343.78
1781455116,R_100,343.74
1781455118,R_100,343.9
1781455120,R_100,343.91
1781455122,R_100,343.89
1781455124,R_100,343.94
1781455126,R_100,343.85
1781455128,R_100,343.59
1781455130,R_100,343.49
1781455132,R_100,343.35
1781455134,R_100,343.29
1781455136,R_100,343.31
1781455138,R_100,343.23
1781455140,R_100,343.29
1781455142,R_100,343.1
1781455144,R_100,343.13
1781455146,R_100,343.08
1781455148,R_100,343.02
1781455150,R_100,343.1
1781455152,R_100,343.12
1781455154,R_100,343.13
1781455156,R_100,343.05
1781455158,R_100,342.97
1781455160,R_100,342.88
1781455162,R_100,342.64
1781455164,R_100,342.72
1781455166,R_100,342.69
1781455168,R_100,342.64
1781455170,R_100,342.49
1781455172,R_100,342.55
1781455174,R_100,342.52
1781455176,R_100,342.48
1781455178,R_100,342.56
1781455180,R_100,342.7
1781455182,R_100,342.62
1781455184,R_100,342.68
1781455186,R_100,342.69
1781455188,R_100,342.63
1781455190,R_100,342.71
1781455192,R_100,342.48
1781455194,R_100,342.44
1781455196,R_100,342.46
1781455198,R_100,342.59
1781455200,R_100,342.63
1781455202,R_100,342.63
1781455204,R_100,342.67
1781455206,R_100,342.69
1781455208,R_100,342.78
1781455210,R_100,342.76
1781455212,R_100,342.78
1781455214,R_100,342.82
1781455216,R_100,342.8
1781455218,R_100,342.7
1781455220,R_100,342.67
1781455222,R_100,342.73
1781455224,R_100,342.72
1781455226,R_100,342.63
1781455228,R_100,342.48
1781455230,R_100,342.43
1781455232,R_100,342.51
1781455234,R_100,342.48
1781455236,R_100,342.48
1781455238,R_100,342.26
1781455240,R_100,342.25
1781455242,R_100,342.55
1781455244,R_100,342.44
1781455246,R_100,342.54
1781455248,R_100,342.61
1781455250,R_100,342.6
1781455252,R_100,342.61
1781455254,R_100,342.59
1781455256,R_100,342.61
1781455258,R_100,342.63
1781455260,R_100,342.59
1781455262,R_100,342.61
1781455264,R_100,342.49
1781455266,R_100,342.49
1781455268,R_100,342.36
1781455270,R_100,342.27
1781455272,R_100,342.1
1781455274,R_100,342.14
1781455276,R_100,342.13
1781455278,R_100,342.03
1781455280,R_100,342.03
1781455282,R_100,341.8
1781455284,R_100,341.68
1781455286,R_100,341.64
1781455288,R_100,341.59
1781455290,R_100,341.61
1781455292,R_100,341.51
1781455294,R_100,341.53
1781455296,R_100,341.47
1781455298,R_100,341.68
1781455300,R_100,341.85
1781455302,R_100,341.86
1781455304,R_100,341.93
1781455306,R_100,341.85
1781455308,R_100,341.83
1781455310,R_100,341.7
1781455312,R_100,341.79
1781455314,R_100,341.69
1781455316,R_100,341.67
1781455318,R_100,341.64
1781455320,R_100,341.65
1781455322,R_100,341.63
1781455324,R_100,341.56
1781455326,R_100,341.55
1781455328,R_100,341.5
1781455330,R_100,341.59
1781455332,R_100,341.54
1781455334,R_100,341.47
1781455336,R_100,341.47
1781455338,R_100,341.41
1781455340,R_100,341.37
1781455342,R_100,341.5
1781455344,R_100,341.41
1781455346,R_100,341.41
1781455348,R_100,341.5
1781455350,R_100,341.68
1781455352,R_100,341.68
1781455354,R_100,341.58
1781455356,R_100,341.63
1781455358,R_100,341.69
1781455360,R_100,341.8
1781455362,R_100,341.9
1781455364,R_100,341.91
1781455366,R_100,341.97
1781455368,R_100,342.14
1781455370,R_100,342.16
1781455372,R_100,342.21
1781455374,R_100,342.16
1781455376,R_100,342.17
1781455378,R_100,342.29
1781455380,R_100,342.34
1781455382,R_100,342.35
1781455384,R_100,342.43
1781455386,R_100,342.29
1781455388,R_100,342.47
1781455390,R_100,342.55
1781455392,R_100,342.64
1781455394,R_100,342.65
1781455396,R_100,342.73
1781455398,R_100,342.77
1781455400,R_100,342.67
1781455402,R_100,342.77
1781455404,R_100,342.82
1781455406,R_100,342.9
1781455408,R_100,342.86
1781455410,R_100,342.93
1781455412,R_100,342.87
1781455414,R_100,342.9
1781455416,R_100,342.89
1781455418,R_100,342.95
1781455420,R_100,342.96
1781455422,R_100,342.97
1781455424,R_100,343.09
1781455426,R_100,343.15
1781455428,R_100,343.2
1781455430,R_100,343.35
1781455432,R_100,343.38
1781455434,R_100,343.43
1781455436,R_100,343.48
1781455438,R_100,343.49
1781455440,R_100,343.54
1781455442,R_100,343.47
1781455444,R_100,343.52
1781455446,R_100,343.57
1781455448,R_100,343.71
1781455450,R_100,343.63
1781455452,R_100,343.76
1781455454,R_100,343.76
1781455456,R_100,343.79
1781455458,R_100,343.74
1781455460,R_100,343.68
1781455462,R_100,343.63
1781455464,R_100,343.62
1781455466,R_100,343.66
1781455468,R_100,343.5
1781455470,R_100,343.6
1781455472,R_100,343.82
1781455474,R_100,343.66
1781455476,R_100,343.7
1781455478,R_100,343.7
1781455480,R_100,343.67
1781455482,R_100,343.68
1781455484,R_100,343.55
1781455486,R_100,343.71
1781455488,R_100,343.75
1781455490,R_100,343.63
1781455492,R_100,343.68
1781455494,R_100,343.63
1781455496,R_100,343.52
1781455498,R_100,343.4
1781455500,R_100,343.38
1781455502,R_100,343.43
1781455504,R_100,343.41
1781455506,R_100,343.43
1781455508,R_100,343.54
1781455510,R_100,343.49
1781455512,R_100,343.38
1781455514,R_100,343.27
1781455516,R_100,343.2
1781455518,R_100,343.28
1781455520,R_100,343.3
1781455522,R_100,343.32
1781455524,R_100,343.33
1781455526,R_100,343.4
1781455528,R_100,343.4
1781455530,R_100,343.4
1781455532,R_100,343.22
1781455534,R_100,343.09
1781455536,R_100,343.02
1781455538,R_100,343.04
1781455540,R_100,343.04
1781455542,R_100,343.05
1781455544,R_100,343.02
1781455546,R_100,343.07
1781455548,R_100,342.99
1781455550,R_100,342.88
1781455552,R_100,342.95
1781455554,R_100,343
1781455556,R_100,343.23
1781455558,R_100,343.3
1781455560,R_100,343.37
1781455562,R_100,343.48
1781455564,R_100,343.43
1781455566,R_100,343.39
1781455568,R_100,343.41
1781455570,R_100,343.4
1781455572,R_100,343.43
1781455574,R_100,343.28
1781455576,R_100,343.21
1781455578,R_100,343.23
1781455580,R_100,343.11
1781455582,R_100,343.03
1781455584,R_100,342.93
1781455586,R_100,342.81
1781455588,R_100,342.74
1781455590,R_100,342.97
1781455592,R_100,342.98
1781455594,R_100,343
1781455596,R_100,342.99
1781455598,R_100,343.06
1781455600,R_100,343.05
1781455602,R_100,343.09
1781455604,R_100,343
1781455606,R_100,343.12
1781455608,R_100,343.25
1781455610,R_100,343.27
1781455612,R_100,343.27
1781455614,R_100,343.41
1781455616,R_100,343.25
1781455618,R_100,343.13
1781455620,R_100,343.1
1781455622,R_100,343.18
1781455624,R_100,343.27
1781455626,R_100,343.41
1781455628,R_100,343.29
1781455630,R_100,343.43
1781455632,R_100,343.41
1781455634,R_100,343.56
1781455636,R_100,343.69
1781455638,R_100,343.66
1781455640,R_100,343.71
1781455642,R_100,343.75
1781455644,R_100,343.77
1781455646,R_100,343.64
1781455648,R_100,343.46
1781455650,R_100,343.5
1781455652,R_100,343.36
1781455654,R_100,343.36
1781455656,R_100,343.41
1781455658,R_100,343.44
1781455660,R_100,343.52
1781455662,R_100,343.55
1781455664,R_100,343.55
1781455666,R_100,343.49
1781455668,R_100,343.49
1781455670,R_100,343.34
1781455672,R_100,343.21
1781455674,R_100,343.23
1781455676,R_100,343.23
1781455678,R_100,343.25
1781455680,R_100,343.12
1781455682,R_100,343.24
1781455684,R_100,343.41
1781455686,R_100,343.34
1781455688,R_100,343.41
1781455690,R_100,343.42
1781455692,R_100,343.39
1781455694,R_100,343.3
1781455696,R_100,343.21
1781455698,R_100,343.37
1781455700,R_100,343.23
1781455702,R_100,343.42
1781455704,R_100,343.42
1781455706,R_100,343.24
1781455708,R_100,343.26
1781455710,R_100,343.25
1781455712,R_100,343.18
1781455714,R_100,343.23
1781455716,R_100,343.3
1781455718,R_100,343.24
1781455720,R_100,343.16
1781455722,R_100,343.15
1781455724,R_100,343.1
1781455726,R_100,343.08
1781455728,R_100,343.07
1781455730,R_100,343.04
1781455732,R_100,342.84
1781455734,R_100,342.88
1781455736,R_100,342.89
1781455738,R_100,342.81
1781455740,R_100,342.76
1781455742,R_100,342.74
1781455744,R_100,342.69
1781455746,R_100,342.79
1781455748,R_100,342.84
1781455750,R_100,342.91
1781455752,R_100,342.81
1781455754,R_100,342.78
1781455756,R_100,342.72
1781455758,R_100,342.7
1781455760,R_100,342.65
1781455762,R_100,342.57
1781455764,R_100,342.76
1781455766,R_100,342.75
1781455768,R_100,342.7
1781455770,R_100,342.63
1781455772,R_100,342.52
1781455774,R_100,342.47
1781455776,R_100,342.58
1781455778,R_100,342.65
1781455780,R_100,342.64
1781455782,R_100,342.58
1781455784,R_100,342.48
1781455786,R_100,342.51
1781455788,R_100,342.39
1781455790,R_100,342.32
1781455792,R_100,342.28
1781455794,R_100,342.09
1781455796,R_100,342.14
1781455798,R_100,342.16
1781455800,R_100,342.1
1781455802,R_100,342.05
1781455804,R_100,342.08
1781455806,R_100,341.89
1781455808,R_100,342.03
1781455810,R_100,342.07
1781455812,R_100,342.2
1781455814,R_100,342.15
1781455816,R_100,342.1
1781455818,R_100,342.36
1781455820,R_100,342.48
1781455822,R_100,342.58
1781455824,R_100,342.45
1781455826,R_100,342.6
1781455828,R_100,342.46
1781455830,R_100,342.42
1781455832,R_100,342.34
1781455834,R_100,342.25
1781455836,R_100,342.26
1781455838,R_100,342.29
1781455840,R_100,342.24
1781455842,R_100,342.22
1781455844,R_100,342.34
1781455846,R_100,342.47
1781455848,R_100,342.32
1781455850,R_100,342.29
1781455852,R_100,342.33
1781455854,R_100,342.38
1781455856,R_100,342.24
1781455858,R_100,342.18
1781455860,R_100,342.07
1781455862,R_100,342.11
1781455864,R_100,342.32
1781455866,R_100,342.45
1781455868,R_100,342.46
1781455870,R_100,342.48
1781455872,R_100,342.54
1781455874,R_100,342.51
1781455876,R_100,342.51
1781455878,R_100,342.6
1781455880,R_100,342.57
1781455882,R_100,342.58
1781455884,R_100,342.5
1781455886,R_100,342.45
1781455888,R_100,342.47
1781455890,R_100,342.31
1781455892,R_100,342.4
1781455894,R_100,342.37
1781455896,R_100,342.27
1781455898,R_100,342.33
1781455900,R_100,342.3
1781455902,R_100,342.25
1781455904,R_100,342.23
1781455906,R_100,342.33
1781455908,R_100,342.34
1781455910,R_100,342.18
1781455912,R_100,342.24
1781455914,R_100,342.18
1781455916,R_100,342.28
1781455918,R_100,342.46
1781455920,R_100,342.54
1781455922,R_100,342.47
1781455924,R_100,342.49
1781455926,R_100,342.37
1781455928,R_100,342.45
1781455930,R_100,342.43
1781455932,R_100,342.5
1781455934,R_100,342.49
1781455936,R_100,342.56
1781455938,R_100,342.45
1781455940,R_100,342.48
1781455942,R_100,342.66
1781455944,R_100,342.7
1781455946,R_100,342.65
1781455948,R_100,342.61
1781455950,R_100,342.67
1781455952,R_100,342.74
1781455954,R_100,342.77
1781455956,R_100,342.77
1781455958,R_100,342.84
1781455960,R_100,342.93
1781455962,R_100,342.92
1781455964,R_100,342.8
1781455966,R_100,342.66
1781455968,R_100,342.68
1781455970,R_100,342.62
1781455972,R_100,342.57
1781455974,R_100,342.57
1781455976,R_100,342.74
1781455978,R_100,342.76
1781455980,R_100,342.84
1781455982,R_100,342.87
1781455984,R_100,342.81
1781455986,R_100,342.94
1781455988,R_100,342.96
1781455990,R_100,343
1781455992,R_100,343.01
1781455994,R_100,343.1
1781455996,R_100,343.24
1781455998,R_100,343.34
1781456000,R_100,343.42
1781456002,R_100,343.42
1781456004,R_100,343.41
1781456006,R_100,343.5
1781456008,R_100,343.47
1781456010,R_100,343.6
1781456012,R_100,343.79
1781456014,R_100,343.65
1781456016,R_100,343.55
1781456018,R_100,343.34
1781456020,R_100,343.46
1781456022,R_100,343.51
1781456024,R_100,343.29
1781456026,R_100,343.19
1781456028,R_100,343.02
1781456030,R_100,343.07
1781456032,R_100,342.94
1781456034,R_100,342.91
1781456036,R_100,342.86
1781456038,R_100,342.8
1781456040,R_100,342.77
1781456042,R_100,342.83
1781456044,R_100,342.9
1781456046,R_100,342.83
1781456048,R_100,342.68
1781456050,R_100,342.63
1781456052,R_100,342.67
1781456054,R_100,342.73
1781456056,R_100,342.82
1781456058,R_100,342.76
1781456060,R_100,342.73
1781456062,R_100,342.69
1781456064,R_100,342.73
1781456066,R_100,342.75
1781456068,R_100,342.81
1781456070,R_100,342.83
1781456072,R_100,342.89
1781456074,R_100,342.89
1781456076,R_100,342.95
1781456078,R_100,342.97
1781456080,R_100,342.98
1781456082,R_100,342.81
1781456084,R_100,342.72
1781456086,R_100,342.75
1781456088,R_100,342.75
1781456090,R_100,342.63
1781456092,R_100,342.53
1781456094,R_100,342.54
1781456096,R_100,342.41
1781456098,R_100,342.36
1781456100,R_100,342.34
1781456102,R_100,342.43
1781456104,R_100,342.4
1781456106,R_100,342.45
1781456108,R_100,342.46
1781456110,R_100,342.4
1781456112,R_100,342.51
1781456114,R_100,342.61
1781456116,R_100,342.82
1781456118,R_100,342.74
1781456120,R_100,342.69
1781456122,R_100,342.72
1781456124,R_100,342.71
1781456126,R_100,342.63
1781456128,R_100,342.69
1781456130,R_100,342.63
1781456132,R_100,342.54
1781456134,R_100,342.7
1781456136,R_100,342.75
1781456138,R_100,342.87
1781456140,R_100,342.96
1781456142,R_100,342.87
1781456144,R_100,342.88
1781456146,R_100,342.83
1781456148,R_100,342.79
1781456150,R_100,342.86
1781456152,R_100,342.91
1781456154,R_100,343.05
1781456156,R_100,342.91
1781456158,R_100,342.85
1781456160,R_100,342.86
1781456162,R_100,342.84
1781456164,R_100,342.84
1781456166,R_100,342.8
1781456168,R_100,342.79
1781456170,R_100,342.86
1781456172,R_100,342.81
1781456174,R_100,342.86
1781456176,R_100,342.87
1781456178,R_100,342.81
1781456180,R_100,342.91
1781456182,R_100,342.95
1781456184,R_100,342.86
1781456186,R_100,342.94
1781456188,R_100,342.93
1781456190,R_100,343.12
1781456192,R_100,343.02
1781456194,R_100,343.05
1781456196,R_100,343.01
1781456198,R_100,343.07
1781456200,R_100,343.15
1781456202,R_100,343.19
1781456204,R_100,343.24
1781456206,R_100,343.2
1781456208,R_100,343.19
1781456210,R_100,343.11
1781456212,R_100,343.15
1781456214,R_100,343.17
1781456216,R_100,343.18
1781456218,R_100,343.34
1781456220,R_100,343.51
1781456222,R_100,343.51
1781456224,R_100,343.52
1781456226,R_100,343.54
1781456228,R_100,343.46
1781456230,R_100,343.5
1781456232,R_100,343.54
1781456234,R_100,343.61
1781456236,R_100,343.61
1781456238,R_100,343.63
1781456240,R_100,343.65
1781456242,R_100,343.64
1781456244,R_100,343.73
1781456246,R_100,343.75
1781456248,R_100,343.78
1781456250,R_100,343.69
1781456252,R_100,343.8
1781456254,R_100,344
1781456256,R_100,344.09
1781456258,R_100,344.1
1781456260,R_100,344.14
1781456262,R_100,344.15
1781456264,R_100,344.14
1781456266,R_100,344.14
1781456268,R_100,344.23
1781456270,R_100,344.27
1781456272,R_100,344.29
1781456274,R_100,344.33
1781456276,R_100,344.3
1781456278,R_100,344.2
1781456280,R_100,344.18
1781456282,R_100,344.2
1781456284,R_100,344.18
1781456286,R_100,344.2
1781456288,R_100,344.23
1781456290,R_100,344.32
1781456292,R_100,344.31
1781456294,R_100,344.32
1781456296,R_100,344.47
1781456298,R_100,344.42
1781456300,R_100,344.49
1781456302,R_100,344.49
1781456304,R_100,344.47
1781456306,R_100,344.62
1781456308,R_100,344.72
1781456310,R_100,344.87
1781456312,R_100,344.95
1781456314,R_100,344.85
1781456316,R_100,344.86
1781456318,R_100,344.83
1781456320,R_100,344.75
1781456322,R_100,344.78
1781456324,R_100,344.76
1781456326,R_100,344.72
1781456328,R_100,344.7
1781456330,R_100,344.62
1781456332,R_100,344.58
1781456334,R_100,344.64
1781456336,R_100,344.7
1781456338,R_100,344.57
1781456340,R_100,344.65
1781456342,R_100,344.76
1781456344,R_100,344.57
1781456346,R_100,344.62
1781456348,R_100,344.62
1781456350,R_100,344.8
1781456352,R_100,344.85
1781456354,R_100,344.78
1781456356,R_100,344.81
1781456358,R_100,344.75
1781456360,R_100,344.86
1781456362,R_100,344.77
1781456364,R_100,344.75
1781456366,R_100,344.88
1781456368,R_100,344.94
1781456370,R_100,344.91
1781456372,R_100,344.75
1781456374,R_100,344.91
1781456376,R_100,345.01
1781456378,R_100,345
1781456380,R_100,344.9
1781456382,R_100,344.81
1781456384,R_100,344.77
1781456386,R_100,344.66
1781456388,R_100,344.93
1781456390,R_100,344.95
1781456392,R_100,344.92
1781456394,R_100,345.09
1781456396,R_100,345.15
1781456398,R_100,345.12
1781456400,R_100,345.16
1781456402,R_100,345.2
1781456404,R_100,345.03
1781456406,R_100,345.19
1781456408,R_100,345.25
1781456410,R_100,345.29
1781456412,R_100,345.27
1781456414,R_100,345.41
1781456416,R_100,345.38
1781456418,R_100,345.38
1781456420,R_100,345.35
1781456422,R_100,345.38
1781456424,R_100,345.46
1781456426,R_100,345.42
1781456428,R_100,345.43
1781456430,R_100,345.46
1781456432,R_100,345.48
1781456434,R_100,345.51
1781456436,R_100,345.48
1781456438,R_100,345.31
1781456440,R_100,345.25
1781456442,R_100,345.31
1781456444,R_100,345.36
1781456446,R_100,345.32
1781456448,R_100,345.35
1781456450,R_100,345.39
1781456452,R_100,345.32
1781456454,R_100,345.24
1781456456,R_100,345.29
1781456458,R_100,345.55
1781456460,R_100,345.38
1781456462,R_100,345.26
1781456464,R_100,345.31
1781456466,R_100,345.33
1781456468,R_100,345.26
1781456470,R_100,345.1
1781456472,R_100,345.02
1781456474,R_100,344.97
1781456476,R_100,345.03
1781456478,R_100,345.07
1781456480,R_100,345.25
1781456482,R_100,345.24
1781456484,R_100,345.23
1781456486,R_100,345.19
1781456488,R_100,345.22
1781456490,R_100,345.24
1781456492,R_100,345.4
1781456494,R_100,345.53
1781456496,R_100,345.44
1781456498,R_100,345.5
1781456500,R_100,345.64
1781456502,R_100,345.55
1781456504,R_100,345.49
1781456506,R_100,345.56
1781456508,R_100,345.6
1781456510,R_100,345.4
1781456512,R_100,345.46
1781456514,R_100,345.47
1781456516,R_100,345.54
1781456518,R_100,345.66
1781456520,R_100,345.7
1781456522,R_100,345.49
1781456524,R_100,345.38
1781456526,R_100,345.32
1781456528,R_100,345.28
1781456530,R_100,345.47
1781456532,R_100,345.41
1781456534,R_100,345.36
1781456536,R_100,345.52
1781456538,R_100,345.65
1781456540,R_100,345.71
1781456542,R_100,345.76
1781456544,R_100,345.82
1781456546,R_100,345.9
1781456548,R_100,345.8
1781456550,R_100,345.8
1781456552,R_100,345.88
1781456554,R_100,345.97
1781456556,R_100,346.12
1781456558,R_100,346.07
1781456560,R_100,346.3
1781456562,R_100,346.31
1781456564,R_100,346.43
1781456566,R_100,346.39
1781456568,R_100,346.44
1781456570,R_100,346.46
1781456572,R_100,346.34
1781456574,R_100,346.42
1781456576,R_100,346.57
1781456578,R_100,346.68
1781456580,R_100,346.64
1781456582,R_100,346.75
1781456584,R_100,346.73
1781456586,R_100,346.76
1781456588,R_100,346.82
1781456590,R_100,346.68
1781456592,R_100,346.75
1781456594,R_100,346.84
1781456596,R_100,346.91
1781456598,R_100,346.92
1781456600,R_100,346.97
1781456602,R_100,346.9
1781456604,R_100,346.94
1781456606,R_100,346.86
1781456608,R_100,346.79
1781456610,R_100,346.71
1781456612,R_100,346.61
1781456614,R_100,346.63
1781456616,R_100,346.61
1781456618,R_100,346.57
1781456620,R_100,346.48
1781456622,R_100,346.45
1781456624,R_100,346.34
1781456626,R_100,346.28
1781456628,R_100,346.42
1781456630,R_100,346.37
1781456632,R_100,346.31
1781456634,R_100,346.36
1781456636,R_100,346.3
1781456638,R_100,346.28
1781456640,R_100,346.22
1781456642,R_100,346.23
1781456644,R_100,346.4
1781456646,R_100,346.38
1781456648,R_100,346.46
1781456650,R_100,346.39
1781456652,R_100,346.41
1781456654,R_100,346.48
1781456656,R_100,346.54
1781456658,R_100,346.39
1781456660,R_100,346.42
1781456662,R_100,346.27
1781456664,R_100,346.14
1781456666,R_100,346.12
1781456668,R_100,346.15
1781456670,R_100,346.16
1781456672,R_100,346.08
1781456674,R_100,346.07
1781456676,R_100,346.06
1781456678,R_100,346.18
1781456680,R_100,346.27
1781456682,R_100,346.3
1781456684,R_100,346.36
1781456686,R_100,346.2
1781456688,R_100,346.08
1781456690,R_100,345.94
1781456692,R_100,345.9
1781456694,R_100,345.85
1781456696,R_100,345.87
1781456698,R_100,345.82
1781456700,R_100,345.77
1781456702,R_100,345.74
1781456704,R_100,345.67
1781456706,R_100,345.79
1781456708,R_100,345.71
1781456710,R_100,345.71
1781456712,R_100,345.65
1781456714,R_100,345.75
1781456716,R_100,345.61
1781456718,R_100,345.75
1781456720,R_100,345.74
1781456722,R_100,345.68
1781456724,R_100,345.68
1781456726,R_100,345.64
1781456728,R_100,345.46
1781456730,R_100,345.49
1781456732,R_100,345.59
1781456734,R_100,345.43
1781456736,R_100,345.43
1781456738,R_100,345.49
1781456740,R_100,345.49
1781456742,R_100,345.49
1781456744,R_100,345.39
1781456746,R_100,345.35
1781456748,R_100,345.36
1781456750,R_100,345.39
1781456752,R_100,345.43
1781456754,R_100,345.39
1781456756,R_100,345.47
1781456758,R_100,345.48
1781456760,R_100,345.42
1781456762,R_100,345.31
1781456764,R_100,345.5
1781456766,R_100,345.62
1781456768,R_100,345.52
1781456770,R_100,345.6
1781456772,R_100,345.59
1781456774,R_100,345.49
1781456776,R_100,345.52
1781456778,R_100,345.48
1781456780,R_100,345.67
1781456782,R_100,345.69
1781456784,R_100,345.65
1781456786,R_100,345.67
1781456788,R_100,345.7
1781456790,R_100,345.82
1781456792,R_100,345.8
1781456794,R_100,345.92
1781456796,R_100,346.17
1781456798,R_100,346.29
1781456800,R_100,346.17
1781456802,R_100,346.03
1781456804,R_100,346.07
1781456806,R_100,346.01
1781456808,R_100,346.08
1781456810,R_100,346.12
1781456812,R_100,346.16
1781456814,R_100,346.16
1781456816,R_100,346.18
1781456818,R_100,346.2
1781456820,R_100,346.19
1781456822,R_100,346.21
1781456824,R_100,346.29
1781456826,R_100,346.41
1781456828,R_100,346.38
1781456830,R_100,346.42
1781456832,R_100,346.44
1781456834,R_100,346.44
1781456836,R_100,346.34
1781456838,R_100,346.37
1781456840,R_100,346.5
1781456842,R_100,346.54
1781456844,R_100,346.58
1781456846,R_100,346.55
1781456848,R_100,346.62
1781456850,R_100,346.69
1781456852,R_100,346.7
1781456854,R_100,346.76
1781456856,R_100,346.48
1781456858,R_100,346.45
1781456860,R_100,346.32
1781456862,R_100,346.44
1781456864,R_100,346.44
1781456866,R_100,346.34
1781456868,R_100,346.28
1781456870,R_100,346.37
1781456872,R_100,346.37
1781456874,R_100,346.36
1781456876,R_100,346.45
1781456878,R_100,346.49
1781456880,R_100,346.67
1781456882,R_100,346.68
1781456884,R_100,346.53
1781456886,R_100,346.6
1781456888,R_100,346.6
1781456890,R_100,346.77
1781456892,R_100,346.77
1781456894,R_100,346.76
1781456896,R_100,346.8
1781456898,R_100,346.92
1781456900,R_100,346.85
1781456902,R_100,346.85
1781456904,R_100,346.94
1781456906,R_100,346.97
1781456908,R_100,346.86
1781456910,R_100,346.82
1781456912,R_100,346.83
1781456914,R_100,346.85
1781456916,R_100,346.82
1781456918,R_100,346.83
1781456920,R_100,346.8
1781456922,R_100,346.72
1781456924,R_100,346.63
1781456926,R_100,346.49
1781456928,R_100,346.5
1781456930,R_100,346.65
1781456932,R_100,346.62
1781456934,R_100,346.58
1781456936,R_100,346.64
1781456938,R_100,346.58
1781456940,R_100,346.5
1781456942,R_100,346.41
1781456944,R_100,346.42
1781456946,R_100,346.52
1781456948,R_100,346.53
1781456950,R_100,346.49
1781456952,R_100,346.52
1781456954,R_100,346.44
1781456956,R_100,346.48
1781456958,R_100,346.53
1781456960,R_100,346.61
1781456962,R_100,346.65
1781456964,R_100,346.5
1781456966,R_100,346.32
1781456968,R_100,346.24
1781456970,R_100,346.19
1781456972,R_100,346.06
1781456974,R_100,346.18
1781456976,R_100,346.18
1781456978,R_100,346.32
1781456980,R_100,346.4
1781456982,R_100,346.42
1781456984,R_100,346.42
1781456986,R_100,346.4
1781456988,R_100,346.36
1781456990,R_100,346.33
1781456992,R_100,346.3
1781456994,R_100,346.35
1781456996,R_100,346.16
1781456998,R_100,346.24
1781457000,R_100,346.22
1781457002,R_100,346.08
1781457004,R_100,345.87
1781457006,R_100,345.9
1781457008,R_100,345.97
1781457010,R_100,345.99
1781457012,R_100,345.94
1781457014,R_100,346.03
1781457016,R_100,345.98
1781457018,R_100,345.92
1781457020,R_100,345.92
1781457022,R_100,345.88
1781457024,R_100,345.85
1781457026,R_100,345.99
1781457028,R_100,345.81
1781457030,R_100,345.88
1781457032,R_100,345.95
1781457034,R_100,345.84
1781457036,R_100,345.91
1781457038,R_100,345.88
1781457040,R_100,346.06
1781457042,R_100,346.03
1781457044,R_100,346.18
1781457046,R_100,346.31
1781457048,R_100,346.28
1781457050,R_100,346.27
1781457052,R_100,346.18
1781457054,R_100,346.19
1781457056,R_100,346.14
1781457058,R_100,346.14
1781457060,R_100,346.11
1781457062,R_100,346.08
1781457064,R_100,346.13
1781457066,R_100,346.16
1781457068,R_100,346.08
1781457070,R_100,345.86
1781457072,R_100,345.9
1781457074,R_100,345.82
1781457076,R_100,345.71
1781457078,R_100,345.79
1781457080,R_100,345.81
1781457082,R_100,345.81
1781457084,R_100,345.75
1781457086,R_100,345.67
1781457088,R_100,345.67
1781457090,R_100,345.67
1781457092,R_100,345.66
1781457094,R_100,345.7
1781457096,R_100,345.91
1781457098,R_100,346
1781457100,R_100,346.02
1781457102,R_100,345.91
1781457104,R_100,345.91
1781457106,R_100,345.91
1781457108,R_100,346.05
1781457110,R_100,346.14
1781457112,R_100,346.13
1781457114,R_100,346.13
1781457116,R_100,346.11
1781457118,R_100,345.95
1781457120,R_100,345.97
1781457122,R_100,346
1781457124,R_100,346
1781457126,R_100,345.98
1781457128,R_100,345.95
1781457130,R_100,346.01
1781457132,R_100,346.06
1781457134,R_100,345.94
1781457136,R_100,345.99
1781457138,R_100,346.07
1781457140,R_100,345.95
1781457142,R_100,345.9
1781457144,R_100,345.8
1781457146,R_100,345.89
1781457148,R_100,346.13
1781457150,R_100,346.15
1781457152,R_100,346.07
1781457154,R_100,346.1
1781457156,R_100,346.16
1781457158,R_100,346.05
1781457160,R_100,346.13
1781457162,R_100,346.09
1781457164,R_100,345.97
1781457166,R_100,346.02
1781457168,R_100,346.11
1781457170,R_100,346.02
1781457172,R_100,346
1781457174,R_100,345.99
1781457176,R_100,346.03
1781457178,R_100,345.9
1781457180,R_100,345.82
1781457182,R_100,345.68
1781457184,R_100,345.64
1781457186,R_100,345.59
1781457188,R_100,345.55
1781457190,R_100,345.46
1781457192,R_100,345.26
1781457194,R_100,345.11
1781457196,R_100,345.2
1781457198,R_100,345.19
1781457200,R_100,345.24
1781457202,R_100,345.22
1781457204,R_100,345.2
1781457206,R_100,345.18
1781457208,R_100,345.11
1781457210,R_100,345.01
1781457212,R_100,345
1781457214,R_100,345.11
1781457216,R_100,345.23
1781457218,R_100,345.23
1781457220,R_100,345.16
1781457222,R_100,345.35
1781457224,R_100,345.3
1781457226,R_100,345.54
1781457228,R_100,345.42
1781457230,R_100,345.47
1781457232,R_100,345.83
1781457234,R_100,345.88
1781457236,R_100,345.82
1781457238,R_100,345.79
1781457240,R_100,345.57
1781457242,R_100,345.56
1781457244,R_100,345.59
1781457246,R_100,345.7
1781457248,R_100,345.55
1781457250,R_100,345.54
1781457252,R_100,345.52
1781457254,R_100,345.63
1781457256,R_100,345.65
1781457258,R_100,345.78
1781457260,R_100,345.7
1781457262,R_100,345.79
1781457264,R_100,345.76
1781457266,R_100,345.54
1781457268,R_100,345.57
1781457270,R_100,345.63
1781457272,R_100,345.52
1781457274,R_100,345.54
1781457276,R_100,345.51
1781457278,R_100,345.58
1781457280,R_100,345.4
1781457282,R_100,345.54
1781457284,R_100,345.76
1781457286,R_100,345.77
1781457288,R_100,345.76
1781457290,R_100,345.81
1781457292,R_100,345.68
1781457294,R_100,345.82
1781457296,R_100,345.79
1781457298,R_100,345.58
1781457300,R_100,345.76
1781457302,R_100,345.76
1781457304,R_100,345.65
1781457306,R_100,345.59
1781457308,R_100,345.76
1781457310,R_100,345.82
1781457312,R_100,345.71
1781457314,R_100,345.66
1781457316,R_100,345.57
1781457318,R_100,345.5
1781457320,R_100,345.55
1781457322,R_100,345.49
1781457324,R_100,345.58
1781457326,R_100,345.45
1781457328,R_100,345.36
1781457330,R_100,345.35
1781457332,R_100,345.39
1781457334,R_100,345.39
1781457336,R_100,345.53
1781457338,R_100,345.57
1781457340,R_100,345.49
1781457342,R_100,345.5
1781457344,R_100,345.36
1781457346,R_100,345.37
1781457348,R_100,345.43
1781457350,R_100,345.3
1781457352,R_100,345.24
1781457354,R_100,345.3
1781457356,R_100,345.27
1781457358,R_100,345.39
1781457360,R_100,345.49
1781457362,R_100,345.58
1781457364,R_100,345.5
1781457366,R_100,345.49
1781457368,R_100,345.54
1781457370,R_100,345.51
1781457372,R_100,345.52
1781457374,R_100,345.4
1781457376,R_100,345.44
1781457378,R_100,345.36
1781457380,R_100,345.37
1781457382,R_100,345.41
1781457384,R_100,345.49
1781457386,R_100,345.6
1781457388,R_100,345.77
1781457390,R_100,345.89
1781457392,R_100,346.03
1781457394,R_100,346
1781457396,R_100,346.04
1781457398,R_100,346.22
1781457400,R_100,346.15
1781457402,R_100,346.23
1781457404,R_100,346.32
1781457406,R_100,346.32
1781457408,R_100,346.43
1781457410,R_100,346.48
1781457412,R_100,346.57
1781457414,R_100,346.53
1781457416,R_100,346.66
1781457418,R_100,346.73
1781457420,R_100,346.68
1781457422,R_100,346.75
1781457424,R_100,346.63
1781457426,R_100,346.64
1781457428,R_100,346.59
1781457430,R_100,346.65
1781457432,R_100,346.59
1781457434,R_100,346.64
1781457436,R_100,346.67
1781457438,R_100,346.74
1781457440,R_100,346.68
1781457442,R_100,346.7
1781457444,R_100,346.71
1781457446,R_100,346.57
1781457448,R_100,346.55
1781457450,R_100,346.53
1781457452,R_100,346.57
1781457454,R_100,346.56
1781457456,R_100,346.48
1781457458,R_100,346.48
1781457460,R_100,346.51
1781457462,R_100,346.56
1781457464,R_100,346.67
1781457466,R_100,346.67
1781457468,R_100,346.65
1781457470,R_100,346.71
1781457472,R_100,346.81
1781457474,R_100,346.77
1781457476,R_100,346.82
1781457478,R_100,346.79
1781457480,R_100,346.68
1781457482,R_100,346.72
1781457484,R_100,346.66
1781457486,R_100,346.71
1781457488,R_100,346.6
1781457490,R_100,346.71
1781457492,R_100,346.68
1781457494,R_100,346.69
1781457496,R_100,346.75
1781457498,R_100,346.87
1781457500,R_100,346.85
1781457502,R_100,346.78
1781457504,R_100,346.86
1781457506,R_100,346.85
1781457508,R_100,346.88
1781457510,R_100,346.79
1781457512,R_100,346.8
1781457514,R_100,346.81
1781457516,R_100,346.75
1781457518,R_100,346.71
1781457520,R_100,346.69
1781457522,R_100,346.57
1781457524,R_100,346.49
1781457526,R_100,346.57
1781457528,R_100,346.56
1781457530,R_100,346.35
1781457532,R_100,346.37
1781457534,R_100,346.33
1781457536,R_100,346.38
1781457538,R_100,346.55
1781457540,R_100,346.67
1781457542,R_100,346.74
1781457544,R_100,346.68
1781457546,R_100,346.68
1781457548,R_100,346.6
1781457550,R_100,346.59
1781457552,R_100,346.51
1781457554,R_100,346.56
1781457556,R_100,346.57
1781457558,R_100,346.66
1781457560,R_100,346.74
1781457562,R_100,346.67
1781457564,R_100,346.59
1781457566,R_100,346.74
1781457568,R_100,346.74
1781457570,R_100,346.75
1781457572,R_100,346.8
1781457574,R_100,346.88
1781457576,R_100,346.78
1781457578,R_100,346.49
1781457580,R_100,346.46
1781457582,R_100,346.56
1781457584,R_100,346.45
1781457586,R_100,346.39
1781457588,R_100,346.53
1781457590,R_100,346.42
1781457592,R_100,346.41
1781457594,R_100,346.36
1781457596,R_100,346.38
1781457598,R_100,346.22
1781457600,R_100,346.09
1781457602,R_100,346.08
1781457604,R_100,346.18
1781457606,R_100,346.06
1781457608,R_100,346.02
1781457610,R_100,345.93
1781457612,R_100,346
1781457614,R_100,346.01
1781457616,R_100,345.85
1781457618,R_100,345.86
1781457620,R_100,346.07
1781457622,R_100,346.02
1781457624,R_100,346.06
1781457626,R_100,345.99
1781457628,R_100,346.04
1781457630,R_100,346.13
1781457632,R_100,346.12
1781457634,R_100,346.22
1781457636,R_100,346.16
1781457638,R_100,346.12
1781457640,R_100,346.01
1781457642,R_100,346.05
1781457644,R_100,346.03
1781457646,R_100,346
1781457648,R_100,346.01
1781457650,R_100,346.05
1781457652,R_100,346.07
1781457654,R_100,345.97
1781457656,R_100,345.91
1781457658,R_100,345.92
1781457660,R_100,345.98
1781457662,R_100,346.09
1781457664,R_100,346.06
1781457666,R_100,345.97
1781457668,R_100,345.8
1781457670,R_100,345.7
1781457672,R_100,345.75
1781457674,R_100,345.82
1781457676,R_100,345.76
1781457678,R_100,345.6
1781457680,R_100,345.72
1781457682,R_100,345.9
1781457684,R_100,345.9
1781457686,R_100,345.92
1781457688,R_100,345.89
1781457690,R_100,345.98
1781457692,R_100,345.97
1781457694,R_100,345.95
1781457696,R_100,345.93
1781457698,R_100,345.96
1781457700,R_100,345.79
1781457702,R_100,345.92
1781457704,R_100,346
1781457706,R_100,346.01
1781457708,R_100,345.94
1781457710,R_100,345.95
1781457712,R_100,345.97
1781457714,R_100,345.83
1781457716,R_100,345.7
1781457718,R_100,345.57
1781457720,R_100,345.53
1781457722,R_100,345.49
1781457724,R_100,345.5
1781457726,R_100,345.35
1781457728,R_100,345.43
1781457730,R_100,345.45
1781457732,R_100,345.56
1781457734,R_100,345.53
1781457736,R_100,345.66
1781457738,R_100,345.44
1781457740,R_100,345.5
1781457742,R_100,345.51
1781457744,R_100,345.49
1781457746,R_100,345.5
1781457748,R_100,345.55
1781457750,R_100,345.49
1781457752,R_100,345.4
1781457754,R_100,345.52
1781457756,R_100,345.56
1781457758,R_100,345.47
1781457760,R_100,345.55
1781457762,R_100,345.64
1781457764,R_100,345.67
1781457766,R_100,345.64
1781457768,R_100,345.6
1781457770,R_100,345.58
1781457772,R_100,345.48
1781457774,R_100,345.44
1781457776,R_100,345.39
1781457778,R_100,345.36
1781457780,R_100,345.31
1781457782,R_100,345.31
1781457784,R_100,345.23
1781457786,R_100,345.24
1781457788,R_100,345.25
1781457790,R_100,345.22
1781457792,R_100,345.2
1781457794,R_100,345.15
1781457796,R_100,345.11
1781457798,R_100,345.12
1781457800,R_100,345.11
1781457802,R_100,345.07
1781457804,R_100,345.08
1781457806,R_100,345.05
1781457808,R_100,345.18
1781457810,R_100,345.14
1781457812,R_100,345.24
1781457814,R_100,345.22
1781457816,R_100,345.12
1781457818,R_100,344.98
1781457820,R_100,345.03
1781457822,R_100,344.89
1781457824,R_100,345.06
1781457826,R_100,345.06
1781457828,R_100,345.12
1781457830,R_100,344.93
1781457832,R_100,344.68
1781457834,R_100,344.66
1781457836,R_100,344.6
1781457838,R_100,344.63
1781457840,R_100,344.54
1781457842,R_100,344.55
1781457844,R_100,344.5
1781457846,R_100,344.59
1781457848,R_100,344.65
1781457850,R_100,344.64
1781457852,R_100,344.57
1781457854,R_100,344.55
1781457856,R_100,344.61
1781457858,R_100,344.78
1781457860,R_100,344.78
1781457862,R_100,344.8
1781457864,R_100,344.68
1781457866,R_100,344.57
1781457868,R_100,344.74
1781457870,R_100,344.76
1781457872,R_100,344.62
1781457874,R_100,344.51
1781457876,R_100,344.48
1781457878,R_100,344.5
1781457880,R_100,344.71
1781457882,R_100,344.63
1781457884,R_100,344.59
1781457886,R_100,344.66
1781457888,R_100,344.85
1781457890,R_100,344.83
1781457892,R_100,344.93
1781457894,R_100,344.96
1781457896,R_100,344.91
1781457898,R_100,344.74
1781457900,R_100,344.64
1781457902,R_100,344.5
1781457904,R_100,344.49
1781457906,R_100,344.54
1781457908,R_100,344.55
1781457910,R_100,344.5
1781457912,R_100,344.54
1781457914,R_100,344.52
1781457916,R_100,344.54
1781457918,R_100,344.5
1781457920,R_100,344.56
1781457922,R_100,344.55
1781457924,R_100,344.48
1781457926,R_100,344.47
1781457928,R_100,344.49
1781457930,R_100,344.54
1781457932,R_100,344.44
1781457934,R_100,344.43
1781457936,R_100,344.46
1781457938,R_100,344.49
1781457940,R_100,344.5
1781457942,R_100,344.45
1781457944,R_100,344.52
1781457946,R_100,344.52
1781457948,R_100,344.44
1781457950,R_100,344.43
1781457952,R_100,344.45
1781457954,R_100,344.49
1781457956,R_100,344.5
1781457958,R_100,344.46
1781457960,R_100,344.51
1781457962,R_100,344.41
1781457964,R_100,344.47
1781457966,R_100,344.45
1781457968,R_100,344.43
1781457970,R_100,344.59
1781457972,R_100,344.56
1781457974,R_100,344.64
1781457976,R_100,344.59
1781457978,R_100,344.69
1781457980,R_100,344.72
1781457982,R_100,344.71
1781457984,R_100,344.71
1781457986,R_100,344.84
1781457988,R_100,344.94
1781457990,R_100,344.83
1781457992,R_100,344.93
1781457994,R_100,345.06
1781457996,R_100,345.14
1781457998,R_100,345.02
1781458000,R_100,345.15
1781458002,R_100,345.09
1781458004,R_100,345.06
1781458006,R_100,345.07
1781458008,R_100,345.16
1781458010,R_100,345.16
1781458012,R_100,345.28
1781458014,R_100,345.28
1781458016,R_100,345.1
1781458018,R_100,345.22
1781458020,R_100,345.27
1781458022,R_100,345.32
1781458024,R_100,345.42
1781458026,R_100,345.43
1781458028,R_100,345.31
1781458030,R_100,345.39
1781458032,R_100,345.39
1781458034,R_100,345.29
1781458036,R_100,345.49
1781458038,R_100,345.53
1781458040,R_100,345.53
1781458042,R_100,345.48
1781458044,R_100,345.34
1781458046,R_100,345.4
1781458048,R_100,345.49
1781458050,R_100,345.46
1781458052,R_100,345.45
1781458054,R_100,345.43
1781458056,R_100,345.57
1781458058,R_100,345.64
1781458060,R_100,345.6
1781458062,R_100,345.6
1781458064,R_100,345.7
1781458066,R_100,345.81
1781458068,R_100,345.78
1781458070,R_100,345.71
1781458072,R_100,345.72
1781458074,R_100,345.78
1781458076,R_100,345.73
1781458078,R_100,345.88
1781458080,R_100,345.97
1781458082,R_100,345.94
1781458084,R_100,345.88
1781458086,R_100,345.83
1781458088,R_100,345.77
1781458090,R_100,345.65
1781458092,R_100,345.8
1781458094,R_100,345.89
1781458096,R_100,345.89
1781458098,R_100,345.92
1781458100,R_100,345.91
1781458102,R_100,345.92
1781458104,R_100,345.91
1781458106,R_100,345.87
1781458108,R_100,345.82
1781458110,R_100,345.83
1781458112,R_100,345.79
1781458114,R_100,345.86
1781458116,R_100,345.78
1781458118,R_100,345.7
1781458120,R_100,345.81
1781458122,R_100,345.87
1781458124,R_100,345.91
1781458126,R_100,345.86
1781458128,R_100,345.88
1781458130,R_100,345.92
1781458132,R_100,345.93
1781458134,R_100,346.03
1781458136,R_100,346.1
1781458138,R_100,345.99
1781458140,R_100,346.02
1781458142,R_100,345.81
1781458144,R_100,345.69
1781458146,R_100,345.71
1781458148,R_100,345.74
1781458150,R_100,345.77
1781458152,R_100,345.78
1781458154,R_100,345.7
1781458156,R_100,345.64
1781458158,R_100,345.72
1781458160,R_100,345.69
1781458162,R_100,345.77
1781458164,R_100,345.68
1781458166,R_100,345.72
1781458168,R_100,345.71
1781458170,R_100,345.85
1781458172,R_100,345.85
1781458174,R_100,345.83
1781458176,R_100,345.72
1781458178,R_100,345.74
1781458180,R_100,345.61
1781458182,R_100,345.57
1781458184,R_100,345.44
1781458186,R_100,345.51
1781458188,R_100,345.39
1781458190,R_100,345.47
1781458192,R_100,345.45
1781458194,R_100,345.5
1781458196,R_100,345.47
1781458198,R_100,345.32
1781458200,R_100,345.3
1781458202,R_100,345.25
1781458204,R_100,345.24
1781458206,R_100,345.23
1781458208,R_100,345.16
1781458210,R_100,345.17
1781458212,R_100,345.1
1781458214,R_100,345.11
1781458216,R_100,344.95
1781458218,R_100,344.76
1781458220,R_100,344.76
1781458222,R_100,344.82
1781458224,R_100,344.95
1781458226,R_100,345
1781458228,R_100,344.98
1781458230,R_100,344.91
1781458232,R_100,344.88
1781458234,R_100,344.9
1781458236,R_100,345.06
1781458238,R_100,345.08
1781458240,R_100,345.17
1781458242,R_100,345.05
1781458244,R_100,344.94
1781458246,R_100,344.96
1781458248,R_100,344.95
1781458250,R_100,344.99
1781458252,R_100,344.69
1781458254,R_100,344.67
1781458256,R_100,344.66
1781458258,R_100,344.62
1781458260,R_100,344.74
1781458262,R_100,344.74
1781458264,R_100,344.95
1781458266,R_100,344.77
1781458268,R_100,344.83
1781458270,R_100,344.85
1781458272,R_100,344.79
1781458274,R_100,344.84
1781458276,R_100,344.83
1781458278,R_100,344.88
1781458280,R_100,344.79
1781458282,R_100,344.84
1781458284,R_100,344.92
1781458286,R_100,345
1781458288,R_100,344.94
1781458290,R_100,344.93
1781458292,R_100,344.83
1781458294,R_100,344.88
1781458296,R_100,345.01
1781458298,R_100,345.15
1781458300,R_100,344.93
1781458302,R_100,344.86
1781458304,R_100,344.86
1781458306,R_100,344.83
1781458308,R_100,344.86
1781458310,R_100,344.87
1781458312,R_100,344.99
1781458314,R_100,345.08
1781458316,R_100,345.05
1781458318,R_100,344.94
1781458320,R_100,344.98
1781458322,R_100,345.03
1781458324,R_100,345.11
1781458326,R_100,345.23
1781458328,R_100,345.23
1781458330,R_100,345.33
1781458332,R_100,345.51
1781458334,R_100,345.39
1781458336,R_100,345.49
1781458338,R_100,345.6
1781458340,R_100,345.68
1781458342,R_100,345.62
1781458344,R_100,345.69
1781458346,R_100,345.71
1781458348,R_100,345.74
1781458350,R_100,345.68
1781458352,R_100,345.55
1781458354,R_100,345.57
1781458356,R_100,345.52
1781458358,R_100,345.48
1781458360,R_100,345.61
1781458362,R_100,345.66
1781458364,R_100,345.6
1781458366,R_100,345.51
1781458368,R_100,345.43
1781458370,R_100,345.44
1781458372,R_100,345.33
1781458374,R_100,345.33
1781458376,R_100,345.44
1781458378,R_100,345.44
1781458380,R_100,345.47
1781458382,R_100,345.56
1781458384,R_100,345.43
1781458386,R_100,345.37
1781458388,R_100,345.45
1781458390,R_100,345.44
1781458392,R_100,345.34
1781458394,R_100,345.25
1781458396,R_100,345.26
1781458398,R_100,345.23
1781458400,R_100,345.13
1781458402,R_100,345.11
1781458404,R_100,345.16
1781458406,R_100,345.17
1781458408,R_100,345.26
1781458410,R_100,345.06
1781458412,R_100,345.11
1781458414,R_100,345.11
1781458416,R_100,345.13
1781458418,R_100,345.1
1781458420,R_100,345.05
1781458422,R_100,344.95
1781458424,R_100,345.12
1781458426,R_100,345.19
1781458428,R_100,345.18
1781458430,R_100,345.18
1781458432,R_100,345.14
1781458434,R_100,345.26
1781458436,R_100,345.45
1781458438,R_100,345.53
1781458440,R_100,345.57
1781458442,R_100,345.57
1781458444,R_100,345.34
1781458446,R_100,345.32
1781458448,R_100,345.29
1781458450,R_100,345.45
1781458452,R_100,345.57
1781458454,R_100,345.59
1781458456,R_100,345.64
1781458458,R_100,345.76
1781458460,R_100,345.79
1781458462,R_100,345.61
1781458464,R_100,345.61
1781458466,R_100,345.65
1781458468,R_100,345.69
1781458470,R_100,345.59
1781458472,R_100,345.54
1781458474,R_100,345.64
1781458476,R_100,345.76
1781458478,R_100,345.82
1781458480,R_100,345.85
1781458482,R_100,345.87
1781458484,R_100,345.87
1781458486,R_100,345.99
1781458488,R_100,345.99
1781458490,R_100,345.9
1781458492,R_100,345.86
1781458494,R_100,345.93
1781458496,R_100,345.85
1781458498,R_100,345.8
1781458500,R_100,345.84
1781458502,R_100,345.9
1781458504,R_100,345.92
1781458506,R_100,345.99
1781458508,R_100,346.14
1781458510,R_100,345.95
1781458512,R_100,346.19
1781458514,R_100,346.17
1781458516,R_100,346.09
1781458518,R_100,346.13
1781458520,R_100,346.04
1781458522,R_100,346.05
1781458524,R_100,345.99
1781458526,R_100,345.89
1781458528,R_100,345.96
1781458530,R_100,346.09
1781458532,R_100,346.08
1781458534,R_100,345.98
1781458536,R_100,346.09
1781458538,R_100,345.97
1781458540,R_100,346.06
1781458542,R_100,346.14
1781458544,R_100,346.02
1781458546,R_100,346.03
1781458548,R_100,346
1781458550,R_100,345.93
1781458552,R_100,346.01
1781458554,R_100,345.84
1781458556,R_100,345.98
1781458558,R_100,346.13
1781458560,R_100,346.15
1781458562,R_100,346.2
1781458564,R_100,346.14
1781458566,R_100,346.22
1781458568,R_100,346.12
1781458570,R_100,346.2
1781458572,R_100,346.27
1781458574,R_100,346.19
1781458576,R_100,346.1
1781458578,R_100,346.11
1781458580,R_100,346.17
1781458582,R_100,346.17
1781458584,R_100,346.15
1781458586,R_100,346.03
1781458588,R_100,346.01
1781458590,R_100,345.97
1781458592,R_100,346.08
1781458594,R_100,346.23
1781458596,R_100,346.14
1781458598,R_100,346.22
1781458600,R_100,346.23
1781458602,R_100,346.11
1781458604,R_100,346.1
1781458606,R_100,346.12
1781458608,R_100,346.24
1781458610,R_100,346.27
1781458612,R_100,346.3
1781458614,R_100,346.23
1781458616,R_100,346.14
1781458618,R_100,346.14
1781458620,R_100,346.19
1781458622,R_100,346.18
1781458624,R_100,346.22
1781458626,R_100,346.08
1781458628,R_100,345.94
1781458630,R_100,345.95
1781458632,R_100,346
1781458634,R_100,346.06
1781458636,R_100,345.87
1781458638,R_100,345.87
1781458640,R_100,345.99
1781458642,R_100,346.06
1781458644,R_100,345.95
1781458646,R_100,345.95
1781458648,R_100,345.9
1781458650,R_100,346.06
1781458652,R_100,346.28
1781458654,R_100,346.14
1781458656,R_100,346.24
1781458658,R_100,346.3
1781458660,R_100,346.29
1781458662,R_100,346.34
1781458664,R_100,346.33
1781458666,R_100,346.34
1781458668,R_100,346.24
1781458670,R_100,346.25
1781458672,R_100,346.25
1781458674,R_100,346.36
1781458676,R_100,346.41
1781458678,R_100,346.36
1781458680,R_100,346.3
1781458682,R_100,346.25
1781458684,R_100,346.19
1781458686,R_100,346.11
1781458688,R_100,346.24
1781458690,R_100,346.23
1781458692,R_100,346.21
1781458694,R_100,346.07
1781458696,R_100,346.11
1781458698,R_100,346.3
1781458700,R_100,346.38
1781458702,R_100,346.35
1781458704,R_100,346.41
1781458706,R_100,346.38
1781458708,R_100,346.38
1781458710,R_100,346.34
1781458712,R_100,346.29
1781458714,R_100,346.37
1781458716,R_100,346.23
1781458718,R_100,346.15
1781458720,R_100,346.03
1781458722,R_100,346.03
1781458724,R_100,346.1
1781458726,R_100,346.17
1781458728,R_100,346.13
1781458730,R_100,346.18
1781458732,R_100,346.1
1781458734,R_100,346.07
1781458736,R_100,346.15
1781458738,R_100,346.17
1781458740,R_100,346.3
1781458742,R_100,346.27
1781458744,R_100,346.21
1781458746,R_100,346.26
1781458748,R_100,346.22
1781458750,R_100,346.04
1781458752,R_100,345.9
1781458754,R_100,346.04
1781458756,R_100,346.11
1781458758,R_100,346.08
1781458760,R_100,346.1
1781458762,R_100,346.13
1781458764,R_100,346.33
1781458766,R_100,346.36
1781458768,R_100,346.48
1781458770,R_100,346.43
1781458772,R_100,346.45
1781458774,R_100,346.34
1781458776,R_100,346.26
1781458778,R_100,346.27
1781458780,R_100,346.31
1781458782,R_100,346.14
1781458784,R_100,346.3
1781458786,R_100,346.34
1781458788,R_100,346.31
1781458790,R_100,346.17
1781458792,R_100,346.2
1781458794,R_100,346.23
1781458796,R_100,346.08
1781458798,R_100,346.03
1781458800,R_100,345.96
1781458802,R_100,346.07
1781458804,R_100,346.12
1781458806,R_100,345.98
1781458808,R_100,346
1781458810,R_100,346.1
1781458812,R_100,345.95
1781458814,R_100,345.92
1781458816,R_100,346
1781458818,R_100,345.9
1781458820,R_100,345.93
1781458822,R_100,345.72
1781458824,R_100,345.71
1781458826,R_100,345.82
1781458828,R_100,345.74
1781458830,R_100,345.7
1781458832,R_100,345.71
1781458834,R_100,345.71
1781458836,R_100,345.54
1781458838,R_100,345.44
1781458840,R_100,345.38
1781458842,R_100,345.41
1781458844,R_100,345.47
1781458846,R_100,345.56
1781458848,R_100,345.56
1781458850,R_100,345.64
1781458852,R_100,345.58
1781458854,R_100,345.52
1781458856,R_100,345.54
1781458858,R_100,345.36
1781458860,R_100,345.42
1781458862,R_100,345.46
1781458864,R_100,345.43
1781458866,R_100,345.33
1781458868,R_100,345.3
1781458870,R_100,345.33
1781458872,R_100,345.5
1781458874,R_100,345.4
1781458876,R_100,345.48
1781458878,R_100,345.48
1781458880,R_100,345.65
1781458882,R_100,345.65
1781458884,R_100,345.67
1781458886,R_100,345.76
1781458888,R_100,345.71
1781458890,R_100,345.62
1781458892,R_100,345.56
1781458894,R_100,345.62
1781458896,R_100,345.38
1781458898,R_100,345.32
1781458900,R_100,345.46
1781458902,R_100,345.48
1781458904,R_100,345.43
1781458906,R_100,345.39
1781458908,R_100,345.3
1781458910,R_100,345.16
1781458912,R_100,345.17
1781458914,R_100,345.34
1781458916,R_100,345.41
1781458918,R_100,345.39
1781458920,R_100,345.55
1781458922,R_100,345.57
1781458924,R_100,345.63
1781458926,R_100,345.56
1781458928,R_100,345.41
1781458930,R_100,345.38
1781458932,R_100,345.37
1781458934,R_100,345.3
1781458936,R_100,345.21
1781458938,R_100,345.36
1781458940,R_100,345.36
1781458942,R_100,345.06
1781458944,R_100,344.96
1781458946,R_100,344.93
1781458948,R_100,344.97
1781458950,R_100,344.87
1781458952,R_100,344.83
1781458954,R_100,344.85
1781458956,R_100,344.71
1781458958,R_100,344.73
1781458960,R_100,344.64
1781458962,R_100,344.6
1781458964,R_100,344.59
1781458966,R_100,344.44
1781458968,R_100,344.41
1781458970,R_100,344.47
1781458972,R_100,344.53
1781458974,R_100,344.46
1781458976,R_100,344.51
1781458978,R_100,344.46
1781458980,R_100,344.46
1781458982,R_100,344.44
1781458984,R_100,344.54
1781458986,R_100,344.49
1781458988,R_100,344.44
1781458990,R_100,344.38
1781458992,R_100,344.5
1781458994,R_100,344.6
1781458996,R_100,344.53
1781458998,R_100,344.53
1781459000,R_100,344.6
1781459002,R_100,344.6
1781459004,R_100,344.58
1781459006,R_100,344.69
1781459008,R_100,344.6
1781459010,R_100,344.47
1781459012,R_100,344.28
1781459014,R_100,344.25
1781459016,R_100,344.28
1781459018,R_100,344.16
1781459020,R_100,344.33
1781459022,R_100,344.26
1781459024,R_100,344.32
1781459026,R_100,344.27
1781459028,R_100,344.28
1781459030,R_100,344.39
1781459032,R_100,344.39
1781459034,R_100,344.42
1781459036,R_100,344.35
1781459038,R_100,344.3
1781459040,R_100,344.34
1781459042,R_100,344.4
1781459044,R_100,344.51
1781459046,R_100,344.42
1781459048,R_100,344.49
1781459050,R_100,344.56
1781459052,R_100,344.66
1781459054,R_100,344.77
1781459056,R_100,344.7
1781459058,R_100,344.64
1781459060,R_100,344.63
1781459062,R_100,344.57
1781459064,R_100,344.58
1781459066,R_100,344.71
1781459068,R_100,344.62
1781459070,R_100,344.61
1781459072,R_100,344.69
1781459074,R_100,344.68
1781459076,R_100,344.68
1781459078,R_100,344.69
1781459080,R_100,344.67
1781459082,R_100,344.62
1781459084,R_100,344.52
1781459086,R_100,344.39
1781459088,R_100,344.58
1781459090,R_100,344.45
1781459092,R_100,344.53
1781459094,R_100,344.63
1781459096,R_100,344.67
1781459098,R_100,344.61
1781459100,R_100,344.54
1781459102,R_100,344.52
1781459104,R_100,344.47
1781459106,R_100,344.37
1781459108,R_100,344.5
1781459110,R_100,344.56
1781459112,R_100,344.63
1781459114,R_100,344.71
1781459116,R_100,344.64
1781459118,R_100,344.6
1781459120,R_100,344.69
1781459122,R_100,344.67
1781459124,R_100,344.76
1781459126,R_100,344.79
1781459128,R_100,344.71
1781459130,R_100,344.7
1781459132,R_100,344.72
1781459134,R_100,344.73
1781459136,R_100,344.72
1781459138,R_100,344.8
1781459140,R_100,344.66
1781459142,R_100,344.78
1781459144,R_100,344.82
1781459146,R_100,344.83
1781459148,R_100,344.74
1781459150,R_100,344.78
1781459152,R_100,344.73
1781459154,R_100,344.77
1781459156,R_100,344.77
1781459158,R_100,344.85
1781459160,R_100,344.78
1781459162,R_100,344.71
1781459164,R_100,344.81
1781459166,R_100,344.72
1781459168,R_100,344.75
1781459170,R_100,344.78
1781459172,R_100,344.7
1781459174,R_100,344.71
1781459176,R_100,344.72
1781459178,R_100,344.58
1781459180,R_100,344.62
1781459182,R_100,344.65
1781459184,R_100,344.7
1781459186,R_100,344.74
1781459188,R_100,344.72
1781459190,R_100,344.49
1781459192,R_100,344.46
1781459194,R_100,344.41
1781459196,R_100,344.31
1781459198,R_100,344.45
1781459200,R_100,344.68
1781459202,R_100,344.74
1781459204,R_100,344.61
1781459206,R_100,344.58
1781459208,R_100,344.54
1781459210,R_100,344.49
1781459212,R_100,344.4
1781459214,R_100,344.36
1781459216,R_100,344.33
1781459218,R_100,344.32
1781459220,R_100,344.28
1781459222,R_100,344.17
1781459224,R_100,344.15
1781459226,R_100,344.24
1781459228,R_100,344.15
1781459230,R_100,344.06
1781459232,R_100,344.09
1781459234,R_100,344.02
1781459236,R_100,344.02
1781459238,R_100,343.85
1781459240,R_100,343.7
1781459242,R_100,343.79
1781459244,R_100,343.82
1781459246,R_100,343.84
1781459248,R_100,343.86
1781459250,R_100,343.76
1781459252,R_100,343.83
1781459254,R_100,343.85
1781459256,R_100,343.76
1781459258,R_100,343.87
1781459260,R_100,343.72
1781459262,R_100,343.81
1781459264,R_100,343.7
1781459266,R_100,343.69
1781459268,R_100,343.69
1781459270,R_100,343.73
1781459272,R_100,343.72
1781459274,R_100,343.71
1781459276,R_100,343.68
1781459278,R_100,343.64
1781459280,R_100,343.6
1781459282,R_100,343.68
1781459284,R_100,343.66
1781459286,R_100,343.59
1781459288,R_100,343.52
1781459290,R_100,343.44
1781459292,R_100,343.54
1781459294,R_100,343.53
1781459296,R_100,343.56
1781459298,R_100,343.56
1781459300,R_100,343.54
1781459302,R_100,343.68
1781459304,R_100,343.62
1781459306,R_100,343.71
1781459308,R_100,343.79
1781459310,R_100,343.67
1781459312,R_100,343.69
1781459314,R_100,343.64
1781459316,R_100,343.62
1781459318,R_100,343.64
1781459320,R_100,343.81
1781459322,R_100,343.85
1781459324,R_100,343.88
1781459326,R_100,343.87
1781459328,R_100,343.92
1781459330,R_100,343.88
1781459332,R_100,343.86
1781459334,R_100,343.75
1781459336,R_100,343.86
1781459338,R_100,343.86
1781459340,R_100,343.82
1781459342,R_100,343.95
1781459344,R_100,343.7
1781459346,R_100,343.73
1781459348,R_100,343.89
1781459350,R_100,343.99
1781459352,R_100,344.01
1781459354,R_100,343.95
1781459356,R_100,343.84
1781459358,R_100,343.85
1781459360,R_100,343.89
1781459362,R_100,343.73
1781459364,R_100,343.71
1781459366,R_100,343.74
1781459368,R_100,343.81
1781459370,R_100,343.8
1781459372,R_100,343.78
1781459374,R_100,343.84
1781459376,R_100,343.92
1781459378,R_100,343.88
1781459380,R_100,343.83
1781459382,R_100,343.7
1781459384,R_100,343.66
1781459386,R_100,343.61
1781459388,R_100,343.57
1781459390,R_100,343.59
1781459392,R_100,343.62
1781459394,R_100,343.64
1781459396,R_100,343.6
1781459398,R_100,343.69
1781459400,R_100,343.69
1781459402,R_100,343.75
1781459404,R_100,343.71
1781459406,R_100,343.47
1781459408,R_100,343.4
1781459410,R_100,343.39
1781459412,R_100,343.61
1781459414,R_100,343.76
1781459416,R_100,343.78
1781459418,R_100,343.79
1781459420,R_100,343.93
1781459422,R_100,343.91
1781459424,R_100,343.97
1781459426,R_100,344.02
1781459428,R_100,344.01
1781459430,R_100,343.95
1781459432,R_100,343.84
1781459434,R_100,343.74
1781459436,R_100,343.64
1781459438,R_100,343.7
1781459440,R_100,343.59
1781459442,R_100,343.67
1781459444,R_100,343.81
1781459446,R_100,343.84
1781459448,R_100,343.75
1781459450,R_100,343.8
1781459452,R_100,343.97
1781459454,R_100,343.97
1781459456,R_100,344
1781459458,R_100,343.98
1781459460,R_100,344.1
1781459462,R_100,343.96
1781459464,R_100,343.93
1781459466,R_100,343.88
1781459468,R_100,343.94
1781459470,R_100,344.05
1781459472,R_100,343.84
1781459474,R_100,343.87
1781459476,R_100,343.9
1781459478,R_100,343.86
1781459480,R_100,343.9
1781459482,R_100,343.98
1781459484,R_100,343.81
1781459486,R_100,343.8
1781459488,R_100,343.86
1781459490,R_100,343.97
1781459492,R_100,343.9
1781459494,R_100,344.08
1781459496,R_100,344.07
1781459498,R_100,344.04
1781459500,R_100,343.93
1781459502,R_100,343.87
1781459504,R_100,343.86
1781459506,R_100,343.9
1781459508,R_100,343.81
1781459510,R_100,343.9
1781459512,R_100,344.02
1781459514,R_100,343.97
1781459516,R_100,343.99
1781459518,R_100,344.03
1781459520,R_100,344.11
1781459522,R_100,344.09
1781459524,R_100,344.04
1781459526,R_100,344.01
1781459528,R_100,344.07
1781459530,R_100,344.01
1781459532,R_100,344.04
1781459534,R_100,344.07
1781459536,R_100,344.21
1781459538,R_100,344.16
1781459540,R_100,344.17
1781459542,R_100,344.29
1781459544,R_100,344.18
1781459546,R_100,344.07
1781459548,R_100,344.03
1781459550,R_100,344.13
1781459552,R_100,344.17
1781459554,R_100,344.16
1781459556,R_100,344.08
1781459558,R_100,344.22
1781459560,R_100,344.2
1781459562,R_100,344.19
1781459564,R_100,344.16
1781459566,R_100,344.4
1781459568,R_100,344.46
1781459570,R_100,344.46
1781459572,R_100,344.47
1781459574,R_100,344.61
1781459576,R_100,344.57
1781459578,R_100,344.67
1781459580,R_100,344.57
1781459582,R_100,344.44
1781459584,R_100,344.35
1781459586,R_100,344.29
1781459588,R_100,344.21
1781459590,R_100,344.28
1781459592,R_100,344.33
1781459594,R_100,344.22
1781459596,R_100,344.24
1781459598,R_100,344.29
1781459600,R_100,344.24
1781459602,R_100,344.18
1781459604,R_100,344.2
1781459606,R_100,344.12
1781459608,R_100,344.21
1781459610,R_100,344.11
1781459612,R_100,344.12
1781459614,R_100,344.17
1781459616,R_100,344.2
1781459618,R_100,344.15
1781459620,R_100,344.13
1781459622,R_100,344.14
1781459624,R_100,344.1
1781459626,R_100,344.01
1781459628,R_100,344.09
1781459630,R_100,344.01
1781459632,R_100,344.03
1781459634,R_100,343.88
1781459636,R_100,343.82
1781459638,R_100,343.77
1781459640,R_100,344
1781459642,R_100,343.95
1781459644,R_100,343.85
1781459646,R_100,343.91
1781459648,R_100,344.01
1781459650,R_100,343.93
1781459652,R_100,343.9
1781459654,R_100,343.82
1781459656,R_100,343.87
1781459658,R_100,343.94
1781459660,R_100,343.83
1781459662,R_100,343.82
1781459664,R_100,343.81
1781459666,R_100,343.8
1781459668,R_100,343.72
1781459670,R_100,343.62
1781459672,R_100,343.61
1781459674,R_100,343.76
1781459676,R_100,343.73
1781459678,R_100,343.66
1781459680,R_100,343.61
1781459682,R_100,343.68
1781459684,R_100,343.64
1781459686,R_100,343.64
1781459688,R_100,343.57
1781459690,R_100,343.53
1781459692,R_100,343.44
1781459694,R_100,343.3
1781459696,R_100,343.34
1781459698,R_100,343.25
1781459700,R_100,343.29
1781459702,R_100,343.27
1781459704,R_100,343.4
1781459706,R_100,343.43
1781459708,R_100,343.29
1781459710,R_100,343.24
1781459712,R_100,343.24
1781459714,R_100,343.32
1781459716,R_100,343.43
1781459718,R_100,343.43
1781459720,R_100,343.4
1781459722,R_100,343.5
1781459724,R_100,343.49
1781459726,R_100,343.46
1781459728,R_100,343.49
1781459730,R_100,343.39
1781459732,R_100,343.42
1781459734,R_100,343.52
1781459736,R_100,343.45
1781459738,R_100,343.48
1781459740,R_100,343.35
1781459742,R_100,343.38
1781459744,R_100,343.43
1781459746,R_100,343.4
1781459748,R_100,343.45
1781459750,R_100,343.46
1781459752,R_100,343.49
1781459754,R_100,343.56
1781459756,R_100,343.7
1781459758,R_100,343.88
1781459760,R_100,343.95
1781459762,R_100,344.03
1781459764,R_100,343.94
1781459766,R_100,343.88
1781459768,R_100,343.88
1781459770,R_100,344.04
1781459772,R_100,343.98
1781459774,R_100,344.03
1781459776,R_100,343.91
1781459778,R_100,343.86
1781459780,R_100,343.94
1781459782,R_100,343.93
1781459784,R_100,343.86
1781459786,R_100,343.99
1781459788,R_100,344.06
1781459790,R_100,343.91
1781459792,R_100,344.04
1781459794,R_100,344.1
1781459796,R_100,344.17
1781459798,R_100,344.27
1781459800,R_100,344.42
1781459802,R_100,344.42
1781459804,R_100,344.33
1781459806,R_100,344.39
1781459808,R_100,344.33
1781459810,R_100,344.34
1781459812,R_100,344.44
1781459814,R_100,344.44
1781459816,R_100,344.57
1781459818,R_100,344.55
1781459820,R_100,344.54
1781459822,R_100,344.5
1781459824,R_100,344.59
1781459826,R_100,344.57
1781459828,R_100,344.64
1781459830,R_100,344.63
1781459832,R_100,344.71
1781459834,R_100,344.73
1781459836,R_100,344.62
1781459838,R_100,344.75
1781459840,R_100,344.79
1781459842,R_100,344.84
1781459844,R_100,344.71
1781459846,R_100,344.62
1781459848,R_100,344.69
1781459850,R_100,344.62
1781459852,R_100,344.53
1781459854,R_100,344.3
1781459856,R_100,344.32
1781459858,R_100,344.36
1781459860,R_100,344.37
1781459862,R_100,344.46
1781459864,R_100,344.33
1781459866,R_100,344.22
1781459868,R_100,344.19
1781459870,R_100,344.09
1781459872,R_100,344.12
1781459874,R_100,344.05
1781459876,R_100,344.15
1781459878,R_100,344.16
1781459880,R_100,344.19
1781459882,R_100,344.15
1781459884,R_100,344.07
1781459886,R_100,344.14
1781459888,R_100,344.07
1781459890,R_100,344.07
1781459892,R_100,344.1
1781459894,R_100,343.98
1781459896,R_100,344.02
1781459898,R_100,343.93
1781459900,R_100,343.86
1781459902,R_100,343.82
1781459904,R_100,343.75
1781459906,R_100,343.72
1781459908,R_100,343.59
1781459910,R_100,343.62
1781459912,R_100,343.63
1781459914,R_100,343.54
1781459916,R_100,343.44
1781459918,R_100,343.55
1781459920,R_100,343.43
1781459922,R_100,343.23
1781459924,R_100,343.27
1781459926,R_100,343.31
1781459928,R_100,343.2
1781459930,R_100,343.19
1781459932,R_100,343.16
1781459934,R_100,343.18
1781459936,R_100,343.12
1781459938,R_100,343.07
1781459940,R_100,343.15
1781459942,R_100,343.1
1781459944,R_100,343.23
1781459946,R_100,343.16
1781459948,R_100,343.25
1781459950,R_100,343.28
1781459952,R_100,343.23
1781459954,R_100,343.25
1781459956,R_100,343.14
1781459958,R_100,343.06
1781459960,R_100,343.08
1781459962,R_100,343.05
1781459964,R_100,343.07
1781459966,R_100,343.03
1781459968,R_100,342.99
1781459970,R_100,343.04
1781459972,R_100,342.98
1781459974,R_100,343
1781459976,R_100,342.81
1781459978,R_100,342.83
1781459980,R_100,342.89
1781459982,R_100,342.67
1781459984,R_100,342.7
1781459986,R_100,342.6
1781459988,R_100,342.66
1781459990,R_100,342.76
1781459992,R_100,342.96
1781459994,R_100,342.83
1781459996,R_100,342.78
1781459998,R_100,342.58
1781460000,R_100,342.75
1781460002,R_100,342.61
1781460004,R_100,342.66
1781460006,R_100,342.65
1781460008,R_100,342.68
1781460010,R_100,342.63
1781460012,R_100,342.58
1781460014,R_100,342.81
1781460016,R_100,342.8
1781460018,R_100,342.79
1781460020,R_100,342.83
1781460022,R_100,342.82
1781460024,R_100,342.95
1781460026,R_100,342.98
1781460028,R_100,343.07
1781460030,R_100,343.01
1781460032,R_100,342.87
1781460034,R_100,342.75
1781460036,R_100,342.84
1781460038,R_100,342.89
1781460040,R_100,342.92
1781460042,R_100,342.88
1781460044,R_100,343.01
1781460046,R_100,342.93
1781460048,R_100,343
1781460050,R_100,343.03
1781460052,R_100,343.08
1781460054,R_100,343.04
1781460056,R_100,343.09
1781460058,R_100,343.29
1781460060,R_100,343.27
1781460062,R_100,343.31
1781460064,R_100,343.19
1781460066,R_100,343.25
1781460068,R_100,343.32
1781460070,R_100,343.42
1781460072,R_100,343.5
1781460074,R_100,343.49
1781460076,R_100,343.55
1781460078,R_100,343.42
1781460080,R_100,343.39
1781460082,R_100,343.4
1781460084,R_100,343.41
1781460086,R_100,343.4
1781460088,R_100,343.34
1781460090,R_100,343.43
1781460092,R_100,343.41
1781460094,R_100,343.45
1781460096,R_100,343.45
1781460098,R_100,343.74
1781460100,R_100,343.63
1781460102,R_100,343.75
1781460104,R_100,343.8
1781460106,R_100,343.72
1781460108,R_100,343.77
1781460110,R_100,343.77
1781460112,R_100,343.89
1781460114,R_100,344.03
1781460116,R_100,343.97
1781460118,R_100,344.02
1781460120,R_100,344
1781460122,R_100,343.81
1781460124,R_100,343.82
1781460126,R_100,343.83
1781460128,R_100,343.79
1781460130,R_100,343.7
1781460132,R_100,343.68
1781460134,R_100,343.83
1781460136,R_100,343.78
1781460138,R_100,343.79
1781460140,R_100,343.82
1781460142,R_100,343.74
1781460144,R_100,343.8
1781460146,R_100,343.77
1781460148,R_100,343.66
1781460150,R_100,343.59
1781460152,R_100,343.56
1781460154,R_100,343.63
1781460156,R_100,343.58
1781460158,R_100,343.48
1781460160,R_100,343.5
1781460162,R_100,343.51
1781460164,R_100,343.39
1781460166,R_100,343.41
1781460168,R_100,343.43
1781460170,R_100,343.59
1781460172,R_100,343.63
1781460174,R_100,343.62
1781460176,R_100,343.72
1781460178,R_100,343.73
1781460180,R_100,343.71
1781460182,R_100,343.66
1781460184,R_100,343.71
1781460186,R_100,343.7
1781460188,R_100,343.71
1781460190,R_100,343.68
1781460192,R_100,343.66
1781460194,R_100,343.64
1781460196,R_100,343.58
1781460198,R_100,343.51
1781460200,R_100,343.43
1781460202,R_100,343.43
1781460204,R_100,343.47
1781460206,R_100,343.48
1781460208,R_100,343.48
1781460210,R_100,343.59
1781460212,R_100,343.55
1781460214,R_100,343.51
1781460216,R_100,343.47
1781460218,R_100,343.37
1781460220,R_100,343.04
1781460222,R_100,343.02
1781460224,R_100,343.03
1781460226,R_100,343.22
1781460228,R_100,343.21
1781460230,R_100,343.32
1781460232,R_100,343.34
1781460234,R_100,343.32
1781460236,R_100,343.35
1781460238,R_100,343.43
1781460240,R_100,343.48
1781460242,R_100,343.45
1781460244,R_100,343.35
1781460246,R_100,343.39
1781460248,R_100,343.39
1781460250,R_100,343.47
1781460252,R_100,343.54
1781460254,R_100,343.58
1781460256,R_100,343.61
1781460258,R_100,343.67
1781460260,R_100,343.73
1781460262,R_100,343.7
1781460264,R_100,343.61
1781460266,R_100,343.56
1781460268,R_100,343.52
1781460270,R_100,343.66
1781460272,R_100,343.59
1781460274,R_100,343.66
1781460276,R_100,343.73
1781460278,R_100,343.52
1781460280,R_100,343.45
1781460282,R_100,343.38
1781460284,R_100,343.43
1781460286,R_100,343.46
1781460288,R_100,343.43
1781460290,R_100,343.57
1781460292,R_100,343.57
1781460294,R_100,343.49
1781460296,R_100,343.51
1781460298,R_100,343.46
1781460300,R_100,343.54
1781460302,R_100,343.47
1781460304,R_100,343.51
1781460306,R_100,343.62
1781460308,R_100,343.58
1781460310,R_100,343.51
1781460312,R_100,343.5
1781460314,R_100,343.68
1781460316,R_100,343.6
1781460318,R_100,343.6
1781460320,R_100,343.58
1781460322,R_100,343.64
1781460324,R_100,343.57
1781460326,R_100,343.64
1781460328,R_100,343.6
1781460330,R_100,343.78
1781460332,R_100,343.71
1781460334,R_100,343.47
1781460336,R_100,343.49
1781460338,R_100,343.34
1781460340,R_100,343.31
1781460342,R_100,343.12
1781460344,R_100,343.01
1781460346,R_100,342.98
1781460348,R_100,342.89
1781460350,R_100,342.87
1781460352,R_100,342.84
1781460354,R_100,342.77
1781460356,R_100,342.82
1781460358,R_100,342.91
1781460360,R_100,342.97
1781460362,R_100,342.79
1781460364,R_100,342.8
1781460366,R_100,342.83
1781460368,R_100,342.87
1781460370,R_100,342.83
1781460372,R_100,342.64
1781460374,R_100,342.57
1781460376,R_100,342.53
1781460378,R_100,342.51
1781460380,R_100,342.47
1781460382,R_100,342.57
1781460384,R_100,342.51
1781460386,R_100,342.46
1781460388,R_100,342.46
1781460390,R_100,342.6
1781460392,R_100,342.61
1781460394,R_100,342.58
1781460396,R_100,342.58
1781460398,R_100,342.55
1781460400,R_100,342.41
1781460402,R_100,342.4
1781460404,R_100,342.27
1781460406,R_100,342.09
1781460408,R_100,342.11
1781460410,R_100,342.21
1781460412,R_100,342.02
1781460414,R_100,342.06
1781460416,R_100,342.13
1781460418,R_100,342.21
1781460420,R_100,342.16
1781460422,R_100,342.15
1781460424,R_100,342.18
1781460426,R_100,342.1
1781460428,R_100,341.98
1781460430,R_100,342
1781460432,R_100,342.02
1781460434,R_100,342.02
1781460436,R_100,342.04
1781460438,R_100,341.98
1781460440,R_100,342.1
1781460442,R_100,341.97
1781460444,R_100,342.02
1781460446,R_100,342.1
1781460448,R_100,341.86
1781460450,R_100,342.04
1781460452,R_100,341.94
1781460454,R_100,341.82
1781460456,R_100,341.71
1781460458,R_100,341.75
1781460460,R_100,341.56
1781460462,R_100,341.52
1781460464,R_100,341.51
1781460466,R_100,341.51
1781460468,R_100,341.4
1781460470,R_100,341.42
1781460472,R_100,341.39
1781460474,R_100,341.46
1781460476,R_100,341.5
1781460478,R_100,341.61
1781460480,R_100,341.47
1781460482,R_100,341.41
1781460484,R_100,341.33
1781460486,R_100,341.36
1781460488,R_100,341.49
1781460490,R_100,341.42
1781460492,R_100,341.33
1781460494,R_100,341.23
1781460496,R_100,341.23
1781460498,R_100,341.31
1781460500,R_100,341.19
1781460502,R_100,341.29
1781460504,R_100,341.38
1781460506,R_100,341.29
1781460508,R_100,341.24
1781460510,R_100,341.18
1781460512,R_100,341.2
1781460514,R_100,341.39
1781460516,R_100,341.53
1781460518,R_100,341.47
1781460520,R_100,341.45
1781460522,R_100,341.44
1781460524,R_100,341.41
1781460526,R_100,341.43
1781460528,R_100,341.32
1781460530,R_100,341.33
1781460532,R_100,341.41
1781460534,R_100,341.48
1781460536,R_100,341.52
1781460538,R_100,341.49
1781460540,R_100,341.65
1781460542,R_100,341.62
1781460544,R_100,341.65
1781460546,R_100,341.61
1781460548,R_100,341.49
1781460550,R_100,341.57
1781460552,R_100,341.61
1781460554,R_100,341.57
1781460556,R_100,341.58
1781460558,R_100,341.55
1781460560,R_100,341.43
1781460562,R_100,341.48
1781460564,R_100,341.6
1781460566,R_100,341.63
1781460568,R_100,341.66
1781460570,R_100,341.69
1781460572,R_100,341.65
1781460574,R_100,341.61
1781460576,R_100,341.58
1781460578,R_100,341.48
1781460580,R_100,341.43
1781460582,R_100,341.5
1781460584,R_100,341.44
1781460586,R_100,341.43
1781460588,R_100,341.35
1781460590,R_100,341.18
1781460592,R_100,341.22
1781460594,R_100,341.3
1781460596,R_100,341.24
1781460598,R_100,341.19
1781460600,R_100,341.07
1781460602,R_100,341.08
1781460604,R_100,341.05
1781460606,R_100,341.08
1781460608,R_100,341.07
1781460610,R_100,341.14
1781460612,R_100,341.21
1781460614,R_100,341.11
1781460616,R_100,341.16
1781460618,R_100,341.15
1781460620,R_100,341.07
1781460622,R_100,341.08
1781460624,R_100,340.93
1781460626,R_100,340.95
1781460628,R_100,341.06
1781460630,R_100,341.08
1781460632,R_100,341.08
1781460634,R_100,341.18
1781460636,R_100,341.18
1781460638,R_100,341.25
1781460640,R_100,340.96
1781460642,R_100,340.98
1781460644,R_100,340.99
1781460646,R_100,340.91
1781460648,R_100,340.85
1781460650,R_100,340.86
1781460652,R_100,340.92
1781460654,R_100,340.91
1781460656,R_100,340.94
1781460658,R_100,340.92
1781460660,R_100,340.73
1781460662,R_100,340.67
1781460664,R_100,340.64
1781460666,R_100,340.65
1781460668,R_100,340.6
1781460670,R_100,340.71
1781460672,R_100,340.69
1781460674,R_100,340.74
1781460676,R_100,340.63
1781460678,R_100,340.71
1781460680,R_100,340.69
1781460682,R_100,340.71
1781460684,R_100,340.74
1781460686,R_100,340.78
1781460688,R_100,340.78
1781460690,R_100,340.76
1781460692,R_100,340.7
1781460694,R_100,340.78
1781460696,R_100,340.83
1781460698,R_100,340.82
1781460700,R_100,340.76
1781460702,R_100,340.78
1781460704,R_100,340.77
1781460706,R_100,340.87
1781460708,R_100,340.87
1781460710,R_100,340.9
1781460712,R_100,340.9
1781460714,R_100,340.93
1781460716,R_100,340.94
1781460718,R_100,340.75
1781460720,R_100,340.78
1781460722,R_100,340.79
1781460724,R_100,340.78
1781460726,R_100,340.54
1781460728,R_100,340.57
1781460730,R_100,340.61
1781460732,R_100,340.66
1781460734,R_100,340.63
1781460736,R_100,340.57
1781460738,R_100,340.57
1781460740,R_100,340.66
1781460742,R_100,340.89
1781460744,R_100,340.91
1781460746,R_100,340.76
1781460748,R_100,340.74
1781460750,R_100,340.8
1781460752,R_100,340.85
1781460754,R_100,340.81
1781460756,R_100,340.9
1781460758,R_100,341.04
1781460760,R_100,340.94
1781460762,R_100,340.85
1781460764,R_100,340.75
1781460766,R_100,340.74
1781460768,R_100,340.69
1781460770,R_100,340.7
1781460772,R_100,340.67
1781460774,R_100,340.61
1781460776,R_100,340.66
1781460778,R_100,340.67
1781460780,R_100,340.68
1781460782,R_100,340.61
1781460784,R_100,340.6
1781460786,R_100,340.67
1781460788,R_100,340.6
1781460790,R_100,340.5
1781460792,R_100,340.54
1781460794,R_100,340.49
1781460796,R_100,340.49
1781460798,R_100,340.54
1781460800,R_100,340.56
1781460802,R_100,340.52
1781460804,R_100,340.54
1781460806,R_100,340.72
1781460808,R_100,340.74
1781460810,R_100,340.61
1781460812,R_100,340.81
1781460814,R_100,340.73
1781460816,R_100,340.8
1781460818,R_100,340.85
1781460820,R_100,340.81
1781460822,R_100,340.82
1781460824,R_100,340.76
1781460826,R_100,340.89
1781460828,R_100,340.77
1781460830,R_100,340.86
1781460832,R_100,340.74
1781460834,R_100,340.71
1781460836,R_100,340.85
1781460838,R_100,340.92
1781460840,R_100,340.84
1781460842,R_100,340.66
1781460844,R_100,340.79
1781460846,R_100,340.83
1781460848,R_100,340.82
1781460850,R_100,340.91
1781460852,R_100,340.84
1781460854,R_100,340.92
1781460856,R_100,340.96
1781460858,R_100,340.89
1781460860,R_100,340.99
1781460862,R_100,340.9
1781460864,R_100,341.06
1781460866,R_100,341.12
1781460868,R_100,341.16
1781460870,R_100,341.19
1781460872,R_100,341.28
1781460874,R_100,341.32
1781460876,R_100,341.35
1781460878,R_100,341.37
1781460880,R_100,341.37
1781460882,R_100,341.41
1781460884,R_100,341.34
1781460886,R_100,341.4
1781460888,R_100,341.48
1781460890,R_100,341.51
1781460892,R_100,341.31
1781460894,R_100,341.34
1781460896,R_100,341.31
1781460898,R_100,341.14
1781460900,R_100,341.17
1781460902,R_100,341.25
1781460904,R_100,341.42
1781460906,R_100,341.26
1781460908,R_100,341.36
1781460910,R_100,341.4
1781460912,R_100,341.47
1781460914,R_100,341.52
1781460916,R_100,341.46
1781460918,R_100,341.59
1781460920,R_100,341.54
1781460922,R_100,341.45
1781460924,R_100,341.39
1781460926,R_100,341.38
1781460928,R_100,341.43
1781460930,R_100,341.42
1781460932,R_100,341.42
1781460934,R_100,341.54
1781460936,R_100,341.53
1781460938,R_100,341.37
1781460940,R_100,341.34
1781460942,R_100,341.34
1781460944,R_100,341.27
1781460946,R_100,341.18
1781460948,R_100,341.2
1781460950,R_100,341.28
1781460952,R_100,341.3
1781460954,R_100,341.37
1781460956,R_100,341.28
1781460958,R_100,341.19
1781460960,R_100,341.02
1781460962,R_100,341.07
1781460964,R_100,341.21
1781460966,R_100,341.12
1781460968,R_100,341.14
1781460970,R_100,341.27
1781460972,R_100,341.33
1781460974,R_100,341.27
1781460976,R_100,341.21
1781460978,R_100,341.2
1781460980,R_100,340.99
1781460982,R_100,340.96
1781460984,R_100,340.91
1781460986,R_100,340.91
1781460988,R_100,340.9
1781460990,R_100,340.81
1781460992,R_100,340.86
1781460994,R_100,340.83
1781460996,R_100,340.81
1781460998,R_100,340.96
1781461000,R_100,340.91
1781461002,R_100,340.88
1781461004,R_100,340.87
1781461006,R_100,340.94
1781461008,R_100,341.09
1781461010,R_100,341.19
1781461012,R_100,341.18
1781461014,R_100,341.2
1781461016,R_100,341.16
1781461018,R_100,341.2
1781461020,R_100,341.27
1781461022,R_100,341.17
1781461024,R_100,341.28
1781461026,R_100,341.23
1781461028,R_100,341.21
1781461030,R_100,341.07
1781461032,R_100,340.98
1781461034,R_100,340.94
1781461036,R_100,340.87
1781461038,R_100,340.87
1781461040,R_100,341.06
1781461042,R_100,340.95
1781461044,R_100,341.04
1781461046,R_100,341.05
1781461048,R_100,340.97
1781461050,R_100,340.91
1781461052,R_100,340.83
1781461054,R_100,340.79
1781461056,R_100,340.8
1781461058,R_100,340.92
1781461060,R_100,340.85
1781461062,R_100,340.78
1781461064,R_100,340.64
1781461066,R_100,340.62
1781461068,R_100,340.58
1781461070,R_100,340.58
1781461072,R_100,340.64
1781461074,R_100,340.63
1781461076,R_100,340.67
1781461078,R_100,340.53
1781461080,R_100,340.44
1781461082,R_100,340.59
1781461084,R_100,340.75
1781461086,R_100,340.65
1781461088,R_100,340.74
1781461090,R_100,340.78
1781461092,R_100,340.87
1781461094,R_100,340.85
1781461096,R_100,340.88
1781461098,R_100,340.9
1781461100,R_100,340.92
1781461102,R_100,341.05
1781461104,R_100,341.09
1781461106,R_100,341.13
1781461108,R_100,341.07
1781461110,R_100,341.08
1781461112,R_100,341.05
1781461114,R_100,341.13
1781461116,R_100,341.12
1781461118,R_100,341.12
1781461120,R_100,341.15
1781461122,R_100,341.26
1781461124,R_100,341.23
1781461126,R_100,341.2
1781461128,R_100,341.17
1781461130,R_100,341.18
1781461132,R_100,341.27
1781461134,R_100,341.27
1781461136,R_100,341.4
1781461138,R_100,341.45
1781461140,R_100,341.55
1781461142,R_100,341.57
1781461144,R_100,341.58
1781461146,R_100,341.5
1781461148,R_100,341.42
1781461150,R_100,341.56
1781461152,R_100,341.59
1781461154,R_100,341.52
1781461156,R_100,341.46
1781461158,R_100,341.54
1781461160,R_100,341.6
1781461162,R_100,341.48
1781461164,R_100,341.47
1781461166,R_100,341.44
1781461168,R_100,341.48
1781461170,R_100,341.73
1781461172,R_100,341.72
1781461174,R_100,341.7
1781461176,R_100,341.73
1781461178,R_100,341.64
1781461180,R_100,341.53
1781461182,R_100,341.6
1781461184,R_100,341.71
1781461186,R_100,341.68
1781461188,R_100,341.58
1781461190,R_100,341.72
1781461192,R_100,341.67
1781461194,R_100,341.66
1781461196,R_100,341.69
1781461198,R_100,341.68
1781461200,R_100,341.69
1781461202,R_100,341.72
1781461204,R_100,341.92
1781461206,R_100,341.97
1781461208,R_100,341.99
1781461210,R_100,341.93
1781461212,R_100,342.14
1781461214,R_100,342.09
1781461216,R_100,342.27
1781461218,R_100,342.3
1781461220,R_100,342.24
1781461222,R_100,342.2
1781461224,R_100,342.22
1781461226,R_100,342.18
1781461228,R_100,342.2
1781461230,R_100,342.32
1781461232,R_100,342.22
1781461234,R_100,342.07
1781461236,R_100,342.04
1781461238,R_100,342.2
1781461240,R_100,342.33
1781461242,R_100,342.4
1781461244,R_100,342.55
1781461246,R_100,342.68
1781461248,R_100,342.74
1781461250,R_100,342.92
1781461252,R_100,342.92
1781461254,R_100,342.9
1781461256,R_100,342.97
1781461258,R_100,342.93
1781461260,R_100,343
1781461262,R_100,342.93
1781461264,R_100,343.11
1781461266,R_100,343.27
1781461268,R_100,343.39
1781461270,R_100,343.19
1781461272,R_100,343.27
1781461274,R_100,343.35
1781461276,R_100,343.36
1781461278,R_100,343.32
1781461280,R_100,343.35
1781461282,R_100,343.35
1781461284,R_100,343.15
1781461286,R_100,343.12
1781461288,R_100,343.08
1781461290,R_100,343.11
1781461292,R_100,343.15
1781461294,R_100,343.18
1781461296,R_100,343.02
1781461298,R_100,343.13
1781461300,R_100,343.11
1781461302,R_100,343.1
1781461304,R_100,343.07
1781461306,R_100,343.05
1781461308,R_100,343.06
1781461310,R_100,342.85
1781461312,R_100,342.84
1781461314,R_100,342.79
1781461316,R_100,342.73
1781461318,R_100,342.78
1781461320,R_100,342.7
1781461322,R_100,342.66
1781461324,R_100,342.6
1781461326,R_100,342.58
1781461328,R_100,342.7
1781461330,R_100,342.71
1781461332,R_100,342.78
1781461334,R_100,342.7
1781461336,R_100,342.67
1781461338,R_100,342.89
1781461340,R_100,342.84
1781461342,R_100,342.88
1781461344,R_100,342.91
1781461346,R_100,342.9
1781461348,R_100,342.89
1781461350,R_100,342.95
1781461352,R_100,343.01
1781461354,R_100,342.92
1781461356,R_100,342.92
1781461358,R_100,342.96
1781461360,R_100,342.96
1781461362,R_100,342.91
1781461364,R_100,342.96
1781461366,R_100,343.04
1781461368,R_100,343.15
1781461370,R_100,343.1
1781461372,R_100,343.23
1781461374,R_100,343.14
1781461376,R_100,343.13
1781461378,R_100,343.17
1781461380,R_100,343.05
1781461382,R_100,343.06
1781461384,R_100,343.05
1781461386,R_100,343.03
1781461388,R_100,342.94
1781461390,R_100,343.09
1781461392,R_100,343.08
1781461394,R_100,343.07
1781461396,R_100,342.93
1781461398,R_100,342.95
1781461400,R_100,342.87
1781461402,R_100,342.92
1781461404,R_100,342.82
1781461406,R_100,342.68
1781461408,R_100,342.66
1781461410,R_100,342.58
1781461412,R_100,342.5
1781461414,R_100,342.51
1781461416,R_100,342.43
1781461418,R_100,342.4
1781461420,R_100,342.35
1781461422,R_100,342.4
1781461424,R_100,342.27
1781461426,R_100,342.24
1781461428,R_100,342.31
1781461430,R_100,342.38
1781461432,R_100,342.43
1781461434,R_100,342.41
1781461436,R_100,342.4
1781461438,R_100,342.5
1781461440,R_100,342.59
1781461442,R_100,342.7
1781461444,R_100,342.67
1781461446,R_100,342.39
1781461448,R_100,342.27
1781461450,R_100,342.15
1781461452,R_100,342.11
1781461454,R_100,342.1
1781461456,R_100,342.02
1781461458,R_100,342.01
1781461460,R_100,341.9
1781461462,R_100,341.93
1781461464,R_100,341.88
1781461466,R_100,342
1781461468,R_100,341.86
1781461470,R_100,341.86
1781461472,R_100,341.89
1781461474,R_100,341.93
1781461476,R_100,342
1781461478,R_100,342.17
1781461480,R_100,342.29
1781461482,R_100,342.22
1781461484,R_100,342.19
1781461486,R_100,342.14
1781461488,R_100,342.09
1781461490,R_100,342.03
1781461492,R_100,341.97
1781461494,R_100,341.71
1781461496,R_100,341.8
1781461498,R_100,341.96
1781461500,R_100,341.92
1781461502,R_100,341.84
1781461504,R_100,341.74
1781461506,R_100,341.64
1781461508,R_100,341.57
1781461510,R_100,341.47
1781461512,R_100,341.48
1781461514,R_100,341.48
1781461516,R_100,341.37
1781461518,R_100,341.27
1781461520,R_100,341.38
1781461522,R_100,341.33
1781461524,R_100,341.35
1781461526,R_100,341.48
1781461528,R_100,341.54
1781461530,R_100,341.6
1781461532,R_100,341.61
1781461534,R_100,341.72
1781461536,R_100,341.74
1781461538,R_100,341.92
1781461540,R_100,341.81
1781461542,R_100,341.68
1781461544,R_100,341.71
1781461546,R_100,341.77
1781461548,R_100,341.8
1781461550,R_100,341.82
1781461552,R_100,341.74
1781461554,R_100,341.74
1781461556,R_100,341.85
1781461558,R_100,341.82
1781461560,R_100,341.86
1781461562,R_100,341.85
1781461564,R_100,341.89
1781461566,R_100,341.98
1781461568,R_100,341.93
1781461570,R_100,341.87
1781461572,R_100,341.89
1781461574,R_100,341.94
1781461576,R_100,341.96
1781461578,R_100,342.05
1781461580,R_100,341.97
1781461582,R_100,341.85
1781461584,R_100,341.91
1781461586,R_100,341.72
1781461588,R_100,341.7
1781461590,R_100,341.74
1781461592,R_100,341.79
1781461594,R_100,341.86
1781461596,R_100,341.88
1781461598,R_100,341.94
1781461600,R_100,341.84
1781461602,R_100,341.88
1781461604,R_100,341.95
1781461606,R_100,342.12
1781461608,R_100,342.17
1781461610,R_100,342.19
1781461612,R_100,342.3
1781461614,R_100,342.11
1781461616,R_100,342.19
1781461618,R_100,342.38
1781461620,R_100,342.46
1781461622,R_100,342.48
1781461624,R_100,342.59
1781461626,R_100,342.56
1781461628,R_100,342.61
1781461630,R_100,342.67
1781461632,R_100,342.69
1781461634,R_100,342.63
1781461636,R_100,342.58
1781461638,R_100,342.49
1781461640,R_100,342.56
1781461642,R_100,342.37
1781461644,R_100,342.33
1781461646,R_100,342.24
1781461648,R_100,342.23
1781461650,R_100,342.31
1781461652,R_100,342.24
1781461654,R_100,342.25
1781461656,R_100,342.24
1781461658,R_100,342.09
1781461660,R_100,342.01
1781461662,R_100,342.07
1781461664,R_100,342.2
1781461666,R_100,342.18
1781461668,R_100,342.22
1781461670,R_100,342.09
1781461672,R_100,342.16
1781461674,R_100,342.27
1781461676,R_100,342.14
1781461678,R_100,342.47
1781461680,R_100,342.47
1781461682,R_100,342.39
1781461684,R_100,342.4
1781461686,R_100,342.43
1781461688,R_100,342.4
1781461690,R_100,342.47
1781461692,R_100,342.47
1781461694,R_100,342.53
1781461696,R_100,342.54
1781461698,R_100,342.49
1781461700,R_100,342.49
1781461702,R_100,342.48
1781461704,R_100,342.35
1781461706,R_100,342.37
1781461708,R_100,342.19
1781461710,R_100,342.15
1781461712,R_100,342.2
1781461714,R_100,342.15
1781461716,R_100,342.3
1781461718,R_100,342.45
1781461720,R_100,342.43
1781461722,R_100,342.45
1781461724,R_100,342.42
1781461726,R_100,342.52
1781461728,R_100,342.44
1781461730,R_100,342.65
1781461732,R_100,342.76
1781461734,R_100,342.74
1781461736,R_100,342.74
1781461738,R_100,342.72
1781461740,R_100,342.72
1781461742,R_100,342.67
1781461744,R_100,342.69
1781461746,R_100,342.79
1781461748,R_100,342.86
1781461750,R_100,342.67
1781461752,R_100,342.7
1781461754,R_100,342.77
1781461756,R_100,342.8
1781461758,R_100,342.7
1781461760,R_100,342.73
1781461762,R_100,342.58
1781461764,R_100,342.59
1781461766,R_100,342.62
1781461768,R_100,342.69
1781461770,R_100,342.45
1781461772,R_100,342.49
1781461774,R_100,342.71
1781461776,R_100,342.73
1781461778,R_100,342.65
1781461780,R_100,342.54
1781461782,R_100,342.42
1781461784,R_100,342.36
1781461786,R_100,342.39
1781461788,R_100,342.47
1781461790,R_100,342.46
1781461792,R_100,342.42
1781461794,R_100,342.49
1781461796,R_100,342.71
1781461798,R_100,342.76
1781461800,R_100,342.77
1781461802,R_100,342.77
1781461804,R_100,342.73
1781461806,R_100,342.77
1781461808,R_100,342.66
1781461810,R_100,342.68
1781461812,R_100,342.71
1781461814,R_100,342.7
1781461816,R_100,342.83
1781461818,R_100,342.8
1781461820,R_100,342.76
1781461822,R_100,342.64
1781461824,R_100,342.79
1781461826,R_100,342.59
1781461828,R_100,342.63
1781461830,R_100,342.63
1781461832,R_100,342.73
1781461834,R_100,342.82
1781461836,R_100,342.86
1781461838,R_100,342.84
1781461840,R_100,342.93
1781461842,R_100,342.91
1781461844,R_100,343.06
1781461846,R_100,343.15
1781461848,R_100,343.12
1781461850,R_100,343.13
1781461852,R_100,343.16
1781461854,R_100,342.91
1781461856,R_100,342.93
1781461858,R_100,342.86
1781461860,R_100,342.96
1781461862,R_100,342.99
1781461864,R_100,342.94
1781461866,R_100,342.9
1781461868,R_100,342.74
1781461870,R_100,342.72
1781461872,R_100,342.51
1781461874,R_100,342.55
1781461876,R_100,342.64
1781461878,R_100,342.53
1781461880,R_100,342.55
1781461882,R_100,342.45
1781461884,R_100,342.44
1781461886,R_100,342.41
1781461888,R_100,342.32
1781461890,R_100,342.39
1781461892,R_100,342.34
1781461894,R_100,342.44
1781461896,R_100,342.32
1781461898,R_100,342.2
1781461900,R_100,342.28
1781461902,R_100,342.25
1781461904,R_100,342.27
1781461906,R_100,342.26
1781461908,R_100,342.24
1781461910,R_100,342.28
1781461912,R_100,342.34
1781461914,R_100,342.31
1781461916,R_100,342.19
1781461918,R_100,342.32
1781461920,R_100,342.27
1781461922,R_100,342.24
1781461924,R_100,342.37
1781461926,R_100,342.37
1781461928,R_100,342.3
1781461930,R_100,342.38
1781461932,R_100,342.34
1781461934,R_100,342.39
1781461936,R_100,342.42
1781461938,R_100,342.54
1781461940,R_100,342.54
1781461942,R_100,342.65
1781461944,R_100,342.74
1781461946,R_100,342.67
1781461948,R_100,342.72
1781461950,R_100,342.73
1781461952,R_100,342.72
1781461954,R_100,342.71
1781461956,R_100,342.78
1781461958,R_100,342.85
1781461960,R_100,342.79
1781461962,R_100,342.74
1781461964,R_100,342.7
1781461966,R_100,342.7
1781461968,R_100,342.94
1781461970,R_100,343.02
1781461972,R_100,342.98
1781461974,R_100,342.99
1781461976,R_100,342.89
1781461978,R_100,342.8
1781461980,R_100,342.81
1781461982,R_100,342.81
1781461984,R_100,342.77
1781461986,R_100,342.79
1781461988,R_100,342.76
1781461990,R_100,342.64
1781461992,R_100,342.74
1781461994,R_100,342.77
1781461996,R_100,342.86
1781461998,R_100,342.97
1781462000,R_100,342.92
1781462002,R_100,342.9
1781462004,R_100,342.96
1781462006,R_100,342.84
1781462008,R_100,342.84
1781462010,R_100,343
1781462012,R_100,342.87
1781462014,R_100,342.86
1781462016,R_100,342.86
1781462018,R_100,342.88
1781462020,R_100,342.92
1781462022,R_100,342.83
1781462024,R_100,342.86
1781462026,R_100,342.95
1781462028,R_100,342.98
1781462030,R_100,342.95
1781462032,R_100,342.96
1781462034,R_100,342.94
1781462036,R_100,342.77
1781462038,R_100,342.83
1781462040,R_100,343.02
1781462042,R_100,343.07
1781462044,R_100,343.25
1781462046,R_100,343.3
1781462048,R_100,343.28
1781462050,R_100,343.28
1781462052,R_100,343.25
1781462054,R_100,343.38
1781462056,R_100,343.4
1781462058,R_100,343.46
1781462060,R_100,343.4
1781462062,R_100,343.44
1781462064,R_100,343.31
1781462066,R_100,343.49
1781462068,R_100,343.45
1781462070,R_100,343.39
1781462072,R_100,343.46
1781462074,R_100,343.58
1781462076,R_100,343.5
1781462078,R_100,343.57
1781462080,R_100,343.63
1781462082,R_100,343.71
1781462084,R_100,343.79
1781462086,R_100,343.68
1781462088,R_100,343.62
1781462090,R_100,343.65
1781462092,R_100,343.57
1781462094,R_100,343.53
1781462096,R_100,343.39
1781462098,R_100,343.47
1781462100,R_100,343.46
1781462102,R_100,343.44
1781462104,R_100,343.47
1781462106,R_100,343.56
1781462108,R_100,343.59
1781462110,R_100,343.44
1781462112,R_100,343.56
1781462114,R_100,343.65
1781462116,R_100,343.58
1781462118,R_100,343.47
1781462120,R_100,343.37
1781462122,R_100,343.3
1781462124,R_100,343.17
1781462126,R_100,343.33
1781462128,R_100,343.16
1781462130,R_100,343.09
1781462132,R_100,343.06
1781462134,R_100,343.05
1781462136,R_100,343.08
1781462138,R_100,343.12
1781462140,R_100,343.16
1781462142,R_100,343.24
1781462144,R_100,343.29
1781462146,R_100,343.16
1781462148,R_100,343.19
1781462150,R_100,343.2
1781462152,R_100,343.22
1781462154,R_100,343.15
1781462156,R_100,343.06
1781462158,R_100,343.02
1781462160,R_100,343.15
1781462162,R_100,343.25
1781462164,R_100,343.33
1781462166,R_100,343.12
1781462168,R_100,343.08
1781462170,R_100,343.15
1781462172,R_100,343.17
1781462174,R_100,343.14
1781462176,R_100,343.2
1781462178,R_100,343.37
1781462180,R_100,343.49
1781462182,R_100,343.52
1781462184,R_100,343.62
1781462186,R_100,343.59
1781462188,R_100,343.65
1781462190,R_100,343.62
1781462192,R_100,343.53
1781462194,R_100,343.62
1781462196,R_100,343.64
1781462198,R_100,343.63
1781462200,R_100,343.65
1781462202,R_100,343.71
1781462204,R_100,343.79
1781462206,R_100,343.72
1781462208,R_100,343.71
1781462210,R_100,343.85
1781462212,R_100,344.08
1781462214,R_100,344.09
1781462216,R_100,344.04
1781462218,R_100,344.06
1781462220,R_100,344.2
1781462222,R_100,344.13
1781462224,R_100,344.06
1781462226,R_100,344
1781462228,R_100,343.91
1781462230,R_100,343.89
1781462232,R_100,343.94
1781462234,R_100,343.98
1781462236,R_100,343.9
1781462238,R_100,343.9
1781462240,R_100,343.93
1781462242,R_100,343.82
1781462244,R_100,343.74
1781462246,R_100,343.66
1781462248,R_100,343.71
1781462250,R_100,343.81
1781462252,R_100,343.84
1781462254,R_100,343.77
1781462256,R_100,343.87
1781462258,R_100,343.88
1781462260,R_100,343.85
1781462262,R_100,343.87
1781462264,R_100,344.07
1781462266,R_100,344.11
1781462268,R_100,344.16
1781462270,R_100,344.31
1781462272,R_100,344.38
1781462274,R_100,344.42
1781462276,R_100,344.33
1781462278,R_100,344.44
1781462280,R_100,344.66
1781462282,R_100,344.62
1781462284,R_100,344.54
1781462286,R_100,344.61
1781462288,R_100,344.68
1781462290,R_100,344.59
1781462292,R_100,344.39
1781462294,R_100,344.34
1781462296,R_100,344.29
1781462298,R_100,344.35
1781462300,R_100,344.35
1781462302,R_100,344.46
1781462304,R_100,344.51
1781462306,R_100,344.41
1781462308,R_100,344.32
1781462310,R_100,344.23
1781462312,R_100,344.27
1781462314,R_100,344.28
1781462316,R_100,344.24
1781462318,R_100,344.19
1781462320,R_100,344.28
1781462322,R_100,344.34
1781462324,R_100,344.26
1781462326,R_100,344.22
1781462328,R_100,344.18
1781462330,R_100,344.21
1781462332,R_100,344.15
1781462334,R_100,344.13
1781462336,R_100,344.12
1781462338,R_100,344
1781462340,R_100,344.1
1781462342,R_100,344.13
1781462344,R_100,344.19
1781462346,R_100,344.16
1781462348,R_100,344.24
1781462350,R_100,344.29
1781462352,R_100,344.34
1781462354,R_100,344.26
1781462356,R_100,344.25
1781462358,R_100,344.22
1781462360,R_100,344.07
1781462362,R_100,344.28
1781462364,R_100,344.25
1781462366,R_100,344.26
1781462368,R_100,344.3
1781462370,R_100,344.21
1781462372,R_100,344.24
1781462374,R_100,344.12
1781462376,R_100,344.13
1781462378,R_100,344.16
1781462380,R_100,344.35
1781462382,R_100,344.29
1781462384,R_100,344.39
1781462386,R_100,344.32
1781462388,R_100,344.33
1781462390,R_100,344.35
1781462392,R_100,344.21
1781462394,R_100,344.19
1781462396,R_100,344.26
1781462398,R_100,344.19
1781462400,R_100,344.19
1781462402,R_100,344.24
1781462404,R_100,344.24
1781462406,R_100,344.3
1781462408,R_100,344.54
1781462410,R_100,344.51
1781462412,R_100,344.45
1781462414,R_100,344.37
1781462416,R_100,344.48
1781462418,R_100,344.46
1781462420,R_100,344.38
1781462422,R_100,344.42
1781462424,R_100,344.42
1781462426,R_100,344.45
1781462428,R_100,344.37
1781462430,R_100,344.33
1781462432,R_100,344.21
1781462434,R_100,344.06
1781462436,R_100,344.2
1781462438,R_100,344.24
1781462440,R_100,344.15
1781462442,R_100,344.24
1781462444,R_100,344.23
1781462446,R_100,344.09
1781462448,R_100,344.19
1781462450,R_100,344.38
1781462452,R_100,344.33
1781462454,R_100,344.41
1781462456,R_100,344.45
1781462458,R_100,344.44
1781462460,R_100,344.38
1781462462,R_100,344.44
1781462464,R_100,344.41
1781462466,R_100,344.42
1781462468,R_100,344.29
1781462470,R_100,344.21
1781462472,R_100,344.32
1781462474,R_100,344.52
1781462476,R_100,344.43
1781462478,R_100,344.5
1781462480,R_100,344.37
1781462482,R_100,344.43
1781462484,R_100,344.49
1781462486,R_100,344.52
1781462488,R_100,344.51
1781462490,R_100,344.57
1781462492,R_100,344.56
1781462494,R_100,344.54
1781462496,R_100,344.37
1781462498,R_100,344.42
1781462500,R_100,344.32
1781462502,R_100,344.36
1781462504,R_100,344.37
1781462506,R_100,344.44
1781462508,R_100,344.36
1781462510,R_100,344.42
1781462512,R_100,344.65
1781462514,R_100,344.7
1781462516,R_100,344.75
1781462518,R_100,344.72
1781462520,R_100,344.75
1781462522,R_100,344.74
1781462524,R_100,344.69
1781462526,R_100,344.58
1781462528,R_100,344.62
1781462530,R_100,344.63
1781462532,R_100,344.5
1781462534,R_100,344.62
1781462536,R_100,344.63
1781462538,R_100,344.64
1781462540,R_100,344.61
1781462542,R_100,344.77
1781462544,R_100,344.95
1781462546,R_100,345.04
1781462548,R_100,345.1
1781462550,R_100,345.2
1781462552,R_100,345.31
1781462554,R_100,345.33
1781462556,R_100,345.5
1781462558,R_100,345.53
1781462560,R_100,345.49
1781462562,R_100,345.3
1781462564,R_100,345.27
1781462566,R_100,345.32
1781462568,R_100,345.33
1781462570,R_100,345.43
1781462572,R_100,345.61
1781462574,R_100,345.67
1781462576,R_100,345.51
1781462578,R_100,345.48
1781462580,R_100,345.45
1781462582,R_100,345.43
1781462584,R_100,345.42
1781462586,R_100,345.37
1781462588,R_100,345.43
1781462590,R_100,345.27
1781462592,R_100,345.19
1781462594,R_100,345.21
1781462596,R_100,345.14
1781462598,R_100,345.15
1781462600,R_100,345.23
1781462602,R_100,345.14
1781462604,R_100,345.19
1781462606,R_100,345
1781462608,R_100,344.96
1781462610,R_100,344.88
1781462612,R_100,344.87
1781462614,R_100,344.83
1781462616,R_100,344.69
1781462618,R_100,344.8
1781462620,R_100,344.85
1781462622,R_100,344.84
1781462624,R_100,344.81
1781462626,R_100,344.76
1781462628,R_100,344.85
1781462630,R_100,344.79
1781462632,R_100,344.69
1781462634,R_100,344.74
1781462636,R_100,344.62
1781462638,R_100,344.56
1781462640,R_100,344.53
1781462642,R_100,344.59
1781462644,R_100,344.57
1781462646,R_100,344.61
1781462648,R_100,344.62
1781462650,R_100,344.61
1781462652,R_100,344.75
1781462654,R_100,344.73
1781462656,R_100,344.81
1781462658,R_100,344.83
1781462660,R_100,344.75
1781462662,R_100,344.61
1781462664,R_100,344.45
1781462666,R_100,344.49
1781462668,R_100,344.58
1781462670,R_100,344.62
1781462672,R_100,344.64
1781462674,R_100,344.48
1781462676,R_100,344.41
1781462678,R_100,344.52
1781462680,R_100,344.51
1781462682,R_100,344.67
1781462684,R_100,344.64
1781462686,R_100,344.58
1781462688,R_100,344.54
1781462690,R_100,344.58
1781462692,R_100,344.48
1781462694,R_100,344.44
1781462696,R_100,344.53
1781462698,R_100,344.52
1781462700,R_100,344.49
1781462702,R_100,344.53
1781462704,R_100,344.52
1781462706,R_100,344.51
1781462708,R_100,344.41
1781462710,R_100,344.42
1781462712,R_100,344.38
1781462714,R_100,344.52
1781462716,R_100,344.51
1781462718,R_100,344.42
1781462720,R_100,344.39
1781462722,R_100,344.43
1781462724,R_100,344.44
1781462726,R_100,344.39
1781462728,R_100,344.28
1781462730,R_100,344.23
1781462732,R_100,344.17
1781462734,R_100,344.37
1781462736,R_100,344.5
1781462738,R_100,344.33
1781462740,R_100,344.28
1781462742,R_100,344.4
1781462744,R_100,344.34
1781462746,R_100,344.24
1781462748,R_100,344.19
1781462750,R_100,344.31
1781462752,R_100,344.34
1781462754,R_100,344.27
1781462756,R_100,344.24
1781462758,R_100,344.26
1781462760,R_100,344.27
1781462762,R_100,344.11
1781462764,R_100,344.24
1781462766,R_100,344.04
1781462768,R_100,344.13
1781462770,R_100,344.22
1781462772,R_100,344.12
1781462774,R_100,344.12
1781462776,R_100,344.06
1781462778,R_100,344.04
1781462780,R_100,344.05
1781462782,R_100,344.1
1781462784,R_100,344.14
1781462786,R_100,344.16
1781462788,R_100,344.29
1781462790,R_100,344.28
1781462792,R_100,344.18
1781462794,R_100,344.11
1781462796,R_100,344.03
1781462798,R_100,344.03
1781462800,R_100,343.95
1781462802,R_100,343.99
1781462804,R_100,343.93
1781462806,R_100,343.73
1781462808,R_100,343.81
1781462810,R_100,343.84
1781462812,R_100,343.76
1781462814,R_100,343.56
1781462816,R_100,343.59
1781462818,R_100,343.71
1781462820,R_100,343.74
1781462822,R_100,343.72
1781462824,R_100,343.78
1781462826,R_100,343.86
1781462828,R_100,343.86
1781462830,R_100,343.86
1781462832,R_100,343.92
1781462834,R_100,343.92
1781462836,R_100,343.97
1781462838,R_100,344.05
1781462840,R_100,343.94
1781462842,R_100,343.99
1781462844,R_100,344.02
1781462846,R_100,344.02
1781462848,R_100,344.02
1781462850,R_100,344.08
1781462852,R_100,344.05
1781462854,R_100,344.08
1781462856,R_100,343.96
1781462858,R_100,343.87
1781462860,R_100,343.79
1781462862,R_100,343.72
1781462864,R_100,343.82
1781462866,R_100,343.74
1781462868,R_100,343.86
1781462870,R_100,343.94
1781462872,R_100,344.11
1781462874,R_100,344.15
1781462876,R_100,344.18
1781462878,R_100,344.22
1781462880,R_100,344.17
1781462882,R_100,344.22
1781462884,R_100,344.26
1781462886,R_100,344.22
1781462888,R_100,344.2
1781462890,R_100,344.08
1781462892,R_100,344.03
1781462894,R_100,343.95
1781462896,R_100,343.86
1781462898,R_100,343.98
1781462900,R_100,343.94
1781462902,R_100,343.75
1781462904,R_100,343.51
1781462906,R_100,343.59
1781462908,R_100,343.67
1781462910,R_100,343.58
1781462912,R_100,343.46
1781462914,R_100,343.56
1781462916,R_100,343.62
1781462918,R_100,343.5
1781462920,R_100,343.46
1781462922,R_100,343.54
1781462924,R_100,343.55
1781462926,R_100,343.52
1781462928,R_100,343.42
1781462930,R_100,343.37
1781462932,R_100,343.27
1781462934,R_100,343.29
1781462936,R_100,343.22
1781462938,R_100,343.26
1781462940,R_100,343.27
1781462942,R_100,343.26
1781462944,R_100,343.26
1781462946,R_100,343.28
1781462948,R_100,343.21
1781462950,R_100,343.13
1781462952,R_100,343.23
1781462954,R_100,343.27
1781462956,R_100,343.31
1781462958,R_100,343.16
1781462960,R_100,343.12
1781462962,R_100,343.16
1781462964,R_100,343.11
1781462966,R_100,343.01
1781462968,R_100,342.9
1781462970,R_100,342.95
1781462972,R_100,343.06
1781462974,R_100,343.17
1781462976,R_100,343.19
1781462978,R_100,343.1
1781462980,R_100,343.14
1781462982,R_100,343.19
1781462984,R_100,343.18
1781462986,R_100,343.17
1781462988,R_100,343.27
1781462990,R_100,343.14
1781462992,R_100,343.06
1781462994,R_100,342.96
1781462996,R_100,342.72
1781462998,R_100,342.64
1781463000,R_100,342.51
1781463002,R_100,342.41
1781463004,R_100,342.32
1781463006,R_100,342.38
1781463008,R_100,342.17
1781463010,R_100,342.09
1781463012,R_100,341.88
1781463014,R_100,341.81
1781463016,R_100,341.93
1781463018,R_100,341.96
1781463020,R_100,341.97
1781463022,R_100,341.81
1781463024,R_100,341.9
1781463026,R_100,341.78
1781463028,R_100,341.79
1781463030,R_100,341.82
1781463032,R_100,341.73
1781463034,R_100,341.81
1781463036,R_100,341.73
1781463038,R_100,341.77
1781463040,R_100,341.8
1781463042,R_100,341.72
1781463044,R_100,341.75
1781463046,R_100,341.82
1781463048,R_100,341.91
1781463050,R_100,342.07
1781463052,R_100,342.06
1781463054,R_100,342.18
1781463056,R_100,342.13
1781463058,R_100,342.17
1781463060,R_100,342.11
1781463062,R_100,342.17
1781463064,R_100,342.11
1781463066,R_100,342.01
1781463068,R_100,341.97
1781463070,R_100,341.95
1781463072,R_100,342.1
1781463074,R_100,342.03
1781463076,R_100,342.09
1781463078,R_100,342.02
1781463080,R_100,342.08
1781463082,R_100,342.06
1781463084,R_100,341.94
1781463086,R_100,341.98
1781463088,R_100,341.96
1781463090,R_100,342.08
1781463092,R_100,342.12
1781463094,R_100,342
1781463096,R_100,342.08
1781463098,R_100,342.22
1781463100,R_100,342.3
1781463102,R_100,342.3
1781463104,R_100,342.23
1781463106,R_100,342.26
1781463108,R_100,342.39
1781463110,R_100,342.44
1781463112,R_100,342.68
1781463114,R_100,342.61
1781463116,R_100,342.7
1781463118,R_100,342.66
1781463120,R_100,342.52
1781463122,R_100,342.39
1781463124,R_100,342.28
1781463126,R_100,342.29
1781463128,R_100,342.33
1781463130,R_100,342.2
1781463132,R_100,342.17
1781463134,R_100,342.04
1781463136,R_100,342.02
1781463138,R_100,341.92
1781463140,R_100,341.88
1781463142,R_100,341.87
1781463144,R_100,341.85
1781463146,R_100,341.85
1781463148,R_100,342.05
1781463150,R_100,341.96
1781463152,R_100,341.91
1781463154,R_100,341.95
1781463156,R_100,341.83
1781463158,R_100,341.74
1781463160,R_100,341.77
1781463162,R_100,341.68
1781463164,R_100,341.47
1781463166,R_100,341.45
1781463168,R_100,341.51
1781463170,R_100,341.56
1781463172,R_100,341.47
1781463174,R_100,341.6
1781463176,R_100,341.62
1781463178,R_100,341.54
1781463180,R_100,341.52
1781463182,R_100,341.57
1781463184,R_100,341.67
1781463186,R_100,341.81
1781463188,R_100,341.96
1781463190,R_100,342.04
1781463192,R_100,342.05
1781463194,R_100,341.96
1781463196,R_100,342.01
1781463198,R_100,341.93
1781463200,R_100,341.96
1781463202,R_100,341.94
1781463204,R_100,342.02
1781463206,R_100,342.01
1781463208,R_100,342.22
1781463210,R_100,342.26
1781463212,R_100,342.26
1781463214,R_100,342.22
1781463216,R_100,342.35
1781463218,R_100,342.31
1781463220,R_100,342.38
1781463222,R_100,342.37
1781463224,R_100,342.34
1781463226,R_100,342.53
1781463228,R_100,342.56
1781463230,R_100,342.47
1781463232,R_100,342.6
1781463234,R_100,342.67
1781463236,R_100,342.77
1781463238,R_100,342.82
1781463240,R_100,342.74
1781463242,R_100,342.7
1781463244,R_100,342.65
1781463246,R_100,342.67
1781463248,R_100,342.62
1781463250,R_100,342.65
1781463252,R_100,342.67
1781463254,R_100,342.63
1781463256,R_100,342.73
1781463258,R_100,342.61
1781463260,R_100,342.53
1781463262,R_100,342.49
1781463264,R_100,342.43
1781463266,R_100,342.49
1781463268,R_100,342.54
1781463270,R_100,342.55
1781463272,R_100,342.47
1781463274,R_100,342.57
1781463276,R_100,342.55
1781463278,R_100,342.56
1781463280,R_100,342.67
1781463282,R_100,342.68
1781463284,R_100,342.69
1781463286,R_100,342.73
1781463288,R_100,342.82
1781463290,R_100,342.92
1781463292,R_100,342.97
1781463294,R_100,342.91
1781463296,R_100,342.9
1781463298,R_100,342.86
1781463300,R_100,342.89
1781463302,R_100,343.01
1781463304,R_100,342.87
1781463306,R_100,342.8
1781463308,R_100,342.78
1781463310,R_100,342.84
1781463312,R_100,342.79
1781463314,R_100,342.64
1781463316,R_100,342.74
1781463318,R_100,342.84
1781463320,R_100,342.81
1781463322,R_100,342.91
1781463324,R_100,342.97
1781463326,R_100,342.92
1781463328,R_100,342.86
1781463330,R_100,342.89
1781463332,R_100,343
1781463334,R_100,342.97
1781463336,R_100,343
1781463338,R_100,343.1
1781463340,R_100,343.11
1781463342,R_100,343.07
1781463344,R_100,343.14
1781463346,R_100,343.42
1781463348,R_100,343.42
1781463350,R_100,343.38
1781463352,R_100,343.3
1781463354,R_100,343.46
1781463356,R_100,343.44
1781463358,R_100,343.35
1781463360,R_100,343.36
1781463362,R_100,343.28
1781463364,R_100,343.27
1781463366,R_100,343.37
1781463368,R_100,343.44
1781463370,R_100,343.47
1781463372,R_100,343.43
1781463374,R_100,343.42
1781463376,R_100,343.31
1781463378,R_100,343.27
1781463380,R_100,343.02
1781463382,R_100,342.9
1781463384,R_100,342.93
1781463386,R_100,343.03
1781463388,R_100,343.01
1781463390,R_100,343.1
1781463392,R_100,343.09
1781463394,R_100,343.24
1781463396,R_100,343.22
1781463398,R_100,343.15
1781463400,R_100,343.16
1781463402,R_100,343.01
1781463404,R_100,342.91
1781463406,R_100,342.91
1781463408,R_100,342.92
1781463410,R_100,343.01
1781463412,R_100,343.07
1781463414,R_100,343.04
1781463416,R_100,342.99
1781463418,R_100,342.95
1781463420,R_100,342.89
1781463422,R_100,342.86
1781463424,R_100,342.76
1781463426,R_100,342.7
1781463428,R_100,342.77
1781463430,R_100,342.78
1781463432,R_100,342.7
1781463434,R_100,342.6
1781463436,R_100,342.47
1781463438,R_100,342.44
1781463440,R_100,342.52
1781463442,R_100,342.66
1781463444,R_100,342.65
1781463446,R_100,342.69
1781463448,R_100,342.7
1781463450,R_100,342.7
1781463452,R_100,342.75
1781463454,R_100,342.82
1781463456,R_100,342.74
1781463458,R_100,342.71
1781463460,R_100,342.62
1781463462,R_100,342.8
1781463464,R_100,342.71
1781463466,R_100,342.86
1781463468,R_100,342.86
1781463470,R_100,342.91
1781463472,R_100,342.92
1781463474,R_100,342.74
1781463476,R_100,342.75
1781463478,R_100,342.8
1781463480,R_100,342.73
1781463482,R_100,342.66
1781463484,R_100,342.63
1781463486,R_100,342.72
1781463488,R_100,342.71
1781463490,R_100,342.68
1781463492,R_100,342.63
1781463494,R_100,342.49
1781463496,R_100,342.39
1781463498,R_100,342.4
1781463500,R_100,342.5
1781463502,R_100,342.47
1781463504,R_100,342.38
1781463506,R_100,342.41
1781463508,R_100,342.43
1781463510,R_100,342.53
1781463512,R_100,342.53
1781463514,R_100,342.52
1781463516,R_100,342.36
1781463518,R_100,342.31
1781463520,R_100,342.21
1781463522,R_100,342.16
1781463524,R_100,342.15
1781463526,R_100,342.18
1781463528,R_100,342.16
1781463530,R_100,342.09
1781463532,R_100,342.14
1781463534,R_100,342.22
1781463536,R_100,342.17
1781463538,R_100,342.12
1781463540,R_100,342.14
1781463542,R_100,342.13
1781463544,R_100,342.08
1781463546,R_100,342.03
1781463548,R_100,342.11
1781463550,R_100,342.03
1781463552,R_100,341.97
1781463554,R_100,341.91
1781463556,R_100,341.9
1781463558,R_100,342
1781463560,R_100,342.05
1781463562,R_100,342.14
1781463564,R_100,342.08
1781463566,R_100,341.99
1781463568,R_100,342.13
1781463570,R_100,342.15
1781463572,R_100,342.08
1781463574,R_100,341.96
1781463576,R_100,342.03
1781463578,R_100,342.02
1781463580,R_100,342.05
1781463582,R_100,342.02
1781463584,R_100,341.84
1781463586,R_100,341.73
1781463588,R_100,341.75
1781463590,R_100,341.88
1781463592,R_100,341.77
1781463594,R_100,341.8
1781463596,R_100,341.78
1781463598,R_100,341.84
1781463600,R_100,341.88
1781463602,R_100,341.96
1781463604,R_100,341.73
1781463606,R_100,341.72
1781463608,R_100,341.78
1781463610,R_100,341.8
1781463612,R_100,341.79
1781463614,R_100,341.88
1781463616,R_100,341.98
1781463618,R_100,341.87
1781463620,R_100,341.91
1781463622,R_100,341.93
1781463624,R_100,341.88
1781463626,R_100,341.86
1781463628,R_100,341.82
1781463630,R_100,341.89
1781463632,R_100,341.87
1781463634,R_100,341.86
1781463636,R_100,341.97
1781463638,R_100,341.87
1781463640,R_100,341.95
1781463642,R_100,342.2
1781463644,R_100,342.25
1781463646,R_100,342.32
1781463648,R_100,342.32
1781463650,R_100,342.3
1781463652,R_100,342.3
1781463654,R_100,342.18
1781463656,R_100,342.26
1781463658,R_100,342.28
1781463660,R_100,342.24
1781463662,R_100,342.39
1781463664,R_100,342.29
1781463666,R_100,342.18
1781463668,R_100,342.34
1781463670,R_100,342.42
1781463672,R_100,342.64
1781463674,R_100,342.72
1781463676,R_100,342.68
1781463678,R_100,342.77
1781463680,R_100,342.7
1781463682,R_100,342.74
1781463684,R_100,342.77
1781463686,R_100,342.79
1781463688,R_100,342.9
1781463690,R_100,342.82
1781463692,R_100,342.88
1781463694,R_100,342.71
1781463696,R_100,342.7
1781463698,R_100,342.57
1781463700,R_100,342.75
1781463702,R_100,342.66
1781463704,R_100,342.55
1781463706,R_100,342.44
1781463708,R_100,342.5
1781463710,R_100,342.59
1781463712,R_100,342.66
1781463714,R_100,342.78
1781463716,R_100,342.77
1781463718,R_100,342.69
1781463720,R_100,342.8
1781463722,R_100,342.84
1781463724,R_100,342.86
1781463726,R_100,342.79
1781463728,R_100,342.8
1781463730,R_100,342.77
1781463732,R_100,342.82
1781463734,R_100,342.78
1781463736,R_100,342.76
1781463738,R_100,342.76
1781463740,R_100,342.72
1781463742,R_100,342.75
1781463744,R_100,342.67
1781463746,R_100,342.77
1781463748,R_100,342.83
1781463750,R_100,343.02
1781463752,R_100,343.02
1781463754,R_100,343.14
1781463756,R_100,343.29
1781463758,R_100,343.35
1781463760,R_100,343.38
1781463762,R_100,343.28
1781463764,R_100,343.31
1781463766,R_100,343.39
1781463768,R_100,343.44
1781463770,R_100,343.47
1781463772,R_100,343.25
1781463774,R_100,343.34
1781463776,R_100,343.5
1781463778,R_100,343.53
1781463780,R_100,343.56
1781463782,R_100,343.57
1781463784,R_100,343.58
1781463786,R_100,343.66
1781463788,R_100,343.64
1781463790,R_100,343.47
1781463792,R_100,343.49
1781463794,R_100,343.61
1781463796,R_100,343.5
1781463798,R_100,343.48
1781463800,R_100,343.42
1781463802,R_100,343.47
1781463804,R_100,343.52
1781463806,R_100,343.47
1781463808,R_100,343.46
1781463810,R_100,343.4
1781463812,R_100,343.25
1781463814,R_100,343.2
1781463816,R_100,343.13
1781463818,R_100,343.19
1781463820,R_100,343.17
1781463822,R_100,343.22
1781463824,R_100,343.12
1781463826,R_100,343.18
1781463828,R_100,343.14
1781463830,R_100,343.1
1781463832,R_100,343.2
1781463834,R_100,343.38
1781463836,R_100,343.31
1781463838,R_100,343.36
1781463840,R_100,343.54
1781463842,R_100,343.51
1781463844,R_100,343.49
1781463846,R_100,343.31
1781463848,R_100,343.27
1781463850,R_100,343.33
1781463852,R_100,343.27
1781463854,R_100,343.26
1781463856,R_100,343.32
1781463858,R_100,343.34
1781463860,R_100,343.36
1781463862,R_100,343.19
1781463864,R_100,343.26
1781463866,R_100,343.3
1781463868,R_100,343.37
1781463870,R_100,343.25
1781463872,R_100,343.27
1781463874,R_100,343.22
1781463876,R_100,343.29
1781463878,R_100,343.35
1781463880,R_100,343.31
1781463882,R_100,343.31
1781463884,R_100,343.29
1781463886,R_100,343.27
1781463888,R_100,343.29
1781463890,R_100,343.49
1781463892,R_100,343.58
1781463894,R_100,343.66
1781463896,R_100,343.76
1781463898,R_100,343.83
1781463900,R_100,343.8
1781463902,R_100,343.75
1781463904,R_100,343.7
1781463906,R_100,343.76
1781463908,R_100,343.96
1781463910,R_100,344.01
1781463912,R_100,343.91
1781463914,R_100,343.88
1781463916,R_100,343.83
1781463918,R_100,343.82
1781463920,R_100,343.93
1781463922,R_100,343.97
1781463924,R_100,343.93
1781463926,R_100,343.96
1781463928,R_100,343.91
1781463930,R_100,343.87
1781463932,R_100,343.76
1781463934,R_100,343.77
1781463936,R_100,343.83
1781463938,R_100,343.84
1781463940,R_100,343.73
1781463942,R_100,343.73
1781463944,R_100,343.61
1781463946,R_100,343.51
1781463948,R_100,343.63
1781463950,R_100,343.74
1781463952,R_100,343.76
1781463954,R_100,343.63
1781463956,R_100,343.87
1781463958,R_100,343.9
1781463960,R_100,343.97
1781463962,R_100,343.95
1781463964,R_100,343.86
1781463966,R_100,343.89
1781463968,R_100,343.82
1781463970,R_100,343.96
1781463972,R_100,343.72
1781463974,R_100,343.75
1781463976,R_100,343.72
1781463978,R_100,343.66
1781463980,R_100,343.57
1781463982,R_100,343.62
1781463984,R_100,343.48
1781463986,R_100,343.44
1781463988,R_100,343.52
1781463990,R_100,343.63
1781463992,R_100,343.63
1781463994,R_100,343.48
1781463996,R_100,343.38
1781463998,R_100,343.45
1781464000,R_100,343.28
1781464002,R_100,343.34
1781464004,R_100,343.36
1781464006,R_100,343.39
1781464008,R_100,343.39
1781464010,R_100,343.44
1781464012,R_100,343.4
1781464014,R_100,343.13
1781464016,R_100,343.23
1781464018,R_100,343.18
1781464020,R_100,343.14
1781464022,R_100,343.05
1781464024,R_100,343.26
1781464026,R_100,343.16
1781464028,R_100,343.21
1781464030,R_100,343.35
1781464032,R_100,343.4
1781464034,R_100,343.36
1781464036,R_100,343.47
1781464038,R_100,343.52
1781464040,R_100,343.49
1781464042,R_100,343.48
1781464044,R_100,343.41
1781464046,R_100,343.36
1781464048,R_100,343.25
1781464050,R_100,343.08
1781464052,R_100,343.09
1781464054,R_100,342.99
1781464056,R_100,342.92
1781464058,R_100,342.86
1781464060,R_100,342.83
1781464062,R_100,342.74
1781464064,R_100,342.5
1781464066,R_100,342.51
1781464068,R_100,342.29
1781464070,R_100,342.25
1781464072,R_100,342.35
1781464074,R_100,342.37
1781464076,R_100,342.44
1781464078,R_100,342.37
1781464080,R_100,342.42
1781464082,R_100,342.34
1781464084,R_100,342.29
1781464086,R_100,342.26
1781464088,R_100,342.15
1781464090,R_100,342.2
1781464092,R_100,342.27
1781464094,R_100,342.27
1781464096,R_100,342.23
1781464098,R_100,342.3
1781464100,R_100,342.34
1781464102,R_100,342.3
1781464104,R_100,342.13
1781464106,R_100,342.16
1781464108,R_100,342.18
1781464110,R_100,342.25
1781464112,R_100,342.07
1781464114,R_100,342.14
1781464116,R_100,342.18
1781464118,R_100,342.24
1781464120,R_100,342.1
1781464122,R_100,342.25
1781464124,R_100,342.24
1781464126,R_100,342.11
1781464128,R_100,342
1781464130,R_100,342.12
1781464132,R_100,342.12
1781464134,R_100,342.05
1781464136,R_100,342.21
1781464138,R_100,342.12
1781464140,R_100,342.21
1781464142,R_100,342.41
1781464144,R_100,342.2
1781464146,R_100,342.13
1781464148,R_100,342.12
1781464150,R_100,342.11
1781464152,R_100,342.05
1781464154,R_100,341.99
1781464156,R_100,341.93
1781464158,R_100,341.93
1781464160,R_100,341.9
1781464162,R_100,341.92
1781464164,R_100,341.88
1781464166,R_100,341.72
1781464168,R_100,341.7
1781464170,R_100,341.81
1781464172,R_100,341.93
1781464174,R_100,341.96
1781464176,R_100,341.99
1781464178,R_100,341.95
1781464180,R_100,342.02
1781464182,R_100,342.03
1781464184,R_100,342.21
1781464186,R_100,342.31
1781464188,R_100,342.31
1781464190,R_100,342.27
1781464192,R_100,342.35
1781464194,R_100,342.48
1781464196,R_100,342.35
1781464198,R_100,342.34
1781464200,R_100,342.25
1781464202,R_100,342.09
1781464204,R_100,342.14
1781464206,R_100,342.17
1781464208,R_100,342.22
1781464210,R_100,342.19
1781464212,R_100,342.29
1781464214,R_100,342.22
1781464216,R_100,342.12
1781464218,R_100,342.05
1781464220,R_100,342.01
1781464222,R_100,342.05
1781464224,R_100,342.07
1781464226,R_100,342.04
1781464228,R_100,341.98
1781464230,R_100,342.06
1781464232,R_100,342.17
1781464234,R_100,342.13
1781464236,R_100,341.99
1781464238,R_100,342
1781464240,R_100,341.77
1781464242,R_100,341.63
1781464244,R_100,341.69
1781464246,R_100,341.71
1781464248,R_100,341.7
1781464250,R_100,341.91
1781464252,R_100,341.92
1781464254,R_100,341.85
1781464256,R_100,341.8
1781464258,R_100,341.84
1781464260,R_100,341.84
1781464262,R_100,341.73
1781464264,R_100,341.73
1781464266,R_100,341.73
1781464268,R_100,341.65
1781464270,R_100,341.87
1781464272,R_100,341.71
1781464274,R_100,341.71
1781464276,R_100,341.78
1781464278,R_100,341.89
1781464280,R_100,342.02
1781464282,R_100,341.89
1781464284,R_100,341.92
1781464286,R_100,342.05
1781464288,R_100,342.08
1781464290,R_100,342.03
1781464292,R_100,342.01
1781464294,R_100,342.1
1781464296,R_100,342.07
1781464298,R_100,342.01
1781464300,R_100,341.86
1781464302,R_100,341.87
1781464304,R_100,341.84
1781464306,R_100,341.73
1781464308,R_100,342
1781464310,R_100,342.05
1781464312,R_100,342.14
1781464314,R_100,342.15
1781464316,R_100,342.13
1781464318,R_100,342.12
1781464320,R_100,342.11
1781464322,R_100,342.16
1781464324,R_100,342.15
1781464326,R_100,342.37
1781464328,R_100,342.37
1781464330,R_100,342.21
1781464332,R_100,342.25
1781464334,R_100,342.12
1781464336,R_100,342.19
1781464338,R_100,342.2
1781464340,R_100,342.37
1781464342,R_100,342.26
1781464344,R_100,342.29
1781464346,R_100,342.26
1781464348,R_100,342.35
1781464350,R_100,342.28
1781464352,R_100,342.3
1781464354,R_100,342.19
1781464356,R_100,342.27
1781464358,R_100,342.18
1781464360,R_100,342.35
1781464362,R_100,342.45
1781464364,R_100,342.52
1781464366,R_100,342.5
1781464368,R_100,342.51
1781464370,R_100,342.35
1781464372,R_100,342.24
1781464374,R_100,342.32
1781464376,R_100,342.24
1781464378,R_100,342.34
1781464380,R_100,342.27
1781464382,R_100,342.2
1781464384,R_100,342.15
1781464386,R_100,342.26
1781464388,R_100,342.27
1781464390,R_100,342.14
1781464392,R_100,342.13
1781464394,R_100,342.1
1781464396,R_100,342.19
1781464398,R_100,342.33
1781464400,R_100,342.39
1781464402,R_100,342.39
1781464404,R_100,342.35
1781464406,R_100,342.43
1781464408,R_100,342.3
1781464410,R_100,342.23
1781464412,R_100,342.19
1781464414,R_100,342.11
1781464416,R_100,342.07
1781464418,R_100,342.06
1781464420,R_100,342.17
1781464422,R_100,342.28
1781464424,R_100,342.21
1781464426,R_100,342.18
1781464428,R_100,342.15
1781464430,R_100,342.2
1781464432,R_100,342.24
1781464434,R_100,342.22
1781464436,R_100,342.28
1781464438,R_100,342.21
1781464440,R_100,342.28
1781464442,R_100,342.41
1781464444,R_100,342.38
1781464446,R_100,342.31
1781464448,R_100,342.42
1781464450,R_100,342.41
1781464452,R_100,342.44
1781464454,R_100,342.47
1781464456,R_100,342.4
1781464458,R_100,342.49
1781464460,R_100,342.39
1781464462,R_100,342.28
1781464464,R_100,342.2
1781464466,R_100,342.3
1781464468,R_100,342.22
1781464470,R_100,342.29
1781464472,R_100,342.35
1781464474,R_100,342.21
1781464476,R_100,342.1
1781464478,R_100,342.23
1781464480,R_100,342.19
1781464482,R_100,342.27
1781464484,R_100,342.32
1781464486,R_100,342.29
1781464488,R_100,342.22
1781464490,R_100,342.16
1781464492,R_100,342.11
1781464494,R_100,342.1
1781464496,R_100,342.17
1781464498,R_100,342.24
1781464500,R_100,342.26
1781464502,R_100,342.12
1781464504,R_100,341.89
1781464506,R_100,341.98
1781464508,R_100,342.09
1781464510,R_100,342.23
1781464512,R_100,342.15
1781464514,R_100,342.22
1781464516,R_100,342.23
1781464518,R_100,342.27
1781464520,R_100,342.37
1781464522,R_100,342.34
1781464524,R_100,342.45
1781464526,R_100,342.14
1781464528,R_100,342.16
1781464530,R_100,341.94
1781464532,R_100,341.88
1781464534,R_100,341.88
1781464536,R_100,341.92
1781464538,R_100,341.84
1781464540,R_100,341.5
1781464542,R_100,341.46
1781464544,R_100,341.5
1781464546,R_100,341.58
1781464548,R_100,341.77
1781464550,R_100,341.73
1781464552,R_100,341.62
1781464554,R_100,341.68
1781464556,R_100,341.73
1781464558,R_100,341.79
1781464560,R_100,341.7
1781464562,R_100,341.73
1781464564,R_100,341.71
1781464566,R_100,341.63
1781464568,R_100,341.56
1781464570,R_100,341.39
1781464572,R_100,341.48
1781464574,R_100,341.51
1781464576,R_100,341.49
1781464578,R_100,341.58
1781464580,R_100,341.55
1781464582,R_100,341.55
1781464584,R_100,341.59
1781464586,R_100,341.63
1781464588,R_100,341.53
1781464590,R_100,341.56
1781464592,R_100,341.67
1781464594,R_100,341.76
1781464596,R_100,341.77
1781464598,R_100,341.71
1781464600,R_100,341.6
1781464602,R_100,341.6
1781464604,R_100,341.49
1781464606,R_100,341.64
1781464608,R_100,341.6
1781464610,R_100,341.53
1781464612,R_100,341.46
1781464614,R_100,341.41
1781464616,R_100,341.33
1781464618,R_100,341.28
1781464620,R_100,341.17
1781464622,R_100,341.17
1781464624,R_100,341.14
1781464626,R_100,341.27
1781464628,R_100,341.35
1781464630,R_100,341.37
1781464632,R_100,341.27
1781464634,R_100,341.13
1781464636,R_100,341.15
1781464638,R_100,341.17
1781464640,R_100,341.06
1781464642,R_100,341.13
1781464644,R_100,341.15
1781464646,R_100,341.11
1781464648,R_100,341.14
1781464650,R_100,341.3
1781464652,R_100,341.2
1781464654,R_100,341.03
1781464656,R_100,341
1781464658,R_100,340.93
1781464660,R_100,340.94
1781464662,R_100,341.12
1781464664,R_100,341.11
1781464666,R_100,341.19
1781464668,R_100,341.08
1781464670,R_100,341.06
1781464672,R_100,341.18
1781464674,R_100,341.15
1781464676,R_100,341.17
1781464678,R_100,341.1
1781464680,R_100,341.08
1781464682,R_100,341.09
1781464684,R_100,340.99
1781464686,R_100,340.95
1781464688,R_100,340.86
1781464690,R_100,340.98
1781464692,R_100,340.9
1781464694,R_100,340.83
1781464696,R_100,340.82
1781464698,R_100,340.75
1781464700,R_100,340.6
1781464702,R_100,340.73
1781464704,R_100,340.62
1781464706,R_100,340.68
1781464708,R_100,340.59
1781464710,R_100,340.68
1781464712,R_100,340.68
1781464714,R_100,340.72
1781464716,R_100,340.65
1781464718,R_100,340.69
1781464720,R_100,340.66
1781464722,R_100,340.7
1781464724,R_100,340.6
1781464726,R_100,340.61
1781464728,R_100,340.86
1781464730,R_100,340.85
1781464732,R_100,340.7
1781464734,R_100,340.66
1781464736,R_100,340.73
1781464738,R_100,340.79
1781464740,R_100,340.82
1781464742,R_100,340.79
1781464744,R_100,340.79
1781464746,R_100,340.77
1781464748,R_100,340.68
1781464750,R_100,340.63
1781464752,R_100,340.54
1781464754,R_100,340.55
1781464756,R_100,340.49
1781464758,R_100,340.32
1781464760,R_100,340.28
1781464762,R_100,340.15
1781464764,R_100,340.17
1781464766,R_100,339.96
1781464768,R_100,340.01
1781464770,R_100,339.97
1781464772,R_100,340.01
1781464774,R_100,339.82
1781464776,R_100,339.89
1781464778,R_100,339.65
1781464780,R_100,339.69
1781464782,R_100,339.85
1781464784,R_100,339.88
1781464786,R_100,339.78
1781464788,R_100,339.87
1781464790,R_100,339.86
1781464792,R_100,339.85
1781464794,R_100,339.75
1781464796,R_100,339.75
1781464798,R_100,339.66
1781464800,R_100,339.68
1781464802,R_100,339.78
1781464804,R_100,339.54
1781464806,R_100,339.53
1781464808,R_100,339.56
1781464810,R_100,339.48
1781464812,R_100,339.54
1781464814,R_100,339.58
1781464816,R_100,339.63
1781464818,R_100,339.8
1781464820,R_100,339.75
1781464822,R_100,339.7
1781464824,R_100,339.5
1781464826,R_100,339.42
1781464828,R_100,339.5
1781464830,R_100,339.46
1781464832,R_100,339.37
1781464834,R_100,339.38
1781464836,R_100,339.35
1781464838,R_100,339.4
1781464840,R_100,339.34
1781464842,R_100,339.44
1781464844,R_100,339.37
1781464846,R_100,339.25
1781464848,R_100,339.11
1781464850,R_100,339.05
1781464852,R_100,339.08
1781464854,R_100,339.08
1781464856,R_100,338.96
1781464858,R_100,339.19
1781464860,R_100,339.36
1781464862,R_100,339.23
1781464864,R_100,339.43
1781464866,R_100,339.51
1781464868,R_100,339.52
1781464870,R_100,339.6
1781464872,R_100,339.61
1781464874,R_100,339.6
1781464876,R_100,339.65
1781464878,R_100,339.71
1781464880,R_100,339.67
1781464882,R_100,339.57
1781464884,R_100,339.72
1781464886,R_100,339.71
1781464888,R_100,339.82
1781464890,R_100,339.82
1781464892,R_100,340
1781464894,R_100,339.98
1781464896,R_100,339.77
1781464898,R_100,339.84
1781464900,R_100,339.92
1781464902,R_100,339.89
1781464904,R_100,339.68
1781464906,R_100,339.63
1781464908,R_100,339.72
1781464910,R_100,339.79
1781464912,R_100,339.87
1781464914,R_100,339.85
1781464916,R_100,339.87
1781464918,R_100,339.9
1781464920,R_100,339.81
1781464922,R_100,339.83
1781464924,R_100,339.83
1781464926,R_100,339.88
1781464928,R_100,339.97
1781464930,R_100,340
1781464932,R_100,339.99
1781464934,R_100,340.02
1781464936,R_100,340.02
1781464938,R_100,339.96
1781464940,R_100,340.07
1781464942,R_100,340.14
1781464944,R_100,340.16
1781464946,R_100,340.15
1781464948,R_100,340.06
1781464950,R_100,340.21
1781464952,R_100,340.37
1781464954,R_100,340.34
1781464956,R_100,340.25
1781464958,R_100,340.3
1781464960,R_100,340.37
1781464962,R_100,340.46
1781464964,R_100,340.45
1781464966,R_100,340.38
1781464968,R_100,340.44
1781464970,R_100,340.37
1781464972,R_100,340.22
1781464974,R_100,339.99
1781464976,R_100,340.17
1781464978,R_100,340.24
1781464980,R_100,340.14
1781464982,R_100,340.05
1781464984,R_100,340
1781464986,R_100,339.93
1781464988,R_100,339.83
1781464990,R_100,339.72
1781464992,R_100,339.71
1781464994,R_100,339.61
1781464996,R_100,339.51
1781464998,R_100,339.56
1781465000,R_100,339.49
1781465002,R_100,339.56
1781465004,R_100,339.54
1781465006,R_100,339.66
1781465008,R_100,339.59
1781465010,R_100,339.57
1781465012,R_100,339.56
1781465014,R_100,339.49
1781465016,R_100,339.52
1781465018,R_100,339.52
1781465020,R_100,339.33
1781465022,R_100,339.37
1781465024,R_100,339.28
1781465026,R_100,339.19
1781465028,R_100,339.19
1781465030,R_100,339.27
1781465032,R_100,339.28
1781465034,R_100,339.18
1781465036,R_100,339.21
1781465038,R_100,339.14
1781465040,R_100,339.26
1781465042,R_100,339.14
1781465044,R_100,339.17
1781465046,R_100,339.17
1781465048,R_100,339.02
1781465050,R_100,339
1781465052,R_100,338.89
1781465054,R_100,338.92
1781465056,R_100,338.96
1781465058,R_100,339.08
1781465060,R_100,339.12
1781465062,R_100,339.08
1781465064,R_100,339.13
1781465066,R_100,339
1781465068,R_100,339.02
1781465070,R_100,338.93
1781465072,R_100,338.91
1781465074,R_100,338.93
1781465076,R_100,339.07
1781465078,R_100,339.04
1781465080,R_100,338.93
1781465082,R_100,339.06
1781465084,R_100,339.2
1781465086,R_100,339.18
1781465088,R_100,339.2
1781465090,R_100,339.2
1781465092,R_100,339.26
1781465094,R_100,339.2
1781465096,R_100,339.15
1781465098,R_100,339.21
1781465100,R_100,339.17
1781465102,R_100,339.36
1781465104,R_100,339.32
1781465106,R_100,339.36
1781465108,R_100,339.21
1781465110,R_100,339.28
1781465112,R_100,339.33
1781465114,R_100,339.29
1781465116,R_100,339.3
1781465118,R_100,339.18
1781465120,R_100,339.18
1781465122,R_100,339.27
1781465124,R_100,339.3
1781465126,R_100,339.49
1781465128,R_100,339.47
1781465130,R_100,339.36
1781465132,R_100,339.49
1781465134,R_100,339.49
1781465136,R_100,339.48
1781465138,R_100,339.45
1781465140,R_100,339.58
1781465142,R_100,339.72
1781465144,R_100,339.79
1781465146,R_100,339.85
1781465148,R_100,339.81
1781465150,R_100,339.84
1781465152,R_100,339.84
1781465154,R_100,339.89
1781465156,R_100,339.83
1781465158,R_100,339.73
1781465160,R_100,339.53
1781465162,R_100,339.56
1781465164,R_100,339.68
1781465166,R_100,339.57
1781465168,R_100,339.57
1781465170,R_100,339.56
1781465172,R_100,339.56
1781465174,R_100,339.46
1781465176,R_100,339.67
1781465178,R_100,339.65
1781465180,R_100,339.66
1781465182,R_100,339.6
1781465184,R_100,339.71
1781465186,R_100,339.73
1781465188,R_100,339.72
1781465190,R_100,339.65
1781465192,R_100,339.68
1781465194,R_100,339.6
1781465196,R_100,339.6
1781465198,R_100,339.58
1781465200,R_100,339.59
1781465202,R_100,339.49
1781465204,R_100,339.48
1781465206,R_100,339.41
1781465208,R_100,339.58
1781465210,R_100,339.44
1781465212,R_100,339.37
1781465214,R_100,339.24
1781465216,R_100,339.22
1781465218,R_100,339.14
1781465220,R_100,339.25
1781465222,R_100,339.26
1781465224,R_100,339.23
1781465226,R_100,339.05
1781465228,R_100,339
1781465230,R_100,339.03
1781465232,R_100,338.9
1781465234,R_100,338.91
1781465236,R_100,338.84
1781465238,R_100,338.92
1781465240,R_100,338.92
1781465242,R_100,338.92
1781465244,R_100,338.99
1781465246,R_100,339.04
1781465248,R_100,339.01
1781465250,R_100,338.95
1781465252,R_100,338.92
1781465254,R_100,338.97
1781465256,R_100,338.81
1781465258,R_100,338.89
1781465260,R_100,338.81
1781465262,R_100,338.63
1781465264,R_100,338.48
1781465266,R_100,338.29
1781465268,R_100,338.14
1781465270,R_100,338.21
1781465272,R_100,338.08
1781465274,R_100,337.83
1781465276,R_100,337.77
1781465278,R_100,337.8
1781465280,R_100,337.98
1781465282,R_100,337.95
1781465284,R_100,337.88
1781465286,R_100,337.85
1781465288,R_100,337.91
1781465290,R_100,337.95
1781465292,R_100,338.03
1781465294,R_100,337.96
1781465296,R_100,338.1
1781465298,R_100,338.15
1781465300,R_100,337.99
1781465302,R_100,337.99
1781465304,R_100,338.04
1781465306,R_100,338.1
1781465308,R_100,338.19
1781465310,R_100,338.17
1781465312,R_100,338.2
1781465314,R_100,338.17
1781465316,R_100,338.19
1781465318,R_100,337.93
1781465320,R_100,337.87
1781465322,R_100,337.95
1781465324,R_100,338.14
1781465326,R_100,338.15
1781465328,R_100,338.23
1781465330,R_100,338.18
1781465332,R_100,338.17
1781465334,R_100,338.25
1781465336,R_100,338.19
1781465338,R_100,338.27
1781465340,R_100,338.32
1781465342,R_100,338.26
1781465344,R_100,338.19
1781465346,R_100,338.27
1781465348,R_100,338.36
1781465350,R_100,338.25
1781465352,R_100,338.15
1781465354,R_100,338.3
1781465356,R_100,338.39
1781465358,R_100,338.36
1781465360,R_100,338.43
1781465362,R_100,338.42
1781465364,R_100,338.45
1781465366,R_100,338.45
1781465368,R_100,338.48
1781465370,R_100,338.42
1781465372,R_100,338.4
1781465374,R_100,338.42
1781465376,R_100,338.51
1781465378,R_100,338.49
1781465380,R_100,338.36
1781465382,R_100,338.37
1781465384,R_100,338.23
1781465386,R_100,338.1
1781465388,R_100,338.04
1781465390,R_100,338.16
1781465392,R_100,338.21
1781465394,R_100,338.07
1781465396,R_100,337.92
1781465398,R_100,337.9
1781465400,R_100,337.82
1781465402,R_100,337.77
1781465404,R_100,337.73
1781465406,R_100,337.83
1781465408,R_100,338.02
1781465410,R_100,338.22
1781465412,R_100,338.05
1781465414,R_100,338.11
1781465416,R_100,338.13
1781465418,R_100,337.92
1781465420,R_100,337.89
1781465422,R_100,337.98
1781465424,R_100,337.87
1781465426,R_100,337.74
1781465428,R_100,337.74
1781465430,R_100,337.66
1781465432,R_100,337.68
1781465434,R_100,337.82
1781465436,R_100,337.86
1781465438,R_100,337.94
1781465440,R_100,337.76
1781465442,R_100,337.81
1781465444,R_100,337.86
1781465446,R_100,337.85
1781465448,R_100,337.75
1781465450,R_100,337.79
1781465452,R_100,337.75
1781465454,R_100,337.61
1781465456,R_100,337.52
1781465458,R_100,337.39
1781465460,R_100,337.3
1781465462,R_100,337.25
1781465464,R_100,337.3
1781465466,R_100,337.38
1781465468,R_100,337.41
1781465470,R_100,337.5
1781465472,R_100,337.33
1781465474,R_100,337.25
1781465476,R_100,337.22
1781465478,R_100,337.21
1781465480,R_100,337.36
1781465482,R_100,337.31
1781465484,R_100,337.22
1781465486,R_100,337.33
1781465488,R_100,337.23
1781465490,R_100,337.32
1781465492,R_100,337.31
1781465494,R_100,337.21
1781465496,R_100,337.1
1781465498,R_100,336.91
1781465500,R_100,336.99
1781465502,R_100,337.05
1781465504,R_100,337.13
1781465506,R_100,337.04
1781465508,R_100,337.09
1781465510,R_100,337.1
1781465512,R_100,337.02
1781465514,R_100,337.14
1781465516,R_100,337.22
1781465518,R_100,337.34
1781465520,R_100,337.39
1781465522,R_100,337.33
1781465524,R_100,337.24
1781465526,R_100,337.25
1781465528,R_100,337.26
1781465530,R_100,337.18
1781465532,R_100,337.25
1781465534,R_100,337.27
1781465536,R_100,337.17
1781465538,R_100,337.2
1781465540,R_100,337.19
1781465542,R_100,337.21
1781465544,R_100,337.15
1781465546,R_100,337.13
1781465548,R_100,337.17
1781465550,R_100,337.32
1781465552,R_100,337.28
1781465554,R_100,337.16
1781465556,R_100,337.11
1781465558,R_100,337.04
1781465560,R_100,336.92
1781465562,R_100,336.84
1781465564,R_100,336.92
1781465566,R_100,337.04
1781465568,R_100,337.08
1781465570,R_100,337.08
1781465572,R_100,337.14
1781465574,R_100,337.02
1781465576,R_100,336.88
1781465578,R_100,336.88
1781465580,R_100,336.87
1781465582,R_100,336.86
1781465584,R_100,336.96
1781465586,R_100,336.92
1781465588,R_100,337.05
1781465590,R_100,337.17
1781465592,R_100,337.13
1781465594,R_100,337.22
1781465596,R_100,337.2
1781465598,R_100,337.21
1781465600,R_100,337.19
1781465602,R_100,337.17
1781465604,R_100,337.09
1781465606,R_100,337.12
1781465608,R_100,337.03
1781465610,R_100,336.99
1781465612,R_100,337
1781465614,R_100,336.9
1781465616,R_100,336.86
1781465618,R_100,336.71
1781465620,R_100,336.65
1781465622,R_100,336.49
1781465624,R_100,336.55
1781465626,R_100,336.55
1781465628,R_100,336.59
1781465630,R_100,336.57
1781465632,R_100,336.51
1781465634,R_100,336.43
1781465636,R_100,336.53
1781465638,R_100,336.64
1781465640,R_100,336.64
1781465642,R_100,336.81
1781465644,R_100,336.9
1781465646,R_100,336.87
1781465648,R_100,336.72
1781465650,R_100,336.69
1781465652,R_100,336.7
1781465654,R_100,336.75
1781465656,R_100,336.77
1781465658,R_100,336.8
1781465660,R_100,336.7
1781465662,R_100,336.56
1781465664,R_100,336.48
1781465666,R_100,336.44
1781465668,R_100,336.44
1781465670,R_100,336.42
1781465672,R_100,336.42
1781465674,R_100,336.54
1781465676,R_100,336.56
1781465678,R_100,336.68
1781465680,R_100,336.77
1781465682,R_100,336.77
1781465684,R_100,336.82
1781465686,R_100,336.81
1781465688,R_100,336.86
1781465690,R_100,336.83
1781465692,R_100,336.84
1781465694,R_100,336.94
1781465696,R_100,336.97
1781465698,R_100,337.07
1781465700,R_100,337.08
1781465702,R_100,337.1
1781465704,R_100,337.16
1781465706,R_100,337.14
1781465708,R_100,337.29
1781465710,R_100,337.36
1781465712,R_100,337.37
1781465714,R_100,337.46
1781465716,R_100,337.45
1781465718,R_100,337.49
1781465720,R_100,337.42
1781465722,R_100,337.34
1781465724,R_100,337.29
1781465726,R_100,337.22
1781465728,R_100,337.17
1781465730,R_100,337.07
1781465732,R_100,337.02
1781465734,R_100,336.99
1781465736,R_100,337.07
1781465738,R_100,337.09
1781465740,R_100,337
1781465742,R_100,336.86
1781465744,R_100,336.77
1781465746,R_100,336.84
1781465748,R_100,336.82
1781465750,R_100,336.77
1781465752,R_100,336.79
1781465754,R_100,336.84
1781465756,R_100,336.94
1781465758,R_100,336.97
1781465760,R_100,336.94
1781465762,R_100,337.21
1781465764,R_100,337.21
1781465766,R_100,337.17
1781465768,R_100,337.29
1781465770,R_100,337.3
1781465772,R_100,337.27
1781465774,R_100,337.28
1781465776,R_100,337.32
1781465778,R_100,337.3
1781465780,R_100,337.33
1781465782,R_100,337.36
1781465784,R_100,337.42
1781465786,R_100,337.52
1781465788,R_100,337.52
1781465790,R_100,337.57
1781465792,R_100,337.41
1781465794,R_100,337.54
1781465796,R_100,337.49
1781465798,R_100,337.43
1781465800,R_100,337.53
1781465802,R_100,337.54
1781465804,R_100,337.44
1781465806,R_100,337.41
1781465808,R_100,337.42
1781465810,R_100,337.46
1781465812,R_100,337.37
1781465814,R_100,337.5
1781465816,R_100,337.43
1781465818,R_100,337.51
1781465820,R_100,337.45
1781465822,R_100,337.45
1781465824,R_100,337.45
1781465826,R_100,337.4
1781465828,R_100,337.43
1781465830,R_100,337.43
1781465832,R_100,337.39
1781465834,R_100,337.39
1781465836,R_100,337.49
1781465838,R_100,337.56
1781465840,R_100,337.4
1781465842,R_100,337.56
1781465844,R_100,337.58
1781465846,R_100,337.63
1781465848,R_100,337.62
1781465850,R_100,337.47
1781465852,R_100,337.47
1781465854,R_100,337.3
1781465856,R_100,337.41
1781465858,R_100,337.31
1781465860,R_100,337.39
1781465862,R_100,337.27
1781465864,R_100,337.41
1781465866,R_100,337.51
1781465868,R_100,337.51
1781465870,R_100,337.67
1781465872,R_100,337.61
1781465874,R_100,337.54
1781465876,R_100,337.6
1781465878,R_100,337.37
1781465880,R_100,337.45
1781465882,R_100,337.36
1781465884,R_100,337.22
1781465886,R_100,337.16
1781465888,R_100,337.22
1781465890,R_100,337.2
1781465892,R_100,337.34
1781465894,R_100,337.43
1781465896,R_100,337.37
1781465898,R_100,337.39
1781465900,R_100,337.37
1781465902,R_100,337.23
1781465904,R_100,337.31
1781465906,R_100,337.45
1781465908,R_100,337.54
1781465910,R_100,337.51
1781465912,R_100,337.54
1781465914,R_100,337.51
1781465916,R_100,337.6
1781465918,R_100,337.59
1781465920,R_100,337.55
1781465922,R_100,337.52
1781465924,R_100,337.26
1781465926,R_100,337.22
1781465928,R_100,337.37
1781465930,R_100,337.4
1781465932,R_100,337.29
1781465934,R_100,337.35
1781465936,R_100,337.43
1781465938,R_100,337.36
1781465940,R_100,337.45
1781465942,R_100,337.58
1781465944,R_100,337.62
1781465946,R_100,337.59
1781465948,R_100,337.44
1781465950,R_100,337.52
1781465952,R_100,337.48
1781465954,R_100,337.68
1781465956,R_100,337.58
1781465958,R_100,337.47
1781465960,R_100,337.59
1781465962,R_100,337.55
1781465964,R_100,337.74
1781465966,R_100,337.65
1781465968,R_100,337.75
1781465970,R_100,337.71
1781465972,R_100,337.65
1781465974,R_100,337.64
1781465976,R_100,337.6
1781465978,R_100,337.64
1781465980,R_100,337.67
1781465982,R_100,337.74
1781465984,R_100,337.79
1781465986,R_100,337.71
1781465988,R_100,337.79
1781465990,R_100,337.74
1781465992,R_100,337.73
1781465994,R_100,337.91
1781465996,R_100,337.97
1781465998,R_100,338.03
1781466000,R_100,338.05
1781466002,R_100,338.08
1781466004,R_100,338.05
1781466006,R_100,338.1
1781466008,R_100,337.91
1781466010,R_100,337.94
1781466012,R_100,337.77
1781466014,R_100,337.73
1781466016,R_100,337.6
1781466018,R_100,337.52
1781466020,R_100,337.44
1781466022,R_100,337.37
1781466024,R_100,337.48
1781466026,R_100,337.58
1781466028,R_100,337.67
1781466030,R_100,337.7
1781466032,R_100,337.68
1781466034,R_100,337.83
1781466036,R_100,337.77
1781466038,R_100,337.7
1781466040,R_100,337.64
1781466042,R_100,337.6
1781466044,R_100,337.66
1781466046,R_100,337.63
1781466048,R_100,337.88
1781466050,R_100,337.84
1781466052,R_100,337.73
1781466054,R_100,337.62
1781466056,R_100,337.57
1781466058,R_100,337.64
1781466060,R_100,337.76
1781466062,R_100,337.65
1781466064,R_100,337.67
1781466066,R_100,337.6
1781466068,R_100,337.49
1781466070,R_100,337.48
1781466072,R_100,337.52
1781466074,R_100,337.69
1781466076,R_100,337.74
1781466078,R_100,337.81
1781466080,R_100,337.84
1781466082,R_100,337.87
1781466084,R_100,337.64
1781466086,R_100,337.6
1781466088,R_100,337.71
1781466090,R_100,337.82
1781466092,R_100,338.01
1781466094,R_100,338.14
1781466096,R_100,338.2
1781466098,R_100,338.17
1781466100,R_100,338.07
1781466102,R_100,338.15
1781466104,R_100,338.16
1781466106,R_100,338.19
1781466108,R_100,338.26
1781466110,R_100,338.28
1781466112,R_100,338.45
1781466114,R_100,338.47
1781466116,R_100,338.61
1781466118,R_100,338.72
1781466120,R_100,338.81
1781466122,R_100,338.97
1781466124,R_100,338.99
1781466126,R_100,338.88
1781466128,R_100,338.99
1781466130,R_100,338.99
1781466132,R_100,338.82
1781466134,R_100,338.76
1781466136,R_100,338.71
1781466138,R_100,338.73
1781466140,R_100,338.64
1781466142,R_100,338.62
1781466144,R_100,338.48
1781466146,R_100,338.52
1781466148,R_100,338.63
1781466150,R_100,338.7
1781466152,R_100,338.69
1781466154,R_100,338.68
1781466156,R_100,338.59
1781466158,R_100,338.43
1781466160,R_100,338.35
1781466162,R_100,338.35
1781466164,R_100,338.26
1781466166,R_100,338.32
1781466168,R_100,338.26
1781466170,R_100,338.09
1781466172,R_100,338.02
1781466174,R_100,337.92
1781466176,R_100,337.94
1781466178,R_100,337.86
1781466180,R_100,337.95
1781466182,R_100,338.24
1781466184,R_100,338.32
1781466186,R_100,338.35
1781466188,R_100,338.43
1781466190,R_100,338.36
1781466192,R_100,338.4
1781466194,R_100,338.19
1781466196,R_100,338.18
1781466198,R_100,338.12
1781466200,R_100,338.19
1781466202,R_100,338.17
1781466204,R_100,338.16
1781466206,R_100,338.23
1781466208,R_100,338.3
1781466210,R_100,338.23
1781466212,R_100,338.33
1781466214,R_100,338.43
1781466216,R_100,338.59
1781466218,R_100,338.56
1781466220,R_100,338.69
1781466222,R_100,338.64
1781466224,R_100,338.78
1781466226,R_100,338.85
1781466228,R_100,338.76
1781466230,R_100,338.87
1781466232,R_100,338.99
1781466234,R_100,339.08
1781466236,R_100,338.97
1781466238,R_100,338.75
1781466240,R_100,338.84
1781466242,R_100,339.04
1781466244,R_100,338.98
1781466246,R_100,339.06
1781466248,R_100,339.03
1781466250,R_100,339
1781466252,R_100,338.98
1781466254,R_100,338.98
1781466256,R_100,339.1
1781466258,R_100,339.1
1781466260,R_100,339.33
1781466262,R_100,339.28
1781466264,R_100,339.31
1781466266,R_100,339.44
1781466268,R_100,339.34
1781466270,R_100,339.38
1781466272,R_100,339.36
1781466274,R_100,339.33
1781466276,R_100,339.39
1781466278,R_100,339.36
1781466280,R_100,339.42
1781466282,R_100,339.35
1781466284,R_100,339.39
1781466286,R_100,339.37
1781466288,R_100,339.48
1781466290,R_100,339.49
1781466292,R_100,339.52
1781466294,R_100,339.49
1781466296,R_100,339.54
1781466298,R_100,339.63
1781466300,R_100,339.63
1781466302,R_100,339.59
1781466304,R_100,339.64
1781466306,R_100,339.65
1781466308,R_100,339.6
1781466310,R_100,339.71
1781466312,R_100,339.64
1781466314,R_100,339.7
1781466316,R_100,339.73
1781466318,R_100,339.83
1781466320,R_100,339.8
1781466322,R_100,339.87
1781466324,R_100,339.76
1781466326,R_100,339.79
1781466328,R_100,339.79
1781466330,R_100,339.76
1781466332,R_100,339.86
1781466334,R_100,339.97
1781466336,R_100,339.98
1781466338,R_100,340.1
1781466340,R_100,340.12
1781466342,R_100,340.17
1781466344,R_100,340.29
1781466346,R_100,340.22
1781466348,R_100,340.03
1781466350,R_100,340.09
1781466352,R_100,340.15
1781466354,R_100,339.98
1781466356,R_100,339.9
1781466358,R_100,339.86
1781466360,R_100,339.84
1781466362,R_100,339.93
1781466364,R_100,339.86
1781466366,R_100,339.87
1781466368,R_100,339.9
1781466370,R_100,339.79
1781466372,R_100,339.77
1781466374,R_100,339.69
1781466376,R_100,339.8
1781466378,R_100,339.9
1781466380,R_100,340.12
1781466382,R_100,340.04
1781466384,R_100,340
1781466386,R_100,340.07
1781466388,R_100,340.05
1781466390,R_100,340.11
1781466392,R_100,340.16
1781466394,R_100,340.17
1781466396,R_100,340.11
1781466398,R_100,340.25
1781466400,R_100,340.31
1781466402,R_100,340.2
1781466404,R_100,340.1
1781466406,R_100,340.02
1781466408,R_100,339.99
1781466410,R_100,339.93
1781466412,R_100,339.97
1781466414,R_100,340.03
1781466416,R_100,340.02
1781466418,R_100,339.98
1781466420,R_100,339.97
1781466422,R_100,339.82
1781466424,R_100,339.78
1781466426,R_100,339.96
1781466428,R_100,339.92
1781466430,R_100,339.95
1781466432,R_100,339.97
1781466434,R_100,339.93
1781466436,R_100,339.91
1781466438,R_100,339.88
1781466440,R_100,340.05
1781466442,R_100,340.02
1781466444,R_100,340.21
1781466446,R_100,340.23
1781466448,R_100,340.07
1781466450,R_100,340.08
1781466452,R_100,340
1781466454,R_100,339.98
1781466456,R_100,340.08
1781466458,R_100,340.08
1781466460,R_100,340.1
1781466462,R_100,340.08
1781466464,R_100,340.25
1781466466,R_100,340.14
1781466468,R_100,340.32
1781466470,R_100,340.35
1781466472,R_100,340.26
1781466474,R_100,340.23
1781466476,R_100,340.47
1781466478,R_100,340.51
1781466480,R_100,340.62
1781466482,R_100,340.58
1781466484,R_100,340.51
1781466486,R_100,340.67
1781466488,R_100,340.64
1781466490,R_100,340.69
1781466492,R_100,340.78
1781466494,R_100,340.79
1781466496,R_100,340.89
1781466498,R_100,340.92
1781466500,R_100,340.78
1781466502,R_100,340.82
1781466504,R_100,340.87
1781466506,R_100,340.76
1781466508,R_100,340.77
1781466510,R_100,340.75
1781466512,R_100,340.66
1781466514,R_100,340.68
1781466516,R_100,340.63
1781466518,R_100,340.73
1781466520,R_100,340.71
1781466522,R_100,340.7
1781466524,R_100,340.52
1781466526,R_100,340.48
1781466528,R_100,340.71
1781466530,R_100,340.7
1781466532,R_100,340.75
1781466534,R_100,340.78
1781466536,R_100,340.79
1781466538,R_100,340.76
1781466540,R_100,340.97
1781466542,R_100,340.7
1781466544,R_100,340.65
1781466546,R_100,340.66
1781466548,R_100,340.75
1781466550,R_100,340.8
1781466552,R_100,340.66
1781466554,R_100,340.88
1781466556,R_100,340.83
1781466558,R_100,340.77
1781466560,R_100,340.86
1781466562,R_100,340.82
1781466564,R_100,340.81
1781466566,R_100,340.95
1781466568,R_100,340.91
1781466570,R_100,340.99
1781466572,R_100,340.97
1781466574,R_100,340.74
1781466576,R_100,340.76
1781466578,R_100,340.75
1781466580,R_100,340.73
1781466582,R_100,340.73
1781466584,R_100,340.71
1781466586,R_100,340.67
1781466588,R_100,340.77
1781466590,R_100,340.71
1781466592,R_100,340.75
1781466594,R_100,340.81
1781466596,R_100,340.75
1781466598,R_100,340.69
1781466600,R_100,340.69
1781466602,R_100,340.76
1781466604,R_100,340.74
1781466606,R_100,340.81
1781466608,R_100,340.87
1781466610,R_100,340.79
1781466612,R_100,340.78
1781466614,R_100,340.62
1781466616,R_100,340.48
1781466618,R_100,340.38
1781466620,R_100,340.36
1781466622,R_100,340.35
1781466624,R_100,340.26
1781466626,R_100,340.31
1781466628,R_100,340.4
1781466630,R_100,340.35
1781466632,R_100,340.33
1781466634,R_100,340.42
1781466636,R_100,340.51
1781466638,R_100,340.5
1781466640,R_100,340.55
1781466642,R_100,340.43
1781466644,R_100,340.59
1781466646,R_100,340.67
1781466648,R_100,340.55
1781466650,R_100,340.49
1781466652,R_100,340.58
1781466654,R_100,340.81
1781466656,R_100,340.76
1781466658,R_100,340.87
1781466660,R_100,340.83
1781466662,R_100,340.94
1781466664,R_100,340.88
1781466666,R_100,340.93
1781466668,R_100,340.89
1781466670,R_100,341.02
1781466672,R_100,341.07
1781466674,R_100,341.02
1781466676,R_100,341.07
1781466678,R_100,341.05
1781466680,R_100,341.1
1781466682,R_100,340.94
1781466684,R_100,340.88
1781466686,R_100,340.86
1781466688,R_100,340.81
1781466690,R_100,340.83
1781466692,R_100,340.8
1781466694,R_100,340.7
1781466696,R_100,340.6
1781466698,R_100,340.55
1781466700,R_100,340.56
1781466702,R_100,340.52
1781466704,R_100,340.48
1781466706,R_100,340.44
1781466708,R_100,340.49
1781466710,R_100,340.54
1781466712,R_100,340.51
1781466714,R_100,340.71
1781466716,R_100,340.84
1781466718,R_100,340.89
1781466720,R_100,340.88
1781466722,R_100,340.86
1781466724,R_100,340.94
1781466726,R_100,340.89
1781466728,R_100,340.87
1781466730,R_100,340.77
1781466732,R_100,340.7
1781466734,R_100,340.62
1781466736,R_100,340.43
1781466738,R_100,340.43
1781466740,R_100,340.49
1781466742,R_100,340.62
1781466744,R_100,340.63
1781466746,R_100,340.55
1781466748,R_100,340.59
1781466750,R_100,340.61
1781466752,R_100,340.54
1781466754,R_100,340.62
1781466756,R_100,340.65
1781466758,R_100,340.56
1781466760,R_100,340.38
1781466762,R_100,340.39
1781466764,R_100,340.4
1781466766,R_100,340.46
1781466768,R_100,340.56
1781466770,R_100,340.66
1781466772,R_100,340.7
1781466774,R_100,340.7
1781466776,R_100,340.83
1781466778,R_100,340.74
1781466780,R_100,340.72
1781466782,R_100,340.7
1781466784,R_100,340.74
1781466786,R_100,340.74
1781466788,R_100,340.75
1781466790,R_100,340.7
1781466792,R_100,340.7
1781466794,R_100,340.5
1781466796,R_100,340.48
1781466798,R_100,340.62
1781466800,R_100,340.68
1781466802,R_100,340.7
1781466804,R_100,340.68
1781466806,R_100,340.69
1781466808,R_100,340.59
1781466810,R_100,340.66
1781466812,R_100,340.76
1781466814,R_100,340.79
1781466816,R_100,340.75
1781466818,R_100,340.62
1781466820,R_100,340.57
1781466822,R_100,340.68
1781466824,R_100,340.68
1781466826,R_100,340.77
1781466828,R_100,340.81
1781466830,R_100,340.8
1781466832,R_100,340.7
1781466834,R_100,340.77
1781466836,R_100,340.82
1781466838,R_100,340.91
1781466840,R_100,340.9
1781466842,R_100,341
1781466844,R_100,340.97
1781466846,R_100,340.93
1781466848,R_100,341
1781466850,R_100,340.92
1781466852,R_100,340.88
1781466854,R_100,340.84
1781466856,R_100,340.82
1781466858,R_100,340.74
1781466860,R_100,340.71
1781466862,R_100,340.65
1781466864,R_100,340.8
1781466866,R_100,340.73
1781466868,R_100,340.76
1781466870,R_100,340.66
1781466872,R_100,340.59
1781466874,R_100,340.7
1781466876,R_100,340.75
1781466878,R_100,340.68
1781466880,R_100,340.72
1781466882,R_100,340.92
1781466884,R_100,340.86
1781466886,R_100,340.72
1781466888,R_100,340.67
1781466890,R_100,340.61
1781466892,R_100,340.62
1781466894,R_100,340.58
1781466896,R_100,340.52
1781466898,R_100,340.52
1781466900,R_100,340.53
1781466902,R_100,340.6
1781466904,R_100,340.68
1781466906,R_100,340.61
1781466908,R_100,340.58
1781466910,R_100,340.54
1781466912,R_100,340.66
1781466914,R_100,340.63
1781466916,R_100,340.78
1781466918,R_100,340.83
1781466920,R_100,340.89
1781466922,R_100,340.9
1781466924,R_100,341.09
1781466926,R_100,340.98
1781466928,R_100,341.08
1781466930,R_100,341.13
1781466932,R_100,341.27
1781466934,R_100,341.35
1781466936,R_100,341.33
1781466938,R_100,341.31
1781466940,R_100,341.38
1781466942,R_100,341.45
1781466944,R_100,341.35
1781466946,R_100,341.38
1781466948,R_100,341.32
1781466950,R_100,341.24
1781466952,R_100,341.31
1781466954,R_100,341.19
1781466956,R_100,341.17
1781466958,R_100,341.21
1781466960,R_100,341.22
1781466962,R_100,341.16
1781466964,R_100,341.04
1781466966,R_100,340.96
1781466968,R_100,340.9
1781466970,R_100,340.96
1781466972,R_100,340.93
1781466974,R_100,340.92
1781466976,R_100,340.98
1781466978,R_100,341.03
1781466980,R_100,341.05
1781466982,R_100,341.22
1781466984,R_100,341.32
1781466986,R_100,341.37
1781466988,R_100,341.31
1781466990,R_100,341.23
1781466992,R_100,341.13
1781466994,R_100,341.21
1781466996,R_100,341.25
1781466998,R_100,341.26
1781467000,R_100,341.2
1781467002,R_100,341.24
1781467004,R_100,341.32
1781467006,R_100,341.18
1781467008,R_100,341.25
1781467010,R_100,341.3
1781467012,R_100,341.28
1781467014,R_100,341.17
1781467016,R_100,341.25
1781467018,R_100,341.28
1781467020,R_100,341.25
1781467022,R_100,341.28
1781467024,R_100,341.29
1781467026,R_100,341.39
1781467028,R_100,341.47
1781467030,R_100,341.57
1781467032,R_100,341.75
1781467034,R_100,341.56
1781467036,R_100,341.5
1781467038,R_100,341.52
1781467040,R_100,341.6
1781467042,R_100,341.68
1781467044,R_100,341.62
1781467046,R_100,341.6
1781467048,R_100,341.63
1781467050,R_100,341.54
1781467052,R_100,341.52
1781467054,R_100,341.53
1781467056,R_100,341.67
1781467058,R_100,341.71
1781467060,R_100,341.86
1781467062,R_100,341.9
1781467064,R_100,341.9
1781467066,R_100,342.02
1781467068,R_100,342.05
1781467070,R_100,341.96
1781467072,R_100,341.84
1781467074,R_100,341.75
1781467076,R_100,341.86
1781467078,R_100,341.91
1781467080,R_100,341.76
1781467082,R_100,341.79
1781467084,R_100,341.78
1781467086,R_100,341.81
1781467088,R_100,341.99
1781467090,R_100,341.89
1781467092,R_100,341.81
1781467094,R_100,341.77
1781467096,R_100,341.77
1781467098,R_100,341.78
1781467100,R_100,341.7
1781467102,R_100,341.78
1781467104,R_100,341.85
1781467106,R_100,341.92
1781467108,R_100,342.05
1781467110,R_100,342.02
1781467112,R_100,341.84
1781467114,R_100,341.69
1781467116,R_100,341.91
1781467118,R_100,341.83
1781467120,R_100,341.89
1781467122,R_100,341.71
1781467124,R_100,341.78
1781467126,R_100,341.86
1781467128,R_100,341.99
1781467130,R_100,341.94
1781467132,R_100,342.08
1781467134,R_100,342.28
1781467136,R_100,342.36
1781467138,R_100,342.42
1781467140,R_100,342.39
1781467142,R_100,342.31
1781467144,R_100,342.34
1781467146,R_100,342.32
1781467148,R_100,342.25
1781467150,R_100,342.25
1781467152,R_100,342.33
1781467154,R_100,342.16
1781467156,R_100,342.29
1781467158,R_100,342.33
1781467160,R_100,342.25
1781467162,R_100,342.24
1781467164,R_100,342.24
1781467166,R_100,342.32
1781467168,R_100,342.31
1781467170,R_100,342.35
1781467172,R_100,342.28
1781467174,R_100,342.28
1781467176,R_100,342.15
1781467178,R_100,342.33
1781467180,R_100,342.3
1781467182,R_100,342.22
1781467184,R_100,342.2
1781467186,R_100,342.22
1781467188,R_100,342.13
1781467190,R_100,342.16
1781467192,R_100,342.07
1781467194,R_100,342.09
1781467196,R_100,342.06
1781467198,R_100,341.85
1781467200,R_100,341.9
1781467202,R_100,341.82
1781467204,R_100,341.8
1781467206,R_100,341.76
1781467208,R_100,341.75
1781467210,R_100,341.73
1781467212,R_100,341.82
1781467214,R_100,341.63
1781467216,R_100,341.59
1781467218,R_100,341.68
1781467220,R_100,341.55
1781467222,R_100,341.46
1781467224,R_100,341.47
1781467226,R_100,341.53
1781467228,R_100,341.49
1781467230,R_100,341.51
1781467232,R_100,341.45
1781467234,R_100,341.48
1781467236,R_100,341.44
1781467238,R_100,341.52
1781467240,R_100,341.45
1781467242,R_100,341.62
1781467244,R_100,341.66
1781467246,R_100,341.62
1781467248,R_100,341.68
1781467250,R_100,341.77
1781467252,R_100,341.68
1781467254,R_100,341.59
1781467256,R_100,341.71
1781467258,R_100,341.6
1781467260,R_100,341.56
1781467262,R_100,341.59
1781467264,R_100,341.46
1781467266,R_100,341.48
1781467268,R_100,341.57
1781467270,R_100,341.66
1781467272,R_100,341.62
1781467274,R_100,341.54
1781467276,R_100,341.61
1781467278,R_100,341.62
1781467280,R_100,341.56
1781467282,R_100,341.63
1781467284,R_100,341.79
1781467286,R_100,341.76
1781467288,R_100,341.64
1781467290,R_100,341.72
1781467292,R_100,341.58
1781467294,R_100,341.54
1781467296,R_100,341.48
1781467298,R_100,341.5
1781467300,R_100,341.43
1781467302,R_100,341.35
1781467304,R_100,341.28
1781467306,R_100,341.21
1781467308,R_100,341.18
1781467310,R_100,341.13
1781467312,R_100,341.16
1781467314,R_100,341.26
1781467316,R_100,341.15
1781467318,R_100,341.06
1781467320,R_100,340.97
1781467322,R_100,341
1781467324,R_100,341.03
1781467326,R_100,341.03
1781467328,R_100,340.95
1781467330,R_100,341.05
1781467332,R_100,341.08
1781467334,R_100,341.06
1781467336,R_100,341.03
1781467338,R_100,341.06
1781467340,R_100,341.15
1781467342,R_100,341.13
1781467344,R_100,341.3
1781467346,R_100,341.43
1781467348,R_100,341.38
1781467350,R_100,341.22
1781467352,R_100,341.36
1781467354,R_100,341.35
1781467356,R_100,341.12
1781467358,R_100,341.24
1781467360,R_100,341.4
1781467362,R_100,341.48
1781467364,R_100,341.62
1781467366,R_100,341.73
1781467368,R_100,341.77
1781467370,R_100,341.67
1781467372,R_100,341.59
1781467374,R_100,341.44
1781467376,R_100,341.32
1781467378,R_100,341.35
1781467380,R_100,341.21
1781467382,R_100,341.1
1781467384,R_100,341.07
1781467386,R_100,341
1781467388,R_100,341.1
1781467390,R_100,341.13
1781467392,R_100,340.9
1781467394,R_100,340.71
1781467396,R_100,340.57
1781467398,R_100,340.53
1781467400,R_100,340.54
1781467402,R_100,340.41
1781467404,R_100,340.28
1781467406,R_100,340.28
1781467408,R_100,340.33
1781467410,R_100,340.45
1781467412,R_100,340.39
1781467414,R_100,340.53
1781467416,R_100,340.52
1781467418,R_100,340.47
1781467420,R_100,340.39
1781467422,R_100,340.37
1781467424,R_100,340.36
1781467426,R_100,340.33
1781467428,R_100,340.42
1781467430,R_100,340.38
1781467432,R_100,340.33
1781467434,R_100,340.27
1781467436,R_100,340.27
1781467438,R_100,340.26
1781467440,R_100,340.29
1781467442,R_100,340.23
1781467444,R_100,340.11
1781467446,R_100,340.03
1781467448,R_100,339.82
1781467450,R_100,339.95
1781467452,R_100,339.95
1781467454,R_100,339.91
1781467456,R_100,340.03
1781467458,R_100,340.01
1781467460,R_100,339.87
1781467462,R_100,339.89
1781467464,R_100,339.77
1781467466,R_100,339.87
1781467468,R_100,340.1
1781467470,R_100,340.27
1781467472,R_100,340.35
1781467474,R_100,340.37
1781467476,R_100,340.54
1781467478,R_100,340.52
1781467480,R_100,340.47
1781467482,R_100,340.36
1781467484,R_100,340.32
1781467486,R_100,340.25
1781467488,R_100,340.29
1781467490,R_100,340.2
1781467492,R_100,340.13
1781467494,R_100,340.22
1781467496,R_100,340.29
1781467498,R_100,340.31
1781467500,R_100,340.32
1781467502,R_100,340.14
1781467504,R_100,340.2
1781467506,R_100,340.26
1781467508,R_100,340.29
1781467510,R_100,340.51
1781467512,R_100,340.63
1781467514,R_100,340.71
1781467516,R_100,340.78
1781467518,R_100,340.86
1781467520,R_100,340.89
1781467522,R_100,341.02
1781467524,R_100,340.97
1781467526,R_100,340.95
1781467528,R_100,340.84
1781467530,R_100,340.89
1781467532,R_100,340.93
1781467534,R_100,340.85
1781467536,R_100,340.9
1781467538,R_100,340.86
1781467540,R_100,340.82
1781467542,R_100,340.92
1781467544,R_100,340.92
1781467546,R_100,340.92
1781467548,R_100,341.04
1781467550,R_100,341.14
1781467552,R_100,341.17
1781467554,R_100,341.24
1781467556,R_100,341.2
1781467558,R_100,341.14
1781467560,R_100,341.14
1781467562,R_100,341.16
1781467564,R_100,341.17
1781467566,R_100,341.23
1781467568,R_100,341.18
1781467570,R_100,341.25
1781467572,R_100,341.13
1781467574,R_100,341.2
1781467576,R_100,340.96
1781467578,R_100,340.94
1781467580,R_100,341.01
1781467582,R_100,340.97
1781467584,R_100,341.03
1781467586,R_100,341.11
1781467588,R_100,341.05
1781467590,R_100,341.13
1781467592,R_100,341.01
1781467594,R_100,341.07
1781467596,R_100,341.11
1781467598,R_100,340.94
1781467600,R_100,340.92
1781467602,R_100,340.93
1781467604,R_100,340.89
1781467606,R_100,340.91
1781467608,R_100,340.89
1781467610,R_100,340.81
1781467612,R_100,340.84
1781467614,R_100,340.84
1781467616,R_100,340.84
1781467618,R_100,340.85
1781467620,R_100,340.96
1781467622,R_100,340.95
1781467624,R_100,341.05
1781467626,R_100,341.12
1781467628,R_100,341.06
1781467630,R_100,340.95
1781467632,R_100,340.91
1781467634,R_100,340.93
1781467636,R_100,341
1781467638,R_100,341.08
1781467640,R_100,340.95
1781467642,R_100,340.99
1781467644,R_100,340.99
1781467646,R_100,341.11
1781467648,R_100,341.16
1781467650,R_100,341.38
1781467652,R_100,341.47
1781467654,R_100,341.38
1781467656,R_100,341.34
1781467658,R_100,341.39
1781467660,R_100,341.31
1781467662,R_100,341.41
1781467664,R_100,341.4
1781467666,R_100,341.29
1781467668,R_100,341.34
1781467670,R_100,341.47
1781467672,R_100,341.44
1781467674,R_100,341.45
1781467676,R_100,341.57
1781467678,R_100,341.61
1781467680,R_100,341.74
1781467682,R_100,341.81
1781467684,R_100,341.71
1781467686,R_100,341.89
1781467688,R_100,341.84
1781467690,R_100,341.96
1781467692,R_100,341.98
1781467694,R_100,341.98
1781467696,R_100,341.9
1781467698,R_100,341.82
1781467700,R_100,341.86
1781467702,R_100,341.85
1781467704,R_100,341.8
1781467706,R_100,341.71
1781467708,R_100,341.77
1781467710,R_100,341.92
1781467712,R_100,342
1781467714,R_100,341.91
1781467716,R_100,341.91
1781467718,R_100,341.97
1781467720,R_100,341.97
1781467722,R_100,341.98
1781467724,R_100,342.02
1781467726,R_100,342
1781467728,R_100,342
1781467730,R_100,342.09
1781467732,R_100,342.06
1781467734,R_100,341.95
1781467736,R_100,341.96
1781467738,R_100,341.98
1781467740,R_100,341.99
1781467742,R_100,341.89
1781467744,R_100,341.96
1781467746,R_100,342.11
1781467748,R_100,342.31
1781467750,R_100,342.28
1781467752,R_100,342.34
1781467754,R_100,342.26
1781467756,R_100,342.25
1781467758,R_100,342.13
1781467760,R_100,342.07
1781467762,R_100,342.07
1781467764,R_100,341.96
1781467766,R_100,341.92
1781467768,R_100,341.93
1781467770,R_100,342.06
1781467772,R_100,341.92
1781467774,R_100,341.93
1781467776,R_100,341.96
1781467778,R_100,342.08
1781467780,R_100,341.99
1781467782,R_100,342.03
1781467784,R_100,342.19
1781467786,R_100,342.31
1781467788,R_100,342.29
1781467790,R_100,342.41
1781467792,R_100,342.49
1781467794,R_100,342.55
1781467796,R_100,342.49
1781467798,R_100,342.59
1781467800,R_100,342.69
1781467802,R_100,342.6
1781467804,R_100,342.4
1781467806,R_100,342.38
1781467808,R_100,342.41
1781467810,R_100,342.47
1781467812,R_100,342.5
1781467814,R_100,342.54
1781467816,R_100,342.53
1781467818,R_100,342.53
1781467820,R_100,342.58
1781467822,R_100,342.5
1781467824,R_100,342.68
1781467826,R_100,342.81
1781467828,R_100,342.74
1781467830,R_100,342.71
1781467832,R_100,342.79
1781467834,R_100,342.78
1781467836,R_100,342.56
1781467838,R_100,342.58
1781467840,R_100,342.49
1781467842,R_100,342.47
1781467844,R_100,342.4
1781467846,R_100,342.47
1781467848,R_100,342.51
1781467850,R_100,342.62
1781467852,R_100,342.59
1781467854,R_100,342.62
1781467856,R_100,342.68
1781467858,R_100,342.65
1781467860,R_100,342.73
1781467862,R_100,342.52
1781467864,R_100,342.5
1781467866,R_100,342.44
1781467868,R_100,342.44
1781467870,R_100,342.44
1781467872,R_100,342.32
1781467874,R_100,342.33
1781467876,R_100,342.25
1781467878,R_100,342.06
1781467880,R_100,342.15
1781467882,R_100,342.21
1781467884,R_100,342.33
1781467886,R_100,342.3
1781467888,R_100,342.33
1781467890,R_100,342.3
1781467892,R_100,342.4
1781467894,R_100,342.33
1781467896,R_100,342.26
1781467898,R_100,342.33
1781467900,R_100,342.25
1781467902,R_100,342.08
1781467904,R_100,342.07
1781467906,R_100,342.02
1781467908,R_100,341.95
1781467910,R_100,341.9
1781467912,R_100,341.89
1781467914,R_100,341.96
1781467916,R_100,342.07
1781467918,R_100,342.15
1781467920,R_100,342.03
1781467922,R_100,342.09
1781467924,R_100,342.26
1781467926,R_100,342.25
1781467928,R_100,342.2
1781467930,R_100,342.07
1781467932,R_100,342.07
1781467934,R_100,341.91
1781467936,R_100,341.9
1781467938,R_100,341.77
1781467940,R_100,341.84
1781467942,R_100,341.99
1781467944,R_100,342.01
1781467946,R_100,341.94
1781467948,R_100,341.98
1781467950,R_100,342.09
1781467952,R_100,342.1
1781467954,R_100,341.92
1781467956,R_100,341.77
1781467958,R_100,341.88
1781467960,R_100,341.95
1781467962,R_100,341.86
1781467964,R_100,341.64
1781467966,R_100,341.74
1781467968,R_100,341.74
1781467970,R_100,341.7
1781467972,R_100,341.74
1781467974,R_100,341.72
1781467976,R_100,341.55
1781467978,R_100,341.59
1781467980,R_100,341.6
1781467982,R_100,341.58
1781467984,R_100,341.59
1781467986,R_100,341.63
1781467988,R_100,341.6
1781467990,R_100,341.59
1781467992,R_100,341.63
1781467994,R_100,341.64
1781467996,R_100,341.83
1781467998,R_100,341.8
1781468000,R_100,341.92
1781468002,R_100,342.06
1781468004,R_100,342.1
1781468006,R_100,342.1
1781468008,R_100,342.09
1781468010,R_100,342.01
1781468012,R_100,341.94
1781468014,R_100,341.95
1781468016,R_100,342
1781468018,R_100,342.07
1781468020,R_100,342.03
1781468022,R_100,341.96
1781468024,R_100,342.1
1781468026,R_100,342.04
1781468028,R_100,342.02
1781468030,R_100,342.04
1781468032,R_100,342.14
1781468034,R_100,342.08
1781468036,R_100,341.94
1781468038,R_100,341.74
1781468040,R_100,341.77
1781468042,R_100,341.79
1781468044,R_100,341.9
1781468046,R_100,342.01
1781468048,R_100,341.91
1781468050,R_100,341.89
1781468052,R_100,341.82
1781468054,R_100,341.7
1781468056,R_100,341.72
1781468058,R_100,341.74
1781468060,R_100,341.82
1781468062,R_100,341.73
1781468064,R_100,341.73
1781468066,R_100,341.61
1781468068,R_100,341.54
1781468070,R_100,341.61
1781468072,R_100,341.5
1781468074,R_100,341.57
1781468076,R_100,341.59
1781468078,R_100,341.71
1781468080,R_100,341.71
1781468082,R_100,341.86
1781468084,R_100,341.83
1781468086,R_100,341.81
1781468088,R_100,341.67
1781468090,R_100,341.69
1781468092,R_100,341.67
1781468094,R_100,341.72
1781468096,R_100,341.71
1781468098,R_100,341.75
1781468100,R_100,341.64
1781468102,R_100,341.69
1781468104,R_100,341.63
1781468106,R_100,341.55
1781468108,R_100,341.5
1781468110,R_100,341.45
1781468112,R_100,341.39
1781468114,R_100,341.55
1781468116,R_100,341.5
1781468118,R_100,341.6
1781468120,R_100,341.58
1781468122,R_100,341.53
1781468124,R_100,341.49
1781468126,R_100,341.42
1781468128,R_100,341.42
1781468130,R_100,341.31
1781468132,R_100,341.24
1781468134,R_100,341.26
1781468136,R_100,341.27
1781468138,R_100,341.22
1781468140,R_100,341.12
1781468142,R_100,341.06
1781468144,R_100,340.92
1781468146,R_100,340.94
1781468148,R_100,340.82
1781468150,R_100,340.71
1781468152,R_100,340.71
1781468154,R_100,340.69
1781468156,R_100,340.6
1781468158,R_100,340.65
1781468160,R_100,340.82
1781468162,R_100,340.72
1781468164,R_100,340.63
1781468166,R_100,340.68
1781468168,R_100,340.68
1781468170,R_100,340.6
1781468172,R_100,340.76
1781468174,R_100,340.77
1781468176,R_100,340.79
1781468178,R_100,340.93
1781468180,R_100,341
1781468182,R_100,341.04
1781468184,R_100,341.11
1781468186,R_100,341.04
1781468188,R_100,341.11
1781468190,R_100,341.03
1781468192,R_100,341.05
1781468194,R_100,341.02
1781468196,R_100,340.85
1781468198,R_100,340.95
1781468200,R_100,341
1781468202,R_100,340.93
1781468204,R_100,341.02
1781468206,R_100,341.07
1781468208,R_100,341.1
1781468210,R_100,341.07
1781468212,R_100,341.14
1781468214,R_100,341.09
1781468216,R_100,341.12
1781468218,R_100,341.08
1781468220,R_100,341.02
1781468222,R_100,340.96
1781468224,R_100,340.93
1781468226,R_100,340.96
1781468228,R_100,340.86
1781468230,R_100,340.89
1781468232,R_100,340.96
1781468234,R_100,340.98
1781468236,R_100,341.08
1781468238,R_100,341.05
1781468240,R_100,341.07
1781468242,R_100,340.97
1781468244,R_100,340.84
1781468246,R_100,340.8
1781468248,R_100,340.74
1781468250,R_100,340.72
1781468252,R_100,340.78
1781468254,R_100,340.81
1781468256,R_100,340.81
1781468258,R_100,340.82
1781468260,R_100,340.78
1781468262,R_100,340.65
1781468264,R_100,340.7
1781468266,R_100,340.8
1781468268,R_100,340.78
1781468270,R_100,340.86
1781468272,R_100,340.9
1781468274,R_100,340.83
1781468276,R_100,340.91
1781468278,R_100,340.93
1781468280,R_100,340.72
1781468282,R_100,340.72
1781468284,R_100,340.73
1781468286,R_100,340.68
1781468288,R_100,340.69
1781468290,R_100,340.66
1781468292,R_100,340.62
1781468294,R_100,340.68
1781468296,R_100,340.69
1781468298,R_100,340.73
1781468300,R_100,340.73
1781468302,R_100,340.79
1781468304,R_100,340.84
1781468306,R_100,340.87
1781468308,R_100,340.93
1781468310,R_100,340.91
1781468312,R_100,340.9
1781468314,R_100,340.89
1781468316,R_100,340.92
1781468318,R_100,340.98
1781468320,R_100,340.92
1781468322,R_100,340.97
1781468324,R_100,340.95
1781468326,R_100,340.82
1781468328,R_100,340.75
1781468330,R_100,340.62
1781468332,R_100,340.52
1781468334,R_100,340.47
1781468336,R_100,340.36
1781468338,R_100,340.23
1781468340,R_100,340.41
1781468342,R_100,340.44
1781468344,R_100,340.55
1781468346,R_100,340.54
1781468348,R_100,340.5
1781468350,R_100,340.48
1781468352,R_100,340.71
1781468354,R_100,340.79
1781468356,R_100,340.82
1781468358,R_100,340.78
1781468360,R_100,340.96
1781468362,R_100,341.06
1781468364,R_100,341.11
1781468366,R_100,341.09
1781468368,R_100,340.93
1781468370,R_100,340.93
1781468372,R_100,341.02
1781468374,R_100,340.95
1781468376,R_100,340.87
1781468378,R_100,340.92
1781468380,R_100,340.92
1781468382,R_100,340.99
1781468384,R_100,341.06
1781468386,R_100,340.92
1781468388,R_100,340.86
1781468390,R_100,340.88
1781468392,R_100,341
1781468394,R_100,340.88
1781468396,R_100,340.93
1781468398,R_100,340.8
1781468400,R_100,340.8
1781468402,R_100,340.79
1781468404,R_100,340.75
1781468406,R_100,340.82
1781468408,R_100,340.78
1781468410,R_100,340.61
1781468412,R_100,340.67
1781468414,R_100,340.65
1781468416,R_100,340.54
1781468418,R_100,340.62
1781468420,R_100,340.72
1781468422,R_100,340.62
1781468424,R_100,340.63
1781468426,R_100,340.71
1781468428,R_100,340.65
1781468430,R_100,340.67
1781468432,R_100,340.71
1781468434,R_100,340.85
1781468436,R_100,340.85
1781468438,R_100,340.84
1781468440,R_100,340.77
1781468442,R_100,340.81
1781468444,R_100,340.84
1781468446,R_100,340.9
1781468448,R_100,340.89
1781468450,R_100,340.94
1781468452,R_100,340.89
1781468454,R_100,340.87
1781468456,R_100,340.84
1781468458,R_100,340.88
1781468460,R_100,340.8
1781468462,R_100,340.97
1781468464,R_100,341.01
1781468466,R_100,341.03
1781468468,R_100,341.08
1781468470,R_100,341.09
1781468472,R_100,341.14
1781468474,R_100,341.16
1781468476,R_100,341.15
1781468478,R_100,340.97
1781468480,R_100,340.96
1781468482,R_100,341.01
1781468484,R_100,341.12
1781468486,R_100,341.11
1781468488,R_100,341.16
1781468490,R_100,341.17
1781468492,R_100,341.33
1781468494,R_100,341.4
1781468496,R_100,341.44
1781468498,R_100,341.38
1781468500,R_100,341.26
1781468502,R_100,341.38
1781468504,R_100,341.38
1781468506,R_100,341.43
1781468508,R_100,341.37
1781468510,R_100,341.43
1781468512,R_100,341.36
1781468514,R_100,341.24
1781468516,R_100,341.13
1781468518,R_100,341.06
1781468520,R_100,341.06
1781468522,R_100,341.08
1781468524,R_100,340.96
1781468526,R_100,340.93
1781468528,R_100,340.85
1781468530,R_100,340.92
1781468532,R_100,340.96
1781468534,R_100,340.96
1781468536,R_100,341.05
1781468538,R_100,340.93
1781468540,R_100,340.98
1781468542,R_100,340.91
1781468544,R_100,340.92
1781468546,R_100,340.87
1781468548,R_100,340.9
1781468550,R_100,340.73
1781468552,R_100,340.63
1781468554,R_100,340.72
1781468556,R_100,340.76
1781468558,R_100,340.69
1781468560,R_100,340.63
1781468562,R_100,340.48
1781468564,R_100,340.45
1781468566,R_100,340.43
1781468568,R_100,340.37
1781468570,R_100,340.31
1781468572,R_100,340.26
1781468574,R_100,340.3
1781468576,R_100,340.35
1781468578,R_100,340.2
1781468580,R_100,340.08
1781468582,R_100,340.13
1781468584,R_100,340.21
1781468586,R_100,340.19
1781468588,R_100,340.17
1781468590,R_100,340.13
1781468592,R_100,340.2
1781468594,R_100,340.24
1781468596,R_100,340.35
1781468598,R_100,340.32
1781468600,R_100,340.16
1781468602,R_100,340.24
1781468604,R_100,340.23
1781468606,R_100,340.26
1781468608,R_100,340.36
1781468610,R_100,340.49
1781468612,R_100,340.49
1781468614,R_100,340.51
1781468616,R_100,340.33
1781468618,R_100,340.42
1781468620,R_100,340.43
1781468622,R_100,340.32
1781468624,R_100,340.43
1781468626,R_100,340.48
1781468628,R_100,340.46
1781468630,R_100,340.55
1781468632,R_100,340.44
1781468634,R_100,340.67
1781468636,R_100,340.81
1781468638,R_100,340.89
1781468640,R_100,340.91
1781468642,R_100,340.82
1781468644,R_100,340.87
1781468646,R_100,340.95
1781468648,R_100,341
1781468650,R_100,341
1781468652,R_100,340.99
1781468654,R_100,341.1
1781468656,R_100,341.19
1781468658,R_100,341.22
1781468660,R_100,341.31
1781468662,R_100,341.29
1781468664,R_100,341.27
1781468666,R_100,341.18
1781468668,R_100,341.09
1781468670,R_100,341.01
1781468672,R_100,341
1781468674,R_100,340.95
1781468676,R_100,340.85
1781468678,R_100,340.75
1781468680,R_100,340.76
1781468682,R_100,340.78
1781468684,R_100,340.82
1781468686,R_100,340.82
1781468688,R_100,340.77
1781468690,R_100,340.61
1781468692,R_100,340.61
1781468694,R_100,340.47
1781468696,R_100,340.54
1781468698,R_100,340.75
1781468700,R_100,340.84
1781468702,R_100,340.74
1781468704,R_100,340.81
1781468706,R_100,340.75
1781468708,R_100,340.62
1781468710,R_100,340.6
1781468712,R_100,340.72
1781468714,R_100,340.78
1781468716,R_100,340.78
1781468718,R_100,340.83
1781468720,R_100,340.9
1781468722,R_100,340.91
1781468724,R_100,341
1781468726,R_100,341.1
1781468728,R_100,341.06
1781468730,R_100,341.06
1781468732,R_100,341.07
1781468734,R_100,341.14
1781468736,R_100,341.07
1781468738,R_100,341.11
1781468740,R_100,341.14
1781468742,R_100,341.23
1781468744,R_100,341.16
1781468746,R_100,341.22
1781468748,R_100,341.29
1781468750,R_100,341.32
1781468752,R_100,341.45
1781468754,R_100,341.44
1781468756,R_100,341.45
1781468758,R_100,341.43
1781468760,R_100,341.4
1781468762,R_100,341.47
1781468764,R_100,341.47
1781468766,R_100,341.33
1781468768,R_100,341.39
1781468770,R_100,341.38
1781468772,R_100,341.56
1781468774,R_100,341.57
1781468776,R_100,341.65
1781468778,R_100,341.6
1781468780,R_100,341.66
1781468782,R_100,341.52
1781468784,R_100,341.37
1781468786,R_100,341.41
1781468788,R_100,341.24
1781468790,R_100,341.29
1781468792,R_100,341.34
1781468794,R_100,341.31
1781468796,R_100,341.33
1781468798,R_100,341.25
1781468800,R_100,341.19
1781468802,R_100,341.13
1781468804,R_100,341.28
1781468806,R_100,341.34
1781468808,R_100,341.45
1781468810,R_100,341.41
1781468812,R_100,341.44
1781468814,R_100,341.43
1781468816,R_100,341.53
1781468818,R_100,341.47
1781468820,R_100,341.24
1781468822,R_100,341.22
1781468824,R_100,341.27
1781468826,R_100,341.28
1781468828,R_100,341.31
1781468830,R_100,341.46
1781468832,R_100,341.53
1781468834,R_100,341.51
1781468836,R_100,341.42
1781468838,R_100,341.2
1781468840,R_100,341.03
1781468842,R_100,341.03
1781468844,R_100,340.86
1781468846,R_100,340.67
1781468848,R_100,340.72
1781468850,R_100,340.61
1781468852,R_100,340.73
1781468854,R_100,340.78
1781468856,R_100,340.74
1781468858,R_100,340.69
1781468860,R_100,340.83
1781468862,R_100,340.81
1781468864,R_100,340.83
1781468866,R_100,340.99
1781468868,R_100,341.04
1781468870,R_100,341.14
1781468872,R_100,341.27
1781468874,R_100,341.31
1781468876,R_100,341.37
1781468878,R_100,341.47
1781468880,R_100,341.55
1781468882,R_100,341.54
1781468884,R_100,341.52
1781468886,R_100,341.64
1781468888,R_100,341.68
1781468890,R_100,341.72
1781468892,R_100,341.69
1781468894,R_100,341.74
1781468896,R_100,341.66
1781468898,R_100,341.78
1781468900,R_100,341.66
1781468902,R_100,341.6
1781468904,R_100,341.71
1781468906,R_100,341.59
1781468908,R_100,341.59
1781468910,R_100,341.62
1781468912,R_100,341.62
1781468914,R_100,341.6
1781468916,R_100,341.64
1781468918,R_100,341.72
1781468920,R_100,341.73
1781468922,R_100,341.77
1781468924,R_100,341.79
1781468926,R_100,341.96
1781468928,R_100,341.99
1781468930,R_100,341.99
1781468932,R_100,341.97
1781468934,R_100,341.88
1781468936,R_100,341.99
1781468938,R_100,342.03
1781468940,R_100,342.07
1781468942,R_100,342.05
1781468944,R_100,342.02
1781468946,R_100,342.06
1781468948,R_100,342.1
1781468950,R_100,342.24
1781468952,R_100,342.08
1781468954,R_100,341.99
1781468956,R_100,341.71
1781468958,R_100,341.85
1781468960,R_100,341.92
1781468962,R_100,342.14
1781468964,R_100,342.12
1781468966,R_100,342.09
1781468968,R_100,342.24
1781468970,R_100,342.34
1781468972,R_100,342.42
1781468974,R_100,342.26
1781468976,R_100,342.23
1781468978,R_100,342.27
1781468980,R_100,342.15
1781468982,R_100,342.13
1781468984,R_100,342.25
1781468986,R_100,342.11
1781468988,R_100,342.2
1781468990,R_100,342.18
1781468992,R_100,342.23
1781468994,R_100,342.36
1781468996,R_100,342.35
1781468998,R_100,342.17
1781469000,R_100,342.05
1781469002,R_100,342.02
1781469004,R_100,342.1
1781469006,R_100,342.19
1781469008,R_100,342.13
1781469010,R_100,342.12
1781469012,R_100,342.12
1781469014,R_100,342.04
1781469016,R_100,342.08
1781469018,R_100,342.16
1781469020,R_100,342
1781469022,R_100,341.93
1781469024,R_100,342.06
1781469026,R_100,341.96
1781469028,R_100,342.08
1781469030,R_100,342.17
1781469032,R_100,342.11
1781469034,R_100,342.06
1781469036,R_100,341.95
1781469038,R_100,342.08
1781469040,R_100,342
1781469042,R_100,341.82
1781469044,R_100,341.97
1781469046,R_100,341.93
1781469048,R_100,341.93
1781469050,R_100,342.09
1781469052,R_100,342.12
1781469054,R_100,342.11
1781469056,R_100,342.04
1781469058,R_100,342.01
1781469060,R_100,342.05
1781469062,R_100,341.95
1781469064,R_100,342.1
1781469066,R_100,342.06
1781469068,R_100,342.08
1781469070,R_100,342.12
1781469072,R_100,342.17
1781469074,R_100,342.16
1781469076,R_100,342.16
1781469078,R_100,342.16
1781469080,R_100,342.24
1781469082,R_100,342.27
1781469084,R_100,342.28
1781469086,R_100,342.09
1781469088,R_100,342.01
1781469090,R_100,341.96
1781469092,R_100,341.86
1781469094,R_100,341.86
1781469096,R_100,341.83
1781469098,R_100,341.67
1781469100,R_100,341.65
1781469102,R_100,341.7
1781469104,R_100,341.76
1781469106,R_100,341.77
1781469108,R_100,341.65
1781469110,R_100,341.54
1781469112,R_100,341.55
1781469114,R_100,341.56
1781469116,R_100,341.45
1781469118,R_100,341.46
1781469120,R_100,341.39
1781469122,R_100,341.28
1781469124,R_100,341.27
1781469126,R_100,341.23
1781469128,R_100,341.34
1781469130,R_100,341.51
1781469132,R_100,341.56
1781469134,R_100,341.51
1781469136,R_100,341.48
1781469138,R_100,341.63
1781469140,R_100,341.67
1781469142,R_100,341.62
1781469144,R_100,341.65
1781469146,R_100,341.85
1781469148,R_100,341.92
1781469150,R_100,341.94
1781469152,R_100,341.86
1781469154,R_100,341.9
1781469156,R_100,341.89
1781469158,R_100,341.98
1781469160,R_100,341.89
1781469162,R_100,341.81
1781469164,R_100,341.73
1781469166,R_100,341.81
1781469168,R_100,341.77
1781469170,R_100,341.7
1781469172,R_100,341.93
1781469174,R_100,341.83
1781469176,R_100,341.94
1781469178,R_100,341.93
1781469180,R_100,341.84
1781469182,R_100,341.85
1781469184,R_100,342.03
1781469186,R_100,342.01
1781469188,R_100,342.14
1781469190,R_100,342.13
1781469192,R_100,342.19
1781469194,R_100,342.18
1781469196,R_100,342.29
1781469198,R_100,342.35
1781469200,R_100,342.41
1781469202,R_100,342.48
1781469204,R_100,342.54
1781469206,R_100,342.5
1781469208,R_100,342.61
1781469210,R_100,342.44
1781469212,R_100,342.36
1781469214,R_100,342.48
1781469216,R_100,342.64
1781469218,R_100,342.6
1781469220,R_100,342.52
1781469222,R_100,342.4
1781469224,R_100,342.32
1781469226,R_100,342.3
1781469228,R_100,342.21
1781469230,R_100,342.11
1781469232,R_100,342.17
1781469234,R_100,342.1
1781469236,R_100,342.21
1781469238,R_100,342.16
1781469240,R_100,342.12
1781469242,R_100,342
1781469244,R_100,341.86
1781469246,R_100,341.97
1781469248,R_100,341.84
1781469250,R_100,342.01
1781469252,R_100,341.93
1781469254,R_100,341.87
1781469256,R_100,341.85
1781469258,R_100,341.79
1781469260,R_100,341.71
1781469262,R_100,341.71
1781469264,R_100,341.74
1781469266,R_100,341.66
1781469268,R_100,341.72
1781469270,R_100,341.5
1781469272,R_100,341.49
1781469274,R_100,341.6
1781469276,R_100,341.64
1781469278,R_100,341.59
1781469280,R_100,341.68
1781469282,R_100,341.57
1781469284,R_100,341.43
1781469286,R_100,341.28
1781469288,R_100,341.33
1781469290,R_100,341.31
1781469292,R_100,341.33
1781469294,R_100,341.32
1781469296,R_100,341.37
1781469298,R_100,341.4
1781469300,R_100,341.35
1781469302,R_100,341.23
1781469304,R_100,341.22
1781469306,R_100,341.46
1781469308,R_100,341.41
1781469310,R_100,341.48
1781469312,R_100,341.46
1781469314,R_100,341.43
1781469316,R_100,341.38
1781469318,R_100,341.33
1781469320,R_100,341.29
1781469322,R_100,341.2
1781469324,R_100,341.23
1781469326,R_100,341.23
1781469328,R_100,341.29
1781469330,R_100,341.35
1781469332,R_100,341.2
1781469334,R_100,341.32
1781469336,R_100,341.3
1781469338,R_100,341.2
1781469340,R_100,341.24
1781469342,R_100,341.09
1781469344,R_100,341.17
1781469346,R_100,341.11
1781469348,R_100,341.13
1781469350,R_100,341.07
1781469352,R_100,340.95
1781469354,R_100,340.93
1781469356,R_100,340.95
1781469358,R_100,341.03
1781469360,R_100,341.04
1781469362,R_100,341
1781469364,R_100,341.08
1781469366,R_100,341.05
1781469368,R_100,341.05
1781469370,R_100,341.09
1781469372,R_100,341.01
1781469374,R_100,340.91
1781469376,R_100,340.94
1781469378,R_100,340.99
1781469380,R_100,340.99
1781469382,R_100,340.99
1781469384,R_100,341.08
1781469386,R_100,341.11
1781469388,R_100,341.15
1781469390,R_100,340.95
1781469392,R_100,340.85
1781469394,R_100,340.88
1781469396,R_100,340.81
1781469398,R_100,340.78
1781469400,R_100,340.87
1781469402,R_100,340.83
1781469404,R_100,340.83
1781469406,R_100,340.84
1781469408,R_100,340.75
1781469410,R_100,340.68
1781469412,R_100,340.67
1781469414,R_100,340.84
1781469416,R_100,340.89
1781469418,R_100,340.83
1781469420,R_100,340.69
1781469422,R_100,340.69
1781469424,R_100,340.78
1781469426,R_100,340.76
1781469428,R_100,340.81
1781469430,R_100,340.75
1781469432,R_100,340.77
1781469434,R_100,340.75
1781469436,R_100,340.72
1781469438,R_100,340.74
1781469440,R_100,340.64
1781469442,R_100,340.83
1781469444,R_100,340.82
1781469446,R_100,340.76
1781469448,R_100,340.94
1781469450,R_100,340.96
1781469452,R_100,341.02
1781469454,R_100,341.22
1781469456,R_100,341.16
1781469458,R_100,341.18
1781469460,R_100,341.22
1781469462,R_100,341.19
1781469464,R_100,341.12
1781469466,R_100,341.09
1781469468,R_100,341.11
1781469470,R_100,341.14
1781469472,R_100,341.05
1781469474,R_100,341.02
1781469476,R_100,341.03
1781469478,R_100,341.01
1781469480,R_100,341.1
1781469482,R_100,341.16
1781469484,R_100,341.29
1781469486,R_100,341.38
1781469488,R_100,341.3
1781469490,R_100,341.31
1781469492,R_100,341.21
1781469494,R_100,341.17
1781469496,R_100,340.99
1781469498,R_100,340.92
1781469500,R_100,340.98
1781469502,R_100,341.02
1781469504,R_100,341.2
1781469506,R_100,341.21
1781469508,R_100,341.21
1781469510,R_100,341.23
1781469512,R_100,341.21
1781469514,R_100,341.32
1781469516,R_100,341.21
1781469518,R_100,341.17
1781469520,R_100,341.13
1781469522,R_100,341.1
1781469524,R_100,341.03
1781469526,R_100,341.03
1781469528,R_100,341.09
1781469530,R_100,341.08
1781469532,R_100,341.03
1781469534,R_100,341.1
1781469536,R_100,341.09
1781469538,R_100,341.13
1781469540,R_100,341.22
1781469542,R_100,341.22
1781469544,R_100,341.19
1781469546,R_100,341.04
1781469548,R_100,341.06
1781469550,R_100,341.03
1781469552,R_100,341.02
1781469554,R_100,341.08
1781469556,R_100,341.11
1781469558,R_100,341.09
1781469560,R_100,341.03
1781469562,R_100,340.92
1781469564,R_100,340.99
1781469566,R_100,340.97
1781469568,R_100,340.87
1781469570,R_100,340.72
1781469572,R_100,340.82
1781469574,R_100,340.83
1781469576,R_100,340.78
1781469578,R_100,340.77
1781469580,R_100,340.66
1781469582,R_100,340.72
1781469584,R_100,340.75
1781469586,R_100,340.79
1781469588,R_100,340.75
1781469590,R_100,340.65
1781469592,R_100,340.53
1781469594,R_100,340.53
1781469596,R_100,340.44
1781469598,R_100,340.44
1781469600,R_100,340.51
1781469602,R_100,340.58
1781469604,R_100,340.52
1781469606,R_100,340.54
1781469608,R_100,340.54
1781469610,R_100,340.51
1781469612,R_100,340.4
1781469614,R_100,340.45
1781469616,R_100,340.4
1781469618,R_100,340.55
1781469620,R_100,340.54
1781469622,R_100,340.58
1781469624,R_100,340.59
1781469626,R_100,340.52
1781469628,R_100,340.55
1781469630,R_100,340.64
1781469632,R_100,340.74
1781469634,R_100,340.65
1781469636,R_100,340.6
1781469638,R_100,340.63
1781469640,R_100,340.77
1781469642,R_100,340.8
1781469644,R_100,340.81
1781469646,R_100,340.86
1781469648,R_100,340.96
1781469650,R_100,340.97
1781469652,R_100,341
1781469654,R_100,340.89
1781469656,R_100,340.75
1781469658,R_100,340.73
1781469660,R_100,340.64
1781469662,R_100,340.67
1781469664,R_100,340.51
1781469666,R_100,340.57
1781469668,R_100,340.47
1781469670,R_100,340.38
1781469672,R_100,340.47
1781469674,R_100,340.42
1781469676,R_100,340.51
1781469678,R_100,340.51
1781469680,R_100,340.43
1781469682,R_100,340.48
1781469684,R_100,340.59
1781469686,R_100,340.61
1781469688,R_100,340.72
1781469690,R_100,340.63
1781469692,R_100,340.72
1781469694,R_100,340.63
1781469696,R_100,340.63
1781469698,R_100,340.61
1781469700,R_100,340.67
1781469702,R_100,340.57
1781469704,R_100,340.58
1781469706,R_100,340.48
1781469708,R_100,340.56
1781469710,R_100,340.5
1781469712,R_100,340.49
1781469714,R_100,340.28
1781469716,R_100,340.26
1781469718,R_100,340.48
1781469720,R_100,340.44
1781469722,R_100,340.29
1781469724,R_100,340.31
1781469726,R_100,340.41
1781469728,R_100,340.44
1781469730,R_100,340.44
1781469732,R_100,340.37
1781469734,R_100,340.32
1781469736,R_100,340.37
1781469738,R_100,340.39
1781469740,R_100,340.35
1781469742,R_100,340.4
1781469744,R_100,340.39
1781469746,R_100,340.45
1781469748,R_100,340.44
1781469750,R_100,340.47
1781469752,R_100,340.29
1781469754,R_100,340.2
1781469756,R_100,340.21
1781469758,R_100,340.32
1781469760,R_100,340.53
1781469762,R_100,340.61
1781469764,R_100,340.59
1781469766,R_100,340.47
1781469768,R_100,340.39
1781469770,R_100,340.47
1781469772,R_100,340.57
1781469774,R_100,340.6
1781469776,R_100,340.72
1781469778,R_100,340.68
1781469780,R_100,340.63
1781469782,R_100,340.66
1781469784,R_100,340.71
1781469786,R_100,340.69
1781469788,R_100,340.73
1781469790,R_100,340.64
1781469792,R_100,340.55
1781469794,R_100,340.42
1781469796,R_100,340.31
1781469798,R_100,340.4
1781469800,R_100,340.38
1781469802,R_100,340.4
1781469804,R_100,340.36
1781469806,R_100,340.22
1781469808,R_100,340.18
1781469810,R_100,340.23
1781469812,R_100,340.19
1781469814,R_100,340.14
1781469816,R_100,340.19
1781469818,R_100,340.21
1781469820,R_100,340.17
1781469822,R_100,340.1
1781469824,R_100,340.09
1781469826,R_100,340.04
1781469828,R_100,339.95
1781469830,R_100,339.91
1781469832,R_100,339.83
1781469834,R_100,339.8
1781469836,R_100,339.71
1781469838,R_100,339.56
1781469840,R_100,339.5
1781469842,R_100,339.54
1781469844,R_100,339.46
1781469846,R_100,339.71
1781469848,R_100,339.66
1781469850,R_100,339.71
1781469852,R_100,339.82
1781469854,R_100,339.86
1781469856,R_100,339.87
1781469858,R_100,339.84
1781469860,R_100,339.92
1781469862,R_100,339.83
1781469864,R_100,339.8
1781469866,R_100,339.88
1781469868,R_100,339.86
1781469870,R_100,339.77
1781469872,R_100,339.73
1781469874,R_100,339.71
1781469876,R_100,339.69
1781469878,R_100,339.77
1781469880,R_100,339.71
1781469882,R_100,339.72
1781469884,R_100,339.8
1781469886,R_100,339.78
1781469888,R_100,339.89
1781469890,R_100,340.04
1781469892,R_100,340.06
1781469894,R_100,340.03
1781469896,R_100,340.14
1781469898,R_100,340.15
1781469900,R_100,340.07
1781469902,R_100,339.95
1781469904,R_100,339.98
1781469906,R_100,340.01
1781469908,R_100,340.12
1781469910,R_100,340.2
1781469912,R_100,340.08
1781469914,R_100,340.14
1781469916,R_100,340.13
1781469918,R_100,340.21
1781469920,R_100,340.19
1781469922,R_100,340.2
1781469924,R_100,340.2
1781469926,R_100,340.28
1781469928,R_100,340.36
1781469930,R_100,340.4
1781469932,R_100,340.49
1781469934,R_100,340.4
1781469936,R_100,340.42
1781469938,R_100,340.49
1781469940,R_100,340.65
1781469942,R_100,340.6
1781469944,R_100,340.52
1781469946,R_100,340.51
1781469948,R_100,340.6
1781469950,R_100,340.57
1781469952,R_100,340.53
1781469954,R_100,340.72
1781469956,R_100,340.65
1781469958,R_100,340.85
1781469960,R_100,340.83
1781469962,R_100,340.89
1781469964,R_100,341.01
1781469966,R_100,340.96
1781469968,R_100,340.94
1781469970,R_100,341.17
1781469972,R_100,341.12
1781469974,R_100,341.15
1781469976,R_100,341.06
1781469978,R_100,341.02
1781469980,R_100,341.05
1781469982,R_100,340.94
1781469984,R_100,340.9
1781469986,R_100,341.02
1781469988,R_100,340.98
1781469990,R_100,340.88
1781469992,R_100,341.02
1781469994,R_100,341.04
1781469996,R_100,340.93
1781469998,R_100,341.04
1781470000,R_100,341.03
1781470002,R_100,341
1781470004,R_100,340.88
1781470006,R_100,341.01
1781470008,R_100,340.92
1781470010,R_100,340.92
1781470012,R_100,340.88
1781470014,R_100,340.8
1781470016,R_100,340.74
1781470018,R_100,340.67
1781470020,R_100,340.63
1781470022,R_100,340.71
1781470024,R_100,340.67
1781470026,R_100,340.78
1781470028,R_100,340.85
1781470030,R_100,340.87
1781470032,R_100,340.81
1781470034,R_100,340.81
1781470036,R_100,340.88
1781470038,R_100,341.01
1781470040,R_100,341.16
1781470042,R_100,341.13
1781470044,R_100,341.23
1781470046,R_100,341.23
1781470048,R_100,341.18
1781470050,R_100,341.22
1781470052,R_100,341.26
1781470054,R_100,341.27
1781470056,R_100,341.25
1781470058,R_100,341.35
1781470060,R_100,341.46
1781470062,R_100,341.52
1781470064,R_100,341.4
1781470066,R_100,341.51
1781470068,R_100,341.56
1781470070,R_100,341.61
1781470072,R_100,341.66
1781470074,R_100,341.71
1781470076,R_100,341.75
1781470078,R_100,341.86
1781470080,R_100,341.71
1781470082,R_100,341.71
1781470084,R_100,341.69
1781470086,R_100,341.77
1781470088,R_100,341.77
1781470090,R_100,341.87
1781470092,R_100,341.85
1781470094,R_100,342
1781470096,R_100,341.98
1781470098,R_100,342.03
1781470100,R_100,342.1
1781470102,R_100,342.24
1781470104,R_100,342.06
1781470106,R_100,342.17
1781470108,R_100,342.22
1781470110,R_100,342.13
1781470112,R_100,342.32
1781470114,R_100,342.28
1781470116,R_100,342.36
1781470118,R_100,342.49
1781470120,R_100,342.54
1781470122,R_100,342.44
1781470124,R_100,342.26
1781470126,R_100,342.21
1781470128,R_100,342.15
1781470130,R_100,342.17
1781470132,R_100,342.24
1781470134,R_100,342.3
1781470136,R_100,342.22
1781470138,R_100,342.32
1781470140,R_100,342.26
1781470142,R_100,342.42
1781470144,R_100,342.43
1781470146,R_100,342.46
1781470148,R_100,342.36
1781470150,R_100,342.22
1781470152,R_100,342.19
1781470154,R_100,342
1781470156,R_100,342.03
1781470158,R_100,342.07
1781470160,R_100,342.05
1781470162,R_100,341.99
1781470164,R_100,341.98
1781470166,R_100,341.87
1781470168,R_100,341.76
1781470170,R_100,341.73
1781470172,R_100,341.54
1781470174,R_100,341.66
1781470176,R_100,341.6
1781470178,R_100,341.71
1781470180,R_100,341.63
1781470182,R_100,341.68
1781470184,R_100,341.7
1781470186,R_100,341.65
1781470188,R_100,341.52
1781470190,R_100,341.48
1781470192,R_100,341.44
1781470194,R_100,341.34
1781470196,R_100,341.38
1781470198,R_100,341.37
1781470200,R_100,341.43
1781470202,R_100,341.49
1781470204,R_100,341.41
1781470206,R_100,341.43
1781470208,R_100,341.62
1781470210,R_100,341.6
1781470212,R_100,341.65
1781470214,R_100,341.63
1781470216,R_100,341.74
1781470218,R_100,341.81
1781470220,R_100,341.69
1781470222,R_100,341.78
1781470224,R_100,341.73
1781470226,R_100,341.74
1781470228,R_100,341.82
1781470230,R_100,341.79
1781470232,R_100,341.98
1781470234,R_100,341.89
1781470236,R_100,341.94
1781470238,R_100,341.96
1781470240,R_100,341.99
1781470242,R_100,341.92
1781470244,R_100,341.86
1781470246,R_100,341.82
1781470248,R_100,341.75
1781470250,R_100,341.69
1781470252,R_100,341.68
1781470254,R_100,341.66
1781470256,R_100,341.54
1781470258,R_100,341.65
1781470260,R_100,341.6
1781470262,R_100,341.54
1781470264,R_100,341.41
1781470266,R_100,341.4
1781470268,R_100,341.37
1781470270,R_100,341.48
1781470272,R_100,341.51
1781470274,R_100,341.64
1781470276,R_100,341.8
1781470278,R_100,341.81
1781470280,R_100,341.78
1781470282,R_100,341.73
1781470284,R_100,341.73
1781470286,R_100,341.92
1781470288,R_100,341.88
1781470290,R_100,341.92
1781470292,R_100,342.07
1781470294,R_100,341.92
1781470296,R_100,342.07
1781470298,R_100,342.07
1781470300,R_100,342.14
1781470302,R_100,342.04
1781470304,R_100,342.02
1781470306,R_100,342.05
1781470308,R_100,342.12
1781470310,R_100,342.17
1781470312,R_100,342.12
1781470314,R_100,342.26
1781470316,R_100,342.2
1781470318,R_100,342.27
1781470320,R_100,342.21
1781470322,R_100,342.15
1781470324,R_100,342.1
1781470326,R_100,341.99
1781470328,R_100,341.91
1781470330,R_100,341.79
1781470332,R_100,341.86
1781470334,R_100,341.76
1781470336,R_100,341.64
1781470338,R_100,341.65
1781470340,R_100,341.7
1781470342,R_100,341.56
1781470344,R_100,341.54
1781470346,R_100,341.53
1781470348,R_100,341.59
1781470350,R_100,341.53
1781470352,R_100,341.59
1781470354,R_100,341.54
1781470356,R_100,341.63
1781470358,R_100,341.73
1781470360,R_100,341.72
1781470362,R_100,341.65
1781470364,R_100,341.67
1781470366,R_100,341.7
1781470368,R_100,341.6
1781470370,R_100,341.62
1781470372,R_100,341.49
1781470374,R_100,341.31
1781470376,R_100,341.17
1781470378,R_100,341.22
1781470380,R_100,341.26
1781470382,R_100,341.24
1781470384,R_100,341.32
1781470386,R_100,341.24
1781470388,R_100,341.16
1781470390,R_100,341.27
1781470392,R_100,341.33
1781470394,R_100,341.42
1781470396,R_100,341.42
1781470398,R_100,341.51
1781470400,R_100,341.42
1781470402,R_100,341.29
1781470404,R_100,341.29
1781470406,R_100,341.25
1781470408,R_100,341.23
1781470410,R_100,341.24
1781470412,R_100,341.19
1781470414,R_100,341.22
1781470416,R_100,341.27
1781470418,R_100,341.33
1781470420,R_100,341.38
1781470422,R_100,341.36
1781470424,R_100,341.38
1781470426,R_100,341.29
1781470428,R_100,341.37
1781470430,R_100,341.45
1781470432,R_100,341.52
1781470434,R_100,341.48
1781470436,R_100,341.34
1781470438,R_100,341.2
1781470440,R_100,341.25
1781470442,R_100,341.16
1781470444,R_100,341.28
1781470446,R_100,341.23
1781470448,R_100,341.15
1781470450,R_100,341.09
1781470452,R_100,340.98
1781470454,R_100,340.9
1781470456,R_100,341.02
1781470458,R_100,340.96
1781470460,R_100,340.88
1781470462,R_100,340.96
1781470464,R_100,341.12
1781470466,R_100,341.11
1781470468,R_100,341.14
1781470470,R_100,341.25
1781470472,R_100,341.24
1781470474,R_100,341.25
1781470476,R_100,341.28
1781470478,R_100,341.2
1781470480,R_100,341.15
1781470482,R_100,341.18
1781470484,R_100,341.16
1781470486,R_100,341.17
1781470488,R_100,341.06
1781470490,R_100,340.88
1781470492,R_100,340.87
1781470494,R_100,341.01
1781470496,R_100,340.96
1781470498,R_100,340.99
1781470500,R_100,341.1
1781470502,R_100,341.01
1781470504,R_100,340.93
1781470506,R_100,340.82
1781470508,R_100,340.73
1781470510,R_100,340.92
1781470512,R_100,340.94
1781470514,R_100,341.07
1781470516,R_100,341.15
1781470518,R_100,341.09
1781470520,R_100,340.95
1781470522,R_100,340.92
1781470524,R_100,340.97
1781470526,R_100,341.04
1781470528,R_100,341.11
1781470530,R_100,341.14
1781470532,R_100,341.02
1781470534,R_100,341.05
1781470536,R_100,341.11
1781470538,R_100,341.2
1781470540,R_100,341.09
1781470542,R_100,341.14
1781470544,R_100,341.03
1781470546,R_100,341.06
1781470548,R_100,341.11
1781470550,R_100,341.08
1781470552,R_100,341.08
1781470554,R_100,341.01
1781470556,R_100,341.11
1781470558,R_100,341.04
1781470560,R_100,340.91
1781470562,R_100,340.83
1781470564,R_100,340.81
1781470566,R_100,340.8
1781470568,R_100,340.79
1781470570,R_100,340.77
1781470572,R_100,340.7
1781470574,R_100,340.74
1781470576,R_100,340.87
1781470578,R_100,340.95
1781470580,R_100,341.05
1781470582,R_100,341.05
1781470584,R_100,341.11
1781470586,R_100,341.08
1781470588,R_100,341.07
1781470590,R_100,341.09
1781470592,R_100,341
1781470594,R_100,341
1781470596,R_100,340.85
1781470598,R_100,340.89
1781470600,R_100,340.67
1781470602,R_100,340.65
1781470604,R_100,340.47
1781470606,R_100,340.5
1781470608,R_100,340.49
1781470610,R_100,340.45
1781470612,R_100,340.58
1781470614,R_100,340.48
1781470616,R_100,340.41
1781470618,R_100,340.49
1781470620,R_100,340.55
1781470622,R_100,340.58
1781470624,R_100,340.5
1781470626,R_100,340.27
1781470628,R_100,340.4
1781470630,R_100,340.2
1781470632,R_100,340.26
1781470634,R_100,340.31
1781470636,R_100,340.1
1781470638,R_100,340.11
1781470640,R_100,339.98
1781470642,R_100,339.91
1781470644,R_100,339.91
1781470646,R_100,339.97
1781470648,R_100,340.07
1781470650,R_100,340.06
1781470652,R_100,339.92
1781470654,R_100,340
1781470656,R_100,340.1
1781470658,R_100,340.03
1781470660,R_100,340.14
1781470662,R_100,340.1
1781470664,R_100,340.08
1781470666,R_100,340.11
1781470668,R_100,340.15
1781470670,R_100,340.19
1781470672,R_100,340.32
1781470674,R_100,340.35
1781470676,R_100,340.42
1781470678,R_100,340.52
1781470680,R_100,340.5
1781470682,R_100,340.46
1781470684,R_100,340.36
1781470686,R_100,340.38
1781470688,R_100,340.47
1781470690,R_100,340.55
1781470692,R_100,340.56
1781470694,R_100,340.57
1781470696,R_100,340.66
1781470698,R_100,340.67
1781470700,R_100,340.67
1781470702,R_100,340.72
1781470704,R_100,340.77
1781470706,R_100,340.73
1781470708,R_100,340.53
1781470710,R_100,340.47
1781470712,R_100,340.5
1781470714,R_100,340.4
1781470716,R_100,340.51
1781470718,R_100,340.42
1781470720,R_100,340.48
1781470722,R_100,340.39
1781470724,R_100,340.29
1781470726,R_100,340.2
1781470728,R_100,340.11
1781470730,R_100,340.02
1781470732,R_100,339.89
1781470734,R_100,339.83
1781470736,R_100,339.88
1781470738,R_100,339.73
1781470740,R_100,339.69
1781470742,R_100,339.7
1781470744,R_100,339.67
1781470746,R_100,339.71
1781470748,R_100,339.79
1781470750,R_100,339.74
1781470752,R_100,339.68
1781470754,R_100,339.78
1781470756,R_100,339.86
1781470758,R_100,339.77
1781470760,R_100,339.68
1781470762,R_100,339.73
1781470764,R_100,339.62
1781470766,R_100,339.57
1781470768,R_100,339.63
1781470770,R_100,339.73
1781470772,R_100,339.78
1781470774,R_100,339.77
1781470776,R_100,339.74
1781470778,R_100,339.71
1781470780,R_100,339.69
1781470782,R_100,339.65
1781470784,R_100,339.77
1781470786,R_100,339.65
1781470788,R_100,339.7
1781470790,R_100,339.72
1781470792,R_100,339.62
1781470794,R_100,339.66
1781470796,R_100,339.63
1781470798,R_100,339.65
1781470800,R_100,339.73
1781470802,R_100,339.78
1781470804,R_100,339.8
1781470806,R_100,339.78
1781470808,R_100,339.84
1781470810,R_100,339.83
1781470812,R_100,339.8
1781470814,R_100,339.71
1781470816,R_100,339.7
1781470818,R_100,339.55
1781470820,R_100,339.6
1781470822,R_100,339.62
1781470824,R_100,339.72
1781470826,R_100,339.81
1781470828,R_100,339.76
1781470830,R_100,339.72
1781470832,R_100,339.84
1781470834,R_100,339.92
1781470836,R_100,339.9
1781470838,R_100,340.04
1781470840,R_100,340
1781470842,R_100,340
1781470844,R_100,340.11
1781470846,R_100,339.98
1781470848,R_100,340.12
1781470850,R_100,340.18
1781470852,R_100,339.96
1781470854,R_100,339.95
1781470856,R_100,339.89
1781470858,R_100,339.9
1781470860,R_100,339.85
1781470862,R_100,339.8
1781470864,R_100,339.6
1781470866,R_100,339.68
1781470868,R_100,339.65
1781470870,R_100,339.58
1781470872,R_100,339.47
1781470874,R_100,339.77
1781470876,R_100,339.69
1781470878,R_100,339.64
1781470880,R_100,339.53
1781470882,R_100,339.64
1781470884,R_100,339.64
1781470886,R_100,339.69
1781470888,R_100,339.69
1781470890,R_100,339.68
1781470892,R_100,339.7
1781470894,R_100,339.69
1781470896,R_100,339.67
1781470898,R_100,339.69
1781470900,R_100,339.75
1781470902,R_100,339.79
1781470904,R_100,339.72
1781470906,R_100,339.84
1781470908,R_100,339.78
1781470910,R_100,339.68
1781470912,R_100,339.57
1781470914,R_100,339.51
1781470916,R_100,339.36
1781470918,R_100,339.37
1781470920,R_100,339.3
1781470922,R_100,339.37
1781470924,R_100,339.29
1781470926,R_100,339.4
1781470928,R_100,339.4
1781470930,R_100,339.39
1781470932,R_100,339.42
1781470934,R_100,339.4
1781470936,R_100,339.43
1781470938,R_100,339.4
1781470940,R_100,339.52
1781470942,R_100,339.5
1781470944,R_100,339.52
1781470946,R_100,339.61
1781470948,R_100,339.64
1781470950,R_100,339.72
1781470952,R_100,339.69
1781470954,R_100,339.73
1781470956,R_100,339.6
1781470958,R_100,339.48
1781470960,R_100,339.4
1781470962,R_100,339.48
1781470964,R_100,339.57
1781470966,R_100,339.54
1781470968,R_100,339.65
1781470970,R_100,339.69
1781470972,R_100,339.96
1781470974,R_100,339.96
1781470976,R_100,340
1781470978,R_100,340.01
1781470980,R_100,340.13
1781470982,R_100,340.15
1781470984,R_100,340.21
1781470986,R_100,340.15
1781470988,R_100,340.24
1781470990,R_100,340.21
1781470992,R_100,340.28
1781470994,R_100,340.41
1781470996,R_100,340.38
1781470998,R_100,340.42
1781471000,R_100,340.31
1781471002,R_100,340.37
1781471004,R_100,340.4
1781471006,R_100,340.34
1781471008,R_100,340.19
1781471010,R_100,340.14
1781471012,R_100,340.22
1781471014,R_100,340.12
1781471016,R_100,340.27
1781471018,R_100,340.13
1781471020,R_100,340.07
1781471022,R_100,340.12
1781471024,R_100,340.22
1781471026,R_100,340.1
1781471028,R_100,340.06
1781471030,R_100,339.92
1781471032,R_100,340
1781471034,R_100,339.91
1781471036,R_100,339.85
1781471038,R_100,339.85
1781471040,R_100,339.91
1781471042,R_100,340.08
1781471044,R_100,340.06
1781471046,R_100,339.93
1781471048,R_100,339.87
1781471050,R_100,339.85
1781471052,R_100,339.93
1781471054,R_100,339.94
1781471056,R_100,339.92
1781471058,R_100,339.8
1781471060,R_100,339.84
1781471062,R_100,339.7
1781471064,R_100,339.71
1781471066,R_100,339.66
1781471068,R_100,339.59
1781471070,R_100,339.52
1781471072,R_100,339.7
1781471074,R_100,339.77
1781471076,R_100,339.88
1781471078,R_100,339.77
1781471080,R_100,339.87
1781471082,R_100,339.85
1781471084,R_100,339.86
1781471086,R_100,339.77
1781471088,R_100,339.57
1781471090,R_100,339.6
1781471092,R_100,339.6
1781471094,R_100,339.61
1781471096,R_100,339.64
1781471098,R_100,339.7
1781471100,R_100,339.8
1781471102,R_100,339.74
1781471104,R_100,339.6
1781471106,R_100,339.41
1781471108,R_100,339.33
1781471110,R_100,339.35
1781471112,R_100,339.23
1781471114,R_100,339.21
1781471116,R_100,339.26
1781471118,R_100,339.33
1781471120,R_100,339.32
1781471122,R_100,339.18
1781471124,R_100,339.27
1781471126,R_100,339.29
1781471128,R_100,339.37
1781471130,R_100,339.37
1781471132,R_100,339.31
1781471134,R_100,339.33
1781471136,R_100,339.22
1781471138,R_100,339.09
1781471140,R_100,339.24
1781471142,R_100,339.26
1781471144,R_100,339.33
1781471146,R_100,339.52
1781471148,R_100,339.52
1781471150,R_100,339.49
1781471152,R_100,339.52
1781471154,R_100,339.6
1781471156,R_100,339.74
1781471158,R_100,339.78
1781471160,R_100,339.8
1781471162,R_100,339.67
1781471164,R_100,339.74
1781471166,R_100,339.82
1781471168,R_100,339.83
1781471170,R_100,339.86
1781471172,R_100,340.05
1781471174,R_100,340.03
1781471176,R_100,340.1
1781471178,R_100,340.02
1781471180,R_100,339.98
1781471182,R_100,340.11
1781471184,R_100,340.23
1781471186,R_100,340.35
1781471188,R_100,340.19
1781471190,R_100,340.22
1781471192,R_100,340.09
1781471194,R_100,340.11
1781471196,R_100,340.22
1781471198,R_100,340.2
1781471200,R_100,340.27
1781471202,R_100,340.24
1781471204,R_100,340.29
1781471206,R_100,340.28
1781471208,R_100,340.24
1781471210,R_100,340.2
1781471212,R_100,340.29
1781471214,R_100,340.3
1781471216,R_100,340.33
1781471218,R_100,340.35
1781471220,R_100,340.29
1781471222,R_100,340.29
1781471224,R_100,340.2
1781471226,R_100,340.16
1781471228,R_100,339.9
1781471230,R_100,339.93
1781471232,R_100,339.92
1781471234,R_100,339.97
1781471236,R_100,339.97
1781471238,R_100,339.83
1781471240,R_100,339.8
1781471242,R_100,339.74
1781471244,R_100,339.68
1781471246,R_100,339.75
1781471248,R_100,339.81
1781471250,R_100,339.91
1781471252,R_100,339.97
1781471254,R_100,339.98
1781471256,R_100,340
1781471258,R_100,340.01
1781471260,R_100,339.9
1781471262,R_100,339.89
1781471264,R_100,339.69
1781471266,R_100,339.79
1781471268,R_100,339.62
1781471270,R_100,339.46
1781471272,R_100,339.65
1781471274,R_100,339.71
1781471276,R_100,339.7
1781471278,R_100,339.85
1781471280,R_100,339.89
1781471282,R_100,339.92
1781471284,R_100,339.93
1781471286,R_100,340.03
1781471288,R_100,340.1
1781471290,R_100,340.09
1781471292,R_100,340.16
1781471294,R_100,340.18
1781471296,R_100,340
1781471298,R_100,339.95
1781471300,R_100,339.97
1781471302,R_100,340.08
1781471304,R_100,339.97
1781471306,R_100,339.93
1781471308,R_100,339.85
1781471310,R_100,339.86
1781471312,R_100,339.85
1781471314,R_100,339.95
1781471316,R_100,339.91
1781471318,R_100,339.95
1781471320,R_100,339.87
1781471322,R_100,339.96
1781471324,R_100,340.05
1781471326,R_100,340.1
1781471328,R_100,340.11
1781471330,R_100,340.08
1781471332,R_100,340.07
1781471334,R_100,340.03
1781471336,R_100,339.99
1781471338,R_100,340.12
1781471340,R_100,340.03
1781471342,R_100,339.99
1781471344,R_100,340.05
1781471346,R_100,340.13
1781471348,R_100,340.14
1781471350,R_100,340
1781471352,R_100,340.04
1781471354,R_100,340.1
1781471356,R_100,340.2
1781471358,R_100,340.08
1781471360,R_100,339.98
1781471362,R_100,339.88
1781471364,R_100,339.95
1781471366,R_100,339.79
1781471368,R_100,339.78
1781471370,R_100,339.83
1781471372,R_100,339.86
1781471374,R_100,339.9
1781471376,R_100,339.79
1781471378,R_100,339.9
1781471380,R_100,339.97
1781471382,R_100,339.99
1781471384,R_100,340.06
1781471386,R_100,340.07
1781471388,R_100,340.08
1781471390,R_100,340.13
1781471392,R_100,340.25
1781471394,R_100,340.1
1781471396,R_100,340.14
1781471398,R_100,340.13
1781471400,R_100,340.15
1781471402,R_100,340.07
1781471404,R_100,339.88
1781471406,R_100,339.83
1781471408,R_100,339.95
1781471410,R_100,339.87
1781471412,R_100,339.86
1781471414,R_100,339.8
1781471416,R_100,339.87
1781471418,R_100,339.87
1781471420,R_100,339.85
1781471422,R_100,339.82
1781471424,R_100,339.83
1781471426,R_100,339.9
1781471428,R_100,339.93
1781471430,R_100,339.81
1781471432,R_100,339.78
1781471434,R_100,339.79
1781471436,R_100,339.84
1781471438,R_100,339.99
1781471440,R_100,340.03
1781471442,R_100,340.04
1781471444,R_100,339.89
1781471446,R_100,339.88
1781471448,R_100,339.94
1781471450,R_100,339.82
1781471452,R_100,339.86
1781471454,R_100,339.83
1781471456,R_100,339.79
1781471458,R_100,340.01
1781471460,R_100,340.07
1781471462,R_100,340.07
1781471464,R_100,340.03
1781471466,R_100,340.07
1781471468,R_100,340.14
1781471470,R_100,340.32
1781471472,R_100,340.29
1781471474,R_100,340.25
1781471476,R_100,340.17
1781471478,R_100,340.15
1781471480,R_100,339.97
1781471482,R_100,340.09
1781471484,R_100,340.2
1781471486,R_100,340.22
1781471488,R_100,340.3
1781471490,R_100,340.34
1781471492,R_100,340.34
1781471494,R_100,340.36
1781471496,R_100,340.29
1781471498,R_100,340.32
1781471500,R_100,340.32
1781471502,R_100,340.22
1781471504,R_100,340.4
1781471506,R_100,340.34
1781471508,R_100,340.29
1781471510,R_100,340.31
1781471512,R_100,340.15
1781471514,R_100,340.21
1781471516,R_100,340.27
1781471518,R_100,340.27
1781471520,R_100,340.4
1781471522,R_100,340.39
1781471524,R_100,340.39
1781471526,R_100,340.49
1781471528,R_100,340.55
1781471530,R_100,340.53
1781471532,R_100,340.57
1781471534,R_100,340.62
1781471536,R_100,340.73
1781471538,R_100,340.8
1781471540,R_100,340.79
1781471542,R_100,340.71
1781471544,R_100,340.79
1781471546,R_100,340.85
1781471548,R_100,340.85
1781471550,R_100,340.88
1781471552,R_100,340.78
1781471554,R_100,340.93
1781471556,R_100,341.04
1781471558,R_100,340.98
1781471560,R_100,340.84
1781471562,R_100,340.9
1781471564,R_100,340.8
1781471566,R_100,340.8
1781471568,R_100,340.76
1781471570,R_100,340.84
1781471572,R_100,340.83
1781471574,R_100,340.75
1781471576,R_100,340.75
1781471578,R_100,340.73
1781471580,R_100,340.58
1781471582,R_100,340.72
1781471584,R_100,340.66
1781471586,R_100,340.69
1781471588,R_100,340.58
1781471590,R_100,340.54
1781471592,R_100,340.61
1781471594,R_100,340.63
1781471596,R_100,340.54
1781471598,R_100,340.38
1781471600,R_100,340.38
1781471602,R_100,340.43
1781471604,R_100,340.55
1781471606,R_100,340.57
1781471608,R_100,340.61
1781471610,R_100,340.62
1781471612,R_100,340.63
1781471614,R_100,340.48
1781471616,R_100,340.37
1781471618,R_100,340.4
1781471620,R_100,340.43
1781471622,R_100,340.38
1781471624,R_100,340.23
1781471626,R_100,340.15
1781471628,R_100,340.06
1781471630,R_100,340.12
1781471632,R_100,340.02
1781471634,R_100,340.13
1781471636,R_100,340.07
1781471638,R_100,340.07
1781471640,R_100,340.08
1781471642,R_100,339.96
1781471644,R_100,339.91
1781471646,R_100,339.81
1781471648,R_100,339.96
1781471650,R_100,339.96
1781471652,R_100,339.91
1781471654,R_100,339.86
1781471656,R_100,339.79
1781471658,R_100,339.76
1781471660,R_100,339.68
1781471662,R_100,339.69
1781471664,R_100,339.59
1781471666,R_100,339.77
1781471668,R_100,339.85
1781471670,R_100,339.97
1781471672,R_100,339.88
1781471674,R_100,339.9
1781471676,R_100,339.6
1781471678,R_100,339.61
1781471680,R_100,339.62
1781471682,R_100,339.5
1781471684,R_100,339.56
1781471686,R_100,339.7
1781471688,R_100,339.62
1781471690,R_100,339.64
1781471692,R_100,339.77
1781471694,R_100,339.75
1781471696,R_100,339.76
1781471698,R_100,339.78
1781471700,R_100,339.82
1781471702,R_100,339.74
1781471704,R_100,339.79
1781471706,R_100,339.6
1781471708,R_100,339.64
1781471710,R_100,339.64
1781471712,R_100,339.62
1781471714,R_100,339.66
1781471716,R_100,339.76
1781471718,R_100,339.8
1781471720,R_100,339.93
1781471722,R_100,339.91
1781471724,R_100,339.97
1781471726,R_100,339.89
1781471728,R_100,339.98
1781471730,R_100,340.01
1781471732,R_100,340.04
1781471734,R_100,340.06
1781471736,R_100,340.13
1781471738,R_100,340.18
1781471740,R_100,340.25
1781471742,R_100,340.4
1781471744,R_100,340.39
1781471746,R_100,340.49
1781471748,R_100,340.35
1781471750,R_100,340.28
1781471752,R_100,340.4
1781471754,R_100,340.49
1781471756,R_100,340.47
1781471758,R_100,340.4
1781471760,R_100,340.39
1781471762,R_100,340.47
1781471764,R_100,340.56
1781471766,R_100,340.46
1781471768,R_100,340.56
1781471770,R_100,340.6
1781471772,R_100,340.64
1781471774,R_100,340.52
1781471776,R_100,340.63
1781471778,R_100,340.56
1781471780,R_100,340.59
1781471782,R_100,340.65
1781471784,R_100,340.56
1781471786,R_100,340.5
1781471788,R_100,340.64
1781471790,R_100,340.58
1781471792,R_100,340.72
1781471794,R_100,340.65
1781471796,R_100,340.68
1781471798,R_100,340.59
1781471800,R_100,340.55
1781471802,R_100,340.48
1781471804,R_100,340.63
1781471806,R_100,340.79
1781471808,R_100,340.92
1781471810,R_100,340.97
1781471812,R_100,340.88
1781471814,R_100,340.9
1781471816,R_100,340.83
1781471818,R_100,340.8
1781471820,R_100,340.77
1781471822,R_100,340.88
1781471824,R_100,341.07
1781471826,R_100,341.02
1781471828,R_100,340.99
1781471830,R_100,341.02
1781471832,R_100,341
1781471834,R_100,340.98
1781471836,R_100,341.07
1781471838,R_100,341.21
1781471840,R_100,341.2
1781471842,R_100,341.15
1781471844,R_100,341.14
1781471846,R_100,341.01
1781471848,R_100,341.08
1781471850,R_100,341.15
1781471852,R_100,341.17
1781471854,R_100,341.2
1781471856,R_100,341.33
1781471858,R_100,341.4
1781471860,R_100,341.35
1781471862,R_100,341.34
1781471864,R_100,341.26
1781471866,R_100,341.3
1781471868,R_100,341.28
1781471870,R_100,341.26
1781471872,R_100,341.13
1781471874,R_100,341.1
1781471876,R_100,341.21
1781471878,R_100,341.39
1781471880,R_100,341.44
1781471882,R_100,341.28
1781471884,R_100,341.37
1781471886,R_100,341.36
1781471888,R_100,341.48
1781471890,R_100,341.54
1781471892,R_100,341.5
1781471894,R_100,341.49
1781471896,R_100,341.6
1781471898,R_100,341.79
1781471900,R_100,341.83
1781471902,R_100,341.74
1781471904,R_100,341.78
1781471906,R_100,341.8
1781471908,R_100,341.69
1781471910,R_100,341.67
1781471912,R_100,341.7
1781471914,R_100,341.78
1781471916,R_100,341.75
1781471918,R_100,341.74
1781471920,R_100,341.72
1781471922,R_100,341.65
1781471924,R_100,341.76
1781471926,R_100,341.67
1781471928,R_100,341.56
1781471930,R_100,341.48
1781471932,R_100,341.49
1781471934,R_100,341.48
1781471936,R_100,341.46
1781471938,R_100,341.47
1781471940,R_100,341.35
1781471942,R_100,341.47
1781471944,R_100,341.36
1781471946,R_100,341.39
1781471948,R_100,341.39
1781471950,R_100,341.15
1781471952,R_100,341.13
1781471954,R_100,341.07
1781471956,R_100,341.11
1781471958,R_100,341.16
1781471960,R_100,341.1
1781471962,R_100,341.11
1781471964,R_100,341.12
1781471966,R_100,340.84
1781471968,R_100,340.76
1781471970,R_100,340.71
1781471972,R_100,340.81
1781471974,R_100,340.92
1781471976,R_100,340.83
1781471978,R_100,340.97
1781471980,R_100,340.95
1781471982,R_100,340.95
1781471984,R_100,341.04
1781471986,R_100,341.06
1781471988,R_100,341.12
1781471990,R_100,341.13
1781471992,R_100,341.36
1781471994,R_100,341.38
1781471996,R_100,341.65
1781471998,R_100,341.66
1781472000,R_100,341.85
1781472002,R_100,341.84
1781472004,R_100,341.87
1781472006,R_100,341.97
1781472008,R_100,342.01
1781472010,R_100,342.07
1781472012,R_100,341.82
1781472014,R_100,341.92
1781472016,R_100,342.06
1781472018,R_100,342.15
1781472020,R_100,342.17
1781472022,R_100,342.25
1781472024,R_100,342.14
1781472026,R_100,342.25
1781472028,R_100,342.17
1781472030,R_100,342.19
1781472032,R_100,342.29
1781472034,R_100,342.33
1781472036,R_100,342.28
1781472038,R_100,342.31
1781472040,R_100,342.33
1781472042,R_100,342.4
1781472044,R_100,342.46
1781472046,R_100,342.53
1781472048,R_100,342.5
1781472050,R_100,342.58
1781472052,R_100,342.61
1781472054,R_100,342.59
1781472056,R_100,342.6
1781472058,R_100,342.7
1781472060,R_100,342.68
1781472062,R_100,342.78
1781472064,R_100,342.76
1781472066,R_100,342.68
1781472068,R_100,342.64
1781472070,R_100,342.57
1781472072,R_100,342.65
1781472074,R_100,342.64
1781472076,R_100,342.58
1781472078,R_100,342.32
1781472080,R_100,342.26
1781472082,R_100,342.29
1781472084,R_100,342.44
1781472086,R_100,342.51
1781472088,R_100,342.53
1781472090,R_100,342.52
1781472092,R_100,342.45
1781472094,R_100,342.56
1781472096,R_100,342.69
1781472098,R_100,342.7
1781472100,R_100,342.56
1781472102,R_100,342.59
1781472104,R_100,342.65
1781472106,R_100,342.68
1781472108,R_100,342.8
1781472110,R_100,342.79
1781472112,R_100,342.85
1781472114,R_100,342.79
1781472116,R_100,342.87
1781472118,R_100,342.79
1781472120,R_100,342.82
1781472122,R_100,342.91
1781472124,R_100,342.99
1781472126,R_100,343
1781472128,R_100,342.88
1781472130,R_100,342.82
1781472132,R_100,342.82
1781472134,R_100,342.93
1781472136,R_100,342.89
1781472138,R_100,342.95
1781472140,R_100,342.9
1781472142,R_100,342.94
1781472144,R_100,342.8
1781472146,R_100,342.72
1781472148,R_100,342.77
1781472150,R_100,342.67
1781472152,R_100,342.61
1781472154,R_100,342.66
1781472156,R_100,342.6
1781472158,R_100,342.66
1781472160,R_100,342.73
1781472162,R_100,342.71
1781472164,R_100,342.75
1781472166,R_100,342.85
1781472168,R_100,342.86
1781472170,R_100,342.8
1781472172,R_100,342.85
1781472174,R_100,342.89
1781472176,R_100,342.82
1781472178,R_100,342.91
1781472180,R_100,342.91
1781472182,R_100,342.98
1781472184,R_100,342.84
1781472186,R_100,342.91
1781472188,R_100,342.68
1781472190,R_100,342.51
1781472192,R_100,342.6
1781472194,R_100,342.53
1781472196,R_100,342.59
1781472198,R_100,342.64
1781472200,R_100,342.67
1781472202,R_100,342.56
1781472204,R_100,342.52
1781472206,R_100,342.5
1781472208,R_100,342.58
1781472210,R_100,342.66
1781472212,R_100,342.61
1781472214,R_100,342.76
1781472216,R_100,342.82
1781472218,R_100,342.78
1781472220,R_100,342.67
1781472222,R_100,342.59
1781472224,R_100,342.47
1781472226,R_100,342.47
1781472228,R_100,342.47
1781472230,R_100,342.49
1781472232,R_100,342.54
1781472234,R_100,342.58
1781472236,R_100,342.66
1781472238,R_100,342.74
1781472240,R_100,342.83
1781472242,R_100,342.74
1781472244,R_100,342.77
1781472246,R_100,342.72
1781472248,R_100,342.7
1781472250,R_100,342.69
1781472252,R_100,342.56
1781472254,R_100,342.64
1781472256,R_100,342.56
1781472258,R_100,342.55
1781472260,R_100,342.46
1781472262,R_100,342.29
1781472264,R_100,342.39
1781472266,R_100,342.52
1781472268,R_100,342.52
1781472270,R_100,342.41
1781472272,R_100,342.39
1781472274,R_100,342.36
1781472276,R_100,342.41
1781472278,R_100,342.27
1781472280,R_100,342.27
1781472282,R_100,342.18
1781472284,R_100,342.21
1781472286,R_100,342.32
1781472288,R_100,342.26
1781472290,R_100,342.39
1781472292,R_100,342.32
1781472294,R_100,342.24
1781472296,R_100,342.2
1781472298,R_100,342.12
1781472300,R_100,342.1
1781472302,R_100,342.29
1781472304,R_100,342.28
1781472306,R_100,342.37
1781472308,R_100,342.33
1781472310,R_100,342.29
1781472312,R_100,342.3
1781472314,R_100,342.22
1781472316,R_100,342.21
1781472318,R_100,342.23
1781472320,R_100,342.21
1781472322,R_100,342.08
1781472324,R_100,342.18
1781472326,R_100,342.15
1781472328,R_100,342.24
1781472330,R_100,342.26
1781472332,R_100,342.33
1781472334,R_100,342.28
1781472336,R_100,342.53
1781472338,R_100,342.59
1781472340,R_100,342.65
1781472342,R_100,342.52
1781472344,R_100,342.41
1781472346,R_100,342.48
1781472348,R_100,342.38
1781472350,R_100,342.35
1781472352,R_100,342.34
1781472354,R_100,342.43
1781472356,R_100,342.28
1781472358,R_100,342.2
1781472360,R_100,342.35
1781472362,R_100,342.22
1781472364,R_100,342.31
1781472366,R_100,342.25
1781472368,R_100,342.39
1781472370,R_100,342.47
1781472372,R_100,342.34
1781472374,R_100,342.4
1781472376,R_100,342.56
1781472378,R_100,342.5
1781472380,R_100,342.38
1781472382,R_100,342.63
1781472384,R_100,342.56
1781472386,R_100,342.58
1781472388,R_100,342.49
1781472390,R_100,342.47
1781472392,R_100,342.45
1781472394,R_100,342.41
1781472396,R_100,342.44
1781472398,R_100,342.46
1781472400,R_100,342.6
1781472402,R_100,342.69
1781472404,R_100,342.62
1781472406,R_100,342.65
1781472408,R_100,342.66
1781472410,R_100,342.65
1781472412,R_100,342.64
1781472414,R_100,342.63
1781472416,R_100,342.74
1781472418,R_100,342.68
1781472420,R_100,342.64
1781472422,R_100,342.61
1781472424,R_100,342.56
1781472426,R_100,342.66
1781472428,R_100,342.66
1781472430,R_100,342.63
1781472432,R_100,342.59
1781472434,R_100,342.56
1781472436,R_100,342.35
1781472438,R_100,342.37
1781472440,R_100,342.35
1781472442,R_100,342.34
1781472444,R_100,342.32
1781472446,R_100,342.35
1781472448,R_100,342.34
1781472450,R_100,342.49
1781472452,R_100,342.59
1781472454,R_100,342.49
1781472456,R_100,342.54
1781472458,R_100,342.56
1781472460,R_100,342.68
1781472462,R_100,342.75
1781472464,R_100,342.78
1781472466,R_100,342.82
1781472468,R_100,342.81
1781472470,R_100,342.81
1781472472,R_100,342.85
1781472474,R_100,342.79
1781472476,R_100,342.92
1781472478,R_100,342.89
1781472480,R_100,343.05
1781472482,R_100,343.04
1781472484,R_100,342.89
1781472486,R_100,342.8
1781472488,R_100,342.94
1781472490,R_100,342.98
1781472492,R_100,342.93
1781472494,R_100,342.91
1781472496,R_100,342.97
1781472498,R_100,342.91
1781472500,R_100,342.9
1781472502,R_100,342.81
1781472504,R_100,342.81
1781472506,R_100,342.92
1781472508,R_100,342.92
1781472510,R_100,342.88
1781472512,R_100,343
1781472514,R_100,343.17
1781472516,R_100,342.94
1781472518,R_100,343.04
1781472520,R_100,343.02
1781472522,R_100,342.99
1781472524,R_100,342.89
1781472526,R_100,342.85
1781472528,R_100,342.81
1781472530,R_100,342.9
1781472532,R_100,342.85
1781472534,R_100,342.84
1781472536,R_100,342.85
1781472538,R_100,342.78
1781472540,R_100,342.59
1781472542,R_100,342.65
1781472544,R_100,342.67
1781472546,R_100,342.76
1781472548,R_100,342.72
1781472550,R_100,342.73
1781472552,R_100,342.72
1781472554,R_100,342.78
1781472556,R_100,342.86
1781472558,R_100,342.74
1781472560,R_100,342.78
1781472562,R_100,342.8
1781472564,R_100,342.87
1781472566,R_100,342.92
1781472568,R_100,343.02
1781472570,R_100,342.97
1781472572,R_100,342.99
1781472574,R_100,343
1781472576,R_100,342.87
1781472578,R_100,342.92
1781472580,R_100,342.94
1781472582,R_100,343
1781472584,R_100,343.11
1781472586,R_100,343.15
1781472588,R_100,343.08
1781472590,R_100,343.05
1781472592,R_100,343.12
1781472594,R_100,343.09
1781472596,R_100,342.97
1781472598,R_100,342.93
1781472600,R_100,342.83
1781472602,R_100,342.82
1781472604,R_100,342.83
1781472606,R_100,342.87
1781472608,R_100,342.89
1781472610,R_100,342.88
1781472612,R_100,342.71
1781472614,R_100,342.52
1781472616,R_100,342.6
1781472618,R_100,342.52
1781472620,R_100,342.39
1781472622,R_100,342.44
1781472624,R_100,342.57
1781472626,R_100,342.37
1781472628,R_100,342.43
1781472630,R_100,342.41
1781472632,R_100,342.48
1781472634,R_100,342.39
1781472636,R_100,342.43
1781472638,R_100,342.33
1781472640,R_100,342.26
1781472642,R_100,342.23
1781472644,R_100,342.17
1781472646,R_100,342.05
1781472648,R_100,342.06
1781472650,R_100,341.99
1781472652,R_100,341.9
1781472654,R_100,341.83
1781472656,R_100,341.59
1781472658,R_100,341.61
1781472660,R_100,341.69
1781472662,R_100,341.59
1781472664,R_100,341.54
1781472666,R_100,341.57
1781472668,R_100,341.74
1781472670,R_100,341.75
1781472672,R_100,341.78
1781472674,R_100,341.71
1781472676,R_100,341.82
1781472678,R_100,341.84
1781472680,R_100,341.85
1781472682,R_100,341.87
1781472684,R_100,341.93
1781472686,R_100,342.08
1781472688,R_100,342.15
1781472690,R_100,342.17
1781472692,R_100,342.25
1781472694,R_100,342.18
1781472696,R_100,342.3
1781472698,R_100,342.29
1781472700,R_100,342.08
1781472702,R_100,342.1
1781472704,R_100,342.01
1781472706,R_100,342.08
1781472708,R_100,342.08
1781472710,R_100,342.17
1781472712,R_100,342.11
1781472714,R_100,342.15
1781472716,R_100,342.13
1781472718,R_100,341.94
1781472720,R_100,342.15
1781472722,R_100,342.01
1781472724,R_100,342.02
1781472726,R_100,342.02
1781472728,R_100,342.04
1781472730,R_100,342.12
1781472732,R_100,342.07
1781472734,R_100,342.13
1781472736,R_100,342.11
1781472738,R_100,342.1
1781472740,R_100,342.16
1781472742,R_100,342.13
1781472744,R_100,342.07
1781472746,R_100,341.98
1781472748,R_100,342.02
1781472750,R_100,342.04
1781472752,R_100,342.08
1781472754,R_100,342.05
1781472756,R_100,341.93
1781472758,R_100,342.1
1781472760,R_100,342.19
1781472762,R_100,342.16
1781472764,R_100,342.28
1781472766,R_100,342.17
1781472768,R_100,342.26
1781472770,R_100,342.19
1781472772,R_100,341.97
1781472774,R_100,341.91
1781472776,R_100,342.01
1781472778,R_100,341.95
1781472780,R_100,341.81
1781472782,R_100,341.82
1781472784,R_100,341.68
1781472786,R_100,341.69
1781472788,R_100,341.92
1781472790,R_100,341.95
1781472792,R_100,341.92
1781472794,R_100,342.11
1781472796,R_100,342.08
1781472798,R_100,342.2
1781472800,R_100,342.2
1781472802,R_100,342.23
1781472804,R_100,342.55
1781472806,R_100,342.6
1781472808,R_100,342.58
1781472810,R_100,342.71
1781472812,R_100,342.6
1781472814,R_100,342.68
1781472816,R_100,342.69
1781472818,R_100,342.61
1781472820,R_100,342.67
1781472822,R_100,342.75
1781472824,R_100,342.71
1781472826,R_100,342.62
1781472828,R_100,342.67
1781472830,R_100,342.52
1781472832,R_100,342.64
1781472834,R_100,342.68
1781472836,R_100,342.71
1781472838,R_100,342.72
1781472840,R_100,342.75
1781472842,R_100,342.75
1781472844,R_100,342.66
1781472846,R_100,342.81
1781472848,R_100,342.81
1781472850,R_100,342.85
1781472852,R_100,342.84
1781472854,R_100,342.8
1781472856,R_100,342.79
1781472858,R_100,342.79
1781472860,R_100,342.82
1781472862,R_100,342.79
1781472864,R_100,342.81
1781472866,R_100,342.93
1781472868,R_100,342.91
1781472870,R_100,342.99
1781472872,R_100,343.04
1781472874,R_100,343.03
1781472876,R_100,343.13
1781472878,R_100,343.22
1781472880,R_100,343.31
1781472882,R_100,343.29
1781472884,R_100,343.15
1781472886,R_100,343.19
1781472888,R_100,343.22
1781472890,R_100,343.29
1781472892,R_100,343.22
1781472894,R_100,343.2
1781472896,R_100,343.17
1781472898,R_100,342.97
1781472900,R_100,342.98
1781472902,R_100,342.94
1781472904,R_100,342.93
1781472906,R_100,342.97
1781472908,R_100,343.11
1781472910,R_100,343.25
1781472912,R_100,343.18
1781472914,R_100,343.1
1781472916,R_100,343.15
1781472918,R_100,343.04
1781472920,R_100,342.99
1781472922,R_100,342.96
1781472924,R_100,343
1781472926,R_100,342.98
1781472928,R_100,342.98
1781472930,R_100,342.88
1781472932,R_100,342.94
1781472934,R_100,342.86
1781472936,R_100,343
1781472938,R_100,343.12
1781472940,R_100,343.19
1781472942,R_100,343.18
1781472944,R_100,343.26
1781472946,R_100,343.29
1781472948,R_100,343.4
1781472950,R_100,343.29
1781472952,R_100,343.31
1781472954,R_100,343.29
1781472956,R_100,343.25
1781472958,R_100,343.28
1781472960,R_100,343.34
1781472962,R_100,343.34
1781472964,R_100,343.42
1781472966,R_100,343.51
1781472968,R_100,343.61
1781472970,R_100,343.7
1781472972,R_100,343.67
1781472974,R_100,343.72
1781472976,R_100,343.77
1781472978,R_100,343.72
1781472980,R_100,343.77
1781472982,R_100,343.8
1781472984,R_100,343.85
1781472986,R_100,343.89
1781472988,R_100,343.81
1781472990,R_100,343.84
1781472992,R_100,344
1781472994,R_100,344.09
1781472996,R_100,344.09
1781472998,R_100,344.07
1781473000,R_100,344.15
1781473002,R_100,344.21
1781473004,R_100,344.04
1781473006,R_100,343.91
1781473008,R_100,343.99
1781473010,R_100,344
1781473012,R_100,343.92
1781473014,R_100,343.89
1781473016,R_100,343.66
1781473018,R_100,343.64
1781473020,R_100,343.68
1781473022,R_100,343.7
1781473024,R_100,343.86
1781473026,R_100,343.91
1781473028,R_100,343.91
1781473030,R_100,343.85
1781473032,R_100,343.96
1781473034,R_100,344.03
1781473036,R_100,343.85
1781473038,R_100,343.76
1781473040,R_100,343.74
1781473042,R_100,343.79
1781473044,R_100,343.84
1781473046,R_100,343.74
1781473048,R_100,343.78
1781473050,R_100,343.77
1781473052,R_100,343.77
1781473054,R_100,343.81
1781473056,R_100,343.77
1781473058,R_100,343.75
1781473060,R_100,343.63
1781473062,R_100,343.6
1781473064,R_100,343.61
1781473066,R_100,343.46
1781473068,R_100,343.52
1781473070,R_100,343.48
1781473072,R_100,343.54
1781473074,R_100,343.57
1781473076,R_100,343.61
1781473078,R_100,343.63
1781473080,R_100,343.73
1781473082,R_100,343.71
1781473084,R_100,343.68
1781473086,R_100,343.64
1781473088,R_100,343.61
1781473090,R_100,343.55
1781473092,R_100,343.44
1781473094,R_100,343.47
1781473096,R_100,343.39
1781473098,R_100,343.35
1781473100,R_100,343.23
1781473102,R_100,343.24
1781473104,R_100,343.37
1781473106,R_100,343.47
1781473108,R_100,343.34
1781473110,R_100,343.38
1781473112,R_100,343.42
1781473114,R_100,343.22
1781473116,R_100,343.27
1781473118,R_100,343.12
1781473120,R_100,343.13
1781473122,R_100,343.19
1781473124,R_100,343.19
1781473126,R_100,343.21
1781473128,R_100,343.24
1781473130,R_100,343.21
1781473132,R_100,343.1
1781473134,R_100,343.04
1781473136,R_100,343.04
1781473138,R_100,343.03
1781473140,R_100,343.05
1781473142,R_100,342.99
1781473144,R_100,343.09
1781473146,R_100,342.98
1781473148,R_100,343.03
1781473150,R_100,342.82
1781473152,R_100,342.75
1781473154,R_100,342.81
1781473156,R_100,342.84
1781473158,R_100,342.6
1781473160,R_100,342.58
1781473162,R_100,342.54
1781473164,R_100,342.43
1781473166,R_100,342.39
1781473168,R_100,342.42
1781473170,R_100,342.5
1781473172,R_100,342.52
1781473174,R_100,342.54
1781473176,R_100,342.7
1781473178,R_100,342.67
1781473180,R_100,342.72
1781473182,R_100,342.58
1781473184,R_100,342.58
1781473186,R_100,342.61
1781473188,R_100,342.55
1781473190,R_100,342.59
1781473192,R_100,342.5
1781473194,R_100,342.51
1781473196,R_100,342.5
1781473198,R_100,342.32
1781473200,R_100,342.37
1781473202,R_100,342.56
1781473204,R_100,342.66
1781473206,R_100,342.63
1781473208,R_100,342.78
1781473210,R_100,342.85
1781473212,R_100,342.86
1781473214,R_100,342.99
1781473216,R_100,342.95
1781473218,R_100,342.95
1781473220,R_100,343.06
1781473222,R_100,343.09
1781473224,R_100,343.12
1781473226,R_100,343.14
1781473228,R_100,343.12
1781473230,R_100,343.29
1781473232,R_100,343.22
1781473234,R_100,343.23
1781473236,R_100,343.11
1781473238,R_100,343.3
1781473240,R_100,343.3
1781473242,R_100,343.48
1781473244,R_100,343.64
1781473246,R_100,343.61
1781473248,R_100,343.59
1781473250,R_100,343.64
1781473252,R_100,343.66
1781473254,R_100,343.65
1781473256,R_100,343.52
1781473258,R_100,343.58
1781473260,R_100,343.57
1781473262,R_100,343.58
1781473264,R_100,343.64
1781473266,R_100,343.69
1781473268,R_100,343.72
1781473270,R_100,343.73
1781473272,R_100,343.67
1781473274,R_100,343.65
1781473276,R_100,343.67
1781473278,R_100,343.52
1781473280,R_100,343.63
1781473282,R_100,343.5
1781473284,R_100,343.66
1781473286,R_100,343.52
1781473288,R_100,343.53
1781473290,R_100,343.44
1781473292,R_100,343.58
1781473294,R_100,343.56
1781473296,R_100,343.57
1781473298,R_100,343.67
1781473300,R_100,343.59
1781473302,R_100,343.51
1781473304,R_100,343.48
1781473306,R_100,343.47
1781473308,R_100,343.51
1781473310,R_100,343.51
1781473312,R_100,343.56
1781473314,R_100,343.45
1781473316,R_100,343.51
1781473318,R_100,343.53
1781473320,R_100,343.54
1781473322,R_100,343.53
1781473324,R_100,343.68
1781473326,R_100,343.64
1781473328,R_100,343.64
1781473330,R_100,343.6
1781473332,R_100,343.68
1781473334,R_100,343.67
1781473336,R_100,343.54
1781473338,R_100,343.46
1781473340,R_100,343.56
1781473342,R_100,343.54
1781473344,R_100,343.52
1781473346,R_100,343.56
1781473348,R_100,343.5
1781473350,R_100,343.63
1781473352,R_100,343.72
1781473354,R_100,343.72
1781473356,R_100,343.68
1781473358,R_100,343.71
1781473360,R_100,343.82
1781473362,R_100,343.82
1781473364,R_100,343.89
1781473366,R_100,343.85
1781473368,R_100,343.95
1781473370,R_100,343.97
1781473372,R_100,344.01
1781473374,R_100,344.07
1781473376,R_100,344
1781473378,R_100,343.93
1781473380,R_100,343.88
1781473382,R_100,343.92
1781473384,R_100,343.89
1781473386,R_100,343.87
1781473388,R_100,343.96
1781473390,R_100,343.89
1781473392,R_100,343.98
1781473394,R_100,343.84
1781473396,R_100,343.9
1781473398,R_100,343.94
1781473400,R_100,343.98
1781473402,R_100,343.96
1781473404,R_100,344.06
1781473406,R_100,344.06
1781473408,R_100,344.08
1781473410,R_100,344.03
1781473412,R_100,344.08
1781473414,R_100,343.93
1781473416,R_100,343.93
1781473418,R_100,343.86
1781473420,R_100,343.8
1781473422,R_100,343.89
1781473424,R_100,343.97
1781473426,R_100,343.98
1781473428,R_100,344.13
1781473430,R_100,344.13
1781473432,R_100,344.13
1781473434,R_100,344.21
1781473436,R_100,344.06
1781473438,R_100,344.02
1781473440,R_100,343.94
1781473442,R_100,343.98
1781473444,R_100,344.07
1781473446,R_100,344.15
1781473448,R_100,344.07
1781473450,R_100,344.02
1781473452,R_100,344.04
1781473454,R_100,344.06
1781473456,R_100,344.02
1781473458,R_100,344.03
1781473460,R_100,344.02
1781473462,R_100,343.97
1781473464,R_100,343.88
1781473466,R_100,343.92
1781473468,R_100,343.79
1781473470,R_100,343.94
1781473472,R_100,344.11
1781473474,R_100,344.05
1781473476,R_100,344.14
1781473478,R_100,344.17
1781473480,R_100,344.09
1781473482,R_100,344.14
1781473484,R_100,344.09
1781473486,R_100,344.26
1781473488,R_100,344.09
1781473490,R_100,344.17
1781473492,R_100,344.12
1781473494,R_100,344.12
1781473496,R_100,344.12
1781473498,R_100,344.2
1781473500,R_100,344.1
1781473502,R_100,343.98
1781473504,R_100,344.09
1781473506,R_100,344.05
1781473508,R_100,343.96
1781473510,R_100,343.92
1781473512,R_100,343.93
1781473514,R_100,343.93
1781473516,R_100,344.02
1781473518,R_100,343.97
1781473520,R_100,343.83
1781473522,R_100,343.87
1781473524,R_100,343.96
1781473526,R_100,344.06
1781473528,R_100,344.05
1781473530,R_100,344.09
1781473532,R_100,344.08
1781473534,R_100,343.94
1781473536,R_100,343.84
1781473538,R_100,343.97
1781473540,R_100,343.93
1781473542,R_100,344
1781473544,R_100,344.05
1781473546,R_100,343.8
1781473548,R_100,343.77
1781473550,R_100,343.63
1781473552,R_100,343.73
1781473554,R_100,343.73
1781473556,R_100,343.75
1781473558,R_100,343.69
1781473560,R_100,343.72
1781473562,R_100,343.92
1781473564,R_100,343.98
1781473566,R_100,343.97
1781473568,R_100,344.09
1781473570,R_100,344.19
1781473572,R_100,344.12
1781473574,R_100,344.15
1781473576,R_100,344.15
1781473578,R_100,344.31
1781473580,R_100,344.29
1781473582,R_100,344.36
1781473584,R_100,344.43
1781473586,R_100,344.38
1781473588,R_100,344.47
1781473590,R_100,344.65
1781473592,R_100,344.7
1781473594,R_100,344.72
1781473596,R_100,344.74
1781473598,R_100,344.78
1781473600,R_100,344.83
1781473602,R_100,344.95
1781473604,R_100,344.8
1781473606,R_100,344.77
1781473608,R_100,344.79
1781473610,R_100,344.81
1781473612,R_100,344.77
1781473614,R_100,344.81
1781473616,R_100,344.8
1781473618,R_100,344.79
1781473620,R_100,344.77
1781473622,R_100,344.64
1781473624,R_100,344.71
1781473626,R_100,344.7
1781473628,R_100,344.67
1781473630,R_100,344.6
1781473632,R_100,344.62
1781473634,R_100,344.54
1781473636,R_100,344.39
1781473638,R_100,344.47
1781473640,R_100,344.55
1781473642,R_100,344.55
1781473644,R_100,344.52
1781473646,R_100,344.72
1781473648,R_100,344.57
1781473650,R_100,344.65
1781473652,R_100,344.59
1781473654,R_100,344.6
1781473656,R_100,344.59
1781473658,R_100,344.67
1781473660,R_100,344.74
1781473662,R_100,344.85
1781473664,R_100,344.84
1781473666,R_100,344.95
1781473668,R_100,344.83
1781473670,R_100,344.81
1781473672,R_100,344.94
1781473674,R_100,344.79
1781473676,R_100,344.77
1781473678,R_100,344.76
1781473680,R_100,344.65
1781473682,R_100,344.59
1781473684,R_100,344.53
1781473686,R_100,344.53
1781473688,R_100,344.62
1781473690,R_100,344.42
1781473692,R_100,344.31
1781473694,R_100,344.27
1781473696,R_100,344.25
1781473698,R_100,344.21
1781473700,R_100,344.11
1781473702,R_100,344.07
1781473704,R_100,343.94
1781473706,R_100,343.93
1781473708,R_100,343.98
1781473710,R_100,343.86
1781473712,R_100,343.75
1781473714,R_100,343.89
1781473716,R_100,343.86
1781473718,R_100,343.87
1781473720,R_100,343.91
1781473722,R_100,343.86
1781473724,R_100,343.77
1781473726,R_100,343.9
1781473728,R_100,343.95
1781473730,R_100,343.9
1781473732,R_100,343.95
1781473734,R_100,343.89
1781473736,R_100,344.05
1781473738,R_100,344.14
1781473740,R_100,344.13
1781473742,R_100,344.16
1781473744,R_100,344.08
1781473746,R_100,344.01
1781473748,R_100,344.17
1781473750,R_100,344.13
1781473752,R_100,344.27
1781473754,R_100,344.26
1781473756,R_100,344.26
1781473758,R_100,344.22
1781473760,R_100,344.15
1781473762,R_100,344.02
1781473764,R_100,344.15
1781473766,R_100,344.44
1781473768,R_100,344.38
1781473770,R_100,344.29
1781473772,R_100,344.2
1781473774,R_100,344.1
1781473776,R_100,343.96
1781473778,R_100,343.96
1781473780,R_100,344.11
1781473782,R_100,344.02
1781473784,R_100,344.06
1781473786,R_100,344
1781473788,R_100,343.99
1781473790,R_100,344.08
1781473792,R_100,343.98
1781473794,R_100,344.16
1781473796,R_100,344.18
1781473798,R_100,344.13
1781473800,R_100,344.25
1781473802,R_100,344.33
1781473804,R_100,344.29
1781473806,R_100,344.41
1781473808,R_100,344.42
1781473810,R_100,344.44
1781473812,R_100,344.51
1781473814,R_100,344.59
1781473816,R_100,344.63
1781473818,R_100,344.58
1781473820,R_100,344.6
1781473822,R_100,344.79
1781473824,R_100,344.85
1781473826,R_100,344.84
1781473828,R_100,344.81
1781473830,R_100,344.71
1781473832,R_100,344.71
1781473834,R_100,344.85
1781473836,R_100,344.84
1781473838,R_100,344.8
1781473840,R_100,344.73
1781473842,R_100,344.68
1781473844,R_100,344.7
1781473846,R_100,344.64
1781473848,R_100,344.49
1781473850,R_100,344.63
1781473852,R_100,344.58
1781473854,R_100,344.7
1781473856,R_100,344.79
1781473858,R_100,344.62
1781473860,R_100,344.83
1781473862,R_100,344.83
1781473864,R_100,344.87
1781473866,R_100,344.72
1781473868,R_100,344.76
1781473870,R_100,344.84
1781473872,R_100,344.73
1781473874,R_100,344.64
1781473876,R_100,344.69
1781473878,R_100,344.78
1781473880,R_100,344.73
1781473882,R_100,344.79
1781473884,R_100,344.61
1781473886,R_100,344.62
1781473888,R_100,344.65
1781473890,R_100,344.66
1781473892,R_100,344.71
1781473894,R_100,344.99
1781473896,R_100,345.13
1781473898,R_100,345.16
1781473900,R_100,345.09
1781473902,R_100,345.09
1781473904,R_100,345.11
1781473906,R_100,345.13
1781473908,R_100,345.2
1781473910,R_100,345.32
1781473912,R_100,345.38
1781473914,R_100,345.24
1781473916,R_100,345.17
1781473918,R_100,345.3
1781473920,R_100,345.13
1781473922,R_100,344.97
1781473924,R_100,344.9
1781473926,R_100,344.94
1781473928,R_100,344.84
1781473930,R_100,344.91
1781473932,R_100,345.04
1781473934,R_100,345.09
1781473936,R_100,345.11
1781473938,R_100,345.08
1781473940,R_100,345.14
1781473942,R_100,345.31
1781473944,R_100,345.2
1781473946,R_100,345.09
1781473948,R_100,345.13
1781473950,R_100,345.01
1781473952,R_100,345.1
1781473954,R_100,345.1
1781473956,R_100,345.3
1781473958,R_100,345.25
1781473960,R_100,345.17
1781473962,R_100,345.11
1781473964,R_100,345.18
1781473966,R_100,345.1
1781473968,R_100,345.04
1781473970,R_100,345.26
1781473972,R_100,345.11
1781473974,R_100,345.06
1781473976,R_100,345.01
1781473978,R_100,344.89
1781473980,R_100,344.85
1781473982,R_100,344.89
1781473984,R_100,344.77
1781473986,R_100,344.79
1781473988,R_100,344.77
1781473990,R_100,344.71
1781473992,R_100,344.58
1781473994,R_100,344.49
1781473996,R_100,344.65
1781473998,R_100,344.59
1781474000,R_100,344.61
1781474002,R_100,344.63
1781474004,R_100,344.52
1781474006,R_100,344.6
1781474008,R_100,344.64
1781474010,R_100,344.59
1781474012,R_100,344.45
1781474014,R_100,344.37
1781474016,R_100,344.46
1781474018,R_100,344.48
1781474020,R_100,344.37
1781474022,R_100,344.43
1781474024,R_100,344.34
1781474026,R_100,344.28
1781474028,R_100,344.33
1781474030,R_100,344.19
1781474032,R_100,344.26
1781474034,R_100,344.35
1781474036,R_100,344.33
1781474038,R_100,344.33
1781474040,R_100,344.22
1781474042,R_100,344.27
1781474044,R_100,344.25
1781474046,R_100,344.24
1781474048,R_100,344.4
1781474050,R_100,344.27
1781474052,R_100,344.46
1781474054,R_100,344.53
1781474056,R_100,344.55
1781474058,R_100,344.67
1781474060,R_100,344.9
1781474062,R_100,344.82
1781474064,R_100,344.76
1781474066,R_100,344.69
1781474068,R_100,344.87
1781474070,R_100,344.89
1781474072,R_100,344.92
1781474074,R_100,344.86
1781474076,R_100,344.87
1781474078,R_100,344.82
1781474080,R_100,344.81
1781474082,R_100,344.94
1781474084,R_100,344.83
1781474086,R_100,344.79
1781474088,R_100,344.78
1781474090,R_100,344.89
1781474092,R_100,344.92
1781474094,R_100,345.1
1781474096,R_100,345.13
1781474098,R_100,345.06
1781474100,R_100,345.12
1781474102,R_100,345.15
1781474104,R_100,345.21
1781474106,R_100,345.21
1781474108,R_100,345.27
1781474110,R_100,345.3
1781474112,R_100,345.36
1781474114,R_100,345.4
1781474116,R_100,345.41
1781474118,R_100,345.39
1781474120,R_100,345.57
1781474122,R_100,345.72
1781474124,R_100,345.68
1781474126,R_100,345.61
1781474128,R_100,345.51
1781474130,R_100,345.43
1781474132,R_100,345.42
1781474134,R_100,345.39
1781474136,R_100,345.33
1781474138,R_100,345.43
1781474140,R_100,345.41
1781474142,R_100,345.42
1781474144,R_100,345.34
1781474146,R_100,345.44
1781474148,R_100,345.29
1781474150,R_100,345.3
1781474152,R_100,345.14
1781474154,R_100,344.99
1781474156,R_100,344.96
1781474158,R_100,344.94
1781474160,R_100,345
1781474162,R_100,345.04
1781474164,R_100,344.96
1781474166,R_100,345.06
1781474168,R_100,345.18
1781474170,R_100,345.13
1781474172,R_100,345.14
1781474174,R_100,345.17
1781474176,R_100,345.05
1781474178,R_100,345.02
1781474180,R_100,344.92
1781474182,R_100,344.83
1781474184,R_100,344.81
1781474186,R_100,344.9
1781474188,R_100,344.97
1781474190,R_100,345
1781474192,R_100,344.99
1781474194,R_100,344.8
1781474196,R_100,344.62
1781474198,R_100,344.63
1781474200,R_100,344.61
1781474202,R_100,344.45
1781474204,R_100,344.39
1781474206,R_100,344.38
1781474208,R_100,344.21
1781474210,R_100,344.27
1781474212,R_100,344.35
1781474214,R_100,344.52
1781474216,R_100,344.52
1781474218,R_100,344.54
1781474220,R_100,344.64
1781474222,R_100,344.49
1781474224,R_100,344.51
1781474226,R_100,344.44
1781474228,R_100,344.6
1781474230,R_100,344.42
1781474232,R_100,344.37
1781474234,R_100,344.44
1781474236,R_100,344.45
1781474238,R_100,344.42
1781474240,R_100,344.46
1781474242,R_100,344.43
1781474244,R_100,344.43
1781474246,R_100,344.38
1781474248,R_100,344.31
1781474250,R_100,344.42
1781474252,R_100,344.36
1781474254,R_100,344.44
1781474256,R_100,344.51
1781474258,R_100,344.62
1781474260,R_100,344.65
1781474262,R_100,344.56
1781474264,R_100,344.57
1781474266,R_100,344.66
1781474268,R_100,344.62
1781474270,R_100,344.51
1781474272,R_100,344.54
1781474274,R_100,344.64
1781474276,R_100,344.7
1781474278,R_100,344.84
1781474280,R_100,344.83
1781474282,R_100,344.82
1781474284,R_100,344.85
1781474286,R_100,344.83
1781474288,R_100,344.67
1781474290,R_100,344.68
1781474292,R_100,344.67
1781474294,R_100,344.65
1781474296,R_100,344.61
1781474298,R_100,344.63
1781474300,R_100,344.58
1781474302,R_100,344.59
1781474304,R_100,344.62
1781474306,R_100,344.57
1781474308,R_100,344.56
1781474310,R_100,344.42
1781474312,R_100,344.48
1781474314,R_100,344.46
1781474316,R_100,344.48
1781474318,R_100,344.78
1781474320,R_100,344.73
1781474322,R_100,344.83
1781474324,R_100,344.75
1781474326,R_100,344.87
1781474328,R_100,344.89
1781474330,R_100,344.98
1781474332,R_100,344.92
1781474334,R_100,345
1781474336,R_100,345.07
1781474338,R_100,345.23
1781474340,R_100,345.26
1781474342,R_100,345.25
1781474344,R_100,345.15
1781474346,R_100,345.02
1781474348,R_100,344.92
1781474350,R_100,344.91
1781474352,R_100,344.93
1781474354,R_100,344.91
1781474356,R_100,344.84
1781474358,R_100,344.87
1781474360,R_100,344.94
1781474362,R_100,344.9
1781474364,R_100,344.97
1781474366,R_100,345.12
1781474368,R_100,344.99
1781474370,R_100,345.12
1781474372,R_100,345.11
1781474374,R_100,345.14
1781474376,R_100,345.23
1781474378,R_100,345.19
1781474380,R_100,345.2
1781474382,R_100,345.32
1781474384,R_100,345.48
1781474386,R_100,345.47
1781474388,R_100,345.51
1781474390,R_100,345.54
1781474392,R_100,345.54
1781474394,R_100,345.59
1781474396,R_100,345.65
1781474398,R_100,345.65
1781474400,R_100,345.69
1781474402,R_100,345.69
1781474404,R_100,345.71
1781474406,R_100,345.72
1781474408,R_100,345.8
1781474410,R_100,345.89
1781474412,R_100,345.96
1781474414,R_100,345.93
1781474416,R_100,345.98
1781474418,R_100,345.86
1781474420,R_100,345.75
1781474422,R_100,345.85
1781474424,R_100,345.91
1781474426,R_100,345.87
1781474428,R_100,345.84
1781474430,R_100,345.82
1781474432,R_100,345.85
1781474434,R_100,345.75
1781474436,R_100,345.71
1781474438,R_100,345.67
1781474440,R_100,345.71
1781474442,R_100,345.87
1781474444,R_100,345.91
1781474446,R_100,345.82
1781474448,R_100,345.88
1781474450,R_100,346.01
1781474452,R_100,346.05
1781474454,R_100,346.05
1781474456,R_100,346.21
1781474458,R_100,346.17
1781474460,R_100,346.08
1781474462,R_100,346.12
1781474464,R_100,346.08
1781474466,R_100,346.2
1781474468,R_100,346.17
1781474470,R_100,346.18
1781474472,R_100,346.05
1781474474,R_100,346.13
1781474476,R_100,346.17
1781474478,R_100,346.18
1781474480,R_100,346.21
1781474482,R_100,346.15
1781474484,R_100,346.34
1781474486,R_100,346.15
1781474488,R_100,346.06
1781474490,R_100,346.06
1781474492,R_100,345.95
1781474494,R_100,345.89
1781474496,R_100,345.88
1781474498,R_100,345.86
1781474500,R_100,345.92
1781474502,R_100,345.88
1781474504,R_100,345.77
1781474506,R_100,345.74
1781474508,R_100,345.83
1781474510,R_100,345.78
1781474512,R_100,345.73
1781474514,R_100,345.69
1781474516,R_100,345.66
1781474518,R_100,345.64
1781474520,R_100,345.72
1781474522,R_100,345.55
1781474524,R_100,345.56
1781474526,R_100,345.82
1781474528,R_100,345.77
1781474530,R_100,345.8
1781474532,R_100,345.77
1781474534,R_100,345.72
1781474536,R_100,345.72
1781474538,R_100,345.59
1781474540,R_100,345.63
1781474542,R_100,345.72
1781474544,R_100,345.76
1781474546,R_100,345.76
1781474548,R_100,345.75
1781474550,R_100,345.84
1781474552,R_100,345.94
1781474554,R_100,346.02
1781474556,R_100,346.15
1781474558,R_100,346.02
1781474560,R_100,346.07
1781474562,R_100,346.16
1781474564,R_100,346.15
1781474566,R_100,346.14
1781474568,R_100,346.11
1781474570,R_100,346.04
1781474572,R_100,345.91
1781474574,R_100,345.89
1781474576,R_100,345.8
1781474578,R_100,345.84
1781474580,R_100,345.74
1781474582,R_100,345.66
1781474584,R_100,345.79
1781474586,R_100,345.9
1781474588,R_100,345.97
1781474590,R_100,345.98
1781474592,R_100,346.18
1781474594,R_100,346.14
1781474596,R_100,346.23
1781474598,R_100,346.28
1781474600,R_100,346.24
1781474602,R_100,346.32
1781474604,R_100,346.28
1781474606,R_100,346.21
1781474608,R_100,346.11
1781474610,R_100,346
1781474612,R_100,345.98
1781474614,R_100,345.91
1781474616,R_100,345.99
1781474618,R_100,346.13
1781474620,R_100,346.13
1781474622,R_100,346.02
1781474624,R_100,346.03
1781474626,R_100,346.12
1781474628,R_100,346.11
1781474630,R_100,346.09
1781474632,R_100,346.05
1781474634,R_100,345.86
1781474636,R_100,345.98
1781474638,R_100,345.99
1781474640,R_100,346
1781474642,R_100,346.05
1781474644,R_100,346.03
1781474646,R_100,346.03
1781474648,R_100,346.06
1781474650,R_100,346.03
1781474652,R_100,346.04
1781474654,R_100,345.95
1781474656,R_100,345.89
1781474658,R_100,345.68
1781474660,R_100,345.65
1781474662,R_100,345.61
1781474664,R_100,345.68
1781474666,R_100,345.65
1781474668,R_100,345.59
1781474670,R_100,345.55
1781474672,R_100,345.56
1781474674,R_100,345.63
1781474676,R_100,345.62
1781474678,R_100,345.56
1781474680,R_100,345.71
1781474682,R_100,345.7
1781474684,R_100,345.79
1781474686,R_100,345.78
1781474688,R_100,345.74
1781474690,R_100,345.65
1781474692,R_100,345.64
1781474694,R_100,345.42
1781474696,R_100,345.47
1781474698,R_100,345.42
1781474700,R_100,345.44
1781474702,R_100,345.52
1781474704,R_100,345.52
1781474706,R_100,345.38
1781474708,R_100,345.24
1781474710,R_100,345.27
1781474712,R_100,345.25
1781474714,R_100,345.24
1781474716,R_100,345.24
1781474718,R_100,345.31
1781474720,R_100,345.39
1781474722,R_100,345.38
1781474724,R_100,345.45
1781474726,R_100,345.46
1781474728,R_100,345.35
1781474730,R_100,345.4
1781474732,R_100,345.3
1781474734,R_100,345.22
1781474736,R_100,345.37
1781474738,R_100,345.31
1781474740,R_100,345.46
1781474742,R_100,345.39
1781474744,R_100,345.63
1781474746,R_100,345.58
1781474748,R_100,345.51
1781474750,R_100,345.36
1781474752,R_100,345.39
1781474754,R_100,345.35
1781474756,R_100,345.4
1781474758,R_100,345.61
1781474760,R_100,345.51
1781474762,R_100,345.44
1781474764,R_100,345.43
1781474766,R_100,345.38
1781474768,R_100,345.37
1781474770,R_100,345.34
1781474772,R_100,345.23
1781474774,R_100,345.26
1781474776,R_100,345.29
1781474778,R_100,345.2
1781474780,R_100,345.19
1781474782,R_100,345.05
1781474784,R_100,344.97
1781474786,R_100,344.93
1781474788,R_100,344.91
1781474790,R_100,344.85
1781474792,R_100,344.67
1781474794,R_100,344.67
1781474796,R_100,344.69
1781474798,R_100,344.8
1781474800,R_100,344.91
1781474802,R_100,344.97
1781474804,R_100,345.07
1781474806,R_100,345.05
1781474808,R_100,345.05
1781474810,R_100,345.16
1781474812,R_100,345.12
1781474814,R_100,345.1
1781474816,R_100,344.98
1781474818,R_100,344.94
1781474820,R_100,344.92
1781474822,R_100,345.08
1781474824,R_100,344.98
1781474826,R_100,344.94
1781474828,R_100,344.93
1781474830,R_100,345.09
1781474832,R_100,345.1
1781474834,R_100,345
1781474836,R_100,345.1
1781474838,R_100,345.03
1781474840,R_100,345.02
1781474842,R_100,345.01
1781474844,R_100,345.06
1781474846,R_100,345.01
1781474848,R_100,345.09
1781474850,R_100,345.12
1781474852,R_100,345.05
1781474854,R_100,345.12
1781474856,R_100,345.11
1781474858,R_100,345.07
1781474860,R_100,345.14
1781474862,R_100,345.13
1781474864,R_100,345.15
1781474866,R_100,345.13
1781474868,R_100,345.14
1781474870,R_100,345.21
1781474872,R_100,345.25
1781474874,R_100,345.36
1781474876,R_100,345.39
1781474878,R_100,345.22
1781474880,R_100,345.39
1781474882,R_100,345.32
1781474884,R_100,345.39
1781474886,R_100,345.37
1781474888,R_100,345.29
1781474890,R_100,345.36
1781474892,R_100,345.4
1781474894,R_100,345.42
1781474896,R_100,345.45
1781474898,R_100,345.4
1781474900,R_100,345.3
1781474902,R_100,345.25
1781474904,R_100,345.16
1781474906,R_100,345.16
1781474908,R_100,345.25
1781474910,R_100,345.22
1781474912,R_100,345.15
1781474914,R_100,345.07
1781474916,R_100,345.1
1781474918,R_100,344.99
1781474920,R_100,344.96
1781474922,R_100,345.04
1781474924,R_100,344.88
1781474926,R_100,344.8
1781474928,R_100,344.82
1781474930,R_100,345
1781474932,R_100,345.07
1781474934,R_100,345.05
1781474936,R_100,345.07
1781474938,R_100,345.08
1781474940,R_100,344.99
1781474942,R_100,344.99
1781474944,R_100,344.93
1781474946,R_100,344.97
1781474948,R_100,344.95
1781474950,R_100,345.07
1781474952,R_100,344.97
1781474954,R_100,344.86
1781474956,R_100,344.8
1781474958,R_100,344.84
1781474960,R_100,344.74
1781474962,R_100,344.73
1781474964,R_100,344.89
1781474966,R_100,344.87
1781474968,R_100,344.96
1781474970,R_100,345.04
1781474972,R_100,345.07
1781474974,R_100,345.09
1781474976,R_100,345
1781474978,R_100,344.94
1781474980,R_100,344.99
1781474982,R_100,344.9
1781474984,R_100,344.83
1781474986,R_100,344.83
1781474988,R_100,344.84
1781474990,R_100,344.88
1781474992,R_100,344.9
1781474994,R_100,344.96
1781474996,R_100,344.91
1781474998,R_100,344.98
1781475000,R_100,345.03
1781475002,R_100,345.06
1781475004,R_100,344.98
1781475006,R_100,344.99
1781475008,R_100,344.98
1781475010,R_100,344.97
1781475012,R_100,345.08
1781475014,R_100,345.05
1781475016,R_100,345.03
1781475018,R_100,345.04
1781475020,R_100,345
1781475022,R_100,345.06
1781475024,R_100,345.04
1781475026,R_100,344.93
1781475028,R_100,344.95
1781475030,R_100,344.94
1781475032,R_100,344.87
1781475034,R_100,344.82
1781475036,R_100,344.89
1781475038,R_100,344.65
1781475040,R_100,344.73
1781475042,R_100,344.65
1781475044,R_100,344.77
1781475046,R_100,344.64
1781475048,R_100,344.66
1781475050,R_100,344.59
1781475052,R_100,344.64
1781475054,R_100,344.67
1781475056,R_100,344.66
1781475058,R_100,344.73
1781475060,R_100,344.63
1781475062,R_100,344.66
1781475064,R_100,344.78
1781475066,R_100,344.74
1781475068,R_100,344.64
1781475070,R_100,344.48
1781475072,R_100,344.43
1781475074,R_100,344.43
1781475076,R_100,344.45
1781475078,R_100,344.34
1781475080,R_100,344.38
1781475082,R_100,344.3
1781475084,R_100,344.29
1781475086,R_100,344.44
1781475088,R_100,344.58
1781475090,R_100,344.56
1781475092,R_100,344.41
1781475094,R_100,344.56
1781475096,R_100,344.55
1781475098,R_100,344.49
1781475100,R_100,344.42
1781475102,R_100,344.43
1781475104,R_100,344.34
1781475106,R_100,344.21
1781475108,R_100,344.27
1781475110,R_100,344.23
1781475112,R_100,344.26
1781475114,R_100,344.14
1781475116,R_100,344.22
1781475118,R_100,344.23
1781475120,R_100,344.31
1781475122,R_100,344.32
1781475124,R_100,344.56
1781475126,R_100,344.48
1781475128,R_100,344.42
1781475130,R_100,344.54
1781475132,R_100,344.53
1781475134,R_100,344.36
1781475136,R_100,344.41
1781475138,R_100,344.34
1781475140,R_100,344.24
1781475142,R_100,344.33
1781475144,R_100,344.47
1781475146,R_100,344.54
1781475148,R_100,344.56
1781475150,R_100,344.62
1781475152,R_100,344.54
1781475154,R_100,344.68
1781475156,R_100,344.78
1781475158,R_100,344.75
1781475160,R_100,344.63
1781475162,R_100,344.83
1781475164,R_100,344.94
1781475166,R_100,344.92
1781475168,R_100,344.96
1781475170,R_100,344.87
1781475172,R_100,344.83
1781475174,R_100,344.9
1781475176,R_100,345.06
1781475178,R_100,345.08
1781475180,R_100,345.04
1781475182,R_100,345.01
1781475184,R_100,345.06
1781475186,R_100,344.92
1781475188,R_100,345.05
1781475190,R_100,345.01
1781475192,R_100,344.84
1781475194,R_100,344.83
1781475196,R_100,344.88
1781475198,R_100,344.76
1781475200,R_100,344.77
1781475202,R_100,344.68
1781475204,R_100,344.71
1781475206,R_100,344.74
1781475208,R_100,344.72
1781475210,R_100,344.7
1781475212,R_100,344.65
1781475214,R_100,344.74
1781475216,R_100,344.62
1781475218,R_100,344.58
1781475220,R_100,344.58
1781475222,R_100,344.56
1781475224,R_100,344.59
1781475226,R_100,344.62
1781475228,R_100,344.45
1781475230,R_100,344.45
1781475232,R_100,344.4
1781475234,R_100,344.36
1781475236,R_100,344.26
1781475238,R_100,344.29
1781475240,R_100,344.26
1781475242,R_100,344.25
1781475244,R_100,344.2
1781475246,R_100,344.2
1781475248,R_100,344.32
1781475250,R_100,344.22
1781475252,R_100,344.22
1781475254,R_100,344.23
1781475256,R_100,344.33
1781475258,R_100,344.44
1781475260,R_100,344.49
1781475262,R_100,344.48
1781475264,R_100,344.48
1781475266,R_100,344.54
1781475268,R_100,344.56
1781475270,R_100,344.55
1781475272,R_100,344.44
1781475274,R_100,344.58
1781475276,R_100,344.5
1781475278,R_100,344.51
1781475280,R_100,344.45
1781475282,R_100,344.46
1781475284,R_100,344.55
1781475286,R_100,344.45
1781475288,R_100,344.44
1781475290,R_100,344.44
1781475292,R_100,344.32
1781475294,R_100,344.31
1781475296,R_100,344.28
1781475298,R_100,344.16
1781475300,R_100,344.25
1781475302,R_100,344.29
1781475304,R_100,344.26
1781475306,R_100,344.29
1781475308,R_100,344.15
1781475310,R_100,344.15
1781475312,R_100,344.26
1781475314,R_100,344.27
1781475316,R_100,344.23
1781475318,R_100,344.24
1781475320,R_100,344.2
1781475322,R_100,344.14
1781475324,R_100,344.19
1781475326,R_100,344.23
1781475328,R_100,344.28
1781475330,R_100,344.29
1781475332,R_100,344.34
1781475334,R_100,344.36
1781475336,R_100,344.44
1781475338,R_100,344.46
1781475340,R_100,344.43
1781475342,R_100,344.42
1781475344,R_100,344.56
1781475346,R_100,344.54
1781475348,R_100,344.66
1781475350,R_100,344.59
1781475352,R_100,344.52
1781475354,R_100,344.44
1781475356,R_100,344.46
1781475358,R_100,344.46
1781475360,R_100,344.31
1781475362,R_100,344.27
1781475364,R_100,344.34
1781475366,R_100,344.34
1781475368,R_100,344.39
1781475370,R_100,344.42
1781475372,R_100,344.49
1781475374,R_100,344.51
1781475376,R_100,344.46
1781475378,R_100,344.26
1781475380,R_100,344.18
1781475382,R_100,344.21
1781475384,R_100,344.04
1781475386,R_100,344.27
1781475388,R_100,344.41
1781475390,R_100,344.42
1781475392,R_100,344.47
1781475394,R_100,344.49
1781475396,R_100,344.56
1781475398,R_100,344.59
1781475400,R_100,344.7
1781475402,R_100,344.69
1781475404,R_100,344.61
1781475406,R_100,344.65
1781475408,R_100,344.45
1781475410,R_100,344.54
1781475412,R_100,344.43
1781475414,R_100,344.42
1781475416,R_100,344.4
1781475418,R_100,344.31
1781475420,R_100,344.26
1781475422,R_100,344.47
1781475424,R_100,344.51
1781475426,R_100,344.45
1781475428,R_100,344.46
1781475430,R_100,344.47
1781475432,R_100,344.46
1781475434,R_100,344.56
1781475436,R_100,344.55
1781475438,R_100,344.54
1781475440,R_100,344.47
1781475442,R_100,344.62
1781475444,R_100,344.69
1781475446,R_100,344.62
1781475448,R_100,344.71
1781475450,R_100,344.79
1781475452,R_100,344.7
1781475454,R_100,344.66
1781475456,R_100,344.66
1781475458,R_100,344.7
1781475460,R_100,344.58
1781475462,R_100,344.56
1781475464,R_100,344.51
1781475466,R_100,344.61
1781475468,R_100,344.62
1781475470,R_100,344.55
1781475472,R_100,344.57
1781475474,R_100,344.51
1781475476,R_100,344.39
1781475478,R_100,344.35
1781475480,R_100,344.38
1781475482,R_100,344.45
1781475484,R_100,344.38
1781475486,R_100,344.29
1781475488,R_100,344.21
1781475490,R_100,344.21
1781475492,R_100,344.25
1781475494,R_100,344.17
1781475496,R_100,344.17
1781475498,R_100,344.27
1781475500,R_100,344.33
1781475502,R_100,344.5
1781475504,R_100,344.34
1781475506,R_100,344.35
1781475508,R_100,344.32
1781475510,R_100,344.43
1781475512,R_100,344.51
1781475514,R_100,344.44
1781475516,R_100,344.52
1781475518,R_100,344.41
1781475520,R_100,344.45
1781475522,R_100,344.48
1781475524,R_100,344.52
1781475526,R_100,344.56
1781475528,R_100,344.59
1781475530,R_100,344.5
1781475532,R_100,344.43
1781475534,R_100,344.35
1781475536,R_100,344.24
1781475538,R_100,344.08
1781475540,R_100,344.19
1781475542,R_100,344.19
1781475544,R_100,344.08
1781475546,R_100,344.11
1781475548,R_100,344.08
1781475550,R_100,344.05
1781475552,R_100,344.24
1781475554,R_100,344.29
1781475556,R_100,344.33
1781475558,R_100,344.38
1781475560,R_100,344.44
1781475562,R_100,344.65
1781475564,R_100,344.56
1781475566,R_100,344.56
1781475568,R_100,344.66
1781475570,R_100,344.71
1781475572,R_100,344.8
1781475574,R_100,344.87
1781475576,R_100,344.76
1781475578,R_100,344.74
1781475580,R_100,344.63
1781475582,R_100,344.64
1781475584,R_100,344.64
1781475586,R_100,344.66
1781475588,R_100,344.64
1781475590,R_100,344.68
1781475592,R_100,344.51
1781475594,R_100,344.58
1781475596,R_100,344.52
1781475598,R_100,344.45
1781475600,R_100,344.48
1781475602,R_100,344.57
1781475604,R_100,344.57
1781475606,R_100,344.55
1781475608,R_100,344.48
1781475610,R_100,344.44
1781475612,R_100,344.23
1781475614,R_100,344.26
1781475616,R_100,344.39
1781475618,R_100,344.47
1781475620,R_100,344.47
1781475622,R_100,344.48
1781475624,R_100,344.56
1781475626,R_100,344.58
1781475628,R_100,344.58
1781475630,R_100,344.5
1781475632,R_100,344.52
1781475634,R_100,344.45
1781475636,R_100,344.36
1781475638,R_100,344.39
1781475640,R_100,344.5
1781475642,R_100,344.64
1781475644,R_100,344.65
1781475646,R_100,344.64
1781475648,R_100,344.58
1781475650,R_100,344.52
1781475652,R_100,344.59
1781475654,R_100,344.58
1781475656,R_100,344.59
1781475658,R_100,344.57
1781475660,R_100,344.53
1781475662,R_100,344.54
1781475664,R_100,344.43
1781475666,R_100,344.37
1781475668,R_100,344.25
1781475670,R_100,344.16
1781475672,R_100,344.12
1781475674,R_100,344.14
1781475676,R_100,344.25
1781475678,R_100,344.24
1781475680,R_100,344.17
1781475682,R_100,344.11
1781475684,R_100,344.1
1781475686,R_100,344.11
1781475688,R_100,344.15
1781475690,R_100,344.25
1781475692,R_100,344.16
1781475694,R_100,344.15
1781475696,R_100,344.1
1781475698,R_100,344.14
1781475700,R_100,343.98
1781475702,R_100,344.1
1781475704,R_100,344.07
1781475706,R_100,343.99
1781475708,R_100,343.83
1781475710,R_100,343.96
1781475712,R_100,344.06
1781475714,R_100,344.07
1781475716,R_100,344.15
1781475718,R_100,344.16
1781475720,R_100,344.16
1781475722,R_100,344.22
1781475724,R_100,344.17
1781475726,R_100,344.13
1781475728,R_100,344.07
1781475730,R_100,343.99
1781475732,R_100,344.02
1781475734,R_100,344.02
1781475736,R_100,344.04
1781475738,R_100,344.09
1781475740,R_100,344.18
1781475742,R_100,344.1
1781475744,R_100,344.01
1781475746,R_100,343.94
1781475748,R_100,343.96
1781475750,R_100,343.9
1781475752,R_100,343.78
1781475754,R_100,343.68
1781475756,R_100,343.52
1781475758,R_100,343.48
1781475760,R_100,343.53
1781475762,R_100,343.39
1781475764,R_100,343.43
1781475766,R_100,343.33
1781475768,R_100,343.43
1781475770,R_100,343.43
1781475772,R_100,343.38
1781475774,R_100,343.26
1781475776,R_100,343.13
1781475778,R_100,342.95
1781475780,R_100,343.04
1781475782,R_100,343.08
1781475784,R_100,343.02
1781475786,R_100,342.96
1781475788,R_100,343.01
1781475790,R_100,343.08
1781475792,R_100,343.02
1781475794,R_100,343.04
1781475796,R_100,343.07
1781475798,R_100,343.02
1781475800,R_100,343.22
1781475802,R_100,343.36
1781475804,R_100,343.3
1781475806,R_100,343.24
1781475808,R_100,343.07
1781475810,R_100,343
1781475812,R_100,342.91
1781475814,R_100,342.92
1781475816,R_100,342.78
1781475818,R_100,342.8
1781475820,R_100,342.82
1781475822,R_100,342.88
1781475824,R_100,342.84
1781475826,R_100,342.84
1781475828,R_100,342.85
1781475830,R_100,342.91
1781475832,R_100,342.95
1781475834,R_100,343.01
1781475836,R_100,343.02
1781475838,R_100,342.95
1781475840,R_100,343.04
1781475842,R_100,343.03
1781475844,R_100,343.06
1781475846,R_100,343.07
1781475848,R_100,343.13
1781475850,R_100,343.09
1781475852,R_100,343.11
1781475854,R_100,343.26
1781475856,R_100,343.11
1781475858,R_100,343.12
1781475860,R_100,343.13
1781475862,R_100,343.22
1781475864,R_100,343.22
1781475866,R_100,343.47
1781475868,R_100,343.38
1781475870,R_100,343.5
1781475872,R_100,343.48
1781475874,R_100,343.59
1781475876,R_100,343.46
1781475878,R_100,343.44
1781475880,R_100,343.4
1781475882,R_100,343.46
1781475884,R_100,343.3
1781475886,R_100,343.29
1781475888,R_100,343.35
1781475890,R_100,343.27
1781475892,R_100,343.27
1781475894,R_100,343.31
1781475896,R_100,343.39
1781475898,R_100,343.67
1781475900,R_100,343.58
1781475902,R_100,343.62
1781475904,R_100,343.62
1781475906,R_100,343.64
1781475908,R_100,343.65
1781475910,R_100,343.72
1781475912,R_100,343.62
1781475914,R_100,343.59
1781475916,R_100,343.47
1781475918,R_100,343.45
1781475920,R_100,343.42
1781475922,R_100,343.46
1781475924,R_100,343.41
1781475926,R_100,343.52
1781475928,R_100,343.55
1781475930,R_100,343.48
1781475932,R_100,343.59
1781475934,R_100,343.73
1781475936,R_100,343.61
1781475938,R_100,343.62
1781475940,R_100,343.6
1781475942,R_100,343.53
1781475944,R_100,343.58
1781475946,R_100,343.54
1781475948,R_100,343.49
1781475950,R_100,343.56
1781475952,R_100,343.59
1781475954,R_100,343.6
1781475956,R_100,343.62
1781475958,R_100,343.6
1781475960,R_100,343.52
1781475962,R_100,343.49
1781475964,R_100,343.47
1781475966,R_100,343.47
1781475968,R_100,343.35
1781475970,R_100,343.25
1781475972,R_100,343.15
1781475974,R_100,343.15
1781475976,R_100,343.12
1781475978,R_100,343.1
1781475980,R_100,342.95
1781475982,R_100,343.02
1781475984,R_100,342.96
1781475986,R_100,343.01
1781475988,R_100,343.09
1781475990,R_100,343.11
1781475992,R_100,343.22
1781475994,R_100,343.28
1781475996,R_100,343.33
1781475998,R_100,343.42
1781476000,R_100,343.44
1781476002,R_100,343.43
1781476004,R_100,343.43
1781476006,R_100,343.39
1781476008,R_100,343.34
1781476010,R_100,343.28
1781476012,R_100,343.2
1781476014,R_100,343.28
1781476016,R_100,343.27
1781476018,R_100,343.19
1781476020,R_100,343.29
1781476022,R_100,343.38
1781476024,R_100,343.2
1781476026,R_100,343.33
1781476028,R_100,343.38
1781476030,R_100,343.24
1781476032,R_100,343.17
1781476034,R_100,343.23
1781476036,R_100,343.25
1781476038,R_100,343.37
1781476040,R_100,343.31
1781476042,R_100,343.21
1781476044,R_100,343.26
1781476046,R_100,343.33
1781476048,R_100,343.13
1781476050,R_100,343.15
1781476052,R_100,342.93
1781476054,R_100,343.01
1781476056,R_100,343.11
1781476058,R_100,343.14
1781476060,R_100,343.12
1781476062,R_100,343.27
1781476064,R_100,343.12
1781476066,R_100,343.37
1781476068,R_100,343.37
1781476070,R_100,343.35
1781476072,R_100,343.4
1781476074,R_100,343.44
1781476076,R_100,343.47
1781476078,R_100,343.38
1781476080,R_100,343.39
1781476082,R_100,343.38
1781476084,R_100,343.4
1781476086,R_100,343.49
1781476088,R_100,343.48
1781476090,R_100,343.42
1781476092,R_100,343.51
1781476094,R_100,343.44
1781476096,R_100,343.53
1781476098,R_100,343.46
1781476100,R_100,343.46
1781476102,R_100,343.4
1781476104,R_100,343.45
1781476106,R_100,343.42
1781476108,R_100,343.36
1781476110,R_100,343.38
1781476112,R_100,343.45
1781476114,R_100,343.46
1781476116,R_100,343.41
1781476118,R_100,343.29
1781476120,R_100,343.23
1781476122,R_100,343.2
1781476124,R_100,343.3
1781476126,R_100,343.27
1781476128,R_100,343.34
1781476130,R_100,343.41
1781476132,R_100,343.41
1781476134,R_100,343.53
1781476136,R_100,343.47
1781476138,R_100,343.61
1781476140,R_100,343.47
1781476142,R_100,343.53
1781476144,R_100,343.44
1781476146,R_100,343.36
1781476148,R_100,343.37
1781476150,R_100,343.52
1781476152,R_100,343.55
1781476154,R_100,343.57
1781476156,R_100,343.51
1781476158,R_100,343.4
1781476160,R_100,343.41
1781476162,R_100,343.4
1781476164,R_100,343.34
1781476166,R_100,343.4
1781476168,R_100,343.62
1781476170,R_100,343.54
1781476172,R_100,343.63
1781476174,R_100,343.8
1781476176,R_100,343.77
1781476178,R_100,343.86
1781476180,R_100,343.93
1781476182,R_100,343.98
1781476184,R_100,344.06
1781476186,R_100,344.03
1781476188,R_100,344.15
1781476190,R_100,344.07
1781476192,R_100,343.91
1781476194,R_100,343.99
1781476196,R_100,344.18
1781476198,R_100,344.38
1781476200,R_100,344.34
1781476202,R_100,344.35
1781476204,R_100,344.17
1781476206,R_100,344.17
1781476208,R_100,344.16
1781476210,R_100,344.08
1781476212,R_100,344.07
1781476214,R_100,344.13
1781476216,R_100,344.27
1781476218,R_100,344.29
1781476220,R_100,344.24
1781476222,R_100,344.22
1781476224,R_100,344.36
1781476226,R_100,344.4
1781476228,R_100,344.35
1781476230,R_100,344.33
1781476232,R_100,344.27
1781476234,R_100,344.32
1781476236,R_100,344.38
1781476238,R_100,344.26
1781476240,R_100,344.31
1781476242,R_100,344.16
1781476244,R_100,344.18
1781476246,R_100,344.13
1781476248,R_100,344.02
1781476250,R_100,343.96
1781476252,R_100,343.84
1781476254,R_100,343.98
1781476256,R_100,344.16
1781476258,R_100,344.37
1781476260,R_100,344.37
1781476262,R_100,344.35
1781476264,R_100,344.28
1781476266,R_100,344.2
1781476268,R_100,344.18
1781476270,R_100,344.24
1781476272,R_100,344.24
1781476274,R_100,344.19
1781476276,R_100,344.14
1781476278,R_100,344.28
1781476280,R_100,344.2
1781476282,R_100,344.29
1781476284,R_100,344.24
1781476286,R_100,344.34
1781476288,R_100,344.24
1781476290,R_100,344.35
1781476292,R_100,344.37
1781476294,R_100,344.52
1781476296,R_100,344.44
1781476298,R_100,344.34
1781476300,R_100,344.31
1781476302,R_100,344.38
1781476304,R_100,344.34
1781476306,R_100,344.44
1781476308,R_100,344.5
1781476310,R_100,344.53
1781476312,R_100,344.55
1781476314,R_100,344.62
1781476316,R_100,344.85
1781476318,R_100,345.06
1781476320,R_100,345.08
1781476322,R_100,345.12
1781476324,R_100,345.2
1781476326,R_100,345.26
1781476328,R_100,345.3
1781476330,R_100,345.34
1781476332,R_100,345.28
1781476334,R_100,345.31
1781476336,R_100,345.51
1781476338,R_100,345.32
1781476340,R_100,345.22
1781476342,R_100,345.2
1781476344,R_100,345.22
1781476346,R_100,345.18
1781476348,R_100,345.15
1781476350,R_100,345.23
1781476352,R_100,345.29
1781476354,R_100,345.36
1781476356,R_100,345.37
1781476358,R_100,345.34
1781476360,R_100,345.41
1781476362,R_100,345.42
1781476364,R_100,345.37
1781476366,R_100,345.34
1781476368,R_100,345.42
1781476370,R_100,345.48
1781476372,R_100,345.52
1781476374,R_100,345.5
1781476376,R_100,345.35
1781476378,R_100,345.35
1781476380,R_100,345.25
1781476382,R_100,345.25
1781476384,R_100,345.16
1781476386,R_100,345.22
1781476388,R_100,345.24
1781476390,R_100,345.18
1781476392,R_100,345.19
1781476394,R_100,345.36
1781476396,R_100,345.29
1781476398,R_100,345.22
1781476400,R_100,345.24
1781476402,R_100,345.33
1781476404,R_100,345.36
1781476406,R_100,345.42
1781476408,R_100,345.5
1781476410,R_100,345.58
1781476412,R_100,345.55
1781476414,R_100,345.62
1781476416,R_100,345.52
1781476418,R_100,345.65
1781476420,R_100,345.78
1781476422,R_100,345.8
1781476424,R_100,345.78
1781476426,R_100,345.72
1781476428,R_100,345.68
1781476430,R_100,345.75
1781476432,R_100,345.88
1781476434,R_100,345.74
1781476436,R_100,345.9
1781476438,R_100,345.89
1781476440,R_100,345.86
1781476442,R_100,345.89
1781476444,R_100,345.95
1781476446,R_100,346
1781476448,R_100,345.94
1781476450,R_100,345.97
1781476452,R_100,345.93
1781476454,R_100,345.9
1781476456,R_100,345.9
1781476458,R_100,345.89
1781476460,R_100,345.89
1781476462,R_100,345.9
1781476464,R_100,345.85
1781476466,R_100,345.76
1781476468,R_100,345.62
1781476470,R_100,345.68
1781476472,R_100,345.59
1781476474,R_100,345.49
1781476476,R_100,345.56
1781476478,R_100,345.49
1781476480,R_100,345.43
1781476482,R_100,345.47
1781476484,R_100,345.6
1781476486,R_100,345.67
1781476488,R_100,345.66
1781476490,R_100,345.59
1781476492,R_100,345.68
1781476494,R_100,345.74
1781476496,R_100,345.86
1781476498,R_100,345.93
1781476500,R_100,345.95
1781476502,R_100,346.07
1781476504,R_100,346.02
1781476506,R_100,345.91
1781476508,R_100,345.86
1781476510,R_100,345.98
1781476512,R_100,345.85
1781476514,R_100,345.91
1781476516,R_100,345.76
1781476518,R_100,345.75
1781476520,R_100,345.82
1781476522,R_100,345.89
1781476524,R_100,345.81
1781476526,R_100,345.74
1781476528,R_100,345.76
1781476530,R_100,345.72
1781476532,R_100,345.85
1781476534,R_100,345.94
1781476536,R_100,345.98
1781476538,R_100,345.94
1781476540,R_100,346.1
1781476542,R_100,346.16
1781476544,R_100,346.06
1781476546,R_100,345.95
1781476548,R_100,345.89
1781476550,R_100,345.78
1781476552,R_100,345.82
1781476554,R_100,345.81
1781476556,R_100,345.9
1781476558,R_100,345.83
1781476560,R_100,345.83
1781476562,R_100,345.95
1781476564,R_100,345.89
1781476566,R_100,345.95
1781476568,R_100,345.85
1781476570,R_100,345.92
1781476572,R_100,345.92
1781476574,R_100,345.97
1781476576,R_100,345.94
1781476578,R_100,345.94
1781476580,R_100,345.82
1781476582,R_100,345.83
1781476584,R_100,345.87
1781476586,R_100,346.02
1781476588,R_100,346.03
1781476590,R_100,346.05
1781476592,R_100,346.08
1781476594,R_100,346
1781476596,R_100,345.94
1781476598,R_100,346.13
1781476600,R_100,346.21
1781476602,R_100,346.19
1781476604,R_100,346.12
1781476606,R_100,346.12
1781476608,R_100,346.03
1781476610,R_100,346.1
1781476612,R_100,346.21
1781476614,R_100,346.24
1781476616,R_100,346.17
1781476618,R_100,346.14
1781476620,R_100,346.03
1781476622,R_100,346.01
1781476624,R_100,345.99
1781476626,R_100,345.92
1781476628,R_100,345.93
1781476630,R_100,346.05
1781476632,R_100,346.03
1781476634,R_100,345.99
1781476636,R_100,345.94
1781476638,R_100,346.04
1781476640,R_100,345.99
1781476642,R_100,345.98
1781476644,R_100,345.9
1781476646,R_100,345.89
1781476648,R_100,345.81
1781476650,R_100,345.77
1781476652,R_100,345.77
1781476654,R_100,345.98
1781476656,R_100,346
1781476658,R_100,346.18
1781476660,R_100,346.09
1781476662,R_100,346.12
1781476664,R_100,346.16
1781476666,R_100,346.21
1781476668,R_100,346.27
1781476670,R_100,346.23
1781476672,R_100,346.11
1781476674,R_100,346.06
1781476676,R_100,345.89
1781476678,R_100,345.9
1781476680,R_100,345.95
1781476682,R_100,345.91
1781476684,R_100,345.72
1781476686,R_100,345.76
1781476688,R_100,345.79
1781476690,R_100,345.82
1781476692,R_100,345.96
1781476694,R_100,345.9
1781476696,R_100,345.92
1781476698,R_100,345.9
1781476700,R_100,345.96
1781476702,R_100,345.95
1781476704,R_100,346.08
1781476706,R_100,345.98
1781476708,R_100,346.05
1781476710,R_100,346.12
1781476712,R_100,346.06
1781476714,R_100,346.13
1781476716,R_100,346.09
1781476718,R_100,346.14
1781476720,R_100,346.2
1781476722,R_100,346.05
1781476724,R_100,346.08
1781476726,R_100,345.93
1781476728,R_100,345.97
1781476730,R_100,346.07
1781476732,R_100,346.2
1781476734,R_100,346.02
1781476736,R_100,345.97
1781476738,R_100,345.94
1781476740,R_100,345.92
1781476742,R_100,345.94
1781476744,R_100,345.87
1781476746,R_100,345.89
1781476748,R_100,345.9
1781476750,R_100,345.97
1781476752,R_100,346.2
1781476754,R_100,346.04
1781476756,R_100,346.04
1781476758,R_100,345.96
1781476760,R_100,346.09
1781476762,R_100,346.19
1781476764,R_100,346.2
1781476766,R_100,346.32
1781476768,R_100,346.38
1781476770,R_100,346.39
1781476772,R_100,346.41
1781476774,R_100,346.23
1781476776,R_100,346.27
1781476778,R_100,346.22
1781476780,R_100,346.19
1781476782,R_100,346.21
1781476784,R_100,346.22
1781476786,R_100,346.21
1781476788,R_100,346.28
1781476790,R_100,346.39
1781476792,R_100,346.32
1781476794,R_100,346.46
1781476796,R_100,346.48
1781476798,R_100,346.25
1781476800,R_100,346.37
1781476802,R_100,346.49
1781476804,R_100,346.39
1781476806,R_100,346.33
1781476808,R_100,346.4
1781476810,R_100,346.43
1781476812,R_100,346.45
1781476814,R_100,346.34
1781476816,R_100,346.26
1781476818,R_100,346.24
1781476820,R_100,346.36
1781476822,R_100,346.25
1781476824,R_100,346.25
1781476826,R_100,346.38
1781476828,R_100,346.32
1781476830,R_100,346.38
1781476832,R_100,346.33
1781476834,R_100,346.26
1781476836,R_100,346.22
1781476838,R_100,346.14
1781476840,R_100,346.23
1781476842,R_100,346.18
1781476844,R_100,346.22
1781476846,R_100,346.33
1781476848,R_100,346.36
1781476850,R_100,346.32
1781476852,R_100,346.15
1781476854,R_100,346.09
1781476856,R_100,346.45
1781476858,R_100,346.47
1781476860,R_100,346.38
1781476862,R_100,346.25
1781476864,R_100,346.2
1781476866,R_100,346.21
1781476868,R_100,346.15
1781476870,R_100,346.3
1781476872,R_100,346.35
1781476874,R_100,346.49
1781476876,R_100,346.45
1781476878,R_100,346.37
1781476880,R_100,346.39
1781476882,R_100,346.3
1781476884,R_100,346.3
1781476886,R_100,346.19
1781476888,R_100,346.32
1781476890,R_100,346.57
1781476892,R_100,346.55
1781476894,R_100,346.59
1781476896,R_100,346.56
1781476898,R_100,346.62
1781476900,R_100,346.64
1781476902,R_100,346.59
1781476904,R_100,346.6
1781476906,R_100,346.58
1781476908,R_100,346.4
1781476910,R_100,346.46
1781476912,R_100,346.4
1781476914,R_100,346.34
1781476916,R_100,346.28
1781476918,R_100,346.15
1781476920,R_100,346.27
1781476922,R_100,346.36
1781476924,R_100,346.37
1781476926,R_100,346.53
1781476928,R_100,346.43
1781476930,R_100,346.42
1781476932,R_100,346.3
1781476934,R_100,346.21
1781476936,R_100,346.17
1781476938,R_100,346
1781476940,R_100,345.96
1781476942,R_100,345.9
1781476944,R_100,345.89
1781476946,R_100,345.75
1781476948,R_100,345.77
1781476950,R_100,345.77
1781476952,R_100,345.85
1781476954,R_100,345.96
1781476956,R_100,345.95
1781476958,R_100,346.04
1781476960,R_100,346.1
1781476962,R_100,346.16
1781476964,R_100,346.12
1781476966,R_100,346.1
1781476968,R_100,346.14
1781476970,R_100,345.98
1781476972,R_100,345.88
1781476974,R_100,345.78
1781476976,R_100,345.72
1781476978,R_100,345.89
1781476980,R_100,345.99
1781476982,R_100,345.91
1781476984,R_100,345.89
1781476986,R_100,345.89
1781476988,R_100,345.96
1781476990,R_100,345.94
1781476992,R_100,345.83
1781476994,R_100,345.83
1781476996,R_100,345.94
1781476998,R_100,345.98
1781477000,R_100,345.88
1781477002,R_100,345.88
1781477004,R_100,345.9
1781477006,R_100,345.91
1781477008,R_100,345.97
1781477010,R_100,345.8
1781477012,R_100,345.82
1781477014,R_100,345.87
1781477016,R_100,345.98
1781477018,R_100,345.8
1781477020,R_100,345.94
1781477022,R_100,345.89
1781477024,R_100,345.86
1781477026,R_100,345.87
1781477028,R_100,345.87
1781477030,R_100,345.89
1781477032,R_100,345.83
1781477034,R_100,345.73
1781477036,R_100,345.62
1781477038,R_100,345.68
1781477040,R_100,345.73
1781477042,R_100,345.85
1781477044,R_100,345.95
1781477046,R_100,345.97
1781477048,R_100,345.78
1781477050,R_100,345.71
1781477052,R_100,345.71
1781477054,R_100,345.73
1781477056,R_100,345.81
1781477058,R_100,345.73
1781477060,R_100,345.66
1781477062,R_100,345.64
1781477064,R_100,345.56
1781477066,R_100,345.54
1781477068,R_100,345.62
1781477070,R_100,345.68
1781477072,R_100,345.79
1781477074,R_100,345.66
1781477076,R_100,345.7
1781477078,R_100,345.73
1781477080,R_100,345.64
1781477082,R_100,345.6
1781477084,R_100,345.54
1781477086,R_100,345.68
1781477088,R_100,345.58
1781477090,R_100,345.6
1781477092,R_100,345.61
1781477094,R_100,345.63
1781477096,R_100,345.64
1781477098,R_100,345.64
1781477100,R_100,345.61
1781477102,R_100,345.53
1781477104,R_100,345.42
1781477106,R_100,345.39
1781477108,R_100,345.33
1781477110,R_100,345.37
1781477112,R_100,345.44
1781477114,R_100,345.29
1781477116,R_100,345.29
1781477118,R_100,345.38
1781477120,R_100,345.46
1781477122,R_100,345.33
1781477124,R_100,345.31
1781477126,R_100,345.31
1781477128,R_100,345.36
1781477130,R_100,345.37
1781477132,R_100,345.42
1781477134,R_100,345.54
1781477136,R_100,345.56
1781477138,R_100,345.68
1781477140,R_100,345.74
1781477142,R_100,345.75
1781477144,R_100,345.79
1781477146,R_100,345.75
1781477148,R_100,345.75
1781477150,R_100,345.74
1781477152,R_100,345.6
1781477154,R_100,345.52
1781477156,R_100,345.32
1781477158,R_100,345.42
1781477160,R_100,345.61
1781477162,R_100,345.66
1781477164,R_100,345.75
1781477166,R_100,345.74
1781477168,R_100,345.66
1781477170,R_100,345.62
1781477172,R_100,345.63
1781477174,R_100,345.65
1781477176,R_100,345.7
1781477178,R_100,345.63
1781477180,R_100,345.7
1781477182,R_100,345.73
1781477184,R_100,345.71
1781477186,R_100,345.68
1781477188,R_100,345.7
1781477190,R_100,345.8
1781477192,R_100,345.62
1781477194,R_100,345.51
1781477196,R_100,345.58
1781477198,R_100,345.54
1781477200,R_100,345.63
1781477202,R_100,345.52
1781477204,R_100,345.61
1781477206,R_100,345.6
1781477208,R_100,345.73
1781477210,R_100,345.73
1781477212,R_100,345.77
1781477214,R_100,345.7
1781477216,R_100,345.65
1781477218,R_100,345.48
1781477220,R_100,345.6
1781477222,R_100,345.7
1781477224,R_100,345.71
1781477226,R_100,345.72
1781477228,R_100,345.6
1781477230,R_100,345.6
1781477232,R_100,345.61
1781477234,R_100,345.78
1781477236,R_100,345.89
1781477238,R_100,345.93
1781477240,R_100,346.02
1781477242,R_100,346.1
1781477244,R_100,346
1781477246,R_100,346.02
1781477248,R_100,346
1781477250,R_100,345.96
1781477252,R_100,345.84
1781477254,R_100,345.83
1781477256,R_100,345.83
1781477258,R_100,345.84
1781477260,R_100,345.86
1781477262,R_100,345.97
1781477264,R_100,345.75
1781477266,R_100,345.74
1781477268,R_100,345.71
1781477270,R_100,345.84
1781477272,R_100,345.9
1781477274,R_100,345.74
1781477276,R_100,345.62
1781477278,R_100,345.51
1781477280,R_100,345.6
1781477282,R_100,345.53
1781477284,R_100,345.46
1781477286,R_100,345.47
1781477288,R_100,345.36
1781477290,R_100,345.2
1781477292,R_100,345.23
1781477294,R_100,345.18
1781477296,R_100,345.25
1781477298,R_100,345.17
1781477300,R_100,345.07
1781477302,R_100,344.93
1781477304,R_100,344.86
1781477306,R_100,344.79
1781477308,R_100,344.71
1781477310,R_100,344.47
1781477312,R_100,344.47
1781477314,R_100,344.39
1781477316,R_100,344.4
1781477318,R_100,344.36
1781477320,R_100,344.37
1781477322,R_100,344.24
1781477324,R_100,344.13
1781477326,R_100,344.11
1781477328,R_100,344.11
1781477330,R_100,344.11
1781477332,R_100,344.13
1781477334,R_100,344.14
1781477336,R_100,344.06
1781477338,R_100,344.13
1781477340,R_100,344.13
1781477342,R_100,344.17
1781477344,R_100,344.11
1781477346,R_100,344.09
1781477348,R_100,344.05
1781477350,R_100,344.09
1781477352,R_100,344.07
1781477354,R_100,344.06
1781477356,R_100,344
1781477358,R_100,343.95
1781477360,R_100,344.08
1781477362,R_100,344.06
1781477364,R_100,344.13
1781477366,R_100,344.21
1781477368,R_100,344.1
1781477370,R_100,344.18
1781477372,R_100,344.28
1781477374,R_100,344.34
1781477376,R_100,344.37
1781477378,R_100,344.44
1781477380,R_100,344.46
1781477382,R_100,344.51
1781477384,R_100,344.63
1781477386,R_100,344.64
1781477388,R_100,344.66
1781477390,R_100,344.53
1781477392,R_100,344.58
1781477394,R_100,344.55
1781477396,R_100,344.6
1781477398,R_100,344.45
1781477400,R_100,344.63
1781477402,R_100,344.63
1781477404,R_100,344.48
1781477406,R_100,344.5
1781477408,R_100,344.61
1781477410,R_100,344.54
1781477412,R_100,344.56
1781477414,R_100,344.51
1781477416,R_100,344.44
1781477418,R_100,344.52
1781477420,R_100,344.6
1781477422,R_100,344.57
1781477424,R_100,344.53
1781477426,R_100,344.5
1781477428,R_100,344.63
1781477430,R_100,344.66
1781477432,R_100,344.72
1781477434,R_100,344.59
1781477436,R_100,344.45
1781477438,R_100,344.56
1781477440,R_100,344.55
1781477442,R_100,344.48
1781477444,R_100,344.63
1781477446,R_100,344.74
1781477448,R_100,344.79
1781477450,R_100,344.59
1781477452,R_100,344.6
1781477454,R_100,344.49
1781477456,R_100,344.52
1781477458,R_100,344.47
1781477460,R_100,344.53
1781477462,R_100,344.56
1781477464,R_100,344.59
1781477466,R_100,344.65
1781477468,R_100,344.75
1781477470,R_100,344.68
1781477472,R_100,344.52
1781477474,R_100,344.45
1781477476,R_100,344.47
1781477478,R_100,344.39
1781477480,R_100,344.33
1781477482,R_100,344.42
1781477484,R_100,344.46
1781477486,R_100,344.58
1781477488,R_100,344.5
1781477490,R_100,344.41
1781477492,R_100,344.58
1781477494,R_100,344.5
1781477496,R_100,344.39
1781477498,R_100,344.41
1781477500,R_100,344.34
1781477502,R_100,344.23
1781477504,R_100,344.32
1781477506,R_100,344.23
1781477508,R_100,344.3
1781477510,R_100,344.21
1781477512,R_100,344.36
1781477514,R_100,344.42
1781477516,R_100,344.47
1781477518,R_100,344.48
1781477520,R_100,344.44
1781477522,R_100,344.35
1781477524,R_100,344.28
1781477526,R_100,344.22
1781477528,R_100,344.26
1781477530,R_100,344.25
1781477532,R_100,344.37
1781477534,R_100,344.47
1781477536,R_100,344.32
1781477538,R_100,344.22
1781477540,R_100,344.14
1781477542,R_100,344.24
1781477544,R_100,344.26
1781477546,R_100,344.09
1781477548,R_100,344.08
1781477550,R_100,344.04
1781477552,R_100,343.98
1781477554,R_100,343.87
1781477556,R_100,343.86
1781477558,R_100,343.89
1781477560,R_100,343.91
1781477562,R_100,343.92
1781477564,R_100,343.87
1781477566,R_100,343.93
1781477568,R_100,343.71
1781477570,R_100,343.71
1781477572,R_100,343.68
1781477574,R_100,343.64
1781477576,R_100,343.62
1781477578,R_100,343.52
1781477580,R_100,343.57
1781477582,R_100,343.57
1781477584,R_100,343.59
1781477586,R_100,343.63
1781477588,R_100,343.48
1781477590,R_100,343.49
1781477592,R_100,343.45
1781477594,R_100,343.48
1781477596,R_100,343.59
1781477598,R_100,343.47
1781477600,R_100,343.46
1781477602,R_100,343.51
1781477604,R_100,343.47
1781477606,R_100,343.56
1781477608,R_100,343.4
1781477610,R_100,343.42
1781477612,R_100,343.42
1781477614,R_100,343.37
1781477616,R_100,343.36
1781477618,R_100,343.39
1781477620,R_100,343.5
1781477622,R_100,343.43
1781477624,R_100,343.58
1781477626,R_100,343.59
1781477628,R_100,343.66
1781477630,R_100,343.66
1781477632,R_100,343.63
1781477634,R_100,343.55
1781477636,R_100,343.61
1781477638,R_100,343.59
1781477640,R_100,343.58
1781477642,R_100,343.5
1781477644,R_100,343.52
1781477646,R_100,343.52
1781477648,R_100,343.5
1781477650,R_100,343.45
1781477652,R_100,343.55
1781477654,R_100,343.48
1781477656,R_100,343.38
1781477658,R_100,343.51
1781477660,R_100,343.26
1781477662,R_100,343.19
1781477664,R_100,343.15
1781477666,R_100,343.01
1781477668,R_100,343.04
1781477670,R_100,343.09
1781477672,R_100,343.17
1781477674,R_100,343.15
1781477676,R_100,343.24
1781477678,R_100,343.28
1781477680,R_100,343.34
1781477682,R_100,343.42
1781477684,R_100,343.59
1781477686,R_100,343.59
1781477688,R_100,343.58
1781477690,R_100,343.67
1781477692,R_100,343.72
1781477694,R_100,343.72
1781477696,R_100,343.69
1781477698,R_100,343.62
1781477700,R_100,343.53
1781477702,R_100,343.48
1781477704,R_100,343.58
1781477706,R_100,343.51
1781477708,R_100,343.57
1781477710,R_100,343.65
1781477712,R_100,343.52
1781477714,R_100,343.57
1781477716,R_100,343.48
1781477718,R_100,343.53
1781477720,R_100,343.59
1781477722,R_100,343.73
1781477724,R_100,343.73
1781477726,R_100,343.72
1781477728,R_100,343.6
1781477730,R_100,343.44
1781477732,R_100,343.37
1781477734,R_100,343.44
1781477736,R_100,343.54
1781477738,R_100,343.43
1781477740,R_100,343.34
1781477742,R_100,343.28
1781477744,R_100,343.28
1781477746,R_100,343.22
1781477748,R_100,343.34
1781477750,R_100,343.29
1781477752,R_100,343.31
1781477754,R_100,343.34
1781477756,R_100,343.35
1781477758,R_100,343.42
1781477760,R_100,343.33
1781477762,R_100,343.38
1781477764,R_100,343.37
1781477766,R_100,343.19
1781477768,R_100,343.25
1781477770,R_100,343.32
1781477772,R_100,343.2
1781477774,R_100,343.25
1781477776,R_100,343.26
1781477778,R_100,343.27
1781477780,R_100,343.23
1781477782,R_100,343.28
1781477784,R_100,343.34
1781477786,R_100,343.41
1781477788,R_100,343.56
1781477790,R_100,343.55
1781477792,R_100,343.63
1781477794,R_100,343.74
1781477796,R_100,343.64
1781477798,R_100,343.63
1781477800,R_100,343.47
1781477802,R_100,343.5
1781477804,R_100,343.45
1781477806,R_100,343.53
1781477808,R_100,343.57
1781477810,R_100,343.42
1781477812,R_100,343.37
1781477814,R_100,343.21
1781477816,R_100,343.05
1781477818,R_100,343.18
1781477820,R_100,343.24
1781477822,R_100,343.25
1781477824,R_100,343.35
1781477826,R_100,343.32
1781477828,R_100,343.28
1781477830,R_100,343.26
1781477832,R_100,343.21
1781477834,R_100,343.07
1781477836,R_100,343.11
1781477838,R_100,343.13
1781477840,R_100,343.12
1781477842,R_100,343.23
1781477844,R_100,343.24
1781477846,R_100,343.34
1781477848,R_100,343.38
1781477850,R_100,343.48
1781477852,R_100,343.46
1781477854,R_100,343.44
1781477856,R_100,343.37
1781477858,R_100,343.22
1781477860,R_100,343.2
1781477862,R_100,343.37
1781477864,R_100,343.28
1781477866,R_100,343.37
1781477868,R_100,343.35
1781477870,R_100,343.18
1781477872,R_100,343.32
1781477874,R_100,343.22
1781477876,R_100,343.08
1781477878,R_100,343.07
1781477880,R_100,343.12
1781477882,R_100,342.99
1781477884,R_100,342.9
1781477886,R_100,342.91
1781477888,R_100,342.99
1781477890,R_100,342.96
1781477892,R_100,342.96
1781477894,R_100,342.86
1781477896,R_100,342.98
1781477898,R_100,343.06
1781477900,R_100,343.09
1781477902,R_100,343.09
1781477904,R_100,343.11
1781477906,R_100,343.14
1781477908,R_100,343.05
1781477910,R_100,343.07
1781477912,R_100,342.96
1781477914,R_100,343.04
1781477916,R_100,343.15
1781477918,R_100,343.23
1781477920,R_100,343.14
1781477922,R_100,343.24
1781477924,R_100,343.16
1781477926,R_100,343.08
1781477928,R_100,343.06
1781477930,R_100,343.14
1781477932,R_100,343.1
1781477934,R_100,343.14
1781477936,R_100,343.02
1781477938,R_100,342.86
1781477940,R_100,343.01
1781477942,R_100,342.97
1781477944,R_100,342.96
1781477946,R_100,342.99
1781477948,R_100,342.94
1781477950,R_100,342.95
1781477952,R_100,342.91
1781477954,R_100,342.77
1781477956,R_100,342.81
1781477958,R_100,342.98
1781477960,R_100,342.86
1781477962,R_100,342.96
1781477964,R_100,342.97
1781477966,R_100,342.92
1781477968,R_100,342.87
1781477970,R_100,342.85
1781477972,R_100,342.77
1781477974,R_100,342.91
1781477976,R_100,343.07
1781477978,R_100,343.26
1781477980,R_100,343.27
1781477982,R_100,343.14
1781477984,R_100,343.1
1781477986,R_100,343.12
1781477988,R_100,342.92
1781477990,R_100,343.09
1781477992,R_100,342.99
1781477994,R_100,342.97
1781477996,R_100,343.15
1781477998,R_100,343.11
1781478000,R_100,343.22
1781478002,R_100,343.25
1781478004,R_100,343.32
1781478006,R_100,343.29
1781478008,R_100,343.21
1781478010,R_100,343.3
1781478012,R_100,343.44
1781478014,R_100,343.48
1781478016,R_100,343.65
1781478018,R_100,343.62
1781478020,R_100,343.76
1781478022,R_100,343.71
1781478024,R_100,343.69
1781478026,R_100,343.58
1781478028,R_100,343.54
1781478030,R_100,343.48
1781478032,R_100,343.52
1781478034,R_100,343.56
1781478036,R_100,343.48
1781478038,R_100,343.43
1781478040,R_100,343.46
1781478042,R_100,343.37
1781478044,R_100,343.32
1781478046,R_100,343.13
1781478048,R_100,343.14
1781478050,R_100,343.16
1781478052,R_100,343.27
1781478054,R_100,343.29
1781478056,R_100,343.37
1781478058,R_100,343.31
1781478060,R_100,343.33
1781478062,R_100,343.36
1781478064,R_100,343.23
1781478066,R_100,343.36
1781478068,R_100,343.43
1781478070,R_100,343.23
1781478072,R_100,343.24
1781478074,R_100,343.32
1781478076,R_100,343.36
1781478078,R_100,343.38
1781478080,R_100,343.49
1781478082,R_100,343.53
1781478084,R_100,343.56
1781478086,R_100,343.6
1781478088,R_100,343.72
1781478090,R_100,343.61
1781478092,R_100,343.58
1781478094,R_100,343.46
1781478096,R_100,343.54
1781478098,R_100,343.59
1781478100,R_100,343.55
1781478102,R_100,343.72
1781478104,R_100,343.74
1781478106,R_100,343.74
1781478108,R_100,343.79
1781478110,R_100,343.84
1781478112,R_100,343.87
1781478114,R_100,343.85
1781478116,R_100,343.91
1781478118,R_100,343.98
1781478120,R_100,344.1
1781478122,R_100,344.12
1781478124,R_100,344.17
1781478126,R_100,344.18
1781478128,R_100,344.27
1781478130,R_100,344.32
1781478132,R_100,344.4
1781478134,R_100,344.56
1781478136,R_100,344.53
1781478138,R_100,344.45
1781478140,R_100,344.35
1781478142,R_100,344.42
1781478144,R_100,344.05
1781478146,R_100,344.04
1781478148,R_100,343.95
1781478150,R_100,344.08
1781478152,R_100,344.08
1781478154,R_100,344.05
1781478156,R_100,344.08
1781478158,R_100,344.07
1781478160,R_100,343.97
1781478162,R_100,343.86
1781478164,R_100,343.81
1781478166,R_100,343.85
1781478168,R_100,343.81
1781478170,R_100,343.76
1781478172,R_100,343.67
1781478174,R_100,343.77
1781478176,R_100,343.74
1781478178,R_100,343.54
1781478180,R_100,343.51
1781478182,R_100,343.44
1781478184,R_100,343.42
1781478186,R_100,343.42
1781478188,R_100,343.38
1781478190,R_100,343.36
1781478192,R_100,343.4
1781478194,R_100,343.44
1781478196,R_100,343.5
1781478198,R_100,343.62
1781478200,R_100,343.52
1781478202,R_100,343.45
1781478204,R_100,343.5
1781478206,R_100,343.4
1781478208,R_100,343.38
1781478210,R_100,343.37
1781478212,R_100,343.43
1781478214,R_100,343.47
1781478216,R_100,343.58
1781478218,R_100,343.37
1781478220,R_100,343.35
1781478222,R_100,343.42
1781478224,R_100,343.45
1781478226,R_100,343.55
1781478228,R_100,343.53
1781478230,R_100,343.51
1781478232,R_100,343.56
1781478234,R_100,343.45
1781478236,R_100,343.51
1781478238,R_100,343.61
1781478240,R_100,343.65
1781478242,R_100,343.54
1781478244,R_100,343.51
1781478246,R_100,343.63
1781478248,R_100,343.76
1781478250,R_100,343.67
1781478252,R_100,343.66
1781478254,R_100,343.48
1781478256,R_100,343.47
1781478258,R_100,343.4
1781478260,R_100,343.37
1781478262,R_100,343.47
1781478264,R_100,343.35
1781478266,R_100,343.44
1781478268,R_100,343.39
1781478270,R_100,343.42
1781478272,R_100,343.45
1781478274,R_100,343.47
1781478276,R_100,343.38
1781478278,R_100,343.36
1781478280,R_100,343.41
1781478282,R_100,343.45
1781478284,R_100,343.38
1781478286,R_100,343.62
1781478288,R_100,343.5
1781478290,R_100,343.52
1781478292,R_100,343.43
1781478294,R_100,343.39
1781478296,R_100,343.35
1781478298,R_100,343.48
1781478300,R_100,343.45
1781478302,R_100,343.32
1781478304,R_100,343.34
1781478306,R_100,343.35
1781478308,R_100,343.34
1781478310,R_100,343.27
1781478312,R_100,343.28
1781478314,R_100,343.24
1781478316,R_100,343.29
1781478318,R_100,343.14
1781478320,R_100,343.21
1781478322,R_100,343
1781478324,R_100,343.01
1781478326,R_100,342.95
1781478328,R_100,342.9
1781478330,R_100,342.76
1781478332,R_100,342.86
1781478334,R_100,342.86
1781478336,R_100,342.79
1781478338,R_100,342.67
1781478340,R_100,342.59
1781478342,R_100,342.58
1781478344,R_100,342.66
1781478346,R_100,342.62
1781478348,R_100,342.66
1781478350,R_100,342.61
1781478352,R_100,342.66
1781478354,R_100,342.8
1781478356,R_100,342.87
1781478358,R_100,342.93
1781478360,R_100,342.75
1781478362,R_100,342.89
1781478364,R_100,342.8
1781478366,R_100,342.82
1781478368,R_100,342.8
1781478370,R_100,342.98
1781478372,R_100,343.08
1781478374,R_100,343.25
1781478376,R_100,343.28
1781478378,R_100,343.37
1781478380,R_100,343.39
1781478382,R_100,343.46
1781478384,R_100,343.57
1781478386,R_100,343.36
1781478388,R_100,343.23
1781478390,R_100,343.21
1781478392,R_100,343.42
1781478394,R_100,343.32
1781478396,R_100,343.35
1781478398,R_100,343.37
1781478400,R_100,343.46
1781478402,R_100,343.48
1781478404,R_100,343.5
1781478406,R_100,343.5
1781478408,R_100,343.29
1781478410,R_100,343.37
1781478412,R_100,343.25
1781478414,R_100,343.27
1781478416,R_100,343.21
1781478418,R_100,343.14
1781478420,R_100,343.17
1781478422,R_100,343.15
1781478424,R_100,343.09
1781478426,R_100,343.16
1781478428,R_100,343.08
1781478430,R_100,343.13
1781478432,R_100,343.21
1781478434,R_100,343.27
1781478436,R_100,343.09
1781478438,R_100,343.15
1781478440,R_100,343.19
1781478442,R_100,343.2
1781478444,R_100,343.14
1781478446,R_100,343.21
1781478448,R_100,343.23
1781478450,R_100,343.25
1781478452,R_100,343.15
1781478454,R_100,343.22
1781478456,R_100,343.25
1781478458,R_100,343.28
1781478460,R_100,343.18
1781478462,R_100,343.24
1781478464,R_100,343.29
1781478466,R_100,343.31
1781478468,R_100,343.49
1781478470,R_100,343.48
1781478472,R_100,343.46
1781478474,R_100,343.47
1781478476,R_100,343.59
1781478478,R_100,343.64
1781478480,R_100,343.52
1781478482,R_100,343.43
1781478484,R_100,343.3
1781478486,R_100,343.34
1781478488,R_100,343.28
1781478490,R_100,343.38
1781478492,R_100,343.47
1781478494,R_100,343.5
1781478496,R_100,343.31
1781478498,R_100,343.34
1781478500,R_100,343.43
1781478502,R_100,343.26
1781478504,R_100,343.2
1781478506,R_100,343.15
1781478508,R_100,343.2
1781478510,R_100,343.16
1781478512,R_100,343.1
1781478514,R_100,343.09
1781478516,R_100,343.08
1781478518,R_100,343.03
1781478520,R_100,342.99
1781478522,R_100,343.06
1781478524,R_100,342.89
1781478526,R_100,342.99
1781478528,R_100,342.84
1781478530,R_100,342.74
1781478532,R_100,342.94
1781478534,R_100,343.06
1781478536,R_100,343.17
1781478538,R_100,343.28
1781478540,R_100,343.38
1781478542,R_100,343.37
1781478544,R_100,343.33
1781478546,R_100,343.23
1781478548,R_100,343.11
1781478550,R_100,343.16
1781478552,R_100,343.07
