epoch,symbol,price
1778198608,R_100,545.56
1778198610,R_100,545.62
1778198612,R_100,545.72
1778198614,R_100,545.49
1778198616,R_100,545.64
1778198618,R_100,545.51
1778198620,R_100,545.39
1778198622,R_100,545.36
1778198624,R_100,545.42
1778198626,R_100,545.68
1778198628,R_100,545.83
1778198630,R_100,545.75
1778198632,R_100,545.88
1778198634,R_100,545.9
1778198636,R_100,546.12
1778198638,R_100,545.89
1778198640,R_100,546.02
1778198642,R_100,546.16
1778198644,R_100,546.08
1778198646,R_100,546.17
1778198648,R_100,546.24
1778198650,R_100,546.52
1778198652,R_100,546.44
1778198654,R_100,546.53
1778198656,R_100,546.41
1778198658,R_100,546.51
1778198660,R_100,546.56
1778198662,R_100,546.49
1778198664,R_100,546.33
1778198666,R_100,546.3
1778198668,R_100,546.06
1778198670,R_100,546.12
1778198672,R_100,546.28
1778198674,R_100,546.06
1778198676,R_100,546.09
1778198678,R_100,546.25
1778198680,R_100,546.25
1778198682,R_100,545.95
1778198684,R_100,545.96
1778198686,R_100,545.74
1778198688,R_100,546.06
1778198690,R_100,545.8
1778198692,R_100,545.85
1778198694,R_100,545.77
1778198696,R_100,546.01
1778198698,R_100,545.85
1778198700,R_100,545.81
1778198702,R_100,546.05
1778198704,R_100,546.29
1778198706,R_100,546.1
1778198708,R_100,546.3
1778198710,R_100,546.37
1778198712,R_100,546.55
1778198714,R_100,546.65
1778198716,R_100,546.56
1778198718,R_100,546.53
1778198720,R_100,546.55
1778198722,R_100,546.46
1778198724,R_100,546.46
1778198726,R_100,546.52
1778198728,R_100,546.53
1778198730,R_100,546.59
1778198732,R_100,546.81
1778198734,R_100,546.86
1778198736,R_100,546.95
1778198738,R_100,546.89
1778198740,R_100,546.73
1778198742,R_100,546.62
1778198744,R_100,546.67
1778198746,R_100,546.55
1778198748,R_100,546.47
1778198750,R_100,546.46
1778198752,R_100,546.43
1778198754,R_100,546.46
1778198756,R_100,546.42
1778198758,R_100,546.29
1778198760,R_100,546.23
1778198762,R_100,546.25
1778198764,R_100,546.29
1778198766,R_100,546.14
1778198768,R_100,546.07
1778198770,R_100,545.99
1778198772,R_100,546.11
1778198774,R_100,546.21
1778198776,R_100,546.27
1778198778,R_100,546.24
1778198780,R_100,546.45
1778198782,R_100,546.41
1778198784,R_100,546.51
1778198786,R_100,546.59
1778198788,R_100,546.6
1778198790,R_100,546.67
1778198792,R_100,546.7
1778198794,R_100,546.66
1778198796,R_100,546.73
1778198798,R_100,546.88
1778198800,R_100,546.89
1778198802,R_100,546.9
1778198804,R_100,546.76
1778198806,R_100,546.6
1778198808,R_100,546.59
1778198810,R_100,546.55
1778198812,R_100,546.71
1778198814,R_100,546.49
1778198816,R_100,546.34
1778198818,R_100,546.46
1778198820,R_100,546.74
1778198822,R_100,546.76
1778198830,R_100,546.43
1778198832,R_100,546.54
1778198834,R_100,546.63
1778198836,R_100,546.71
1778198838,R_100,546.53
1778198840,R_100,546.52
1778198842,R_100,546.26
1778198844,R_100,546.34
1778198846,R_100,546.22
1778198848,R_100,546.15
1778198850,R_100,546.24
1778198852,R_100,545.92
1778198854,R_100,545.73
1778198856,R_100,545.6
1778198858,R_100,545.55
1778198860,R_100,545.65
1778198862,R_100,545.59
1778198864,R_100,545.6
1778198866,R_100,545.65
1778198868,R_100,545.57
1778198870,R_100,545.6
1778198872,R_100,545.49
1778198874,R_100,545.42
1778198876,R_100,545.42
1778198878,R_100,545.33
1778198880,R_100,545.36
1778198882,R_100,545.08
1778198884,R_100,544.87
1778198886,R_100,544.86
1778198888,R_100,544.7
1778198890,R_100,544.65
1778198892,R_100,544.94
1778198894,R_100,544.85
1778198896,R_100,544.88
1778198898,R_100,544.96
1778198900,R_100,544.92
1778198902,R_100,544.72
1778198904,R_100,544.97
1778198906,R_100,545.12
1778198908,R_100,545.13
1778198910,R_100,545.35
1778198912,R_100,545.59
1778198914,R_100,545.8
1778198916,R_100,545.89
1778198918,R_100,545.71
1778198920,R_100,545.68
1778198922,R_100,545.92
1778198924,R_100,545.93
1778198926,R_100,545.78
1778198928,R_100,545.82
1778198930,R_100,545.82
1778198932,R_100,545.81
1778198934,R_100,545.82
1778198936,R_100,545.78
1778198938,R_100,545.76
1778198940,R_100,545.81
1778198942,R_100,545.83
1778198944,R_100,545.82
1778198946,R_100,545.9
1778198948,R_100,545.86
1778198950,R_100,545.82
1778198952,R_100,545.79
1778198954,R_100,546.05
1778198956,R_100,546.25
1778198958,R_100,545.96
1778198960,R_100,545.9
1778198962,R_100,545.64
1778198964,R_100,545.69
1778198966,R_100,545.66
1778198968,R_100,545.48
1778198970,R_100,545.53
1778198972,R_100,545.3
1778198974,R_100,545.17
1778198976,R_100,545.17
1778198978,R_100,545.09
1778198980,R_100,545.19
1778198982,R_100,545.29
1778198984,R_100,545.45
1778198986,R_100,545.67
1778198988,R_100,545.64
1778198990,R_100,545.99
1778198992,R_100,545.79
1778198994,R_100,545.96
1778198996,R_100,545.72
1778198998,R_100,545.94
1778199000,R_100,545.81
1778199002,R_100,545.78
1778199004,R_100,545.71
1778199006,R_100,545.63
1778199008,R_100,545.77
1778199010,R_100,545.84
1778199012,R_100,545.77
1778199014,R_100,545.81
1778199016,R_100,545.95
1778199018,R_100,545.78
1778199020,R_100,545.74
1778199022,R_100,545.83
1778199024,R_100,546.11
1778199026,R_100,546.33
1778199028,R_100,546.3
1778199030,R_100,546.36
1778199032,R_100,546.37
1778199034,R_100,546.27
1778199036,R_100,546.16
1778199038,R_100,546.43
1778199040,R_100,546.47
1778199042,R_100,546.46
1778199044,R_100,546.35
1778199046,R_100,546.29
1778199048,R_100,546.2
1778199050,R_100,546.11
1778199052,R_100,546.1
1778199054,R_100,545.98
1778199056,R_100,545.93
1778199058,R_100,545.77
1778199060,R_100,545.72
1778199062,R_100,545.75
1778199064,R_100,545.75
1778199066,R_100,545.92
1778199068,R_100,545.91
1778199070,R_100,545.96
1778199072,R_100,545.94
1778199074,R_100,545.83
1778199076,R_100,545.74
1778199078,R_100,545.68
1778199080,R_100,545.6
1778199082,R_100,545.6
1778199084,R_100,545.74
1778199086,R_100,545.83
1778199088,R_100,545.98
1778199090,R_100,546.03
1778199092,R_100,545.98
1778199094,R_100,546.07
1778199096,R_100,546
1778199098,R_100,545.82
1778199100,R_100,545.52
1778199102,R_100,545.58
1778199104,R_100,545.5
1778199106,R_100,545.62
1778199108,R_100,545.77
1778199110,R_100,545.67
1778199112,R_100,545.65
1778199114,R_100,545.64
1778199116,R_100,545.52
1778199118,R_100,545.34
1778199120,R_100,545.2
1778199122,R_100,545.37
1778199124,R_100,545.28
1778199126,R_100,545.35
1778199128,R_100,545.53
1778199130,R_100,545.44
1778199132,R_100,545.44
1778199134,R_100,545.63
1778199136,R_100,545.8
1778199138,R_100,545.72
1778199140,R_100,545.57
1778199142,R_100,545.61
1778199144,R_100,545.54
1778199146,R_100,545.44
1778199148,R_100,545.53
1778199150,R_100,545.75
1778199152,R_100,545.84
1778199154,R_100,545.8
1778199156,R_100,545.93
1778199158,R_100,545.95
1778199160,R_100,545.99
1778199162,R_100,546.25
1778199164,R_100,546.11
1778199166,R_100,546.34
1778199168,R_100,546.56
1778199170,R_100,546.63
1778199172,R_100,546.78
1778199174,R_100,546.8
1778199176,R_100,546.84
1778199178,R_100,547.06
1778199180,R_100,547.12
1778199182,R_100,547.09
1778199184,R_100,547.06
1778199186,R_100,546.96
1778199188,R_100,547.07
1778199190,R_100,547.14
1778199192,R_100,547.07
1778199194,R_100,547.18
1778199196,R_100,547.32
1778199198,R_100,547.34
1778199200,R_100,547.33
1778199202,R_100,547.5
1778199204,R_100,547.56
1778199206,R_100,547.33
1778199208,R_100,547.47
1778199210,R_100,547.35
1778199212,R_100,547.42
1778199214,R_100,547.49
1778199216,R_100,547.61
1778199218,R_100,547.56
1778199220,R_100,547.46
1778199222,R_100,547.39
1778199224,R_100,547.26
1778199226,R_100,547.36
1778199228,R_100,547.39
1778199230,R_100,547.55
1778199232,R_100,547.55
1778199234,R_100,547.32
1778199236,R_100,547.09
1778199238,R_100,547.05
1778199240,R_100,547.06
1778199242,R_100,546.82
1778199244,R_100,546.85
1778199246,R_100,546.75
1778199248,R_100,546.82
1778199250,R_100,546.83
1778199252,R_100,546.82
1778199254,R_100,546.86
1778199256,R_100,546.82
1778199258,R_100,546.71
1778199260,R_100,546.79
1778199262,R_100,546.77
1778199264,R_100,546.97
1778199266,R_100,546.91
1778199268,R_100,546.78
1778199270,R_100,546.87
1778199272,R_100,546.88
1778199274,R_100,547.06
1778199276,R_100,547.04
1778199278,R_100,546.96
1778199280,R_100,546.95
1778199282,R_100,546.88
1778199284,R_100,546.78
1778199286,R_100,546.9
1778199288,R_100,546.78
1778199290,R_100,546.85
1778199292,R_100,546.78
1778199294,R_100,546.88
1778199296,R_100,546.81
1778199298,R_100,546.78
1778199300,R_100,546.64
1778199302,R_100,546.65
1778199304,R_100,546.6
1778199306,R_100,546.63
1778199308,R_100,546.57
1778199310,R_100,546.61
1778199312,R_100,546.62
1778199314,R_100,546.7
1778199316,R_100,546.75
1778199318,R_100,546.77
1778199320,R_100,547.18
1778199322,R_100,547.21
1778199324,R_100,547.31
1778199326,R_100,547.37
1778199328,R_100,547.36
1778199330,R_100,547.33
1778199332,R_100,547.17
1778199334,R_100,547.06
1778199336,R_100,547.1
1778199338,R_100,547.26
1778199340,R_100,547.25
1778199342,R_100,547.32
1778199344,R_100,547.29
1778199346,R_100,547.21
1778199348,R_100,547.34
1778199350,R_100,547.33
1778199352,R_100,547.41
1778199354,R_100,547.31
1778199356,R_100,547.49
1778199358,R_100,547.41
1778199360,R_100,547.4
1778199362,R_100,547.57
1778199364,R_100,547.74
1778199366,R_100,547.83
1778199368,R_100,547.97
1778199370,R_100,548.05
1778199372,R_100,547.82
1778199374,R_100,547.89
1778199376,R_100,547.76
1778199378,R_100,547.58
1778199380,R_100,547.55
1778199382,R_100,547.53
1778199384,R_100,547.64
1778199386,R_100,547.86
1778199388,R_100,547.92
1778199390,R_100,548.07
1778199392,R_100,548.04
1778199394,R_100,548.17
1778199396,R_100,548.25
1778199398,R_100,548.34
1778199400,R_100,548.41
1778199402,R_100,548.45
1778199404,R_100,548.56
1778199406,R_100,548.64
1778199408,R_100,548.96
1778199410,R_100,548.73
1778199412,R_100,548.63
1778199414,R_100,548.37
1778199416,R_100,548.25
1778199418,R_100,548.36
1778199420,R_100,548.4
1778199422,R_100,548.33
1778199424,R_100,548.45
1778199426,R_100,548.34
1778199428,R_100,548.25
1778199430,R_100,548.41
1778199432,R_100,548.32
1778199434,R_100,548.32
1778199436,R_100,548.42
1778199438,R_100,548.29
1778199440,R_100,547.97
1778199442,R_100,547.86
1778199444,R_100,547.85
1778199446,R_100,548.01
1778199448,R_100,547.98
1778199450,R_100,548
1778199452,R_100,547.98
1778199454,R_100,548.17
1778199456,R_100,548.18
1778199458,R_100,548.15
1778199460,R_100,548.24
1778199462,R_100,548.13
1778199464,R_100,548.23
1778199466,R_100,548.33
1778199468,R_100,548.08
1778199470,R_100,548.26
1778199472,R_100,548.28
1778199474,R_100,548.4
1778199476,R_100,548.76
1778199478,R_100,548.78
1778199480,R_100,548.47
1778199482,R_100,548.63
1778199484,R_100,548.78
1778199486,R_100,548.75
1778199488,R_100,548.76
1778199490,R_100,548.81
1778199492,R_100,548.91
1778199494,R_100,548.94
1778199496,R_100,548.93
1778199498,R_100,549.02
1778199500,R_100,549.27
1778199502,R_100,549.12
1778199504,R_100,549
1778199506,R_100,548.82
1778199508,R_100,548.7
1778199510,R_100,548.98
1778199512,R_100,548.97
1778199514,R_100,548.99
1778199516,R_100,548.92
1778199518,R_100,548.93
1778199520,R_100,548.79
1778199522,R_100,548.9
1778199524,R_100,548.96
1778199526,R_100,549.23
1778199528,R_100,549.25
1778199530,R_100,549.35
1778199532,R_100,549.21
1778199534,R_100,549.4
1778199536,R_100,549.15
1778199538,R_100,549.12
1778199540,R_100,549.09
1778199542,R_100,549.03
1778199544,R_100,548.93
1778199546,R_100,549.1
1778199548,R_100,549
1778199550,R_100,549.13
1778199552,R_100,548.99
1778199554,R_100,548.89
1778199556,R_100,548.93
1778199558,R_100,548.77
1778199560,R_100,548.68
1778199562,R_100,548.69
1778199564,R_100,548.73
1778199566,R_100,548.58
1778199568,R_100,548.69
1778199570,R_100,548.57
1778199572,R_100,548.48
1778199574,R_100,548.49
1778199576,R_100,548.29
1778199578,R_100,548.27
1778199580,R_100,548.16
1778199582,R_100,548.07
1778199584,R_100,548
1778199586,R_100,548.09
1778199588,R_100,548.23
1778199590,R_100,548.47
1778199592,R_100,548.42
1778199594,R_100,548.27
1778199596,R_100,548.27
1778199598,R_100,548.25
1778199600,R_100,548.27
1778199602,R_100,548.31
1778199604,R_100,548.11
1778199606,R_100,548.03
1778199608,R_100,547.88
1778199610,R_100,547.89
1778199612,R_100,547.84
1778199614,R_100,547.8
1778199616,R_100,547.9
1778199618,R_100,548
1778199620,R_100,547.9
1778199622,R_100,547.78
1778199624,R_100,547.76
1778199626,R_100,547.76
1778199628,R_100,547.61
1778199630,R_100,547.54
1778199632,R_100,547.78
1778199634,R_100,548.01
1778199636,R_100,548.03
1778199638,R_100,548.33
1778199640,R_100,548.49
1778199642,R_100,548.45
1778199644,R_100,548.51
1778199646,R_100,548.17
1778199648,R_100,548.21
1778199650,R_100,548.29
1778199652,R_100,548.41
1778199654,R_100,548.38
1778199656,R_100,548.4
1778199658,R_100,548.55
1778199660,R_100,548.56
1778199662,R_100,548.74
1778199664,R_100,548.91
1778199666,R_100,548.98
1778199668,R_100,549.07
1778199670,R_100,549.3
1778199672,R_100,549.05
1778199674,R_100,549.1
1778199676,R_100,548.96
1778199678,R_100,548.83
1778199680,R_100,548.78
1778199682,R_100,548.91
1778199684,R_100,548.81
1778199686,R_100,548.85
1778199688,R_100,548.75
1778199690,R_100,548.73
1778199692,R_100,548.76
1778199694,R_100,548.74
1778199696,R_100,548.78
1778199698,R_100,548.89
1778199700,R_100,548.85
1778199702,R_100,548.65
1778199704,R_100,548.37
1778199706,R_100,548.21
1778199708,R_100,548.27
1778199710,R_100,548.4
1778199712,R_100,548.37
1778199714,R_100,548.3
1778199716,R_100,548.43
1778199718,R_100,548.21
1778199720,R_100,548.24
1778199722,R_100,548.34
1778199724,R_100,548.32
1778199726,R_100,548.32
1778199728,R_100,548.48
1778199730,R_100,548.42
1778199732,R_100,548.29
1778199734,R_100,547.97
1778199736,R_100,547.99
1778199738,R_100,547.77
1778199740,R_100,547.71
1778199742,R_100,547.75
1778199744,R_100,547.9
1778199746,R_100,548.02
1778199748,R_100,547.9
1778199750,R_100,547.86
1778199752,R_100,547.8
1778199754,R_100,547.8
1778199756,R_100,547.68
1778199758,R_100,547.79
1778199760,R_100,547.76
1778199762,R_100,547.7
1778199764,R_100,547.7
1778199766,R_100,547.75
1778199768,R_100,547.66
1778199770,R_100,547.47
1778199772,R_100,547.74
1778199774,R_100,547.76
1778199776,R_100,547.82
1778199778,R_100,547.66
1778199780,R_100,547.76
1778199782,R_100,547.69
1778199784,R_100,547.8
1778199786,R_100,547.64
1778199788,R_100,547.7
1778199790,R_100,547.72
1778199792,R_100,547.7
1778199794,R_100,547.71
1778199796,R_100,547.71
1778199798,R_100,547.69
1778199800,R_100,547.55
1778199802,R_100,547.78
1778199804,R_100,547.82
1778199806,R_100,548.21
1778199808,R_100,548.27
1778199810,R_100,548.31
1778199812,R_100,548.43
1778199814,R_100,548.25
1778199816,R_100,548.3
1778199818,R_100,548.2
1778199820,R_100,548.34
1778199822,R_100,548.16
1778199824,R_100,548.16
1778199826,R_100,548.17
1778199828,R_100,548.22
1778199830,R_100,548.02
1778199832,R_100,547.82
1778199834,R_100,547.51
1778199836,R_100,547.52
1778199838,R_100,547.57
1778199840,R_100,547.63
1778199842,R_100,547.68
1778199844,R_100,547.9
1778199846,R_100,548.08
1778199848,R_100,548.08
1778199850,R_100,548.12
1778199852,R_100,547.96
1778199854,R_100,547.92
1778199856,R_100,547.78
1778199858,R_100,548
1778199860,R_100,547.91
1778199862,R_100,548.07
1778199864,R_100,547.98
1778199866,R_100,547.95
1778199868,R_100,548.04
1778199870,R_100,548.06
1778199872,R_100,547.84
1778199874,R_100,548.01
1778199876,R_100,547.83
1778199878,R_100,547.83
1778199880,R_100,547.72
1778199882,R_100,547.72
1778199884,R_100,547.58
1778199886,R_100,547.34
1778199888,R_100,547.27
1778199890,R_100,547.14
1778199892,R_100,546.97
1778199894,R_100,546.88
1778199896,R_100,546.85
1778199898,R_100,546.87
1778199900,R_100,546.76
1778199902,R_100,547.03
1778199904,R_100,546.94
1778199906,R_100,546.89
1778199908,R_100,546.8
1778199910,R_100,546.96
1778199912,R_100,547.1
1778199914,R_100,547.25
1778199916,R_100,547.15
1778199918,R_100,547.09
1778199920,R_100,546.96
1778199922,R_100,546.94
1778199924,R_100,546.98
1778199926,R_100,546.97
1778199928,R_100,547.31
1778199930,R_100,547.51
1778199932,R_100,547.61
1778199934,R_100,547.51
1778199936,R_100,547.55
1778199938,R_100,547.37
1778199940,R_100,547.47
1778199942,R_100,547.48
1778199944,R_100,547.44
1778199946,R_100,547.54
1778199948,R_100,547.6
1778199950,R_100,547.71
1778199952,R_100,547.63
1778199954,R_100,547.74
1778199956,R_100,548.05
1778199958,R_100,548.09
1778199960,R_100,548.07
1778199962,R_100,548.22
1778199964,R_100,547.98
1778199966,R_100,548.01
1778199968,R_100,547.74
1778199970,R_100,548.02
1778199972,R_100,548
1778199974,R_100,548.22
1778199976,R_100,548.1
1778199978,R_100,548.12
1778199980,R_100,548.23
1778199982,R_100,548.3
1778199984,R_100,548.33
1778199986,R_100,548.38
1778199988,R_100,548.52
1778199990,R_100,548.8
1778199992,R_100,548.89
1778199994,R_100,548.97
1778199996,R_100,549.2
1778199998,R_100,549.27
1778200000,R_100,549.29
1778200002,R_100,549.3
1778200004,R_100,549.47
1778200006,R_100,549.64
1778200008,R_100,549.74
1778200010,R_100,549.5
1778200012,R_100,549.52
1778200014,R_100,549.57
1778200016,R_100,549.63
1778200018,R_100,549.4
1778200020,R_100,549.45
1778200022,R_100,549.82
1778200024,R_100,549.87
1778200026,R_100,550
1778200028,R_100,550.12
1778200030,R_100,550.15
1778200032,R_100,550.21
1778200034,R_100,550.5
1778200036,R_100,550.46
1778200038,R_100,550.39
1778200040,R_100,550.33
1778200042,R_100,550.19
1778200044,R_100,550.14
1778200046,R_100,550.2
1778200048,R_100,550.24
1778200050,R_100,550.38
1778200052,R_100,550.57
1778200054,R_100,550.57
1778200056,R_100,550.8
1778200058,R_100,550.67
1778200060,R_100,550.82
1778200062,R_100,550.82
1778200064,R_100,550.82
1778200066,R_100,551
1778200068,R_100,550.82
1778200070,R_100,550.91
1778200072,R_100,551.04
1778200074,R_100,550.94
1778200076,R_100,551.09
1778200078,R_100,551.27
1778200080,R_100,551.53
1778200082,R_100,551.43
1778200084,R_100,551.43
1778200086,R_100,551.67
1778200088,R_100,551.62
1778200090,R_100,551.64
1778200092,R_100,551.84
1778200094,R_100,552.05
1778200096,R_100,552.26
1778200098,R_100,552.26
1778200100,R_100,552.23
1778200102,R_100,552.14
1778200104,R_100,552.03
1778200106,R_100,552.24
1778200108,R_100,552.31
1778200110,R_100,551.78
1778200112,R_100,551.59
1778200114,R_100,551.62
1778200116,R_100,551.24
1778200118,R_100,551.19
1778200120,R_100,550.99
1778200122,R_100,551
1778200124,R_100,551
1778200126,R_100,551.12
1778200128,R_100,551.27
1778200130,R_100,551.37
1778200132,R_100,551.41
1778200134,R_100,551.32
1778200136,R_100,551.4
1778200138,R_100,551.52
1778200140,R_100,551.64
1778200142,R_100,551.55
1778200144,R_100,551.31
1778200146,R_100,551.2
1778200148,R_100,551.47
1778200150,R_100,551.24
1778200152,R_100,551.3
1778200154,R_100,551.29
1778200156,R_100,551.05
1778200158,R_100,551.04
1778200160,R_100,550.98
1778200162,R_100,550.86
1778200164,R_100,550.84
1778200166,R_100,550.8
1778200168,R_100,550.76
1778200170,R_100,550.66
1778200172,R_100,550.83
1778200174,R_100,550.55
1778200176,R_100,550.62
1778200178,R_100,550.63
1778200180,R_100,550.81
1778200182,R_100,550.9
1778200184,R_100,550.84
1778200186,R_100,550.85
1778200188,R_100,551.02
1778200190,R_100,551.19
1778200192,R_100,551.14
1778200194,R_100,551.12
1778200196,R_100,551.29
1778200198,R_100,551.46
1778200200,R_100,551.3
1778200202,R_100,551.22
1778200204,R_100,551
1778200206,R_100,550.83
1778200208,R_100,550.85
1778200210,R_100,550.94
1778200212,R_100,550.76
1778200214,R_100,550.73
1778200216,R_100,550.64
1778200218,R_100,550.68
1778200220,R_100,550.93
1778200222,R_100,550.72
1778200224,R_100,550.51
1778200226,R_100,550.4
1778200228,R_100,550.18
1778200230,R_100,550.51
1778200232,R_100,550.81
1778200234,R_100,550.84
1778200236,R_100,550.74
1778200238,R_100,550.93
1778200240,R_100,550.86
1778200242,R_100,550.91
1778200244,R_100,550.85
1778200246,R_100,550.69
1778200248,R_100,550.48
1778200250,R_100,550.39
1778200252,R_100,550.63
1778200254,R_100,550.68
1778200256,R_100,550.91
1778200258,R_100,551.09
1778200260,R_100,551.06
1778200262,R_100,551.09
1778200264,R_100,551.03
1778200266,R_100,551
1778200268,R_100,550.7
1778200270,R_100,550.4
1778200272,R_100,550.45
1778200274,R_100,550.48
1778200276,R_100,550.37
1778200278,R_100,550.36
1778200280,R_100,550.19
1778200282,R_100,550.18
1778200284,R_100,550.07
1778200286,R_100,549.94
1778200288,R_100,549.95
1778200290,R_100,549.96
1778200292,R_100,549.75
1778200294,R_100,549.87
1778200296,R_100,549.67
1778200298,R_100,549.62
1778200300,R_100,549.72
1778200302,R_100,549.36
1778200304,R_100,549.4
1778200306,R_100,549.32
1778200308,R_100,549.38
1778200310,R_100,549.39
1778200312,R_100,549.38
1778200314,R_100,549.41
1778200316,R_100,549.39
1778200318,R_100,549.25
1778200320,R_100,549.25
1778200322,R_100,549.15
1778200324,R_100,548.95
1778200326,R_100,548.9
1778200328,R_100,548.95
1778200330,R_100,548.79
1778200332,R_100,548.7
1778200334,R_100,548.95
1778200336,R_100,549.11
1778200338,R_100,548.94
1778200340,R_100,548.81
1778200342,R_100,548.75
1778200344,R_100,548.82
1778200346,R_100,548.83
1778200348,R_100,548.86
1778200350,R_100,549.04
1778200352,R_100,548.9
1778200354,R_100,548.92
1778200356,R_100,549.07
1778200358,R_100,549.24
1778200360,R_100,549.41
1778200362,R_100,549.46
1778200364,R_100,549.55
1778200366,R_100,549.53
1778200368,R_100,549.36
1778200370,R_100,549.07
1778200372,R_100,548.93
1778200374,R_100,548.85
1778200376,R_100,548.86
1778200378,R_100,548.97
1778200380,R_100,549.15
1778200382,R_100,549.02
1778200384,R_100,548.92
1778200386,R_100,548.96
1778200388,R_100,548.84
1778200390,R_100,548.85
1778200392,R_100,548.89
1778200394,R_100,549.01
1778200396,R_100,549
1778200398,R_100,548.89
1778200400,R_100,548.98
1778200402,R_100,549.05
1778200404,R_100,548.86
1778200406,R_100,548.69
1778200408,R_100,548.9
1778200410,R_100,548.64
1778200412,R_100,548.34
1778200414,R_100,548.26
1778200416,R_100,548.01
1778200418,R_100,548.04
1778200420,R_100,548
1778200422,R_100,547.88
1778200424,R_100,547.89
1778200426,R_100,548.11
1778200428,R_100,548.32
1778200430,R_100,548.04
1778200432,R_100,547.94
1778200434,R_100,548.12
1778200436,R_100,548.26
1778200438,R_100,548.39
1778200440,R_100,548.37
1778200442,R_100,548.47
1778200444,R_100,548.42
1778200446,R_100,548.33
1778200448,R_100,548.46
1778200450,R_100,548.48
1778200452,R_100,548.65
1778200454,R_100,548.54
1778200456,R_100,548.58
1778200458,R_100,548.64
1778200460,R_100,548.77
1778200462,R_100,548.65
1778200464,R_100,548.58
1778200466,R_100,548.59
1778200468,R_100,548.64
1778200470,R_100,548.72
1778200472,R_100,548.71
1778200474,R_100,548.66
1778200476,R_100,548.57
1778200478,R_100,548.6
1778200480,R_100,548.47
1778200482,R_100,548.5
1778200484,R_100,548.54
1778200486,R_100,548.29
1778200488,R_100,548.23
1778200490,R_100,548.07
1778200492,R_100,548.11
1778200494,R_100,548.08
1778200496,R_100,548.09
1778200498,R_100,548.43
1778200500,R_100,548.55
1778200502,R_100,548.66
1778200504,R_100,548.66
1778200506,R_100,548.68
1778200508,R_100,548.6
1778200510,R_100,548.69
1778200512,R_100,549.1
1778200514,R_100,549.07
1778200516,R_100,549.14
1778200518,R_100,549.18
1778200520,R_100,549.29
1778200522,R_100,549.28
1778200524,R_100,549.58
1778200526,R_100,549.6
1778200528,R_100,549.58
1778200530,R_100,549.34
1778200532,R_100,549.48
1778200534,R_100,549.86
1778200536,R_100,549.86
1778200538,R_100,549.79
1778200540,R_100,549.65
1778200542,R_100,549.83
1778200544,R_100,549.8
1778200546,R_100,549.75
1778200548,R_100,549.68
1778200550,R_100,549.67
1778200552,R_100,549.54
1778200554,R_100,549.56
1778200556,R_100,549.96
1778200558,R_100,549.94
1778200560,R_100,550
1778200562,R_100,549.95
1778200564,R_100,549.92
1778200566,R_100,549.96
1778200568,R_100,550.01
1778200570,R_100,550.12
1778200572,R_100,550.12
1778200574,R_100,550.13
1778200576,R_100,550.06
1778200578,R_100,550.04
1778200580,R_100,549.91
1778200582,R_100,550.02
1778200584,R_100,549.87
1778200586,R_100,549.79
1778200588,R_100,549.9
1778200590,R_100,549.83
1778200592,R_100,549.67
1778200594,R_100,549.75
1778200596,R_100,549.65
1778200598,R_100,549.47
1778200600,R_100,549.23
1778200602,R_100,549.02
1778200604,R_100,549.14
1778200606,R_100,548.79
1778200608,R_100,548.66
1778200610,R_100,548.75
1778200612,R_100,548.87
1778200614,R_100,548.83
1778200616,R_100,548.8
1778200618,R_100,548.92
1778200620,R_100,548.79
1778200622,R_100,548.75
1778200624,R_100,548.78
1778200626,R_100,549.06
1778200628,R_100,549.04
1778200630,R_100,549.02
1778200632,R_100,549.03
1778200634,R_100,548.79
1778200636,R_100,548.82
1778200638,R_100,548.63
1778200640,R_100,548.6
1778200642,R_100,548.68
1778200644,R_100,548.74
1778200646,R_100,548.5
1778200648,R_100,548.67
1778200650,R_100,548.93
1778200652,R_100,548.72
1778200654,R_100,548.43
1778200656,R_100,548.13
1778200658,R_100,548.25
1778200660,R_100,548.26
1778200662,R_100,548.39
1778200664,R_100,548.47
1778200666,R_100,548.38
1778200668,R_100,548.13
1778200670,R_100,548.36
1778200672,R_100,548.35
1778200674,R_100,548.17
1778200676,R_100,548.2
1778200678,R_100,548.14
1778200680,R_100,547.92
1778200682,R_100,548.07
1778200684,R_100,548.23
1778200686,R_100,548.18
1778200688,R_100,548.25
1778200690,R_100,548.17
1778200692,R_100,548.23
1778200694,R_100,548.25
1778200696,R_100,548.34
1778200698,R_100,548.28
1778200700,R_100,548.28
1778200702,R_100,548.27
1778200704,R_100,548.27
1778200706,R_100,548.31
1778200708,R_100,548.25
1778200710,R_100,548.17
1778200712,R_100,548.31
1778200714,R_100,548.36
1778200716,R_100,548.3
1778200718,R_100,548.3
1778200720,R_100,548.05
1778200722,R_100,548.17
1778200724,R_100,548.17
1778200726,R_100,548.24
1778200728,R_100,548.32
1778200730,R_100,548.37
1778200732,R_100,548.36
1778200734,R_100,548.31
1778200736,R_100,548.28
1778200738,R_100,548.06
1778200740,R_100,548.09
1778200742,R_100,548.1
1778200744,R_100,548.3
1778200746,R_100,548.29
1778200748,R_100,548.19
1778200750,R_100,548.06
1778200752,R_100,548
1778200754,R_100,548.08
1778200756,R_100,548.11
1778200758,R_100,548.11
1778200760,R_100,548.02
1778200762,R_100,548.28
1778200764,R_100,547.98
1778200766,R_100,548.07
1778200768,R_100,548.13
1778200770,R_100,548.03
1778200772,R_100,548.07
1778200774,R_100,548.17
1778200776,R_100,548.17
1778200778,R_100,548.11
1778200780,R_100,548.23
1778200782,R_100,548.28
1778200784,R_100,548.23
1778200786,R_100,548.22
1778200788,R_100,548.11
1778200790,R_100,548.38
1778200792,R_100,548.59
1778200794,R_100,548.53
1778200796,R_100,548.53
1778200798,R_100,548.6
1778200800,R_100,548.5
1778200802,R_100,548.13
1778200804,R_100,548.18
1778200806,R_100,548.12
1778200808,R_100,547.98
1778200810,R_100,547.91
1778200812,R_100,547.93
1778200814,R_100,547.98
1778200816,R_100,548.2
1778200818,R_100,548.14
1778200820,R_100,548.03
1778200822,R_100,548.01
1778200824,R_100,548.07
1778200826,R_100,547.99
1778200828,R_100,548
1778200830,R_100,548.16
1778200832,R_100,548.19
1778200834,R_100,548.25
1778200836,R_100,548.42
1778200838,R_100,548.59
1778200840,R_100,548.87
1778200842,R_100,548.93
1778200844,R_100,548.89
1778200846,R_100,549
1778200848,R_100,549.26
1778200850,R_100,549.12
1778200852,R_100,549.38
1778200854,R_100,549.5
1778200856,R_100,549.41
1778200858,R_100,549.54
1778200860,R_100,549.53
1778200862,R_100,549.52
1778200864,R_100,549.61
1778200866,R_100,549.36
1778200868,R_100,549.03
1778200870,R_100,548.84
1778200872,R_100,548.9
1778200874,R_100,549.04
1778200876,R_100,549.15
1778200878,R_100,549.14
1778200880,R_100,549.12
1778200882,R_100,549.18
1778200884,R_100,549.14
1778200886,R_100,549.14
1778200888,R_100,549.14
1778200890,R_100,549.18
1778200892,R_100,549.48
1778200894,R_100,549.22
1778200896,R_100,549.18
1778200898,R_100,549.15
1778200900,R_100,549.08
1778200902,R_100,549
1778200904,R_100,548.96
1778200906,R_100,548.82
1778200908,R_100,548.72
1778200910,R_100,548.81
1778200912,R_100,548.66
1778200914,R_100,548.62
1778200916,R_100,548.58
1778200918,R_100,548.64
1778200920,R_100,548.81
1778200922,R_100,548.92
1778200924,R_100,548.91
1778200926,R_100,548.75
1778200928,R_100,548.7
1778200930,R_100,548.64
1778200932,R_100,548.64
1778200934,R_100,548.5
1778200936,R_100,548.55
1778200938,R_100,548.49
1778200940,R_100,548.22
1778200942,R_100,548.22
1778200944,R_100,548.39
1778200946,R_100,548.5
1778200948,R_100,548.27
1778200950,R_100,548.12
1778200952,R_100,548.29
1778200954,R_100,548.33
1778200956,R_100,548.3
1778200958,R_100,548.41
1778200960,R_100,548.44
1778200962,R_100,548.28
1778200964,R_100,548.3
1778200966,R_100,548.07
1778200968,R_100,548.36
1778200970,R_100,548.41
1778200972,R_100,548.44
1778200974,R_100,548.54
1778200976,R_100,548.96
1778200978,R_100,548.7
1778200980,R_100,549.14
1778200982,R_100,549.15
1778200984,R_100,548.82
1778200986,R_100,548.86
1778200988,R_100,548.9
1778200990,R_100,549.01
1778200992,R_100,549.09
1778200994,R_100,548.93
1778200996,R_100,549.16
1778200998,R_100,549.22
1778201000,R_100,549.06
1778201002,R_100,549.1
1778201004,R_100,549.5
1778201006,R_100,549.46
1778201008,R_100,549.34
1778201010,R_100,549.3
1778201012,R_100,549.42
1778201014,R_100,549.42
1778201016,R_100,549.31
1778201018,R_100,548.96
1778201020,R_100,548.95
1778201022,R_100,548.96
1778201024,R_100,549.22
1778201026,R_100,549.13
1778201028,R_100,549.09
1778201030,R_100,549.34
1778201032,R_100,549.29
1778201034,R_100,549.5
1778201036,R_100,549.65
1778201038,R_100,549.58
1778201040,R_100,549.42
1778201042,R_100,549.49
1778201044,R_100,549.45
1778201046,R_100,549.58
1778201048,R_100,549.49
1778201050,R_100,549.63
1778201052,R_100,549.58
1778201054,R_100,549.43
1778201056,R_100,549.63
1778201058,R_100,549.62
1778201060,R_100,549.59
1778201062,R_100,549.46
1778201064,R_100,549.43
1778201066,R_100,549.49
1778201068,R_100,549.37
1778201070,R_100,549.52
1778201072,R_100,549.38
1778201074,R_100,549.34
1778201076,R_100,549.49
1778201078,R_100,549.65
1778201080,R_100,549.39
1778201082,R_100,549.46
1778201084,R_100,549.41
1778201086,R_100,549.12
1778201088,R_100,549.11
1778201090,R_100,549.11
1778201092,R_100,549.27
1778201094,R_100,549.28
1778201096,R_100,549.03
1778201098,R_100,548.91
1778201100,R_100,548.93
1778201102,R_100,548.94
1778201104,R_100,548.85
1778201106,R_100,548.8
1778201108,R_100,548.67
1778201110,R_100,548.67
1778201112,R_100,548.73
1778201114,R_100,549.1
1778201116,R_100,548.99
1778201118,R_100,548.92
1778201120,R_100,548.74
1778201122,R_100,548.73
1778201124,R_100,548.83
1778201126,R_100,548.76
1778201128,R_100,548.71
1778201130,R_100,548.55
1778201132,R_100,548.61
1778201134,R_100,548.52
1778201136,R_100,548.54
1778201138,R_100,548.68
1778201140,R_100,548.72
1778201142,R_100,548.64
1778201144,R_100,548.5
1778201146,R_100,548.74
1778201148,R_100,548.71
1778201150,R_100,548.73
1778201152,R_100,548.66
1778201154,R_100,548.67
1778201156,R_100,548.57
1778201158,R_100,548.39
1778201160,R_100,548.45
1778201162,R_100,548.75
1778201164,R_100,548.65
1778201166,R_100,548.57
1778201168,R_100,548.67
1778201170,R_100,548.67
1778201172,R_100,548.66
1778201174,R_100,548.87
1778201176,R_100,548.97
1778201178,R_100,548.91
1778201180,R_100,548.87
1778201182,R_100,548.85
1778201184,R_100,548.94
1778201186,R_100,548.74
1778201188,R_100,548.95
1778201190,R_100,548.99
1778201192,R_100,549.15
1778201194,R_100,549.24
1778201196,R_100,549.11
1778201198,R_100,549.28
1778201200,R_100,549.05
1778201202,R_100,548.94
1778201204,R_100,548.73
1778201206,R_100,548.56
1778201208,R_100,548.48
1778201210,R_100,548.51
1778201212,R_100,548.39
1778201214,R_100,548.31
1778201216,R_100,548.29
1778201218,R_100,548.43
1778201220,R_100,548.52
1778201222,R_100,548.42
1778201224,R_100,548.52
1778201226,R_100,548.55
1778201228,R_100,548.7
1778201230,R_100,548.77
1778201232,R_100,548.61
1778201234,R_100,548.48
1778201236,R_100,548.51
1778201238,R_100,548.48
1778201240,R_100,548.75
1778201242,R_100,548.87
1778201244,R_100,548.76
1778201246,R_100,548.63
1778201248,R_100,548.23
1778201250,R_100,548.18
1778201252,R_100,548.4
1778201254,R_100,548.36
1778201256,R_100,548.46
1778201258,R_100,548.61
1778201260,R_100,548.65
1778201262,R_100,548.83
1778201264,R_100,548.9
1778201266,R_100,549
1778201268,R_100,549.09
1778201270,R_100,548.93
1778201272,R_100,548.89
1778201274,R_100,548.74
1778201276,R_100,548.77
1778201278,R_100,549.08
1778201280,R_100,548.99
1778201282,R_100,549.01
1778201284,R_100,549.22
1778201286,R_100,549.32
1778201288,R_100,549.4
1778201290,R_100,549.45
1778201292,R_100,549.67
1778201294,R_100,549.51
1778201296,R_100,549.56
1778201298,R_100,549.69
1778201300,R_100,549.61
1778201302,R_100,549.89
1778201304,R_100,549.8
1778201306,R_100,550.03
1778201308,R_100,549.78
1778201310,R_100,549.82
1778201312,R_100,549.75
1778201314,R_100,549.89
1778201316,R_100,549.94
1778201318,R_100,549.7
1778201320,R_100,549.57
1778201322,R_100,549.55
1778201324,R_100,549.61
1778201326,R_100,549.63
1778201328,R_100,549.38
1778201330,R_100,549.46
1778201332,R_100,549.46
1778201334,R_100,549.42
1778201336,R_100,549.32
1778201338,R_100,549.55
1778201340,R_100,549.53
1778201342,R_100,549.52
1778201344,R_100,549.41
1778201346,R_100,549.56
1778201348,R_100,549.27
1778201350,R_100,549.36
1778201352,R_100,549.71
1778201354,R_100,549.64
1778201356,R_100,549.63
1778201358,R_100,549.34
1778201360,R_100,549.39
1778201362,R_100,549.3
1778201364,R_100,549.48
1778201366,R_100,549.61
1778201368,R_100,549.63
1778201370,R_100,549.49
1778201372,R_100,549.61
1778201374,R_100,549.78
1778201376,R_100,549.68
1778201378,R_100,549.75
1778201380,R_100,549.69
1778201382,R_100,549.8
1778201384,R_100,549.85
1778201386,R_100,549.74
1778201388,R_100,549.86
1778201390,R_100,549.89
1778201392,R_100,549.76
1778201394,R_100,549.74
1778201396,R_100,549.72
1778201398,R_100,549.36
1778201400,R_100,549.65
1778201402,R_100,549.51
1778201404,R_100,549.48
1778201406,R_100,549.59
1778201408,R_100,549.49
1778201410,R_100,549.36
1778201412,R_100,549.29
1778201414,R_100,549.32
1778201416,R_100,549.49
1778201418,R_100,549.47
1778201420,R_100,549.4
1778201422,R_100,549.37
1778201424,R_100,549.41
1778201426,R_100,549.44
1778201428,R_100,549.54
1778201430,R_100,549.45
1778201432,R_100,549.5
1778201434,R_100,549.42
1778201436,R_100,549.44
1778201438,R_100,549.68
1778201440,R_100,549.76
1778201442,R_100,549.71
1778201444,R_100,549.72
1778201446,R_100,549.82
1778201448,R_100,550.04
1778201450,R_100,549.82
1778201452,R_100,549.74
1778201454,R_100,549.97
1778201456,R_100,550.16
1778201458,R_100,550.48
1778201460,R_100,550.51
1778201462,R_100,550.51
1778201464,R_100,550.76
1778201466,R_100,550.68
1778201468,R_100,550.71
1778201470,R_100,550.59
1778201472,R_100,550.78
1778201474,R_100,550.77
1778201476,R_100,550.89
1778201478,R_100,551.11
1778201480,R_100,551.24
1778201482,R_100,551.08
1778201484,R_100,551.14
1778201486,R_100,551.12
1778201488,R_100,551.22
1778201490,R_100,551.09
1778201492,R_100,551.23
1778201494,R_100,551.36
1778201496,R_100,551.54
1778201498,R_100,551.47
1778201500,R_100,551.71
1778201502,R_100,551.48
1778201504,R_100,551.53
1778201506,R_100,551.4
1778201508,R_100,551.33
1778201510,R_100,551.3
1778201512,R_100,551.11
1778201514,R_100,550.91
1778201516,R_100,550.57
1778201518,R_100,550.4
1778201520,R_100,550.52
1778201522,R_100,550.28
1778201524,R_100,550.37
1778201526,R_100,550.53
1778201528,R_100,550.54
1778201530,R_100,550.5
1778201532,R_100,550.64
1778201534,R_100,550.66
1778201536,R_100,550.58
1778201538,R_100,550.79
1778201540,R_100,550.99
1778201542,R_100,551.03
1778201544,R_100,551.13
1778201546,R_100,551.25
1778201548,R_100,551.28
1778201550,R_100,551.43
1778201552,R_100,551.29
1778201554,R_100,551.26
1778201556,R_100,551.35
1778201558,R_100,551.3
1778201560,R_100,551.21
1778201562,R_100,551.06
1778201564,R_100,551.1
1778201566,R_100,550.86
1778201568,R_100,550.91
1778201570,R_100,550.89
1778201572,R_100,551.06
1778201574,R_100,551.08
1778201576,R_100,551.16
1778201578,R_100,551.09
1778201580,R_100,550.94
1778201582,R_100,550.89
1778201584,R_100,550.66
1778201586,R_100,550.59
1778201588,R_100,550.38
1778201590,R_100,550.3
1778201592,R_100,550.46
1778201594,R_100,550.5
1778201596,R_100,550.38
1778201598,R_100,550.55
1778201600,R_100,550.36
1778201602,R_100,550.26
1778201604,R_100,550.28
1778201606,R_100,550.42
1778201608,R_100,550.22
1778201610,R_100,550.42
1778201612,R_100,550.36
1778201614,R_100,550.38
1778201616,R_100,550.34
1778201618,R_100,550.29
1778201620,R_100,550.25
1778201622,R_100,550.15
1778201624,R_100,550.26
1778201626,R_100,550.25
1778201628,R_100,550.28
1778201630,R_100,550.28
1778201632,R_100,550.35
1778201634,R_100,550.25
1778201636,R_100,550.12
1778201638,R_100,550.03
1778201640,R_100,549.82
1778201642,R_100,549.67
1778201644,R_100,549.75
1778201646,R_100,549.59
1778201648,R_100,549.42
1778201650,R_100,549.59
1778201652,R_100,549.74
1778201654,R_100,549.66
1778201656,R_100,549.97
1778201658,R_100,550.04
1778201660,R_100,549.92
1778201662,R_100,549.96
1778201664,R_100,549.83
1778201666,R_100,549.96
1778201668,R_100,550.17
1778201670,R_100,550.03
1778201672,R_100,550.14
1778201674,R_100,549.99
1778201676,R_100,549.89
1778201678,R_100,549.79
1778201680,R_100,549.75
1778201682,R_100,549.82
1778201684,R_100,549.73
1778201686,R_100,549.62
1778201688,R_100,549.77
1778201690,R_100,549.83
1778201692,R_100,549.96
1778201694,R_100,549.97
1778201696,R_100,550.14
1778201698,R_100,550.39
1778201700,R_100,550.4
1778201702,R_100,550.42
1778201704,R_100,550.54
1778201706,R_100,550.45
1778201708,R_100,550.45
1778201710,R_100,550.39
1778201712,R_100,550.43
1778201714,R_100,550.33
1778201716,R_100,550.14
1778201718,R_100,549.99
1778201720,R_100,549.67
1778201722,R_100,549.87
1778201724,R_100,550.02
1778201726,R_100,550.01
1778201728,R_100,550.16
1778201730,R_100,550.2
1778201732,R_100,550.16
1778201734,R_100,550.06
1778201736,R_100,549.88
1778201738,R_100,549.9
1778201740,R_100,550.11
1778201742,R_100,549.91
1778201744,R_100,549.81
1778201746,R_100,549.8
1778201748,R_100,549.77
1778201750,R_100,549.73
1778201752,R_100,549.69
1778201754,R_100,549.59
1778201756,R_100,549.44
1778201758,R_100,549.33
1778201760,R_100,549.1
1778201762,R_100,549.28
1778201764,R_100,549.29
1778201766,R_100,549.6
1778201768,R_100,549.72
1778201770,R_100,549.81
1778201772,R_100,549.98
1778201774,R_100,549.82
1778201776,R_100,549.93
1778201778,R_100,550.05
1778201780,R_100,549.79
1778201782,R_100,549.9
1778201784,R_100,549.93
1778201786,R_100,550
1778201788,R_100,549.96
1778201790,R_100,549.93
1778201792,R_100,549.93
1778201794,R_100,549.98
1778201796,R_100,549.97
1778201798,R_100,549.81
1778201800,R_100,549.75
1778201802,R_100,549.74
1778201804,R_100,549.66
1778201806,R_100,549.7
1778201808,R_100,549.75
1778201810,R_100,549.77
1778201812,R_100,549.67
1778201814,R_100,549.73
1778201816,R_100,549.65
1778201818,R_100,549.89
1778201820,R_100,549.8
1778201822,R_100,549.58
1778201824,R_100,549.49
1778201826,R_100,549.36
1778201828,R_100,549.5
1778201830,R_100,549.54
1778201832,R_100,549.56
1778201834,R_100,549.61
1778201836,R_100,549.92
1778201838,R_100,549.73
1778201840,R_100,549.74
1778201842,R_100,549.87
1778201844,R_100,549.96
1778201846,R_100,550.06
1778201848,R_100,550.13
1778201850,R_100,549.95
1778201852,R_100,549.87
1778201854,R_100,549.95
1778201856,R_100,549.88
1778201858,R_100,549.95
1778201860,R_100,549.93
1778201862,R_100,549.83
1778201864,R_100,549.92
1778201866,R_100,549.9
1778201868,R_100,550.3
1778201870,R_100,550.4
1778201872,R_100,550.68
1778201874,R_100,550.55
1778201876,R_100,550.27
1778201878,R_100,550.27
1778201880,R_100,550.24
1778201882,R_100,550.29
1778201884,R_100,550.18
1778201886,R_100,550.2
1778201888,R_100,550.25
1778201890,R_100,549.91
1778201892,R_100,550.22
1778201894,R_100,550.5
1778201896,R_100,550.58
1778201898,R_100,550.49
1778201900,R_100,550.57
1778201902,R_100,550.5
1778201904,R_100,550.47
1778201906,R_100,550.49
1778201908,R_100,550.79
1778201910,R_100,550.73
1778201912,R_100,550.7
1778201914,R_100,550.7
1778201916,R_100,550.84
1778201918,R_100,550.89
1778201920,R_100,550.73
1778201922,R_100,550.45
1778201924,R_100,550.3
1778201926,R_100,550.33
1778201928,R_100,550.14
1778201930,R_100,550.16
1778201932,R_100,550.05
1778201934,R_100,549.96
1778201936,R_100,549.93
1778201938,R_100,549.78
1778201940,R_100,549.74
1778201942,R_100,549.72
1778201944,R_100,549.94
1778201946,R_100,550.29
1778201948,R_100,550.31
1778201950,R_100,550.33
1778201952,R_100,550.44
1778201954,R_100,550.53
1778201956,R_100,550.49
1778201958,R_100,550.17
1778201960,R_100,550.16
1778201962,R_100,550.02
1778201964,R_100,549.86
1778201966,R_100,549.71
1778201968,R_100,549.85
1778201970,R_100,549.95
1778201972,R_100,549.78
1778201974,R_100,549.66
1778201976,R_100,549.76
1778201978,R_100,549.73
1778201980,R_100,549.66
1778201982,R_100,549.69
1778201984,R_100,549.9
1778201986,R_100,550.02
1778201988,R_100,549.95
1778201990,R_100,549.84
1778201992,R_100,549.64
1778201994,R_100,549.47
1778201996,R_100,549.27
1778201998,R_100,549.22
1778202000,R_100,549.19
1778202002,R_100,549.18
1778202004,R_100,549.29
1778202006,R_100,549.29
1778202008,R_100,549.3
1778202010,R_100,549.4
1778202012,R_100,549.16
1778202014,R_100,549.26
1778202016,R_100,549.12
1778202018,R_100,549.15
1778202020,R_100,549.16
1778202022,R_100,549.2
1778202024,R_100,549.34
1778202026,R_100,549.35
1778202028,R_100,549.45
1778202030,R_100,549.32
1778202032,R_100,549.39
1778202034,R_100,549.53
1778202036,R_100,549.5
1778202038,R_100,549.59
1778202040,R_100,549.76
1778202042,R_100,549.73
1778202044,R_100,550.01
1778202046,R_100,550.01
1778202048,R_100,550.07
1778202050,R_100,550.31
1778202052,R_100,550.07
1778202054,R_100,550.15
1778202056,R_100,550.03
1778202058,R_100,550.06
1778202060,R_100,549.98
1778202062,R_100,550
1778202064,R_100,550.05
1778202066,R_100,550
1778202068,R_100,550.02
1778202070,R_100,549.89
1778202072,R_100,549.88
1778202074,R_100,549.89
1778202076,R_100,549.83
1778202078,R_100,549.54
1778202080,R_100,549.47
1778202082,R_100,549.46
1778202084,R_100,549.59
1778202086,R_100,549.49
1778202088,R_100,549.42
1778202090,R_100,549.33
1778202092,R_100,549.32
1778202094,R_100,549.55
1778202096,R_100,549.53
1778202098,R_100,549.6
1778202100,R_100,549.55
1778202102,R_100,549.17
1778202104,R_100,549.28
1778202106,R_100,549.11
1778202108,R_100,549.15
1778202110,R_100,549.18
1778202112,R_100,549.14
1778202114,R_100,549.17
1778202116,R_100,549.25
1778202118,R_100,549.34
1778202120,R_100,549.32
1778202122,R_100,549.24
1778202124,R_100,549.26
1778202126,R_100,549.1
1778202128,R_100,549.2
1778202130,R_100,549.16
1778202132,R_100,549.05
1778202134,R_100,548.8
1778202136,R_100,548.89
1778202138,R_100,548.9
1778202140,R_100,548.9
1778202142,R_100,548.75
1778202144,R_100,548.98
1778202146,R_100,548.64
1778202148,R_100,548.87
1778202150,R_100,548.81
1778202152,R_100,548.8
1778202154,R_100,548.7
1778202156,R_100,548.62
1778202158,R_100,548.36
1778202160,R_100,548.24
1778202162,R_100,548.24
1778202164,R_100,548.17
1778202166,R_100,548.01
1778202168,R_100,547.9
1778202170,R_100,547.7
1778202172,R_100,547.93
1778202174,R_100,547.85
1778202176,R_100,547.74
1778202178,R_100,547.9
1778202180,R_100,547.97
1778202182,R_100,548.11
1778202184,R_100,547.89
1778202186,R_100,548
1778202188,R_100,548
1778202190,R_100,547.92
1778202192,R_100,547.97
1778202194,R_100,548.09
1778202196,R_100,548.06
1778202198,R_100,548
1778202200,R_100,547.97
1778202202,R_100,548
1778202204,R_100,548
1778202206,R_100,547.85
1778202208,R_100,547.67
1778202210,R_100,547.9
1778202212,R_100,548.03
1778202214,R_100,547.91
1778202216,R_100,548.03
1778202218,R_100,548.4
1778202220,R_100,548.55
1778202222,R_100,548.48
1778202224,R_100,548.42
1778202226,R_100,548.12
1778202228,R_100,548.25
1778202230,R_100,548.34
1778202232,R_100,548.13
1778202234,R_100,547.91
1778202236,R_100,548.09
1778202238,R_100,548
1778202240,R_100,547.77
1778202242,R_100,547.67
1778202244,R_100,547.63
1778202246,R_100,547.79
1778202248,R_100,547.87
1778202250,R_100,547.73
1778202252,R_100,547.84
1778202254,R_100,547.82
1778202256,R_100,547.88
1778202258,R_100,547.88
1778202260,R_100,547.94
1778202262,R_100,547.88
1778202264,R_100,547.99
1778202266,R_100,548.12
1778202268,R_100,548.17
1778202270,R_100,548.14
1778202272,R_100,548.12
1778202274,R_100,548.07
1778202276,R_100,548.36
1778202278,R_100,548.17
1778202280,R_100,548.21
1778202282,R_100,548.09
1778202284,R_100,548.24
1778202286,R_100,548.39
1778202288,R_100,548.5
1778202290,R_100,548.43
1778202292,R_100,548.45
1778202294,R_100,548.54
1778202296,R_100,548.84
1778202298,R_100,548.97
1778202300,R_100,549
1778202302,R_100,548.97
1778202304,R_100,549.03
1778202306,R_100,549.11
1778202308,R_100,549.21
1778202310,R_100,548.97
1778202312,R_100,548.97
1778202314,R_100,549.02
1778202316,R_100,549.15
1778202318,R_100,548.85
1778202320,R_100,548.96
1778202322,R_100,548.94
1778202324,R_100,548.74
1778202326,R_100,548.89
1778202328,R_100,549
1778202330,R_100,549.06
1778202332,R_100,548.9
1778202334,R_100,549.01
1778202336,R_100,548.95
1778202338,R_100,549.11
1778202340,R_100,549.28
1778202342,R_100,549.2
1778202344,R_100,549.28
1778202346,R_100,549.24
1778202348,R_100,549.26
1778202350,R_100,549.15
1778202352,R_100,548.99
1778202354,R_100,548.94
1778202356,R_100,548.99
1778202358,R_100,548.98
1778202360,R_100,548.91
1778202362,R_100,549.23
1778202364,R_100,549.22
1778202366,R_100,549.2
1778202368,R_100,549.19
1778202370,R_100,549.01
1778202372,R_100,549.13
1778202374,R_100,548.91
1778202376,R_100,549.09
1778202378,R_100,549.15
1778202380,R_100,549.27
1778202382,R_100,549.29
1778202384,R_100,549.17
1778202386,R_100,549.05
1778202388,R_100,548.99
1778202390,R_100,549.08
1778202392,R_100,548.93
1778202394,R_100,549.03
1778202396,R_100,549
1778202398,R_100,549.04
1778202400,R_100,549.29
1778202402,R_100,549.39
1778202404,R_100,549.25
1778202406,R_100,549.28
1778202408,R_100,549.27
1778202410,R_100,549.32
1778202412,R_100,549.39
1778202414,R_100,549.2
1778202416,R_100,549.11
1778202418,R_100,548.95
1778202420,R_100,549.06
1778202422,R_100,549.13
1778202424,R_100,549.36
1778202426,R_100,549.39
1778202428,R_100,549.47
1778202430,R_100,549.22
1778202432,R_100,549.2
1778202434,R_100,549.19
1778202436,R_100,549.12
1778202438,R_100,549.08
1778202440,R_100,549.03
1778202442,R_100,549.08
1778202444,R_100,549.01
1778202446,R_100,549.05
1778202448,R_100,549.08
1778202450,R_100,549.23
1778202452,R_100,549.03
1778202454,R_100,549.08
1778202456,R_100,549
1778202458,R_100,548.88
1778202460,R_100,548.92
1778202462,R_100,548.96
1778202464,R_100,549.01
1778202466,R_100,549.1
1778202468,R_100,548.84
1778202470,R_100,548.87
1778202472,R_100,549.19
1778202474,R_100,549.2
1778202476,R_100,549.38
1778202478,R_100,549.33
1778202480,R_100,549.27
1778202482,R_100,548.97
1778202484,R_100,548.79
1778202486,R_100,548.96
1778202488,R_100,548.81
1778202490,R_100,548.99
1778202492,R_100,548.76
1778202494,R_100,548.79
1778202496,R_100,548.94
1778202498,R_100,548.85
1778202500,R_100,548.77
1778202502,R_100,548.85
1778202504,R_100,548.73
1778202506,R_100,548.78
1778202508,R_100,548.72
1778202510,R_100,548.54
1778202512,R_100,548.56
1778202514,R_100,548.55
1778202516,R_100,548.76
1778202518,R_100,548.74
1778202520,R_100,548.78
1778202522,R_100,548.75
1778202524,R_100,548.89
1778202526,R_100,548.88
1778202528,R_100,548.95
1778202530,R_100,548.74
1778202532,R_100,548.5
1778202534,R_100,548.72
1778202536,R_100,548.74
1778202538,R_100,548.87
1778202540,R_100,548.7
1778202542,R_100,548.79
1778202544,R_100,548.46
1778202546,R_100,548.62
1778202548,R_100,548.68
1778202550,R_100,548.72
1778202552,R_100,548.72
1778202554,R_100,548.66
1778202556,R_100,548.66
1778202558,R_100,548.79
1778202560,R_100,548.59
1778202562,R_100,548.69
1778202564,R_100,548.45
1778202566,R_100,548.38
1778202568,R_100,548.33
1778202570,R_100,548.43
1778202572,R_100,548.33
1778202574,R_100,548.2
1778202576,R_100,548.06
1778202578,R_100,548.24
1778202580,R_100,548.12
1778202582,R_100,548.18
1778202584,R_100,548.52
1778202586,R_100,548.59
1778202588,R_100,548.53
1778202590,R_100,548.35
1778202592,R_100,548.31
1778202594,R_100,548.35
1778202596,R_100,548.57
1778202598,R_100,548.44
1778202600,R_100,548.49
1778202602,R_100,548.41
1778202604,R_100,548.45
1778202606,R_100,548.32
1778202608,R_100,548.54
1778202610,R_100,548.63
1778202612,R_100,548.7
1778202614,R_100,548.83
1778202616,R_100,548.71
1778202618,R_100,548.55
1778202620,R_100,548.56
1778202622,R_100,548.66
1778202624,R_100,548.47
1778202626,R_100,548.37
1778202628,R_100,548.38
1778202630,R_100,548.3
1778202632,R_100,548.46
1778202634,R_100,548.53
1778202636,R_100,548.31
1778202638,R_100,548.21
1778202640,R_100,548.47
1778202642,R_100,548.24
1778202644,R_100,548.34
1778202646,R_100,548.47
1778202648,R_100,548.5
1778202650,R_100,548.4
1778202652,R_100,548.04
1778202654,R_100,547.94
1778202656,R_100,547.86
1778202658,R_100,547.77
1778202660,R_100,547.72
1778202662,R_100,547.89
1778202664,R_100,548.25
1778202666,R_100,548.15
1778202668,R_100,548.14
1778202670,R_100,547.98
1778202672,R_100,548.07
1778202674,R_100,548.09
1778202676,R_100,547.97
1778202678,R_100,547.82
1778202680,R_100,547.95
1778202682,R_100,547.79
1778202684,R_100,547.67
1778202686,R_100,547.54
1778202688,R_100,547.46
1778202690,R_100,547.59
1778202692,R_100,547.77
1778202694,R_100,547.81
1778202696,R_100,547.75
1778202698,R_100,547.81
1778202700,R_100,547.54
1778202702,R_100,547.65
1778202704,R_100,547.47
1778202706,R_100,547.41
1778202708,R_100,547.71
1778202710,R_100,547.68
1778202712,R_100,547.78
1778202714,R_100,547.46
1778202716,R_100,547.64
1778202718,R_100,547.49
1778202720,R_100,547.52
1778202722,R_100,547.79
1778202724,R_100,547.85
1778202726,R_100,547.78
1778202728,R_100,547.8
1778202730,R_100,547.54
1778202732,R_100,547.73
1778202734,R_100,547.9
1778202736,R_100,547.74
1778202738,R_100,547.59
1778202740,R_100,547.6
1778202742,R_100,547.45
1778202744,R_100,547.6
1778202746,R_100,547.77
1778202748,R_100,547.97
1778202750,R_100,547.94
1778202752,R_100,548.18
1778202754,R_100,548.16
1778202756,R_100,548.16
1778202758,R_100,548.34
1778202760,R_100,548.45
1778202762,R_100,548.55
1778202764,R_100,548.8
1778202766,R_100,548.79
1778202768,R_100,548.74
1778202770,R_100,548.54
1778202772,R_100,548.9
1778202774,R_100,549.13
1778202776,R_100,549.27
1778202778,R_100,549.3
1778202780,R_100,549.33
1778202782,R_100,549.28
1778202784,R_100,549.57
1778202786,R_100,549.46
1778202788,R_100,549.47
1778202790,R_100,549.64
1778202792,R_100,549.57
1778202794,R_100,549.34
1778202796,R_100,549.13
1778202798,R_100,549.05
1778202800,R_100,549.17
1778202802,R_100,549.16
1778202804,R_100,548.94
1778202806,R_100,548.75
1778202808,R_100,548.58
1778202810,R_100,548.66
1778202812,R_100,548.63
1778202814,R_100,548.7
1778202816,R_100,548.57
1778202818,R_100,548.68
1778202820,R_100,548.49
1778202822,R_100,548.54
1778202824,R_100,548.38
1778202826,R_100,548.43
1778202828,R_100,548.22
1778202830,R_100,548.3
1778202832,R_100,548.33
1778202834,R_100,548.49
1778202836,R_100,548.45
1778202838,R_100,548.48
1778202840,R_100,548.5
1778202842,R_100,548.37
1778202844,R_100,548.21
1778202846,R_100,548.08
1778202848,R_100,548.14
1778202850,R_100,548.23
1778202852,R_100,548.32
1778202854,R_100,548.38
1778202856,R_100,548.37
1778202858,R_100,548.32
1778202860,R_100,548.32
1778202862,R_100,548.33
1778202864,R_100,548.38
1778202866,R_100,548.39
1778202868,R_100,548.59
1778202870,R_100,548.65
1778202872,R_100,548.45
1778202874,R_100,548.38
1778202876,R_100,548.21
1778202878,R_100,548.29
1778202880,R_100,548.46
1778202882,R_100,548.41
1778202884,R_100,548.36
1778202886,R_100,548.54
1778202888,R_100,548.56
1778202890,R_100,548.44
1778202892,R_100,548.58
1778202894,R_100,548.57
1778202896,R_100,548.43
1778202898,R_100,548.41
1778202900,R_100,548.51
1778202902,R_100,548.45
1778202904,R_100,548.67
1778202906,R_100,548.75
1778202908,R_100,548.86
1778202910,R_100,548.92
1778202912,R_100,549.17
1778202914,R_100,549.11
1778202916,R_100,548.97
1778202918,R_100,548.69
1778202920,R_100,548.82
1778202922,R_100,548.74
1778202924,R_100,548.91
1778202926,R_100,548.92
1778202928,R_100,548.85
1778202930,R_100,548.99
1778202932,R_100,549.23
1778202934,R_100,549.19
1778202936,R_100,549.23
1778202938,R_100,549.28
1778202940,R_100,549.35
1778202942,R_100,549.55
1778202944,R_100,549.21
1778202946,R_100,549.18
1778202948,R_100,548.99
1778202950,R_100,548.97
1778202952,R_100,548.91
1778202954,R_100,548.79
1778202956,R_100,548.81
1778202958,R_100,548.88
1778202960,R_100,548.95
1778202962,R_100,548.97
1778202964,R_100,548.95
1778202966,R_100,548.99
1778202968,R_100,548.92
1778202970,R_100,548.79
1778202972,R_100,548.86
1778202974,R_100,549.09
1778202976,R_100,549.18
1778202978,R_100,549.33
1778202980,R_100,549.71
1778202982,R_100,549.69
1778202984,R_100,549.4
1778202986,R_100,549.58
1778202988,R_100,549.45
1778202990,R_100,549.37
1778202992,R_100,549.2
1778202994,R_100,549.21
1778202996,R_100,549.12
1778202998,R_100,549.32
1778203000,R_100,549.14
1778203002,R_100,549.35
1778203004,R_100,549.21
1778203006,R_100,549.16
1778203008,R_100,549.04
1778203010,R_100,549.42
1778203012,R_100,549.51
1778203014,R_100,549.68
1778203016,R_100,549.68
1778203018,R_100,549.64
1778203020,R_100,549.31
1778203022,R_100,549.34
1778203024,R_100,549.12
1778203026,R_100,549.18
1778203028,R_100,549.37
1778203030,R_100,549.28
1778203032,R_100,549.22
1778203034,R_100,549.17
1778203036,R_100,548.93
1778203038,R_100,549.13
1778203040,R_100,549
1778203042,R_100,548.84
1778203044,R_100,548.55
1778203046,R_100,548.44
1778203048,R_100,548.29
1778203050,R_100,548.34
1778203052,R_100,548.44
1778203054,R_100,548.15
1778203056,R_100,548.16
1778203058,R_100,548.23
1778203060,R_100,548.4
1778203062,R_100,548.62
1778203064,R_100,548.72
1778203066,R_100,548.63
1778203068,R_100,548.53
1778203070,R_100,548.54
1778203072,R_100,548.36
1778203074,R_100,548.49
1778203076,R_100,548.57
1778203078,R_100,548.6
1778203080,R_100,548.23
1778203082,R_100,547.98
1778203084,R_100,547.84
1778203086,R_100,547.94
1778203088,R_100,548.21
1778203090,R_100,548.37
1778203092,R_100,548.37
1778203094,R_100,548.36
1778203096,R_100,548.33
1778203098,R_100,548.48
1778203100,R_100,548.55
1778203102,R_100,548.52
1778203104,R_100,548.47
1778203106,R_100,548.56
1778203108,R_100,548.77
1778203110,R_100,548.73
1778203112,R_100,548.79
1778203114,R_100,548.99
1778203116,R_100,549.1
1778203118,R_100,548.99
1778203120,R_100,548.9
1778203122,R_100,548.78
1778203124,R_100,548.91
1778203126,R_100,548.81
1778203128,R_100,548.87
1778203130,R_100,548.79
1778203132,R_100,548.85
1778203134,R_100,548.8
1778203136,R_100,549.01
1778203138,R_100,549.23
1778203140,R_100,549.08
1778203142,R_100,548.81
1778203144,R_100,548.78
1778203146,R_100,548.58
1778203148,R_100,548.79
1778203150,R_100,548.97
1778203152,R_100,548.83
1778203154,R_100,548.84
1778203156,R_100,548.95
1778203158,R_100,548.73
1778203160,R_100,548.84
1778203162,R_100,548.76
1778203164,R_100,548.94
1778203166,R_100,548.84
1778203168,R_100,548.86
1778203170,R_100,548.73
1778203172,R_100,548.79
1778203174,R_100,549.12
1778203176,R_100,548.95
1778203178,R_100,549.04
1778203180,R_100,549.01
1778203182,R_100,549.11
1778203184,R_100,549.35
1778203186,R_100,549.41
1778203188,R_100,549.45
1778203190,R_100,549.54
1778203192,R_100,549.36
1778203194,R_100,549.15
1778203196,R_100,549.22
1778203198,R_100,549.13
1778203200,R_100,548.9
1778203202,R_100,549.1
1778203204,R_100,549.18
1778203206,R_100,549.13
1778203208,R_100,549.12
1778203210,R_100,548.87
1778203212,R_100,548.71
1778203214,R_100,548.85
1778203216,R_100,548.94
1778203218,R_100,548.81
1778203220,R_100,548.62
1778203222,R_100,548.54
1778203224,R_100,548.41
1778203226,R_100,548.2
1778203228,R_100,548.43
1778203230,R_100,548.63
1778203232,R_100,548.62
1778203234,R_100,548.7
1778203236,R_100,548.3
1778203238,R_100,548.26
1778203240,R_100,548.05
1778203242,R_100,548.07
1778203244,R_100,548.18
1778203246,R_100,548.01
1778203248,R_100,547.9
1778203250,R_100,547.9
1778203252,R_100,548.04
1778203254,R_100,547.94
1778203256,R_100,548.07
1778203258,R_100,548.05
1778203260,R_100,547.64
1778203262,R_100,547.72
1778203264,R_100,547.48
1778203266,R_100,547.44
1778203268,R_100,547.36
1778203270,R_100,547.34
1778203272,R_100,547.2
1778203274,R_100,547.33
1778203276,R_100,547.26
1778203278,R_100,547.15
1778203280,R_100,546.89
1778203282,R_100,547.08
1778203284,R_100,547.14
1778203286,R_100,547.11
1778203288,R_100,547.13
1778203290,R_100,547.16
1778203292,R_100,547
1778203294,R_100,547.13
1778203296,R_100,547.13
1778203298,R_100,547.34
1778203300,R_100,547.55
1778203302,R_100,547.42
1778203304,R_100,547.38
1778203306,R_100,547.23
1778203308,R_100,547.36
1778203310,R_100,547.37
1778203312,R_100,547.47
1778203314,R_100,547.38
1778203316,R_100,547.54
1778203318,R_100,547.61
1778203320,R_100,547.6
1778203322,R_100,547.58
1778203324,R_100,547.38
1778203326,R_100,547.35
1778203328,R_100,547.36
1778203330,R_100,547.36
1778203332,R_100,547.25
1778203334,R_100,547.34
1778203336,R_100,547.37
1778203338,R_100,547.46
1778203340,R_100,547.58
1778203342,R_100,547.62
1778203344,R_100,547.74
1778203346,R_100,547.65
1778203348,R_100,547.74
1778203350,R_100,547.73
1778203352,R_100,548
1778203354,R_100,548.05
1778203356,R_100,548.12
1778203358,R_100,548.12
1778203360,R_100,548.25
1778203362,R_100,548.08
1778203364,R_100,548.04
1778203366,R_100,548.02
1778203368,R_100,547.93
1778203370,R_100,547.77
1778203372,R_100,547.66
1778203374,R_100,547.7
1778203376,R_100,547.55
1778203378,R_100,547.46
1778203380,R_100,547.46
1778203382,R_100,547.4
1778203384,R_100,547.33
1778203386,R_100,547.49
1778203388,R_100,547.43
1778203390,R_100,547.4
1778203392,R_100,547.6
1778203394,R_100,547.78
1778203396,R_100,547.77
1778203398,R_100,548.06
1778203400,R_100,548.09
1778203402,R_100,548.02
1778203404,R_100,547.94
1778203406,R_100,547.94
1778203408,R_100,547.79
1778203410,R_100,547.88
1778203412,R_100,547.87
1778203414,R_100,547.89
1778203416,R_100,548.08
1778203418,R_100,548.16
1778203420,R_100,548.18
1778203422,R_100,548.07
1778203424,R_100,548.18
1778203426,R_100,548.03
1778203428,R_100,547.93
1778203430,R_100,547.77
1778203432,R_100,547.89
1778203434,R_100,547.84
1778203436,R_100,547.98
1778203438,R_100,547.85
1778203440,R_100,547.79
1778203442,R_100,547.62
1778203444,R_100,547.74
1778203446,R_100,547.96
1778203448,R_100,547.98
1778203450,R_100,548.15
1778203452,R_100,548.11
1778203454,R_100,548.11
1778203456,R_100,548.31
1778203458,R_100,548.31
1778203460,R_100,548.11
1778203462,R_100,548.2
1778203464,R_100,548.21
1778203466,R_100,548.18
1778203468,R_100,548.27
1778203470,R_100,548.17
1778203472,R_100,548.08
1778203474,R_100,548.12
1778203476,R_100,548.06
1778203478,R_100,547.99
1778203480,R_100,547.91
1778203482,R_100,548.11
1778203484,R_100,548.02
1778203486,R_100,548.14
1778203488,R_100,548.19
1778203490,R_100,548.42
1778203492,R_100,548.65
1778203494,R_100,548.47
1778203496,R_100,548.54
1778203498,R_100,548.27
1778203500,R_100,548.22
1778203502,R_100,547.97
1778203504,R_100,548.04
1778203506,R_100,548.25
1778203508,R_100,548.26
1778203510,R_100,548.05
1778203512,R_100,547.94
1778203514,R_100,547.9
1778203516,R_100,547.77
1778203518,R_100,547.68
1778203520,R_100,547.78
1778203522,R_100,547.65
1778203524,R_100,547.72
1778203526,R_100,547.64
1778203528,R_100,547.3
1778203530,R_100,547.55
1778203532,R_100,547.47
1778203534,R_100,547.65
1778203536,R_100,547.68
1778203538,R_100,548.03
1778203540,R_100,548.13
1778203542,R_100,548.39
1778203544,R_100,547.95
1778203546,R_100,547.92
1778203548,R_100,547.98
1778203550,R_100,547.79
1778203552,R_100,548.04
1778203554,R_100,547.92
1778203556,R_100,548.12
1778203558,R_100,548.21
1778203560,R_100,548.37
1778203562,R_100,548.56
1778203564,R_100,548.63
1778203566,R_100,548.71
1778203568,R_100,548.92
1778203570,R_100,548.94
1778203572,R_100,548.78
1778203574,R_100,548.98
1778203576,R_100,549.17
1778203578,R_100,549.02
1778203580,R_100,549.08
1778203582,R_100,549.12
1778203584,R_100,549.18
1778203586,R_100,549.2
1778203588,R_100,549.3
1778203590,R_100,549.02
1778203592,R_100,549.12
1778203594,R_100,549
1778203596,R_100,549.08
1778203598,R_100,549.09
1778203600,R_100,549.03
1778203602,R_100,549.05
1778203604,R_100,548.9
1778203606,R_100,548.92
1778203608,R_100,548.66
1778203610,R_100,548.62
1778203612,R_100,548.65
1778203614,R_100,548.73
1778203616,R_100,548.7
1778203618,R_100,548.75
1778203620,R_100,548.91
1778203622,R_100,548.93
1778203624,R_100,549.42
1778203626,R_100,549.55
1778203628,R_100,549.69
1778203630,R_100,549.8
1778203632,R_100,550.02
1778203634,R_100,549.86
1778203636,R_100,549.99
1778203638,R_100,550.27
1778203640,R_100,550
1778203642,R_100,549.7
1778203644,R_100,549.88
1778203646,R_100,549.77
1778203648,R_100,549.93
1778203650,R_100,549.65
1778203652,R_100,549.82
1778203654,R_100,549.87
1778203656,R_100,549.97
1778203658,R_100,549.86
1778203660,R_100,550.01
1778203662,R_100,550.11
1778203664,R_100,549.94
1778203666,R_100,549.99
1778203668,R_100,550.06
1778203670,R_100,550.01
1778203672,R_100,550.05
1778203674,R_100,550.15
1778203676,R_100,550.3
1778203678,R_100,550.15
1778203680,R_100,550.1
1778203682,R_100,550.24
1778203684,R_100,550.41
1778203686,R_100,550.2
1778203688,R_100,550.26
1778203690,R_100,550.3
1778203692,R_100,550.14
1778203694,R_100,550.06
1778203696,R_100,550.07
1778203698,R_100,550
1778203700,R_100,549.96
1778203702,R_100,549.92
1778203704,R_100,549.88
1778203706,R_100,549.8
1778203708,R_100,549.81
1778203710,R_100,549.99
1778203712,R_100,550.13
1778203714,R_100,550.08
1778203716,R_100,549.72
1778203718,R_100,549.54
1778203720,R_100,549.56
1778203722,R_100,549.69
1778203724,R_100,549.79
1778203726,R_100,549.76
1778203728,R_100,549.48
1778203730,R_100,549.54
1778203732,R_100,549.61
1778203734,R_100,549.36
1778203736,R_100,549.35
1778203738,R_100,549.33
1778203740,R_100,549.32
1778203742,R_100,549.57
1778203744,R_100,549.4
1778203746,R_100,549.34
1778203748,R_100,549.4
1778203750,R_100,549.54
1778203752,R_100,549.58
1778203754,R_100,549.77
1778203756,R_100,549.82
1778203758,R_100,549.7
1778203760,R_100,549.86
1778203762,R_100,549.83
1778203764,R_100,549.97
1778203766,R_100,550.44
1778203768,R_100,550.69
1778203770,R_100,550.61
1778203772,R_100,550.74
1778203774,R_100,550.74
1778203776,R_100,550.84
1778203778,R_100,550.81
1778203780,R_100,550.56
1778203782,R_100,550.54
1778203784,R_100,550.59
1778203786,R_100,550.67
1778203788,R_100,550.75
1778203790,R_100,550.64
1778203792,R_100,550.49
1778203794,R_100,550.63
1778203796,R_100,550.67
1778203798,R_100,550.48
1778203800,R_100,550.56
1778203802,R_100,550.58
1778203804,R_100,550.57
1778203806,R_100,550.33
1778203808,R_100,550.27
1778203810,R_100,550.39
1778203812,R_100,550.28
1778203814,R_100,550.36
1778203816,R_100,550.43
1778203818,R_100,550.48
1778203820,R_100,550.5
1778203822,R_100,550.63
1778203824,R_100,550.76
1778203826,R_100,550.88
1778203828,R_100,551.08
1778203830,R_100,551.35
1778203832,R_100,551.59
1778203834,R_100,551.27
1778203836,R_100,551.19
1778203838,R_100,551.32
1778203840,R_100,551.5
1778203842,R_100,551.43
1778203844,R_100,551.39
1778203846,R_100,551.25
1778203848,R_100,551.3
1778203850,R_100,551.66
1778203852,R_100,551.78
1778203854,R_100,551.75
1778203856,R_100,551.68
1778203858,R_100,551.49
1778203860,R_100,551.42
1778203862,R_100,551.37
1778203864,R_100,551.16
1778203866,R_100,551.25
1778203868,R_100,551.27
1778203870,R_100,551.2
1778203872,R_100,551.33
1778203874,R_100,551.51
1778203876,R_100,551.36
1778203878,R_100,551.65
1778203880,R_100,551.52
1778203882,R_100,551.46
1778203884,R_100,551.27
1778203886,R_100,551.62
1778203888,R_100,551.41
1778203890,R_100,551.39
1778203892,R_100,551.36
1778203894,R_100,551.29
1778203896,R_100,551.41
1778203898,R_100,551.53
1778203900,R_100,551.53
1778203902,R_100,551.59
1778203904,R_100,551.36
1778203906,R_100,551.52
1778203908,R_100,551.68
1778203910,R_100,551.52
1778203912,R_100,551.59
1778203914,R_100,551.92
1778203916,R_100,551.93
1778203918,R_100,551.9
1778203920,R_100,551.85
1778203922,R_100,551.64
1778203924,R_100,551.9
1778203926,R_100,551.86
1778203928,R_100,551.9
1778203930,R_100,551.95
1778203932,R_100,551.75
1778203934,R_100,551.79
1778203936,R_100,551.69
1778203938,R_100,551.67
1778203940,R_100,551.72
1778203942,R_100,551.67
1778203944,R_100,551.86
1778203946,R_100,551.75
1778203948,R_100,551.95
1778203950,R_100,551.82
1778203952,R_100,551.71
1778203954,R_100,551.5
1778203956,R_100,551.54
1778203958,R_100,551.52
1778203960,R_100,551.6
1778203962,R_100,551.65
1778203964,R_100,551.8
1778203966,R_100,551.72
1778203968,R_100,551.52
1778203970,R_100,551.83
1778203972,R_100,552.07
1778203974,R_100,552.07
1778203976,R_100,552.2
1778203978,R_100,552.05
1778203980,R_100,551.84
1778203982,R_100,551.69
1778203984,R_100,551.78
1778203986,R_100,551.84
1778203988,R_100,551.86
1778203990,R_100,551.94
1778203992,R_100,551.97
1778203994,R_100,552
1778203996,R_100,551.88
1778203998,R_100,551.88
1778204000,R_100,551.53
1778204002,R_100,551.62
1778204004,R_100,551.57
1778204006,R_100,551.5
1778204008,R_100,551.31
1778204010,R_100,551.33
1778204012,R_100,551.43
1778204014,R_100,551.27
1778204016,R_100,551.22
1778204018,R_100,551.11
1778204020,R_100,551.02
1778204022,R_100,550.91
1778204024,R_100,550.73
1778204026,R_100,550.74
1778204028,R_100,550.68
1778204030,R_100,550.61
1778204032,R_100,550.5
1778204034,R_100,550.53
1778204036,R_100,550.43
1778204038,R_100,550.33
1778204040,R_100,550.43
1778204042,R_100,550.68
1778204044,R_100,550.71
1778204046,R_100,550.74
1778204048,R_100,550.73
1778204050,R_100,550.56
1778204052,R_100,550.62
1778204054,R_100,550.62
1778204056,R_100,550.86
1778204058,R_100,550.97
1778204060,R_100,551.15
1778204062,R_100,550.97
1778204064,R_100,550.91
1778204066,R_100,550.85
1778204068,R_100,550.98
1778204070,R_100,550.85
1778204072,R_100,550.76
1778204074,R_100,550.94
1778204076,R_100,550.86
1778204078,R_100,551.21
1778204080,R_100,551.35
1778204082,R_100,551.36
1778204084,R_100,551.28
1778204086,R_100,551.24
1778204088,R_100,551.5
1778204090,R_100,551.53
1778204092,R_100,551.41
1778204094,R_100,551.55
1778204096,R_100,551.63
1778204098,R_100,551.56
1778204100,R_100,551.62
1778204102,R_100,551.48
1778204104,R_100,551.43
1778204106,R_100,551.65
1778204108,R_100,551.87
1778204110,R_100,551.76
1778204112,R_100,551.71
1778204114,R_100,551.76
1778204116,R_100,551.86
1778204118,R_100,551.76
1778204120,R_100,551.95
1778204122,R_100,551.91
1778204124,R_100,552.09
1778204126,R_100,552.07
1778204128,R_100,551.9
1778204130,R_100,552.08
1778204132,R_100,552.26
1778204134,R_100,552.05
1778204136,R_100,552.02
1778204138,R_100,552.13
1778204140,R_100,552.04
1778204142,R_100,552.07
1778204144,R_100,551.94
1778204146,R_100,551.84
1778204148,R_100,551.81
1778204150,R_100,551.71
1778204152,R_100,551.75
1778204154,R_100,551.71
1778204156,R_100,551.6
1778204158,R_100,551.51
1778204160,R_100,551.85
1778204162,R_100,551.8
1778204164,R_100,552
1778204166,R_100,552.05
1778204168,R_100,552.23
1778204170,R_100,552.17
1778204172,R_100,552.22
1778204174,R_100,552.13
1778204176,R_100,552.04
1778204178,R_100,551.88
1778204180,R_100,552.04
1778204182,R_100,552.08
1778204184,R_100,552.1
1778204186,R_100,551.95
1778204188,R_100,551.97
1778204190,R_100,552.09
1778204192,R_100,552.15
1778204194,R_100,552.07
1778204196,R_100,552.38
1778204198,R_100,552.41
1778204200,R_100,552.34
1778204202,R_100,552.45
1778204204,R_100,552.5
1778204206,R_100,552.38
1778204208,R_100,552.65
1778204210,R_100,552.64
1778204212,R_100,552.37
1778204214,R_100,552.45
1778204216,R_100,552.63
1778204218,R_100,552.57
1778204220,R_100,552.4
1778204222,R_100,552.35
1778204224,R_100,552.42
1778204226,R_100,552.25
1778204228,R_100,552.11
1778204230,R_100,551.99
1778204232,R_100,551.89
1778204234,R_100,552.17
1778204236,R_100,552.04
1778204238,R_100,552.08
1778204240,R_100,552.08
1778204242,R_100,552.19
1778204244,R_100,552.27
1778204246,R_100,552.22
1778204248,R_100,552.3
1778204250,R_100,552.24
1778204252,R_100,552.29
1778204254,R_100,552.28
1778204256,R_100,552.38
1778204258,R_100,552.41
1778204260,R_100,552.48
1778204262,R_100,552.42
1778204264,R_100,552.44
1778204266,R_100,552.59
1778204268,R_100,552.44
1778204270,R_100,552.25
1778204272,R_100,552.37
1778204274,R_100,552.45
1778204276,R_100,552.27
1778204278,R_100,552.18
1778204280,R_100,552.42
1778204282,R_100,552.39
1778204284,R_100,552.39
1778204286,R_100,552.42
1778204288,R_100,552.21
1778204290,R_100,552.09
1778204292,R_100,552.14
1778204294,R_100,551.96
1778204296,R_100,551.84
1778204298,R_100,551.92
1778204300,R_100,551.96
1778204302,R_100,551.86
1778204304,R_100,551.54
1778204306,R_100,551.54
1778204308,R_100,551.42
1778204310,R_100,551.23
1778204312,R_100,551.24
1778204314,R_100,551.41
1778204316,R_100,551.48
1778204318,R_100,551.63
1778204320,R_100,551.8
1778204322,R_100,551.9
1778204324,R_100,552.02
1778204326,R_100,551.83
1778204328,R_100,551.82
1778204330,R_100,551.83
1778204332,R_100,551.8
1778204334,R_100,551.82
1778204336,R_100,551.78
1778204338,R_100,551.87
1778204340,R_100,551.94
1778204342,R_100,551.82
1778204344,R_100,551.85
1778204346,R_100,551.66
1778204348,R_100,551.72
1778204350,R_100,551.48
1778204352,R_100,551.55
1778204354,R_100,551.6
1778204356,R_100,551.54
1778204358,R_100,551.56
1778204360,R_100,551.72
1778204362,R_100,551.56
1778204364,R_100,551.31
1778204366,R_100,551.36
1778204368,R_100,551.34
1778204370,R_100,551.35
1778204372,R_100,551.3
1778204374,R_100,551.5
1778204376,R_100,551.53
1778204378,R_100,551.34
1778204380,R_100,551.21
1778204382,R_100,551.33
1778204384,R_100,551.56
1778204386,R_100,551.27
1778204388,R_100,551.2
1778204390,R_100,551.52
1778204392,R_100,551.26
1778204394,R_100,551.39
1778204396,R_100,551.35
1778204398,R_100,551.28
1778204400,R_100,551.24
1778204402,R_100,551.15
1778204404,R_100,551.07
1778204406,R_100,550.88
1778204408,R_100,550.82
1778204410,R_100,550.93
1778204412,R_100,550.98
1778204414,R_100,550.58
1778204416,R_100,550.36
1778204418,R_100,550.46
1778204420,R_100,550.51
1778204422,R_100,550.41
1778204424,R_100,550.46
1778204426,R_100,550.45
1778204428,R_100,550.35
1778204430,R_100,550.38
1778204432,R_100,550.45
1778204434,R_100,550.25
1778204436,R_100,550.42
1778204438,R_100,550.74
1778204440,R_100,550.79
1778204442,R_100,550.72
1778204444,R_100,550.87
1778204446,R_100,551.22
1778204448,R_100,551.03
1778204450,R_100,550.94
1778204452,R_100,550.88
1778204454,R_100,550.82
1778204456,R_100,550.74
1778204458,R_100,550.91
1778204460,R_100,551.14
1778204462,R_100,551.23
1778204464,R_100,551.04
1778204466,R_100,550.9
1778204468,R_100,550.74
1778204470,R_100,550.6
1778204472,R_100,550.42
1778204474,R_100,550.58
1778204476,R_100,550.48
1778204478,R_100,550.43
1778204480,R_100,550.54
1778204482,R_100,550.48
1778204484,R_100,550.21
1778204486,R_100,550.15
1778204488,R_100,549.9
1778204490,R_100,549.81
1778204492,R_100,549.97
1778204494,R_100,549.87
1778204496,R_100,549.82
1778204498,R_100,550
1778204500,R_100,549.92
1778204502,R_100,550.17
1778204504,R_100,550.26
1778204506,R_100,550.08
1778204508,R_100,550.22
1778204510,R_100,550.37
1778204512,R_100,550.25
1778204514,R_100,550.41
1778204516,R_100,550.38
1778204518,R_100,550.68
1778204520,R_100,550.58
1778204522,R_100,550.39
1778204524,R_100,550.5
1778204526,R_100,550.36
1778204528,R_100,550.31
1778204530,R_100,550.23
1778204532,R_100,550.03
1778204534,R_100,550.11
1778204536,R_100,550.15
1778204538,R_100,550.19
1778204540,R_100,550.12
1778204542,R_100,550.25
1778204544,R_100,550.26
1778204546,R_100,550.18
1778204548,R_100,550.11
1778204550,R_100,550.32
1778204552,R_100,550.36
1778204554,R_100,550.48
1778204556,R_100,550.51
1778204558,R_100,550.53
1778204560,R_100,550.56
1778204562,R_100,550.42
1778204564,R_100,550.51
1778204566,R_100,550.4
1778204568,R_100,550.49
1778204570,R_100,550.4
1778204572,R_100,550.3
1778204574,R_100,550.39
1778204576,R_100,550.41
1778204578,R_100,550.4
1778204580,R_100,550.38
1778204582,R_100,550.46
1778204584,R_100,550.28
1778204586,R_100,550.31
1778204588,R_100,550.23
1778204590,R_100,550.34
1778204592,R_100,550.48
1778204594,R_100,550.44
1778204596,R_100,550.2
1778204598,R_100,550.29
1778204600,R_100,550.34
1778204602,R_100,550.2
1778204604,R_100,550.25
1778204606,R_100,550.15
1778204608,R_100,550.24
1778204610,R_100,550.4
1778204612,R_100,550.25
1778204614,R_100,550.06
1778204616,R_100,550.2
1778204618,R_100,550.22
1778204620,R_100,550.42
1778204622,R_100,550.09
1778204624,R_100,550.04
1778204626,R_100,550.05
1778204628,R_100,549.92
1778204630,R_100,549.82
1778204632,R_100,549.99
1778204634,R_100,549.92
1778204636,R_100,549.87
1778204638,R_100,550.06
1778204640,R_100,550.05
1778204642,R_100,550.12
1778204644,R_100,549.88
1778204646,R_100,549.68
1778204648,R_100,549.44
1778204650,R_100,549.57
1778204652,R_100,549.39
1778204654,R_100,549.54
1778204656,R_100,549.47
1778204658,R_100,549.62
1778204660,R_100,549.57
1778204662,R_100,549.59
1778204664,R_100,549.73
1778204666,R_100,549.83
1778204668,R_100,549.97
1778204670,R_100,549.96
1778204672,R_100,550.02
1778204674,R_100,550.01
1778204676,R_100,549.74
1778204678,R_100,549.62
1778204680,R_100,549.62
1778204682,R_100,549.67
1778204684,R_100,549.71
1778204686,R_100,549.83
1778204688,R_100,549.85
1778204690,R_100,550.1
1778204692,R_100,550.52
1778204694,R_100,550.57
1778204696,R_100,550.48
1778204698,R_100,550.35
1778204700,R_100,550.41
1778204702,R_100,550.56
1778204704,R_100,550.69
1778204706,R_100,550.75
1778204708,R_100,550.85
1778204710,R_100,550.68
1778204712,R_100,550.62
1778204714,R_100,550.7
1778204716,R_100,550.71
1778204718,R_100,550.58
1778204720,R_100,550.74
1778204722,R_100,550.72
1778204724,R_100,550.77
1778204726,R_100,550.8
1778204728,R_100,550.86
1778204730,R_100,551.04
1778204732,R_100,551.04
1778204734,R_100,551.1
1778204736,R_100,551.07
1778204738,R_100,551
1778204740,R_100,551.07
1778204742,R_100,550.94
1778204744,R_100,550.89
1778204746,R_100,551.03
1778204748,R_100,550.89
1778204750,R_100,550.69
1778204752,R_100,550.88
1778204754,R_100,550.98
1778204756,R_100,550.98
1778204758,R_100,550.91
1778204760,R_100,551.13
1778204762,R_100,551.15
1778204764,R_100,551.03
1778204766,R_100,551.07
1778204768,R_100,550.89
1778204770,R_100,550.77
1778204772,R_100,550.69
1778204774,R_100,550.78
1778204776,R_100,550.76
1778204778,R_100,550.87
1778204780,R_100,550.88
1778204782,R_100,551.05
1778204784,R_100,551.22
1778204786,R_100,551.24
1778204788,R_100,551.18
1778204790,R_100,551.11
1778204792,R_100,551.29
1778204794,R_100,551.15
1778204796,R_100,551.16
1778204798,R_100,551.22
1778204800,R_100,551.14
1778204802,R_100,551.21
1778204804,R_100,551.04
1778204806,R_100,551.17
1778204808,R_100,551
1778204810,R_100,550.91
1778204812,R_100,551.16
1778204814,R_100,551.17
1778204816,R_100,551.19
1778204818,R_100,551.43
1778204820,R_100,551.53
1778204822,R_100,551.52
1778204824,R_100,551.44
1778204826,R_100,551.28
1778204828,R_100,551.19
1778204830,R_100,551.14
1778204832,R_100,551.03
1778204834,R_100,550.94
1778204836,R_100,550.73
1778204838,R_100,550.37
1778204840,R_100,550.63
1778204842,R_100,550.36
1778204844,R_100,550.22
1778204846,R_100,550.2
1778204848,R_100,550.24
1778204850,R_100,550.41
1778204852,R_100,550.51
1778204854,R_100,550.17
1778204856,R_100,550.25
1778204858,R_100,550.41
1778204860,R_100,550.55
1778204862,R_100,550.35
1778204864,R_100,550.24
1778204866,R_100,550.1
1778204868,R_100,550.14
1778204870,R_100,550.15
1778204872,R_100,550.16
1778204874,R_100,550.25
1778204876,R_100,550.41
1778204878,R_100,550.43
1778204880,R_100,550.51
1778204882,R_100,550.26
1778204884,R_100,550.59
1778204886,R_100,550.59
1778204888,R_100,550.44
1778204890,R_100,550.57
1778204892,R_100,550.74
1778204894,R_100,550.61
1778204896,R_100,550.59
1778204898,R_100,550.67
1778204900,R_100,550.83
1778204902,R_100,550.83
1778204904,R_100,550.97
1778204906,R_100,550.76
1778204908,R_100,550.9
1778204910,R_100,551.13
1778204912,R_100,551.11
1778204914,R_100,551.18
1778204916,R_100,551
1778204918,R_100,550.99
1778204920,R_100,551.04
1778204922,R_100,550.9
1778204924,R_100,550.96
1778204926,R_100,551.15
1778204928,R_100,551
1778204930,R_100,551.06
1778204932,R_100,551.17
1778204934,R_100,551.17
1778204936,R_100,551.27
1778204938,R_100,551.19
1778204940,R_100,551.36
1778204942,R_100,551.06
1778204944,R_100,550.89
1778204946,R_100,551.01
1778204948,R_100,550.73
1778204950,R_100,550.74
1778204952,R_100,550.94
1778204954,R_100,550.83
1778204956,R_100,550.56
1778204958,R_100,550.67
1778204960,R_100,550.47
1778204962,R_100,550.3
1778204964,R_100,550.37
1778204966,R_100,550.28
1778204968,R_100,550.25
1778204970,R_100,550.29
1778204972,R_100,550.4
1778204974,R_100,550.45
1778204976,R_100,550.29
1778204978,R_100,550.33
1778204980,R_100,550.5
1778204982,R_100,550.47
1778204984,R_100,550.36
1778204986,R_100,550.54
1778204988,R_100,550.47
1778204990,R_100,550.4
1778204992,R_100,550.31
1778204994,R_100,550.21
1778204996,R_100,550.25
1778204998,R_100,550.14
1778205000,R_100,550.03
1778205002,R_100,550.32
1778205004,R_100,550.27
1778205006,R_100,550.33
1778205008,R_100,550.34
1778205010,R_100,550.36
1778205012,R_100,550.25
1778205014,R_100,549.95
1778205016,R_100,549.91
1778205018,R_100,550.04
1778205020,R_100,550.02
1778205022,R_100,550
1778205024,R_100,550.27
1778205026,R_100,550.4
1778205028,R_100,550.49
1778205030,R_100,550.58
1778205032,R_100,550.55
1778205034,R_100,550.51
1778205036,R_100,550.57
1778205038,R_100,550.66
1778205040,R_100,550.44
1778205042,R_100,550.37
1778205044,R_100,550.5
1778205046,R_100,550.66
1778205048,R_100,550.55
1778205050,R_100,550.47
1778205052,R_100,550.5
1778205054,R_100,550.57
1778205056,R_100,550.49
1778205058,R_100,550.62
1778205060,R_100,550.59
1778205062,R_100,550.6
1778205064,R_100,550.51
1778205066,R_100,550.57
1778205068,R_100,550.57
1778205070,R_100,550.72
1778205072,R_100,550.78
1778205074,R_100,550.89
1778205076,R_100,550.97
1778205078,R_100,550.94
1778205080,R_100,550.89
1778205082,R_100,550.88
1778205084,R_100,550.8
1778205086,R_100,550.78
1778205088,R_100,550.71
1778205090,R_100,550.46
1778205092,R_100,550.43
1778205094,R_100,550.55
1778205096,R_100,550.36
1778205098,R_100,550.15
1778205100,R_100,550.08
1778205102,R_100,549.91
1778205104,R_100,549.79
1778205106,R_100,549.65
1778205108,R_100,549.72
1778205110,R_100,549.55
1778205112,R_100,549.35
1778205114,R_100,549.48
1778205116,R_100,549.48
1778205118,R_100,549.44
1778205120,R_100,549.22
1778205122,R_100,549.04
1778205124,R_100,548.99
1778205126,R_100,549.03
1778205128,R_100,548.82
1778205130,R_100,548.83
1778205132,R_100,548.67
1778205134,R_100,548.87
1778205136,R_100,548.67
1778205138,R_100,548.9
1778205140,R_100,549.15
1778205142,R_100,549.3
1778205144,R_100,549.48
1778205146,R_100,549.4
1778205148,R_100,549.26
1778205150,R_100,548.95
1778205152,R_100,548.89
1778205154,R_100,548.91
1778205156,R_100,548.96
1778205158,R_100,549.05
1778205160,R_100,548.94
1778205162,R_100,549.01
1778205164,R_100,548.93
1778205166,R_100,549.01
1778205168,R_100,548.89
1778205170,R_100,548.82
1778205172,R_100,549.09
1778205174,R_100,548.95
1778205176,R_100,549.11
1778205178,R_100,549.26
1778205180,R_100,549.32
1778205182,R_100,549.34
1778205184,R_100,549.39
1778205186,R_100,549.35
1778205188,R_100,549.23
1778205190,R_100,549.39
1778205192,R_100,549.57
1778205194,R_100,549.68
1778205196,R_100,549.63
1778205198,R_100,549.57
1778205200,R_100,549.56
1778205202,R_100,549.56
1778205204,R_100,549.66
1778205206,R_100,549.52
1778205208,R_100,549.78
1778205210,R_100,549.8
1778205212,R_100,549.89
1778205214,R_100,549.74
1778205216,R_100,549.82
1778205218,R_100,549.86
1778205220,R_100,549.87
1778205222,R_100,550.09
1778205224,R_100,550.16
1778205226,R_100,549.95
1778205228,R_100,550.09
1778205230,R_100,549.9
1778205232,R_100,549.92
1778205234,R_100,550.04
1778205236,R_100,550.31
1778205238,R_100,550.58
1778205240,R_100,550.62
1778205242,R_100,550.74
1778205244,R_100,550.96
1778205246,R_100,550.96
1778205248,R_100,550.96
1778205250,R_100,550.96
1778205252,R_100,550.94
1778205254,R_100,550.79
1778205256,R_100,550.78
1778205258,R_100,550.89
1778205260,R_100,550.76
1778205262,R_100,550.84
1778205264,R_100,550.85
1778205266,R_100,550.85
1778205268,R_100,551
1778205270,R_100,551.02
1778205272,R_100,551.04
1778205274,R_100,551.02
1778205276,R_100,550.92
1778205278,R_100,550.8
1778205280,R_100,550.75
1778205282,R_100,550.81
1778205284,R_100,550.84
1778205286,R_100,550.78
1778205288,R_100,550.98
1778205290,R_100,551.09
1778205292,R_100,551.23
1778205294,R_100,551.5
1778205296,R_100,551.71
1778205298,R_100,551.93
1778205300,R_100,551.95
1778205302,R_100,551.97
1778205304,R_100,551.76
1778205306,R_100,551.73
1778205308,R_100,551.76
1778205310,R_100,551.83
1778205312,R_100,551.53
1778205314,R_100,551.48
1778205316,R_100,551.51
1778205318,R_100,551.3
1778205320,R_100,551.31
1778205322,R_100,551.23
1778205324,R_100,551.19
1778205326,R_100,551.26
1778205328,R_100,551.3
1778205330,R_100,551.09
1778205332,R_100,551.21
1778205334,R_100,551.33
1778205336,R_100,551.28
1778205338,R_100,551.16
1778205340,R_100,551.02
1778205342,R_100,551.01
1778205344,R_100,550.96
1778205346,R_100,550.71
1778205348,R_100,550.66
1778205350,R_100,550.76
1778205352,R_100,550.72
1778205354,R_100,550.69
1778205356,R_100,550.55
1778205358,R_100,550.77
1778205360,R_100,550.68
1778205362,R_100,550.75
1778205364,R_100,550.72
1778205366,R_100,550.76
1778205368,R_100,550.98
1778205370,R_100,551.05
1778205372,R_100,550.92
1778205374,R_100,550.97
1778205376,R_100,550.8
1778205378,R_100,550.72
1778205380,R_100,550.94
1778205382,R_100,551.17
1778205384,R_100,551.26
1778205386,R_100,551.38
1778205388,R_100,551.31
1778205390,R_100,551.33
1778205392,R_100,551.2
1778205394,R_100,551.13
1778205396,R_100,551.26
1778205398,R_100,551.26
1778205400,R_100,551.18
1778205402,R_100,551.17
1778205404,R_100,551.28
1778205406,R_100,551.34
1778205408,R_100,551.31
1778205410,R_100,551.3
1778205412,R_100,551.27
1778205414,R_100,551.22
1778205416,R_100,551.36
1778205418,R_100,551.3
1778205420,R_100,551.28
1778205422,R_100,551.24
1778205424,R_100,551.01
1778205426,R_100,551.29
1778205428,R_100,551.42
1778205430,R_100,551.42
1778205432,R_100,551.47
1778205434,R_100,551.08
1778205436,R_100,551.14
1778205438,R_100,551.13
1778205440,R_100,551.29
1778205442,R_100,551.3
1778205444,R_100,551.24
1778205446,R_100,551.38
1778205448,R_100,551.4
1778205450,R_100,551.37
1778205452,R_100,551.33
1778205454,R_100,551.48
1778205456,R_100,551.27
1778205458,R_100,551.08
1778205460,R_100,551.13
1778205462,R_100,551.17
1778205464,R_100,551.42
1778205466,R_100,551.46
1778205468,R_100,551.46
1778205470,R_100,551.31
1778205472,R_100,551.17
1778205474,R_100,551.15
1778205476,R_100,551.05
1778205478,R_100,551.07
1778205480,R_100,551.18
1778205482,R_100,551.15
1778205484,R_100,551.29
1778205486,R_100,551.37
1778205488,R_100,551.36
1778205490,R_100,551.32
1778205492,R_100,551.28
1778205494,R_100,551.45
1778205496,R_100,551.32
1778205498,R_100,551.31
1778205500,R_100,551.23
1778205502,R_100,551.25
1778205504,R_100,551.07
1778205506,R_100,551.05
1778205508,R_100,550.92
1778205510,R_100,551.11
1778205512,R_100,551.11
1778205514,R_100,551.03
1778205516,R_100,551.07
1778205518,R_100,551.18
1778205520,R_100,551.29
1778205522,R_100,551.34
1778205524,R_100,551.36
1778205526,R_100,551.27
1778205528,R_100,551.1
1778205530,R_100,551.08
1778205532,R_100,551.05
1778205534,R_100,551.19
1778205536,R_100,551.24
1778205538,R_100,551.2
1778205540,R_100,551.01
1778205542,R_100,550.88
1778205544,R_100,550.9
1778205546,R_100,550.53
1778205548,R_100,550.58
1778205550,R_100,550.54
1778205552,R_100,550.22
1778205554,R_100,550.1
1778205556,R_100,550.26
1778205558,R_100,550.25
1778205560,R_100,550.17
1778205562,R_100,550.07
1778205564,R_100,550.36
1778205566,R_100,550.37
1778205568,R_100,550.47
1778205570,R_100,550.54
1778205572,R_100,550.38
1778205574,R_100,550.28
1778205576,R_100,550.19
1778205578,R_100,550.25
1778205580,R_100,550.4
1778205582,R_100,550.33
1778205584,R_100,550.21
1778205586,R_100,550.25
1778205588,R_100,550.09
1778205590,R_100,550.05
1778205592,R_100,550.32
1778205594,R_100,550.42
1778205596,R_100,550.1
1778205598,R_100,549.95
1778205600,R_100,549.87
1778205602,R_100,550.03
1778205604,R_100,550.16
1778205606,R_100,550.53
1778205608,R_100,550.53
1778205610,R_100,550.93
1778205612,R_100,551.07
1778205614,R_100,551.07
1778205616,R_100,550.82
1778205618,R_100,550.87
1778205620,R_100,551.01
1778205622,R_100,551
1778205624,R_100,551.18
1778205626,R_100,550.92
1778205628,R_100,550.98
1778205630,R_100,550.93
1778205632,R_100,551.02
1778205634,R_100,551.17
1778205636,R_100,551.05
1778205638,R_100,551.12
1778205640,R_100,551.14
1778205642,R_100,550.91
1778205644,R_100,550.77
1778205646,R_100,550.69
1778205648,R_100,550.64
1778205650,R_100,550.72
1778205652,R_100,550.6
1778205654,R_100,550.31
1778205656,R_100,550.4
1778205658,R_100,550.34
1778205660,R_100,550.21
1778205662,R_100,550.17
1778205664,R_100,550.18
1778205666,R_100,549.94
1778205668,R_100,550.36
1778205670,R_100,550.27
1778205672,R_100,550.32
1778205674,R_100,550.2
1778205676,R_100,550.06
1778205678,R_100,550.18
1778205680,R_100,550.04
1778205682,R_100,550.22
1778205684,R_100,550.27
1778205686,R_100,550.22
1778205688,R_100,550.15
1778205690,R_100,550.19
1778205692,R_100,549.93
1778205694,R_100,550.03
1778205696,R_100,550.21
1778205698,R_100,550.29
1778205700,R_100,550.42
1778205702,R_100,550.59
1778205704,R_100,550.42
1778205706,R_100,550.29
1778205708,R_100,550.34
1778205710,R_100,550.32
1778205712,R_100,550.67
1778205714,R_100,550.55
1778205716,R_100,550.62
1778205718,R_100,550.75
1778205720,R_100,550.78
1778205722,R_100,550.81
1778205724,R_100,550.71
1778205726,R_100,550.68
1778205728,R_100,550.76
1778205730,R_100,550.67
1778205732,R_100,550.66
1778205734,R_100,550.58
1778205736,R_100,550.56
1778205738,R_100,550.61
1778205740,R_100,550.66
1778205742,R_100,550.78
1778205744,R_100,551.07
1778205746,R_100,550.89
1778205748,R_100,550.8
1778205750,R_100,550.82
1778205752,R_100,550.95
1778205754,R_100,550.77
1778205756,R_100,550.89
1778205758,R_100,550.76
1778205760,R_100,550.97
1778205762,R_100,550.72
1778205764,R_100,550.59
1778205766,R_100,550.62
1778205768,R_100,550.68
1778205770,R_100,550.77
1778205772,R_100,550.54
1778205774,R_100,550.6
1778205776,R_100,550.82
1778205778,R_100,550.89
1778205780,R_100,551.07
1778205782,R_100,551.15
1778205784,R_100,551.24
1778205786,R_100,551.32
1778205788,R_100,551.42
1778205790,R_100,551.31
1778205792,R_100,551.38
1778205794,R_100,551.41
1778205796,R_100,551.35
1778205798,R_100,551.63
1778205800,R_100,551.6
1778205802,R_100,551.79
1778205804,R_100,551.62
1778205806,R_100,551.72
1778205808,R_100,551.92
1778205810,R_100,551.89
1778205812,R_100,551.62
1778205814,R_100,551.75
1778205816,R_100,551.63
1778205818,R_100,551.56
1778205820,R_100,551.7
1778205822,R_100,551.86
1778205824,R_100,551.96
1778205826,R_100,551.85
1778205828,R_100,551.79
1778205830,R_100,551.91
1778205832,R_100,551.81
1778205834,R_100,551.84
1778205836,R_100,551.82
1778205838,R_100,551.71
1778205840,R_100,551.79
1778205842,R_100,551.94
1778205844,R_100,552.09
1778205846,R_100,552.14
1778205848,R_100,551.77
1778205850,R_100,551.67
1778205852,R_100,551.53
1778205854,R_100,551.7
1778205856,R_100,551.84
1778205858,R_100,551.68
1778205860,R_100,551.74
1778205862,R_100,551.61
1778205864,R_100,552.04
1778205866,R_100,552.01
1778205868,R_100,552.11
1778205870,R_100,552.1
1778205872,R_100,552.03
1778205874,R_100,551.94
1778205876,R_100,551.74
1778205878,R_100,551.81
1778205880,R_100,551.92
1778205882,R_100,551.83
1778205884,R_100,551.81
1778205886,R_100,552.14
1778205888,R_100,552.05
1778205890,R_100,552.05
1778205892,R_100,552.01
1778205894,R_100,552.16
1778205896,R_100,552.32
1778205898,R_100,552.59
1778205900,R_100,552.49
1778205902,R_100,552.33
1778205904,R_100,552.13
1778205906,R_100,552.14
1778205908,R_100,552.19
1778205910,R_100,552.26
1778205912,R_100,552.25
1778205914,R_100,552.12
1778205916,R_100,551.93
1778205918,R_100,551.91
1778205920,R_100,551.91
1778205922,R_100,551.85
1778205924,R_100,551.89
1778205926,R_100,552.14
1778205928,R_100,552.11
1778205930,R_100,552.33
1778205932,R_100,552.04
1778205934,R_100,551.96
1778205936,R_100,551.84
1778205938,R_100,551.73
1778205940,R_100,551.58
1778205942,R_100,551.62
1778205944,R_100,551.82
1778205946,R_100,551.76
1778205948,R_100,551.66
1778205950,R_100,551.65
1778205952,R_100,551.72
1778205954,R_100,551.71
1778205956,R_100,551.71
1778205958,R_100,551.6
1778205960,R_100,551.66
1778205962,R_100,551.57
1778205964,R_100,551.45
1778205966,R_100,551.43
1778205968,R_100,551.42
1778205970,R_100,551.22
1778205972,R_100,551.14
1778205974,R_100,550.99
1778205976,R_100,550.82
1778205978,R_100,550.71
1778205980,R_100,550.64
1778205982,R_100,550.59
1778205984,R_100,550.48
1778205986,R_100,550.54
1778205988,R_100,550.7
1778205990,R_100,550.75
1778205992,R_100,550.76
1778205994,R_100,551.07
1778205996,R_100,550.82
1778205998,R_100,550.82
1778206000,R_100,550.92
1778206002,R_100,550.91
1778206004,R_100,551.17
1778206006,R_100,551.37
1778206008,R_100,551.27
1778206010,R_100,551.43
1778206012,R_100,551.49
1778206014,R_100,551.45
1778206016,R_100,551.15
1778206018,R_100,551.27
1778206020,R_100,551.09
1778206022,R_100,551.13
1778206024,R_100,551.16
1778206026,R_100,551.19
1778206028,R_100,551.04
1778206030,R_100,550.96
1778206032,R_100,551.02
1778206034,R_100,550.95
1778206036,R_100,551.04
1778206038,R_100,550.94
1778206040,R_100,551.3
1778206042,R_100,551.52
1778206044,R_100,551.59
1778206046,R_100,551.65
1778206048,R_100,551.78
1778206050,R_100,551.83
1778206052,R_100,551.86
1778206054,R_100,551.68
1778206056,R_100,551.44
1778206058,R_100,551.34
1778206060,R_100,551.2
1778206062,R_100,550.99
1778206064,R_100,551.09
1778206066,R_100,551.12
1778206068,R_100,551.13
1778206070,R_100,551.31
1778206072,R_100,551.08
1778206074,R_100,550.93
1778206076,R_100,551.04
1778206078,R_100,551.01
1778206080,R_100,551.06
1778206082,R_100,551.2
1778206084,R_100,551.5
1778206086,R_100,551.53
1778206088,R_100,551.38
1778206090,R_100,551.42
1778206092,R_100,551.48
1778206094,R_100,551.69
1778206096,R_100,551.61
1778206098,R_100,551.5
1778206100,R_100,551.37
1778206102,R_100,551.46
1778206104,R_100,551.56
1778206106,R_100,551.53
1778206108,R_100,551.54
1778206110,R_100,551.59
1778206112,R_100,551.67
1778206114,R_100,551.72
1778206116,R_100,551.46
1778206118,R_100,551.39
1778206120,R_100,551.32
1778206122,R_100,551.37
1778206124,R_100,551.47
1778206126,R_100,551.38
1778206128,R_100,551.13
1778206130,R_100,551.14
1778206132,R_100,550.99
1778206134,R_100,551.02
1778206136,R_100,550.95
1778206138,R_100,550.8
1778206140,R_100,551.05
1778206142,R_100,550.91
1778206144,R_100,551
1778206146,R_100,551.05
1778206148,R_100,551.09
1778206150,R_100,551.19
1778206152,R_100,551.24
1778206154,R_100,551.23
1778206156,R_100,551.49
1778206158,R_100,551.54
1778206160,R_100,551.78
1778206162,R_100,551.85
1778206164,R_100,551.61
1778206166,R_100,551.45
1778206168,R_100,551.38
1778206170,R_100,551.29
1778206172,R_100,550.82
1778206174,R_100,550.98
1778206176,R_100,551.13
1778206178,R_100,551.13
1778206180,R_100,550.95
1778206182,R_100,551.01
1778206184,R_100,550.99
1778206186,R_100,551.37
1778206188,R_100,551.12
1778206190,R_100,550.99
1778206192,R_100,550.91
1778206194,R_100,550.99
1778206196,R_100,551.03
1778206198,R_100,551.13
1778206200,R_100,551.2
1778206202,R_100,551.37
1778206204,R_100,551.32
1778206206,R_100,551.15
1778206208,R_100,551.06
1778206210,R_100,551.1
1778206212,R_100,551.21
1778206214,R_100,551.28
1778206216,R_100,551.11
1778206218,R_100,551.1
1778206220,R_100,551.19
1778206222,R_100,551.18
1778206224,R_100,551.13
1778206226,R_100,551.12
1778206228,R_100,550.96
1778206230,R_100,550.87
1778206232,R_100,550.91
1778206234,R_100,551.16
1778206236,R_100,550.98
1778206238,R_100,551.02
1778206240,R_100,550.9
1778206242,R_100,550.74
1778206244,R_100,550.74
1778206246,R_100,550.81
1778206248,R_100,550.94
1778206250,R_100,550.79
1778206252,R_100,550.79
1778206254,R_100,550.69
1778206256,R_100,550.7
1778206258,R_100,550.54
1778206260,R_100,550.85
1778206262,R_100,550.99
1778206264,R_100,551.22
1778206266,R_100,551.28
1778206268,R_100,551.3
1778206270,R_100,551.25
1778206272,R_100,550.97
1778206274,R_100,551.07
1778206276,R_100,551.2
1778206278,R_100,551.14
1778206280,R_100,551.11
1778206282,R_100,550.86
1778206284,R_100,551.14
1778206286,R_100,550.97
1778206288,R_100,550.91
1778206290,R_100,551.04
1778206292,R_100,550.8
1778206294,R_100,550.77
1778206296,R_100,550.97
1778206298,R_100,550.79
1778206300,R_100,550.67
1778206302,R_100,550.45
1778206304,R_100,550.55
1778206306,R_100,550.61
1778206308,R_100,550.8
1778206310,R_100,550.62
1778206312,R_100,550.36
1778206314,R_100,550.55
1778206316,R_100,550.72
1778206318,R_100,550.68
1778206320,R_100,550.75
1778206322,R_100,550.6
1778206324,R_100,550.56
1778206326,R_100,550.51
1778206328,R_100,550.31
1778206330,R_100,550.37
1778206332,R_100,550.4
1778206334,R_100,550.58
1778206336,R_100,550.22
1778206338,R_100,550.14
1778206340,R_100,550.08
1778206342,R_100,549.99
1778206344,R_100,549.82
1778206346,R_100,549.7
1778206348,R_100,549.64
1778206350,R_100,549.77
1778206352,R_100,549.89
1778206354,R_100,549.97
1778206356,R_100,550.28
1778206358,R_100,550.21
1778206360,R_100,550.33
1778206362,R_100,550.38
1778206364,R_100,549.96
1778206366,R_100,549.99
1778206368,R_100,550.02
1778206370,R_100,550.07
1778206372,R_100,549.97
1778206374,R_100,550.14
1778206376,R_100,549.87
1778206378,R_100,549.58
1778206380,R_100,549.52
1778206382,R_100,549.53
1778206384,R_100,549.65
1778206386,R_100,549.63
1778206388,R_100,549.63
1778206390,R_100,549.83
1778206392,R_100,549.76
1778206394,R_100,549.69
1778206396,R_100,549.49
1778206398,R_100,549.66
1778206400,R_100,549.59
1778206402,R_100,549.85
1778206404,R_100,550.02
1778206406,R_100,550.08
1778206408,R_100,550.08
1778206410,R_100,549.94
1778206412,R_100,549.93
1778206414,R_100,550.04
1778206416,R_100,550.03
1778206418,R_100,550.17
1778206420,R_100,550.15
1778206422,R_100,550.08
1778206424,R_100,549.98
1778206426,R_100,549.67
1778206428,R_100,549.68
1778206430,R_100,549.71
1778206432,R_100,549.9
1778206434,R_100,550.16
1778206436,R_100,550.3
1778206438,R_100,550.45
1778206440,R_100,550.43
1778206442,R_100,550.28
1778206444,R_100,550.33
1778206446,R_100,550.36
1778206448,R_100,550.27
1778206450,R_100,550.12
1778206452,R_100,550.02
1778206454,R_100,550.17
1778206456,R_100,550.25
1778206458,R_100,550.22
1778206460,R_100,550.34
1778206462,R_100,550.27
1778206464,R_100,550.02
1778206466,R_100,550.22
1778206468,R_100,550.18
1778206470,R_100,550.15
1778206472,R_100,549.96
1778206474,R_100,549.7
1778206476,R_100,549.69
1778206478,R_100,549.69
1778206480,R_100,549.5
1778206482,R_100,549.42
1778206484,R_100,549.39
1778206486,R_100,549.48
1778206488,R_100,549.12
1778206490,R_100,549.12
1778206492,R_100,549.17
1778206494,R_100,549.31
1778206496,R_100,549.43
1778206498,R_100,549.44
1778206500,R_100,549.54
1778206502,R_100,549.52
1778206504,R_100,549.58
1778206506,R_100,549.74
1778206508,R_100,549.64
1778206510,R_100,549.87
1778206512,R_100,549.89
1778206514,R_100,550.08
1778206516,R_100,549.89
1778206518,R_100,549.85
1778206520,R_100,549.91
1778206522,R_100,549.92
1778206524,R_100,549.87
1778206526,R_100,549.79
1778206528,R_100,549.71
1778206530,R_100,549.57
1778206532,R_100,549.65
1778206534,R_100,549.77
1778206536,R_100,550.11
1778206538,R_100,550.06
1778206540,R_100,550.1
1778206542,R_100,550.1
1778206544,R_100,550.22
1778206546,R_100,550.33
1778206548,R_100,550.49
1778206550,R_100,550.48
1778206552,R_100,550.48
1778206554,R_100,550.77
1778206556,R_100,550.87
1778206558,R_100,550.68
1778206560,R_100,550.79
1778206562,R_100,550.73
1778206564,R_100,550.76
1778206566,R_100,550.84
1778206568,R_100,550.93
1778206570,R_100,551.22
1778206572,R_100,551.2
1778206574,R_100,551.19
1778206576,R_100,551.17
1778206578,R_100,551.33
1778206580,R_100,551.46
1778206582,R_100,551.63
1778206584,R_100,551.42
1778206586,R_100,551.19
1778206588,R_100,551.23
1778206590,R_100,551.21
1778206592,R_100,551.34
1778206594,R_100,551.2
1778206596,R_100,551.2
1778206598,R_100,551.18
1778206600,R_100,551.19
1778206602,R_100,551.21
1778206604,R_100,551.31
1778206606,R_100,551.2
1778206608,R_100,551.25
1778206610,R_100,551.16
1778206612,R_100,551.02
1778206614,R_100,551.03
1778206616,R_100,551.04
1778206618,R_100,550.96
1778206620,R_100,550.92
1778206622,R_100,550.76
1778206624,R_100,550.68
1778206626,R_100,550.99
1778206628,R_100,551.06
1778206630,R_100,550.87
1778206632,R_100,550.72
1778206634,R_100,550.83
1778206636,R_100,551.05
1778206638,R_100,551.08
1778206640,R_100,551
1778206642,R_100,550.77
1778206644,R_100,550.57
1778206646,R_100,550.43
1778206648,R_100,550.43
1778206650,R_100,550.32
1778206652,R_100,550.37
1778206654,R_100,550.59
1778206656,R_100,550.59
1778206658,R_100,550.58
1778206660,R_100,550.65
1778206662,R_100,550.56
1778206664,R_100,550.71
1778206666,R_100,550.75
1778206668,R_100,550.57
1778206670,R_100,550.64
1778206672,R_100,550.49
1778206674,R_100,550.34
1778206676,R_100,550.44
1778206678,R_100,550.58
1778206680,R_100,550.7
1778206682,R_100,550.74
1778206684,R_100,550.62
1778206686,R_100,550.61
1778206688,R_100,550.73
1778206690,R_100,550.68
1778206692,R_100,550.69
1778206694,R_100,550.66
1778206696,R_100,550.72
1778206698,R_100,550.79
1778206700,R_100,550.98
1778206702,R_100,550.94
1778206704,R_100,550.88
1778206706,R_100,551.11
1778206708,R_100,550.9
1778206710,R_100,550.8
1778206712,R_100,550.88
1778206714,R_100,550.66
1778206716,R_100,550.76
1778206718,R_100,550.49
1778206720,R_100,550.58
1778206722,R_100,550.69
1778206724,R_100,550.91
1778206726,R_100,550.97
1778206728,R_100,551
1778206730,R_100,551.23
1778206732,R_100,551.22
1778206734,R_100,551.18
1778206736,R_100,551.16
1778206738,R_100,551.05
1778206740,R_100,550.85
1778206742,R_100,550.86
1778206744,R_100,550.78
1778206746,R_100,550.53
1778206748,R_100,550.27
1778206750,R_100,550.17
1778206752,R_100,550.14
1778206754,R_100,550.11
1778206756,R_100,550.19
1778206758,R_100,549.9
1778206760,R_100,550.17
1778206762,R_100,550.12
1778206764,R_100,550.07
1778206766,R_100,549.93
1778206768,R_100,549.74
1778206770,R_100,549.87
1778206772,R_100,549.82
1778206774,R_100,549.75
1778206776,R_100,549.8
1778206778,R_100,549.82
1778206780,R_100,549.84
1778206782,R_100,549.76
1778206784,R_100,549.7
1778206786,R_100,549.87
1778206788,R_100,549.75
1778206790,R_100,549.85
1778206792,R_100,549.93
1778206794,R_100,550.14
1778206796,R_100,550.17
1778206798,R_100,550.17
1778206800,R_100,550.03
1778206802,R_100,550.07
1778206804,R_100,549.94
1778206806,R_100,549.89
1778206808,R_100,549.95
1778206810,R_100,550.03
1778206812,R_100,550.15
1778206814,R_100,549.97
1778206816,R_100,549.7
1778206818,R_100,549.68
1778206820,R_100,549.66
1778206822,R_100,549.2
1778206824,R_100,549.08
1778206826,R_100,549.01
1778206828,R_100,549.18
1778206830,R_100,549.25
1778206832,R_100,549.1
1778206834,R_100,548.95
1778206836,R_100,549.19
1778206838,R_100,549.44
1778206840,R_100,549.44
1778206842,R_100,549.32
1778206844,R_100,549.42
1778206846,R_100,549.28
1778206848,R_100,549.21
1778206850,R_100,549.05
1778206852,R_100,549.06
1778206854,R_100,548.91
1778206856,R_100,549.02
1778206858,R_100,549
1778206860,R_100,548.91
1778206862,R_100,548.88
1778206864,R_100,549
1778206866,R_100,548.93
1778206868,R_100,549.11
1778206870,R_100,548.9
1778206872,R_100,548.78
1778206874,R_100,548.75
1778206876,R_100,548.65
1778206878,R_100,548.71
1778206880,R_100,548.87
1778206882,R_100,548.61
1778206884,R_100,548.45
1778206886,R_100,548.35
1778206888,R_100,548.42
1778206890,R_100,548.51
1778206892,R_100,548.49
1778206894,R_100,548.45
1778206896,R_100,548.39
1778206898,R_100,548.43
1778206900,R_100,548.37
1778206902,R_100,548.51
1778206904,R_100,548.74
1778206906,R_100,548.63
1778206908,R_100,548.52
1778206910,R_100,548.61
1778206912,R_100,548.56
1778206914,R_100,548.65
1778206916,R_100,548.69
1778206918,R_100,548.67
1778206920,R_100,548.69
1778206922,R_100,548.46
1778206924,R_100,548.44
1778206926,R_100,548.48
1778206928,R_100,548.26
1778206930,R_100,548.3
1778206932,R_100,548.22
1778206934,R_100,548.53
1778206936,R_100,548.6
1778206938,R_100,548.72
1778206940,R_100,548.64
1778206942,R_100,548.8
1778206944,R_100,548.79
1778206946,R_100,548.83
1778206948,R_100,548.75
1778206950,R_100,548.75
1778206952,R_100,548.55
1778206954,R_100,548.75
1778206956,R_100,548.98
1778206958,R_100,548.97
1778206960,R_100,548.98
1778206962,R_100,548.88
1778206964,R_100,548.9
1778206966,R_100,548.84
1778206968,R_100,548.7
1778206970,R_100,548.83
1778206972,R_100,548.7
1778206974,R_100,548.76
1778206976,R_100,548.75
1778206978,R_100,548.96
1778206980,R_100,548.97
1778206982,R_100,549.22
1778206984,R_100,549.35
1778206986,R_100,549.76
1778206988,R_100,549.63
1778206990,R_100,549.44
1778206992,R_100,549.33
1778206994,R_100,549.48
1778206996,R_100,549.45
1778206998,R_100,549.43
1778207000,R_100,549.39
1778207002,R_100,549.42
1778207004,R_100,549.31
1778207006,R_100,549.08
1778207008,R_100,549.2
1778207010,R_100,549.22
1778207012,R_100,549.07
1778207014,R_100,549.02
1778207016,R_100,548.97
1778207018,R_100,549.03
1778207020,R_100,549.15
1778207022,R_100,549.53
1778207024,R_100,549.6
1778207026,R_100,549.3
1778207028,R_100,549.12
1778207030,R_100,549.25
1778207032,R_100,549.18
1778207034,R_100,549.07
1778207036,R_100,549.2
1778207038,R_100,549.01
1778207040,R_100,548.83
1778207042,R_100,548.86
1778207044,R_100,548.77
1778207046,R_100,548.6
1778207048,R_100,548.65
1778207050,R_100,548.59
1778207052,R_100,548.56
1778207054,R_100,548.19
1778207056,R_100,548.14
1778207058,R_100,548.33
1778207060,R_100,548.29
1778207062,R_100,548.57
1778207064,R_100,548.35
1778207066,R_100,548.27
1778207068,R_100,548.33
1778207070,R_100,548.25
1778207072,R_100,548.21
1778207074,R_100,548.35
1778207076,R_100,548.36
1778207078,R_100,548.32
1778207080,R_100,548.34
1778207082,R_100,548.44
1778207084,R_100,548.68
1778207086,R_100,548.77
1778207088,R_100,548.42
1778207090,R_100,548.42
1778207092,R_100,548.39
1778207094,R_100,548.45
1778207096,R_100,548.46
1778207098,R_100,548.5
1778207100,R_100,548.47
1778207102,R_100,548.35
1778207104,R_100,548.3
1778207106,R_100,548.07
1778207108,R_100,548.01
1778207110,R_100,548.01
1778207112,R_100,547.84
1778207114,R_100,547.59
1778207116,R_100,547.78
1778207118,R_100,547.92
1778207120,R_100,547.91
1778207122,R_100,548.14
1778207124,R_100,548.1
1778207126,R_100,548.26
1778207128,R_100,548.55
1778207130,R_100,548.09
1778207132,R_100,548.2
1778207134,R_100,548.32
1778207136,R_100,548.55
1778207138,R_100,548.43
1778207140,R_100,548.37
1778207142,R_100,548.1
1778207144,R_100,548.16
1778207146,R_100,548.4
1778207148,R_100,548.33
1778207150,R_100,548.37
1778207152,R_100,548.54
1778207154,R_100,548.62
1778207156,R_100,548.6
1778207158,R_100,548.77
1778207160,R_100,548.86
1778207162,R_100,548.6
1778207164,R_100,548.67
1778207166,R_100,548.83
1778207168,R_100,548.91
1778207170,R_100,549
1778207172,R_100,548.95
1778207174,R_100,549.07
1778207176,R_100,549.06
1778207178,R_100,549.04
1778207180,R_100,548.99
1778207182,R_100,549
1778207184,R_100,548.73
1778207186,R_100,548.81
1778207188,R_100,548.95
1778207190,R_100,549.01
1778207192,R_100,549.13
1778207194,R_100,549.09
1778207196,R_100,549.18
1778207198,R_100,549.21
1778207200,R_100,549
1778207202,R_100,549.09
1778207204,R_100,549.11
1778207206,R_100,549.13
1778207208,R_100,549.19
1778207210,R_100,549.21
1778207212,R_100,549.3
1778207214,R_100,549.4
1778207216,R_100,549.41
1778207218,R_100,549.61
1778207220,R_100,549.52
1778207222,R_100,549.38
1778207224,R_100,549.41
1778207226,R_100,549.3
1778207228,R_100,549.31
1778207230,R_100,549.43
1778207232,R_100,549.47
1778207234,R_100,549.36
1778207236,R_100,549.31
1778207238,R_100,549.45
1778207240,R_100,549.44
1778207242,R_100,549.52
1778207244,R_100,549.66
1778207246,R_100,549.53
1778207248,R_100,549.35
1778207250,R_100,549.43
1778207252,R_100,549.76
1778207254,R_100,549.68
1778207256,R_100,549.33
1778207258,R_100,549.46
1778207260,R_100,549.66
1778207262,R_100,549.46
1778207264,R_100,549.33
1778207266,R_100,549.15
1778207268,R_100,549.32
1778207270,R_100,549.41
1778207272,R_100,549.46
1778207274,R_100,549.5
1778207276,R_100,549.48
1778207278,R_100,549.73
1778207280,R_100,549.67
1778207282,R_100,549.65
1778207284,R_100,549.69
1778207286,R_100,549.74
1778207288,R_100,549.57
1778207290,R_100,549.63
1778207292,R_100,549.73
1778207294,R_100,549.74
1778207296,R_100,549.76
1778207298,R_100,549.75
1778207300,R_100,549.76
1778207302,R_100,549.79
1778207304,R_100,549.96
1778207306,R_100,549.76
1778207308,R_100,549.76
1778207310,R_100,549.5
1778207312,R_100,549.58
1778207314,R_100,549.73
1778207316,R_100,549.67
1778207318,R_100,549.52
1778207320,R_100,549.36
1778207322,R_100,549.28
1778207324,R_100,549.29
1778207326,R_100,549.21
1778207328,R_100,549.37
1778207330,R_100,549.45
1778207332,R_100,549.41
1778207334,R_100,549.5
1778207336,R_100,549.58
1778207338,R_100,549.58
1778207340,R_100,549.61
1778207342,R_100,549.68
1778207344,R_100,549.69
1778207346,R_100,549.39
1778207348,R_100,549.48
1778207350,R_100,549.6
1778207352,R_100,549.64
1778207354,R_100,549.7
1778207356,R_100,549.59
1778207358,R_100,549.64
1778207360,R_100,549.74
1778207362,R_100,549.55
1778207364,R_100,549.55
1778207366,R_100,549.88
1778207368,R_100,549.98
1778207370,R_100,549.87
1778207372,R_100,550.12
1778207374,R_100,550.25
1778207376,R_100,550.43
1778207378,R_100,550.5
1778207380,R_100,550.57
1778207382,R_100,550.68
1778207384,R_100,550.79
1778207386,R_100,550.82
1778207388,R_100,550.8
1778207390,R_100,551.04
1778207392,R_100,551.18
1778207394,R_100,551.41
1778207396,R_100,551.46
1778207398,R_100,551.67
1778207400,R_100,551.53
1778207402,R_100,551.69
1778207404,R_100,551.63
1778207406,R_100,551.92
1778207408,R_100,551.87
1778207410,R_100,551.73
1778207412,R_100,551.64
1778207414,R_100,551.82
1778207416,R_100,552.02
1778207418,R_100,552.16
1778207420,R_100,552.24
1778207422,R_100,552.34
1778207424,R_100,552.27
1778207426,R_100,552.25
1778207428,R_100,552.53
1778207430,R_100,552.62
1778207432,R_100,552.79
1778207434,R_100,552.77
1778207436,R_100,552.72
1778207438,R_100,552.69
1778207440,R_100,552.83
1778207442,R_100,552.8
1778207444,R_100,552.93
1778207446,R_100,552.84
1778207448,R_100,552.95
1778207450,R_100,553.18
1778207452,R_100,553.05
1778207454,R_100,552.97
1778207456,R_100,552.72
1778207458,R_100,552.95
1778207460,R_100,552.95
1778207462,R_100,553.04
1778207464,R_100,553.21
1778207466,R_100,553.14
1778207468,R_100,553.26
1778207470,R_100,553.24
1778207472,R_100,553.03
1778207474,R_100,552.96
1778207476,R_100,552.84
1778207478,R_100,552.82
1778207480,R_100,553.01
1778207482,R_100,552.92
1778207484,R_100,552.96
1778207486,R_100,552.74
1778207488,R_100,552.9
1778207490,R_100,552.87
1778207492,R_100,552.93
1778207494,R_100,552.96
1778207496,R_100,553.01
1778207498,R_100,552.93
1778207500,R_100,552.78
1778207502,R_100,552.72
1778207504,R_100,552.6
1778207506,R_100,552.32
1778207508,R_100,552.5
1778207510,R_100,552.4
1778207512,R_100,552.35
1778207514,R_100,552.3
1778207516,R_100,552.36
1778207518,R_100,552.39
1778207520,R_100,552.35
1778207522,R_100,552.36
1778207524,R_100,552.62
1778207526,R_100,552.8
1778207528,R_100,552.83
1778207530,R_100,552.87
1778207532,R_100,553.18
1778207534,R_100,553.12
1778207536,R_100,553.22
1778207538,R_100,553.22
1778207540,R_100,553.23
1778207542,R_100,553.08
1778207544,R_100,553.05
1778207546,R_100,553.28
1778207548,R_100,553.31
1778207550,R_100,553.03
1778207552,R_100,552.76
1778207554,R_100,552.83
1778207556,R_100,552.7
1778207558,R_100,552.71
1778207560,R_100,552.67
1778207562,R_100,552.74
1778207564,R_100,552.68
1778207566,R_100,552.79
1778207568,R_100,552.77
1778207570,R_100,552.75
1778207572,R_100,552.84
1778207574,R_100,552.66
1778207576,R_100,552.66
1778207578,R_100,552.55
1778207580,R_100,552.82
1778207582,R_100,552.99
1778207584,R_100,553.24
1778207586,R_100,553.2
1778207588,R_100,553.12
1778207590,R_100,553.02
1778207592,R_100,552.99
1778207594,R_100,552.95
1778207596,R_100,553.25
1778207598,R_100,553.41
1778207600,R_100,553.42
1778207602,R_100,553.38
1778207604,R_100,553.29
1778207606,R_100,553.23
1778207608,R_100,553.27
1778207610,R_100,553.61
1778207612,R_100,553.69
1778207614,R_100,553.69
1778207616,R_100,553.67
1778207618,R_100,553.86
1778207620,R_100,554.07
1778207622,R_100,554.15
1778207624,R_100,553.91
1778207626,R_100,553.83
1778207628,R_100,553.76
1778207630,R_100,553.84
1778207632,R_100,554.08
1778207634,R_100,554.26
1778207636,R_100,554.32
1778207638,R_100,554.21
1778207640,R_100,554.13
1778207642,R_100,553.97
1778207644,R_100,554.06
1778207646,R_100,554.12
1778207648,R_100,553.9
1778207650,R_100,553.86
1778207652,R_100,553.74
1778207654,R_100,553.74
1778207656,R_100,553.64
1778207658,R_100,553.52
1778207660,R_100,553.51
1778207662,R_100,553.37
1778207664,R_100,553.54
1778207666,R_100,553.64
1778207668,R_100,553.56
1778207670,R_100,553.57
1778207672,R_100,553.88
1778207674,R_100,553.99
1778207676,R_100,554.07
1778207678,R_100,554.01
1778207680,R_100,554.07
1778207682,R_100,554.27
1778207684,R_100,554.06
1778207686,R_100,553.89
1778207688,R_100,553.76
1778207690,R_100,553.97
1778207692,R_100,553.9
1778207694,R_100,553.78
1778207696,R_100,553.64
1778207698,R_100,553.42
1778207700,R_100,553.65
1778207702,R_100,553.73
1778207704,R_100,553.9
1778207706,R_100,554.01
1778207708,R_100,554.01
1778207710,R_100,553.94
1778207712,R_100,554
1778207714,R_100,554.22
1778207716,R_100,554.28
1778207718,R_100,554.31
1778207720,R_100,554.38
1778207722,R_100,554.42
1778207724,R_100,554.42
1778207726,R_100,554.48
1778207728,R_100,554.64
1778207730,R_100,554.5
1778207732,R_100,554.56
1778207734,R_100,554.29
1778207736,R_100,554.39
1778207738,R_100,554.49
1778207740,R_100,554.83
1778207742,R_100,554.83
1778207744,R_100,554.87
1778207746,R_100,554.75
1778207748,R_100,554.86
1778207750,R_100,554.58
1778207752,R_100,554.7
1778207754,R_100,554.78
1778207756,R_100,554.6
1778207758,R_100,554.61
1778207760,R_100,554.6
1778207762,R_100,554.65
1778207764,R_100,554.48
1778207766,R_100,554.43
1778207768,R_100,554.41
1778207770,R_100,554.29
1778207772,R_100,554.14
1778207774,R_100,554.07
1778207776,R_100,553.96
1778207778,R_100,554.04
1778207780,R_100,553.96
1778207782,R_100,554.17
1778207784,R_100,554.3
1778207786,R_100,554.49
1778207788,R_100,554.34
1778207790,R_100,554.35
1778207792,R_100,554.5
1778207794,R_100,554.64
1778207796,R_100,554.9
1778207798,R_100,554.86
1778207800,R_100,554.94
1778207802,R_100,554.95
1778207804,R_100,554.94
1778207806,R_100,554.91
1778207808,R_100,555.02
1778207810,R_100,555.13
1778207812,R_100,555.35
1778207814,R_100,555.36
1778207816,R_100,555.61
1778207818,R_100,555.42
1778207820,R_100,555.47
1778207822,R_100,555.43
1778207824,R_100,555.44
1778207826,R_100,555.45
1778207828,R_100,555.65
1778207830,R_100,555.56
1778207832,R_100,555.68
1778207834,R_100,555.67
1778207836,R_100,556.02
1778207838,R_100,555.92
1778207840,R_100,556.07
1778207842,R_100,556.22
1778207844,R_100,556.5
1778207846,R_100,556.37
1778207848,R_100,556.45
1778207850,R_100,556.62
1778207852,R_100,556.84
1778207854,R_100,556.7
1778207856,R_100,556.65
1778207858,R_100,556.65
1778207860,R_100,556.59
1778207862,R_100,556.45
1778207864,R_100,556.5
1778207866,R_100,556.58
1778207868,R_100,556.5
1778207870,R_100,556.29
1778207872,R_100,556.26
1778207874,R_100,556.3
1778207876,R_100,556.65
1778207878,R_100,556.61
1778207880,R_100,556.51
1778207882,R_100,556.53
1778207884,R_100,556.59
1778207886,R_100,556.95
1778207888,R_100,557.08
1778207890,R_100,557.16
1778207892,R_100,557.04
1778207894,R_100,556.97
1778207896,R_100,557.09
1778207898,R_100,556.96
1778207900,R_100,556.82
1778207902,R_100,556.88
1778207904,R_100,556.75
1778207906,R_100,556.7
1778207908,R_100,556.85
1778207910,R_100,556.77
1778207912,R_100,556.71
1778207914,R_100,556.56
1778207916,R_100,556.52
1778207918,R_100,556.89
1778207920,R_100,556.66
1778207922,R_100,556.71
1778207924,R_100,556.89
1778207926,R_100,556.75
1778207928,R_100,556.77
1778207930,R_100,556.82
1778207932,R_100,556.88
1778207934,R_100,556.87
1778207936,R_100,556.8
1778207938,R_100,556.8
1778207940,R_100,556.58
1778207942,R_100,556.69
1778207944,R_100,556.49
1778207946,R_100,556.66
1778207948,R_100,556.6
1778207950,R_100,556.71
1778207952,R_100,556.63
1778207954,R_100,556.87
1778207956,R_100,556.95
1778207958,R_100,556.92
1778207960,R_100,557.15
1778207962,R_100,557.05
1778207964,R_100,557.13
1778207966,R_100,556.99
1778207968,R_100,556.89
1778207970,R_100,556.94
1778207972,R_100,556.99
1778207974,R_100,557.06
1778207976,R_100,557.13
1778207978,R_100,557.09
1778207980,R_100,557.1
1778207982,R_100,557.05
1778207984,R_100,557.24
1778207986,R_100,557.24
1778207988,R_100,557.19
1778207990,R_100,557.38
1778207992,R_100,557.14
1778207994,R_100,557.22
1778207996,R_100,557.41
1778207998,R_100,557.49
1778208000,R_100,557.73
1778208002,R_100,557.89
1778208004,R_100,557.98
1778208006,R_100,558
1778208008,R_100,557.78
1778208010,R_100,557.92
1778208012,R_100,558.05
1778208014,R_100,558.23
1778208016,R_100,558.11
1778208018,R_100,558.08
1778208020,R_100,558.06
1778208022,R_100,558.17
1778208024,R_100,558.06
1778208026,R_100,558.06
1778208028,R_100,558.19
1778208030,R_100,557.9
1778208032,R_100,558.31
1778208034,R_100,558.34
1778208036,R_100,558.18
1778208038,R_100,558.04
1778208040,R_100,558.14
1778208042,R_100,558.04
1778208044,R_100,558.06
1778208046,R_100,558.01
1778208048,R_100,558.11
1778208050,R_100,558.19
1778208052,R_100,558.09
1778208054,R_100,558.23
1778208056,R_100,558.31
1778208058,R_100,558.18
1778208060,R_100,558.35
1778208062,R_100,558.45
1778208064,R_100,558.47
1778208066,R_100,558.42
1778208068,R_100,558.2
1778208070,R_100,558.25
1778208072,R_100,558.32
1778208074,R_100,558.34
1778208076,R_100,558.4
1778208078,R_100,558.21
1778208080,R_100,558.14
1778208082,R_100,558.06
1778208084,R_100,558.18
1778208086,R_100,558.4
1778208088,R_100,558.38
1778208090,R_100,558.54
1778208092,R_100,558.69
1778208094,R_100,558.91
1778208096,R_100,558.97
1778208098,R_100,559.33
1778208100,R_100,559.61
1778208102,R_100,559.64
1778208104,R_100,559.71
1778208106,R_100,559.75
1778208108,R_100,559.71
1778208110,R_100,559.66
1778208112,R_100,559.58
1778208114,R_100,559.37
1778208116,R_100,559.23
1778208118,R_100,559.28
1778208120,R_100,559.22
1778208122,R_100,559.2
1778208124,R_100,559.14
1778208126,R_100,559.08
1778208128,R_100,559.04
1778208130,R_100,559.18
1778208132,R_100,558.95
1778208134,R_100,558.74
1778208136,R_100,558.63
1778208138,R_100,558.79
1778208140,R_100,558.67
1778208142,R_100,558.7
1778208144,R_100,558.9
1778208146,R_100,558.86
1778208148,R_100,558.95
1778208150,R_100,558.99
1778208152,R_100,558.97
1778208154,R_100,559.02
1778208156,R_100,558.73
1778208158,R_100,558.55
1778208160,R_100,558.96
1778208162,R_100,558.81
1778208164,R_100,558.92
1778208166,R_100,558.82
1778208168,R_100,558.88
1778208170,R_100,558.67
1778208172,R_100,558.72
1778208174,R_100,558.61
1778208176,R_100,558.56
1778208178,R_100,558.49
1778208180,R_100,558.57
1778208182,R_100,558.67
1778208184,R_100,558.43
1778208186,R_100,558.68
1778208188,R_100,558.6
1778208190,R_100,558.46
1778208192,R_100,558.47
1778208194,R_100,558.77
1778208196,R_100,558.72
1778208198,R_100,558.63
1778208200,R_100,558.72
1778208202,R_100,558.69
1778208204,R_100,558.6
1778208206,R_100,558.88
1778208208,R_100,558.8
1778208210,R_100,558.71
1778208212,R_100,558.7
1778208214,R_100,558.72
1778208216,R_100,558.65
1778208218,R_100,558.56
1778208220,R_100,558.51
1778208222,R_100,558.76
1778208224,R_100,558.76
1778208226,R_100,558.57
1778208228,R_100,558.55
1778208230,R_100,558.71
1778208232,R_100,558.75
1778208234,R_100,558.99
1778208236,R_100,558.97
1778208238,R_100,558.91
1778208240,R_100,558.84
1778208242,R_100,558.93
1778208244,R_100,558.79
1778208246,R_100,558.67
1778208248,R_100,558.69
1778208250,R_100,558.55
1778208252,R_100,558.56
1778208254,R_100,558.31
1778208256,R_100,558.22
1778208258,R_100,558.31
1778208260,R_100,558.3
1778208262,R_100,558.63
1778208264,R_100,558.72
1778208266,R_100,558.91
1778208268,R_100,558.76
1778208270,R_100,558.74
1778208272,R_100,558.78
1778208274,R_100,558.63
1778208276,R_100,558.99
1778208278,R_100,559.12
1778208280,R_100,559.33
1778208282,R_100,559.46
1778208284,R_100,559.53
1778208286,R_100,559.79
1778208288,R_100,559.95
1778208290,R_100,559.94
1778208292,R_100,559.98
1778208294,R_100,560.07
1778208296,R_100,560.11
1778208298,R_100,560.16
1778208300,R_100,560.17
1778208302,R_100,560.13
1778208304,R_100,560.1
1778208306,R_100,560.19
1778208308,R_100,559.94
1778208310,R_100,559.98
1778208312,R_100,559.83
1778208314,R_100,559.9
1778208316,R_100,559.76
1778208318,R_100,559.71
1778208320,R_100,559.74
1778208322,R_100,559.67
1778208324,R_100,559.59
1778208326,R_100,559.32
1778208328,R_100,559.35
1778208330,R_100,559.33
1778208332,R_100,559.39
1778208334,R_100,559.34
1778208336,R_100,559.27
1778208338,R_100,559.29
1778208340,R_100,559.29
1778208342,R_100,558.94
1778208344,R_100,559.03
1778208346,R_100,559.03
1778208348,R_100,559.14
1778208350,R_100,559.2
1778208352,R_100,559.16
1778208354,R_100,559.41
1778208356,R_100,559.72
1778208358,R_100,560.07
1778208360,R_100,559.94
1778208362,R_100,559.92
1778208364,R_100,559.92
1778208366,R_100,559.68
1778208368,R_100,559.77
1778208370,R_100,559.78
1778208372,R_100,559.69
1778208374,R_100,559.51
1778208376,R_100,559.7
1778208378,R_100,559.71
1778208380,R_100,560.1
1778208382,R_100,560.08
1778208384,R_100,560.19
1778208386,R_100,560.23
1778208388,R_100,560.09
1778208390,R_100,560.28
1778208392,R_100,560.27
1778208394,R_100,560.33
1778208396,R_100,560.33
1778208398,R_100,560.45
1778208400,R_100,560.38
1778208402,R_100,560.41
1778208404,R_100,560.24
1778208406,R_100,560.2
1778208408,R_100,559.89
1778208410,R_100,559.83
1778208412,R_100,559.86
1778208414,R_100,559.82
1778208416,R_100,559.84
1778208418,R_100,559.92
1778208420,R_100,559.76
1778208422,R_100,559.63
1778208424,R_100,559.93
1778208426,R_100,560.07
1778208428,R_100,559.89
1778208430,R_100,559.78
1778208432,R_100,559.89
1778208434,R_100,559.77
1778208436,R_100,559.89
1778208438,R_100,559.91
1778208440,R_100,560
1778208442,R_100,559.85
1778208444,R_100,559.6
1778208446,R_100,559.65
1778208448,R_100,559.71
1778208450,R_100,559.83
1778208452,R_100,559.81
1778208454,R_100,559.81
1778208456,R_100,559.99
1778208458,R_100,559.8
1778208460,R_100,559.86
1778208462,R_100,559.85
1778208464,R_100,559.95
1778208466,R_100,559.84
1778208468,R_100,559.95
1778208470,R_100,559.92
1778208472,R_100,559.82
1778208474,R_100,559.77
1778208476,R_100,559.6
1778208478,R_100,559.74
1778208480,R_100,559.95
1778208482,R_100,560.07
1778208484,R_100,560.19
1778208486,R_100,560.29
1778208488,R_100,560.45
1778208490,R_100,560.62
1778208492,R_100,560.74
1778208494,R_100,560.28
1778208496,R_100,560.41
1778208498,R_100,560.53
1778208500,R_100,560.45
1778208502,R_100,560.34
1778208504,R_100,560.2
1778208506,R_100,560.04
1778208508,R_100,559.91
1778208510,R_100,559.93
1778208512,R_100,560.22
1778208514,R_100,560.13
1778208516,R_100,560.19
1778208518,R_100,560.04
1778208520,R_100,559.91
1778208522,R_100,559.86
1778208524,R_100,559.82
1778208526,R_100,559.95
1778208528,R_100,560.06
1778208530,R_100,560.09
1778208532,R_100,560.16
1778208534,R_100,560.2
1778208536,R_100,560.17
1778208538,R_100,560.49
1778208540,R_100,560.6
1778208542,R_100,560.52
1778208544,R_100,560.34
1778208546,R_100,560.33
1778208548,R_100,560.19
1778208550,R_100,560.13
1778208552,R_100,560.03
1778208554,R_100,560.07
1778208556,R_100,559.73
1778208558,R_100,559.82
1778208560,R_100,559.64
1778208562,R_100,559.81
1778208564,R_100,559.66
1778208566,R_100,559.63
1778208568,R_100,559.72
1778208570,R_100,559.67
1778208572,R_100,559.55
1778208574,R_100,559.55
1778208576,R_100,559.7
1778208578,R_100,559.76
1778208580,R_100,559.63
1778208582,R_100,559.56
1778208584,R_100,559.26
1778208586,R_100,559.44
1778208588,R_100,559.24
1778208590,R_100,559.57
1778208592,R_100,559.36
1778208594,R_100,559.42
1778208596,R_100,559.45
1778208598,R_100,559.26
1778208600,R_100,559.12
1778208602,R_100,559.15
1778208604,R_100,559.2
1778208606,R_100,559.22
1778208608,R_100,559.34
1778208610,R_100,559.67
1778208612,R_100,559.57
