epoch,symbol,price
1781311794,R_75,36925.7546
1781311796,R_75,36933.6769
1781311798,R_75,36936.6174
1781311800,R_75,36941.5893
1781311802,R_75,36934.9395
1781311804,R_75,36929.6477
1781311806,R_75,36932.1445
1781311808,R_75,36942.9429
1781311810,R_75,36936.5967
1781311812,R_75,36928.4474
1781311814,R_75,36925.4166
1781311816,R_75,36934.9254
1781311818,R_75,36932.7837
1781311820,R_75,36940.4968
1781311822,R_75,36936.4247
1781311824,R_75,36943.3234
1781311826,R_75,36943.6758
1781311828,R_75,36942.3372
1781311830,R_75,36937.1623
1781311832,R_75,36933.7509
1781311834,R_75,36934.8629
1781311836,R_75,36949.7324
1781311838,R_75,36955.1655
1781311840,R_75,36943.1637
1781311842,R_75,36942.5135
1781311844,R_75,36944.5634
1781311846,R_75,36957.6474
1781311848,R_75,36962.3965
1781311850,R_75,36963.1163
1781311852,R_75,36969.4494
1781311854,R_75,36964.8697
1781311856,R_75,36965.1215
1781311858,R_75,36970.9395
1781311860,R_75,36970.1017
1781311862,R_75,36963.6875
1781311864,R_75,36966.7051
1781311866,R_75,36967.2644
1781311868,R_75,36975.4059
1781311870,R_75,36980.399
1781311872,R_75,36987.3575
1781311874,R_75,36996.417
1781311876,R_75,36989.2523
1781311878,R_75,36980.6508
1781311880,R_75,36967.0138
1781311882,R_75,36972.1794
1781311884,R_75,36965.1151
1781311886,R_75,36953.0571
1781311888,R_75,36947.7933
1781311890,R_75,36950.7103
1781311892,R_75,36943.0807
1781311894,R_75,36941.1731
1781311896,R_75,36917.1084
1781311898,R_75,36919.7937
1781311900,R_75,36917.4667
1781311902,R_75,36928.5397
1781311904,R_75,36921.3007
1781311906,R_75,36928.229
1781311908,R_75,36922.7172
1781311910,R_75,36921.1967
1781311912,R_75,36925.2563
1781311914,R_75,36919.7605
1781311916,R_75,36923.2996
1781311918,R_75,36927.1262
1781311920,R_75,36922.0031
1781311922,R_75,36925.8723
1781311924,R_75,36918.6929
1781311926,R_75,36920.1012
1781311928,R_75,36913.8113
1781311930,R_75,36910.2384
1781311932,R_75,36908.3934
1781311934,R_75,36916.1133
1781311936,R_75,36927.0161
1781311938,R_75,36932.9926
1781311940,R_75,36936.3799
1781311942,R_75,36938.854
1781311944,R_75,36945.633
1781311946,R_75,36942.2431
1781311948,R_75,36946.3431
1781311950,R_75,36961.879
1781311952,R_75,36978.5884
1781311954,R_75,36967.1095
1781311956,R_75,36965.224
1781311958,R_75,36970.4333
1781311960,R_75,36957.5052
1781311962,R_75,36952.5713
1781311964,R_75,36944.2705
1781311966,R_75,36934.6493
1781311968,R_75,36930.778
1781311970,R_75,36928.5465
1781311972,R_75,36917.7526
1781311974,R_75,36915.1359
1781311976,R_75,36911.62
1781311978,R_75,36917.9709
1781311980,R_75,36924.6609
1781311982,R_75,36919.0292
1781311984,R_75,36918.2575
1781311986,R_75,36918.0625
1781311988,R_75,36919.6461
1781311990,R_75,36916.716
1781311992,R_75,36904.2121
1781311994,R_75,36904.0996
1781311996,R_75,36905.9569
1781311998,R_75,36905.9416
1781312000,R_75,36881.5369
1781312002,R_75,36866.7279
1781312004,R_75,36861.4787
1781312006,R_75,36860.8749
1781312008,R_75,36852.3752
1781312010,R_75,36850.402
1781312012,R_75,36859.1256
1781312014,R_75,36856.2091
1781312016,R_75,36848.7549
1781312018,R_75,36844.7866
1781312020,R_75,36834.0493
1781312022,R_75,36830.9771
1781312024,R_75,36836.2492
1781312026,R_75,36841.5231
1781312028,R_75,36848.5345
1781312030,R_75,36864.8879
1781312032,R_75,36852.8339
1781312034,R_75,36858.7997
1781312036,R_75,36858.2338
1781312038,R_75,36851.9655
1781312040,R_75,36837.1451
1781312042,R_75,36838.6061
1781312044,R_75,36832.5929
1781312046,R_75,36814.6718
1781312048,R_75,36797.5179
1781312050,R_75,36799.5699
1781312052,R_75,36797.8118
1781312054,R_75,36822.4334
1781312056,R_75,36820.7511
1781312058,R_75,36806.2784
1781312060,R_75,36804.0369
1781312062,R_75,36797.3898
1781312064,R_75,36800.6615
1781312066,R_75,36803.4796
1781312068,R_75,36806.2904
1781312070,R_75,36799.9316
1781312072,R_75,36798.458
1781312074,R_75,36790.59
1781312076,R_75,36800.9206
1781312078,R_75,36791.5268
1781312080,R_75,36798.1604
1781312082,R_75,36796.2897
1781312084,R_75,36802.1645
1781312086,R_75,36799.305
1781312088,R_75,36799.7009
1781312090,R_75,36816.9171
1781312092,R_75,36806.0393
1781312094,R_75,36800.0326
1781312096,R_75,36800.3773
1781312098,R_75,36809.909
1781312100,R_75,36813.4781
1781312102,R_75,36816.7213
1781312104,R_75,36810.8794
1781312106,R_75,36803.3864
1781312108,R_75,36800.4429
1781312110,R_75,36802.6299
1781312112,R_75,36803.7485
1781312114,R_75,36800.4406
1781312116,R_75,36797.3907
1781312118,R_75,36806.955
1781312120,R_75,36800.9486
1781312122,R_75,36807.0583
1781312124,R_75,36811.0612
1781312126,R_75,36816.6912
1781312128,R_75,36815.0407
1781312130,R_75,36812.7341
1781312132,R_75,36802.2539
1781312134,R_75,36795.6411
1781312136,R_75,36791.2457
1781312138,R_75,36784.8403
1781312140,R_75,36782.6613
1781312142,R_75,36787.9783
1781312144,R_75,36792.0691
1781312146,R_75,36795.8369
1781312148,R_75,36783.4693
1781312150,R_75,36779.6008
1781312152,R_75,36787.4045
1781312154,R_75,36782.8777
1781312156,R_75,36795.0523
1781312158,R_75,36795.5983
1781312160,R_75,36800.5991
1781312162,R_75,36797.7366
1781312164,R_75,36796.6855
1781312166,R_75,36802.26
1781312168,R_75,36811.8603
1781312170,R_75,36804.8204
1781312172,R_75,36807.5634
1781312174,R_75,36808.9183
1781312176,R_75,36810.5839
1781312178,R_75,36808.7534
1781312180,R_75,36803.1645
1781312182,R_75,36795.0799
1781312184,R_75,36784.1746
1781312186,R_75,36790.1509
1781312188,R_75,36785.0366
1781312190,R_75,36789.62
1781312192,R_75,36778.1391
1781312194,R_75,36780.2611
1781312196,R_75,36774.0454
1781312198,R_75,36766.311
1781312200,R_75,36764.5493
1781312202,R_75,36762.3111
1781312204,R_75,36752.6141
1781312206,R_75,36753.777
1781312208,R_75,36757.9864
1781312210,R_75,36754.0553
1781312212,R_75,36757.7443
1781312214,R_75,36747.7194
1781312216,R_75,36746.3389
1781312218,R_75,36746.2623
1781312220,R_75,36739.0662
1781312222,R_75,36743.7045
1781312224,R_75,36740.6847
1781312226,R_75,36759.3201
1781312228,R_75,36751.2788
1781312230,R_75,36772.7697
1781312232,R_75,36770.0886
1781312234,R_75,36767.5848
1781312236,R_75,36776.5171
1781312238,R_75,36776.9945
1781312240,R_75,36782.8126
1781312242,R_75,36778.9471
1781312244,R_75,36771.8075
1781312246,R_75,36776.9282
1781312248,R_75,36777.8306
1781312250,R_75,36781.9277
1781312252,R_75,36788.3741
1781312254,R_75,36791.2481
1781312256,R_75,36797.2583
1781312258,R_75,36793.7307
1781312260,R_75,36789.2722
1781312262,R_75,36796.0016
1781312264,R_75,36802.3239
1781312266,R_75,36808.6422
1781312268,R_75,36795.565
1781312270,R_75,36790.9114
1781312272,R_75,36793.3987
1781312274,R_75,36792.1846
1781312276,R_75,36788.5496
1781312278,R_75,36786.7338
1781312280,R_75,36794.6878
1781312282,R_75,36793.4433
1781312284,R_75,36794.818
1781312286,R_75,36789.2645
1781312288,R_75,36785.2997
1781312290,R_75,36791.3658
1781312292,R_75,36791.8925
1781312294,R_75,36796.8392
1781312296,R_75,36798.2742
1781312298,R_75,36798.5696
1781312300,R_75,36805.8577
1781312302,R_75,36804.7211
1781312304,R_75,36795.3309
1781312306,R_75,36793.7576
1781312308,R_75,36794.7756
1781312310,R_75,36797.6837
1781312312,R_75,36794.1081
1781312314,R_75,36810.4932
1781312316,R_75,36815.6194
1781312318,R_75,36812.4564
1781312320,R_75,36811.3987
1781312322,R_75,36804.0494
1781312324,R_75,36803.0275
1781312326,R_75,36804.9133
1781312328,R_75,36811.9425
1781312330,R_75,36806.9354
1781312332,R_75,36795.9666
1781312334,R_75,36792.6898
1781312336,R_75,36801.9361
1781312338,R_75,36805.4012
1781312340,R_75,36803.2661
1781312342,R_75,36805.1981
1781312344,R_75,36796.3013
1781312346,R_75,36787.7675
1781312348,R_75,36783.2815
1781312350,R_75,36772.0799
1781312352,R_75,36772.1442
1781312354,R_75,36775.5443
1781312356,R_75,36779.7698
1781312358,R_75,36784.8022
1781312360,R_75,36785.3242
1781312362,R_75,36776.4168
1781312364,R_75,36787.4386
1781312366,R_75,36782.4978
1781312368,R_75,36789.2777
1781312370,R_75,36777.2913
1781312372,R_75,36779.5899
1781312374,R_75,36775.5282
1781312376,R_75,36775.1813
1781312378,R_75,36781.833
1781312380,R_75,36772.9715
1781312382,R_75,36761.1454
1781312384,R_75,36754.1229
1781312386,R_75,36744.3668
1781312388,R_75,36739.0846
1781312390,R_75,36749.391
1781312392,R_75,36768.8969
1781312394,R_75,36773.4005
1781312396,R_75,36771.8863
1781312398,R_75,36762.026
1781312400,R_75,36770.4466
1781312402,R_75,36772.4792
1781312404,R_75,36768.1901
1781312406,R_75,36766.1023
1781312408,R_75,36771.781
1781312410,R_75,36779.074
1781312412,R_75,36781.7788
1781312414,R_75,36774.7423
1781312416,R_75,36784.4262
1781312418,R_75,36783.1026
1781312420,R_75,36773.5932
1781312422,R_75,36787.6746
1781312424,R_75,36795.6907
1781312426,R_75,36774.9654
1781312428,R_75,36773.7921
1781312430,R_75,36763.688
1781312432,R_75,36754.3543
1781312434,R_75,36746.2348
1781312436,R_75,36759.443
1781312438,R_75,36754.2388
1781312440,R_75,36738.0302
1781312442,R_75,36747.3683
1781312444,R_75,36744.5523
1781312446,R_75,36737.3092
1781312448,R_75,36747.0061
1781312450,R_75,36742.2478
1781312452,R_75,36736.3517
1781312454,R_75,36727.8577
1781312456,R_75,36725.2227
1781312458,R_75,36725.7708
1781312460,R_75,36734.6968
1781312462,R_75,36739.5932
1781312464,R_75,36739.0146
1781312466,R_75,36738.9552
1781312468,R_75,36735.6123
1781312470,R_75,36744.7893
1781312472,R_75,36738.9811
1781312474,R_75,36743.3293
1781312476,R_75,36747.3302
1781312478,R_75,36745.9074
1781312480,R_75,36750.7217
1781312482,R_75,36757.0888
1781312484,R_75,36757.9386
1781312486,R_75,36765.1075
1781312488,R_75,36768.5414
1781312490,R_75,36771.7586
1781312492,R_75,36776.4201
1781312494,R_75,36789.59
1781312496,R_75,36788.4114
1781312498,R_75,36781.336
1781312500,R_75,36789.7526
1781312502,R_75,36796.9642
1781312504,R_75,36789.5514
1781312506,R_75,36794.3613
1781312508,R_75,36782.0446
1781312510,R_75,36774.3679
1781312512,R_75,36765.6548
1781312514,R_75,36755.6813
1781312516,R_75,36754.0335
1781312518,R_75,36763.685
1781312520,R_75,36753.2891
1781312522,R_75,36752.8798
1781312524,R_75,36764.5836
1781312526,R_75,36765.5717
1781312528,R_75,36755.4471
1781312530,R_75,36758.1519
1781312532,R_75,36761.4798
1781312534,R_75,36752.233
1781312536,R_75,36749.862
1781312538,R_75,36747.7841
1781312540,R_75,36742.1583
1781312542,R_75,36739.3116
1781312544,R_75,36724.2186
1781312546,R_75,36715.4841
1781312548,R_75,36716.4288
1781312550,R_75,36717.2763
1781312552,R_75,36719.0269
1781312554,R_75,36724.9048
1781312556,R_75,36727.2636
1781312558,R_75,36719.39
1781312560,R_75,36718.0606
1781312562,R_75,36700.1491
1781312564,R_75,36693.4448
1781312566,R_75,36693.708
1781312568,R_75,36697.4772
1781312570,R_75,36695.1112
1781312572,R_75,36688.4739
1781312574,R_75,36693.7777
1781312576,R_75,36693.7099
1781312578,R_75,36693.4361
1781312580,R_75,36688.1813
1781312582,R_75,36698.107
1781312584,R_75,36694.2998
1781312586,R_75,36686.3172
1781312588,R_75,36679.6739
1781312590,R_75,36687.223
1781312592,R_75,36684.8418
1781312594,R_75,36681.803
1781312596,R_75,36669.953
1781312598,R_75,36666.3374
1781312600,R_75,36662.2721
1781312602,R_75,36664.2024
1781312604,R_75,36663.1854
1781312606,R_75,36661.2085
1781312608,R_75,36669.2532
1781312610,R_75,36657.0817
1781312612,R_75,36657.4097
1781312614,R_75,36659.7267
1781312616,R_75,36662.8731
1781312618,R_75,36663.3635
1781312620,R_75,36667.346
1781312622,R_75,36665.3973
1781312624,R_75,36657.1044
1781312626,R_75,36665.7328
1781312628,R_75,36665.4353
1781312630,R_75,36655.9691
1781312632,R_75,36657.2553
1781312634,R_75,36659.6369
1781312636,R_75,36649.2356
1781312638,R_75,36643.3265
1781312640,R_75,36642.0398
1781312642,R_75,36647.4114
1781312644,R_75,36656.2167
1781312646,R_75,36648.0856
1781312648,R_75,36654.2019
1781312650,R_75,36655.4845
1781312652,R_75,36656.1612
1781312654,R_75,36645.2425
1781312656,R_75,36650.903
1781312658,R_75,36646.4646
1781312660,R_75,36639.2629
1781312662,R_75,36639.2031
1781312664,R_75,36635.7476
1781312666,R_75,36637.4966
1781312668,R_75,36640.8179
1781312670,R_75,36640.5848
1781312672,R_75,36639.9468
1781312674,R_75,36650.3555
1781312676,R_75,36654.8135
1781312678,R_75,36662.8602
1781312680,R_75,36668.5995
1781312682,R_75,36678.5336
1781312684,R_75,36671.5004
1781312686,R_75,36672.6357
1781312688,R_75,36675.4341
1781312690,R_75,36670.637
1781312692,R_75,36673.15
1781312694,R_75,36681.7567
1781312696,R_75,36676.9274
1781312698,R_75,36670.1663
1781312700,R_75,36673.2864
1781312702,R_75,36680.8278
1781312704,R_75,36666.1155
1781312706,R_75,36662.7059
1781312708,R_75,36662.3246
1781312710,R_75,36658.8029
1781312712,R_75,36647.0198
1781312714,R_75,36646.9037
1781312716,R_75,36638.2936
1781312718,R_75,36647.5265
1781312720,R_75,36646.0954
1781312722,R_75,36644.3974
1781312724,R_75,36637.3756
1781312726,R_75,36624.8314
1781312728,R_75,36626.4514
1781312730,R_75,36623.0032
1781312732,R_75,36608.6465
1781312734,R_75,36608.587
1781312736,R_75,36592.9019
1781312738,R_75,36589.197
1781312740,R_75,36588.5369
1781312742,R_75,36592.8991
1781312744,R_75,36595.9177
1781312746,R_75,36591.4964
1781312748,R_75,36596.8211
1781312750,R_75,36597.6509
1781312752,R_75,36582.8359
1781312754,R_75,36578.4378
1781312756,R_75,36587.7493
1781312758,R_75,36590.7568
1781312760,R_75,36595.4821
1781312762,R_75,36580.2436
1781312764,R_75,36576.7643
1781312766,R_75,36560.8172
1781312768,R_75,36563.0112
1781312770,R_75,36563.0867
1781312772,R_75,36556.7743
1781312774,R_75,36550.052
1781312776,R_75,36552.969
1781312778,R_75,36547.1535
1781312780,R_75,36543.168
1781312782,R_75,36530.3674
1781312784,R_75,36534.9556
1781312786,R_75,36536.7639
1781312788,R_75,36533.5232
1781312790,R_75,36533.8393
1781312792,R_75,36527.0872
1781312794,R_75,36525.8365
1781312796,R_75,36529.4261
1781312798,R_75,36531.9945
1781312800,R_75,36535.0562
1781312802,R_75,36533.7444
1781312804,R_75,36530.9302
1781312806,R_75,36538.7795
1781312808,R_75,36534.47
1781312810,R_75,36544.4371
1781312812,R_75,36548.9259
1781312814,R_75,36540.3148
1781312816,R_75,36526.8226
1781312818,R_75,36515.9547
1781312820,R_75,36508.7352
1781312822,R_75,36516.9489
1781312824,R_75,36515.3295
1781312826,R_75,36514.4141
1781312828,R_75,36519.1209
1781312830,R_75,36512.4859
1781312832,R_75,36506.0238
1781312834,R_75,36506.147
1781312836,R_75,36507.0813
1781312838,R_75,36498.968
1781312840,R_75,36498.7989
1781312842,R_75,36503.6677
1781312844,R_75,36501.032
1781312846,R_75,36495.3131
1781312848,R_75,36489.6311
1781312850,R_75,36479.0341
1781312852,R_75,36480.0374
1781312854,R_75,36486.7195
1781312856,R_75,36482.3794
1781312858,R_75,36471.1947
1781312860,R_75,36462.9893
1781312862,R_75,36460.8288
1781312864,R_75,36480.2753
1781312866,R_75,36479.0056
1781312868,R_75,36488.0723
1781312870,R_75,36480.3882
1781312872,R_75,36476.5837
1781312874,R_75,36464.1323
1781312876,R_75,36465.2901
1781312878,R_75,36466.7761
1781312880,R_75,36476.5938
1781312882,R_75,36461.0271
1781312884,R_75,36453.0127
1781312886,R_75,36447.2382
1781312888,R_75,36445.1472
1781312890,R_75,36441.4436
1781312892,R_75,36444.6863
1781312894,R_75,36432.0875
1781312896,R_75,36433.8592
1781312898,R_75,36421.3999
1781312900,R_75,36436.1294
1781312902,R_75,36443.8365
1781312904,R_75,36441.5474
1781312906,R_75,36448.7494
1781312908,R_75,36451.5846
1781312910,R_75,36452.8519
1781312912,R_75,36460.8328
1781312914,R_75,36473.726
1781312916,R_75,36466.4964
1781312918,R_75,36461.415
1781312920,R_75,36470.1742
1781312922,R_75,36480.8987
1781312924,R_75,36485.963
1781312926,R_75,36483.1416
1781312928,R_75,36485.2919
1781312930,R_75,36489.5432
1781312932,R_75,36499.1417
1781312934,R_75,36504.3044
1781312936,R_75,36525.9913
1781312938,R_75,36521.7234
1781312940,R_75,36518.5094
1781312942,R_75,36516.0958
1781312944,R_75,36508.1417
1781312946,R_75,36488.964
1781312948,R_75,36497.2565
1781312950,R_75,36505.0124
1781312952,R_75,36509.1241
1781312954,R_75,36511.5795
1781312956,R_75,36512.6219
1781312958,R_75,36511.3883
1781312960,R_75,36504.7319
1781312962,R_75,36498.8713
1781312964,R_75,36505.0445
1781312966,R_75,36511.3911
1781312968,R_75,36514.7702
1781312970,R_75,36537.0399
1781312972,R_75,36540.661
1781312974,R_75,36531.2003
1781312976,R_75,36522.5713
1781312978,R_75,36522.4953
1781312980,R_75,36521.1103
1781312982,R_75,36517.4346
1781312984,R_75,36510.4566
1781312986,R_75,36504.4329
1781312988,R_75,36504.3534
1781312990,R_75,36502.6312
1781312992,R_75,36502.7296
1781312994,R_75,36505.5853
1781312996,R_75,36500.4531
1781312998,R_75,36497.2357
1781313000,R_75,36503.238
1781313002,R_75,36502.2964
1781313004,R_75,36502.2969
1781313006,R_75,36503.7933
1781313008,R_75,36507.8489
1781313010,R_75,36499.9284
1781313012,R_75,36509.4285
1781313014,R_75,36504.9827
1781313016,R_75,36511.4836
1781313018,R_75,36498.2616
1781313020,R_75,36494.1015
1781313022,R_75,36499.2515
1781313024,R_75,36502.6062
1781313026,R_75,36518.4745
1781313028,R_75,36507.2596
1781313030,R_75,36497.3549
1781313032,R_75,36491.7055
1781313034,R_75,36482.1609
1781313036,R_75,36487.0451
1781313038,R_75,36491.2441
1781313040,R_75,36492.7027
1781313042,R_75,36493.2495
1781313044,R_75,36493.4388
1781313046,R_75,36488.6408
1781313048,R_75,36479.4019
1781313050,R_75,36486.5164
1781313052,R_75,36481.4759
1781313054,R_75,36480.9271
1781313056,R_75,36483.6883
1781313058,R_75,36486.9099
1781313060,R_75,36483.5329
1781313062,R_75,36482.1723
1781313064,R_75,36471.0309
1781313066,R_75,36472.8095
1781313068,R_75,36476.9527
1781313070,R_75,36478.2047
1781313072,R_75,36475.5578
1781313074,R_75,36479.9867
1781313076,R_75,36478.8275
1781313078,R_75,36487.2743
1781313080,R_75,36494.2056
1781313082,R_75,36491.5079
1781313084,R_75,36500.5379
1781313086,R_75,36491.2807
1781313088,R_75,36489.0211
1781313090,R_75,36477.1796
1781313092,R_75,36465.364
1781313094,R_75,36463.3937
1781313096,R_75,36463.606
1781313098,R_75,36462.6744
1781313100,R_75,36469.8066
1781313102,R_75,36468.5942
1781313104,R_75,36465.1334
1781313106,R_75,36452.2363
1781313108,R_75,36457.944
1781313110,R_75,36446.6977
1781313112,R_75,36450.3726
1781313114,R_75,36441.2256
1781313116,R_75,36440.5013
1781313118,R_75,36439.3568
1781313120,R_75,36451.3272
1781313122,R_75,36453.1116
1781313124,R_75,36450.7425
1781313126,R_75,36456.1086
1781313128,R_75,36465.7682
1781313130,R_75,36465.678
1781313132,R_75,36463.5289
1781313134,R_75,36473.365
1781313136,R_75,36472.0002
1781313138,R_75,36472.2293
1781313140,R_75,36474.7239
1781313142,R_75,36480.3932
1781313144,R_75,36470.727
1781313146,R_75,36467.9228
1781313148,R_75,36471.9878
1781313150,R_75,36472.4858
1781313152,R_75,36487.0988
1781313154,R_75,36495.0903
1781313156,R_75,36489.0249
1781313158,R_75,36482.3288
1781313160,R_75,36468.8269
1781313162,R_75,36471.8803
1781313164,R_75,36465.874
1781313166,R_75,36473.3563
1781313168,R_75,36475.4336
1781313170,R_75,36476.4316
1781313172,R_75,36474.4181
1781313174,R_75,36470.1823
1781313176,R_75,36476.3323
1781313178,R_75,36481.1039
1781313180,R_75,36493.2946
1781313182,R_75,36483.5704
1781313184,R_75,36499.7804
1781313186,R_75,36501.6081
1781313188,R_75,36510.2325
1781313190,R_75,36502.7349
1781313192,R_75,36505.4269
1781313194,R_75,36507.8201
1781313196,R_75,36515.0566
1781313198,R_75,36518.7867
1781313200,R_75,36509.8822
1781313202,R_75,36506.1697
1781313204,R_75,36504.6142
1781313206,R_75,36509.3356
1781313208,R_75,36502.4239
1781313210,R_75,36513.9104
1781313212,R_75,36519.8028
1781313214,R_75,36516.7462
1781313216,R_75,36527.0886
1781313218,R_75,36519.8106
1781313220,R_75,36527.5932
1781313222,R_75,36528.7274
1781313224,R_75,36533.0401
1781313226,R_75,36538.663
1781313228,R_75,36540.2511
1781313230,R_75,36541.7012
1781313232,R_75,36545.2849
1781313234,R_75,36538.7585
1781313236,R_75,36548.3559
1781313238,R_75,36546.2008
1781313240,R_75,36549.2487
1781313242,R_75,36545.6884
1781313244,R_75,36550.3728
1781313246,R_75,36551.8349
1781313248,R_75,36541.7093
1781313250,R_75,36558.2029
1781313252,R_75,36556.5254
1781313254,R_75,36575.3423
1781313256,R_75,36577.1495
1781313258,R_75,36571.3524
1781313260,R_75,36565.7137
1781313262,R_75,36557.4831
1781313264,R_75,36553.4626
1781313266,R_75,36562.8604
1781313268,R_75,36563.3195
1781313270,R_75,36569.202
1781313272,R_75,36576.0959
1781313274,R_75,36582.0417
1781313276,R_75,36589.8492
1781313278,R_75,36577.3282
1781313280,R_75,36572.9536
1781313282,R_75,36580.8383
1781313284,R_75,36581.2327
1781313286,R_75,36587.3123
1781313288,R_75,36589.5191
1781313290,R_75,36597.0893
1781313292,R_75,36592.4806
1781313294,R_75,36596.7863
1781313296,R_75,36593.4124
1781313298,R_75,36596.3298
1781313300,R_75,36591.9687
1781313302,R_75,36584.6341
1781313304,R_75,36588.382
1781313306,R_75,36600.9112
1781313308,R_75,36598.9516
1781313310,R_75,36601.9246
1781313312,R_75,36605.3818
1781313314,R_75,36599.9299
1781313316,R_75,36599.6416
1781313318,R_75,36614.6051
1781313320,R_75,36625.0533
1781313322,R_75,36624.561
1781313324,R_75,36619.1717
1781313326,R_75,36628.3667
1781313328,R_75,36627.0052
1781313330,R_75,36631.0712
1781313332,R_75,36627.0282
1781313334,R_75,36624.4137
1781313336,R_75,36638.1996
1781313338,R_75,36631.4718
1781313340,R_75,36624.343
1781313342,R_75,36621.31
1781313344,R_75,36630.4038
1781313346,R_75,36626.4353
1781313348,R_75,36620.2506
1781313350,R_75,36623.5062
1781313352,R_75,36617.6678
1781313354,R_75,36621.9823
1781313356,R_75,36630.6593
1781313358,R_75,36619.8464
1781313360,R_75,36614.964
1781313362,R_75,36625.1167
1781313364,R_75,36630.7923
1781313366,R_75,36631.4476
1781313368,R_75,36628.5957
1781313370,R_75,36621.3056
1781313372,R_75,36610.2771
1781313374,R_75,36616.8174
1781313376,R_75,36621.1707
1781313378,R_75,36617.9609
1781313380,R_75,36607.7278
1781313382,R_75,36596.7621
1781313384,R_75,36586.7502
1781313386,R_75,36592.1717
1781313388,R_75,36593.5242
1781313390,R_75,36592.4181
1781313392,R_75,36594.3304
1781313394,R_75,36590.6646
1781313396,R_75,36595.2753
1781313398,R_75,36591.1569
1781313400,R_75,36581.7314
1781313402,R_75,36585.8737
1781313404,R_75,36590.5668
1781313406,R_75,36597.4365
1781313408,R_75,36591.9368
1781313410,R_75,36588.9419
1781313412,R_75,36601.1217
1781313414,R_75,36591.8586
1781313416,R_75,36598.0063
1781313418,R_75,36604.9666
1781313420,R_75,36598.5865
1781313422,R_75,36601.6788
1781313424,R_75,36598.8165
1781313426,R_75,36611.0413
1781313428,R_75,36614.9572
1781313430,R_75,36615.6907
1781313432,R_75,36604.9033
1781313434,R_75,36603.9521
1781313436,R_75,36610.2082
1781313438,R_75,36605.952
1781313440,R_75,36605.5514
1781313442,R_75,36601.0682
1781313444,R_75,36599.8495
1781313446,R_75,36596.7493
1781313448,R_75,36589.6502
1781313450,R_75,36588.6502
1781313452,R_75,36593.8134
1781313454,R_75,36595.6023
1781313456,R_75,36592.4639
1781313458,R_75,36602.3087
1781313460,R_75,36601.7518
1781313462,R_75,36600.2714
1781313464,R_75,36597.7804
1781313466,R_75,36600.8699
1781313468,R_75,36600.6417
1781313470,R_75,36608.6167
1781313472,R_75,36618.3263
1781313474,R_75,36607.7854
1781313476,R_75,36609.2202
1781313478,R_75,36610.3733
1781313480,R_75,36617.9745
1781313482,R_75,36618.758
1781313484,R_75,36629.5085
1781313486,R_75,36637.9733
1781313488,R_75,36626.5717
1781313490,R_75,36625.4319
1781313492,R_75,36631.2465
1781313494,R_75,36630.8867
1781313496,R_75,36630.7949
1781313498,R_75,36625.0745
1781313500,R_75,36631.7973
1781313502,R_75,36626.4789
1781313504,R_75,36618.8393
1781313506,R_75,36624.815
1781313508,R_75,36636.7436
1781313510,R_75,36637.9392
1781313512,R_75,36629.371
1781313514,R_75,36612.2238
1781313516,R_75,36618.7112
1781313518,R_75,36608.5873
1781313520,R_75,36601.8636
1781313522,R_75,36610.7736
1781313524,R_75,36614.7738
1781313526,R_75,36608.8008
1781313528,R_75,36600.1248
1781313530,R_75,36595.3096
1781313532,R_75,36593.8866
1781313534,R_75,36597.6175
1781313536,R_75,36591.2014
1781313538,R_75,36591.5057
1781313540,R_75,36596.7426
1781313542,R_75,36594.9813
1781313544,R_75,36595.5187
1781313546,R_75,36589.1397
1781313548,R_75,36581.2709
1781313550,R_75,36583.55
1781313552,R_75,36573.9447
1781313554,R_75,36581.5826
1781313556,R_75,36572.3635
1781313558,R_75,36579.2969
1781313560,R_75,36568.4527
1781313562,R_75,36563.9683
1781313564,R_75,36562.483
1781313566,R_75,36553.5674
1781313568,R_75,36546.0326
1781313570,R_75,36552.647
1781313572,R_75,36544.375
1781313574,R_75,36534.23
1781313576,R_75,36530.4213
1781313578,R_75,36534.2322
1781313580,R_75,36535.9832
1781313582,R_75,36523.8522
1781313584,R_75,36529.3577
1781313586,R_75,36522.1328
1781313588,R_75,36521.3508
1781313590,R_75,36516.1489
1781313592,R_75,36520.0309
1781313594,R_75,36517.0429
1781313596,R_75,36514.412
1781313598,R_75,36511.8527
1781313600,R_75,36506.6588
1781313602,R_75,36508.2763
1781313604,R_75,36507.0124
1781313606,R_75,36498.2256
1781313608,R_75,36497.096
1781313610,R_75,36497.8297
1781313612,R_75,36503.4842
1781313614,R_75,36490.1187
1781313616,R_75,36487.8947
1781313618,R_75,36476.6167
1781313620,R_75,36475.708
1781313622,R_75,36471.9299
1781313624,R_75,36479.6092
1781313626,R_75,36480.8911
1781313628,R_75,36462.4708
1781313630,R_75,36464.3237
1781313632,R_75,36458.6966
1781313634,R_75,36450.0324
1781313636,R_75,36455.3583
1781313638,R_75,36447.9031
1781313640,R_75,36457.7557
1781313642,R_75,36460.0499
1781313644,R_75,36471.1426
1781313646,R_75,36464.3014
1781313648,R_75,36469.7741
1781313650,R_75,36465.5592
1781313652,R_75,36469.6242
1781313654,R_75,36471.9433
1781313656,R_75,36472.6149
1781313658,R_75,36476.1365
1781313660,R_75,36476.9167
1781313662,R_75,36483.4046
1781313664,R_75,36487.1279
1781313666,R_75,36480.9111
1781313668,R_75,36480.3055
1781313670,R_75,36477.8491
1781313672,R_75,36470.8511
1781313674,R_75,36478.0342
1781313676,R_75,36484.3677
1781313678,R_75,36488.3919
1781313680,R_75,36488.8318
1781313682,R_75,36500.7145
1781313684,R_75,36493.4638
1781313686,R_75,36482.0884
1781313688,R_75,36478.2328
1781313690,R_75,36474.6218
1781313692,R_75,36473.6253
1781313694,R_75,36479.5074
1781313696,R_75,36485.386
1781313698,R_75,36472.288
1781313700,R_75,36474.1117
1781313702,R_75,36487.7585
1781313704,R_75,36484.5942
1781313706,R_75,36486.7093
1781313708,R_75,36485.2113
1781313710,R_75,36482.4145
1781313712,R_75,36472.4526
1781313714,R_75,36458.336
1781313716,R_75,36460.0075
1781313718,R_75,36456.1997
1781313720,R_75,36458.3932
1781313722,R_75,36448.4085
1781313724,R_75,36461.1183
1781313726,R_75,36467.6244
1781313728,R_75,36463.1268
1781313730,R_75,36454.7657
1781313732,R_75,36447.4541
1781313734,R_75,36443.174
1781313736,R_75,36440.1541
1781313738,R_75,36436.7715
1781313740,R_75,36433.1348
1781313742,R_75,36434.3836
1781313744,R_75,36435.0263
1781313746,R_75,36453.7513
1781313748,R_75,36447.8408
1781313750,R_75,36451.377
1781313752,R_75,36452.0994
1781313754,R_75,36445.5818
1781313756,R_75,36450.7249
1781313758,R_75,36446.9153
1781313760,R_75,36449.3679
1781313762,R_75,36451.7026
1781313764,R_75,36448.6867
1781313766,R_75,36455.5755
1781313768,R_75,36448.7469
1781313770,R_75,36444.0468
1781313772,R_75,36436.4801
1781313774,R_75,36427.1267
1781313776,R_75,36401.954
1781313778,R_75,36418.0619
1781313780,R_75,36416.6454
1781313782,R_75,36412.6933
1781313784,R_75,36414.9178
1781313786,R_75,36419.0842
1781313788,R_75,36416.9474
1781313790,R_75,36413.8966
1781313792,R_75,36410.8244
1781313794,R_75,36401.2427
1781313796,R_75,36398.9234
1781313798,R_75,36403.0389
1781313800,R_75,36412.412
1781313802,R_75,36402.9631
1781313804,R_75,36399.0416
1781313806,R_75,36403.6968
1781313808,R_75,36404.5706
1781313810,R_75,36412.5438
1781313812,R_75,36400.7111
1781313814,R_75,36403.6649
1781313816,R_75,36411.7553
1781313818,R_75,36411.9565
1781313820,R_75,36420.5354
1781313822,R_75,36424.3093
1781313824,R_75,36419.9497
1781313826,R_75,36421.0881
1781313828,R_75,36417.2587
1781313830,R_75,36409.2375
1781313832,R_75,36402.4066
1781313834,R_75,36403.595
1781313836,R_75,36413.0837
1781313838,R_75,36409.7896
1781313840,R_75,36412.2352
1781313842,R_75,36410.7653
1781313844,R_75,36409.9237
1781313846,R_75,36391.4585
1781313848,R_75,36401.9997
1781313850,R_75,36397.1898
1781313852,R_75,36395.7873
1781313854,R_75,36398.0638
1781313856,R_75,36404.1684
1781313858,R_75,36417.1426
1781313860,R_75,36423.6767
1781313862,R_75,36416.2503
1781313864,R_75,36426.5211
1781313866,R_75,36425.084
1781313868,R_75,36431.5922
1781313870,R_75,36427.0955
1781313872,R_75,36429.031
1781313874,R_75,36423.581
1781313876,R_75,36419.4872
1781313878,R_75,36417.5201
1781313880,R_75,36431.3257
1781313882,R_75,36429.5292
1781313884,R_75,36433.8787
1781313886,R_75,36430.5006
1781313888,R_75,36428.6775
1781313890,R_75,36412.098
1781313892,R_75,36395.6559
1781313894,R_75,36395.6251
1781313896,R_75,36396.8599
1781313898,R_75,36395.9135
1781313900,R_75,36399.9763
1781313902,R_75,36397.4349
1781313904,R_75,36405.7062
1781313906,R_75,36399.3841
1781313908,R_75,36394.4703
1781313910,R_75,36393.696
1781313912,R_75,36405.1389
1781313914,R_75,36399.7098
1781313916,R_75,36395.0411
1781313918,R_75,36404.9371
1781313920,R_75,36415.11
1781313922,R_75,36413.8476
1781313924,R_75,36427.4219
1781313926,R_75,36430.4872
1781313928,R_75,36439.7109
1781313930,R_75,36449.2882
1781313932,R_75,36445.4377
1781313934,R_75,36447.4172
1781313936,R_75,36452.7591
1781313938,R_75,36458.0632
1781313940,R_75,36460.8183
1781313942,R_75,36475.2713
1781313944,R_75,36485.9097
1781313946,R_75,36494.9689
1781313948,R_75,36490.8073
1781313950,R_75,36494.0432
1781313952,R_75,36501.2904
1781313954,R_75,36501.6517
1781313956,R_75,36499.9271
1781313958,R_75,36492.537
1781313960,R_75,36483.3422
1781313962,R_75,36487.3796
1781313964,R_75,36487.0769
1781313966,R_75,36494.4713
1781313968,R_75,36487.0381
1781313970,R_75,36505.7088
1781313972,R_75,36511.763
1781313974,R_75,36506.168
1781313976,R_75,36507.4118
1781313978,R_75,36508.4964
1781313980,R_75,36503.6897
1781313982,R_75,36509.8632
1781313984,R_75,36512.4833
1781313986,R_75,36522.3123
1781313988,R_75,36532.2585
1781313990,R_75,36526.6549
1781313992,R_75,36517.5156
1781313994,R_75,36516.6164
1781313996,R_75,36513.0356
1781313998,R_75,36509.5904
1781314000,R_75,36494.2662
1781314002,R_75,36489.2318
1781314004,R_75,36487.5787
1781314006,R_75,36481.546
1781314008,R_75,36482.6324
1781314010,R_75,36488.3481
1781314012,R_75,36480.9888
1781314014,R_75,36480.7318
1781314016,R_75,36482.682
1781314018,R_75,36476.146
1781314020,R_75,36478.496
1781314022,R_75,36473.0251
1781314024,R_75,36467.9671
1781314026,R_75,36468.9494
1781314028,R_75,36479.2858
1781314030,R_75,36485.7961
1781314032,R_75,36493.1302
1781314034,R_75,36490.8044
1781314036,R_75,36485.3112
1781314038,R_75,36494.0043
1781314040,R_75,36496.8659
1781314042,R_75,36496.1208
1781314044,R_75,36494.1776
1781314046,R_75,36492.0557
1781314048,R_75,36487.1083
1781314050,R_75,36482.328
1781314052,R_75,36481.7596
1781314054,R_75,36474.6313
1781314056,R_75,36479.6357
1781314058,R_75,36487.2344
1781314060,R_75,36482.0706
1781314062,R_75,36480.6272
1781314064,R_75,36482.7138
1781314066,R_75,36472.3578
1781314068,R_75,36468.0019
1781314070,R_75,36463.2794
1781314072,R_75,36462.6618
1781314074,R_75,36474.8347
1781314076,R_75,36478.8648
1781314078,R_75,36478.1253
1781314080,R_75,36475.1908
1781314082,R_75,36482.0113
1781314084,R_75,36478.4619
1781314086,R_75,36494.7113
1781314088,R_75,36487.601
1781314090,R_75,36482.1042
1781314092,R_75,36488.8151
1781314094,R_75,36484.4784
1781314096,R_75,36475.2796
1781314098,R_75,36477.0802
1781314100,R_75,36486.5012
1781314102,R_75,36481.1835
1781314104,R_75,36495.5476
1781314106,R_75,36499.1951
1781314108,R_75,36490.8258
1781314110,R_75,36498.0821
1781314112,R_75,36492.3522
1781314114,R_75,36492.5294
1781314116,R_75,36493.8423
1781314118,R_75,36483.7156
1781314120,R_75,36487.7817
1781314122,R_75,36498.7979
1781314124,R_75,36494.9563
1781314126,R_75,36504.9452
1781314128,R_75,36496.963
1781314130,R_75,36500.961
1781314132,R_75,36508.772
1781314134,R_75,36502.5288
1781314136,R_75,36499.2612
1781314138,R_75,36502.9012
1781314140,R_75,36506.0079
1781314142,R_75,36504.2073
1781314144,R_75,36502.6572
1781314146,R_75,36512.7614
1781314148,R_75,36508.3296
1781314150,R_75,36512.2013
1781314152,R_75,36506.9564
1781314154,R_75,36495.6837
1781314156,R_75,36508.0153
1781314158,R_75,36508.1836
1781314160,R_75,36508.3593
1781314162,R_75,36499.9952
1781314164,R_75,36501.2107
1781314166,R_75,36509.7437
1781314168,R_75,36500.5468
1781314170,R_75,36504.7295
1781314172,R_75,36499.0112
1781314174,R_75,36501.5978
1781314176,R_75,36506.3624
1781314178,R_75,36509.2295
1781314180,R_75,36507.7265
1781314182,R_75,36503.1895
1781314184,R_75,36516.5085
1781314186,R_75,36523.6855
1781314188,R_75,36519.5113
1781314190,R_75,36509.4463
1781314192,R_75,36515.893
1781314194,R_75,36506.8404
1781314196,R_75,36498.0854
1781314198,R_75,36496.2871
1781314200,R_75,36481.2481
1781314202,R_75,36489.1147
1781314204,R_75,36490.4915
1781314206,R_75,36496.8506
1781314208,R_75,36498.2921
1781314210,R_75,36495.0762
1781314212,R_75,36490.1122
1781314214,R_75,36486.484
1781314216,R_75,36477.1439
1781314218,R_75,36477.0025
1781314220,R_75,36462.1827
1781314222,R_75,36462.2858
1781314224,R_75,36457.8134
1781314226,R_75,36464.198
1781314228,R_75,36465.3718
1781314230,R_75,36462.2201
1781314232,R_75,36455.0746
1781314234,R_75,36457.5996
1781314236,R_75,36451.9065
1781314238,R_75,36458.5134
1781314240,R_75,36465.6594
1781314242,R_75,36461.9192
1781314244,R_75,36465.6744
1781314246,R_75,36467.9163
1781314248,R_75,36466.269
1781314250,R_75,36470.4944
1781314252,R_75,36468.8482
1781314254,R_75,36458.5649
1781314256,R_75,36470.1522
1781314258,R_75,36467.2847
1781314260,R_75,36472.4566
1781314262,R_75,36468.7339
1781314264,R_75,36473.9194
1781314266,R_75,36479.73
1781314268,R_75,36482.8088
1781314270,R_75,36479.7463
1781314272,R_75,36482.9294
1781314274,R_75,36479.0053
1781314276,R_75,36478.6515
1781314278,R_75,36471.104
1781314280,R_75,36463.7519
1781314282,R_75,36453.8085
1781314284,R_75,36464.4288
1781314286,R_75,36457.728
1781314288,R_75,36471.4108
1781314290,R_75,36475.5737
1781314292,R_75,36479.0491
1781314294,R_75,36489.3929
1781314296,R_75,36482.7124
1781314298,R_75,36492.4561
1781314300,R_75,36496.7816
1781314302,R_75,36490.9367
1781314304,R_75,36488.1384
1781314306,R_75,36493.6892
1781314308,R_75,36505.9208
1781314310,R_75,36506.7554
1781314312,R_75,36507.8452
1781314314,R_75,36502.7463
1781314316,R_75,36503.6055
1781314318,R_75,36495.7826
1781314320,R_75,36500.6314
1781314322,R_75,36502.3864
1781314324,R_75,36497.9294
1781314326,R_75,36487.0925
1781314328,R_75,36482.3149
1781314330,R_75,36486.9139
1781314332,R_75,36488.5104
1781314334,R_75,36480.4852
1781314336,R_75,36484.9399
1781314338,R_75,36482.7378
1781314340,R_75,36490.375
1781314342,R_75,36486.6506
1781314344,R_75,36501.2068
1781314346,R_75,36507.2688
1781314348,R_75,36497.7369
1781314350,R_75,36484.5568
1781314352,R_75,36474.2428
1781314354,R_75,36469.4399
1781314356,R_75,36464.7647
1781314358,R_75,36473.2555
1781314360,R_75,36460.2338
1781314362,R_75,36475.132
1781314364,R_75,36478.0579
1781314366,R_75,36479.9542
1781314368,R_75,36483.9655
1781314370,R_75,36475.4539
1781314372,R_75,36473.1633
1781314374,R_75,36481.4274
1781314376,R_75,36493.8824
1781314378,R_75,36492.2507
1781314380,R_75,36500.3362
1781314382,R_75,36497.7656
1781314384,R_75,36502.8292
1781314386,R_75,36509.9656
1781314388,R_75,36497.309
1781314390,R_75,36498.3937
1781314392,R_75,36489.6908
1781314394,R_75,36500.5485
1781314396,R_75,36499.8262
1781314398,R_75,36490.2005
1781314400,R_75,36493.5885
1781314402,R_75,36495.9088
1781314404,R_75,36503.0848
1781314406,R_75,36511.3919
1781314408,R_75,36526.709
1781314410,R_75,36516.5922
1781314412,R_75,36524.5068
1781314414,R_75,36519.9672
1781314416,R_75,36514.3845
1781314418,R_75,36503.3055
1781314420,R_75,36514.6003
1781314422,R_75,36524.8849
1781314424,R_75,36523.5545
1781314426,R_75,36522.4977
1781314428,R_75,36525.9528
1781314430,R_75,36536.8132
1781314432,R_75,36535.0039
1781314434,R_75,36542.4564
1781314436,R_75,36560.4755
1781314438,R_75,36551.4053
1781314440,R_75,36559.4705
1781314442,R_75,36560.4239
1781314444,R_75,36557.4328
1781314446,R_75,36559.4975
1781314448,R_75,36562.0285
1781314450,R_75,36556.919
1781314452,R_75,36565.8467
1781314454,R_75,36567.6807
1781314456,R_75,36570.2409
1781314458,R_75,36574.0082
1781314460,R_75,36574.212
1781314462,R_75,36579.8898
1781314464,R_75,36575.5704
1781314466,R_75,36574.0014
1781314468,R_75,36574.1675
1781314470,R_75,36576.63
1781314472,R_75,36584.9459
1781314474,R_75,36589.2639
1781314476,R_75,36587.6775
1781314478,R_75,36590.6173
1781314480,R_75,36589.5178
1781314482,R_75,36594.8424
1781314484,R_75,36598.0476
1781314486,R_75,36604.9237
1781314488,R_75,36603.6897
1781314490,R_75,36602.048
1781314492,R_75,36597.5302
1781314494,R_75,36593.2846
1781314496,R_75,36611.6069
1781314498,R_75,36601.7744
1781314500,R_75,36598.3322
1781314502,R_75,36593.3623
1781314504,R_75,36597.7618
1781314506,R_75,36592.7949
1781314508,R_75,36600.347
1781314510,R_75,36610.9319
1781314512,R_75,36608.9482
1781314514,R_75,36612.0758
1781314516,R_75,36602.1423
1781314518,R_75,36595.6127
1781314520,R_75,36602.3525
1781314522,R_75,36603.823
1781314524,R_75,36615.9902
1781314526,R_75,36608.3977
1781314528,R_75,36607.1556
1781314530,R_75,36612.342
1781314532,R_75,36617.3155
1781314534,R_75,36610.7742
1781314536,R_75,36608.9957
1781314538,R_75,36614.5321
1781314540,R_75,36605.0272
1781314542,R_75,36598.134
1781314544,R_75,36603.4629
1781314546,R_75,36610.6358
1781314548,R_75,36613.9927
1781314550,R_75,36612.9042
1781314552,R_75,36612.8764
1781314554,R_75,36611.251
1781314556,R_75,36608.6842
1781314558,R_75,36617.9264
1781314560,R_75,36613.2862
1781314562,R_75,36608.6297
1781314564,R_75,36607.1528
1781314566,R_75,36610.5219
1781314568,R_75,36610.0238
1781314570,R_75,36604.4063
1781314572,R_75,36608.5895
1781314574,R_75,36615.3076
1781314576,R_75,36622.719
1781314578,R_75,36618.1179
1781314580,R_75,36611.829
1781314582,R_75,36617.5776
1781314584,R_75,36619.2554
1781314586,R_75,36612.9995
1781314588,R_75,36616.9699
1781314590,R_75,36599.3061
1781314592,R_75,36610.0381
1781314594,R_75,36608.2947
1781314596,R_75,36605.9494
1781314598,R_75,36602.4485
1781314600,R_75,36602.0741
1781314602,R_75,36594.8185
1781314604,R_75,36595.0739
1781314606,R_75,36595.1995
1781314608,R_75,36588.534
1781314610,R_75,36573.4387
1781314612,R_75,36578.9477
1781314614,R_75,36579.7871
1781314616,R_75,36582.4813
1781314618,R_75,36595.142
1781314620,R_75,36594.6178
1781314622,R_75,36599.4367
1781314624,R_75,36593.6643
1781314626,R_75,36595.564
1781314628,R_75,36593.2046
1781314630,R_75,36596.8981
1781314632,R_75,36598.1875
1781314634,R_75,36605.9238
1781314636,R_75,36614.7547
1781314638,R_75,36625.0586
1781314640,R_75,36626.8692
1781314642,R_75,36622.7054
1781314644,R_75,36612.1084
1781314646,R_75,36605.9478
1781314648,R_75,36605.7712
1781314650,R_75,36604.6183
1781314652,R_75,36603.9496
1781314654,R_75,36602.1517
1781314656,R_75,36597.7254
1781314658,R_75,36601.1439
1781314660,R_75,36611.3802
1781314662,R_75,36617.6296
1781314664,R_75,36622.8643
1781314666,R_75,36620.23
1781314668,R_75,36611.4577
1781314670,R_75,36610.5227
1781314672,R_75,36599.105
1781314674,R_75,36589.4203
1781314676,R_75,36591.6348
1781314678,R_75,36599.5522
1781314680,R_75,36586.859
1781314682,R_75,36594.7927
1781314684,R_75,36596.3184
1781314686,R_75,36596.6773
1781314688,R_75,36599.8293
1781314690,R_75,36599.0746
1781314692,R_75,36603.7406
1781314694,R_75,36596.8835
1781314696,R_75,36591.0519
1781314698,R_75,36584.6045
1781314700,R_75,36582.8028
1781314702,R_75,36580.816
1781314704,R_75,36584.3678
1781314706,R_75,36576.8336
1781314708,R_75,36579.6031
1781314710,R_75,36578.6937
1781314712,R_75,36575.8971
1781314714,R_75,36569.2084
1781314716,R_75,36572.1471
1781314718,R_75,36574.0502
1781314720,R_75,36575.1275
1781314722,R_75,36574.6423
1781314724,R_75,36558.0233
1781314726,R_75,36550.7932
1781314728,R_75,36539.4984
1781314730,R_75,36526.9608
1781314732,R_75,36537.2231
1781314734,R_75,36539.5686
1781314736,R_75,36555.0053
1781314738,R_75,36544.8956
1781314740,R_75,36543.8396
1781314742,R_75,36539.1566
1781314744,R_75,36540.7729
1781314746,R_75,36538.7385
1781314748,R_75,36540.3517
1781314750,R_75,36530.9735
1781314752,R_75,36537.5667
1781314754,R_75,36541.5753
1781314756,R_75,36537.2195
1781314758,R_75,36550.6397
1781314760,R_75,36549.3516
1781314762,R_75,36558.1546
1781314764,R_75,36552.7033
1781314766,R_75,36553.0257
1781314768,R_75,36558.3489
1781314770,R_75,36552.4201
1781314772,R_75,36553.773
1781314774,R_75,36562.3867
1781314776,R_75,36558.7636
1781314778,R_75,36562.3782
1781314780,R_75,36559.0352
1781314782,R_75,36539.9377
1781314784,R_75,36537.8727
1781314786,R_75,36542.7463
1781314788,R_75,36528.9669
1781314790,R_75,36512.4435
1781314792,R_75,36505.3128
1781314794,R_75,36502.3294
1781314796,R_75,36498.1305
1781314798,R_75,36489.5862
1781314800,R_75,36482.1381
1781314802,R_75,36474.2874
1781314804,R_75,36471.4938
1781314806,R_75,36464.2205
1781314808,R_75,36459.7757
1781314810,R_75,36463.3494
1781314812,R_75,36470.2947
1781314814,R_75,36475.1035
1781314816,R_75,36477.2768
1781314818,R_75,36481.4994
1781314820,R_75,36477.8485
1781314822,R_75,36470.1227
1781314824,R_75,36470.5581
1781314826,R_75,36476.9211
1781314828,R_75,36481.8031
1781314830,R_75,36468.5718
1781314832,R_75,36463.6443
1781314834,R_75,36454.052
1781314836,R_75,36453.6754
1781314838,R_75,36451.8065
1781314840,R_75,36452.4799
1781314842,R_75,36455.5468
1781314844,R_75,36449.3212
1781314846,R_75,36443.2786
1781314848,R_75,36443.0698
1781314850,R_75,36445.3366
1781314852,R_75,36452.4584
1781314854,R_75,36454.1901
1781314856,R_75,36459.6568
1781314858,R_75,36457.1624
1781314860,R_75,36457.4025
1781314862,R_75,36450.8185
1781314864,R_75,36460.1586
1781314866,R_75,36458.2863
1781314868,R_75,36457.8596
1781314870,R_75,36457.4638
1781314872,R_75,36451.3406
1781314874,R_75,36462.2679
1781314876,R_75,36463.1342
1781314878,R_75,36465.4065
1781314880,R_75,36464.7253
1781314882,R_75,36462.6217
1781314884,R_75,36458.6467
1781314886,R_75,36458.2434
1781314888,R_75,36465.434
1781314890,R_75,36456.9432
1781314892,R_75,36444.8259
1781314894,R_75,36437.7891
1781314896,R_75,36433.4354
1781314898,R_75,36447.0614
1781314900,R_75,36454.609
1781314902,R_75,36453.4602
1781314904,R_75,36461.5306
1781314906,R_75,36465.0069
1781314908,R_75,36464.4359
1781314910,R_75,36455.6896
1781314912,R_75,36448.3386
1781314914,R_75,36444.9345
1781314916,R_75,36447.022
1781314918,R_75,36448.5495
1781314920,R_75,36446.8866
1781314922,R_75,36444.7081
1781314924,R_75,36447.1743
1781314926,R_75,36441.498
1781314928,R_75,36425.1619
1781314930,R_75,36422.1097
1781314932,R_75,36428.79
1781314934,R_75,36427.924
1781314936,R_75,36422.562
1781314938,R_75,36413.1378
1781314940,R_75,36420.1862
1781314942,R_75,36422.9975
1781314944,R_75,36423.8513
1781314946,R_75,36408.4532
1781314948,R_75,36407.0399
1781314950,R_75,36410.9228
1781314952,R_75,36432.8983
1781314954,R_75,36444.2347
1781314956,R_75,36439.3575
1781314958,R_75,36444.3781
1781314960,R_75,36450.5374
1781314962,R_75,36449.7961
1781314964,R_75,36462.9948
1781314966,R_75,36464.8601
1781314968,R_75,36463.1908
1781314970,R_75,36470.5121
1781314972,R_75,36477.1603
1781314974,R_75,36475.8039
1781314976,R_75,36482.0177
1781314978,R_75,36472.6739
1781314980,R_75,36468.7847
1781314982,R_75,36467.6336
1781314984,R_75,36468.2392
1781314986,R_75,36471.6441
1781314988,R_75,36468.8185
1781314990,R_75,36469.8491
1781314992,R_75,36469.3401
1781314994,R_75,36463.5491
1781314996,R_75,36467.8332
1781314998,R_75,36476.5446
1781315000,R_75,36468.1651
1781315002,R_75,36468.2765
1781315004,R_75,36464.86
1781315006,R_75,36458.9245
1781315008,R_75,36456.691
1781315010,R_75,36456.0162
1781315012,R_75,36467.1533
1781315014,R_75,36457.6027
1781315016,R_75,36448.9127
1781315018,R_75,36442.1328
1781315020,R_75,36437.9015
1781315022,R_75,36424.8181
1781315024,R_75,36422.9387
1781315026,R_75,36412.4927
1781315028,R_75,36417.2409
1781315030,R_75,36417.1571
1781315032,R_75,36404.8606
1781315034,R_75,36397.5728
1781315036,R_75,36404.1976
1781315038,R_75,36396.0084
1781315040,R_75,36399.1147
1781315042,R_75,36396.435
1781315044,R_75,36406.1905
1781315046,R_75,36396.5766
1781315048,R_75,36393.5004
1781315050,R_75,36397.5649
1781315052,R_75,36396.2504
1781315054,R_75,36403.6279
1781315056,R_75,36400.6998
1781315058,R_75,36392.5679
1781315060,R_75,36377.561
1781315062,R_75,36387.7297
1781315064,R_75,36381.0304
1781315066,R_75,36382.5034
1781315068,R_75,36369.6814
1781315070,R_75,36376.5211
1781315072,R_75,36378.0024
1781315074,R_75,36367.5137
1781315076,R_75,36362.7283
1781315078,R_75,36368.0265
1781315080,R_75,36366.8264
1781315082,R_75,36361.8712
1781315084,R_75,36368.7705
1781315086,R_75,36375.3564
1781315088,R_75,36382.9854
1781315090,R_75,36378.0958
1781315092,R_75,36371.3959
1781315094,R_75,36385.8752
1781315096,R_75,36376.7264
1781315098,R_75,36385.6218
1781315100,R_75,36392.2497
1781315102,R_75,36391.0332
1781315104,R_75,36386.8455
1781315106,R_75,36393.8722
1781315108,R_75,36401.3361
1781315110,R_75,36387.0674
1781315112,R_75,36385.2894
1781315114,R_75,36381.5564
1781315116,R_75,36388.1066
1781315118,R_75,36379.8027
1781315120,R_75,36369.4372
1781315122,R_75,36363.9814
1781315124,R_75,36367.4078
1781315126,R_75,36364.8856
1781315128,R_75,36375.9015
1781315130,R_75,36374.9802
1781315132,R_75,36386.7181
1781315134,R_75,36383.2083
1781315136,R_75,36382.1327
1781315138,R_75,36390.3918
1781315140,R_75,36392.825
1781315142,R_75,36395.3347
1781315144,R_75,36400.8926
1781315146,R_75,36410.0036
1781315148,R_75,36403.2758
1781315150,R_75,36397.2098
1781315152,R_75,36392.7089
1781315154,R_75,36392.1465
1781315156,R_75,36405.1679
1781315158,R_75,36406.6241
1781315160,R_75,36392.2583
1781315162,R_75,36392.2554
1781315164,R_75,36392.8726
1781315166,R_75,36396.9836
1781315168,R_75,36406.4799
1781315170,R_75,36392.7903
1781315172,R_75,36394.9886
1781315174,R_75,36393.3835
1781315176,R_75,36395.3745
1781315178,R_75,36400.9365
1781315180,R_75,36423.3297
1781315182,R_75,36421.0017
1781315184,R_75,36422.9589
1781315186,R_75,36430.6961
1781315188,R_75,36428.3612
1781315190,R_75,36423.2307
1781315192,R_75,36417.5628
1781315194,R_75,36416.6617
1781315196,R_75,36413.1713
1781315198,R_75,36418.262
1781315200,R_75,36411.5211
1781315202,R_75,36413.5595
1781315204,R_75,36407.8774
1781315206,R_75,36402.275
1781315208,R_75,36398.712
1781315210,R_75,36398.3666
1781315212,R_75,36399.5916
1781315214,R_75,36408.7278
1781315216,R_75,36415.4839
1781315218,R_75,36413.2854
1781315220,R_75,36414.3421
1781315222,R_75,36429.0282
1781315224,R_75,36431.85
1781315226,R_75,36423.0967
1781315228,R_75,36432.0297
1781315230,R_75,36448.353
1781315232,R_75,36452.3362
1781315234,R_75,36442.7648
1781315236,R_75,36453.8224
1781315238,R_75,36443.258
1781315240,R_75,36444.158
1781315242,R_75,36446.5139
1781315244,R_75,36439.7986
1781315246,R_75,36441.4861
1781315248,R_75,36433.0718
1781315250,R_75,36442.14
1781315252,R_75,36444.6999
1781315254,R_75,36448.997
1781315256,R_75,36455.1177
1781315258,R_75,36457.9211
1781315260,R_75,36463.4391
1781315262,R_75,36472.7761
1781315264,R_75,36484.5319
1781315266,R_75,36484.4975
1781315268,R_75,36487.3886
1781315270,R_75,36487.7404
1781315272,R_75,36491.8768
1781315274,R_75,36494.5469
1781315276,R_75,36495.7885
1781315278,R_75,36489.2374
1781315280,R_75,36499.5451
1781315282,R_75,36490.3903
1781315284,R_75,36504.5587
1781315286,R_75,36500.8406
1781315288,R_75,36498.6799
1781315290,R_75,36498.7796
1781315292,R_75,36503.8063
1781315294,R_75,36503.9236
1781315296,R_75,36499.7075
1781315298,R_75,36497.2371
1781315300,R_75,36498.5543
1781315302,R_75,36501.6563
1781315304,R_75,36484.2698
1781315306,R_75,36476.1724
1781315308,R_75,36479.9967
1781315310,R_75,36479.4715
1781315312,R_75,36491.0277
1781315314,R_75,36489.6887
1781315316,R_75,36488.0651
1781315318,R_75,36489.2207
1781315320,R_75,36492.5567
1781315322,R_75,36493.6001
1781315324,R_75,36497.1903
1781315326,R_75,36504.9513
1781315328,R_75,36502.3499
1781315330,R_75,36498.3212
1781315332,R_75,36484.6872
1781315334,R_75,36475.7895
1781315336,R_75,36470.9883
1781315338,R_75,36465.5592
1781315340,R_75,36481.1493
1781315342,R_75,36472.079
1781315344,R_75,36477.5744
1781315346,R_75,36480.5005
1781315348,R_75,36476.456
1781315350,R_75,36475.5143
1781315352,R_75,36472.9411
1781315354,R_75,36476.2775
1781315356,R_75,36480.0338
1781315358,R_75,36471.296
1781315360,R_75,36467.1864
1781315362,R_75,36464.1293
1781315364,R_75,36460.9029
1781315366,R_75,36454.7918
1781315368,R_75,36469.7419
1781315370,R_75,36463.0179
1781315372,R_75,36455.8482
1781315374,R_75,36459.6767
1781315376,R_75,36453.3932
1781315378,R_75,36455.3351
1781315380,R_75,36456.6724
1781315382,R_75,36439.1067
1781315384,R_75,36443.2711
1781315386,R_75,36449.7283
1781315388,R_75,36457.5282
1781315390,R_75,36467.2294
1781315392,R_75,36463.7984
1781315394,R_75,36467.7008
1781315396,R_75,36459.8137
1781315398,R_75,36459.6783
1781315400,R_75,36462.3537
1781315402,R_75,36460.8295
1781315404,R_75,36470.2899
1781315406,R_75,36477.7126
1781315408,R_75,36473.2271
1781315410,R_75,36478.2755
1781315412,R_75,36467.3163
1781315414,R_75,36472.9081
1781315416,R_75,36473.8861
1781315418,R_75,36480.1128
1781315420,R_75,36475.8809
1781315422,R_75,36474.0017
1781315424,R_75,36477.0291
1781315426,R_75,36477.1032
1781315428,R_75,36467.316
1781315430,R_75,36460.4981
1781315432,R_75,36464.2118
1781315434,R_75,36473.8249
1781315436,R_75,36472.3928
1781315438,R_75,36484.3723
1781315440,R_75,36474.2922
1781315442,R_75,36479.5306
1781315444,R_75,36487.2881
1781315446,R_75,36482.6902
1781315448,R_75,36487.1646
1781315450,R_75,36488.8179
1781315452,R_75,36490.9313
1781315454,R_75,36490.5435
1781315456,R_75,36495.6162
1781315458,R_75,36494.235
1781315460,R_75,36485.9585
1781315462,R_75,36484.2208
1781315464,R_75,36489.9803
1781315466,R_75,36488.2501
1781315468,R_75,36488.8512
1781315470,R_75,36481.6139
1781315472,R_75,36474.5785
1781315474,R_75,36483.1089
1781315476,R_75,36485.1604
1781315478,R_75,36493.3593
1781315480,R_75,36499.1631
1781315482,R_75,36501.5428
1781315484,R_75,36488.8473
1781315486,R_75,36494.8538
1781315488,R_75,36491.1523
1781315490,R_75,36493.4912
1781315492,R_75,36481.4162
1781315494,R_75,36473.3324
1781315496,R_75,36475.5762
1781315498,R_75,36471.084
1781315500,R_75,36477.7692
1781315502,R_75,36479.1423
1781315504,R_75,36477.117
1781315506,R_75,36473.7182
1781315508,R_75,36475.6654
1781315510,R_75,36476.741
1781315512,R_75,36478.0001
1781315514,R_75,36478.2704
1781315516,R_75,36483.0645
1781315518,R_75,36476.4552
1781315520,R_75,36465.8502
1781315522,R_75,36470.458
1781315524,R_75,36479.6163
1781315526,R_75,36497.258
1781315528,R_75,36499.1878
1781315530,R_75,36507.2612
1781315532,R_75,36507.4921
1781315534,R_75,36507.0648
1781315536,R_75,36506.7992
1781315538,R_75,36511.7666
1781315540,R_75,36510.2826
1781315542,R_75,36504.2142
1781315544,R_75,36494.1156
1781315546,R_75,36504.0379
1781315548,R_75,36488.6811
1781315550,R_75,36488.5132
1781315552,R_75,36482.1697
1781315554,R_75,36488.1069
1781315556,R_75,36506.1064
1781315558,R_75,36518.482
1781315560,R_75,36507.4382
1781315562,R_75,36503.3235
1781315564,R_75,36506.9118
1781315566,R_75,36506.0137
1781315568,R_75,36515.5014
1781315570,R_75,36521.334
1781315572,R_75,36528.635
1781315574,R_75,36527.802
1781315576,R_75,36527.1434
1781315578,R_75,36529.4212
1781315580,R_75,36535.9668
1781315582,R_75,36530.5045
1781315584,R_75,36529.2212
1781315586,R_75,36527.9641
1781315588,R_75,36532.5343
1781315590,R_75,36537.3188
1781315592,R_75,36536.484
1781315594,R_75,36535.6356
1781315596,R_75,36532.8322
1781315598,R_75,36540.6463
1781315600,R_75,36528.4742
1781315602,R_75,36534.3194
1781315604,R_75,36522.1412
1781315606,R_75,36527.4014
1781315608,R_75,36534.753
1781315610,R_75,36532.5728
1781315612,R_75,36536.4682
1781315614,R_75,36535.803
1781315616,R_75,36523.8733
1781315618,R_75,36535.1223
1781315620,R_75,36534.8546
1781315622,R_75,36536.4705
1781315624,R_75,36539.0554
1781315626,R_75,36522.0264
1781315628,R_75,36523.1509
1781315630,R_75,36516.2878
1781315632,R_75,36525.5945
1781315634,R_75,36513.3787
1781315636,R_75,36495.5822
1781315638,R_75,36493.074
1781315640,R_75,36509.204
1781315642,R_75,36522.2892
1781315644,R_75,36517.0398
1781315646,R_75,36512.5945
1781315648,R_75,36516.3928
1781315650,R_75,36523.745
1781315652,R_75,36526.5035
1781315654,R_75,36514.2286
1781315656,R_75,36512.6867
1781315658,R_75,36508.9669
1781315660,R_75,36506.8593
1781315662,R_75,36511.7237
1781315664,R_75,36505.1044
1781315666,R_75,36500.3378
1781315668,R_75,36502.9104
1781315670,R_75,36494.5089
1781315672,R_75,36488.1713
1781315674,R_75,36483.3912
1781315676,R_75,36488.2601
1781315678,R_75,36489.2244
1781315680,R_75,36482.1307
1781315682,R_75,36491.9785
1781315684,R_75,36498.9441
1781315686,R_75,36494.9705
1781315688,R_75,36506.6342
1781315690,R_75,36504.6417
1781315692,R_75,36501.019
1781315694,R_75,36496.542
1781315696,R_75,36497.4445
1781315698,R_75,36495.3584
1781315700,R_75,36492.3226
1781315702,R_75,36494.8462
1781315704,R_75,36490.2354
1781315706,R_75,36497.463
1781315708,R_75,36492.6072
1781315710,R_75,36499.6797
1781315712,R_75,36499.5103
1781315714,R_75,36497.4684
1781315716,R_75,36500.0064
1781315718,R_75,36514.529
1781315720,R_75,36533.601
1781315722,R_75,36542.977
1781315724,R_75,36539.4342
1781315726,R_75,36525.0673
1781315728,R_75,36520.3397
1781315730,R_75,36523.6962
1781315732,R_75,36519.7629
1781315734,R_75,36527.8424
1781315736,R_75,36537.7212
1781315738,R_75,36519.7762
1781315740,R_75,36524.6018
1781315742,R_75,36517.0372
1781315744,R_75,36512.8421
1781315746,R_75,36520.0475
1781315748,R_75,36508.8073
1781315750,R_75,36513.5943
1781315752,R_75,36494.1248
1781315754,R_75,36499.1867
1781315756,R_75,36502.4933
1781315758,R_75,36512.2221
1781315760,R_75,36512.0326
1781315762,R_75,36516.5839
1781315764,R_75,36522.2973
1781315766,R_75,36519.3351
1781315768,R_75,36523.8354
1781315770,R_75,36527.5411
1781315772,R_75,36525.0624
1781315774,R_75,36518.1038
1781315776,R_75,36521.2915
1781315778,R_75,36529.6465
1781315780,R_75,36519.9772
1781315782,R_75,36520.1807
1781315784,R_75,36517.7394
1781315786,R_75,36520.9598
1781315788,R_75,36531.4349
1781315790,R_75,36524.6984
1781315792,R_75,36533.0148
1781315794,R_75,36527.0491
1781315796,R_75,36529.5611
1781315798,R_75,36530.0643
1781315800,R_75,36528.698
1781315802,R_75,36531.8621
1781315804,R_75,36531.7555
1781315806,R_75,36522.8796
1781315808,R_75,36527.7698
1781315810,R_75,36524.1657
1781315812,R_75,36536.5265
1781315814,R_75,36540.0405
1781315816,R_75,36549.5981
1781315818,R_75,36549.7007
1781315820,R_75,36559.3753
1781315822,R_75,36558.8053
1781315824,R_75,36551.7707
1781315826,R_75,36554.7382
1781315828,R_75,36559.7328
1781315830,R_75,36562.3864
1781315832,R_75,36570.2156
1781315834,R_75,36565.4714
1781315836,R_75,36575.7981
1781315838,R_75,36572.2882
1781315840,R_75,36572.1258
1781315842,R_75,36578.6391
1781315844,R_75,36581.8256
1781315846,R_75,36580.6535
1781315848,R_75,36581.6537
1781315850,R_75,36579.5183
1781315852,R_75,36575.4912
1781315854,R_75,36572.2944
1781315856,R_75,36570.8046
1781315858,R_75,36581.1057
1781315860,R_75,36589.2726
1781315862,R_75,36584.4212
1781315864,R_75,36585.6225
1781315866,R_75,36600.9846
1781315868,R_75,36600.6924
1781315870,R_75,36602.2488
1781315872,R_75,36608.8484
1781315874,R_75,36598.7011
1781315876,R_75,36592.9587
1781315878,R_75,36593.4653
1781315880,R_75,36588.0772
1781315882,R_75,36600.1888
1781315884,R_75,36609.129
1781315886,R_75,36602.7445
1781315888,R_75,36609.602
1781315890,R_75,36612.1174
1781315892,R_75,36613.2848
1781315894,R_75,36618.5029
1781315896,R_75,36610.0043
1781315898,R_75,36609.1842
1781315900,R_75,36618.4079
1781315902,R_75,36610.5897
1781315904,R_75,36608.5193
1781315906,R_75,36620.6947
1781315908,R_75,36626.2881
1781315910,R_75,36621.0237
1781315912,R_75,36619.2258
1781315914,R_75,36627.5855
1781315916,R_75,36623.969
1781315918,R_75,36635.2839
1781315920,R_75,36629.5634
1781315922,R_75,36633.6721
1781315924,R_75,36633.2305
1781315926,R_75,36620.5033
1781315928,R_75,36624.9759
1781315930,R_75,36627.7067
1781315932,R_75,36630.022
1781315934,R_75,36627.242
1781315936,R_75,36637.0569
1781315938,R_75,36641.7638
1781315940,R_75,36641.5203
1781315942,R_75,36634.0457
1781315944,R_75,36626.6048
1781315946,R_75,36615.6275
1781315948,R_75,36630.9691
1781315950,R_75,36619.0966
1781315952,R_75,36606.9491
1781315954,R_75,36609.8397
1781315956,R_75,36624.8092
1781315958,R_75,36620.5249
1781315960,R_75,36605.7697
1781315962,R_75,36607.1778
1781315964,R_75,36592.1159
1781315966,R_75,36582.4175
1781315968,R_75,36590.9184
1781315970,R_75,36597.7285
1781315972,R_75,36602.2774
1781315974,R_75,36604.5417
1781315976,R_75,36601.0813
1781315978,R_75,36610.1226
1781315980,R_75,36620.742
1781315982,R_75,36610.6655
1781315984,R_75,36614.5795
1781315986,R_75,36619.5162
1781315988,R_75,36624.1836
1781315990,R_75,36621.0466
1781315992,R_75,36620.2367
1781315994,R_75,36621.62
1781315996,R_75,36620.2484
1781315998,R_75,36622.6632
1781316000,R_75,36631.3
1781316002,R_75,36627.4761
1781316004,R_75,36626.6283
1781316006,R_75,36627.2765
1781316008,R_75,36613.7695
1781316010,R_75,36614.313
1781316012,R_75,36612.3929
1781316014,R_75,36611.1187
1781316016,R_75,36611.8148
1781316018,R_75,36613.8777
1781316020,R_75,36608.1005
1781316022,R_75,36615.5816
1781316024,R_75,36605.3932
1781316026,R_75,36617.9737
1781316028,R_75,36601.1237
1781316030,R_75,36605.1585
1781316032,R_75,36596.8941
1781316034,R_75,36592.6536
1781316036,R_75,36587.9513
1781316038,R_75,36590.6998
1781316040,R_75,36590.0553
1781316042,R_75,36583.8794
1781316044,R_75,36584.3044
1781316046,R_75,36579.8816
1781316048,R_75,36573.1512
1781316050,R_75,36568.0988
1781316052,R_75,36570.7108
1781316054,R_75,36578.6055
1781316056,R_75,36574.9783
1781316058,R_75,36556.1053
1781316060,R_75,36572.8658
1781316062,R_75,36561.6536
1781316064,R_75,36563.7638
1781316066,R_75,36572.2673
1781316068,R_75,36564.4053
1781316070,R_75,36570.9301
1781316072,R_75,36572.499
1781316074,R_75,36569.6988
1781316076,R_75,36563.5823
1781316078,R_75,36567.016
1781316080,R_75,36575.8222
1781316082,R_75,36582.9848
1781316084,R_75,36585.3674
1781316086,R_75,36584.0554
1781316088,R_75,36584.2057
1781316090,R_75,36590.3889
1781316092,R_75,36597.4165
1781316094,R_75,36590.9665
1781316096,R_75,36583.5269
1781316098,R_75,36584.2376
1781316100,R_75,36575.3257
1781316102,R_75,36573.1085
1781316104,R_75,36572.0692
1781316106,R_75,36572.8772
1781316108,R_75,36576.3034
1781316110,R_75,36567.8176
1781316112,R_75,36576.6191
1781316114,R_75,36577.248
1781316116,R_75,36575.658
1781316118,R_75,36587.7762
1781316120,R_75,36587.2323
1781316122,R_75,36577.032
1781316124,R_75,36572.2417
1781316126,R_75,36587.0013
1781316128,R_75,36585.4736
1781316130,R_75,36587.992
1781316132,R_75,36586.8656
1781316134,R_75,36580.4737
1781316136,R_75,36587.6029
1781316138,R_75,36587.0381
1781316140,R_75,36583.0575
1781316142,R_75,36584.6356
1781316144,R_75,36572.8409
1781316146,R_75,36580.6789
1781316148,R_75,36579.6617
1781316150,R_75,36585.6791
1781316152,R_75,36575.8776
1781316154,R_75,36572.8393
1781316156,R_75,36580.8589
1781316158,R_75,36580.9658
1781316160,R_75,36583.9337
1781316162,R_75,36570.1909
1781316164,R_75,36561.9469
1781316166,R_75,36563.734
1781316168,R_75,36570.4038
1781316170,R_75,36569.3215
1781316172,R_75,36582.7877
1781316174,R_75,36570.9451
1781316176,R_75,36580.612
1781316178,R_75,36574.8357
1781316180,R_75,36567.2935
1781316182,R_75,36568.611
1781316184,R_75,36577.9291
1781316186,R_75,36584.3923
1781316188,R_75,36584.0035
1781316190,R_75,36582.3895
1781316192,R_75,36599.5611
1781316194,R_75,36602.8266
1781316196,R_75,36606.7289
1781316198,R_75,36607.6641
1781316200,R_75,36613.5539
1781316202,R_75,36621.9716
1781316204,R_75,36614.8559
1781316206,R_75,36622.721
1781316208,R_75,36625.0458
1781316210,R_75,36632.6882
1781316212,R_75,36641.056
1781316214,R_75,36627.3428
1781316216,R_75,36625.5939
1781316218,R_75,36623.0013
1781316220,R_75,36608.233
1781316222,R_75,36606.7874
1781316224,R_75,36609.6744
1781316226,R_75,36609.2233
1781316228,R_75,36604.1958
1781316230,R_75,36609.3133
1781316232,R_75,36614.6672
1781316234,R_75,36639.2197
1781316236,R_75,36642.1841
1781316238,R_75,36639.308
1781316240,R_75,36641.8877
1781316242,R_75,36649.9856
1781316244,R_75,36652.2088
1781316246,R_75,36657.2553
1781316248,R_75,36649.5249
1781316250,R_75,36653.5311
1781316252,R_75,36663.1194
1781316254,R_75,36655.1342
1781316256,R_75,36651.9346
1781316258,R_75,36647.9162
1781316260,R_75,36649.9089
1781316262,R_75,36658.8637
1781316264,R_75,36655.1392
1781316266,R_75,36654.176
1781316268,R_75,36648.038
1781316270,R_75,36646.5755
1781316272,R_75,36634.4132
1781316274,R_75,36629.2606
1781316276,R_75,36633.3708
1781316278,R_75,36634.4226
1781316280,R_75,36624.4656
1781316282,R_75,36618.6229
1781316284,R_75,36625.9911
1781316286,R_75,36615.8626
1781316288,R_75,36613.5206
1781316290,R_75,36621.9021
1781316292,R_75,36612.6749
1781316294,R_75,36619.0207
1781316296,R_75,36625.1339
1781316298,R_75,36619.6417
1781316300,R_75,36616.7022
1781316302,R_75,36629.4066
1781316304,R_75,36628.7153
1781316306,R_75,36621.6986
1781316308,R_75,36618.6813
1781316310,R_75,36616.3457
1781316312,R_75,36614.0938
1781316314,R_75,36613.0117
1781316316,R_75,36621.1723
1781316318,R_75,36616.99
1781316320,R_75,36626.6064
1781316322,R_75,36625.0302
1781316324,R_75,36623.2704
1781316326,R_75,36618.7655
1781316328,R_75,36616.0182
1781316330,R_75,36608.0747
1781316332,R_75,36610.6198
1781316334,R_75,36608.9094
1781316336,R_75,36613.9871
1781316338,R_75,36608.5505
1781316340,R_75,36608.8125
1781316342,R_75,36601.3357
1781316344,R_75,36603.5101
1781316346,R_75,36594.9915
1781316348,R_75,36589.46
1781316350,R_75,36591.1173
1781316352,R_75,36599.0391
1781316354,R_75,36592.243
1781316356,R_75,36588.2466
1781316358,R_75,36601.0422
1781316360,R_75,36603.4237
1781316362,R_75,36610.2297
1781316364,R_75,36600.0907
1781316366,R_75,36609.6771
1781316368,R_75,36606.66
1781316370,R_75,36607.233
1781316372,R_75,36610.4717
1781316374,R_75,36622.3607
1781316376,R_75,36614.201
1781316378,R_75,36606.49
1781316380,R_75,36594.3762
1781316382,R_75,36587.8981
1781316384,R_75,36590.7146
1781316386,R_75,36598.3249
1781316388,R_75,36596.6
1781316390,R_75,36604.4323
1781316392,R_75,36607.3225
1781316394,R_75,36604.7197
1781316396,R_75,36605.1735
1781316398,R_75,36614.901
1781316400,R_75,36618.358
1781316402,R_75,36615.1001
1781316404,R_75,36618.1745
1781316406,R_75,36611.5458
1781316408,R_75,36606.4236
1781316410,R_75,36609.179
1781316412,R_75,36612.655
1781316414,R_75,36617.0715
1781316416,R_75,36613.2565
1781316418,R_75,36627.3474
1781316420,R_75,36635.3972
1781316422,R_75,36627.9291
1781316424,R_75,36623.0227
1781316426,R_75,36621.6313
1781316428,R_75,36618.0103
1781316430,R_75,36615.2574
1781316432,R_75,36615.3391
1781316434,R_75,36623.2256
1781316436,R_75,36619.1984
1781316438,R_75,36625.9059
1781316440,R_75,36621.8189
1781316442,R_75,36628.4591
1781316444,R_75,36624.8984
1781316446,R_75,36629.368
1781316448,R_75,36619.2784
1781316450,R_75,36610.9897
1781316452,R_75,36607.519
1781316454,R_75,36602.8789
1781316456,R_75,36599.2945
1781316458,R_75,36594.8413
1781316460,R_75,36594.6306
1781316462,R_75,36596.7568
1781316464,R_75,36590.5093
1781316466,R_75,36595.3756
1781316468,R_75,36595.0638
1781316470,R_75,36606.231
1781316472,R_75,36615.3518
1781316474,R_75,36613.4668
1781316476,R_75,36606.2902
1781316478,R_75,36609.5101
1781316480,R_75,36604.7737
1781316482,R_75,36596.6156
1781316484,R_75,36596.3409
1781316486,R_75,36580.1892
1781316488,R_75,36580.1112
1781316490,R_75,36578.0908
1781316492,R_75,36572.7149
1781316494,R_75,36588.2566
1781316496,R_75,36582.9362
1781316498,R_75,36577.7028
1781316500,R_75,36580.3461
1781316502,R_75,36571.6835
1781316504,R_75,36572.0248
1781316506,R_75,36577.4653
1781316508,R_75,36571.0919
1781316510,R_75,36572.0335
1781316512,R_75,36578.1924
1781316514,R_75,36576.5006
1781316516,R_75,36579.4098
1781316518,R_75,36579.8757
1781316520,R_75,36577.1868
1781316522,R_75,36575.051
1781316524,R_75,36577.8551
1781316526,R_75,36581.8959
1781316528,R_75,36576.6875
1781316530,R_75,36583.895
1781316532,R_75,36596.6348
1781316534,R_75,36592.3978
1781316536,R_75,36586.4884
1781316538,R_75,36592.0835
1781316540,R_75,36598.516
1781316542,R_75,36604.7153
1781316544,R_75,36601.7369
1781316546,R_75,36598.9114
1781316548,R_75,36594.9142
1781316550,R_75,36582.575
1781316552,R_75,36584.1855
1781316554,R_75,36572.829
1781316556,R_75,36567.4048
1781316558,R_75,36560.8164
1781316560,R_75,36563.2979
1781316562,R_75,36564.9907
1781316564,R_75,36566.8943
1781316566,R_75,36569.3586
1781316568,R_75,36575.4972
1781316570,R_75,36572.3203
1781316572,R_75,36558.2958
1781316574,R_75,36552.2074
1781316576,R_75,36552.0763
1781316578,R_75,36553.8207
1781316580,R_75,36552.9099
1781316582,R_75,36557.2047
1781316584,R_75,36559.07
1781316586,R_75,36564.5197
1781316588,R_75,36565.8073
1781316590,R_75,36565.758
1781316592,R_75,36572.1955
1781316594,R_75,36569.4942
1781316596,R_75,36562.477
1781316598,R_75,36567.8451
1781316600,R_75,36586.7857
1781316602,R_75,36592.6001
1781316604,R_75,36593.3641
1781316606,R_75,36587.3252
1781316608,R_75,36587.8784
1781316610,R_75,36593.4443
1781316612,R_75,36591.5286
1781316614,R_75,36592.5183
1781316616,R_75,36603.8983
1781316618,R_75,36614.3503
1781316620,R_75,36628.8007
1781316622,R_75,36626.3244
1781316624,R_75,36640.0518
1781316626,R_75,36632.6419
1781316628,R_75,36630.0544
1781316630,R_75,36624.7192
1781316632,R_75,36618.9666
1781316634,R_75,36623.4992
1781316636,R_75,36612.2861
1781316638,R_75,36627.0796
1781316640,R_75,36637.0051
1781316642,R_75,36638.9933
1781316644,R_75,36645.3838
1781316646,R_75,36640.6273
1781316648,R_75,36632.8821
1781316650,R_75,36644.3555
1781316652,R_75,36644.1213
1781316654,R_75,36654.3399
1781316656,R_75,36649.0157
1781316658,R_75,36644.386
1781316660,R_75,36642.4264
1781316662,R_75,36637.5493
1781316664,R_75,36639.4098
1781316666,R_75,36644.1234
1781316668,R_75,36643.7417
1781316670,R_75,36633.6623
1781316672,R_75,36642.2756
1781316674,R_75,36641.7184
1781316676,R_75,36642.699
1781316678,R_75,36645.833
1781316680,R_75,36648.4286
1781316682,R_75,36645.8351
1781316684,R_75,36633.343
1781316686,R_75,36633.482
1781316688,R_75,36623.7005
1781316690,R_75,36629.9352
1781316692,R_75,36615.1743
1781316694,R_75,36619.2591
1781316696,R_75,36610.2007
1781316698,R_75,36602.3703
1781316700,R_75,36598.2431
1781316702,R_75,36602.7013
1781316704,R_75,36604.3745
1781316706,R_75,36607.2479
1781316708,R_75,36609.277
1781316710,R_75,36602.4452
1781316712,R_75,36602.9322
1781316714,R_75,36596.0936
1781316716,R_75,36589.5459
1781316718,R_75,36587.1072
1781316720,R_75,36588.9409
1781316722,R_75,36594.6606
1781316724,R_75,36606.6511
1781316726,R_75,36596.7497
1781316728,R_75,36591.0077
1781316730,R_75,36604.7613
1781316732,R_75,36604.6511
1781316734,R_75,36595.8735
1781316736,R_75,36607.5467
1781316738,R_75,36605.5446
1781316740,R_75,36609.1877
1781316742,R_75,36604.1903
1781316744,R_75,36607.8842
1781316746,R_75,36597.7943
1781316748,R_75,36608.9197
1781316750,R_75,36615.0327
1781316752,R_75,36609.1326
1781316754,R_75,36596.0102
1781316756,R_75,36594.1629
1781316758,R_75,36585.7154
1781316760,R_75,36586.1025
1781316762,R_75,36587.0807
1781316764,R_75,36585.958
1781316766,R_75,36595.9896
1781316768,R_75,36612.9881
1781316770,R_75,36616.7676
1781316772,R_75,36617.2292
1781316774,R_75,36627.0628
1781316776,R_75,36629.2494
1781316778,R_75,36622.3636
1781316780,R_75,36623.0669
1781316782,R_75,36622.7441
1781316784,R_75,36617.0614
1781316786,R_75,36627.4141
1781316788,R_75,36636.7089
1781316790,R_75,36635.9438
1781316792,R_75,36634.6753
1781316794,R_75,36642.1777
1781316796,R_75,36641.5177
1781316798,R_75,36656.8401
1781316800,R_75,36650.7493
1781316802,R_75,36645.8165
1781316804,R_75,36641.2973
1781316806,R_75,36622.0304
1781316808,R_75,36625.7281
1781316810,R_75,36616.4635
1781316812,R_75,36612.7672
1781316814,R_75,36611.2486
1781316816,R_75,36608.6822
1781316818,R_75,36610.7511
1781316820,R_75,36609.7458
1781316822,R_75,36612.8997
1781316824,R_75,36621.0774
1781316826,R_75,36612.0476
1781316828,R_75,36607.5485
1781316830,R_75,36615.9266
1781316832,R_75,36603.9829
1781316834,R_75,36601.8684
1781316836,R_75,36594.8233
1781316838,R_75,36597.9877
1781316840,R_75,36595.8356
1781316842,R_75,36590.4657
1781316844,R_75,36593.8839
1781316846,R_75,36588.4178
1781316848,R_75,36592.1801
1781316850,R_75,36587.2213
1781316852,R_75,36589.8083
1781316854,R_75,36575.2283
1781316856,R_75,36585.1704
1781316858,R_75,36587.1523
1781316860,R_75,36585.8563
1781316862,R_75,36589.6311
1781316864,R_75,36576.9394
1781316866,R_75,36571.1977
1781316868,R_75,36566.5595
1781316870,R_75,36562.9613
1781316872,R_75,36564.7547
1781316874,R_75,36568.1357
1781316876,R_75,36566.3321
1781316878,R_75,36557.6067
1781316880,R_75,36553.1018
1781316882,R_75,36551.9286
1781316884,R_75,36549.699
1781316886,R_75,36551.304
1781316888,R_75,36558.5821
1781316890,R_75,36571.7336
1781316892,R_75,36576.7703
1781316894,R_75,36581.5226
1781316896,R_75,36572.2765
1781316898,R_75,36552.3312
1781316900,R_75,36551.0125
1781316902,R_75,36546.799
1781316904,R_75,36544.0129
1781316906,R_75,36546.3614
1781316908,R_75,36554.6129
1781316910,R_75,36559.8865
1781316912,R_75,36558.0607
1781316914,R_75,36560.2277
1781316916,R_75,36548.3561
1781316918,R_75,36540.2613
1781316920,R_75,36550.0117
1781316922,R_75,36553.0448
1781316924,R_75,36555.447
1781316926,R_75,36565.9564
1781316928,R_75,36564.0943
1781316930,R_75,36568.0486
1781316932,R_75,36559.4209
1781316934,R_75,36560.6634
1781316936,R_75,36568.1653
1781316938,R_75,36568.3223
1781316940,R_75,36576.0741
1781316942,R_75,36577.9941
1781316944,R_75,36582.6637
1781316946,R_75,36574.8777
1781316948,R_75,36574.6907
1781316950,R_75,36567.3511
1781316952,R_75,36581.1311
1781316954,R_75,36584.0286
1781316956,R_75,36582.2612
1781316958,R_75,36579.6579
1781316960,R_75,36576.7273
1781316962,R_75,36573.2088
1781316964,R_75,36580.1185
1781316966,R_75,36580.6199
1781316968,R_75,36583.1793
1781316970,R_75,36582.7465
1781316972,R_75,36579.5042
1781316974,R_75,36574.5032
1781316976,R_75,36582.1086
1781316978,R_75,36580.3798
1781316980,R_75,36585.6097
1781316982,R_75,36591.7532
1781316984,R_75,36596.0935
1781316986,R_75,36599.1008
1781316988,R_75,36597.3608
1781316990,R_75,36612.9069
1781316992,R_75,36603.6413
1781316994,R_75,36602.2761
1781316996,R_75,36606.4612
1781316998,R_75,36614.5374
1781317000,R_75,36611.4922
1781317002,R_75,36620.7234
1781317004,R_75,36625.4977
1781317006,R_75,36627.6933
1781317008,R_75,36633.2768
1781317010,R_75,36642.2423
1781317012,R_75,36653.6039
1781317014,R_75,36645.256
1781317016,R_75,36636.1381
1781317018,R_75,36634.5127
1781317020,R_75,36634.1932
1781317022,R_75,36631.8907
1781317024,R_75,36636.6393
1781317026,R_75,36629.1255
1781317028,R_75,36624.8515
1781317030,R_75,36621.3042
1781317032,R_75,36626.1532
1781317034,R_75,36635.0958
1781317036,R_75,36626.4434
1781317038,R_75,36622.3048
1781317040,R_75,36617.3996
1781317042,R_75,36620.5291
1781317044,R_75,36623.4492
1781317046,R_75,36615.6773
1781317048,R_75,36615.0343
1781317050,R_75,36610.7121
1781317052,R_75,36611.2386
1781317054,R_75,36615.232
1781317056,R_75,36611.9598
1781317058,R_75,36603.6385
1781317060,R_75,36598.0203
1781317062,R_75,36608.0505
1781317064,R_75,36612.4891
1781317066,R_75,36626.123
1781317068,R_75,36629.0129
1781317070,R_75,36634.7427
1781317072,R_75,36626.6681
1781317074,R_75,36629.6913
1781317076,R_75,36622.1066
1781317078,R_75,36622.7075
1781317080,R_75,36632.5166
1781317082,R_75,36636.9753
1781317084,R_75,36639.9231
1781317086,R_75,36646.0914
1781317088,R_75,36657.1898
1781317090,R_75,36659.2435
1781317092,R_75,36661.8615
1781317094,R_75,36664.4462
1781317096,R_75,36663.54
1781317098,R_75,36655.8171
1781317100,R_75,36658.7688
1781317102,R_75,36652.6042
1781317104,R_75,36646.1718
1781317106,R_75,36650.9077
1781317108,R_75,36644.5774
1781317110,R_75,36641.532
1781317112,R_75,36651.6656
1781317114,R_75,36654.4565
1781317116,R_75,36648.5232
1781317118,R_75,36641.6344
1781317120,R_75,36631.8764
1781317122,R_75,36624.8808
1781317124,R_75,36620.2006
1781317126,R_75,36627.7214
1781317128,R_75,36629.4241
1781317130,R_75,36631.6482
1781317132,R_75,36641.4815
1781317134,R_75,36640.9003
1781317136,R_75,36642.4389
1781317138,R_75,36641.7096
1781317140,R_75,36655.2147
1781317142,R_75,36661.7322
1781317144,R_75,36664.2646
1781317146,R_75,36667.1134
1781317148,R_75,36664.1365
1781317150,R_75,36667.1192
1781317152,R_75,36663.2496
1781317154,R_75,36666.179
1781317156,R_75,36671.4483
1781317158,R_75,36665.26
1781317160,R_75,36671.0122
1781317162,R_75,36673.4168
1781317164,R_75,36680.0826
1781317166,R_75,36676.1507
1781317168,R_75,36671.0304
1781317170,R_75,36672.4197
1781317172,R_75,36669.5546
1781317174,R_75,36671.2865
1781317176,R_75,36671.3363
1781317178,R_75,36677.3219
1781317180,R_75,36689.3443
1781317182,R_75,36694.4402
1781317184,R_75,36690.4137
1781317186,R_75,36686.681
1781317188,R_75,36687.9559
1781317190,R_75,36685.9636
1781317192,R_75,36693.2761
1781317194,R_75,36698.5656
1781317196,R_75,36695.1129
1781317198,R_75,36690.0824
1781317200,R_75,36700.7294
1781317202,R_75,36703.5673
1781317204,R_75,36693.7305
1781317206,R_75,36695.3425
1781317208,R_75,36693.9599
1781317210,R_75,36679.3711
1781317212,R_75,36681.0169
1781317214,R_75,36669.8576
1781317216,R_75,36666.981
1781317218,R_75,36667.1432
1781317220,R_75,36670.4334
1781317222,R_75,36673.7405
1781317224,R_75,36675.6257
1781317226,R_75,36688.4391
1781317228,R_75,36678.7056
1781317230,R_75,36674.0871
1781317232,R_75,36666.4602
1781317234,R_75,36654.3632
1781317236,R_75,36661.5667
1781317238,R_75,36667.3805
1781317240,R_75,36672.1606
1781317242,R_75,36669.9521
1781317244,R_75,36666.1082
1781317246,R_75,36673.9846
1781317248,R_75,36681.7995
1781317250,R_75,36681.065
1781317252,R_75,36687.0117
1781317254,R_75,36695.5787
1781317256,R_75,36686.474
1781317258,R_75,36693.3421
1781317260,R_75,36704.6082
1781317262,R_75,36711.2814
1781317264,R_75,36699.1656
1781317266,R_75,36699.1667
1781317268,R_75,36696.7881
1781317270,R_75,36702.6344
1781317272,R_75,36707.3992
1781317274,R_75,36712.0595
1781317276,R_75,36702.7063
1781317278,R_75,36699.2107
1781317280,R_75,36709.4756
1781317282,R_75,36717.4772
1781317284,R_75,36730.9686
1781317286,R_75,36714.1758
1781317288,R_75,36718.0456
1781317290,R_75,36716.7136
1781317292,R_75,36713.9055
1781317294,R_75,36718.1225
1781317296,R_75,36713.3643
1781317298,R_75,36712.9752
1781317300,R_75,36715.2052
1781317302,R_75,36728.5878
1781317304,R_75,36720.0634
1781317306,R_75,36727.1866
1781317308,R_75,36710.9117
1781317310,R_75,36711.7789
1781317312,R_75,36712.8766
1781317314,R_75,36706.1648
1781317316,R_75,36699.6498
1781317318,R_75,36702.9048
1781317320,R_75,36696.7825
1781317322,R_75,36700.6901
1781317324,R_75,36697.2372
1781317326,R_75,36686.0428
1781317328,R_75,36691.1513
1781317330,R_75,36694.1096
1781317332,R_75,36696.3868
1781317334,R_75,36706.4163
1781317336,R_75,36706.0887
1781317338,R_75,36699.3185
1781317340,R_75,36700.8688
1781317342,R_75,36697.135
1781317344,R_75,36708.8174
1781317346,R_75,36715.1437
1781317348,R_75,36713.2701
1781317350,R_75,36719.7156
1781317352,R_75,36728.0877
1781317354,R_75,36725.0015
1781317356,R_75,36719.6058
1781317358,R_75,36721.1064
1781317360,R_75,36724.9322
1781317362,R_75,36723.5902
1781317364,R_75,36736.344
1781317366,R_75,36736.1718
1781317368,R_75,36729.3444
1781317370,R_75,36731.3114
1781317372,R_75,36728.8876
1781317374,R_75,36730.1206
1781317376,R_75,36719.8052
1781317378,R_75,36722.2658
1781317380,R_75,36724.1052
1781317382,R_75,36727.4645
1781317384,R_75,36727.2082
1781317386,R_75,36729.4654
1781317388,R_75,36724.6738
1781317390,R_75,36715.3563
1781317392,R_75,36718.7364
1781317394,R_75,36723.5654
1781317396,R_75,36716.0551
1781317398,R_75,36715.5881
1781317400,R_75,36711.8381
1781317402,R_75,36713.7969
1781317404,R_75,36708.5123
1781317406,R_75,36705.7586
1781317408,R_75,36707.7485
1781317410,R_75,36706.9622
1781317412,R_75,36708.8325
1781317414,R_75,36713.9775
1781317416,R_75,36708.559
1781317418,R_75,36702.3894
1781317420,R_75,36717.02
1781317422,R_75,36733.7444
1781317424,R_75,36731.9436
1781317426,R_75,36729.6115
1781317428,R_75,36720.2573
1781317430,R_75,36723.655
1781317432,R_75,36727.742
1781317434,R_75,36729.856
1781317436,R_75,36730.7088
1781317438,R_75,36720.6045
1781317440,R_75,36713.5855
1781317442,R_75,36710.4189
1781317444,R_75,36712.0878
1781317446,R_75,36705.4822
1781317448,R_75,36699.7334
1781317450,R_75,36702.0572
1781317452,R_75,36691.0177
1781317454,R_75,36696.8003
1781317456,R_75,36687.3877
1781317458,R_75,36692.9646
1781317460,R_75,36692.9201
1781317462,R_75,36693.2789
1781317464,R_75,36685.0945
1781317466,R_75,36677.1574
1781317468,R_75,36680.7473
1781317470,R_75,36678.1628
1781317472,R_75,36682.5694
1781317474,R_75,36669.9738
1781317476,R_75,36673.7754
1781317478,R_75,36678.791
1781317480,R_75,36674.9322
1781317482,R_75,36665.4344
1781317484,R_75,36671.7973
1781317486,R_75,36675.6036
1781317488,R_75,36672.6693
1781317490,R_75,36686.6854
1781317492,R_75,36673.76
1781317494,R_75,36677.7776
1781317496,R_75,36668.4152
1781317498,R_75,36662.4651
1781317500,R_75,36669.1558
1781317502,R_75,36677.1712
1781317504,R_75,36680.7966
1781317506,R_75,36678.2999
1781317508,R_75,36681.5873
1781317510,R_75,36681.8471
1781317512,R_75,36683.3451
1781317514,R_75,36699.2939
1781317516,R_75,36698.57
1781317518,R_75,36681.4396
1781317520,R_75,36670.0108
1781317522,R_75,36675.0101
1781317524,R_75,36662.4014
1781317526,R_75,36669.7271
1781317528,R_75,36673.7165
1781317530,R_75,36676.1546
1781317532,R_75,36671.4982
1781317534,R_75,36668.0175
1781317536,R_75,36663.9862
1781317538,R_75,36665.5812
1781317540,R_75,36669.4554
1781317542,R_75,36677.5411
1781317544,R_75,36668.9091
1781317546,R_75,36669.5153
1781317548,R_75,36661.3967
1781317550,R_75,36655.9136
1781317552,R_75,36652.9353
1781317554,R_75,36648.9772
1781317556,R_75,36656.8009
1781317558,R_75,36667.7925
1781317560,R_75,36669.1405
1781317562,R_75,36665.0047
1781317564,R_75,36671.1889
1781317566,R_75,36675.1101
1781317568,R_75,36675.8539
1781317570,R_75,36670.5131
1781317572,R_75,36669.5811
1781317574,R_75,36676.646
1781317576,R_75,36671.2712
1781317578,R_75,36665.9644
1781317580,R_75,36660.9881
1781317582,R_75,36651.829
1781317584,R_75,36651.4523
1781317586,R_75,36639.0654
1781317588,R_75,36627.8041
1781317590,R_75,36623.8297
1781317592,R_75,36623.1479
1781317594,R_75,36607.8085
1781317596,R_75,36615.2993
1781317598,R_75,36611.4537
1781317600,R_75,36618.8155
1781317602,R_75,36631.5706
1781317604,R_75,36618.5161
1781317606,R_75,36622.4934
1781317608,R_75,36621.2833
1781317610,R_75,36614.5332
1781317612,R_75,36615.1769
1781317614,R_75,36625.0345
1781317616,R_75,36624.4054
1781317618,R_75,36626.3673
1781317620,R_75,36633.6803
1781317622,R_75,36619.6842
1781317624,R_75,36627.6454
1781317626,R_75,36622.6354
1781317628,R_75,36622.5548
1781317630,R_75,36621.514
1781317632,R_75,36616.2154
1781317634,R_75,36613.3603
1781317636,R_75,36613.1136
1781317638,R_75,36622.4557
1781317640,R_75,36613.0568
1781317642,R_75,36622.7458
1781317644,R_75,36624.3742
1781317646,R_75,36614.5167
1781317648,R_75,36630.4544
1781317650,R_75,36640.764
1781317652,R_75,36624.3129
1781317654,R_75,36613.9544
1781317656,R_75,36609.8907
1781317658,R_75,36607.9495
1781317660,R_75,36609.7457
1781317662,R_75,36606.3567
1781317664,R_75,36601.7021
1781317666,R_75,36596.08
1781317668,R_75,36591.9936
1781317670,R_75,36584.8248
1781317672,R_75,36586.6032
1781317674,R_75,36588.6374
1781317676,R_75,36587.123
1781317678,R_75,36590.6321
1781317680,R_75,36588.8814
1781317682,R_75,36599.61
1781317684,R_75,36606.9735
1781317686,R_75,36609.7254
1781317688,R_75,36601.3421
1781317690,R_75,36601.5802
1781317692,R_75,36598.0068
1781317694,R_75,36598.057
1781317696,R_75,36598.5039
1781317698,R_75,36597.4088
1781317700,R_75,36592.9089
1781317702,R_75,36588.8922
1781317704,R_75,36594.4306
1781317706,R_75,36593.6487
1781317708,R_75,36599.0876
1781317710,R_75,36606.7195
1781317712,R_75,36600.2095
1781317714,R_75,36599.7647
1781317716,R_75,36593.3943
1781317718,R_75,36599.0118
1781317720,R_75,36596.1713
1781317722,R_75,36608.0164
1781317724,R_75,36607.3388
1781317726,R_75,36599.1766
1781317728,R_75,36601.9164
1781317730,R_75,36591.0606
1781317732,R_75,36590.5436
1781317734,R_75,36583.8418
1781317736,R_75,36583.9449
1781317738,R_75,36588.688
1781317740,R_75,36597.942
1781317742,R_75,36599.1966
1781317744,R_75,36613.539
1781317746,R_75,36625.37
1781317748,R_75,36619.8876
1781317750,R_75,36630.5217
1781317752,R_75,36634.3743
1781317754,R_75,36639.0961
1781317756,R_75,36640.702
1781317758,R_75,36642.8572
1781317760,R_75,36654.7276
1781317762,R_75,36651.8144
1781317764,R_75,36658.0612
1781317766,R_75,36664.4112
1781317768,R_75,36654.131
1781317770,R_75,36656.7315
1781317772,R_75,36661.7018
1781317774,R_75,36659.5526
1781317776,R_75,36648.7618
1781317778,R_75,36646.2176
1781317780,R_75,36639.2205
1781317782,R_75,36640.9646
1781317784,R_75,36639.7395
1781317786,R_75,36641.2078
1781317788,R_75,36641.2048
1781317790,R_75,36623.415
1781317792,R_75,36625.2252
1781317794,R_75,36637.2552
1781317796,R_75,36642.8861
1781317798,R_75,36643.3559
1781317800,R_75,36641.3245
1781317802,R_75,36651.7832
1781317804,R_75,36642.7441
1781317806,R_75,36639.2277
1781317808,R_75,36651.5056
1781317810,R_75,36645.2455
1781317812,R_75,36642.1606
1781317814,R_75,36648.0097
1781317816,R_75,36640.7126
1781317818,R_75,36646.6861
1781317820,R_75,36648.4523
1781317822,R_75,36661.7311
1781317824,R_75,36663.0615
1781317826,R_75,36672.3545
1781317828,R_75,36668.3893
1781317830,R_75,36672.6781
1781317832,R_75,36667.1209
1781317834,R_75,36668.1197
1781317836,R_75,36668.2733
1781317838,R_75,36665.426
1781317840,R_75,36669.9618
1781317842,R_75,36668.8062
1781317844,R_75,36658.6855
1781317846,R_75,36666.8588
1781317848,R_75,36661.5753
1781317850,R_75,36662.4645
1781317852,R_75,36660.4834
1781317854,R_75,36659.0796
1781317856,R_75,36650.3316
1781317858,R_75,36649.8318
1781317860,R_75,36660.8862
1781317862,R_75,36650.5573
1781317864,R_75,36649.201
1781317866,R_75,36649.2808
1781317868,R_75,36650.423
1781317870,R_75,36656.7746
1781317872,R_75,36662.381
1781317874,R_75,36661.6646
1781317876,R_75,36655.8338
1781317878,R_75,36661.4109
1781317880,R_75,36665.5503
1781317882,R_75,36680.1844
1781317884,R_75,36681.853
1781317886,R_75,36673.7838
1781317888,R_75,36677.3347
1781317890,R_75,36678.4966
1781317892,R_75,36695.4436
1781317894,R_75,36690.0837
1781317896,R_75,36690.0037
1781317898,R_75,36682.7185
1781317900,R_75,36684.6289
1781317902,R_75,36693.08
1781317904,R_75,36686.4062
1781317906,R_75,36686.2687
1781317908,R_75,36688.6671
1781317910,R_75,36683.9844
1781317912,R_75,36681.5171
1781317914,R_75,36666.8516
1781317916,R_75,36675.8753
1781317918,R_75,36679.2885
1781317920,R_75,36672.7496
1781317922,R_75,36685.5286
1781317924,R_75,36680.6492
1781317926,R_75,36687.9245
1781317928,R_75,36690.7082
1781317930,R_75,36700.0001
1781317932,R_75,36699.9691
1781317934,R_75,36709.6532
1781317936,R_75,36712.6082
1781317938,R_75,36709.4105
1781317940,R_75,36710.132
1781317942,R_75,36708.0403
1781317944,R_75,36706.9416
1781317946,R_75,36718.2612
1781317948,R_75,36722.8482
1781317950,R_75,36717.6439
1781317952,R_75,36715.888
1781317954,R_75,36719.1292
1781317956,R_75,36720.3367
1781317958,R_75,36722.7377
1781317960,R_75,36731.775
1781317962,R_75,36737.1047
1781317964,R_75,36743.0118
1781317966,R_75,36725.8554
1781317968,R_75,36728.9971
1781317970,R_75,36730.1913
1781317972,R_75,36723.2222
1781317974,R_75,36721.44
1781317976,R_75,36723.2315
1781317978,R_75,36721.6113
1781317980,R_75,36715.968
1781317982,R_75,36727.6197
1781317984,R_75,36730.3623
1781317986,R_75,36713.8181
1781317988,R_75,36715.6596
1781317990,R_75,36713.3723
1781317992,R_75,36711.1208
1781317994,R_75,36714.1458
1781317996,R_75,36713.6428
1781317998,R_75,36706.0983
1781318000,R_75,36709.4006
1781318002,R_75,36719.9833
1781318004,R_75,36727.4357
1781318006,R_75,36723.6283
1781318008,R_75,36722.5164
1781318010,R_75,36726.2632
1781318012,R_75,36723.2385
1781318014,R_75,36725.772
1781318016,R_75,36717.9498
1781318018,R_75,36709.402
1781318020,R_75,36708.8655
1781318022,R_75,36714.9919
1781318024,R_75,36729.9528
1781318026,R_75,36733.6235
1781318028,R_75,36727.5406
1781318030,R_75,36733.8147
1781318032,R_75,36734.2208
1781318034,R_75,36726.4577
1781318036,R_75,36745.5583
1781318038,R_75,36742.1188
1781318040,R_75,36746.7191
1781318042,R_75,36737.2473
1781318044,R_75,36748.0364
1781318046,R_75,36739.5499
1781318048,R_75,36754.1578
1781318050,R_75,36772.7736
1781318052,R_75,36760.6838
1781318054,R_75,36761.5993
1781318056,R_75,36765.8547
1781318058,R_75,36772.5805
1781318060,R_75,36788.2739
1781318062,R_75,36787.5758
1781318064,R_75,36777.6909
1781318066,R_75,36767.3574
1781318068,R_75,36758.8982
1781318070,R_75,36757.7723
1781318072,R_75,36754.4173
1781318074,R_75,36762.3979
1781318076,R_75,36768.0935
1781318078,R_75,36756.5247
1781318080,R_75,36743.6955
1781318082,R_75,36745.4855
1781318084,R_75,36748.6334
1781318086,R_75,36755.9183
1781318088,R_75,36745.7864
1781318090,R_75,36747.3526
1781318092,R_75,36735.3557
1781318094,R_75,36734.5544
1781318096,R_75,36733.7508
1781318098,R_75,36731.8836
1781318100,R_75,36729.5192
1781318102,R_75,36736.2529
1781318104,R_75,36746.0457
1781318106,R_75,36745.7217
1781318108,R_75,36754.6338
1781318110,R_75,36765.0777
1781318112,R_75,36766.2361
1781318114,R_75,36764.1366
1781318116,R_75,36771.4377
1781318118,R_75,36758.698
1781318120,R_75,36760.9125
1781318122,R_75,36759.5604
1781318124,R_75,36752.6941
1781318126,R_75,36752.0849
1781318128,R_75,36751.5972
1781318130,R_75,36753.7976
1781318132,R_75,36743.6331
1781318134,R_75,36752.5154
1781318136,R_75,36755.7946
1781318138,R_75,36752.8619
1781318140,R_75,36747.3253
1781318142,R_75,36748.4692
1781318144,R_75,36749.6247
1781318146,R_75,36749.3813
1781318148,R_75,36746.2903
1781318150,R_75,36745.7361
1781318152,R_75,36753.7723
1781318154,R_75,36760.1007
1781318156,R_75,36761.8954
1781318158,R_75,36756.088
1781318160,R_75,36758.9625
1781318162,R_75,36768.0375
1781318164,R_75,36769.724
1781318166,R_75,36774.3606
1781318168,R_75,36778.5808
1781318170,R_75,36782.7774
1781318172,R_75,36785.9077
1781318174,R_75,36787.1933
1781318176,R_75,36798.4439
1781318178,R_75,36800.5431
1781318180,R_75,36801.7144
1781318182,R_75,36805.6255
1781318184,R_75,36803.32
1781318186,R_75,36803.8728
1781318188,R_75,36805.8149
1781318190,R_75,36802.484
1781318192,R_75,36805.4357
1781318194,R_75,36801.1424
1781318196,R_75,36808.1044
1781318198,R_75,36805.1418
1781318200,R_75,36804.81
1781318202,R_75,36808.445
1781318204,R_75,36821.41
1781318206,R_75,36817.5258
1781318208,R_75,36801.4031
1781318210,R_75,36802.3622
1781318212,R_75,36795.4964
1781318214,R_75,36787.3499
1781318216,R_75,36789.0234
1781318218,R_75,36790.4146
1781318220,R_75,36794.9781
1781318222,R_75,36791.21
1781318224,R_75,36791.4839
1781318226,R_75,36788.3254
1781318228,R_75,36782.0356
1781318230,R_75,36788.5378
1781318232,R_75,36784.4063
1781318234,R_75,36782.5532
1781318236,R_75,36777.3334
1781318238,R_75,36781.661
1781318240,R_75,36777.2658
1781318242,R_75,36772.7478
1781318244,R_75,36773.3594
1781318246,R_75,36791.0085
1781318248,R_75,36797.3514
1781318250,R_75,36804.9669
1781318252,R_75,36794.7462
1781318254,R_75,36790.4717
1781318256,R_75,36787.9128
1781318258,R_75,36785.4437
1781318260,R_75,36785.5788
1781318262,R_75,36782.0843
1781318264,R_75,36785.9857
1781318266,R_75,36776.9907
1781318268,R_75,36790.9011
1781318270,R_75,36772.975
1781318272,R_75,36761.2156
1781318274,R_75,36772.6152
1781318276,R_75,36783.4328
1781318278,R_75,36792.8091
1781318280,R_75,36798.5414
1781318282,R_75,36800.7679
1781318284,R_75,36805.7725
1781318286,R_75,36813.1798
1781318288,R_75,36800.9031
1781318290,R_75,36806.0671
1781318292,R_75,36795.208
1781318294,R_75,36798.7603
1781318296,R_75,36797.7713
1781318298,R_75,36805.5452
1781318300,R_75,36795.6199
1781318302,R_75,36787.8226
1781318304,R_75,36778.5949
1781318306,R_75,36781.3061
1781318308,R_75,36776.7041
1781318310,R_75,36771.8364
1781318312,R_75,36768.895
1781318314,R_75,36778.2257
1781318316,R_75,36772.4061
1781318318,R_75,36777.7694
1781318320,R_75,36774.3371
1781318322,R_75,36762.3348
1781318324,R_75,36756.6061
1781318326,R_75,36756.7031
1781318328,R_75,36747.8685
1781318330,R_75,36750.8143
1781318332,R_75,36747.8066
1781318334,R_75,36740.5875
1781318336,R_75,36739.0166
1781318338,R_75,36729.1542
1781318340,R_75,36725.24
1781318342,R_75,36743.2397
1781318344,R_75,36740.3424
1781318346,R_75,36741.4588
1781318348,R_75,36742.9995
1781318350,R_75,36733.7085
1781318352,R_75,36740.8803
1781318354,R_75,36743.1366
1781318356,R_75,36753.9153
1781318358,R_75,36746.3787
1781318360,R_75,36743.1159
1781318362,R_75,36742.9907
1781318364,R_75,36745.0691
1781318366,R_75,36751.9811
1781318368,R_75,36738.9927
1781318370,R_75,36737.3126
1781318372,R_75,36737.887
1781318374,R_75,36744.7623
1781318376,R_75,36752.9444
1781318378,R_75,36761.543
1781318380,R_75,36765.55
1781318382,R_75,36768.578
1781318384,R_75,36773.6156
1781318386,R_75,36763.618
1781318388,R_75,36768.1066
1781318390,R_75,36784.305
1781318392,R_75,36784.8939
1781318394,R_75,36795.8888
1781318396,R_75,36806.693
1781318398,R_75,36804.1222
1781318400,R_75,36804.3843
1781318402,R_75,36807.7107
1781318404,R_75,36805.4385
1781318406,R_75,36797.0594
1781318408,R_75,36794.5086
1781318410,R_75,36785.2464
1781318412,R_75,36782.5144
1781318414,R_75,36778.9499
1781318416,R_75,36772.7751
1781318418,R_75,36775.702
1781318420,R_75,36777.5067
1781318422,R_75,36776.0152
1781318424,R_75,36772.0467
1781318426,R_75,36773.0975
1781318428,R_75,36768.9283
1781318430,R_75,36773.5118
1781318432,R_75,36775.1614
1781318434,R_75,36769.4775
1781318436,R_75,36776.2981
1781318438,R_75,36784.4932
1781318440,R_75,36793.776
1781318442,R_75,36792.1611
1781318444,R_75,36790.3134
1781318446,R_75,36790.0262
1781318448,R_75,36793.6198
1781318450,R_75,36798.507
1781318452,R_75,36797.0012
1781318454,R_75,36796.4629
1781318456,R_75,36796.6231
1781318458,R_75,36795.205
1781318460,R_75,36810.6352
1781318462,R_75,36812.9031
1781318464,R_75,36802.564
1781318466,R_75,36796.9839
1781318468,R_75,36799.4474
1781318470,R_75,36809.654
1781318472,R_75,36807.7494
1781318474,R_75,36809.0466
1781318476,R_75,36804.9835
1781318478,R_75,36799.119
1781318480,R_75,36800.748
1781318482,R_75,36791.4033
1781318484,R_75,36798.8816
1781318486,R_75,36805.6027
1781318488,R_75,36789.8276
1781318490,R_75,36783.8495
1781318492,R_75,36784.4667
1781318494,R_75,36788.2766
1781318496,R_75,36778.139
1781318498,R_75,36770.798
1781318500,R_75,36774.4918
1781318502,R_75,36772.7294
1781318504,R_75,36775.6588
1781318506,R_75,36781.5338
1781318508,R_75,36781.6221
1781318510,R_75,36782.1127
1781318512,R_75,36775.3297
1781318514,R_75,36780.5468
1781318516,R_75,36779.0587
1781318518,R_75,36775.1686
1781318520,R_75,36783.5111
1781318522,R_75,36777.4105
1781318524,R_75,36771.5254
1781318526,R_75,36766.1542
1781318528,R_75,36758.6867
1781318530,R_75,36762.4844
1781318532,R_75,36760.864
1781318534,R_75,36766.569
1781318536,R_75,36775.697
1781318538,R_75,36792.144
1781318540,R_75,36795.7861
1781318542,R_75,36806.5367
1781318544,R_75,36804.9509
1781318546,R_75,36787.2326
1781318548,R_75,36779.9863
1781318550,R_75,36779.1699
1781318552,R_75,36781.3447
1781318554,R_75,36785.3512
1781318556,R_75,36782.6557
1781318558,R_75,36791.2675
1781318560,R_75,36789.6159
1781318562,R_75,36791.9262
1781318564,R_75,36786.5112
1781318566,R_75,36790.5441
1781318568,R_75,36804.4568
1781318570,R_75,36808.4968
1781318572,R_75,36803.7333
1781318574,R_75,36813.9792
1781318576,R_75,36830.631
1781318578,R_75,36831.051
1781318580,R_75,36837.2614
1781318582,R_75,36843.515
1781318584,R_75,36840.4542
1781318586,R_75,36832.7961
1781318588,R_75,36836.8647
1781318590,R_75,36844.8124
1781318592,R_75,36857.6446
1781318594,R_75,36839.4578
1781318596,R_75,36837.9351
1781318598,R_75,36840.6295
1781318600,R_75,36840.6746
1781318602,R_75,36842.4103
1781318604,R_75,36843.4385
1781318606,R_75,36842.2344
1781318608,R_75,36849.4824
1781318610,R_75,36856.6207
1781318612,R_75,36864.8478
1781318614,R_75,36863.8205
1781318616,R_75,36863.4682
1781318618,R_75,36862.4643
1781318620,R_75,36857.0341
1781318622,R_75,36850.1834
1781318624,R_75,36851.4379
1781318626,R_75,36854.2744
1781318628,R_75,36849.9385
1781318630,R_75,36846.4836
1781318632,R_75,36832.8931
1781318634,R_75,36826.3767
1781318636,R_75,36821.1673
1781318638,R_75,36821.5
1781318640,R_75,36805.495
1781318642,R_75,36797.0876
1781318644,R_75,36800.901
1781318646,R_75,36803.8442
1781318648,R_75,36801.5244
1781318650,R_75,36801.5321
1781318652,R_75,36790.113
1781318654,R_75,36791.3729
1781318656,R_75,36798.671
1781318658,R_75,36793.5444
1781318660,R_75,36803.9865
1781318662,R_75,36817.1059
1781318664,R_75,36810.0087
1781318666,R_75,36826.4122
1781318668,R_75,36834.8006
1781318670,R_75,36834.3304
1781318672,R_75,36829.7941
1781318674,R_75,36827.6151
1781318676,R_75,36832.7235
1781318678,R_75,36833.3896
1781318680,R_75,36838.2082
1781318682,R_75,36838.974
1781318684,R_75,36845.885
1781318686,R_75,36835.7954
1781318688,R_75,36835.6203
1781318690,R_75,36827.2565
1781318692,R_75,36826.0131
1781318694,R_75,36819.8354
1781318696,R_75,36818.2804
1781318698,R_75,36814.5787
1781318700,R_75,36812.7806
1781318702,R_75,36816.5084
1781318704,R_75,36803.4803
1781318706,R_75,36795.123
1781318708,R_75,36796.6327
1781318710,R_75,36785.3681
1781318712,R_75,36802.5565
1781318714,R_75,36803.3573
1781318716,R_75,36803.7393
1781318718,R_75,36817.5312
1781318720,R_75,36816.8937
1781318722,R_75,36824.9022
1781318724,R_75,36825.1395
1781318726,R_75,36828.0858
1781318728,R_75,36830.6416
1781318730,R_75,36827.162
1781318732,R_75,36838.6994
1781318734,R_75,36849.169
1781318736,R_75,36844.4738
1781318738,R_75,36842.8479
1781318740,R_75,36853.8479
1781318742,R_75,36847.614
1781318744,R_75,36837.0328
1781318746,R_75,36835.6733
1781318748,R_75,36831.1948
1781318750,R_75,36824.7579
1781318752,R_75,36829.8408
1781318754,R_75,36815.1407
1781318756,R_75,36827.0357
1781318758,R_75,36828.9272
1781318760,R_75,36837.1891
1781318762,R_75,36843.2386
1781318764,R_75,36851.6111
1781318766,R_75,36859.2436
1781318768,R_75,36857.4206
1781318770,R_75,36858.5606
1781318772,R_75,36851.5056
1781318774,R_75,36848.1671
1781318776,R_75,36860.4513
1781318778,R_75,36857.1473
1781318780,R_75,36852.8672
1781318782,R_75,36848.3876
1781318784,R_75,36838.9553
1781318786,R_75,36835.1072
1781318788,R_75,36835.8388
1781318790,R_75,36837.192
1781318792,R_75,36839.2013
1781318794,R_75,36833.9263
1781318796,R_75,36839.8376
1781318798,R_75,36833.3636
1781318800,R_75,36835.6628
1781318802,R_75,36817.1917
1781318804,R_75,36820.9952
1781318806,R_75,36817.014
1781318808,R_75,36804.5828
1781318810,R_75,36807.3753
1781318812,R_75,36807.967
1781318814,R_75,36805.7239
1781318816,R_75,36810.597
1781318818,R_75,36806.9177
1781318820,R_75,36806.9428
1781318822,R_75,36804.873
1781318824,R_75,36811.7784
1781318826,R_75,36805.3476
1781318828,R_75,36802.9883
1781318830,R_75,36808.7171
1781318832,R_75,36796.2567
1781318834,R_75,36801.9881
1781318836,R_75,36803.4145
1781318838,R_75,36813.0718
1781318840,R_75,36808.7612
1781318842,R_75,36805.7542
1781318844,R_75,36794.559
1781318846,R_75,36785.7421
1781318848,R_75,36779.1232
1781318850,R_75,36784.0573
1781318852,R_75,36784.3018
1781318854,R_75,36787.6932
1781318856,R_75,36796.5744
1781318858,R_75,36796.8202
1781318860,R_75,36801.3783
1781318862,R_75,36798.473
1781318864,R_75,36781.0156
1781318866,R_75,36776.8864
1781318868,R_75,36774.5674
1781318870,R_75,36770.1296
1781318872,R_75,36779.8744
1781318874,R_75,36777.6752
1781318876,R_75,36782.1393
1781318878,R_75,36787.453
1781318880,R_75,36784.5839
1781318882,R_75,36781.8539
1781318884,R_75,36787.1378
1781318886,R_75,36801.4564
1781318888,R_75,36805.9902
1781318890,R_75,36812.548
1781318892,R_75,36806.514
1781318894,R_75,36798.5607
1781318896,R_75,36801.7008
1781318898,R_75,36812.0784
1781318900,R_75,36818.7758
1781318902,R_75,36811.745
1781318904,R_75,36816.9089
1781318906,R_75,36804.6072
1781318908,R_75,36801.9314
1781318910,R_75,36794.8095
1781318912,R_75,36797.6958
1781318914,R_75,36795.0483
1781318916,R_75,36787.1362
1781318918,R_75,36795.9126
1781318920,R_75,36811.5404
1781318922,R_75,36820.0189
1781318924,R_75,36826.4803
1781318926,R_75,36834.6679
1781318928,R_75,36835.7924
1781318930,R_75,36830.1082
1781318932,R_75,36843.9143
1781318934,R_75,36846.1158
1781318936,R_75,36845.554
1781318938,R_75,36846.4721
1781318940,R_75,36842.4811
1781318942,R_75,36849.9357
1781318944,R_75,36844.314
1781318946,R_75,36844.0312
1781318948,R_75,36842.9708
1781318950,R_75,36842.3216
1781318952,R_75,36843.1602
1781318954,R_75,36847.5579
1781318956,R_75,36834.8122
1781318958,R_75,36834.4652
1781318960,R_75,36835.2041
1781318962,R_75,36834.9678
1781318964,R_75,36835.5752
1781318966,R_75,36834.755
1781318968,R_75,36836.4465
1781318970,R_75,36833.3179
1781318972,R_75,36839.1199
1781318974,R_75,36847.2237
1781318976,R_75,36842.2161
1781318978,R_75,36849.9184
1781318980,R_75,36842.7072
1781318982,R_75,36836.0527
1781318984,R_75,36852.6517
1781318986,R_75,36858.4796
1781318988,R_75,36865.2776
1781318990,R_75,36863.7715
1781318992,R_75,36864.6818
1781318994,R_75,36855.272
1781318996,R_75,36860.33
1781318998,R_75,36859.9349
1781319000,R_75,36846.6836
1781319002,R_75,36843.2664
1781319004,R_75,36847.5647
1781319006,R_75,36851.4148
1781319008,R_75,36848.2749
1781319010,R_75,36836.6893
1781319012,R_75,36844.8152
1781319014,R_75,36853.0833
1781319016,R_75,36859.6363
1781319018,R_75,36855.9313
1781319020,R_75,36856.9044
1781319022,R_75,36848.8478
1781319024,R_75,36841.5174
1781319026,R_75,36832.0956
1781319028,R_75,36831.5098
1781319030,R_75,36828.6603
1781319032,R_75,36832.7889
1781319034,R_75,36839.6117
1781319036,R_75,36832.9707
1781319038,R_75,36833.2931
1781319040,R_75,36828.0086
1781319042,R_75,36840.85
1781319044,R_75,36846.3508
1781319046,R_75,36849.241
1781319048,R_75,36851.5772
1781319050,R_75,36845.2902
1781319052,R_75,36845.703
1781319054,R_75,36842.9473
1781319056,R_75,36838.8773
1781319058,R_75,36838.4613
1781319060,R_75,36843.7745
1781319062,R_75,36855.1342
1781319064,R_75,36856.8269
1781319066,R_75,36852.7073
1781319068,R_75,36850.9518
1781319070,R_75,36841.0915
1781319072,R_75,36845.9701
1781319074,R_75,36859.3003
1781319076,R_75,36861.89
1781319078,R_75,36856.6031
1781319080,R_75,36852.0348
1781319082,R_75,36857.3879
1781319084,R_75,36851.7132
1781319086,R_75,36847.6879
1781319088,R_75,36860.1144
1781319090,R_75,36854.2416
1781319092,R_75,36847.7609
1781319094,R_75,36844.1608
1781319096,R_75,36842.0214
1781319098,R_75,36835.2894
1781319100,R_75,36826.1351
1781319102,R_75,36816.8624
1781319104,R_75,36797.188
1781319106,R_75,36811.1623
1781319108,R_75,36821.241
1781319110,R_75,36823.2626
1781319112,R_75,36812.8228
1781319114,R_75,36812.7356
1781319116,R_75,36807.4631
1781319118,R_75,36802.4631
1781319120,R_75,36807.5845
1781319122,R_75,36790.7044
1781319124,R_75,36798.2318
1781319126,R_75,36795.8791
1781319128,R_75,36798.1068
1781319130,R_75,36798.2475
1781319132,R_75,36781.662
1781319134,R_75,36781.5314
1781319136,R_75,36783.2115
1781319138,R_75,36788.5104
1781319140,R_75,36779.3951
1781319142,R_75,36787.457
1781319144,R_75,36791.7123
1781319146,R_75,36798.2188
1781319148,R_75,36802.1211
1781319150,R_75,36805.1519
1781319152,R_75,36800.6204
1781319154,R_75,36793.7284
1781319156,R_75,36804.4911
1781319158,R_75,36807.0005
1781319160,R_75,36807.9137
1781319162,R_75,36816.0759
1781319164,R_75,36812.6928
1781319166,R_75,36816.3431
1781319168,R_75,36811.3548
1781319170,R_75,36811.9659
1781319172,R_75,36813.9002
1781319174,R_75,36814.2168
1781319176,R_75,36807.0986
1781319178,R_75,36820.0136
1781319180,R_75,36815.9682
1781319182,R_75,36823.7873
1781319184,R_75,36822.5687
1781319186,R_75,36836.0579
1781319188,R_75,36837.7739
1781319190,R_75,36835.7611
1781319192,R_75,36830.9582
1781319194,R_75,36824.0469
1781319196,R_75,36827.413
1781319198,R_75,36818.5376
1781319200,R_75,36823.8446
1781319202,R_75,36826.1478
1781319204,R_75,36832.5154
1781319206,R_75,36824.5948
1781319208,R_75,36820.4322
1781319210,R_75,36805.3185
1781319212,R_75,36810.5836
1781319214,R_75,36803.2984
1781319216,R_75,36804.903
1781319218,R_75,36797.1631
1781319220,R_75,36812.659
1781319222,R_75,36820.8696
1781319224,R_75,36825.2126
1781319226,R_75,36817.1375
1781319228,R_75,36824.4353
1781319230,R_75,36823.3519
1781319232,R_75,36822.1456
1781319234,R_75,36830.2795
1781319236,R_75,36824.8464
1781319238,R_75,36831.2627
1781319240,R_75,36831.0042
1781319242,R_75,36827.4585
1781319244,R_75,36819.1402
1781319246,R_75,36821.8577
1781319248,R_75,36830.5814
1781319250,R_75,36825.4229
1781319252,R_75,36823.4264
1781319254,R_75,36816.199
1781319256,R_75,36819.9545
1781319258,R_75,36810.8836
1781319260,R_75,36812.7947
1781319262,R_75,36815.4308
1781319264,R_75,36808.1469
1781319266,R_75,36811.7478
1781319268,R_75,36805.3268
1781319270,R_75,36818.2892
1781319272,R_75,36826.437
1781319274,R_75,36822.432
1781319276,R_75,36823.7951
1781319278,R_75,36827.775
1781319280,R_75,36822.0157
1781319282,R_75,36827.1553
1781319284,R_75,36823.1958
1781319286,R_75,36822.7739
1781319288,R_75,36827.1783
1781319290,R_75,36831.8375
1781319292,R_75,36826.6654
1781319294,R_75,36831.7461
1781319296,R_75,36830.2033
1781319298,R_75,36838.0343
1781319300,R_75,36842.7261
1781319302,R_75,36846.5733
1781319304,R_75,36847.3053
1781319306,R_75,36856.2654
1781319308,R_75,36853.5855
1781319310,R_75,36847.1003
1781319312,R_75,36832.727
1781319314,R_75,36835.6815
1781319316,R_75,36841.9321
1781319318,R_75,36842.5074
1781319320,R_75,36838.0332
1781319322,R_75,36843.0804
1781319324,R_75,36837.5287
1781319326,R_75,36833.5485
1781319328,R_75,36831.9923
1781319330,R_75,36833.3648
1781319332,R_75,36836.2175
1781319334,R_75,36841.7069
1781319336,R_75,36848.0353
1781319338,R_75,36850.7481
1781319340,R_75,36846.2454
1781319342,R_75,36849.5295
1781319344,R_75,36842.9827
1781319346,R_75,36844.4076
1781319348,R_75,36852.0488
1781319350,R_75,36857.867
1781319352,R_75,36855.4715
1781319354,R_75,36850.4007
1781319356,R_75,36843.8609
1781319358,R_75,36844.2218
1781319360,R_75,36835.0932
1781319362,R_75,36830.3432
1781319364,R_75,36836.6999
1781319366,R_75,36835.7497
1781319368,R_75,36830.8941
1781319370,R_75,36827.8597
1781319372,R_75,36844.3428
1781319374,R_75,36845.4816
1781319376,R_75,36841.4197
1781319378,R_75,36835.5726
1781319380,R_75,36840.5097
1781319382,R_75,36847.2897
1781319384,R_75,36842.7633
1781319386,R_75,36829.0712
1781319388,R_75,36811.9545
1781319390,R_75,36813.9285
1781319392,R_75,36813.2722
1781319394,R_75,36804.9106
1781319396,R_75,36800.2871
1781319398,R_75,36812.7939
1781319400,R_75,36813.0705
1781319402,R_75,36812.9885
1781319404,R_75,36809.9652
1781319406,R_75,36805.0804
1781319408,R_75,36813.8505
1781319410,R_75,36812.4367
1781319412,R_75,36809.8688
1781319414,R_75,36811.7494
1781319416,R_75,36805.5288
1781319418,R_75,36801.6431
1781319420,R_75,36799.0476
1781319422,R_75,36795.2983
1781319424,R_75,36792.4252
1781319426,R_75,36801.675
1781319428,R_75,36798.2495
1781319430,R_75,36792.819
1781319432,R_75,36803.1297
1781319434,R_75,36807.8777
1781319436,R_75,36812.3677
1781319438,R_75,36815.8182
1781319440,R_75,36811.6157
1781319442,R_75,36815.8556
1781319444,R_75,36825.7084
1781319446,R_75,36826.692
1781319448,R_75,36827.1133
1781319450,R_75,36820.614
1781319452,R_75,36822.1493
1781319454,R_75,36823.9577
1781319456,R_75,36812.6379
1781319458,R_75,36816.789
1781319460,R_75,36820.7779
1781319462,R_75,36824.6422
1781319464,R_75,36821.6657
1781319466,R_75,36820.5531
1781319468,R_75,36825.7785
1781319470,R_75,36824.7566
1781319472,R_75,36813.0033
1781319474,R_75,36814.1574
1781319476,R_75,36813.8366
1781319478,R_75,36812.0613
1781319480,R_75,36816.1851
1781319482,R_75,36810.3205
1781319484,R_75,36806.008
1781319486,R_75,36805.285
1781319488,R_75,36806.1918
1781319490,R_75,36812.2512
1781319492,R_75,36811.4513
1781319494,R_75,36820.3558
1781319496,R_75,36821.118
1781319498,R_75,36827.8724
1781319500,R_75,36840.5462
1781319502,R_75,36837.0999
1781319504,R_75,36841.5719
1781319506,R_75,36841.1599
1781319508,R_75,36834.7582
1781319510,R_75,36839.23
1781319512,R_75,36847.3151
1781319514,R_75,36849.236
1781319516,R_75,36846.1831
1781319518,R_75,36846.3271
1781319520,R_75,36848.4858
1781319522,R_75,36853.1496
1781319524,R_75,36853.5828
1781319526,R_75,36854.8096
1781319528,R_75,36848.2537
1781319530,R_75,36845.5556
1781319532,R_75,36852.0293
1781319534,R_75,36840.9212
1781319536,R_75,36835.8404
1781319538,R_75,36829.9164
1781319540,R_75,36836.3293
1781319542,R_75,36844.9303
1781319544,R_75,36837.9743
1781319546,R_75,36841.5965
1781319548,R_75,36843.0791
1781319550,R_75,36844.8883
1781319552,R_75,36853.0894
1781319554,R_75,36844.8205
1781319556,R_75,36844.1865
1781319558,R_75,36855.063
1781319560,R_75,36862.0968
1781319562,R_75,36866.7807
1781319564,R_75,36878.6925
1781319566,R_75,36859.4837
1781319568,R_75,36851.1905
1781319570,R_75,36857.6948
1781319572,R_75,36854.8004
1781319574,R_75,36856.591
1781319576,R_75,36857.2863
1781319578,R_75,36864.1533
1781319580,R_75,36865.2397
1781319582,R_75,36860.6062
1781319584,R_75,36863.28
1781319586,R_75,36855.031
1781319588,R_75,36846.6031
1781319590,R_75,36853.2583
1781319592,R_75,36855.8884
1781319594,R_75,36850.0373
1781319596,R_75,36841.7746
1781319598,R_75,36845.5506
1781319600,R_75,36843.021
1781319602,R_75,36838.0354
1781319604,R_75,36839.3113
1781319606,R_75,36847.3889
1781319608,R_75,36842.2652
1781319610,R_75,36852.4414
1781319612,R_75,36869.3868
1781319614,R_75,36866.9866
1781319616,R_75,36869.7796
1781319618,R_75,36866.2723
1781319620,R_75,36858.2524
1781319622,R_75,36861.732
1781319624,R_75,36857.8905
1781319626,R_75,36853.6535
1781319628,R_75,36846.7648
1781319630,R_75,36850.9104
1781319632,R_75,36846.4751
1781319634,R_75,36855.2566
1781319636,R_75,36861.8739
1781319638,R_75,36859.4393
1781319640,R_75,36869.3957
1781319642,R_75,36867.6015
1781319644,R_75,36874.9208
1781319646,R_75,36877.9212
1781319648,R_75,36875.9343
1781319650,R_75,36881.7452
1781319652,R_75,36869.8501
1781319654,R_75,36874.9275
1781319656,R_75,36885.5309
1781319658,R_75,36885.8381
1781319660,R_75,36874.6724
1781319662,R_75,36875.1729
1781319664,R_75,36876.3875
1781319666,R_75,36871.8208
1781319668,R_75,36869.1289
1781319670,R_75,36871.3125
1781319672,R_75,36876.9238
1781319674,R_75,36881.1701
1781319676,R_75,36885.4517
1781319678,R_75,36895.2078
1781319680,R_75,36900.2478
1781319682,R_75,36901.8304
1781319684,R_75,36907.8517
1781319686,R_75,36906.2242
1781319688,R_75,36907.5417
1781319690,R_75,36911.1661
1781319692,R_75,36922.5365
1781319694,R_75,36918.7499
1781319696,R_75,36926.5007
1781319698,R_75,36916.2248
1781319700,R_75,36918.4399
1781319702,R_75,36912.8267
1781319704,R_75,36923.8783
1781319706,R_75,36910.7185
1781319708,R_75,36906.9239
1781319710,R_75,36910.2471
1781319712,R_75,36902.1828
1781319714,R_75,36902.4578
1781319716,R_75,36913.7806
1781319718,R_75,36916.6907
1781319720,R_75,36920.6196
1781319722,R_75,36922.8874
1781319724,R_75,36922.4642
1781319726,R_75,36921.4735
1781319728,R_75,36917.3351
1781319730,R_75,36913.0414
1781319732,R_75,36912.7073
1781319734,R_75,36915.3973
1781319736,R_75,36923.6344
1781319738,R_75,36917.7067
1781319740,R_75,36922.6647
1781319742,R_75,36918.0343
1781319744,R_75,36924.8932
1781319746,R_75,36924.0587
1781319748,R_75,36927.5811
1781319750,R_75,36919.2877
1781319752,R_75,36926.3994
1781319754,R_75,36920.7672
1781319756,R_75,36910.0541
1781319758,R_75,36911.4388
1781319760,R_75,36904.0904
1781319762,R_75,36907.3173
1781319764,R_75,36918.7285
1781319766,R_75,36912.0322
1781319768,R_75,36909.7785
1781319770,R_75,36912.4533
1781319772,R_75,36923.1353
1781319774,R_75,36910.4704
1781319776,R_75,36904.4641
1781319778,R_75,36908.5763
1781319780,R_75,36924.2455
1781319782,R_75,36927.8719
1781319784,R_75,36940.8972
1781319786,R_75,36939.9864
1781319788,R_75,36940.1605
1781319790,R_75,36929.7426
1781319792,R_75,36930.4559
1781319794,R_75,36939.3397
1781319796,R_75,36933.7615
1781319798,R_75,36936.0005
1781319800,R_75,36932.6095
1781319802,R_75,36939.3585
1781319804,R_75,36939.876
1781319806,R_75,36936.9256
1781319808,R_75,36926.3649
1781319810,R_75,36927.6299
1781319812,R_75,36940.014
1781319814,R_75,36951.1992
1781319816,R_75,36949.7297
1781319818,R_75,36943.7596
1781319820,R_75,36948.3313
1781319822,R_75,36953.233
1781319824,R_75,36953.4152
1781319826,R_75,36950.9643
1781319828,R_75,36945.5167
1781319830,R_75,36951.2391
1781319832,R_75,36953.198
1781319834,R_75,36961.5014
1781319836,R_75,36964.3422
1781319838,R_75,36956.3633
1781319840,R_75,36955.4829
1781319842,R_75,36967.432
1781319844,R_75,36955.8875
1781319846,R_75,36961.3971
1781319848,R_75,36959.437
1781319850,R_75,36968.1082
1781319852,R_75,36963.9452
1781319854,R_75,36952.542
1781319856,R_75,36950.6064
1781319858,R_75,36942.2367
1781319860,R_75,36936.7895
1781319862,R_75,36940.6744
1781319864,R_75,36943.6189
1781319866,R_75,36944.2743
1781319868,R_75,36962.6732
1781319870,R_75,36961.8089
1781319872,R_75,36964.2244
1781319874,R_75,36955.1841
1781319876,R_75,36958.8474
1781319878,R_75,36965.2413
1781319880,R_75,36955.5266
1781319882,R_75,36957.6337
1781319884,R_75,36949.3672
1781319886,R_75,36947.3526
1781319888,R_75,36950.2325
1781319890,R_75,36961.601
1781319892,R_75,36971.508
1781319894,R_75,36979.0581
1781319896,R_75,36979.0187
1781319898,R_75,36978.1006
1781319900,R_75,36971.8104
1781319902,R_75,36956.1252
1781319904,R_75,36943.0567
1781319906,R_75,36946.7472
1781319908,R_75,36939.2755
1781319910,R_75,36931.3317
1781319912,R_75,36923.7368
1781319914,R_75,36911.2641
1781319916,R_75,36904.0084
1781319918,R_75,36902.8943
1781319920,R_75,36902.9468
1781319922,R_75,36904.3211
1781319924,R_75,36898.2125
1781319926,R_75,36900.0684
1781319928,R_75,36907.4741
1781319930,R_75,36906.3898
1781319932,R_75,36909.8011
1781319934,R_75,36912.4691
1781319936,R_75,36897.7983
1781319938,R_75,36888.3429
1781319940,R_75,36888.2073
1781319942,R_75,36883.3851
1781319944,R_75,36893.5763
1781319946,R_75,36893.2371
1781319948,R_75,36900.9694
1781319950,R_75,36908.8217
1781319952,R_75,36899.2414
1781319954,R_75,36905.7588
1781319956,R_75,36896.8034
1781319958,R_75,36899.5342
1781319960,R_75,36890.4057
1781319962,R_75,36902.5331
1781319964,R_75,36905.7525
1781319966,R_75,36895.6895
1781319968,R_75,36894.0344
1781319970,R_75,36892.2751
1781319972,R_75,36888.9006
1781319974,R_75,36876.931
1781319976,R_75,36871.061
1781319978,R_75,36883.2569
1781319980,R_75,36879.6561
1781319982,R_75,36874.0895
1781319984,R_75,36869.1701
1781319986,R_75,36864.6428
1781319988,R_75,36859.8005
1781319990,R_75,36849.5626
1781319992,R_75,36849.6067
1781319994,R_75,36851.1804
1781319996,R_75,36845.4562
1781319998,R_75,36844.1442
1781320000,R_75,36837.3341
1781320002,R_75,36833.1039
1781320004,R_75,36823.6611
1781320006,R_75,36803.0245
1781320008,R_75,36799.3396
1781320010,R_75,36791.6108
1781320012,R_75,36804.9854
1781320014,R_75,36800.3255
1781320016,R_75,36795.0695
1781320018,R_75,36789.9707
1781320020,R_75,36788.5041
1781320022,R_75,36783.3769
1781320024,R_75,36771.587
1781320026,R_75,36781.2015
1781320028,R_75,36787.2104
1781320030,R_75,36787.697
1781320032,R_75,36796.3672
1781320034,R_75,36792.8987
1781320036,R_75,36785.4585
1781320038,R_75,36775.3498
1781320040,R_75,36767.7529
1781320042,R_75,36764.1182
1781320044,R_75,36759.582
1781320046,R_75,36755.2019
1781320048,R_75,36755.7516
1781320050,R_75,36749.5992
1781320052,R_75,36744.4243
1781320054,R_75,36747.5237
1781320056,R_75,36753.5996
1781320058,R_75,36751.9185
1781320060,R_75,36744.3604
1781320062,R_75,36739.4743
1781320064,R_75,36741.9042
1781320066,R_75,36744.1419
1781320068,R_75,36730.7523
1781320070,R_75,36726.9849
1781320072,R_75,36723.0314
1781320074,R_75,36725.1809
1781320076,R_75,36732.5513
1781320078,R_75,36733.2693
1781320080,R_75,36735.7025
1781320082,R_75,36741.2678
1781320084,R_75,36740.7651
1781320086,R_75,36739.8086
1781320088,R_75,36741.2674
1781320090,R_75,36743.4357
1781320092,R_75,36739.0949
1781320094,R_75,36751.3643
1781320096,R_75,36754.8885
1781320098,R_75,36751.3548
1781320100,R_75,36744.1843
1781320102,R_75,36735.2526
1781320104,R_75,36730.5677
1781320106,R_75,36736.8654
1781320108,R_75,36739.1458
1781320110,R_75,36736.5636
1781320112,R_75,36728.4303
1781320114,R_75,36732.7867
1781320116,R_75,36733.6107
1781320118,R_75,36733.9116
1781320120,R_75,36746.0828
1781320122,R_75,36746.3294
1781320124,R_75,36752.9363
1781320126,R_75,36753.1188
1781320128,R_75,36756.4592
1781320130,R_75,36754.2539
1781320132,R_75,36754.3655
1781320134,R_75,36747.6596
1781320136,R_75,36747.6271
1781320138,R_75,36750.643
1781320140,R_75,36751.062
1781320142,R_75,36743.0649
1781320144,R_75,36745.625
1781320146,R_75,36744.4272
1781320148,R_75,36757.2958
1781320150,R_75,36767.446
1781320152,R_75,36771.1481
1781320154,R_75,36775.0684
1781320156,R_75,36782.9175
1781320158,R_75,36770.763
1781320160,R_75,36776.7627
1781320162,R_75,36786.4916
1781320164,R_75,36788.1151
1781320166,R_75,36788.4841
1781320168,R_75,36786.7507
1781320170,R_75,36780.6697
1781320172,R_75,36785.9678
1781320174,R_75,36783.3633
1781320176,R_75,36773.8846
1781320178,R_75,36776.9218
1781320180,R_75,36770.8666
1781320182,R_75,36771.1626
1781320184,R_75,36765.83
1781320186,R_75,36758.9309
1781320188,R_75,36758.6969
1781320190,R_75,36765.9683
1781320192,R_75,36767.3777
1781320194,R_75,36780.529
1781320196,R_75,36787.6457
1781320198,R_75,36789.3278
1781320200,R_75,36790.4558
1781320202,R_75,36791.71
1781320204,R_75,36781.7797
1781320206,R_75,36779.0165
1781320208,R_75,36784.3564
1781320210,R_75,36787.9974
1781320212,R_75,36788.4428
1781320214,R_75,36788.6514
1781320216,R_75,36785.0618
1781320218,R_75,36786.7631
1781320220,R_75,36786.2925
1781320222,R_75,36796.3993
1781320224,R_75,36789.9363
1781320226,R_75,36787.9503
1781320228,R_75,36802.4786
1781320230,R_75,36808.3062
1781320232,R_75,36804.0724
1781320234,R_75,36805.556
1781320236,R_75,36805.0916
1781320238,R_75,36793.6907
1781320240,R_75,36783.1361
1781320242,R_75,36775.8339
1781320244,R_75,36771.9188
1781320246,R_75,36785.4031
1781320248,R_75,36783.9986
1781320250,R_75,36784.9907
1781320252,R_75,36781.5174
1781320254,R_75,36788.5383
1781320256,R_75,36789.1581
1781320258,R_75,36784.8727
1781320260,R_75,36782.9502
1781320262,R_75,36781.6558
1781320264,R_75,36790.8065
1781320266,R_75,36792.6997
1781320268,R_75,36801.968
1781320270,R_75,36806.3825
1781320272,R_75,36811.3934
1781320274,R_75,36806.527
1781320276,R_75,36797.43
1781320278,R_75,36798.4525
1781320280,R_75,36807.5719
1781320282,R_75,36812.1294
1781320284,R_75,36827.3364
1781320286,R_75,36814.1869
1781320288,R_75,36812.464
1781320290,R_75,36811.6985
1781320292,R_75,36808.9937
1781320294,R_75,36814.5504
1781320296,R_75,36809.1848
1781320298,R_75,36809.5582
1781320300,R_75,36808.8387
1781320302,R_75,36797.8575
1781320304,R_75,36800.8136
1781320306,R_75,36797.0733
1781320308,R_75,36812.8344
1781320310,R_75,36802.9856
1781320312,R_75,36797.9778
1781320314,R_75,36794.5682
1781320316,R_75,36795.0118
1781320318,R_75,36792.1841
1781320320,R_75,36794.1454
1781320322,R_75,36792.8172
1781320324,R_75,36784.4336
1781320326,R_75,36792.3919
1781320328,R_75,36790.3952
1781320330,R_75,36776.3604
1781320332,R_75,36769.8037
1781320334,R_75,36773.1662
1781320336,R_75,36764.6441
1781320338,R_75,36772.2766
1781320340,R_75,36766.024
1781320342,R_75,36757.5786
1781320344,R_75,36758.6867
1781320346,R_75,36760.4226
1781320348,R_75,36764.3694
1781320350,R_75,36756.004
1781320352,R_75,36746.9288
1781320354,R_75,36740.3251
1781320356,R_75,36736.1944
1781320358,R_75,36736.6569
1781320360,R_75,36742.8498
1781320362,R_75,36734.1045
1781320364,R_75,36729.7649
1781320366,R_75,36731.1197
1781320368,R_75,36744.8363
1781320370,R_75,36757.336
1781320372,R_75,36746.5932
1781320374,R_75,36747.1396
1781320376,R_75,36748.97
1781320378,R_75,36749.529
1781320380,R_75,36744.3532
1781320382,R_75,36758.7258
1781320384,R_75,36757.9832
1781320386,R_75,36765.6866
1781320388,R_75,36771.6279
1781320390,R_75,36774.0423
1781320392,R_75,36779.0629
1781320394,R_75,36786.9904
1781320396,R_75,36792.2209
1781320398,R_75,36784.5826
1781320400,R_75,36788.1528
1781320402,R_75,36796.3645
1781320404,R_75,36782.4257
1781320406,R_75,36791.2231
1781320408,R_75,36791.9972
1781320410,R_75,36800.6735
1781320412,R_75,36806.9262
1781320414,R_75,36814.2285
1781320416,R_75,36835.3466
1781320418,R_75,36844.0111
1781320420,R_75,36854.0224
1781320422,R_75,36853.7705
1781320424,R_75,36856.4191
1781320426,R_75,36866.1088
1781320428,R_75,36868.6281
1781320430,R_75,36876.816
1781320432,R_75,36865.6402
1781320434,R_75,36878.4228
1781320436,R_75,36889.6896
1781320438,R_75,36887.6113
1781320440,R_75,36894.5493
1781320442,R_75,36910.1906
1781320444,R_75,36908.6966
1781320446,R_75,36899.44
1781320448,R_75,36907.7458
1781320450,R_75,36904.1632
1781320452,R_75,36901.5434
1781320454,R_75,36905.3728
1781320456,R_75,36903.2481
1781320458,R_75,36900.5947
1781320460,R_75,36896.0491
1781320462,R_75,36894.8647
1781320464,R_75,36893.6868
1781320466,R_75,36904.0866
1781320468,R_75,36913.5497
1781320470,R_75,36901.4015
1781320472,R_75,36893.4611
1781320474,R_75,36899.7762
1781320476,R_75,36899.1508
1781320478,R_75,36894.9161
1781320480,R_75,36889.5175
1781320482,R_75,36899.3028
1781320484,R_75,36897.9797
1781320486,R_75,36899.1176
1781320488,R_75,36890.3671
1781320490,R_75,36903.6029
1781320492,R_75,36893.8311
1781320494,R_75,36885.7432
1781320496,R_75,36877.532
1781320498,R_75,36884.3448
1781320500,R_75,36880.453
1781320502,R_75,36875.5188
1781320504,R_75,36868.9309
1781320506,R_75,36848.4879
1781320508,R_75,36854.8287
1781320510,R_75,36857.2346
1781320512,R_75,36858.8265
1781320514,R_75,36861.018
1781320516,R_75,36857.3185
1781320518,R_75,36868.6519
1781320520,R_75,36874.3468
1781320522,R_75,36871.017
1781320524,R_75,36869.3524
1781320526,R_75,36864.5797
1781320528,R_75,36851.751
1781320530,R_75,36852.4357
1781320532,R_75,36843.275
1781320534,R_75,36839.9292
1781320536,R_75,36823.028
1781320538,R_75,36817.6555
1781320540,R_75,36823.7932
1781320542,R_75,36822.4506
1781320544,R_75,36826.5389
1781320546,R_75,36831.7216
1781320548,R_75,36832.3355
1781320550,R_75,36830.6227
1781320552,R_75,36827.4877
1781320554,R_75,36831.9111
1781320556,R_75,36829.5008
1781320558,R_75,36842.5285
1781320560,R_75,36844.5091
1781320562,R_75,36848.4512
1781320564,R_75,36845.7651
1781320566,R_75,36844.121
1781320568,R_75,36843.8117
1781320570,R_75,36839.6786
1781320572,R_75,36845.2578
1781320574,R_75,36845.6574
1781320576,R_75,36847.6947
1781320578,R_75,36851.2244
1781320580,R_75,36848.7625
1781320582,R_75,36849.1669
1781320584,R_75,36854.8728
1781320586,R_75,36849.9889
1781320588,R_75,36848.7497
1781320590,R_75,36852.6989
1781320592,R_75,36857.5213
1781320594,R_75,36858.0117
1781320596,R_75,36850.5891
1781320598,R_75,36853.023
1781320600,R_75,36858.5581
1781320602,R_75,36853.4576
1781320604,R_75,36851.0872
1781320606,R_75,36850.2536
1781320608,R_75,36854.2501
1781320610,R_75,36860.428
1781320612,R_75,36854.7465
1781320614,R_75,36856.1034
1781320616,R_75,36859.1454
1781320618,R_75,36859.8072
1781320620,R_75,36861.6548
1781320622,R_75,36864.1346
1781320624,R_75,36862.9114
1781320626,R_75,36855.6131
1781320628,R_75,36859.3167
1781320630,R_75,36860.9501
1781320632,R_75,36863.6556
1781320634,R_75,36867.7977
1781320636,R_75,36867.4302
1781320638,R_75,36866.4395
1781320640,R_75,36873.557
1781320642,R_75,36883.1683
1781320644,R_75,36891.942
1781320646,R_75,36894.3445
1781320648,R_75,36888.7295
1781320650,R_75,36881.4022
1781320652,R_75,36882.222
1781320654,R_75,36872.7935
1781320656,R_75,36869.5706
1781320658,R_75,36871.9191
1781320660,R_75,36873.6869
1781320662,R_75,36856.7491
1781320664,R_75,36850.1089
1781320666,R_75,36852.7449
1781320668,R_75,36851.7838
1781320670,R_75,36867.7663
1781320672,R_75,36870.1263
1781320674,R_75,36868.4068
1781320676,R_75,36878.5019
1781320678,R_75,36868.5349
1781320680,R_75,36874.6987
1781320682,R_75,36877.9252
1781320684,R_75,36878.2976
1781320686,R_75,36889.8101
1781320688,R_75,36894.2011
1781320690,R_75,36895.3597
1781320692,R_75,36887.01
1781320694,R_75,36877.592
1781320696,R_75,36878.0059
1781320698,R_75,36872.6284
1781320700,R_75,36872.097
1781320702,R_75,36876.8543
1781320704,R_75,36875.4241
1781320706,R_75,36874.686
1781320708,R_75,36880.7277
1781320710,R_75,36880.2946
1781320712,R_75,36870.7876
1781320714,R_75,36875.4221
1781320716,R_75,36864.9674
1781320718,R_75,36861.8685
1781320720,R_75,36864.0284
1781320722,R_75,36860.1079
1781320724,R_75,36870.63
1781320726,R_75,36879.4476
1781320728,R_75,36868.1934
1781320730,R_75,36863.8777
1781320732,R_75,36867.9474
1781320734,R_75,36869.8494
1781320736,R_75,36865.9293
1781320738,R_75,36874.0244
1781320740,R_75,36868.7534
1781320742,R_75,36876.2161
1781320744,R_75,36877.3432
1781320746,R_75,36876.3682
1781320748,R_75,36872.358
1781320750,R_75,36873.152
1781320752,R_75,36875.3398
1781320754,R_75,36870.9338
1781320756,R_75,36876.0041
1781320758,R_75,36885.3162
1781320760,R_75,36881.3997
1781320762,R_75,36880.9124
1781320764,R_75,36873.8335
1781320766,R_75,36877.0792
1781320768,R_75,36877.8699
1781320770,R_75,36878.2469
1781320772,R_75,36871.3058
1781320774,R_75,36878.1411
1781320776,R_75,36870.9772
1781320778,R_75,36866.8316
1781320780,R_75,36869.67
1781320782,R_75,36863.3877
1781320784,R_75,36869.106
1781320786,R_75,36859.4924
1781320788,R_75,36856.2146
1781320790,R_75,36851.4144
1781320792,R_75,36854.2147
1781320794,R_75,36861.0174
1781320796,R_75,36859.4668
1781320798,R_75,36856.2614
1781320800,R_75,36859.7965
1781320802,R_75,36852.3235
1781320804,R_75,36857.2234
1781320806,R_75,36860.3861
1781320808,R_75,36848.4279
1781320810,R_75,36853.4008
1781320812,R_75,36849.1159
1781320814,R_75,36845.5792
1781320816,R_75,36849.9167
1781320818,R_75,36843.1212
1781320820,R_75,36829.1767
1781320822,R_75,36830.8878
1781320824,R_75,36824.3858
1781320826,R_75,36816.1877
1781320828,R_75,36815.4037
1781320830,R_75,36829.6309
1781320832,R_75,36830.4382
1781320834,R_75,36825.8871
1781320836,R_75,36822.1639
1781320838,R_75,36822.245
1781320840,R_75,36823.1283
1781320842,R_75,36818.2228
1781320844,R_75,36816.3095
1781320846,R_75,36804.3131
1781320848,R_75,36807.807
1781320850,R_75,36811.3009
1781320852,R_75,36817.2852
1781320854,R_75,36814.5135
1781320856,R_75,36813.3338
1781320858,R_75,36814.9391
1781320860,R_75,36804.8009
1781320862,R_75,36804.3581
1781320864,R_75,36802.7107
1781320866,R_75,36808.1934
1781320868,R_75,36813.984
1781320870,R_75,36811.3356
1781320872,R_75,36811.9511
1781320874,R_75,36813.1905
1781320876,R_75,36810.2843
1781320878,R_75,36809.2033
1781320880,R_75,36811.4881
1781320882,R_75,36796.6175
1781320884,R_75,36797.0772
1781320886,R_75,36796.4963
1781320888,R_75,36789.6861
1781320890,R_75,36790.6277
1781320892,R_75,36782.3474
1781320894,R_75,36790.8338
1781320896,R_75,36783.2972
1781320898,R_75,36800.1509
1781320900,R_75,36804.4886
1781320902,R_75,36812.936
1781320904,R_75,36816.1991
1781320906,R_75,36797.3288
1781320908,R_75,36800.161
1781320910,R_75,36796.2286
1781320912,R_75,36798.4759
1781320914,R_75,36800.6109
1781320916,R_75,36810.3545
1781320918,R_75,36808.1468
1781320920,R_75,36804.3294
1781320922,R_75,36793.2915
1781320924,R_75,36784.2045
1781320926,R_75,36777.2233
1781320928,R_75,36794.8255
1781320930,R_75,36781.1552
1781320932,R_75,36792.6038
1781320934,R_75,36794.3832
1781320936,R_75,36796.949
1781320938,R_75,36792.3597
1781320940,R_75,36803.9599
1781320942,R_75,36806.7277
1781320944,R_75,36812.0871
1781320946,R_75,36819.7472
1781320948,R_75,36817.4047
1781320950,R_75,36825.4865
1781320952,R_75,36831.8833
1781320954,R_75,36832.2507
1781320956,R_75,36830.2517
1781320958,R_75,36826.8224
1781320960,R_75,36817.7557
1781320962,R_75,36816.9822
1781320964,R_75,36821.2045
1781320966,R_75,36820.9626
1781320968,R_75,36824.1424
1781320970,R_75,36825.3881
1781320972,R_75,36833.1488
1781320974,R_75,36840.7301
1781320976,R_75,36844.8897
1781320978,R_75,36848.3441
1781320980,R_75,36847.6474
1781320982,R_75,36857.781
1781320984,R_75,36855.2018
1781320986,R_75,36853.5276
1781320988,R_75,36855.5653
1781320990,R_75,36854.4503
1781320992,R_75,36869.1099
1781320994,R_75,36863.7029
1781320996,R_75,36866.2498
1781320998,R_75,36862.3997
1781321000,R_75,36861.1759
1781321002,R_75,36860.4614
1781321004,R_75,36874.29
1781321006,R_75,36873.6097
1781321008,R_75,36876.6742
1781321010,R_75,36889.3991
1781321012,R_75,36904.3182
1781321014,R_75,36906.974
1781321016,R_75,36909.1135
1781321018,R_75,36905.8683
1781321020,R_75,36912.7869
1781321022,R_75,36909.4594
1781321024,R_75,36909.3308
1781321026,R_75,36914.8669
1781321028,R_75,36909.287
1781321030,R_75,36915.7709
1781321032,R_75,36914.556
1781321034,R_75,36917.2502
1781321036,R_75,36930.368
1781321038,R_75,36926.0702
1781321040,R_75,36932.824
1781321042,R_75,36917.5175
1781321044,R_75,36919.3133
1781321046,R_75,36917.6334
1781321048,R_75,36917.6645
1781321050,R_75,36901.7064
1781321052,R_75,36911.6265
1781321054,R_75,36907.9429
1781321056,R_75,36900.8784
1781321058,R_75,36893.8291
1781321060,R_75,36897.5397
1781321062,R_75,36908.8573
1781321064,R_75,36898.6316
1781321066,R_75,36894.4897
1781321068,R_75,36895.5007
1781321070,R_75,36885.317
1781321072,R_75,36880.3191
1781321074,R_75,36873.259
1781321076,R_75,36866.1717
1781321078,R_75,36863.9127
1781321080,R_75,36856.1619
1781321082,R_75,36854.853
1781321084,R_75,36844.4185
1781321086,R_75,36860.0885
1781321088,R_75,36859.3093
1781321090,R_75,36843.3744
1781321092,R_75,36830.2644
1781321094,R_75,36833.37
1781321096,R_75,36819.8768
1781321098,R_75,36822.4643
1781321100,R_75,36829.0384
1781321102,R_75,36830.8962
1781321104,R_75,36824.7736
1781321106,R_75,36820.5715
1781321108,R_75,36811.7675
1781321110,R_75,36807.5272
1781321112,R_75,36815.2244
1781321114,R_75,36819.6117
1781321116,R_75,36816.5043
1781321118,R_75,36823.1653
1781321120,R_75,36817.2097
1781321122,R_75,36833.716
1781321124,R_75,36841.4827
1781321126,R_75,36849.3149
1781321128,R_75,36845.035
1781321130,R_75,36840.7386
1781321132,R_75,36836.9942
1781321134,R_75,36848.9368
1781321136,R_75,36836.4971
1781321138,R_75,36844.751
1781321140,R_75,36835.4233
1781321142,R_75,36833.9539
1781321144,R_75,36831.299
1781321146,R_75,36835.243
1781321148,R_75,36824.8278
1781321150,R_75,36824.752
1781321152,R_75,36809.2026
1781321154,R_75,36808.1872
1781321156,R_75,36807.94
1781321158,R_75,36804.7751
1781321160,R_75,36809.9764
1781321162,R_75,36805.7819
1781321164,R_75,36803.9434
1781321166,R_75,36792.4269
1781321168,R_75,36801.998
1781321170,R_75,36796.7362
1781321172,R_75,36797.5304
1781321174,R_75,36813.0735
1781321176,R_75,36807.6063
1781321178,R_75,36804.0482
1781321180,R_75,36805.9618
1781321182,R_75,36811.0683
1781321184,R_75,36805.6509
1781321186,R_75,36806.4696
1781321188,R_75,36810.3018
1781321190,R_75,36807.9349
1781321192,R_75,36803.6067
1781321194,R_75,36800.5395
1781321196,R_75,36786.5525
1781321198,R_75,36784.365
1781321200,R_75,36785.1191
1781321202,R_75,36778.299
1781321204,R_75,36771.968
1781321206,R_75,36767.7755
1781321208,R_75,36774.3671
1781321210,R_75,36776.0128
1781321212,R_75,36776.7946
1781321214,R_75,36779.6234
1781321216,R_75,36779.4371
1781321218,R_75,36793.7352
1781321220,R_75,36794.1602
1781321222,R_75,36787.0682
1781321224,R_75,36788.2769
1781321226,R_75,36791.7131
1781321228,R_75,36789.9762
1781321230,R_75,36806.4756
1781321232,R_75,36803.7096
1781321234,R_75,36799.2386
1781321236,R_75,36796.9608
1781321238,R_75,36803.2325
1781321240,R_75,36810.0562
1781321242,R_75,36811.9757
1781321244,R_75,36823.9538
1781321246,R_75,36840.7432
1781321248,R_75,36841.1716
1781321250,R_75,36849.8244
1781321252,R_75,36862.5801
1781321254,R_75,36871.4094
1781321256,R_75,36870.2913
1781321258,R_75,36863.4752
1781321260,R_75,36866.3682
1781321262,R_75,36863.8548
1781321264,R_75,36851.9767
1781321266,R_75,36845.996
1781321268,R_75,36841.1198
1781321270,R_75,36838.5423
1781321272,R_75,36827.7946
1781321274,R_75,36830.3192
1781321276,R_75,36838.2166
1781321278,R_75,36836.5915
1781321280,R_75,36844.892
1781321282,R_75,36849.1488
1781321284,R_75,36846.47
1781321286,R_75,36841.5687
1781321288,R_75,36841.5225
1781321290,R_75,36839.4391
1781321292,R_75,36827.6816
1781321294,R_75,36827.2306
1781321296,R_75,36824.8782
1781321298,R_75,36829.2322
1781321300,R_75,36817.4439
1781321302,R_75,36810.7863
1781321304,R_75,36819.3898
1781321306,R_75,36827.3149
1781321308,R_75,36823.4415
1781321310,R_75,36831.6316
1781321312,R_75,36839.1566
1781321314,R_75,36834.5222
1781321316,R_75,36835.073
1781321318,R_75,36843.1115
1781321320,R_75,36850.7161
1781321322,R_75,36841.739
1781321324,R_75,36846.0545
1781321326,R_75,36844.5558
1781321328,R_75,36843.413
1781321330,R_75,36836.0686
1781321332,R_75,36825.0945
1781321334,R_75,36824.7039
1781321336,R_75,36835.8856
1781321338,R_75,36841.2049
1781321340,R_75,36855.2792
1781321342,R_75,36856.6276
1781321344,R_75,36862.7322
1781321346,R_75,36853.6493
1781321348,R_75,36849.6424
1781321350,R_75,36853.2138
1781321352,R_75,36847.4952
1781321354,R_75,36854.1165
1781321356,R_75,36854.8299
1781321358,R_75,36849.1885
1781321360,R_75,36865.3977
1781321362,R_75,36858.3168
1781321364,R_75,36857.5151
1781321366,R_75,36852.3045
1781321368,R_75,36851.6072
1781321370,R_75,36847.1172
1781321372,R_75,36851.0234
1781321374,R_75,36860.5912
1781321376,R_75,36856.0637
1781321378,R_75,36858.4412
1781321380,R_75,36856.9701
1781321382,R_75,36853.5485
1781321384,R_75,36854.4041
1781321386,R_75,36855.2587
1781321388,R_75,36848.1204
1781321390,R_75,36849.8082
1781321392,R_75,36837.0792
1781321394,R_75,36844.2697
1781321396,R_75,36848.1561
1781321398,R_75,36845.0121
1781321400,R_75,36841.2184
1781321402,R_75,36830.3589
1781321404,R_75,36834.0701
1781321406,R_75,36824.1193
1781321408,R_75,36817.9187
1781321410,R_75,36822.2369
1781321412,R_75,36816.0394
1781321414,R_75,36818.0401
1781321416,R_75,36813.8803
1781321418,R_75,36819.4715
1781321420,R_75,36823.6568
1781321422,R_75,36825.6356
1781321424,R_75,36825.1176
1781321426,R_75,36815.3852
1781321428,R_75,36810.7614
1781321430,R_75,36813.4368
1781321432,R_75,36807.359
1781321434,R_75,36810.4854
1781321436,R_75,36820.1
1781321438,R_75,36823.0216
1781321440,R_75,36824.0162
1781321442,R_75,36818.5073
1781321444,R_75,36806.9032
1781321446,R_75,36816.5546
1781321448,R_75,36808.547
1781321450,R_75,36821.595
1781321452,R_75,36833.3498
1781321454,R_75,36832.2819
1781321456,R_75,36833.6148
1781321458,R_75,36827.6476
1781321460,R_75,36826.8614
1781321462,R_75,36824.8285
1781321464,R_75,36827.4797
1781321466,R_75,36824.6009
1781321468,R_75,36828.0035
1781321470,R_75,36825.6078
1781321472,R_75,36820.305
1781321474,R_75,36827.0917
1781321476,R_75,36825.7717
1781321478,R_75,36820.1053
1781321480,R_75,36819.2739
1781321482,R_75,36824.7461
1781321484,R_75,36820.3105
1781321486,R_75,36828.1791
1781321488,R_75,36832.8154
1781321490,R_75,36818.0836
1781321492,R_75,36821.6781
1781321494,R_75,36815.2793
1781321496,R_75,36823.6059
1781321498,R_75,36828.9661
1781321500,R_75,36849.2294
1781321502,R_75,36857.9997
1781321504,R_75,36865.9423
1781321506,R_75,36858.2299
1781321508,R_75,36857.0113
1781321510,R_75,36848.6636
1781321512,R_75,36848.4433
1781321514,R_75,36847.2436
1781321516,R_75,36840.8088
1781321518,R_75,36831.404
1781321520,R_75,36835.8724
1781321522,R_75,36837.2913
1781321524,R_75,36826.4414
1781321526,R_75,36829.7584
1781321528,R_75,36821.5428
1781321530,R_75,36830.8175
1781321532,R_75,36821.4282
1781321534,R_75,36830.0394
1781321536,R_75,36831.3227
1781321538,R_75,36823.484
1781321540,R_75,36814.8857
1781321542,R_75,36820.3451
1781321544,R_75,36817.2212
1781321546,R_75,36822.3827
1781321548,R_75,36826.1234
1781321550,R_75,36817.6203
1781321552,R_75,36813.0567
1781321554,R_75,36814.4648
1781321556,R_75,36818.6757
1781321558,R_75,36815.3899
1781321560,R_75,36827.5711
1781321562,R_75,36833.8796
1781321564,R_75,36828.5257
1781321566,R_75,36817.807
1781321568,R_75,36829.0883
1781321570,R_75,36827.2249
1781321572,R_75,36826.6011
1781321574,R_75,36835.8524
1781321576,R_75,36829.7773
1781321578,R_75,36833.1242
1781321580,R_75,36822.9237
1781321582,R_75,36833.1914
1781321584,R_75,36824.3917
1781321586,R_75,36822.9447
1781321588,R_75,36817.6347
1781321590,R_75,36818.5347
1781321592,R_75,36829.9656
1781321594,R_75,36825.0593
1781321596,R_75,36831.4468
1781321598,R_75,36825.9584
1781321600,R_75,36827.0425
1781321602,R_75,36827.5573
1781321604,R_75,36826.2991
1781321606,R_75,36827.7781
1781321608,R_75,36827.4504
1781321610,R_75,36819.081
1781321612,R_75,36826.8876
1781321614,R_75,36815.6419
1781321616,R_75,36813.9782
1781321618,R_75,36807.229
1781321620,R_75,36803.0465
1781321622,R_75,36790.2616
1781321624,R_75,36803.5699
1781321626,R_75,36790.2007
1781321628,R_75,36775.3854
1781321630,R_75,36774.722
1781321632,R_75,36760.517
1781321634,R_75,36767.8378
1781321636,R_75,36771.3167
1781321638,R_75,36776.4059
1781321640,R_75,36768.1713
1781321642,R_75,36760.1736
1781321644,R_75,36759.4283
1781321646,R_75,36750.6536
1781321648,R_75,36761.997
1781321650,R_75,36766.8629
1781321652,R_75,36759.3422
1781321654,R_75,36747.864
1781321656,R_75,36746.8145
1781321658,R_75,36735.9845
1781321660,R_75,36731.0989
1781321662,R_75,36736.4055
1781321664,R_75,36733.8662
1781321666,R_75,36739.9628
1781321668,R_75,36739.9434
1781321670,R_75,36745.3463
1781321672,R_75,36751.6082
1781321674,R_75,36738.8621
1781321676,R_75,36727.8353
1781321678,R_75,36728.9296
1781321680,R_75,36730.4536
1781321682,R_75,36722.5277
1781321684,R_75,36724.4524
1781321686,R_75,36730.0631
1781321688,R_75,36724.3062
1781321690,R_75,36738.1274
1781321692,R_75,36733.1465
1781321694,R_75,36722.545
1781321696,R_75,36717.2253
1781321698,R_75,36716.0181
1781321700,R_75,36706.7664
1781321702,R_75,36703.3217
1781321704,R_75,36721.3918
1781321706,R_75,36718.2169
1781321708,R_75,36720.8261
1781321710,R_75,36721.7778
1781321712,R_75,36734.3892
1781321714,R_75,36728.7103
1781321716,R_75,36733.7847
1781321718,R_75,36731.7555
1781321720,R_75,36719.1389
1781321722,R_75,36726.3715
1781321724,R_75,36710.5483
1781321726,R_75,36710.8491
1781321728,R_75,36707.056
1781321730,R_75,36706.2382
1781321732,R_75,36713.386
1781321734,R_75,36713.4069
1781321736,R_75,36707.4885
1781321738,R_75,36699.021
1781321740,R_75,36700.4597
1781321742,R_75,36695.0603
1781321744,R_75,36707.0657
1781321746,R_75,36704.6584
1781321748,R_75,36705.6495
1781321750,R_75,36711.2591
1781321752,R_75,36716.6542
1781321754,R_75,36710.7998
1781321756,R_75,36713.9883
1781321758,R_75,36722.1459
1781321760,R_75,36717.197
1781321762,R_75,36712.3345
1781321764,R_75,36708.551
1781321766,R_75,36708.2818
1781321768,R_75,36722.9189
1781321770,R_75,36715.4631
1781321772,R_75,36711.1986
1781321774,R_75,36711.613
1781321776,R_75,36712.3079
1781321778,R_75,36705.0003
1781321780,R_75,36708.9103
1781321782,R_75,36706.0183
1781321784,R_75,36692.466
1781321786,R_75,36691.0974
1781321788,R_75,36688.7519
1781321790,R_75,36688.8727
1781321792,R_75,36692.479
1781326746,R_75,36706.5686
1781326748,R_75,36700.4543
1781326750,R_75,36705.3325
1781326752,R_75,36696.0247
1781326754,R_75,36689.3352
1781326756,R_75,36697.6689
1781326758,R_75,36697.3746
1781326760,R_75,36701.7348
1781326762,R_75,36696.0795
1781326764,R_75,36690.0869
1781326766,R_75,36694.3351
1781326768,R_75,36686.9647
1781326770,R_75,36682.2688
1781326772,R_75,36685.5971
1781326774,R_75,36687.5326
1781326776,R_75,36693.6124
1781326778,R_75,36686.2372
1781326780,R_75,36685.9415
1781326782,R_75,36682.1529
1781326784,R_75,36699.3706
1781326786,R_75,36688.2236
1781326788,R_75,36675.7902
1781326790,R_75,36672.4226
1781326792,R_75,36671.2707
1781326794,R_75,36670.1372
1781326796,R_75,36674.2632
1781326798,R_75,36669.4471
1781326800,R_75,36664.1223
1781326802,R_75,36674.9653
1781326804,R_75,36670.9029
1781326806,R_75,36657.1881
1781326808,R_75,36655.6977
1781326810,R_75,36641.4771
1781326812,R_75,36642.5855
1781326814,R_75,36640.9343
1781326816,R_75,36643.4368
1781326818,R_75,36637.5054
1781326820,R_75,36624.9995
1781326822,R_75,36615.6234
1781326824,R_75,36608.4775
1781326826,R_75,36607.3047
1781326828,R_75,36608.0382
1781326830,R_75,36615.5163
1781326832,R_75,36611.1693
1781326834,R_75,36613.1447
1781326836,R_75,36613.0819
1781326838,R_75,36622.5867
1781326840,R_75,36622.013
1781326842,R_75,36639.6681
1781326844,R_75,36634.176
1781326846,R_75,36624.6821
1781326848,R_75,36627.826
1781326850,R_75,36623.9208
1781326852,R_75,36639.2753
1781326854,R_75,36626.8954
1781326856,R_75,36634.654
1781326858,R_75,36636.8517
1781326860,R_75,36623.8311
1781326862,R_75,36616.2234
1781326864,R_75,36608.9269
1781326866,R_75,36609.4477
1781326868,R_75,36608.672
1781326870,R_75,36604.2079
1781326872,R_75,36591.9068
1781326874,R_75,36598.6853
1781326876,R_75,36583.4767
1781326878,R_75,36585.6066
1781326880,R_75,36588.1463
1781326882,R_75,36583.3282
1781326884,R_75,36568.3421
1781326886,R_75,36562.252
1781326888,R_75,36566.3974
1781326890,R_75,36560.3477
1781326892,R_75,36558.1822
1781326894,R_75,36563.8835
1781326896,R_75,36549.9147
1781326898,R_75,36549.909
1781326900,R_75,36561.0136
1781326902,R_75,36564.573
1781326904,R_75,36560.1733
1781326906,R_75,36558.3934
1781326908,R_75,36554.3969
1781326910,R_75,36554.9748
1781326912,R_75,36534.8274
1781326914,R_75,36528.7025
1781326916,R_75,36529.0932
1781326918,R_75,36537.8491
1781326920,R_75,36542.9138
1781326922,R_75,36536.2029
1781326924,R_75,36529.6468
1781326926,R_75,36529.5848
1781326928,R_75,36532.3723
1781326930,R_75,36525.4826
1781326932,R_75,36528.6192
1781326934,R_75,36533.8248
1781326936,R_75,36544.2303
1781326938,R_75,36539.1382
1781326940,R_75,36540.5046
1781326942,R_75,36542.5948
1781326944,R_75,36531.4693
1781326946,R_75,36535.6951
1781326948,R_75,36535.8239
1781326950,R_75,36543.6786
1781326952,R_75,36555.6265
1781326954,R_75,36543.8602
1781326956,R_75,36543.6315
1781326958,R_75,36537.6641
1781326960,R_75,36537.2848
1781326962,R_75,36526.1501
1781326964,R_75,36533.4679
1781326966,R_75,36526.0707
1781326968,R_75,36532.731
1781326970,R_75,36526.1072
1781326972,R_75,36520.8112
1781326974,R_75,36525.8561
1781326976,R_75,36533.6338
1781326978,R_75,36534.3168
1781326980,R_75,36537.4069
1781326982,R_75,36538.6527
1781326984,R_75,36538.6415
1781326986,R_75,36535.1383
1781326988,R_75,36537.7425
1781326990,R_75,36538.3285
1781326992,R_75,36540.5691
1781326994,R_75,36539.0479
1781326996,R_75,36542.0854
1781326998,R_75,36546.3163
1781327000,R_75,36544.1162
1781327002,R_75,36553.4623
1781327004,R_75,36551.1991
1781327006,R_75,36543.8683
1781327008,R_75,36537.6904
1781327010,R_75,36536.0696
1781327012,R_75,36538.2038
1781327014,R_75,36536.3249
1781327016,R_75,36537.7574
1781327018,R_75,36536.3379
1781327020,R_75,36541.3952
1781327022,R_75,36541.8262
1781327024,R_75,36557.5458
1781327026,R_75,36566.3615
1781327028,R_75,36571.8523
1781327030,R_75,36571.072
1781327032,R_75,36566.5737
1781327034,R_75,36586.8687
1781327036,R_75,36580.5709
1781327038,R_75,36581.3772
1781327040,R_75,36582.1645
1781327042,R_75,36585.0606
1781327044,R_75,36587.8625
1781327046,R_75,36589.4465
1781327048,R_75,36580.6871
1781327050,R_75,36573.7333
1781327052,R_75,36567.4213
1781327054,R_75,36562.0465
1781327056,R_75,36552.6468
1781327058,R_75,36547.49
1781327060,R_75,36541.0248
1781327062,R_75,36543.3008
1781327064,R_75,36537.2277
1781327066,R_75,36537.3127
1781327068,R_75,36533.5213
1781327070,R_75,36531.0488
1781327072,R_75,36534.6926
1781327074,R_75,36552.6613
1781327076,R_75,36558.0882
1781327078,R_75,36555.342
1781327080,R_75,36555.9492
1781327082,R_75,36549.0676
1781327084,R_75,36556.2835
1781327086,R_75,36553.6856
1781327088,R_75,36541.5824
1781327090,R_75,36545.1972
1781327092,R_75,36545.3924
1781327094,R_75,36552.2654
1781327096,R_75,36550.9776
1781327098,R_75,36551.1547
1781327100,R_75,36562.0006
1781327102,R_75,36559.2777
1781327104,R_75,36560.9882
1781327106,R_75,36566.5625
1781327108,R_75,36572.677
1781327110,R_75,36563.1981
1781327112,R_75,36559.5178
1781327114,R_75,36567.7768
1781327116,R_75,36567.4019
1781327118,R_75,36560.2279
1781327120,R_75,36568.5296
1781327122,R_75,36565.3229
1781327124,R_75,36572.411
1781327126,R_75,36576.4825
1781327128,R_75,36582.6929
1781327130,R_75,36583.7613
1781327132,R_75,36585.3207
1781327134,R_75,36580.0258
1781327136,R_75,36577.7847
1781327138,R_75,36584.6012
1781327140,R_75,36591.7431
1781327142,R_75,36593.6354
1781327144,R_75,36589.8636
1781327146,R_75,36594.5057
1781327148,R_75,36600.4777
1781327150,R_75,36600.908
1781327152,R_75,36597.6905
1781327154,R_75,36592.4499
1781327156,R_75,36589.0339
1781327158,R_75,36596.223
1781327160,R_75,36598.6331
1781327162,R_75,36603.5879
1781327164,R_75,36603.0506
1781327166,R_75,36613.7361
1781327168,R_75,36617.2237
1781327170,R_75,36615.6406
1781327172,R_75,36618.1414
1781327174,R_75,36605.8473
1781327176,R_75,36612.3684
1781327178,R_75,36620.9953
1781327180,R_75,36618.6798
1781327182,R_75,36622.5792
1781327184,R_75,36619.0187
1781327186,R_75,36607.215
1781327188,R_75,36608.2681
1781327190,R_75,36612.8048
1781327192,R_75,36611.6074
1781327194,R_75,36612.0018
1781327196,R_75,36608.5603
1781327198,R_75,36604.7357
1781327200,R_75,36609.3896
1781327202,R_75,36612.4924
1781327204,R_75,36615.3958
1781327206,R_75,36614.5817
1781327208,R_75,36606.1604
1781327210,R_75,36586.1885
1781327212,R_75,36582.5225
1781327214,R_75,36586.6636
1781327216,R_75,36589.6925
1781327218,R_75,36599.7558
1781327220,R_75,36592.638
1781327222,R_75,36597.5309
1781327224,R_75,36603.0546
1781327226,R_75,36611.2459
1781327228,R_75,36613.696
1781327230,R_75,36630.0771
1781327232,R_75,36627.557
1781327234,R_75,36619.0219
1781327236,R_75,36627.1827
1781327238,R_75,36630.4536
1781327240,R_75,36633.5556
1781327242,R_75,36635.1496
1781327244,R_75,36635.0169
1781327246,R_75,36635.1905
1781327248,R_75,36635.5106
1781327250,R_75,36632.5208
1781327252,R_75,36631.8402
1781327254,R_75,36630.739
1781327256,R_75,36620.8122
1781327258,R_75,36619.54
1781327260,R_75,36611.6148
1781327262,R_75,36613.4815
1781327264,R_75,36612.0358
1781327266,R_75,36608.8929
1781327268,R_75,36619.7365
1781327270,R_75,36619.2405
1781327272,R_75,36610.1703
1781327274,R_75,36606.8018
1781327276,R_75,36614.4507
1781327278,R_75,36608.8223
1781327280,R_75,36602.3843
1781327282,R_75,36600.6213
1781327284,R_75,36596.4814
1781327286,R_75,36605.735
1781327288,R_75,36604.3003
1781327290,R_75,36598.4921
1781327292,R_75,36600.5264
1781327294,R_75,36604.5374
1781327296,R_75,36604.174
1781327298,R_75,36603.3048
1781327300,R_75,36608.9817
1781327302,R_75,36608.4423
1781327304,R_75,36603.9187
1781327306,R_75,36595.5524
1781327308,R_75,36591.8711
1781327310,R_75,36595.1335
1781327312,R_75,36595.9121
1781327314,R_75,36589.8375
1781327316,R_75,36589.4722
1781327318,R_75,36593.244
1781327320,R_75,36594.7968
1781327322,R_75,36591.8669
1781327324,R_75,36592.3257
1781327326,R_75,36588.0935
1781327328,R_75,36590.5159
1781327330,R_75,36594.196
1781327332,R_75,36589.207
1781327334,R_75,36593.929
1781327336,R_75,36582.3789
1781327338,R_75,36582.4253
1781327340,R_75,36584.1938
1781327342,R_75,36597.7312
1781327344,R_75,36591.8819
1781327346,R_75,36590.3596
1781327348,R_75,36592.5771
1781327350,R_75,36582.8992
1781327352,R_75,36568.77
1781327354,R_75,36555.648
1781327356,R_75,36550.4474
1781327358,R_75,36554.4464
1781327360,R_75,36559.478
1781327362,R_75,36569.3234
1781327364,R_75,36565.9072
1781327366,R_75,36562.7135
1781327368,R_75,36558.1204
1781327370,R_75,36549.3457
1781327372,R_75,36540.7517
1781327374,R_75,36545.5672
1781327376,R_75,36544.318
1781327378,R_75,36542.0859
1781327380,R_75,36549.8849
1781327382,R_75,36552.7886
1781327384,R_75,36547.7052
1781327386,R_75,36550.4788
1781327388,R_75,36544.3804
1781327390,R_75,36553.4997
1781327392,R_75,36544.9434
1781327394,R_75,36543.2066
1781327396,R_75,36543.6692
1781327398,R_75,36542.6667
1781327400,R_75,36546.8948
1781327402,R_75,36553.2723
1781327404,R_75,36555.7299
1781327406,R_75,36560.5568
1781327408,R_75,36559.0015
1781327410,R_75,36551.9501
1781327412,R_75,36555.8004
1781327414,R_75,36546.1928
1781327416,R_75,36558.6241
1781327418,R_75,36549.9018
1781327420,R_75,36562.3513
1781327422,R_75,36569.4296
1781327424,R_75,36572.7378
1781327426,R_75,36583.779
1781327428,R_75,36580.8447
1781327430,R_75,36575.6241
1781327432,R_75,36565.0179
1781327434,R_75,36558.2024
1781327436,R_75,36553.9622
1781327438,R_75,36548.3111
1781327440,R_75,36552.218
1781327442,R_75,36549.6196
1781327444,R_75,36545.3078
1781327446,R_75,36556.8796
1781327448,R_75,36558.2043
1781327450,R_75,36553.7271
1781327452,R_75,36554.9982
1781327454,R_75,36558.4174
1781327456,R_75,36553.7947
1781327458,R_75,36554.7115
1781327460,R_75,36568.5556
1781327462,R_75,36578.4183
1781327464,R_75,36575.558
1781327466,R_75,36570.5558
1781327468,R_75,36572.822
1781327470,R_75,36561.7505
1781327472,R_75,36553.3739
1781327474,R_75,36543.1669
1781327476,R_75,36548.5283
1781327478,R_75,36553.8418
1781327480,R_75,36533.8434
1781327482,R_75,36538.5
1781327484,R_75,36541.7543
1781327486,R_75,36549.3107
1781327488,R_75,36547.0504
1781327490,R_75,36547.3576
1781327492,R_75,36536.2032
1781327494,R_75,36534.2877
1781327496,R_75,36529.7061
1781327498,R_75,36535.1662
1781327500,R_75,36530.1985
1781327502,R_75,36539.3399
1781327504,R_75,36526.2034
1781327506,R_75,36531.9212
1781327508,R_75,36540.1288
1781327510,R_75,36548.6217
1781327512,R_75,36561.6236
1781327514,R_75,36564.2487
1781327516,R_75,36551.1106
1781327518,R_75,36545.9933
1781327520,R_75,36551.6945
1781327522,R_75,36550.5326
1781327524,R_75,36551.0346
1781327526,R_75,36546.7827
1781327528,R_75,36541.3047
1781327530,R_75,36529.7484
1781327532,R_75,36523.5947
1781327534,R_75,36529.3733
1781327536,R_75,36534.5272
1781327538,R_75,36526.1384
1781327540,R_75,36525.5152
1781327542,R_75,36523.5945
1781327544,R_75,36510.8089
1781327546,R_75,36513.407
1781327548,R_75,36512.9324
1781327550,R_75,36513.7969
1781327552,R_75,36508.2372
1781327554,R_75,36508.7391
1781327556,R_75,36503.5465
1781327558,R_75,36504.1724
1781327560,R_75,36517.1865
1781327562,R_75,36508.5702
1781327564,R_75,36497.7325
1781327566,R_75,36486.6984
1781327568,R_75,36487.2476
1781327570,R_75,36499.1296
1781327572,R_75,36497.214
1781327574,R_75,36484.668
1781327576,R_75,36479.5387
1781327578,R_75,36472.2664
1781327580,R_75,36476.259
1781327582,R_75,36477.9189
1781327584,R_75,36475.5034
1781327586,R_75,36481.7574
1781327588,R_75,36486.1565
1781327590,R_75,36483.6964
1781327592,R_75,36485.1005
1781327594,R_75,36489.3839
1781327596,R_75,36500.7281
1781327598,R_75,36494.5187
1781327600,R_75,36498.3947
1781327602,R_75,36494.8168
1781327604,R_75,36492.7249
1781327606,R_75,36487.1329
1781327608,R_75,36496.0178
1781327610,R_75,36490.7018
1781327612,R_75,36483.6059
1781327614,R_75,36478.36
1781327616,R_75,36482.8626
1781327618,R_75,36487.404
1781327620,R_75,36497.4517
1781327622,R_75,36492.7942
1781327624,R_75,36491.9751
1781327626,R_75,36486.3119
1781327628,R_75,36487.2619
1781327630,R_75,36470.306
1781327632,R_75,36468.8238
1781327634,R_75,36455.7156
1781327636,R_75,36462.8311
1781327638,R_75,36458.7902
1781327640,R_75,36450.6773
1781327642,R_75,36448.4723
1781327644,R_75,36447.8462
1781327646,R_75,36443.6418
1781327648,R_75,36448.2532
1781327650,R_75,36448.5079
1781327652,R_75,36447.5079
1781327654,R_75,36447.4058
1781327656,R_75,36454.5611
1781327658,R_75,36457.0224
1781327660,R_75,36450.7143
1781327662,R_75,36450.5296
1781327664,R_75,36437.5913
1781327666,R_75,36444.5059
1781327668,R_75,36455.9079
1781327670,R_75,36451.3487
1781327672,R_75,36450.3105
1781327674,R_75,36454.0396
1781327676,R_75,36461.7174
1781327678,R_75,36463.0946
1781327680,R_75,36462.4417
1781327682,R_75,36458.4974
1781327684,R_75,36457.339
1781327686,R_75,36461.0203
1781327688,R_75,36463.1165
1781327690,R_75,36463.0488
1781327692,R_75,36458.4773
1781327694,R_75,36445.1057
1781327696,R_75,36428.1695
1781327698,R_75,36428.4662
1781327700,R_75,36436.178
1781327702,R_75,36443.0664
1781327704,R_75,36443.1297
1781327706,R_75,36435.4471
1781327708,R_75,36440.7131
1781327710,R_75,36443.8455
1781327712,R_75,36436.4658
1781327714,R_75,36434.9046
1781327716,R_75,36428.5124
1781327718,R_75,36421.7846
1781327720,R_75,36430.4248
1781327722,R_75,36426.7993
1781327724,R_75,36415.7556
1781327726,R_75,36409.7613
1781327728,R_75,36414.4076
1781327730,R_75,36413.8132
1781327732,R_75,36414.1357
1781327734,R_75,36408.5793
1781327736,R_75,36415.9825
1781327738,R_75,36410.4101
1781327740,R_75,36403.6739
1781327742,R_75,36413.0861
1781327744,R_75,36406.3383
1781327746,R_75,36412.5723
1781327748,R_75,36419.1145
1781327750,R_75,36432.5955
1781327752,R_75,36427.2614
1781327754,R_75,36428.2083
1781327756,R_75,36434.1592
1781327758,R_75,36443.7843
1781327760,R_75,36450.6058
1781327762,R_75,36447.9997
1781327764,R_75,36449.1412
1781327766,R_75,36450.6892
1781327768,R_75,36442.1348
1781327770,R_75,36438.7242
1781327772,R_75,36437.9733
1781327774,R_75,36437.5565
1781327776,R_75,36434.4572
1781327778,R_75,36443.0206
1781327780,R_75,36438.348
1781327782,R_75,36449.4594
1781327784,R_75,36446.4113
1781327786,R_75,36445.5976
1781327788,R_75,36444.8721
1781327790,R_75,36453.5933
1781327792,R_75,36459.1618
1781327794,R_75,36466.2857
1781327796,R_75,36463.7457
1781327798,R_75,36471.2225
1781327800,R_75,36464.6809
1781327802,R_75,36464.0746
1781327804,R_75,36454.6043
1781327806,R_75,36456.8835
1781327808,R_75,36463.191
1781327810,R_75,36459.3142
1781327812,R_75,36462.9674
1781327814,R_75,36472.2454
1781327816,R_75,36479.8218
1781327818,R_75,36480.781
1781327820,R_75,36485.1867
1781327822,R_75,36499.8111
1781327824,R_75,36497.7826
1781327826,R_75,36495.2091
1781327828,R_75,36487.1266
1781327830,R_75,36478.447
1781327832,R_75,36487.3456
1781327834,R_75,36484.5849
1781327836,R_75,36491.5715
1781327838,R_75,36479.7343
1781327840,R_75,36483.5198
1781327842,R_75,36467.9389
1781327844,R_75,36470.6855
1781327846,R_75,36480.3321
1781327848,R_75,36475.0771
1781327850,R_75,36476.2904
1781327852,R_75,36463.4816
1781327854,R_75,36460.458
1781327856,R_75,36464.4721
1781327858,R_75,36464.6052
1781327860,R_75,36454.8395
1781327862,R_75,36461.4871
1781327864,R_75,36472.5981
1781327866,R_75,36481.102
1781327868,R_75,36483.0434
1781327870,R_75,36479.4202
1781327872,R_75,36466.4631
1781327874,R_75,36477.2278
1781327876,R_75,36483.014
1781327878,R_75,36494.2084
1781327880,R_75,36505.7105
1781327882,R_75,36511.8136
1781327884,R_75,36501.6925
1781327886,R_75,36505.6116
1781327888,R_75,36522.8055
1781327890,R_75,36536.3365
1781327892,R_75,36532.8983
1781327894,R_75,36543.5722
1781327896,R_75,36546.2492
1781327898,R_75,36545.2085
1781327900,R_75,36548.9015
1781327902,R_75,36562.013
1781327904,R_75,36568.2426
1781327906,R_75,36560.6601
1781327908,R_75,36559.9497
1781327910,R_75,36557.0089
1781327912,R_75,36558.3507
1781327914,R_75,36568.1106
1781327916,R_75,36568.5474
1781327918,R_75,36561.9513
1781327920,R_75,36567.5926
1781327922,R_75,36572.0008
1781327924,R_75,36566.3386
1781327926,R_75,36569.7099
1781327928,R_75,36578.1024
1781327930,R_75,36569.5547
1781327932,R_75,36561.4345
1781327934,R_75,36568.9094
1781327936,R_75,36570.3257
1781327938,R_75,36573.4071
1781327940,R_75,36579.3529
1781327942,R_75,36572.6603
1781327944,R_75,36563.3372
1781327946,R_75,36570.8491
1781327948,R_75,36565.4621
1781327950,R_75,36577.4801
1781327952,R_75,36585.09
1781327954,R_75,36594.6799
1781327956,R_75,36597.2297
1781327958,R_75,36608.4205
1781327960,R_75,36606.9693
1781327962,R_75,36610.2086
1781327964,R_75,36609.9964
1781327966,R_75,36612.7545
1781327968,R_75,36615.0424
1781327970,R_75,36614.4604
1781327972,R_75,36605.2685
1781327974,R_75,36606.5497
1781327976,R_75,36601.8758
1781327978,R_75,36599.8645
1781327980,R_75,36602.6778
1781327982,R_75,36603.9317
1781327984,R_75,36608.905
1781327986,R_75,36611.4503
1781327988,R_75,36604.3036
1781327990,R_75,36608.466
1781327992,R_75,36589.3635
1781327994,R_75,36593.3315
1781327996,R_75,36595.2483
1781327998,R_75,36595.4685
1781328000,R_75,36590.9631
1781328002,R_75,36575.1842
1781328004,R_75,36581.0118
1781328006,R_75,36577.4811
1781328008,R_75,36584.7576
1781328010,R_75,36588.0493
1781328012,R_75,36584.6527
1781328014,R_75,36583.5448
1781328016,R_75,36575.3567
1781328018,R_75,36568.3144
1781328020,R_75,36562.2006
1781328022,R_75,36558.3164
1781328024,R_75,36566.4582
1781328026,R_75,36571.1664
1781328028,R_75,36574.23
1781328030,R_75,36570.4589
1781328032,R_75,36578.134
1781328034,R_75,36584.812
1781328036,R_75,36580.3565
1781328038,R_75,36578.6263
1781328040,R_75,36581.8108
1781328042,R_75,36580.7827
1781328044,R_75,36596.7645
1781328046,R_75,36599.9494
1781328048,R_75,36596.4279
1781328050,R_75,36590.9892
1781328052,R_75,36599.3384
1781328054,R_75,36596.6428
1781328056,R_75,36584.5746
1781328058,R_75,36582.7331
1781328060,R_75,36586.9443
1781328062,R_75,36579.8206
1781328064,R_75,36582.9235
1781328066,R_75,36590.7003
1781328068,R_75,36592.7696
1781328070,R_75,36597.9964
1781328072,R_75,36604.6713
1781328074,R_75,36608.2507
1781328076,R_75,36601.9373
1781328078,R_75,36617.673
1781328080,R_75,36621.0112
1781328082,R_75,36615.3642
1781328084,R_75,36613.1131
1781328086,R_75,36613.1156
1781328088,R_75,36610.4161
1781328090,R_75,36612.6969
1781328092,R_75,36620.654
1781328094,R_75,36621.0386
1781328096,R_75,36620.508
1781328098,R_75,36610.7678
1781328100,R_75,36605.218
1781328102,R_75,36603.1263
1781328104,R_75,36589.3927
1781328106,R_75,36582.535
1781328108,R_75,36588.4259
1781328110,R_75,36583.7751
1781328112,R_75,36602.9915
1781328114,R_75,36604.7208
1781328116,R_75,36606.4172
1781328118,R_75,36601.8273
1781328120,R_75,36600.231
1781328122,R_75,36594.2228
1781328124,R_75,36596.0052
1781328126,R_75,36596.8662
1781328128,R_75,36595.3803
1781328130,R_75,36591.2709
1781328132,R_75,36590.5119
1781328134,R_75,36593.9278
1781328136,R_75,36589.7252
1781328138,R_75,36590.3728
1781328140,R_75,36598.0148
1781328142,R_75,36595.5524
1781328144,R_75,36597.5957
1781328146,R_75,36596.6481
1781328148,R_75,36601.7434
1781328150,R_75,36612.5282
1781328152,R_75,36612.232
1781328154,R_75,36612.4502
1781328156,R_75,36593.8212
1781328158,R_75,36592.0497
1781328160,R_75,36600.9506
1781328162,R_75,36612.2224
1781328164,R_75,36609.0449
1781328166,R_75,36605.6416
1781328168,R_75,36615.7773
1781328170,R_75,36610.4681
1781328172,R_75,36607.2761
1781328174,R_75,36606.347
1781328176,R_75,36603.9544
1781328178,R_75,36620.2082
1781328180,R_75,36621.2543
1781328182,R_75,36615.4614
1781328184,R_75,36618.7688
1781328186,R_75,36618.3487
1781328188,R_75,36624.3595
1781328190,R_75,36620.4328
1781328192,R_75,36619.2465
1781328194,R_75,36624.3016
1781328196,R_75,36620.9113
1781328198,R_75,36613.7162
1781328200,R_75,36622.2444
1781328202,R_75,36612.8511
1781328204,R_75,36611.3847
1781328206,R_75,36611.154
1781328208,R_75,36611.5072
1781328210,R_75,36626.932
1781328212,R_75,36630.8643
1781328214,R_75,36633.2931
1781328216,R_75,36630.5096
1781328218,R_75,36624.8914
1781328220,R_75,36633.44
1781328222,R_75,36639.5309
1781328224,R_75,36630.5233
1781328226,R_75,36638.1671
1781328228,R_75,36645.5982
1781328230,R_75,36633.2431
1781328232,R_75,36642.3998
1781328234,R_75,36645.5636
1781328236,R_75,36638.8075
1781328238,R_75,36642.7673
1781328240,R_75,36638.664
1781328242,R_75,36640.0531
1781328244,R_75,36640.2508
1781328246,R_75,36644.6461
1781328248,R_75,36643.3998
1781328250,R_75,36643.8474
1781328252,R_75,36637.9842
1781328254,R_75,36635.7043
1781328256,R_75,36633.4638
1781328258,R_75,36635.2681
1781328260,R_75,36640.7721
1781328262,R_75,36641.3459
1781328264,R_75,36639.7556
1781328266,R_75,36632.1806
1781328268,R_75,36638.9488
1781328270,R_75,36636.5404
1781328272,R_75,36632.2181
1781328274,R_75,36642.4963
1781328276,R_75,36646.3708
1781328278,R_75,36647.3541
1781328280,R_75,36647.2738
1781328282,R_75,36635.1049
1781328284,R_75,36635.6838
1781328286,R_75,36630.4068
1781328288,R_75,36633.7995
1781328290,R_75,36638.8941
1781328292,R_75,36653.1291
1781328294,R_75,36656.6974
1781328296,R_75,36666.5509
1781328298,R_75,36664.2515
1781328300,R_75,36665.2323
1781328302,R_75,36662.5838
1781328304,R_75,36661.4142
1781328306,R_75,36672.0043
1781328308,R_75,36674.975
1781328310,R_75,36676.4718
1781328312,R_75,36678.945
1781328314,R_75,36682.8127
1781328316,R_75,36670.8688
1781328318,R_75,36673.562
1781328320,R_75,36676.7749
1781328322,R_75,36663.695
1781328324,R_75,36663.1512
1781328326,R_75,36659.0564
1781328328,R_75,36645.2148
1781328330,R_75,36651.2236
1781328332,R_75,36646.6205
1781328334,R_75,36653.1443
1781328336,R_75,36647.2244
1781328338,R_75,36650.8764
1781328340,R_75,36644.8957
1781328342,R_75,36643.5051
1781328344,R_75,36649.3108
1781328346,R_75,36644.8598
1781328348,R_75,36654.4757
1781328350,R_75,36668.7655
1781328352,R_75,36664.0558
1781328354,R_75,36658.9676
1781328356,R_75,36653.7371
1781328358,R_75,36646.2344
1781328360,R_75,36631.5356
1781328362,R_75,36642.7909
1781328364,R_75,36641.3063
1781328366,R_75,36646.3429
1781328368,R_75,36641.4233
1781328370,R_75,36638.5353
1781328372,R_75,36637.192
1781328374,R_75,36635.8831
1781328376,R_75,36642.4055
1781328378,R_75,36643.3963
1781328380,R_75,36631.0826
1781328382,R_75,36629.7593
1781328384,R_75,36633.0811
1781328386,R_75,36627.4557
1781328388,R_75,36622.5023
1781328390,R_75,36619.5009
1781328392,R_75,36620.3118
1781328394,R_75,36621.6469
1781328396,R_75,36633.1823
1781328398,R_75,36631.457
1781328400,R_75,36638.7262
1781328402,R_75,36643.9919
1781328404,R_75,36658.1021
1781328406,R_75,36664.3622
1781328408,R_75,36663.8088
1781328410,R_75,36668.238
1781328412,R_75,36679.3118
1781328414,R_75,36683.9704
1781328416,R_75,36675.8454
1781328418,R_75,36668.3458
1781328420,R_75,36673.1069
1781328422,R_75,36677.4876
1781328424,R_75,36680.2011
1781328426,R_75,36675.2087
1781328428,R_75,36681.7409
1781328430,R_75,36677.3232
1781328432,R_75,36666.0505
1781328434,R_75,36672.1642
1781328436,R_75,36675.1886
1781328438,R_75,36670.4049
1781328440,R_75,36667.2185
1781328442,R_75,36661.7983
1781328444,R_75,36653.8623
1781328446,R_75,36650.4158
1781328448,R_75,36667.0158
1781328450,R_75,36660.9255
1781328452,R_75,36648.9167
1781328454,R_75,36652.1737
1781328456,R_75,36649.8515
1781328458,R_75,36648.6778
1781328460,R_75,36639.6682
1781328462,R_75,36636.7861
1781328464,R_75,36638.0311
1781328466,R_75,36632.6558
1781328468,R_75,36625.4725
1781328470,R_75,36622.6438
1781328472,R_75,36621.2443
1781328474,R_75,36626.3644
1781328476,R_75,36619.1688
1781328478,R_75,36616.1418
1781328480,R_75,36612.297
1781328482,R_75,36623.2788
1781328484,R_75,36625.6308
1781328486,R_75,36617.3941
1781328488,R_75,36626.6357
1781328490,R_75,36637.4061
1781328492,R_75,36630.6825
1781328494,R_75,36636.8216
1781328496,R_75,36644.1991
1781328498,R_75,36638.2877
1781328500,R_75,36635.6296
1781328502,R_75,36625.6629
1781328504,R_75,36611.4657
1781328506,R_75,36624.3818
1781328508,R_75,36625.5181
1781328510,R_75,36620.4332
1781328512,R_75,36621.0373
1781328514,R_75,36623.1891
1781328516,R_75,36627.4309
1781328518,R_75,36620.6401
1781328520,R_75,36622.2072
1781328522,R_75,36629.7102
1781328524,R_75,36616.0207
1781328526,R_75,36615.2083
1781328528,R_75,36621.3443
1781328530,R_75,36621.1871
1781328532,R_75,36623.8122
1781328534,R_75,36635.1001
1781328536,R_75,36631.9343
1781328538,R_75,36628.945
1781328540,R_75,36631.0176
1781328542,R_75,36628.5995
1781328544,R_75,36619.7189
1781328546,R_75,36616.466
1781328548,R_75,36614.0208
1781328550,R_75,36618.6971
1781328552,R_75,36609.3525
1781328554,R_75,36605.7731
1781328556,R_75,36603.8212
1781328558,R_75,36597.0556
1781328560,R_75,36615.4871
1781328562,R_75,36619.3812
1781328564,R_75,36630.3855
1781328566,R_75,36628.3309
1781328568,R_75,36634.3734
1781328570,R_75,36638.3382
1781328572,R_75,36634.8149
1781328574,R_75,36633.1316
1781328576,R_75,36644.502
1781328578,R_75,36652.2495
1781328580,R_75,36654.5683
1781328582,R_75,36638.0127
1781328584,R_75,36640.4728
1781328586,R_75,36649.1281
1781328588,R_75,36647.3263
1781328590,R_75,36645.4243
1781328592,R_75,36653.256
1781328594,R_75,36661.719
1781328596,R_75,36662.6156
1781328598,R_75,36683.4277
1781328600,R_75,36687.8734
1781328602,R_75,36683.0648
1781328604,R_75,36679.3288
1781328606,R_75,36683.1189
1781328608,R_75,36677.5958
1781328610,R_75,36670.8683
1781328612,R_75,36671.5071
1781328614,R_75,36657.8017
1781328616,R_75,36647.0301
1781328618,R_75,36641.2363
1781328620,R_75,36636.4132
1781328622,R_75,36633.682
1781328624,R_75,36636.9329
1781328626,R_75,36636.2378
1781328628,R_75,36632.3078
1781328630,R_75,36643.3444
1781328632,R_75,36645.9372
1781328634,R_75,36649.1627
1781328636,R_75,36653.6756
1781328638,R_75,36653.1864
1781328640,R_75,36656.4097
1781328642,R_75,36657.7196
1781328644,R_75,36655.2973
1781328646,R_75,36654.5372
1781328648,R_75,36654.5282
1781328650,R_75,36657.2996
1781328652,R_75,36646.1963
1781328654,R_75,36651.3085
1781328656,R_75,36660.3253
1781328658,R_75,36651.2808
1781328660,R_75,36654.5902
1781328662,R_75,36656.3059
1781328664,R_75,36653.8745
1781328666,R_75,36652.9926
1781328668,R_75,36651.7367
1781328670,R_75,36646.9963
1781328672,R_75,36650.7636
1781328674,R_75,36639.4296
1781328676,R_75,36640.4996
1781328678,R_75,36630.4355
1781328680,R_75,36631.5832
1781328682,R_75,36633.4217
1781328684,R_75,36634.3371
1781328686,R_75,36635.9172
1781328688,R_75,36637.6853
1781328690,R_75,36634.9469
1781328692,R_75,36637.3925
1781328694,R_75,36652.2672
1781328696,R_75,36655.4291
1781328698,R_75,36662.3614
1781328700,R_75,36656.116
1781328702,R_75,36649.1969
1781328704,R_75,36664.8991
1781328706,R_75,36666.7394
1781328708,R_75,36669.1515
1781328710,R_75,36682.5726
1781328712,R_75,36681.2308
1781328714,R_75,36683.3027
1781328716,R_75,36690.2477
1781328718,R_75,36683.2561
1781328720,R_75,36667.7098
1781328722,R_75,36671.0827
1781328724,R_75,36683.561
1781328726,R_75,36683.3965
1781328728,R_75,36680.4425
1781328730,R_75,36673.8958
1781328732,R_75,36669.6589
1781328734,R_75,36669.5469
1781328736,R_75,36666.3989
1781328738,R_75,36675.0793
1781328740,R_75,36657.2618
1781328742,R_75,36650.6232
1781328744,R_75,36657.0287
1781328746,R_75,36658.2166
1781328748,R_75,36660.4081
1781328750,R_75,36670.7478
1781328752,R_75,36676.0051
1781328754,R_75,36681.5809
1781328756,R_75,36685.5561
1781328758,R_75,36691.7582
1781328760,R_75,36690.3796
1781328762,R_75,36692.716
1781328764,R_75,36688.1186
1781328766,R_75,36689.7388
1781328768,R_75,36696.1136
1781328770,R_75,36695.5984
1781328772,R_75,36687.3807
1781328774,R_75,36684.8226
1781328776,R_75,36678.8886
1781328778,R_75,36689.0928
1781328780,R_75,36710.8508
1781328782,R_75,36704.2807
1781328784,R_75,36714.5771
1781328786,R_75,36710.6836
1781328788,R_75,36714.8539
1781328790,R_75,36704.6991
1781328792,R_75,36721.9834
1781328794,R_75,36723.5395
1781328796,R_75,36716.8293
1781328798,R_75,36719.5431
1781328800,R_75,36714.1168
1781328802,R_75,36713.0898
1781328804,R_75,36713.8537
1781328806,R_75,36714.0467
1781328808,R_75,36712.9113
1781328810,R_75,36716.7887
1781328812,R_75,36706.0458
1781328814,R_75,36697.7224
1781328816,R_75,36685.8705
1781328818,R_75,36681.7139
1781328820,R_75,36685.008
1781328822,R_75,36690.0435
1781328824,R_75,36686.7966
1781328826,R_75,36681.39
1781328828,R_75,36686.168
1781328830,R_75,36681.6151
1781328832,R_75,36682.0265
1781328834,R_75,36681.6178
1781328836,R_75,36682.8507
1781328838,R_75,36678.9596
1781328840,R_75,36678.0955
1781328842,R_75,36681.632
1781328844,R_75,36684.3573
1781328846,R_75,36673.8568
1781328848,R_75,36667.2883
1781328850,R_75,36665.8478
1781328852,R_75,36669.7885
1781328854,R_75,36668.1841
1781328856,R_75,36669.9225
1781328858,R_75,36676.0908
1781328860,R_75,36673.11
1781328862,R_75,36671.8198
1781328864,R_75,36665.5407
1781328866,R_75,36670.7362
1781328868,R_75,36657.899
1781328870,R_75,36664.6166
1781328872,R_75,36661.0697
1781328874,R_75,36654.7581
1781328876,R_75,36653.171
1781328878,R_75,36665.4765
1781328880,R_75,36655.0525
1781328882,R_75,36658.3687
1781328884,R_75,36666.662
1781328886,R_75,36663.6834
1781328888,R_75,36668.2557
1781328890,R_75,36665.6158
1781328892,R_75,36666.926
1781328894,R_75,36649.2177
1781328896,R_75,36651.102
1781328898,R_75,36643.0311
1781328900,R_75,36635.2168
1781328902,R_75,36631.7347
1781328904,R_75,36625.6434
1781328906,R_75,36626.2622
1781328908,R_75,36616.3286
1781328910,R_75,36616.2892
1781328912,R_75,36608.8282
1781328914,R_75,36603.7176
1781328916,R_75,36597.5368
1781328918,R_75,36587.5137
1781328920,R_75,36571.5937
1781328922,R_75,36575.3669
1781328924,R_75,36580.6717
1781328926,R_75,36569.5411
1781328928,R_75,36565.1655
1781328930,R_75,36566.9161
1781328932,R_75,36559.6274
1781328934,R_75,36551.2744
1781328936,R_75,36552.3698
1781328938,R_75,36552.0736
1781328940,R_75,36551.4223
1781328942,R_75,36554.0523
1781328944,R_75,36563.9461
1781328946,R_75,36564.6174
1781328948,R_75,36581.8534
1781328950,R_75,36590.6361
1781328952,R_75,36610.3649
1781328954,R_75,36619.5671
1781328956,R_75,36623.3961
1781328958,R_75,36626.7677
1781328960,R_75,36615.067
1781328962,R_75,36616.8909
1781328964,R_75,36618.1094
1781328966,R_75,36613.2689
1781328968,R_75,36611.5859
1781328970,R_75,36612.4745
1781328972,R_75,36618.8354
1781328974,R_75,36627.1538
1781328976,R_75,36616.6589
1781328978,R_75,36622.3837
1781328980,R_75,36634.79
1781328982,R_75,36627.6484
1781328984,R_75,36620.0657
1781328986,R_75,36627.7603
1781328988,R_75,36625.675
1781328990,R_75,36626.2388
1781328992,R_75,36628.6781
1781328994,R_75,36628.9156
1781328996,R_75,36634.5992
1781328998,R_75,36631.7331
1781329000,R_75,36638.8635
1781329002,R_75,36633.937
1781329004,R_75,36623.6775
1781329006,R_75,36644.227
1781329008,R_75,36649.2699
1781329010,R_75,36656.2556
1781329012,R_75,36661.64
1781329014,R_75,36665.8228
1781329016,R_75,36666.5259
1781329018,R_75,36670.801
1781329020,R_75,36668.9012
1781329022,R_75,36668.5116
1781329024,R_75,36669.4648
1781329026,R_75,36669.1092
1781329028,R_75,36680.1801
1781329030,R_75,36678.8807
1781329032,R_75,36674.6945
1781329034,R_75,36670.1447
1781329036,R_75,36675.0962
1781329038,R_75,36673.8174
1781329040,R_75,36677.2089
1781329042,R_75,36675.3391
1781329044,R_75,36676.599
1781329046,R_75,36676.5791
1781329048,R_75,36676.9207
1781329050,R_75,36682.04
1781329052,R_75,36678.8307
1781329054,R_75,36683.0373
1781329056,R_75,36688.7938
1781329058,R_75,36693.1305
1781329060,R_75,36686.1274
1781329062,R_75,36677.4478
1781329064,R_75,36683.8877
1781329066,R_75,36690.683
1781329068,R_75,36686.2162
1781329070,R_75,36693.7221
1781329072,R_75,36678.0101
1781329074,R_75,36669.2626
1781329076,R_75,36671.2022
1781329078,R_75,36680.3391
1781329080,R_75,36678.6763
1781329082,R_75,36676.6877
1781329084,R_75,36687.3948
1781329086,R_75,36682.9347
1781329088,R_75,36673.3446
1781329090,R_75,36669.5113
1781329092,R_75,36673.0332
1781329094,R_75,36670.1798
1781329096,R_75,36674.7359
1781329098,R_75,36669.4358
1781329100,R_75,36666.6593
1781329102,R_75,36669.5314
1781329104,R_75,36674.1995
1781329106,R_75,36677.2352
1781329108,R_75,36673.5811
1781329110,R_75,36674.9997
1781329112,R_75,36679.9951
1781329114,R_75,36683.6022
1781329116,R_75,36689.6364
1781329118,R_75,36680.0437
1781329120,R_75,36681.8928
1781329122,R_75,36684.0956
1781329124,R_75,36682.9294
1781329126,R_75,36681.8851
1781329128,R_75,36675.305
1781329130,R_75,36677.9492
1781329132,R_75,36690.6274
1781329134,R_75,36686.0351
1781329136,R_75,36686.8199
1781329138,R_75,36682.6516
1781329140,R_75,36684.9163
1781329142,R_75,36674.9915
1781329144,R_75,36674.2046
1781329146,R_75,36670.5794
1781329148,R_75,36664.9257
1781329150,R_75,36672.9228
1781329152,R_75,36674.8864
1781329154,R_75,36672.0847
1781329156,R_75,36671.2434
1781329158,R_75,36668.4729
1781329160,R_75,36674.047
1781329162,R_75,36684.3899
1781329164,R_75,36683.0991
1781329166,R_75,36690.4155
1781329168,R_75,36702.2282
1781329170,R_75,36696.5919
1781329172,R_75,36700.0909
1781329174,R_75,36701.2326
1781329176,R_75,36706.3179
1781329178,R_75,36707.4427
1781329180,R_75,36705.8467
1781329182,R_75,36706.7755
1781329184,R_75,36711.1295
1781329186,R_75,36709.7987
1781329188,R_75,36716.5977
1781329190,R_75,36713.2452
1781329192,R_75,36713.1402
1781329194,R_75,36719.9102
1781329196,R_75,36727.3518
1781329198,R_75,36728.3107
1781329200,R_75,36722.5869
1781329202,R_75,36719.8058
1781329204,R_75,36709.7976
1781329206,R_75,36701.0242
1781329208,R_75,36706.3238
1781329210,R_75,36713.4585
1781329212,R_75,36715.2025
1781329214,R_75,36711.7692
1781329216,R_75,36706.5848
1781329218,R_75,36703.5282
1781329220,R_75,36700.163
1781329222,R_75,36700.2151
1781329224,R_75,36702.9975
1781329226,R_75,36696.5134
1781329228,R_75,36682.3449
1781329230,R_75,36684.6049
1781329232,R_75,36680.2697
1781329234,R_75,36680.626
1781329236,R_75,36693.6036
1781329238,R_75,36695.8623
1781329240,R_75,36703.0825
1781329242,R_75,36713.9127
1781329244,R_75,36711.1428
1781329246,R_75,36708.5472
1781329248,R_75,36715.7949
1781329250,R_75,36716.8635
1781329252,R_75,36716.2772
1781329254,R_75,36717.0514
1781329256,R_75,36712.0997
1781329258,R_75,36726.5726
1781329260,R_75,36712.2817
1781329262,R_75,36720.021
1781329264,R_75,36727.3442
1781329266,R_75,36723.6832
1781329268,R_75,36714.6505
1781329270,R_75,36715.9578
1781329272,R_75,36722.3502
1781329274,R_75,36718.7306
1781329276,R_75,36712.3059
1781329278,R_75,36711.3006
1781329280,R_75,36713.2861
1781329282,R_75,36710.9754
1781329284,R_75,36713.5997
1781329286,R_75,36710.2973
1781329288,R_75,36711.7788
1781329290,R_75,36715.0635
1781329292,R_75,36708.0733
1781329294,R_75,36715.3075
1781329296,R_75,36708.373
1781329298,R_75,36715.4464
1781329300,R_75,36704.3311
1781329302,R_75,36693.8425
1781329304,R_75,36696.7716
1781329306,R_75,36690.4805
1781329308,R_75,36695.5109
1781329310,R_75,36687.7558
1781329312,R_75,36687.4906
1781329314,R_75,36685.5268
1781329316,R_75,36687.408
1781329318,R_75,36681.5126
1781329320,R_75,36683.9632
1781329322,R_75,36688.7251
1781329324,R_75,36689.1234
1781329326,R_75,36677.7701
1781329328,R_75,36684.0914
1781329330,R_75,36676.3683
1781329332,R_75,36685.8242
1781329334,R_75,36683.4457
1781329336,R_75,36684.908
1781329338,R_75,36689.6695
1781329340,R_75,36692.8884
1781329342,R_75,36701.354
1781329344,R_75,36703.9037
1781329346,R_75,36710.7365
1781329348,R_75,36703.2352
1781329350,R_75,36698.8025
1781329352,R_75,36696.6268
1781329354,R_75,36684.1861
1781329356,R_75,36675.3141
1781329358,R_75,36665.3917
1781329360,R_75,36660.5965
1781329362,R_75,36662.9147
1781329364,R_75,36661.7238
1781329366,R_75,36675.9349
1781329368,R_75,36672.2838
1781329370,R_75,36665.1711
1781329372,R_75,36677.1847
1781329374,R_75,36667.943
1781329376,R_75,36671.7134
1781329378,R_75,36678.2093
1781329380,R_75,36673.0645
1781329382,R_75,36677.2375
1781329384,R_75,36672.9154
1781329386,R_75,36671.6442
1781329388,R_75,36684.5733
1781329390,R_75,36700.9316
1781329392,R_75,36705.2371
1781329394,R_75,36711.0198
1781329396,R_75,36718.462
1781329398,R_75,36720.3033
1781329400,R_75,36725.0018
1781329402,R_75,36712.4107
1781329404,R_75,36712.9163
1781329406,R_75,36711.7626
1781329408,R_75,36711.4403
1781329410,R_75,36724.5081
1781329412,R_75,36717.2994
1781329414,R_75,36726.4705
1781329416,R_75,36731.0618
1781329418,R_75,36741.6513
1781329420,R_75,36744.457
1781329422,R_75,36742.0996
1781329424,R_75,36746.33
1781329426,R_75,36739.636
1781329428,R_75,36741.7782
1781329430,R_75,36739.1653
1781329432,R_75,36750.5498
1781329434,R_75,36746.1442
1781329436,R_75,36745.694
1781329438,R_75,36745.9651
1781329440,R_75,36744.2285
1781329442,R_75,36740.4017
1781329444,R_75,36726.2789
1781329446,R_75,36739.7568
1781329448,R_75,36752.4532
1781329450,R_75,36750.4651
1781329452,R_75,36746.6648
1781329454,R_75,36737.3677
1781329456,R_75,36732.1792
1781329458,R_75,36726.665
1781329460,R_75,36748.2052
1781329462,R_75,36742.9181
1781329464,R_75,36747.7582
1781329466,R_75,36748.4911
1781329468,R_75,36749.4404
1781329470,R_75,36756.5413
1781329472,R_75,36765.1312
1781329474,R_75,36763.16
1781329476,R_75,36761.7611
1781329478,R_75,36772.2308
1781329480,R_75,36770.4979
1781329482,R_75,36777.2621
1781329484,R_75,36775.5869
1781329486,R_75,36763.6581
1781329488,R_75,36774.7844
1781329490,R_75,36774.9992
1781329492,R_75,36775.7829
1781329494,R_75,36778.5779
1781329496,R_75,36781.7991
1781329498,R_75,36778.5855
1781329500,R_75,36784.6525
1781329502,R_75,36788.2473
1781329504,R_75,36783.3685
1781329506,R_75,36776.4909
1781329508,R_75,36777.9814
1781329510,R_75,36772.3062
1781329512,R_75,36785.6988
1781329514,R_75,36786.5297
1781329516,R_75,36777.5451
1781329518,R_75,36785.6998
1781329520,R_75,36782.7256
1781329522,R_75,36779.5361
1781329524,R_75,36784.6443
1781329526,R_75,36781.4159
1781329528,R_75,36777.6461
1781329530,R_75,36775.467
1781329532,R_75,36782.156
1781329534,R_75,36788.0633
1781329536,R_75,36796.3708
1781329538,R_75,36789.3563
1781329540,R_75,36797.8307
1781329542,R_75,36788.7549
1781329544,R_75,36805.8104
1781329546,R_75,36799.4813
1781329548,R_75,36808.7892
1781329550,R_75,36805.4904
1781329552,R_75,36799.8989
1781329554,R_75,36794.5193
1781329556,R_75,36786.7056
1781329558,R_75,36778.4182
1781329560,R_75,36784.3877
1781329562,R_75,36783.1186
1781329564,R_75,36781.9985
1781329566,R_75,36792.4789
1781329568,R_75,36789.547
1781329570,R_75,36790.4955
1781329572,R_75,36786.4455
1781329574,R_75,36785.4137
1781329576,R_75,36777.3889
1781329578,R_75,36769.0855
1781329580,R_75,36770.1696
1781329582,R_75,36760.8634
1781329584,R_75,36757.3872
1781329586,R_75,36762.6418
1781329588,R_75,36770.314
1781329590,R_75,36770.6644
1781329592,R_75,36773.2452
1781329594,R_75,36780.1387
1781329596,R_75,36770.4648
1781329598,R_75,36762.0509
1781329600,R_75,36754.4562
1781329602,R_75,36757.7498
1781329604,R_75,36750.966
1781329606,R_75,36750.0194
1781329608,R_75,36756.1429
1781329610,R_75,36768.0561
1781329612,R_75,36768.7718
1781329614,R_75,36777.6434
1781329616,R_75,36780.2558
1781329618,R_75,36785.6864
1781329620,R_75,36778.138
1781329622,R_75,36773.0977
1781329624,R_75,36764.8246
1781329626,R_75,36761.5617
1781329628,R_75,36774.4636
1781329630,R_75,36779.5428
1781329632,R_75,36774.1715
1781329634,R_75,36775.237
1781329636,R_75,36770.0168
1781329638,R_75,36774.168
1781329640,R_75,36767.5857
1781329642,R_75,36761.7447
1781329644,R_75,36760.4046
1781329646,R_75,36756.855
1781329648,R_75,36765.1792
1781329650,R_75,36770.6084
1781329652,R_75,36774.1144
1781329654,R_75,36781.4852
1781329656,R_75,36771.7945
1781329658,R_75,36767.3595
1781329660,R_75,36761.1393
1781329662,R_75,36761.6331
1781329664,R_75,36757.5786
1781329666,R_75,36768.989
1781329668,R_75,36781.8286
1781329670,R_75,36791.039
1781329672,R_75,36787.9594
1781329674,R_75,36781.1163
1781329676,R_75,36776.2792
1781329678,R_75,36779.5008
1781329680,R_75,36766.7899
1781329682,R_75,36774.4225
1781329684,R_75,36773.7712
1781329686,R_75,36782.0858
1781329688,R_75,36781.5597
1781329690,R_75,36780.9337
1781329692,R_75,36780.5687
1781329694,R_75,36778.8197
1781329696,R_75,36781.9855
1781329698,R_75,36783.7865
1781329700,R_75,36769.2416
1781329702,R_75,36777.9697
1781329704,R_75,36774.6826
1781329706,R_75,36772.8195
1781329708,R_75,36772.5938
1781329710,R_75,36777.3066
1781329712,R_75,36785.6794
1781329714,R_75,36791.5211
1781329716,R_75,36798.1378
1781329718,R_75,36796.9762
1781329720,R_75,36787.1468
1781329722,R_75,36787.5471
1781329724,R_75,36785.2125
1781329726,R_75,36787.0636
1781329728,R_75,36777.954
1781329730,R_75,36775.6424
1781329732,R_75,36784.1102
1781329734,R_75,36778.7828
1781329736,R_75,36765.9407
1781329738,R_75,36761.3025
1781329740,R_75,36772.1542
1781329742,R_75,36778.1919
1781329744,R_75,36782.8032
1781329746,R_75,36792.5379
1781329748,R_75,36795.9078
1781329750,R_75,36794.1506
1781329752,R_75,36776.7418
1781329754,R_75,36773.0194
1781329756,R_75,36781.6594
1781329758,R_75,36782.8153
1781329760,R_75,36784.712
1781329762,R_75,36780.3714
1781329764,R_75,36785.4151
1781329766,R_75,36786.738
1781329768,R_75,36801.8887
1781329770,R_75,36805.1891
1781329772,R_75,36802.1279
1781329774,R_75,36787.4562
1781329776,R_75,36781.552
1781329778,R_75,36784.4828
1781329780,R_75,36787.9784
1781329782,R_75,36789.5219
1781329784,R_75,36795.8665
1781329786,R_75,36792.4405
1781329788,R_75,36799.6075
1781329790,R_75,36795.6033
1781329792,R_75,36799.4909
1781329794,R_75,36791.0151
1781329796,R_75,36784.1371
1781329798,R_75,36787.963
1781329800,R_75,36793.9617
1781329802,R_75,36790.7083
1781329804,R_75,36788.2989
1781329806,R_75,36782.8189
1781329808,R_75,36779.4439
1781329810,R_75,36779.0254
1781329812,R_75,36765.4374
1781329814,R_75,36773.4873
1781329816,R_75,36770.6775
1781329818,R_75,36765.2268
1781329820,R_75,36768.4509
1781329822,R_75,36769.9681
1781329824,R_75,36758.7076
1781329826,R_75,36753.5159
1781329828,R_75,36737.393
1781329830,R_75,36748.6628
1781329832,R_75,36737.5419
1781329834,R_75,36729.4691
1781329836,R_75,36743.1744
1781329838,R_75,36748.5097
1781329840,R_75,36740.3163
1781329842,R_75,36742.8797
1781329844,R_75,36749.6749
1781329846,R_75,36739.9459
1781329848,R_75,36732.0952
1781329850,R_75,36731.0618
1781329852,R_75,36738.9374
1781329854,R_75,36742.196
1781329856,R_75,36751.1998
1781329858,R_75,36765.0098
1781329860,R_75,36772.3334
1781329862,R_75,36778.4819
1781329864,R_75,36783.451
1781329866,R_75,36771.9498
1781329868,R_75,36769.338
1781329870,R_75,36768.1404
1781329872,R_75,36771.811
1781329874,R_75,36782.0173
1781329876,R_75,36772.6362
1781329878,R_75,36782.4217
1781329880,R_75,36770.8767
1781329882,R_75,36785.6851
1781329884,R_75,36793.1285
1781329886,R_75,36784.1622
1781329888,R_75,36782.0056
1781329890,R_75,36796.6937
1781329892,R_75,36792.6737
1781329894,R_75,36783.0307
1781329896,R_75,36782.6356
1781329898,R_75,36783.1874
1781329900,R_75,36782.1872
1781329902,R_75,36777.1528
1781329904,R_75,36778.2475
1781329906,R_75,36786.736
1781329908,R_75,36778.1975
1781329910,R_75,36789.4624
1781329912,R_75,36781.8048
1781329914,R_75,36788.316
1781329916,R_75,36787.4391
1781329918,R_75,36781.8757
1781329920,R_75,36784.1711
1781329922,R_75,36796.3994
1781329924,R_75,36779.9464
1781329926,R_75,36776.6677
1781329928,R_75,36768.2083
1781329930,R_75,36748.2341
1781329932,R_75,36742.6721
1781329934,R_75,36734.7638
1781329936,R_75,36733.9553
1781329938,R_75,36731.9521
1781329940,R_75,36733.7649
1781329942,R_75,36736.8016
1781329944,R_75,36736.7164
1781329946,R_75,36749.0553
1781329948,R_75,36748.8008
1781329950,R_75,36758.8126
1781329952,R_75,36763.3768
1781329954,R_75,36755.7659
1781329956,R_75,36743.8667
1781329958,R_75,36734.9946
1781329960,R_75,36737.6356
1781329962,R_75,36728.785
1781329964,R_75,36726.1097
1781329966,R_75,36721.2971
1781329968,R_75,36714.7849
1781329970,R_75,36731.5335
1781329972,R_75,36744.5513
1781329974,R_75,36749.7986
1781329976,R_75,36744.2173
1781329978,R_75,36738.8495
1781329980,R_75,36734.204
1781329982,R_75,36738.4625
1781329984,R_75,36735.3745
1781329986,R_75,36741.728
1781329988,R_75,36740.5149
1781329990,R_75,36734.8047
1781329992,R_75,36732.0706
1781329994,R_75,36729.1744
1781329996,R_75,36732.3394
1781329998,R_75,36742.8186
1781330000,R_75,36734.1359
1781330002,R_75,36733.003
1781330004,R_75,36734.4228
1781330006,R_75,36730.3519
1781330008,R_75,36723.5388
1781330010,R_75,36730.2146
1781330012,R_75,36734.827
1781330014,R_75,36722.3689
1781330016,R_75,36720.3146
1781330018,R_75,36717.0264
1781330020,R_75,36721.6187
1781330022,R_75,36731.4434
1781330024,R_75,36737.6866
1781330026,R_75,36744.5733
1781330028,R_75,36740.6919
1781330030,R_75,36738.0959
1781330032,R_75,36739.589
1781330034,R_75,36747.5548
1781330036,R_75,36747.3204
1781330038,R_75,36742.8989
1781330040,R_75,36746.7215
1781330042,R_75,36741.4609
1781330044,R_75,36745.2464
1781330046,R_75,36742.8556
1781330048,R_75,36758.5711
1781330050,R_75,36767.1945
1781330052,R_75,36763.8964
1781330054,R_75,36764.1553
1781330056,R_75,36763.4883
1781330058,R_75,36752.4983
1781330060,R_75,36750.8039
1781330062,R_75,36749.7067
1781330064,R_75,36764.9355
1781330066,R_75,36774.1389
1781330068,R_75,36786.0106
1781330070,R_75,36783.9326
1781330072,R_75,36778.0197
1781330074,R_75,36776.7289
1781330076,R_75,36774.1803
1781330078,R_75,36771.3026
1781330080,R_75,36772.807
1781330082,R_75,36755.7549
1781330084,R_75,36749.9304
1781330086,R_75,36752.5666
1781330088,R_75,36759.8619
1781330090,R_75,36755.9915
1781330092,R_75,36756.8766
1781330094,R_75,36748.765
1781330096,R_75,36745.2128
1781330098,R_75,36740.7808
1781330100,R_75,36749.5922
1781330102,R_75,36745.7947
1781330104,R_75,36735.4267
1781330106,R_75,36739.6966
1781330108,R_75,36737.1263
1781330110,R_75,36738.7694
1781330112,R_75,36737.6317
1781330114,R_75,36739.8838
1781330116,R_75,36736.3898
1781330118,R_75,36734.1865
1781330120,R_75,36732.4546
1781330122,R_75,36726.7266
1781330124,R_75,36722.9118
1781330126,R_75,36710.4365
1781330128,R_75,36707.6699
1781330130,R_75,36707.8027
1781330132,R_75,36722.5441
1781330134,R_75,36712.8
1781330136,R_75,36706.154
1781330138,R_75,36705.3157
1781330140,R_75,36708.3933
1781330142,R_75,36708.3937
1781330144,R_75,36711.8743
1781330146,R_75,36715.1954
1781330148,R_75,36728.1064
1781330150,R_75,36724.5662
1781330152,R_75,36721.2026
1781330154,R_75,36726.5181
1781330156,R_75,36728.3877
1781330158,R_75,36720.146
1781330160,R_75,36724.7503
1781330162,R_75,36727.0242
1781330164,R_75,36720.6381
1781330166,R_75,36722.9763
1781330168,R_75,36716.6871
1781330170,R_75,36709.3921
1781330172,R_75,36702.1031
1781330174,R_75,36694.9676
1781330176,R_75,36695.4513
1781330178,R_75,36695.7063
1781330180,R_75,36697.207
1781330182,R_75,36687.8774
1781330184,R_75,36697.5627
1781330186,R_75,36700.4324
1781330188,R_75,36710.2531
1781330190,R_75,36713.0046
1781330192,R_75,36703.9538
1781330194,R_75,36700.5019
1781330196,R_75,36695.7187
1781330198,R_75,36703.2187
1781330200,R_75,36701.0954
1781330202,R_75,36696.5178
1781330204,R_75,36695.1969
1781330206,R_75,36688.3748
1781330208,R_75,36697.2002
1781330210,R_75,36697.9409
1781330212,R_75,36696.167
1781330214,R_75,36698.4595
1781330216,R_75,36693.8289
1781330218,R_75,36693.176
1781330220,R_75,36701.4376
1781330222,R_75,36709.0163
1781330224,R_75,36709.1707
1781330226,R_75,36717.8378
1781330228,R_75,36715.851
1781330230,R_75,36727.8354
1781330232,R_75,36734.9929
1781330234,R_75,36734.3913
1781330236,R_75,36740.582
1781330238,R_75,36748.0348
1781330240,R_75,36744.9402
1781330242,R_75,36739.9246
1781330244,R_75,36739.3204
1781330246,R_75,36740.9203
1781330248,R_75,36745.3892
1781330250,R_75,36730.7776
1781330252,R_75,36730.115
1781330254,R_75,36726.0478
1781330256,R_75,36714.6006
1781330258,R_75,36720.887
1781330260,R_75,36730.8126
1781330262,R_75,36728.8288
1781330264,R_75,36728.4726
1781330266,R_75,36735.4925
1781330268,R_75,36730.9977
1781330270,R_75,36724.5627
1781330272,R_75,36730.0402
1781330274,R_75,36733.8023
1781330276,R_75,36720.487
1781330278,R_75,36730.4391
1781330280,R_75,36729.6991
1781330282,R_75,36725.7254
1781330284,R_75,36719.4626
1781330286,R_75,36721.5103
1781330288,R_75,36717.2401
1781330290,R_75,36714.1785
1781330292,R_75,36710.6138
1781330294,R_75,36720.3388
1781330296,R_75,36716.5698
1781330298,R_75,36718.0401
1781330300,R_75,36716.5558
1781330302,R_75,36705.6893
1781330304,R_75,36712.4384
1781330306,R_75,36721.7575
1781330308,R_75,36724.6793
1781330310,R_75,36724.5804
1781330312,R_75,36717.2134
1781330314,R_75,36720.7633
1781330316,R_75,36724.5844
1781330318,R_75,36720.3646
1781330320,R_75,36714.0674
1781330322,R_75,36702.2774
1781330324,R_75,36702.4398
1781330326,R_75,36691.9969
1781330328,R_75,36686.36
1781330330,R_75,36682.6653
1781330332,R_75,36687.5084
1781330334,R_75,36686.8802
1781330336,R_75,36690.1263
1781330338,R_75,36690.1144
1781330340,R_75,36689.3831
1781330342,R_75,36697.8519
1781330344,R_75,36693.4894
1781330346,R_75,36677.771
1781330348,R_75,36668.9885
1781330350,R_75,36664.6026
1781330352,R_75,36658.7202
1781330354,R_75,36658.8643
1781330356,R_75,36653.3367
1781330358,R_75,36646.9377
1781330360,R_75,36657.9543
1781330362,R_75,36654.9673
1781330364,R_75,36666.8018
1781330366,R_75,36656.7392
1781330368,R_75,36665.7988
1781330370,R_75,36658.0814
1781330372,R_75,36662.6991
1781330374,R_75,36654.3357
1781330376,R_75,36660.588
1781330378,R_75,36658.0246
1781330380,R_75,36657.4644
1781330382,R_75,36658.2154
1781330384,R_75,36646.1092
1781330386,R_75,36643.1943
1781330388,R_75,36635.1688
1781330390,R_75,36635.5533
1781330392,R_75,36638.8205
1781330394,R_75,36633.3649
1781330396,R_75,36638.8421
1781330398,R_75,36644.5241
1781330400,R_75,36648.6684
1781330402,R_75,36650.4798
1781330404,R_75,36646.9019
1781330406,R_75,36642.0663
1781330408,R_75,36646.3674
1781330410,R_75,36645.4046
1781330412,R_75,36650.1084
1781330414,R_75,36657.2019
1781330416,R_75,36666.2667
1781330418,R_75,36677.4783
1781330420,R_75,36672.318
1781330422,R_75,36660.325
1781330424,R_75,36657.0572
1781330426,R_75,36656.917
1781330428,R_75,36664.6477
1781330430,R_75,36670.4322
1781330432,R_75,36661.4353
1781330434,R_75,36663.4122
1781330436,R_75,36659.1301
1781330438,R_75,36646.3476
1781330440,R_75,36649.4499
1781330442,R_75,36656.4104
1781330444,R_75,36650.1851
1781330446,R_75,36646.9913
1781330448,R_75,36657.6967
1781330450,R_75,36661.6816
1781330452,R_75,36661.699
1781330454,R_75,36666.9138
1781330456,R_75,36666.031
1781330458,R_75,36668.0554
1781330460,R_75,36668.7664
1781330462,R_75,36672.1578
1781330464,R_75,36677.3726
1781330466,R_75,36673.2826
1781330468,R_75,36666.5377
1781330470,R_75,36663.5177
1781330472,R_75,36659.7502
1781330474,R_75,36653.7642
1781330476,R_75,36658.3201
1781330478,R_75,36656.8098
1781330480,R_75,36655.0266
1781330482,R_75,36655.7355
1781330484,R_75,36664.5931
1781330486,R_75,36666.0138
1781330488,R_75,36667.9278
1781330490,R_75,36672.0117
1781330492,R_75,36669.3247
1781330494,R_75,36680.0052
1781330496,R_75,36692.1114
1781330498,R_75,36690.4706
1781330500,R_75,36685.4663
1781330502,R_75,36685.7547
1781330504,R_75,36672.2291
1781330506,R_75,36676.3631
1781330508,R_75,36678.1862
1781330510,R_75,36675.2571
1781330512,R_75,36682.2135
1781330514,R_75,36684.0382
1781330516,R_75,36686.9621
1781330518,R_75,36687.3496
1781330520,R_75,36684.19
1781330522,R_75,36695.0279
1781330524,R_75,36695.9669
1781330526,R_75,36710.3646
1781330528,R_75,36705.9016
1781330530,R_75,36711.8498
1781330532,R_75,36705.2239
1781330534,R_75,36708.7932
1781330536,R_75,36709.6578
1781330538,R_75,36706.8278
1781330540,R_75,36710.4368
1781330542,R_75,36694.4951
1781330544,R_75,36700.1926
1781330546,R_75,36716.5438
1781330548,R_75,36726.8187
1781330550,R_75,36722.3902
1781330552,R_75,36719.1092
1781330554,R_75,36715.3629
1781330556,R_75,36712.6619
1781330558,R_75,36715.9853
1781330560,R_75,36703.6552
1781330562,R_75,36705.0939
1781330564,R_75,36711.1549
1781330566,R_75,36700.0374
1781330568,R_75,36694.1476
1781330570,R_75,36681.4892
1781330572,R_75,36680.7871
1781330574,R_75,36681.3527
1781330576,R_75,36676.3296
1781330578,R_75,36674.237
1781330580,R_75,36681.868
1781330582,R_75,36682.932
1781330584,R_75,36689.1363
1781330586,R_75,36682.0576
1781330588,R_75,36686.5496
1781330590,R_75,36683.2478
1781330592,R_75,36678.563
1781330594,R_75,36684.9427
1781330596,R_75,36688.2355
1781330598,R_75,36696.3378
1781330600,R_75,36698.4356
1781330602,R_75,36694.7681
1781330604,R_75,36699.1574
1781330606,R_75,36707.9689
1781330608,R_75,36707.9222
1781330610,R_75,36708.1603
1781330612,R_75,36700.8805
1781330614,R_75,36697.5802
1781330616,R_75,36691.5844
1781330618,R_75,36699.4049
1781330620,R_75,36688.0491
1781330622,R_75,36686.8066
1781330624,R_75,36686.8276
1781330626,R_75,36690.2896
1781330628,R_75,36684.1799
1781330630,R_75,36671.8735
1781330632,R_75,36674.0334
1781330634,R_75,36678.4893
1781330636,R_75,36671.6673
1781330638,R_75,36683.5416
1781330640,R_75,36693.7513
1781330642,R_75,36687.5899
1781330644,R_75,36685.2353
1781330646,R_75,36670.2644
1781330648,R_75,36666.3325
1781330650,R_75,36657.3009
1781330652,R_75,36646.1419
1781330654,R_75,36652.1668
1781330656,R_75,36653.3808
1781330658,R_75,36644.0476
1781330660,R_75,36637.3784
1781330662,R_75,36628.1346
1781330664,R_75,36626.1151
1781330666,R_75,36618.1496
1781330668,R_75,36606.05
1781330670,R_75,36592.1763
1781330672,R_75,36592.4001
1781330674,R_75,36594.4386
1781330676,R_75,36594.1053
1781330678,R_75,36589.8731
1781330680,R_75,36589.5101
1781330682,R_75,36586.3065
1781330684,R_75,36586.7855
1781330686,R_75,36584.6176
1781330688,R_75,36598.328
1781330690,R_75,36605.728
1781330692,R_75,36602.6446
1781330694,R_75,36598.8912
1781330696,R_75,36589.9067
1781330698,R_75,36582.9007
1781330700,R_75,36584.3833
1781330702,R_75,36589.2126
1781330704,R_75,36579.7794
1781330706,R_75,36594.319
1781330708,R_75,36580.3671
1781330710,R_75,36576.4306
1781330712,R_75,36574.4793
1781330714,R_75,36578.7269
1781330716,R_75,36582.0364
1781330718,R_75,36589.6261
1781330720,R_75,36588.1589
1781330722,R_75,36586.202
1781330724,R_75,36576.9957
1781330726,R_75,36571.2823
1781330728,R_75,36582.9106
1781330730,R_75,36589.3962
1781330732,R_75,36596.7603
1781330734,R_75,36594.098
1781330736,R_75,36586.0506
1781330738,R_75,36592.1871
1781330740,R_75,36581.1472
1781330742,R_75,36584.9977
1781330744,R_75,36579.3121
1781330746,R_75,36570.1375
1781330748,R_75,36572.3596
1781330750,R_75,36567.55
1781330752,R_75,36562.9305
1781330754,R_75,36567.1179
1781330756,R_75,36564.9671
1781330758,R_75,36565.8051
1781330760,R_75,36561.2484
1781330762,R_75,36563.257
1781330764,R_75,36565.7514
1781330766,R_75,36577.5909
1781330768,R_75,36585.9936
1781330770,R_75,36590.9503
1781330772,R_75,36592.387
1781330774,R_75,36598.7224
1781330776,R_75,36594.6745
1781330778,R_75,36595.2676
1781330780,R_75,36591.122
1781330782,R_75,36596.9368
1781330784,R_75,36602.2501
1781330786,R_75,36593.3006
1781330788,R_75,36591.8081
1781330790,R_75,36589.2612
1781330792,R_75,36580.4152
1781330794,R_75,36581.2665
1781330796,R_75,36583.2546
1781330798,R_75,36586.8967
1781330800,R_75,36586.8625
1781330802,R_75,36577.3628
1781330804,R_75,36583.461
1781330806,R_75,36586.9581
1781330808,R_75,36577.5575
1781330810,R_75,36563.9587
1781330812,R_75,36558.5629
1781330814,R_75,36552.4992
1781330816,R_75,36558.9178
1781330818,R_75,36546.517
1781330820,R_75,36542.0256
1781330822,R_75,36543.6245
1781330824,R_75,36549.5296
1781330826,R_75,36543.5876
1781330828,R_75,36531.835
1781330830,R_75,36527.5884
1781330832,R_75,36524.7902
1781330834,R_75,36536.1133
1781330836,R_75,36538.1669
1781330838,R_75,36540.4106
1781330840,R_75,36551.7009
1781330842,R_75,36557.0457
1781330844,R_75,36557.6404
1781330846,R_75,36561.1594
1781330848,R_75,36561.2089
1781330850,R_75,36576.4605
1781330852,R_75,36574.9692
1781330854,R_75,36568.9949
1781330856,R_75,36582.5994
1781330858,R_75,36583.5951
1781330860,R_75,36596.884
1781330862,R_75,36592.0937
1781330864,R_75,36589.5577
1781330866,R_75,36607.161
1781330868,R_75,36601.9728
1781330870,R_75,36585.7245
1781330872,R_75,36580.9945
1781330874,R_75,36578.528
1781330876,R_75,36590.0712
1781330878,R_75,36592.2579
1781330880,R_75,36595.5189
1781330882,R_75,36594.396
1781330884,R_75,36597.7207
1781330886,R_75,36589.0823
1781330888,R_75,36593.7179
1781330890,R_75,36592.3708
1781330892,R_75,36589.947
1781330894,R_75,36587.7183
1781330896,R_75,36591.6967
1781330898,R_75,36593.4807
1781330900,R_75,36606.4036
1781330902,R_75,36599.9133
1781330904,R_75,36594.8641
1781330906,R_75,36598.0251
1781330908,R_75,36607.3911
1781330910,R_75,36608.2137
1781330912,R_75,36613.1363
1781330914,R_75,36605.7605
1781330916,R_75,36606.5462
1781330918,R_75,36600.036
1781330920,R_75,36604.8754
1781330922,R_75,36592.0037
1781330924,R_75,36599.0843
1781330926,R_75,36600.8428
1781330928,R_75,36591.9599
1781330930,R_75,36577.383
1781330932,R_75,36577.7065
1781330934,R_75,36567.1115
1781330936,R_75,36580.2932
1781330938,R_75,36580.0371
1781330940,R_75,36578.9177
1781330942,R_75,36578.9859
1781330944,R_75,36570.5646
1781330946,R_75,36575.3063
1781330948,R_75,36564.4009
1781330950,R_75,36554.6206
1781330952,R_75,36548.7754
1781330954,R_75,36553.8754
1781330956,R_75,36554.7004
1781330958,R_75,36560.158
1781330960,R_75,36562.2696
1781330962,R_75,36554.7616
1781330964,R_75,36562.2519
1781330966,R_75,36575.9679
1781330968,R_75,36576.3069
1781330970,R_75,36587.5837
1781330972,R_75,36599.7425
1781330974,R_75,36610.8926
1781330976,R_75,36621.2421
1781330978,R_75,36615.4201
1781330980,R_75,36619.041
1781330982,R_75,36618.7024
1781330984,R_75,36615.3949
1781330986,R_75,36610.8385
1781330988,R_75,36612.9976
1781330990,R_75,36616.3616
1781330992,R_75,36621.1303
1781330994,R_75,36627.9518
1781330996,R_75,36628.4338
1781330998,R_75,36617.6536
1781331000,R_75,36613.6263
1781331002,R_75,36623.5775
1781331004,R_75,36625.931
1781331006,R_75,36628.7081
1781331008,R_75,36634.5733
1781331010,R_75,36635.2373
1781331012,R_75,36636.7149
1781331014,R_75,36659.3021
1781331016,R_75,36655.0774
1781331018,R_75,36652.5975
1781331020,R_75,36645.2256
1781331022,R_75,36650.5741
1781331024,R_75,36646.5253
1781331026,R_75,36641.5239
1781331028,R_75,36648.7175
1781331030,R_75,36642.6765
1781331032,R_75,36636.8642
1781331034,R_75,36634.203
1781331036,R_75,36636.0111
1781331038,R_75,36631.4388
1781331040,R_75,36646.8766
1781331042,R_75,36641.5211
1781331044,R_75,36646.0825
1781331046,R_75,36637.6965
1781331048,R_75,36643.9707
1781331050,R_75,36655.6175
1781331052,R_75,36664.6644
1781331054,R_75,36662.3977
1781331056,R_75,36668.8202
1781331058,R_75,36676.6835
1781331060,R_75,36662.746
1781331062,R_75,36663.6079
1781331064,R_75,36669.2765
1781331066,R_75,36669.2287
1781331068,R_75,36671.8578
1781331070,R_75,36670.778
1781331072,R_75,36666.1202
1781331074,R_75,36663.7721
1781331076,R_75,36669.3159
1781331078,R_75,36667.8016
1781331080,R_75,36672.4437
1781331082,R_75,36680.3498
1781331084,R_75,36678.7472
1781331086,R_75,36675.5981
1781331088,R_75,36664.6066
1781331090,R_75,36660.5744
1781331092,R_75,36654.7339
1781331094,R_75,36653.7604
1781331096,R_75,36653.1859
1781331098,R_75,36645.4353
1781331100,R_75,36649.6219
1781331102,R_75,36657.3054
1781331104,R_75,36650.7243
1781331106,R_75,36652.8181
1781331108,R_75,36657.1324
1781331110,R_75,36655.7542
1781331112,R_75,36647.5094
1781331114,R_75,36664.6628
1781331116,R_75,36661.0604
1781331118,R_75,36663.0691
1781331120,R_75,36661.3437
1781331122,R_75,36663.5327
1781331124,R_75,36668.3952
1781331126,R_75,36667.0681
1781331128,R_75,36663.3327
1781331130,R_75,36658.2191
1781331132,R_75,36656.3465
1781331134,R_75,36658.5946
1781331136,R_75,36653.9382
1781331138,R_75,36653.2562
1781331140,R_75,36656.385
1781331142,R_75,36650.7402
1781331144,R_75,36657.0948
1781331146,R_75,36655.445
1781331148,R_75,36650.0996
1781331150,R_75,36646.3067
1781331152,R_75,36642.3909
1781331154,R_75,36643.2563
1781331156,R_75,36642.0253
1781331158,R_75,36636.6694
1781331160,R_75,36634.9772
1781331162,R_75,36631.6362
1781331164,R_75,36625.1632
1781331166,R_75,36626.3922
1781331168,R_75,36632.3444
1781331170,R_75,36629.187
1781331172,R_75,36644.4359
1781331174,R_75,36645.2564
1781331176,R_75,36659.7003
1781331178,R_75,36648.5787
1781331180,R_75,36641.3737
1781331182,R_75,36638.3941
1781331184,R_75,36632.9711
1781331186,R_75,36633.305
1781331188,R_75,36624.4052
1781331190,R_75,36617.3283
1781331192,R_75,36614.2463
1781331194,R_75,36612.8383
1781331196,R_75,36621.8679
1781331198,R_75,36629.1102
1781331200,R_75,36627.4779
1781331202,R_75,36630.931
1781331204,R_75,36639.8156
1781331206,R_75,36647.6452
1781331208,R_75,36647.3757
1781331210,R_75,36636.4422
1781331212,R_75,36632.5846
1781331214,R_75,36626.0513
1781331216,R_75,36626.5116
1781331218,R_75,36624.7404
1781331220,R_75,36624.2276
1781331222,R_75,36617.5999
1781331224,R_75,36611.6116
1781331226,R_75,36612.5075
1781331228,R_75,36623.5205
1781331230,R_75,36620.7547
1781331232,R_75,36625.3801
1781331234,R_75,36613.6015
1781331236,R_75,36619.7695
1781331238,R_75,36615.3695
1781331240,R_75,36607.5181
1781331242,R_75,36603.1966
1781331244,R_75,36605.2044
1781331246,R_75,36593.2682
1781331248,R_75,36602.4528
1781331250,R_75,36603.2591
1781331252,R_75,36608.4352
1781331254,R_75,36622.2735
1781331256,R_75,36612.236
1781331258,R_75,36621.9271
1781331260,R_75,36617.6814
1781331262,R_75,36635.2409
1781331264,R_75,36629.1131
1781331266,R_75,36630.0017
1781331268,R_75,36621.932
1781331270,R_75,36623.3794
1781331272,R_75,36628.5059
1781331274,R_75,36626.7912
1781331276,R_75,36635.9758
1781331278,R_75,36632.5182
1781331280,R_75,36635.9072
1781331282,R_75,36631.7483
1781331284,R_75,36630.188
1781331286,R_75,36649.0195
1781331288,R_75,36640.3912
1781331290,R_75,36648.0358
1781331292,R_75,36641.3865
1781331294,R_75,36638.833
1781331296,R_75,36624.9727
1781331298,R_75,36628.1104
1781331300,R_75,36620.6232
1781331302,R_75,36617.8449
1781331304,R_75,36624.7298
1781331306,R_75,36623.2705
1781331308,R_75,36618.1908
1781331310,R_75,36614.4943
1781331312,R_75,36609.4479
1781331314,R_75,36617.6012
1781331316,R_75,36609.1203
1781331318,R_75,36607.384
1781331320,R_75,36598.5255
1781331322,R_75,36604.0823
1781331324,R_75,36606.291
1781331326,R_75,36610.9575
1781331328,R_75,36597.4221
1781331330,R_75,36609.8563
1781331332,R_75,36604.2443
1781331334,R_75,36615.6232
1781331336,R_75,36617.4706
1781331338,R_75,36618.8745
1781331340,R_75,36611.6267
1781331342,R_75,36607.9855
1781331344,R_75,36617.6833
1781331346,R_75,36614.8626
1781331348,R_75,36618.1173
1781331350,R_75,36620.0601
1781331352,R_75,36614.7983
1781331354,R_75,36612.6893
1781331356,R_75,36610.3697
1781331358,R_75,36604.9987
1781331360,R_75,36607.5843
1781331362,R_75,36616.9676
1781331364,R_75,36622.9772
1781331366,R_75,36619.3488
1781331368,R_75,36620.2106
1781331370,R_75,36615.1572
1781331372,R_75,36614.4991
1781331374,R_75,36617.45
1781331376,R_75,36613.3878
1781331378,R_75,36613.4624
1781331380,R_75,36601.2676
1781331382,R_75,36594.3243
1781331384,R_75,36589.0089
1781331386,R_75,36592.2407
1781331388,R_75,36591.0462
1781331390,R_75,36588.0008
1781331392,R_75,36598.9052
1781331394,R_75,36599.587
1781331396,R_75,36590.0832
1781331398,R_75,36575.7841
1781331400,R_75,36573.3392
1781331402,R_75,36571.7828
1781331404,R_75,36575.6852
1781331406,R_75,36573.6119
1781331408,R_75,36569.1874
1781331410,R_75,36565.5758
1781331412,R_75,36564.6545
1781331414,R_75,36582.5532
1781331416,R_75,36580.4678
1781331418,R_75,36589.2786
1781331420,R_75,36586.9245
1781331422,R_75,36596.2379
1781331424,R_75,36595.785
1781331426,R_75,36588.1955
1781331428,R_75,36595.7731
1781331430,R_75,36590.0212
1781331432,R_75,36594.6264
1781331434,R_75,36583.6666
1781331436,R_75,36578.6991
1781331438,R_75,36578.6556
1781331440,R_75,36578.444
1781331442,R_75,36591.3501
1781331444,R_75,36590.9538
1781331446,R_75,36596.7279
1781331448,R_75,36596.8057
1781331450,R_75,36600.1733
1781331452,R_75,36600.8059
1781331454,R_75,36592.5381
1781331456,R_75,36588.1075
1781331458,R_75,36581.8388
1781331460,R_75,36583.7116
1781331462,R_75,36587.2727
1781331464,R_75,36581.1005
1781331466,R_75,36583.3751
1781331468,R_75,36575.8203
1781331470,R_75,36579.6998
1781331472,R_75,36575.5378
1781331474,R_75,36562.8928
1781331476,R_75,36567.7215
1781331478,R_75,36569.1471
1781331480,R_75,36570.2655
1781331482,R_75,36568.3717
1781331484,R_75,36566.1503
1781331486,R_75,36569.2981
1781331488,R_75,36574.1522
1781331490,R_75,36577.7769
1781331492,R_75,36575.0335
1781331494,R_75,36574.3885
1781331496,R_75,36572.9773
1781331498,R_75,36564.105
1781331500,R_75,36569.3163
1781331502,R_75,36565.6219
1781331504,R_75,36565.2418
1781331506,R_75,36564.1666
1781331508,R_75,36552.9495
1781331510,R_75,36553.6111
1781331512,R_75,36553.0777
1781331514,R_75,36543.9366
1781331516,R_75,36548.6126
1781331518,R_75,36547.9816
1781331520,R_75,36540.4254
1781331522,R_75,36560.0046
1781331524,R_75,36558.8107
1781331526,R_75,36553.0468
1781331528,R_75,36548.1595
1781331530,R_75,36543.2788
1781331532,R_75,36544.1852
1781331534,R_75,36547.0658
1781331536,R_75,36535.62
1781331538,R_75,36540.312
1781331540,R_75,36543.0761
1781331542,R_75,36539.6645
1781331544,R_75,36535.3297
1781331546,R_75,36532.4231
1781331548,R_75,36534.378
1781331550,R_75,36535.8286
1781331552,R_75,36525.892
1781331554,R_75,36537.2143
1781331556,R_75,36553.4868
1781331558,R_75,36550.1903
1781331560,R_75,36544.5015
1781331562,R_75,36529.1794
1781331564,R_75,36517.8907
1781331566,R_75,36505.8481
1781331568,R_75,36508.1022
1781331570,R_75,36499.9952
1781331572,R_75,36502.0767
1781331574,R_75,36501.9071
1781331576,R_75,36505.049
1781331578,R_75,36505.578
1781331580,R_75,36514.77
1781331582,R_75,36509.4466
1781331584,R_75,36507.6644
1781331586,R_75,36508.189
1781331588,R_75,36504.6632
1781331590,R_75,36509.2883
1781331592,R_75,36521.8733
1781331594,R_75,36517.4832
1781331596,R_75,36512.2572
1781331598,R_75,36509.4047
1781331600,R_75,36504.387
1781331602,R_75,36514.5375
1781331604,R_75,36515.4407
1781331606,R_75,36515.1892
1781331608,R_75,36521.2393
1781331610,R_75,36534.608
1781331612,R_75,36529.8275
1781331614,R_75,36537.0345
1781331616,R_75,36541.5089
1781331618,R_75,36532.0542
1781331620,R_75,36534.0071
1781331622,R_75,36540.1988
1781331624,R_75,36545.102
1781331626,R_75,36533.3623
1781331628,R_75,36539.6627
1781331630,R_75,36544.9289
1781331632,R_75,36538.0297
1781331634,R_75,36547.3932
1781331636,R_75,36544.5093
1781331638,R_75,36544.4801
1781331640,R_75,36543.4905
1781331642,R_75,36529.5326
1781331644,R_75,36532.8581
1781331646,R_75,36545.4134
1781331648,R_75,36538.771
1781331650,R_75,36544.6481
1781331652,R_75,36557.0447
1781331654,R_75,36556.5411
1781331656,R_75,36557.1273
1781331658,R_75,36554.5184
1781331660,R_75,36545.6061
1781331662,R_75,36548.1117
1781331664,R_75,36558.9993
1781331666,R_75,36556.3358
1781331668,R_75,36560.3094
1781331670,R_75,36562.0964
1781331672,R_75,36563.1769
1781331674,R_75,36566.441
1781331676,R_75,36566.0296
1781331678,R_75,36567.399
1781331680,R_75,36570.7888
1781331682,R_75,36562.256
1781331684,R_75,36554.1229
1781331686,R_75,36547.4191
1781331688,R_75,36545.1678
1781331690,R_75,36551.1361
1781331692,R_75,36544.9784
1781331694,R_75,36551.6422
1781331696,R_75,36562.0607
1781331698,R_75,36550.3171
1781331700,R_75,36556.3066
1781331702,R_75,36562.5871
1781331704,R_75,36557.9582
1781331706,R_75,36554.1178
1781331708,R_75,36558.4739
1781331710,R_75,36559.6727
1781331712,R_75,36564.5859
1781331714,R_75,36559.3408
1781331716,R_75,36555.7503
1781331718,R_75,36556.105
1781331720,R_75,36547.4484
1781331722,R_75,36548.2466
1781331724,R_75,36529.8501
1781331726,R_75,36532.0562
1781331728,R_75,36533.8227
1781331730,R_75,36546.9654
1781331732,R_75,36549.4403
1781331734,R_75,36552.0465
1781331736,R_75,36555.3978
1781331738,R_75,36557.5772
1781331740,R_75,36557.4481
1781331742,R_75,36557.629
1781331744,R_75,36566.0016
1781331746,R_75,36561.16
1781331748,R_75,36569.6817
1781331750,R_75,36578.0645
1781331752,R_75,36570.7071
1781331754,R_75,36575.0236
1781331756,R_75,36582.3949
1781331758,R_75,36580.7248
1781331760,R_75,36584.2447
1781331762,R_75,36585.7705
1781331764,R_75,36592.5593
1781331766,R_75,36600.492
1781331768,R_75,36606.616
1781331770,R_75,36607.1339
1781331772,R_75,36604.2533
1781331774,R_75,36609.2428
1781331776,R_75,36604.5092
1781331778,R_75,36603.4969
1781331780,R_75,36602.564
1781331782,R_75,36608.8749
1781331784,R_75,36612.6598
1781331786,R_75,36608.6087
1781331788,R_75,36619.4986
1781331790,R_75,36622.2194
1781331792,R_75,36615.51
1781331794,R_75,36624.1747
1781331796,R_75,36613.1582
1781331798,R_75,36600.7876
1781331800,R_75,36590.7731
1781331802,R_75,36588.556
1781331804,R_75,36574.4561
1781331806,R_75,36565.7362
1781331808,R_75,36561.3438
1781331810,R_75,36559.4549
1781331812,R_75,36553.2224
1781331814,R_75,36557.8538
1781331816,R_75,36560.9281
1781331818,R_75,36563.9105
1781331820,R_75,36559.8245
1781331822,R_75,36558.5844
1781331824,R_75,36554.4301
1781331826,R_75,36550.0422
1781331828,R_75,36568.6783
1781331830,R_75,36574.6017
1781331832,R_75,36575.5193
1781331834,R_75,36572.8251
1781331836,R_75,36567.4653
1781331838,R_75,36573.8465
1781331840,R_75,36568.1389
1781331842,R_75,36567.3015
1781331844,R_75,36569.738
1781331846,R_75,36566.8957
1781331848,R_75,36564.7969
1781331850,R_75,36575.7727
1781331852,R_75,36586.1667
1781331854,R_75,36594.7215
1781331856,R_75,36595.9094
1781331858,R_75,36579.4524
1781331860,R_75,36576.3054
1781331862,R_75,36585.3075
1781331864,R_75,36598.2403
1781331866,R_75,36617.0591
1781331868,R_75,36616.9021
1781331870,R_75,36629.3506
1781331872,R_75,36636.3948
1781331874,R_75,36648.8332
1781331876,R_75,36654.6095
1781331878,R_75,36660.6627
1781331880,R_75,36663.5823
1781331882,R_75,36664.3461
1781331884,R_75,36657.9075
1781331886,R_75,36659.5259
1781331888,R_75,36671.3335
1781331890,R_75,36674.0628
1781331892,R_75,36682.0894
1781331894,R_75,36686.2154
1781331896,R_75,36688.292
1781331898,R_75,36692.4075
1781331900,R_75,36682.966
1781331902,R_75,36677.2981
1781331904,R_75,36681.7191
1781331906,R_75,36694.8838
1781331908,R_75,36683.9178
1781331910,R_75,36684.9832
1781331912,R_75,36670.1132
1781331914,R_75,36663.9601
1781331916,R_75,36672.8395
1781331918,R_75,36667.1695
1781331920,R_75,36673.826
1781331922,R_75,36683.3926
1781331924,R_75,36685.0708
1781331926,R_75,36684.733
1781331928,R_75,36673.02
1781331930,R_75,36680.6386
1781331932,R_75,36680.0045
1781331934,R_75,36691.5012
1781331936,R_75,36702.0789
1781331938,R_75,36696.3748
1781331940,R_75,36694.1963
1781331942,R_75,36694.171
1781331944,R_75,36690.1918
1781331946,R_75,36692.1132
1781331948,R_75,36697.0922
1781331950,R_75,36699.1925
1781331952,R_75,36703.0666
1781331954,R_75,36700.509
1781331956,R_75,36702.4412
1781331958,R_75,36699.0354
1781331960,R_75,36696.8646
1781331962,R_75,36687.9085
1781331964,R_75,36687.1453
1781331966,R_75,36686.6392
1781331968,R_75,36688.3804
1781331970,R_75,36694.6265
1781331972,R_75,36681.8546
1781331974,R_75,36672.8451
1781331976,R_75,36673.8332
1781331978,R_75,36672.6603
1781331980,R_75,36682.8359
1781331982,R_75,36680.7256
1781331984,R_75,36682.7666
1781331986,R_75,36681.2326
1781331988,R_75,36677.4643
1781331990,R_75,36665.9594
1781331992,R_75,36680.1998
1781331994,R_75,36681.8467
1781331996,R_75,36681.321
1781331998,R_75,36682.6674
1781332000,R_75,36677.8792
1781332002,R_75,36676.657
1781332004,R_75,36671.2421
1781332006,R_75,36672.2535
1781332008,R_75,36674.3657
1781332010,R_75,36669.7307
1781332012,R_75,36673.7317
1781332014,R_75,36669.0331
1781332016,R_75,36667.9506
1781332018,R_75,36659.8629
1781332020,R_75,36651.4394
1781332022,R_75,36651.6125
1781332024,R_75,36647.4968
1781332026,R_75,36635.1621
1781332028,R_75,36626.3449
1781332030,R_75,36630.6396
1781332032,R_75,36628.9251
1781332034,R_75,36630.094
1781332036,R_75,36640.2057
1781332038,R_75,36649.0112
1781332040,R_75,36651.5033
1781332042,R_75,36649.5895
1781332044,R_75,36645.6319
1781332046,R_75,36658.9645
1781332048,R_75,36647.2093
1781332050,R_75,36645.1212
1781332052,R_75,36650.4541
1781332054,R_75,36652.6462
1781332056,R_75,36664.4233
1781332058,R_75,36659.4933
1781332060,R_75,36667.2622
1781332062,R_75,36670.7824
1781332064,R_75,36676.0382
1781332066,R_75,36672.2491
1781332068,R_75,36668.5024
1781332070,R_75,36658.135
1781332072,R_75,36659.8813
1781332074,R_75,36654.954
1781332076,R_75,36663.9277
1781332078,R_75,36670.9673
1781332080,R_75,36669.5446
1781332082,R_75,36665.1039
1781332084,R_75,36669.419
1781332086,R_75,36675.2437
1781332088,R_75,36678.8367
1781332090,R_75,36678.8897
1781332092,R_75,36682.063
1781332094,R_75,36681.1866
1781332096,R_75,36677.248
1781332098,R_75,36674.663
1781332100,R_75,36675.6591
1781332102,R_75,36688.7419
1781332104,R_75,36680.7975
1781332106,R_75,36679.6129
1781332108,R_75,36684.1688
1781332110,R_75,36695.7857
1781332112,R_75,36697.3348
1781332114,R_75,36692.7585
1781332116,R_75,36685.2733
1781332118,R_75,36689.8065
1781332120,R_75,36704.1501
1781332122,R_75,36698.4897
1781332124,R_75,36698.0761
1781332126,R_75,36705.9923
1781332128,R_75,36711.9537
1781332130,R_75,36715.1004
1781332132,R_75,36719.4108
1781332134,R_75,36717.4131
1781332136,R_75,36722.2978
1781332138,R_75,36736.5092
1781332140,R_75,36751.0842
1781332142,R_75,36744.6867
1781332144,R_75,36751.8723
1781332146,R_75,36756.9341
1781332148,R_75,36754.8286
1781332150,R_75,36765.0679
1781332152,R_75,36761.9416
1781332154,R_75,36772.5093
1781332156,R_75,36768.6398
1781332158,R_75,36756.9118
1781332160,R_75,36751.6238
1781332162,R_75,36748.054
1781332164,R_75,36742.881
1781332166,R_75,36742.6227
1781332168,R_75,36745.3511
1781332170,R_75,36744.0897
1781332172,R_75,36738.5067
1781332174,R_75,36738.6099
1781332176,R_75,36725.7792
1781332178,R_75,36715.827
1781332180,R_75,36714.9769
1781332182,R_75,36716.7696
1781332184,R_75,36712.5716
1781332186,R_75,36711.0336
1781332188,R_75,36711.0663
1781332190,R_75,36709.5575
1781332192,R_75,36701.4948
1781332194,R_75,36706.2267
1781332196,R_75,36705.5299
1781332198,R_75,36702.5549
1781332200,R_75,36705.0577
1781332202,R_75,36700.8042
1781332204,R_75,36697.3478
1781332206,R_75,36697.7515
1781332208,R_75,36698.2817
1781332210,R_75,36694.7829
1781332212,R_75,36686.2798
1781332214,R_75,36671.1061
1781332216,R_75,36672.1518
1781332218,R_75,36673.238
1781332220,R_75,36672.5393
1781332222,R_75,36680.1412
1781332224,R_75,36673.901
1781332226,R_75,36668.0676
1781332228,R_75,36673.496
1781332230,R_75,36682.5572
1781332232,R_75,36681.6118
1781332234,R_75,36680.5669
1781332236,R_75,36693.2269
1781332238,R_75,36703.8501
1781332240,R_75,36710.4246
1781332242,R_75,36728.72
1781332244,R_75,36730.6421
1781332246,R_75,36717.7233
1781332248,R_75,36723.9556
1781332250,R_75,36731.0465
1781332252,R_75,36729.0635
1781332254,R_75,36728.4176
1781332256,R_75,36734.6337
1781332258,R_75,36721.5262
1781332260,R_75,36705.8024
1781332262,R_75,36696.0027
1781332264,R_75,36686.9221
1781332266,R_75,36689.8889
1781332268,R_75,36696.7306
1781332270,R_75,36687.287
1781332272,R_75,36684.9689
1781332274,R_75,36687.5499
1781332276,R_75,36694.4266
1781332278,R_75,36695.8
1781332280,R_75,36703.4646
1781332282,R_75,36708.1599
1781332284,R_75,36699.9755
1781332286,R_75,36693.6196
1781332288,R_75,36691.6416
1781332290,R_75,36700.9117
1781332292,R_75,36700.4556
1781332294,R_75,36700.6696
1781332296,R_75,36700.3877
1781332298,R_75,36696.7217
1781332300,R_75,36683.4817
1781332302,R_75,36679.8583
1781332304,R_75,36670.3319
1781332306,R_75,36668.9581
1781332308,R_75,36670.1385
1781332310,R_75,36669.1749
1781332312,R_75,36661.8836
1781332314,R_75,36677.9071
1781332316,R_75,36676.8615
1781332318,R_75,36674.5619
1781332320,R_75,36675.0567
1781332322,R_75,36670.2189
1781332324,R_75,36672.6263
1781332326,R_75,36667.9574
1781332328,R_75,36664.0078
1781332330,R_75,36669.0978
1781332332,R_75,36659.1097
1781332334,R_75,36656.5449
1781332336,R_75,36655.0245
1781332338,R_75,36653.9099
1781332340,R_75,36645.3757
1781332342,R_75,36643.1095
1781332344,R_75,36640.676
1781332346,R_75,36649.245
1781332348,R_75,36660.8711
1781332350,R_75,36667.9538
1781332352,R_75,36671.0648
1781332354,R_75,36668.0991
1781332356,R_75,36661.1187
1781332358,R_75,36665.5135
1781332360,R_75,36669.3065
1781332362,R_75,36674.9456
1781332364,R_75,36660.0893
1781332366,R_75,36664.6008
1781332368,R_75,36672.4773
1781332370,R_75,36672.7019
1781332372,R_75,36679.1175
1781332374,R_75,36689.4005
1781332376,R_75,36700.1674
1781332378,R_75,36697.6832
1781332380,R_75,36692.3734
1781332382,R_75,36695.0912
1781332384,R_75,36690.5788
1781332386,R_75,36686.4928
1781332388,R_75,36668.7008
1781332390,R_75,36647.7608
1781332392,R_75,36638.2012
1781332394,R_75,36641.93
1781332396,R_75,36633.1957
1781332398,R_75,36632.1153
1781332400,R_75,36633.6703
1781332402,R_75,36644.8488
1781332404,R_75,36639.4981
1781332406,R_75,36634.6425
1781332408,R_75,36618.5554
1781332410,R_75,36620.7275
1781332412,R_75,36617.7111
1781332414,R_75,36617.7181
1781332416,R_75,36613.7787
1781332418,R_75,36623.1719
1781332420,R_75,36622.1128
1781332422,R_75,36621.9454
1781332424,R_75,36615.9084
1781332426,R_75,36614.2228
1781332428,R_75,36610.8191
1781332430,R_75,36612.9031
1781332432,R_75,36611.7295
1781332434,R_75,36619.3887
1781332436,R_75,36630.7287
1781332438,R_75,36628.8191
1781332440,R_75,36641.0096
1781332442,R_75,36643.158
1781332444,R_75,36652.3062
1781332446,R_75,36650.1327
1781332448,R_75,36653.4569
1781332450,R_75,36669.097
1781332452,R_75,36671.9524
1781332454,R_75,36673.6077
1781332456,R_75,36677.0768
1781332458,R_75,36677.1884
1781332460,R_75,36676.8639
1781332462,R_75,36685.6271
1781332464,R_75,36685.5298
1781332466,R_75,36685.2416
1781332468,R_75,36679.9794
1781332470,R_75,36685.3483
1781332472,R_75,36691.8165
1781332474,R_75,36700.4385
1781332476,R_75,36696.7916
1781332478,R_75,36697.4868
1781332480,R_75,36709.1999
1781332482,R_75,36718.2683
1781332484,R_75,36721.6183
1781332486,R_75,36718.0406
1781332488,R_75,36716.9684
1781332490,R_75,36711.7306
1781332492,R_75,36708.9333
1781332494,R_75,36706.5615
1781332496,R_75,36709.3758
1781332498,R_75,36709.71
1781332500,R_75,36698.0642
1781332502,R_75,36696.485
1781332504,R_75,36686.4384
1781332506,R_75,36691.1415
1781332508,R_75,36691.2451
1781332510,R_75,36695.5672
1781332512,R_75,36690.4931
1781332514,R_75,36678.6622
1781332516,R_75,36689.1212
1781332518,R_75,36680.3417
1781332520,R_75,36673.9808
1781332522,R_75,36677.9765
1781332524,R_75,36682.2775
1781332526,R_75,36673.3379
1781332528,R_75,36679.8471
1781332530,R_75,36666.649
1781332532,R_75,36671.1326
1781332534,R_75,36671.9415
1781332536,R_75,36675.9587
1781332538,R_75,36678.7191
1781332540,R_75,36685.4241
1781332542,R_75,36684.8533
1781332544,R_75,36687.7259
1781332546,R_75,36695.9662
1781332548,R_75,36697.8381
1781332550,R_75,36691.3836
1781332552,R_75,36704.5007
1781332554,R_75,36694.8057
1781332556,R_75,36693.1365
1781332558,R_75,36694.2847
1781332560,R_75,36690.9334
1781332562,R_75,36684.1077
1781332564,R_75,36678.5111
1781332566,R_75,36676.1029
1781332568,R_75,36676.6896
1781332570,R_75,36676.8443
1781332572,R_75,36673.1528
1781332574,R_75,36675.2614
1781332576,R_75,36673.1482
1781332578,R_75,36676.405
1781332580,R_75,36677.6611
1781332582,R_75,36684.3189
1781332584,R_75,36682.3584
1781332586,R_75,36672.1193
1781332588,R_75,36672.1341
1781332590,R_75,36666.7987
1781332592,R_75,36663.866
1781332594,R_75,36653.0682
1781332596,R_75,36643.212
1781332598,R_75,36633.6095
1781332600,R_75,36624.1038
1781332602,R_75,36626.1456
1781332604,R_75,36622.2056
1781332606,R_75,36623.5013
1781332608,R_75,36620.146
1781332610,R_75,36614.0197
1781332612,R_75,36608.8551
1781332614,R_75,36601.7853
1781332616,R_75,36599.7886
1781332618,R_75,36591.4762
1781332620,R_75,36599.7842
1781332622,R_75,36597.2469
1781332624,R_75,36595.4986
1781332626,R_75,36582.2051
1781332628,R_75,36580.0866
1781332630,R_75,36574.343
1781332632,R_75,36574.4527
1781332634,R_75,36570.0847
1781332636,R_75,36579.7061
1781332638,R_75,36587.4425
1781332640,R_75,36589.095
1781332642,R_75,36575.9726
1781332644,R_75,36573.2108
1781332646,R_75,36583.5448
1781332648,R_75,36587.0207
1781332650,R_75,36590.9896
1781332652,R_75,36591.1032
1781332654,R_75,36592.8172
1781332656,R_75,36596.9729
1781332658,R_75,36602.311
1781332660,R_75,36599.5571
1781332662,R_75,36601.43
1781332664,R_75,36604.1754
1781332666,R_75,36611.5882
1781332668,R_75,36609.7964
1781332670,R_75,36618.721
1781332672,R_75,36618.5996
1781332674,R_75,36626.5221
1781332676,R_75,36635.6437
1781332678,R_75,36628.3289
1781332680,R_75,36637.9458
1781332682,R_75,36626.9832
1781332684,R_75,36632.3729
1781332686,R_75,36628.4834
1781332688,R_75,36622.2354
1781332690,R_75,36637.7976
1781332692,R_75,36633.8653
1781332694,R_75,36630.7109
1781332696,R_75,36631.7857
1781332698,R_75,36638.1698
1781332700,R_75,36638.5484
1781332702,R_75,36641.0007
1781332704,R_75,36636.0147
1781332706,R_75,36638.0914
1781332708,R_75,36640.0144
1781332710,R_75,36647.0506
1781332712,R_75,36653.9259
1781332714,R_75,36653.7141
1781332716,R_75,36661.8433
1781332718,R_75,36657.7089
1781332720,R_75,36651.0302
1781332722,R_75,36639.7954
1781332724,R_75,36632.1285
1781332726,R_75,36638.0052
1781332728,R_75,36638.7087
1781332730,R_75,36633.9706
1781332732,R_75,36643.9195
1781332734,R_75,36648.7135
1781332736,R_75,36657.0394
1781332738,R_75,36662.357
1781332740,R_75,36654.12
1781332742,R_75,36650.6385
1781332744,R_75,36659.0946
1781332746,R_75,36668.4852
1781332748,R_75,36662.2875
1781332750,R_75,36668.705
1781332752,R_75,36676.6525
1781332754,R_75,36686.0042
1781332756,R_75,36692.7856
1781332758,R_75,36687.4643
1781332760,R_75,36689.8555
1781332762,R_75,36698.3326
1781332764,R_75,36691.4179
1781332766,R_75,36693.1518
1781332768,R_75,36694.1145
1781332770,R_75,36685.4324
1781332772,R_75,36670.2549
1781332774,R_75,36678.6023
1781332776,R_75,36669.9225
1781332778,R_75,36674.2461
1781332780,R_75,36681.0033
1781332782,R_75,36691.9958
1781332784,R_75,36694.2458
1781332786,R_75,36695.2253
1781332788,R_75,36696.9765
1781332790,R_75,36702.2873
1781332792,R_75,36715.4559
1781332794,R_75,36715.3838
1781332796,R_75,36723.9389
1781332798,R_75,36716.6791
1781332800,R_75,36718.6794
1781332802,R_75,36714.4439
1781332804,R_75,36718.0675
1781332806,R_75,36706.454
1781332808,R_75,36699.9095
1781332810,R_75,36694.9697
1781332812,R_75,36693.7317
1781332814,R_75,36703.3965
1781332816,R_75,36703.4428
1781332818,R_75,36692.0396
1781332820,R_75,36687.18
1781332822,R_75,36685.5254
1781332824,R_75,36686.2322
1781332826,R_75,36692.3595
1781332828,R_75,36692.2391
1781332830,R_75,36693.8615
1781332832,R_75,36695.0376
1781332834,R_75,36693.5649
1781332836,R_75,36686.9484
1781332838,R_75,36682.1108
1781332840,R_75,36677.748
1781332842,R_75,36681.4351
1781332844,R_75,36679.3156
1781332846,R_75,36695.8253
1781332848,R_75,36701.2424
1781332850,R_75,36707.6897
1781332852,R_75,36699.3627
1781332854,R_75,36703.6768
1781332856,R_75,36703.4455
1781332858,R_75,36704.4648
1781332860,R_75,36703.4313
1781332862,R_75,36700.5773
1781332864,R_75,36698.8508
1781332866,R_75,36697.909
1781332868,R_75,36691.1295
1781332870,R_75,36678.9807
1781332872,R_75,36672.6342
1781332874,R_75,36665.9595
1781332876,R_75,36673.843
1781332878,R_75,36672.1638
1781332880,R_75,36671.1705
1781332882,R_75,36673.269
1781332884,R_75,36669.2122
1781332886,R_75,36678.0674
1781332888,R_75,36667.4445
1781332890,R_75,36663.8187
1781332892,R_75,36664.6062
1781332894,R_75,36657.7237
1781332896,R_75,36656.6746
1781332898,R_75,36656.8617
1781332900,R_75,36643.9476
1781332902,R_75,36645.2941
1781332904,R_75,36643.0906
1781332906,R_75,36648.4214
1781332908,R_75,36648.1134
1781332910,R_75,36648.5319
1781332912,R_75,36660.8064
1781332914,R_75,36673.5963
1781332916,R_75,36673.3317
1781332918,R_75,36668.0954
1781332920,R_75,36672.2226
1781332922,R_75,36669.6343
1781332924,R_75,36667.6084
1781332926,R_75,36667.836
1781332928,R_75,36663.9753
1781332930,R_75,36656.0973
1781332932,R_75,36652.4203
1781332934,R_75,36654.1839
1781332936,R_75,36646.828
1781332938,R_75,36653.4452
1781332940,R_75,36652.0771
1781332942,R_75,36652.2587
1781332944,R_75,36648.5179
1781332946,R_75,36649.8998
1781332948,R_75,36653.466
1781332950,R_75,36647.5153
1781332952,R_75,36635.9891
1781332954,R_75,36622.6157
1781332956,R_75,36630.4971
1781332958,R_75,36632.467
1781332960,R_75,36635.4083
1781332962,R_75,36636.7785
1781332964,R_75,36643.2
1781332966,R_75,36640.7418
1781332968,R_75,36638.5939
1781332970,R_75,36649.2055
1781332972,R_75,36647.8361
1781332974,R_75,36638.2979
1781332976,R_75,36629.2246
1781332978,R_75,36621.4568
1781332980,R_75,36635.9703
1781332982,R_75,36650.0208
1781332984,R_75,36642.5858
1781332986,R_75,36640.9329
1781332988,R_75,36638.215
1781332990,R_75,36643.3002
1781332992,R_75,36643.5256
1781332994,R_75,36661.9052
1781332996,R_75,36673.7042
1781332998,R_75,36677.5286
1781333000,R_75,36675.3145
1781333002,R_75,36673.0027
1781333004,R_75,36681.774
1781333006,R_75,36682.8031
1781333008,R_75,36678.9482
1781333010,R_75,36671.3171
1781333012,R_75,36674.6432
1781333014,R_75,36677.8402
1781333016,R_75,36676.2992
1781333018,R_75,36663.0236
1781333020,R_75,36675.8404
1781333022,R_75,36679.8537
1781333024,R_75,36688.2086
1781333026,R_75,36698.4353
1781333028,R_75,36700.0414
1781333030,R_75,36703.4
1781333032,R_75,36702.2386
1781333034,R_75,36688.9134
1781333036,R_75,36694.2723
1781333038,R_75,36703.9571
1781333040,R_75,36688.2448
1781333042,R_75,36681.8668
1781333044,R_75,36683.0343
1781333046,R_75,36676.3897
1781333048,R_75,36676.4106
1781333050,R_75,36689.6236
1781333052,R_75,36686.5042
1781333054,R_75,36687.5869
1781333056,R_75,36691.4312
1781333058,R_75,36687.9094
1781333060,R_75,36696.3974
1781333062,R_75,36693.939
1781333064,R_75,36711.8999
1781333066,R_75,36713.0501
1781333068,R_75,36711.7004
1781333070,R_75,36705.8891
1781333072,R_75,36704.8384
1781333074,R_75,36718.6148
1781333076,R_75,36721.1052
1781333078,R_75,36716.2053
1781333080,R_75,36724.5709
1781333082,R_75,36733.0979
1781333084,R_75,36724.9487
1781333086,R_75,36734.3367
1781333088,R_75,36724.6918
1781333090,R_75,36720.2265
1781333092,R_75,36714.991
1781333094,R_75,36716.9702
1781333096,R_75,36715.5713
1781333098,R_75,36725.3446
1781333100,R_75,36712.6647
1781333102,R_75,36719.3712
1781333104,R_75,36726.9898
1781333106,R_75,36728.6688
1781333108,R_75,36735.5351
1781333110,R_75,36734.3509
1781333112,R_75,36732.5946
1781333114,R_75,36734.0681
1781333116,R_75,36735.2837
1781333118,R_75,36738.4536
1781333120,R_75,36729.1643
1781333122,R_75,36739.7109
1781333124,R_75,36745.4856
1781333126,R_75,36744.2277
1781333128,R_75,36728.7577
1781333130,R_75,36736.3196
1781333132,R_75,36737.8773
1781333134,R_75,36732.4803
1781333136,R_75,36745.0067
1781333138,R_75,36735.522
1781333140,R_75,36738.8775
1781333142,R_75,36728.5972
1781333144,R_75,36737.3281
1781333146,R_75,36745.6258
1781333148,R_75,36747.105
1781333150,R_75,36744.6203
1781333152,R_75,36748.6393
1781333154,R_75,36738.0779
1781333156,R_75,36739.8761
1781333158,R_75,36747.6875
1781333160,R_75,36746.3718
1781333162,R_75,36740.5604
1781333164,R_75,36764.4494
1781333166,R_75,36765.7582
1781333168,R_75,36763.5792
1781333170,R_75,36760.5113
1781333172,R_75,36759.2105
1781333174,R_75,36764.377
1781333176,R_75,36768.706
1781333178,R_75,36782.9036
1781333180,R_75,36788.585
1781333182,R_75,36785.2574
1781333184,R_75,36782.9982
1781333186,R_75,36778.7773
1781333188,R_75,36771.5141
1781333190,R_75,36768.9396
1781333192,R_75,36767.9031
1781333194,R_75,36768.9045
1781333196,R_75,36753.5695
1781333198,R_75,36746.6052
1781333200,R_75,36733.281
1781333202,R_75,36728.4352
1781333204,R_75,36721.1233
1781333206,R_75,36713.2736
1781333208,R_75,36711.1453
1781333210,R_75,36704.7184
1781333212,R_75,36701.5807
1781333214,R_75,36700.5904
1781333216,R_75,36696.866
1781333218,R_75,36705.1676
1781333220,R_75,36709.6209
1781333222,R_75,36706.5023
1781333224,R_75,36714.3225
1781333226,R_75,36706.0827
1781333228,R_75,36693.2351
1781333230,R_75,36696.2384
1781333232,R_75,36690.0169
1781333234,R_75,36678.5776
1781333236,R_75,36675.8912
1781333238,R_75,36676.6756
1781333240,R_75,36672.2294
1781333242,R_75,36663.4528
1781333244,R_75,36665.5037
1781333246,R_75,36667.8724
1781333248,R_75,36663.9367
1781333250,R_75,36666.7327
1781333252,R_75,36667.785
1781333254,R_75,36659.7074
1781333256,R_75,36662.073
1781333258,R_75,36657.2581
1781333260,R_75,36657.4494
1781333262,R_75,36651.2023
1781333264,R_75,36650.4998
1781333266,R_75,36658.9298
1781333268,R_75,36660.4348
1781333270,R_75,36666.6226
1781333272,R_75,36665.5072
1781333274,R_75,36664.3762
1781333276,R_75,36669.6327
1781333278,R_75,36669.0338
1781333280,R_75,36665.2022
1781333282,R_75,36662.9532
1781333284,R_75,36655.6995
1781333286,R_75,36654.0846
1781333288,R_75,36651.2101
1781333290,R_75,36648.9163
1781333292,R_75,36653.3374
1781333294,R_75,36652.4153
1781333296,R_75,36659.9036
1781333298,R_75,36647.4525
1781333300,R_75,36649.988
1781333302,R_75,36647.1742
1781333304,R_75,36645.2439
1781333306,R_75,36640.8989
1781333308,R_75,36644.0366
1781333310,R_75,36636.3662
1781333312,R_75,36622.7244
1781333314,R_75,36608.8477
1781333316,R_75,36606.3452
1781333318,R_75,36605.0407
1781333320,R_75,36600.4219
1781333322,R_75,36595.0287
1781333324,R_75,36593.7646
1781333326,R_75,36596.5418
1781333328,R_75,36610.7822
1781333330,R_75,36612.6861
1781333332,R_75,36603.6061
1781333334,R_75,36607.1037
1781333336,R_75,36614.3322
1781333338,R_75,36621.0247
1781333340,R_75,36608.7383
1781333342,R_75,36610.6587
1781333344,R_75,36607.897
1781333346,R_75,36619.7823
1781333348,R_75,36619.226
1781333350,R_75,36623.8471
1781333352,R_75,36621.1584
1781333354,R_75,36624.9626
1781333356,R_75,36626.5917
1781333358,R_75,36616.2972
1781333360,R_75,36621.7509
1781333362,R_75,36627.4081
1781333364,R_75,36630.2204
1781333366,R_75,36622.1951
1781333368,R_75,36630.7854
1781333370,R_75,36628.2689
1781333372,R_75,36629.9818
1781333374,R_75,36627.5358
1781333376,R_75,36631.2652
1781333378,R_75,36627.2557
1781333380,R_75,36616.8192
1781333382,R_75,36611.8927
1781333384,R_75,36623.327
1781333386,R_75,36622.1627
1781333388,R_75,36623.7112
1781333390,R_75,36615.1471
1781333392,R_75,36608.2892
1781333394,R_75,36606.3174
1781333396,R_75,36593.806
1781333398,R_75,36589.8451
1781333400,R_75,36583.903
1781333402,R_75,36586.7448
1781333404,R_75,36574.7737
1781333406,R_75,36576.5155
1781333408,R_75,36584.8251
1781333410,R_75,36588.8294
1781333412,R_75,36579.3687
1781333414,R_75,36573.8936
1781333416,R_75,36575.431
1781333418,R_75,36580.7798
1781333420,R_75,36575.7622
1781333422,R_75,36589.7031
1781333424,R_75,36579.5624
1781333426,R_75,36580.3064
1781333428,R_75,36595.1684
1781333430,R_75,36591.9462
1781333432,R_75,36584.1592
1781333434,R_75,36590.1815
1781333436,R_75,36584.2409
1781333438,R_75,36586.8827
1781333440,R_75,36602.6086
1781333442,R_75,36600.7065
1781333444,R_75,36598.4187
1781333446,R_75,36595.7078
1781333448,R_75,36598.5715
1781333450,R_75,36597.3826
1781333452,R_75,36598.2598
1781333454,R_75,36597.8986
1781333456,R_75,36600.3894
1781333458,R_75,36599.6917
1781333460,R_75,36591.3519
1781333462,R_75,36592.6923
1781333464,R_75,36584.5608
1781333466,R_75,36584.9206
1781333468,R_75,36595.2243
1781333470,R_75,36602.8562
1781333472,R_75,36600.3384
1781333474,R_75,36608.9146
1781333476,R_75,36607.6885
1781333478,R_75,36612.8994
1781333480,R_75,36614.1428
1781333482,R_75,36616.3969
1781333484,R_75,36629.6125
1781333486,R_75,36622.9565
1781333488,R_75,36628.2451
1781333490,R_75,36629.2005
1781333492,R_75,36625.9988
1781333494,R_75,36625.0117
1781333496,R_75,36624.3527
1781333498,R_75,36628.648
1781333500,R_75,36628.1344
1781333502,R_75,36622.8808
1781333504,R_75,36612.6255
1781333506,R_75,36605.5719
1781333508,R_75,36611.466
1781333510,R_75,36608.0411
1781333512,R_75,36603.8055
1781333514,R_75,36602.2966
1781333516,R_75,36599.2702
1781333518,R_75,36598.3949
1781333520,R_75,36593.2767
1781333522,R_75,36591.6237
1781333524,R_75,36594.1092
1781333526,R_75,36594.1501
1781333528,R_75,36608.379
1781333530,R_75,36604.9667
1781333532,R_75,36614.9694
1781333534,R_75,36619.5808
1781333536,R_75,36625.542
1781333538,R_75,36625.2795
1781333540,R_75,36631.9969
1781333542,R_75,36636.1118
1781333544,R_75,36647.922
1781333546,R_75,36646.1073
1781333548,R_75,36647.0506
1781333550,R_75,36640.324
1781333552,R_75,36641.2838
1781333554,R_75,36629.7035
1781333556,R_75,36642.7723
1781333558,R_75,36647.221
1781333560,R_75,36649.7157
1781333562,R_75,36647.6611
1781333564,R_75,36647.9129
1781333566,R_75,36648.9034
1781333568,R_75,36642.2972
1781333570,R_75,36644.9861
1781333572,R_75,36645.8979
1781333574,R_75,36637.1951
1781333576,R_75,36631.2387
1781333578,R_75,36619.2636
1781333580,R_75,36621.7722
1781333582,R_75,36623.2461
1781333584,R_75,36617.912
1781333586,R_75,36623.7628
1781333588,R_75,36618.0352
1781333590,R_75,36616.7252
1781333592,R_75,36608.7977
1781333594,R_75,36611.1183
1781333596,R_75,36619.2261
1781333598,R_75,36623.1045
1781333600,R_75,36627.145
1781333602,R_75,36623.6678
1781333604,R_75,36628.0853
1781333606,R_75,36632.7892
1781333608,R_75,36624.3068
1781333610,R_75,36616.9117
1781333612,R_75,36634.8364
1781333614,R_75,36632.6759
1781333616,R_75,36635.0826
1781333618,R_75,36628.9849
1781333620,R_75,36628.8605
1781333622,R_75,36622.2593
1781333624,R_75,36605.038
1781333626,R_75,36618.88
1781333628,R_75,36619.4389
1781333630,R_75,36619.6174
1781333632,R_75,36627.0735
1781333634,R_75,36634.4373
1781333636,R_75,36638.9554
1781333638,R_75,36641.1078
1781333640,R_75,36644.9043
1781333642,R_75,36635.8149
1781333644,R_75,36642.8175
1781333646,R_75,36632.2434
1781333648,R_75,36618.546
1781333650,R_75,36611.6086
1781333652,R_75,36619.8871
1781333654,R_75,36621.2891
1781333656,R_75,36621.3153
1781333658,R_75,36614.2487
1781333660,R_75,36611.3462
1781333662,R_75,36619.9458
1781333664,R_75,36617.8356
1781333666,R_75,36623.7581
1781333668,R_75,36637.119
1781333670,R_75,36631.6021
1781333672,R_75,36627.8084
1781333674,R_75,36629.3969
1781333676,R_75,36633.3934
1781333678,R_75,36632.6557
1781333680,R_75,36640.1834
1781333682,R_75,36634.236
1781333684,R_75,36633.2456
1781333686,R_75,36646.8283
1781333688,R_75,36660.066
1781333690,R_75,36659.0509
1781333692,R_75,36655.7541
1781333694,R_75,36658.8261
1781333696,R_75,36666.1691
1781333698,R_75,36661.5098
1781333700,R_75,36657.3197
1781333702,R_75,36653.2485
1781333704,R_75,36654.056
1781333706,R_75,36654.0378
1781333708,R_75,36642.4405
1781333710,R_75,36643.422
1781333712,R_75,36654.6308
1781333714,R_75,36654.476
1781333716,R_75,36658.2879
1781333718,R_75,36654.3265
1781333720,R_75,36661.4692
1781333722,R_75,36661.7799
1781333724,R_75,36654.728
1781333726,R_75,36655.5043
1781333728,R_75,36646.2792
1781333730,R_75,36651.5763
1781333732,R_75,36659.1845
1781333734,R_75,36654.1437
1781333736,R_75,36654.4027
1781333738,R_75,36659.648
1781333740,R_75,36661.3219
1781333742,R_75,36648.8454
1781333744,R_75,36658.6223
1781333746,R_75,36648.8572
1781333748,R_75,36657.9613
1781333750,R_75,36671.1342
1781333752,R_75,36679.7082
1781333754,R_75,36689.9759
1781333756,R_75,36685.2692
1781333758,R_75,36686.4731
1781333760,R_75,36687.0311
1781333762,R_75,36704.3851
1781333764,R_75,36714.9749
1781333766,R_75,36714.3918
1781333768,R_75,36713.8593
1781333770,R_75,36710.0839
1781333772,R_75,36701.932
1781333774,R_75,36709.5056
1781333776,R_75,36709.3833
1781333778,R_75,36716.6115
1781333780,R_75,36718.4711
1781333782,R_75,36721.6165
1781333784,R_75,36718.908
1781333786,R_75,36718.8728
1781333788,R_75,36711.457
1781333790,R_75,36711.2472
1781333792,R_75,36701.9149
1781333794,R_75,36706.3739
1781333796,R_75,36713.0311
1781333798,R_75,36709.1219
1781333800,R_75,36719.277
1781333802,R_75,36715.8179
1781333804,R_75,36710.8533
1781333806,R_75,36716.5082
1781333808,R_75,36725.7765
1781333810,R_75,36717.946
1781333812,R_75,36715.6072
1781333814,R_75,36725.8206
1781333816,R_75,36737.0187
1781333818,R_75,36743.5852
1781333820,R_75,36730.7844
1781333822,R_75,36742.3744
1781333824,R_75,36747.6389
1781333826,R_75,36743.3685
1781333828,R_75,36740.8801
1781333830,R_75,36741.56
1781333832,R_75,36743.6179
1781333834,R_75,36739.5231
1781333836,R_75,36750.9287
1781333838,R_75,36765.0916
1781333840,R_75,36755.7899
1781333842,R_75,36752.3172
1781333844,R_75,36742.3588
1781333846,R_75,36745.1901
1781333848,R_75,36747.7193
1781333850,R_75,36750.9143
1781333852,R_75,36744.5902
1781333854,R_75,36734.2878
1781333856,R_75,36731.8143
1781333858,R_75,36740.6278
1781333860,R_75,36749.4292
1781333862,R_75,36753.6249
1781333864,R_75,36748.1908
1781333866,R_75,36755.8047
1781333868,R_75,36744.8679
1781333870,R_75,36749.865
1781333872,R_75,36751.8433
1781333874,R_75,36751.4659
1781333876,R_75,36743.8362
1781333878,R_75,36728.7055
1781333880,R_75,36730.8547
1781333882,R_75,36711.0126
1781333884,R_75,36715.3868
1781333886,R_75,36714.5834
1781333888,R_75,36712.9085
1781333890,R_75,36719.9693
1781333892,R_75,36712.9573
1781333894,R_75,36706.8102
1781333896,R_75,36717.6628
1781333898,R_75,36727.0051
1781333900,R_75,36727.8607
1781333902,R_75,36740.8015
1781333904,R_75,36741.1258
1781333906,R_75,36748.8639
1781333908,R_75,36751.8542
1781333910,R_75,36746.2119
1781333912,R_75,36737.9825
1781333914,R_75,36725.1787
1781333916,R_75,36727.014
1781333918,R_75,36734.9969
1781333920,R_75,36732.9306
1781333922,R_75,36740.5426
1781333924,R_75,36746.7284
1781333926,R_75,36735.7094
1781333928,R_75,36734.6745
1781333930,R_75,36723.7925
1781333932,R_75,36716.5674
1781333934,R_75,36722.0557
1781333936,R_75,36741.4159
1781333938,R_75,36740.9823
1781333940,R_75,36742.4727
1781333942,R_75,36736.0129
1781333944,R_75,36731.4994
1781333946,R_75,36731.3066
1781333948,R_75,36717.0776
1781333950,R_75,36711.3378
1781333952,R_75,36707.4294
1781333954,R_75,36714.1009
1781333956,R_75,36710.0633
1781333958,R_75,36717.816
1781333960,R_75,36707.9123
1781333962,R_75,36720.8648
1781333964,R_75,36720.0046
1781333966,R_75,36722.2982
1781333968,R_75,36722.6795
1781333970,R_75,36716.3597
1781333972,R_75,36723.8385
1781333974,R_75,36724.9036
1781333976,R_75,36722.8317
1781333978,R_75,36733.126
1781333980,R_75,36730.2275
1781333982,R_75,36732.0953
1781333984,R_75,36731.4131
1781333986,R_75,36730.6173
1781333988,R_75,36731.7074
1781333990,R_75,36724.0804
1781333992,R_75,36725.2804
1781333994,R_75,36722.251
1781333996,R_75,36727.5948
1781333998,R_75,36721.7806
1781334000,R_75,36724.6114
1781334002,R_75,36726.4263
1781334004,R_75,36723.4439
1781334006,R_75,36717.802
1781334008,R_75,36721.8628
1781334010,R_75,36721.435
1781334012,R_75,36711.8226
1781334014,R_75,36715.2134
1781334016,R_75,36721.4892
1781334018,R_75,36707.559
1781334020,R_75,36706.5803
1781334022,R_75,36714.4489
1781334024,R_75,36715.2803
1781334026,R_75,36698.806
1781334028,R_75,36699.6358
1781334030,R_75,36695.2131
1781334032,R_75,36694.3992
1781334034,R_75,36677.7993
1781334036,R_75,36674.4506
1781334038,R_75,36667.186
1781334040,R_75,36678.8943
1781334042,R_75,36679.2845
1781334044,R_75,36685.5744
1781334046,R_75,36676.361
1781334048,R_75,36685.7684
1781334050,R_75,36690.0018
1781334052,R_75,36695.2751
1781334054,R_75,36679.9563
1781334056,R_75,36678.2205
1781334058,R_75,36679.5709
1781334060,R_75,36682.0897
1781334062,R_75,36676.8217
1781334064,R_75,36663.9772
1781334066,R_75,36664.3874
1781334068,R_75,36665.0492
1781334070,R_75,36659.5254
1781334072,R_75,36657.0603
1781334074,R_75,36655.5265
1781334076,R_75,36651.4751
1781334078,R_75,36643.0094
1781334080,R_75,36632.2547
1781334082,R_75,36635.2782
1781334084,R_75,36624.851
1781334086,R_75,36617.3619
1781334088,R_75,36611.3524
1781334090,R_75,36613.1941
1781334092,R_75,36616.3519
1781334094,R_75,36622.2626
1781334096,R_75,36629.3636
1781334098,R_75,36630.2367
1781334100,R_75,36631.8709
1781334102,R_75,36640.0174
1781334104,R_75,36648.0373
1781334106,R_75,36654.6179
1781334108,R_75,36646.4523
1781334110,R_75,36645.2271
1781334112,R_75,36651.142
1781334114,R_75,36664.0161
1781334116,R_75,36656.9741
1781334118,R_75,36667.0314
1781334120,R_75,36683.1195
1781334122,R_75,36675.0106
1781334124,R_75,36676.9249
1781334126,R_75,36669.9109
1781334128,R_75,36672.5223
1781334130,R_75,36667.9529
1781334132,R_75,36669.5953
1781334134,R_75,36663.2858
1781334136,R_75,36673.2007
1781334138,R_75,36670.3237
1781334140,R_75,36673.2713
1781334142,R_75,36669.3247
1781334144,R_75,36676.4801
1781334146,R_75,36671.62
1781334148,R_75,36656.8588
1781334150,R_75,36657.6283
1781334152,R_75,36662.7709
1781334154,R_75,36661.4535
1781334156,R_75,36661.182
1781334158,R_75,36653.6982
1781334160,R_75,36654.8317
1781334162,R_75,36654.4746
1781334164,R_75,36665.8814
1781334166,R_75,36674.5994
1781334168,R_75,36683.2651
1781334170,R_75,36674.4986
1781334172,R_75,36682.4269
1781334174,R_75,36664.4879
1781334176,R_75,36667.4197
1781334178,R_75,36670.2026
1781334180,R_75,36661.6916
1781334182,R_75,36665.7523
1781334184,R_75,36677.2075
1781334186,R_75,36688.8892
1781334188,R_75,36690.0995
1781334190,R_75,36686.8766
1781334192,R_75,36687.4242
1781334194,R_75,36693.4024
1781334196,R_75,36677.033
1781334198,R_75,36680.8402
1781334200,R_75,36684.5398
1781334202,R_75,36674.4667
1781334204,R_75,36688.8603
1781334206,R_75,36696.1648
1781334208,R_75,36696.9629
1781334210,R_75,36700.4829
1781334212,R_75,36687.0476
1781334214,R_75,36697.0039
1781334216,R_75,36706.0281
1781334218,R_75,36711.8675
1781334220,R_75,36710.8303
1781334222,R_75,36715.299
1781334224,R_75,36715.1696
1781334226,R_75,36709.4591
1781334228,R_75,36705.1947
1781334230,R_75,36705.4161
1781334232,R_75,36712.1855
1781334234,R_75,36701.6881
1781334236,R_75,36706.327
1781334238,R_75,36701.6245
1781334240,R_75,36707.7983
1781334242,R_75,36707.3898
1781334244,R_75,36711.693
1781334246,R_75,36713.3038
1781334248,R_75,36704.7116
1781334250,R_75,36699.1009
1781334252,R_75,36705.2951
1781334254,R_75,36718.3286
1781334256,R_75,36706.2501
1781334258,R_75,36704.7541
1781334260,R_75,36697.4933
1781334262,R_75,36699.1569
1781334264,R_75,36699.2469
1781334266,R_75,36695.8756
1781334268,R_75,36699.176
1781334270,R_75,36708.5057
1781334272,R_75,36709.0047
1781334274,R_75,36711.5922
1781334276,R_75,36718.7393
1781334278,R_75,36714.7296
1781334280,R_75,36714.6067
1781334282,R_75,36718.8862
1781334284,R_75,36725.4964
1781334286,R_75,36722.3128
1781334288,R_75,36724.4792
1781334290,R_75,36725.6695
1781334292,R_75,36732.3245
1781334294,R_75,36729.5337
1781334296,R_75,36725.0197
1781334298,R_75,36731.2018
1781334300,R_75,36738.945
1781334302,R_75,36741.2108
1781334304,R_75,36737.0583
1781334306,R_75,36741.6814
1781334308,R_75,36743.5528
1781334310,R_75,36747.5069
1781334312,R_75,36750.8777
1781334314,R_75,36756.024
1781334316,R_75,36755.521
1781334318,R_75,36768.6993
1781334320,R_75,36768.1002
1781334322,R_75,36764.0141
1781334324,R_75,36769.5604
1781334326,R_75,36768.7711
1781334328,R_75,36779.6257
1781334330,R_75,36785.0645
1781334332,R_75,36788.5949
1781334334,R_75,36786.8015
1781334336,R_75,36789.707
1781334338,R_75,36779.6089
1781334340,R_75,36772.9428
1781334342,R_75,36781.4713
1781334344,R_75,36780.1381
1781334346,R_75,36770.8095
1781334348,R_75,36781.4092
1781334350,R_75,36780.0392
1781334352,R_75,36780.4359
1781334354,R_75,36785.8042
1781334356,R_75,36793.4521
1781334358,R_75,36799.778
1781334360,R_75,36804.205
1781334362,R_75,36806.3482
1781334364,R_75,36821.8223
1781334366,R_75,36826.4517
1781334368,R_75,36831.9144
1781334370,R_75,36826.2095
1781334372,R_75,36824.2376
1781334374,R_75,36829.8756
1781334376,R_75,36834.2812
1781334378,R_75,36827.8417
1781334380,R_75,36832.6075
1781334382,R_75,36837.1297
1781334384,R_75,36837.9026
1781334386,R_75,36838.2214
1781334388,R_75,36845.7236
1781334390,R_75,36841.8697
1781334392,R_75,36851.9653
1781334394,R_75,36847.3645
1781334396,R_75,36842.1637
1781334398,R_75,36841.2106
1781334400,R_75,36845.1958
1781334402,R_75,36843.812
1781334404,R_75,36846.2155
1781334406,R_75,36846.4823
1781334408,R_75,36847.4034
1781334410,R_75,36854.3903
1781334412,R_75,36857.0685
1781334414,R_75,36859.9022
1781334416,R_75,36855.4885
1781334418,R_75,36846.9067
1781334420,R_75,36841.5285
1781334422,R_75,36846.0617
1781334424,R_75,36832.3851
1781334426,R_75,36831.8963
1781334428,R_75,36830.2598
1781334430,R_75,36839.7621
1781334432,R_75,36840.3636
1781334434,R_75,36847.8973
1781334436,R_75,36852.3378
1781334438,R_75,36854.4907
1781334440,R_75,36859.8908
1781334442,R_75,36863.8348
1781334444,R_75,36864.4776
1781334446,R_75,36872.8229
1781334448,R_75,36881.4648
1781334450,R_75,36874.5648
1781334452,R_75,36871.5575
1781334454,R_75,36882.734
1781334456,R_75,36891.6589
1781334458,R_75,36885.4969
1781334460,R_75,36893.4708
1781334462,R_75,36894.6438
1781334464,R_75,36891.4954
1781334466,R_75,36903.5756
1781334468,R_75,36911.6077
1781334470,R_75,36920.825
1781334472,R_75,36920.6779
1781334474,R_75,36928.5602
1781334476,R_75,36922.9485
1781334478,R_75,36923.0715
1781334480,R_75,36924.7318
1781334482,R_75,36928.0938
1781334484,R_75,36928.4702
1781334486,R_75,36927.8759
1781334488,R_75,36921.3493
1781334490,R_75,36922.6696
1781334492,R_75,36918.0605
1781334494,R_75,36922.6332
1781334496,R_75,36920.9253
1781334498,R_75,36921.1894
1781334500,R_75,36933.0072
1781334502,R_75,36926.1214
1781334504,R_75,36926.8178
1781334506,R_75,36917.8488
1781334508,R_75,36910.4394
1781334510,R_75,36909.6823
1781334512,R_75,36908.7878
1781334514,R_75,36920.3707
1781334516,R_75,36924.9269
1781334518,R_75,36924.004
1781334520,R_75,36933.0894
1781334522,R_75,36933.4449
1781334524,R_75,36939.0063
1781334526,R_75,36936.6002
1781334528,R_75,36937.898
1781334530,R_75,36929.6209
1781334532,R_75,36927.7199
1781334534,R_75,36919.8646
1781334536,R_75,36913.5631
1781334538,R_75,36911.4242
1781334540,R_75,36916.5169
1781334542,R_75,36921.8827
1781334544,R_75,36913.6786
1781334546,R_75,36918.0384
1781334548,R_75,36922.2565
1781334550,R_75,36913.4752
1781334552,R_75,36926.2305
1781334554,R_75,36920.9365
1781334556,R_75,36920.7904
1781334558,R_75,36921.9005
1781334560,R_75,36918.7049
1781334562,R_75,36917.1854
1781334564,R_75,36924.7601
1781334566,R_75,36932.0635
1781334568,R_75,36938.8519
1781334570,R_75,36935.4801
1781334572,R_75,36931.1771
1781334574,R_75,36924.5875
1781334576,R_75,36929.0327
1781334578,R_75,36932.98
1781334580,R_75,36942.0042
1781334582,R_75,36944.4694
1781334584,R_75,36939.5291
1781334586,R_75,36943.9259
1781334588,R_75,36946.9365
1781334590,R_75,36941.6864
1781334592,R_75,36937.7399
1781334594,R_75,36929.7076
1781334596,R_75,36925.9992
1781334598,R_75,36926.0365
1781334600,R_75,36915.4454
1781334602,R_75,36915.7678
1781334604,R_75,36911.6954
1781334606,R_75,36906.4814
1781334608,R_75,36898.8444
1781334610,R_75,36897.6322
1781334612,R_75,36903.103
1781334614,R_75,36906.8741
1781334616,R_75,36916.717
1781334618,R_75,36915.0073
1781334620,R_75,36918.568
1781334622,R_75,36925.2533
1781334624,R_75,36923.4735
1781334626,R_75,36923.501
1781334628,R_75,36925.1672
1781334630,R_75,36924.3851
1781334632,R_75,36923.5824
1781334634,R_75,36928.0536
1781334636,R_75,36926.4264
1781334638,R_75,36930.6447
1781334640,R_75,36929.8328
1781334642,R_75,36932.5669
1781334644,R_75,36936.3787
1781334646,R_75,36945.7615
1781334648,R_75,36933.5066
1781334650,R_75,36933.4492
1781334652,R_75,36932.2225
1781334654,R_75,36924.9834
1781334656,R_75,36932.3876
1781334658,R_75,36925.1806
1781334660,R_75,36922.8554
1781334662,R_75,36928.489
1781334664,R_75,36919.2248
1781334666,R_75,36922.9286
1781334668,R_75,36925.1412
1781334670,R_75,36926.2217
1781334672,R_75,36913.0093
1781334674,R_75,36918.4058
1781334676,R_75,36913.8498
1781334678,R_75,36920.9708
1781334680,R_75,36923.9754
1781334682,R_75,36925.2465
1781334684,R_75,36920.5266
1781334686,R_75,36912.3396
1781334688,R_75,36900.562
1781334690,R_75,36894.6684
1781334692,R_75,36901.2648
1781334694,R_75,36904.7496
1781334696,R_75,36911.5521
1781334698,R_75,36916.3465
1781334700,R_75,36924.5253
1781334702,R_75,36913.1556
1781334704,R_75,36908.9918
1781334706,R_75,36910.8399
1781334708,R_75,36912.6207
1781334710,R_75,36919.4434
1781334712,R_75,36905.3803
1781334714,R_75,36910.2086
1781334716,R_75,36910.7064
1781334718,R_75,36914.345
1781334720,R_75,36919.7492
1781334722,R_75,36923.2918
1781334724,R_75,36918.5897
1781334726,R_75,36919.9526
1781334728,R_75,36922.7731
1781334730,R_75,36922.638
1781334732,R_75,36923.4015
1781334734,R_75,36912.3199
1781334736,R_75,36916.9761
1781334738,R_75,36913.038
1781334740,R_75,36909.4747
1781334742,R_75,36920.8263
1781334744,R_75,36914.4795
1781334746,R_75,36907.3748
1781334748,R_75,36905.8372
1781334750,R_75,36905.3922
1781334752,R_75,36903.2814
1781334754,R_75,36907.7161
1781334756,R_75,36910.9825
1781334758,R_75,36913.9369
1781334760,R_75,36921.5057
1781334762,R_75,36934.9691
1781334764,R_75,36933.5397
1781334766,R_75,36925.9581
1781334768,R_75,36935.2008
1781334770,R_75,36936.968
1781334772,R_75,36928.7202
1781334774,R_75,36947.563
1781334776,R_75,36954.9908
1781334778,R_75,36954.9787
1781334780,R_75,36952.1645
1781334782,R_75,36950.8082
1781334784,R_75,36942.2813
1781334786,R_75,36944.1587
1781334788,R_75,36958.3968
1781334790,R_75,36964.6737
1781334792,R_75,36953.9364
1781334794,R_75,36956.1011
1781334796,R_75,36950.3761
1781334798,R_75,36933.3011
1781334800,R_75,36926.2742
1781334802,R_75,36929.4415
1781334804,R_75,36940.5972
1781334806,R_75,36949.5182
1781334808,R_75,36953.7948
1781334810,R_75,36965.8381
1781334812,R_75,36964.0799
1781334814,R_75,36959.239
1781334816,R_75,36950.1833
1781334818,R_75,36942.1029
1781334820,R_75,36939.9359
1781334822,R_75,36936.6761
1781334824,R_75,36940.7783
1781334826,R_75,36939.3755
1781334828,R_75,36919.9943
1781334830,R_75,36916.4296
1781334832,R_75,36931.0463
1781334834,R_75,36936.5535
1781334836,R_75,36938.9085
1781334838,R_75,36934.1302
1781334840,R_75,36929.7152
1781334842,R_75,36926.5555
1781334844,R_75,36930.1698
1781334846,R_75,36948.3461
1781334848,R_75,36956.6578
1781334850,R_75,36958.0409
1781334852,R_75,36954.267
1781334854,R_75,36947.6744
1781334856,R_75,36949.9284
1781334858,R_75,36940.1309
1781334860,R_75,36938.0113
1781334862,R_75,36933.1328
1781334864,R_75,36934.4398
1781334866,R_75,36946.5057
1781334868,R_75,36946.9353
1781334870,R_75,36942.9059
1781334872,R_75,36926.5728
1781334874,R_75,36931.308
1781334876,R_75,36949.545
1781334878,R_75,36941.4897
1781334880,R_75,36946.9844
1781334882,R_75,36941.4446
1781334884,R_75,36953.6746
1781334886,R_75,36935.5513
1781334888,R_75,36930.5769
1781334890,R_75,36933.4915
1781334892,R_75,36931.9277
1781334894,R_75,36917.4313
1781334896,R_75,36925.6644
1781334898,R_75,36923.2946
1781334900,R_75,36930.3096
1781334902,R_75,36928.0113
1781334904,R_75,36931.3969
1781334906,R_75,36923.321
1781334908,R_75,36913.6963
1781334910,R_75,36914.0034
1781334912,R_75,36925.0846
1781334914,R_75,36925.7824
1781334916,R_75,36932.636
1781334918,R_75,36922.4791
1781334920,R_75,36926.4283
1781334922,R_75,36937.7052
1781334924,R_75,36942.0886
1781334926,R_75,36947.8234
1781334928,R_75,36939.7038
1781334930,R_75,36936.3211
1781334932,R_75,36936.2219
1781334934,R_75,36931.5218
1781334936,R_75,36928.8577
1781334938,R_75,36939.6368
1781334940,R_75,36941.2437
1781334942,R_75,36944.2427
1781334944,R_75,36957.3371
1781334946,R_75,36947.2547
1781334948,R_75,36938.1574
1781334950,R_75,36941.5561
1781334952,R_75,36947.8043
1781334954,R_75,36936.985
1781334956,R_75,36940.4906
1781334958,R_75,36949.4858
1781334960,R_75,36942.8178
1781334962,R_75,36956.2903
1781334964,R_75,36953.9389
1781334966,R_75,36962.0535
1781334968,R_75,36962.1127
1781334970,R_75,36958.8721
1781334972,R_75,36950.8007
1781334974,R_75,36951.4001
1781334976,R_75,36950.3381
1781334978,R_75,36948.873
1781334980,R_75,36962.9661
1781334982,R_75,36968.2246
1781334984,R_75,36967.9993
1781334986,R_75,36964.1553
1781334988,R_75,36971.5354
1781334990,R_75,36964.8339
1781334992,R_75,36962.5472
1781334994,R_75,36964.0301
1781334996,R_75,36975.853
1781334998,R_75,36968.897
1781335000,R_75,36975.9763
1781335002,R_75,36974.7701
1781335004,R_75,36975.5514
1781335006,R_75,36980.3061
1781335008,R_75,36982.7727
1781335010,R_75,36984.0122
1781335012,R_75,36981.53
1781335014,R_75,36986.1314
1781335016,R_75,36988.6848
1781335018,R_75,36985.2229
1781335020,R_75,36999.9227
1781335022,R_75,37006.8615
1781335024,R_75,37009.8158
1781335026,R_75,36997.2658
1781335028,R_75,37010.777
1781335030,R_75,37008.2844
1781335032,R_75,37004.9412
1781335034,R_75,37007.8809
1781335036,R_75,37001.8276
1781335038,R_75,36997.8382
1781335040,R_75,37003.4865
1781335042,R_75,36999.2178
1781335044,R_75,36990.1851
1781335046,R_75,36991.0625
1781335048,R_75,36986.4729
1781335050,R_75,36984.4222
1781335052,R_75,36975.2797
1781335054,R_75,36976.5269
1781335056,R_75,36979.6579
1781335058,R_75,36983.0004
1781335060,R_75,36973.0146
1781335062,R_75,36988.9858
1781335064,R_75,36996.0315
1781335066,R_75,36999.479
1781335068,R_75,36997.7261
1781335070,R_75,37007.9852
1781335072,R_75,37018.5683
1781335074,R_75,37036.0882
1781335076,R_75,37041.0001
1781335078,R_75,37042.1263
1781335080,R_75,37038.0928
1781335082,R_75,37039.1866
1781335084,R_75,37035.7453
1781335086,R_75,37045.9235
1781335088,R_75,37032.9127
1781335090,R_75,37033.427
1781335092,R_75,37031.2749
1781335094,R_75,37037.6191
1781335096,R_75,37036.4013
1781335098,R_75,37032.5857
1781335100,R_75,37032.2318
1781335102,R_75,37033.9035
1781335104,R_75,37027.9561
1781335106,R_75,37023.889
1781335108,R_75,37025.5362
1781335110,R_75,37021.881
1781335112,R_75,37016.5578
1781335114,R_75,37033.3778
1781335116,R_75,37028.0073
1781335118,R_75,37023.5495
1781335120,R_75,37033.5637
1781335122,R_75,37032.948
1781335124,R_75,37034.9813
1781335126,R_75,37029.9243
1781335128,R_75,37032.6835
1781335130,R_75,37035.2164
1781335132,R_75,37034.2011
1781335134,R_75,37029.5387
1781335136,R_75,37017.1819
1781335138,R_75,37012.0565
1781335140,R_75,37003.2421
1781335142,R_75,37002.3636
1781335144,R_75,37010.7448
1781335146,R_75,37012.3045
1781335148,R_75,37006.3779
1781335150,R_75,37014.3693
1781335152,R_75,37003.8101
1781335154,R_75,36997.5864
1781335156,R_75,36994.7522
1781335158,R_75,37005.1322
1781335160,R_75,37006.0542
1781335162,R_75,37002.7732
1781335164,R_75,37009.5904
1781335166,R_75,37003.8078
1781335168,R_75,37008.4741
1781335170,R_75,37015.8607
1781335172,R_75,37014.3513
1781335174,R_75,37010.3723
1781335176,R_75,37017.7804
1781335178,R_75,37013.4364
1781335180,R_75,37003.6161
1781335182,R_75,36997.3113
1781335184,R_75,37005.0724
1781335186,R_75,37000.7462
1781335188,R_75,36988.466
1781335190,R_75,36992.2048
1781335192,R_75,36991.3025
1781335194,R_75,36989.2214
1781335196,R_75,36986.1468
1781335198,R_75,36985.865
1781335200,R_75,36983.2158
1781335202,R_75,36988.0944
1781335204,R_75,36996.0036
1781335206,R_75,36991.2358
1781335208,R_75,36990.2495
1781335210,R_75,36992.7237
1781335212,R_75,36990.6444
1781335214,R_75,36993.9196
1781335216,R_75,37005.3724
1781335218,R_75,37004.5146
1781335220,R_75,36994.3893
1781335222,R_75,36992.4076
1781335224,R_75,36995.4896
1781335226,R_75,37002.7196
1781335228,R_75,37008.7894
1781335230,R_75,37001.8378
1781335232,R_75,36998.6925
1781335234,R_75,36991.2775
1781335236,R_75,36995.0798
1781335238,R_75,36996.565
1781335240,R_75,36985.5301
1781335242,R_75,36993.3312
1781335244,R_75,36986.1701
1781335246,R_75,36986.2775
1781335248,R_75,36986.0861
1781335250,R_75,36983.1408
1781335252,R_75,36968.9879
1781335254,R_75,36962.8399
1781335256,R_75,36966.5553
1781335258,R_75,36979.3032
1781335260,R_75,36979.1886
1781335262,R_75,36989.0949
1781335264,R_75,36996.114
1781335266,R_75,36995.1554
1781335268,R_75,36979.4832
1781335270,R_75,36964.7101
1781335272,R_75,36963.2801
1781335274,R_75,36958.1147
1781335276,R_75,36958.3388
1781335278,R_75,36966.861
1781335280,R_75,36965.8486
1781335282,R_75,36975.0729
1781335284,R_75,36967.9233
1781335286,R_75,36970.026
1781335288,R_75,36961.7628
1781335290,R_75,36953.3761
1781335292,R_75,36956.1507
1781335294,R_75,36955.9194
1781335296,R_75,36955.5982
1781335298,R_75,36968.3778
1781335300,R_75,36957.5792
1781335302,R_75,36957.1269
1781335304,R_75,36951.8485
1781335306,R_75,36946.0234
1781335308,R_75,36951.7122
1781335310,R_75,36956.6726
1781335312,R_75,36958.0792
1781335314,R_75,36965.4989
1781335316,R_75,36956.4607
1781335318,R_75,36950.8924
1781335320,R_75,36953.1004
1781335322,R_75,36947.6683
1781335324,R_75,36937.9767
1781335326,R_75,36947.9376
1781335328,R_75,36952.7991
1781335330,R_75,36955.0431
1781335332,R_75,36951.2299
1781335334,R_75,36943.2126
1781335336,R_75,36940.9199
1781335338,R_75,36948.5124
1781335340,R_75,36957.5305
1781335342,R_75,36950.912
1781335344,R_75,36947.3582
1781335346,R_75,36949.4726
1781335348,R_75,36958.8705
1781335350,R_75,36952.8038
1781335352,R_75,36953.2642
1781335354,R_75,36960.5064
1781335356,R_75,36946.0182
1781335358,R_75,36950.1584
1781335360,R_75,36949.37
1781335362,R_75,36945.5419
1781335364,R_75,36950.1305
1781335366,R_75,36945.6167
1781335368,R_75,36932.2057
1781335370,R_75,36937.5117
1781335372,R_75,36943.7147
1781335374,R_75,36933.5011
1781335376,R_75,36932.7197
1781335378,R_75,36936.9428
1781335380,R_75,36938.2733
1781335382,R_75,36943.2211
1781335384,R_75,36937.6463
1781335386,R_75,36949.7014
1781335388,R_75,36942.1991
1781335390,R_75,36934.4927
1781335392,R_75,36918.1995
1781335394,R_75,36913.4417
1781335396,R_75,36924.2063
1781335398,R_75,36929.6573
1781335400,R_75,36926.4585
1781335402,R_75,36920.6462
1781335404,R_75,36924.1142
1781335406,R_75,36932.6857
1781335408,R_75,36923.7127
1781335410,R_75,36921.7193
1781335412,R_75,36925.112
1781335414,R_75,36922.9459
1781335416,R_75,36925.586
1781335418,R_75,36927.5063
1781335420,R_75,36910.152
1781335422,R_75,36907.2518
1781335424,R_75,36901.0977
1781335426,R_75,36901.8733
1781335428,R_75,36892.1426
1781335430,R_75,36884.1103
1781335432,R_75,36876.8069
1781335434,R_75,36872.4294
1781335436,R_75,36866.7654
1781335438,R_75,36874.103
1781335440,R_75,36874.4227
1781335442,R_75,36880.793
1781335444,R_75,36874.6976
1781335446,R_75,36873.0428
1781335448,R_75,36872.65
1781335450,R_75,36862.4924
1781335452,R_75,36874.0591
1781335454,R_75,36871.1391
1781335456,R_75,36879.8155
1781335458,R_75,36888.3554
1781335460,R_75,36887.3805
1781335462,R_75,36890.4461
1781335464,R_75,36882.4933
1781335466,R_75,36884.3727
1781335468,R_75,36887.627
1781335470,R_75,36879.1143
1781335472,R_75,36874.0564
1781335474,R_75,36865.5604
1781335476,R_75,36870.2468
1781335478,R_75,36871.6411
1781335480,R_75,36874.3235
1781335482,R_75,36866.4002
1781335484,R_75,36869.663
1781335486,R_75,36862.5639
1781335488,R_75,36878.8396
1781335490,R_75,36890.3226
1781335492,R_75,36896.3856
1781335494,R_75,36899.3557
1781335496,R_75,36902.4437
1781335498,R_75,36895.4764
1781335500,R_75,36894.8874
1781335502,R_75,36895.9462
1781335504,R_75,36895.1064
1781335506,R_75,36893.7615
1781335508,R_75,36898.4883
1781335510,R_75,36893.2365
1781335512,R_75,36892.9472
1781335514,R_75,36900.9986
1781335516,R_75,36911.0996
1781335518,R_75,36898.0945
1781335520,R_75,36885.7414
1781335522,R_75,36879.5614
1781335524,R_75,36878.3085
1781335526,R_75,36881.2515
1781335528,R_75,36872.6725
1781335530,R_75,36876.8049
1781335532,R_75,36868.0774
1781335534,R_75,36860.981
1781335536,R_75,36870.0242
1781335538,R_75,36870.701
1781335540,R_75,36872.7484
1781335542,R_75,36882.0115
1781335544,R_75,36885.2812
1781335546,R_75,36889.351
1781335548,R_75,36909.6833
1781335550,R_75,36909.1094
1781335552,R_75,36907.7133
1781335554,R_75,36918.5619
1781335556,R_75,36922.5312
1781335558,R_75,36913.4776
1781335560,R_75,36928.091
1781335562,R_75,36921.151
1781335564,R_75,36921.8809
1781335566,R_75,36933.0514
1781335568,R_75,36932.1854
1781335570,R_75,36933.4269
1781335572,R_75,36929.9355
1781335574,R_75,36930.6637
1781335576,R_75,36934.8867
1781335578,R_75,36925.8516
1781335580,R_75,36935.9177
1781335582,R_75,36946.7828
1781335584,R_75,36952.271
1781335586,R_75,36947.781
1781335588,R_75,36951.7644
1781335590,R_75,36941.7705
1781335592,R_75,36946.6411
1781335594,R_75,36947.6163
1781335596,R_75,36944.3494
1781335598,R_75,36947.5347
1781335600,R_75,36938.5092
1781335602,R_75,36939.4273
1781335604,R_75,36951.0793
1781335606,R_75,36948.3582
1781335608,R_75,36954.004
1781335610,R_75,36961.9041
1781335612,R_75,36966.8537
1781335614,R_75,36969.7408
1781335616,R_75,36949.9667
1781335618,R_75,36951.453
1781335620,R_75,36945.7326
1781335622,R_75,36947.2745
1781335624,R_75,36933.6469
1781335626,R_75,36932.6465
1781335628,R_75,36932.6227
1781335630,R_75,36939.3533
1781335632,R_75,36945.5431
1781335634,R_75,36940.4297
1781335636,R_75,36957.6063
1781335638,R_75,36944.5342
1781335640,R_75,36936.741
1781335642,R_75,36935.1138
1781335644,R_75,36930.2015
1781335646,R_75,36935.8104
1781335648,R_75,36936.9781
1781335650,R_75,36934.75
1781335652,R_75,36940.0563
1781335654,R_75,36931.6118
1781335656,R_75,36925.724
1781335658,R_75,36919.7706
1781335660,R_75,36927.3445
1781335662,R_75,36932.1622
1781335664,R_75,36930.747
1781335666,R_75,36936.4335
1781335668,R_75,36944.2179
1781335670,R_75,36950.6031
1781335672,R_75,36946.2701
1781335674,R_75,36944.3196
1781335676,R_75,36951.5381
1781335678,R_75,36956.9286
1781335680,R_75,36951.9991
1781335682,R_75,36944.1794
1781335684,R_75,36941.229
1781335686,R_75,36954.5739
1781335688,R_75,36964.8088
1781335690,R_75,36967.7517
1781335692,R_75,36968.4439
1781335694,R_75,36966.2627
1781335696,R_75,36969.9404
1781335698,R_75,36969.1172
1781335700,R_75,36981.8069
1781335702,R_75,36979.507
1781335704,R_75,36979.9221
1781335706,R_75,36973.8927
1781335708,R_75,36966.3481
1781335710,R_75,36973.557
1781335712,R_75,36966.5372
1781335714,R_75,36980.4626
1781335716,R_75,36969.4499
1781335718,R_75,36959.6053
1781335720,R_75,36958.3395
1781335722,R_75,36959.4938
1781335724,R_75,36954.288
1781335726,R_75,36952.6679
1781335728,R_75,36954.6214
1781335730,R_75,36956.5895
1781335732,R_75,36952.8386
1781335734,R_75,36949.0745
1781335736,R_75,36953.1009
1781335738,R_75,36946.614
1781335740,R_75,36941.3038
1781335742,R_75,36941.964
1781335744,R_75,36935.371
1781335746,R_75,36927.6902
1781335748,R_75,36919.0093
1781335750,R_75,36929.0634
1781335752,R_75,36919.2083
1781335754,R_75,36912.7195
1781335756,R_75,36924.0018
1781335758,R_75,36921.2794
1781335760,R_75,36929.6472
1781335762,R_75,36926.2921
1781335764,R_75,36936.0965
1781335766,R_75,36928.3829
1781335768,R_75,36932.6523
1781335770,R_75,36936.8665
1781335772,R_75,36943.0596
1781335774,R_75,36942.3556
1781335776,R_75,36954.0062
1781335778,R_75,36955.9575
1781335780,R_75,36949.8416
1781335782,R_75,36953.2917
1781335784,R_75,36952.7684
1781335786,R_75,36947.2114
1781335788,R_75,36937.699
1781335790,R_75,36930.6871
1781335792,R_75,36927.1029
1781335794,R_75,36928.4813
1781335796,R_75,36920.6858
1781335798,R_75,36918.7594
1781335800,R_75,36925.7399
1781335802,R_75,36933.603
1781335804,R_75,36936.5931
1781335806,R_75,36940.5618
1781335808,R_75,36941.6914
1781335810,R_75,36940.527
1781335812,R_75,36934.0654
1781335814,R_75,36935.3449
1781335816,R_75,36923.514
1781335818,R_75,36920.0616
1781335820,R_75,36927.6905
1781335822,R_75,36917.9093
1781335824,R_75,36916.1111
1781335826,R_75,36902.8545
1781335828,R_75,36896.5832
1781335830,R_75,36898.5965
1781335832,R_75,36894.3889
1781335834,R_75,36887.0036
1781335836,R_75,36892.7387
1781335838,R_75,36893.8677
1781335840,R_75,36892.121
1781335842,R_75,36882.8153
1781335844,R_75,36874.8156
1781335846,R_75,36878.7887
1781335848,R_75,36881.8342
1781335850,R_75,36876.2548
1781335852,R_75,36877.7597
1781335854,R_75,36869.7474
1781335856,R_75,36870.4241
1781335858,R_75,36867.4613
1781335860,R_75,36865.1345
1781335862,R_75,36858.9803
1781335864,R_75,36857.3958
1781335866,R_75,36859.6467
1781335868,R_75,36863.6305
1781335870,R_75,36874.6444
1781335872,R_75,36877.1214
1781335874,R_75,36879.9142
1781335876,R_75,36869.9743
1781335878,R_75,36870.3676
1781335880,R_75,36854.7597
1781335882,R_75,36856.7948
1781335884,R_75,36853.3591
1781335886,R_75,36852.9103
1781335888,R_75,36841.0882
1781335890,R_75,36843.6891
1781335892,R_75,36849.4683
1781335894,R_75,36839.0877
1781335896,R_75,36848.8108
1781335898,R_75,36855.2015
1781335900,R_75,36845.7049
1781335902,R_75,36824.3224
1781335904,R_75,36834.4472
1781335906,R_75,36818.4225
1781335908,R_75,36815.727
1781335910,R_75,36822.6404
1781335912,R_75,36823.9827
1781335914,R_75,36832.6979
1781335916,R_75,36831.9104
1781335918,R_75,36824.2881
1781335920,R_75,36828.7729
1781335922,R_75,36833.4043
1781335924,R_75,36824.5622
1781335926,R_75,36827.9948
1781335928,R_75,36832.0154
1781335930,R_75,36828.4552
1781335932,R_75,36825.5827
1781335934,R_75,36825.5577
1781335936,R_75,36821.2035
1781335938,R_75,36824.838
1781335940,R_75,36816.2242
1781335942,R_75,36816.4394
1781335944,R_75,36813.6327
1781335946,R_75,36824.9689
1781335948,R_75,36823.7667
1781335950,R_75,36819.0629
1781335952,R_75,36822.3976
1781335954,R_75,36820.2867
1781335956,R_75,36819.7953
1781335958,R_75,36817.3964
1781335960,R_75,36832.6219
1781335962,R_75,36835.6674
1781335964,R_75,36828.3777
1781335966,R_75,36831.8026
1781335968,R_75,36834.9452
1781335970,R_75,36834.3078
1781335972,R_75,36838.4179
1781335974,R_75,36835.8759
1781335976,R_75,36837.6471
1781335978,R_75,36836.4637
1781335980,R_75,36842.5613
1781335982,R_75,36850.1681
1781335984,R_75,36847.1268
1781335986,R_75,36840.664
1781335988,R_75,36831.7782
1781335990,R_75,36823.508
1781335992,R_75,36812.0267
1781335994,R_75,36802.0256
1781335996,R_75,36800.7177
1781335998,R_75,36790.0382
1781336000,R_75,36789.7032
1781336002,R_75,36784.2723
1781336004,R_75,36774.9364
1781336006,R_75,36777.4323
1781336008,R_75,36774.4244
1781336010,R_75,36777.036
1781336012,R_75,36765.6374
1781336014,R_75,36764.0585
1781336016,R_75,36772.7323
1781336018,R_75,36761.3587
1781336020,R_75,36748.3464
1781336022,R_75,36749.8234
1781336024,R_75,36757.4667
1781336026,R_75,36755.0022
1781336028,R_75,36759.1939
1781336030,R_75,36753.9219
1781336032,R_75,36747.786
1781336034,R_75,36758.2763
1781336036,R_75,36754.7693
1781336038,R_75,36749.111
1781336040,R_75,36734.5082
1781336042,R_75,36743.7057
1781336044,R_75,36753.7031
1781336046,R_75,36751.7093
1781336048,R_75,36760.5571
1781336050,R_75,36761.9721
1781336052,R_75,36773.0218
1781336054,R_75,36771.5815
1781336056,R_75,36771.2258
1781336058,R_75,36771.4989
1781336060,R_75,36757.5943
1781336062,R_75,36757.4575
1781336064,R_75,36768.7543
1781336066,R_75,36763.113
1781336068,R_75,36766.809
1781336070,R_75,36761.8876
1781336072,R_75,36756.6374
1781336074,R_75,36757.9503
1781336076,R_75,36748.9146
1781336078,R_75,36757.8715
1781336080,R_75,36760.909
1781336082,R_75,36755.2193
1781336084,R_75,36756.3546
1781336086,R_75,36744.3723
1781336088,R_75,36766.2828
1781336090,R_75,36770.2007
1781336092,R_75,36768.3917
1781336094,R_75,36768.6577
1781336096,R_75,36755.3344
1781336098,R_75,36764.505
1781336100,R_75,36758.5792
1781336102,R_75,36755.9182
1781336104,R_75,36751.3469
1781336106,R_75,36765.0516
1781336108,R_75,36777.0034
1781336110,R_75,36768.2973
1781336112,R_75,36750.5989
1781336114,R_75,36751.2806
1781336116,R_75,36744.3604
1781336118,R_75,36742.566
1781336120,R_75,36745.4888
1781336122,R_75,36737.356
1781336124,R_75,36731.3835
1781336126,R_75,36731.3565
1781336128,R_75,36725.5993
1781336130,R_75,36714.4876
1781336132,R_75,36722.438
1781336134,R_75,36715.7583
1781336136,R_75,36711.8186
1781336138,R_75,36695.1313
1781336140,R_75,36684.4224
1781336142,R_75,36682.4368
1781336144,R_75,36669.4115
1781336146,R_75,36683.3307
1781336148,R_75,36684.2269
1781336150,R_75,36678.2601
1781336152,R_75,36677.7385
1781336154,R_75,36678.9812
1781336156,R_75,36676.0547
1781336158,R_75,36666.3805
1781336160,R_75,36669.4508
1781336162,R_75,36663.9469
1781336164,R_75,36668.6697
1781336166,R_75,36679.6515
1781336168,R_75,36669.8497
1781336170,R_75,36669.8588
1781336172,R_75,36672.361
1781336174,R_75,36677.4486
1781336176,R_75,36679.8809
1781336178,R_75,36701.4993
1781336180,R_75,36702.473
1781336182,R_75,36704.4604
1781336184,R_75,36704.2194
1781336186,R_75,36706.5832
1781336188,R_75,36714.8764
1781336190,R_75,36716.6084
1781336192,R_75,36716.1362
1781336194,R_75,36715.9616
1781336196,R_75,36735.4913
1781336198,R_75,36745.6939
1781336200,R_75,36739.6474
1781336202,R_75,36747.7801
1781336204,R_75,36746.5937
1781336206,R_75,36743.5246
1781336208,R_75,36741.8887
1781336210,R_75,36748.7545
1781336212,R_75,36748.329
1781336214,R_75,36744.11
1781336216,R_75,36748.9513
1781336218,R_75,36749.4102
1781336220,R_75,36743.2299
1781336222,R_75,36738.8868
1781336224,R_75,36740.8168
1781336226,R_75,36740.749
1781336228,R_75,36737.8405
1781336230,R_75,36742.5893
1781336232,R_75,36741.9032
1781336234,R_75,36743.4465
1781336236,R_75,36733.6564
1781336238,R_75,36743.1872
1781336240,R_75,36741.8915
1781336242,R_75,36737.7012
1781336244,R_75,36734.016
1781336246,R_75,36731.6639
1781336248,R_75,36723.7862
1781336250,R_75,36714.7357
1781336252,R_75,36715.1164
1781336254,R_75,36721.4868
1781336256,R_75,36721.196
1781336258,R_75,36726.1759
1781336260,R_75,36715.5805
1781336262,R_75,36706.468
1781336264,R_75,36705.8098
1781336266,R_75,36703.7319
1781336268,R_75,36702.7044
1781336270,R_75,36704.401
1781336272,R_75,36703.4954
1781336274,R_75,36713.2708
1781336276,R_75,36714.5251
1781336278,R_75,36705.6277
1781336280,R_75,36713.5986
1781336282,R_75,36710.5983
1781336284,R_75,36720.5249
1781336286,R_75,36717.7903
1781336288,R_75,36714.5173
1781336290,R_75,36705.09
1781336292,R_75,36711.2151
1781336294,R_75,36714.1394
1781336296,R_75,36718.6289
1781336298,R_75,36719.5992
1781336300,R_75,36706.2302
1781336302,R_75,36706.1933
1781336304,R_75,36714.2653
1781336306,R_75,36711.165
1781336308,R_75,36704.7875
1781336310,R_75,36706.8205
1781336312,R_75,36711.8898
1781336314,R_75,36725.5317
1781336316,R_75,36720.8818
1781336318,R_75,36724.4662
1781336320,R_75,36720.0744
1781336322,R_75,36730.8642
1781336324,R_75,36742.16
1781336326,R_75,36742.8635
1781336328,R_75,36728.2231
1781336330,R_75,36732.0878
1781336332,R_75,36729.9864
1781336334,R_75,36727.8289
1781336336,R_75,36733.7193
1781336338,R_75,36736.2764
1781336340,R_75,36746.3278
1781336342,R_75,36750.6206
1781336344,R_75,36739.9038
1781336346,R_75,36750.796
1781336348,R_75,36754.7147
1781336350,R_75,36758.5367
1781336352,R_75,36746.6084
1781336354,R_75,36741.9328
1781336356,R_75,36744.1277
1781336358,R_75,36734.3314
1781336360,R_75,36735.7163
1781336362,R_75,36740.4413
1781336364,R_75,36734.8467
1781336366,R_75,36743.6706
1781336368,R_75,36748.0697
1781336370,R_75,36746.1338
1781336372,R_75,36742.254
1781336374,R_75,36736.556
1781336376,R_75,36739.3837
1781336378,R_75,36743.5576
1781336380,R_75,36742.2709
1781336382,R_75,36753.1474
1781336384,R_75,36745.0475
1781336386,R_75,36737.3366
1781336388,R_75,36741.7984
1781336390,R_75,36748.2087
1781336392,R_75,36750.0654
1781336394,R_75,36733.3605
1781336396,R_75,36745.6099
1781336398,R_75,36744.7659
1781336400,R_75,36756.1037
1781336402,R_75,36757.9224
1781336404,R_75,36765.776
1781336406,R_75,36768.3148
1781336408,R_75,36787.9906
1781336410,R_75,36795.1952
1781336412,R_75,36806.6855
1781336414,R_75,36816.1461
1781336416,R_75,36822.1282
1781336418,R_75,36829.0401
1781336420,R_75,36826.8071
1781336422,R_75,36831.0287
1781336424,R_75,36818.4514
1781336426,R_75,36826.6624
1781336428,R_75,36836.0448
1781336430,R_75,36833.0185
1781336432,R_75,36840.0478
1781336434,R_75,36844.4137
1781336436,R_75,36840.2013
1781336438,R_75,36842.0683
1781336440,R_75,36851.6786
1781336442,R_75,36850.8535
1781336444,R_75,36866.2226
1781336446,R_75,36872.7215
1781336448,R_75,36868.2266
1781336450,R_75,36854.9343
1781336452,R_75,36846.8466
1781336454,R_75,36830.9254
1781336456,R_75,36822.4524
1781336458,R_75,36824.798
1781336460,R_75,36837.3918
1781336462,R_75,36836.5163
1781336464,R_75,36837.4231
1781336466,R_75,36832.1964
1781336468,R_75,36840.9087
1781336470,R_75,36843.0953
1781336472,R_75,36837.7827
1781336474,R_75,36845.3666
1781336476,R_75,36849.5538
1781336478,R_75,36836.8174
1781336480,R_75,36835.2474
1781336482,R_75,36829.6438
1781336484,R_75,36816.7019
1781336486,R_75,36813.8976
1781336488,R_75,36813.4996
1781336490,R_75,36804.5365
1781336492,R_75,36795.8882
1781336494,R_75,36789.1437
1781336496,R_75,36798.2362
1781336498,R_75,36801.7324
1781336500,R_75,36796.0294
1781336502,R_75,36798.4458
1781336504,R_75,36792.4387
1781336506,R_75,36805.3127
1781336508,R_75,36791.6318
1781336510,R_75,36790.7044
1781336512,R_75,36804.0482
1781336514,R_75,36817.1595
1781336516,R_75,36820.6295
1781336518,R_75,36812.4691
1781336520,R_75,36810.6996
1781336522,R_75,36810.9011
1781336524,R_75,36805.0287
1781336526,R_75,36819.4131
1781336528,R_75,36816.9535
1781336530,R_75,36817.9386
1781336532,R_75,36814.906
1781336534,R_75,36824.384
1781336536,R_75,36823.2589
1781336538,R_75,36832.5501
1781336540,R_75,36828.2466
1781336542,R_75,36836.1702
1781336544,R_75,36836.1624
1781336546,R_75,36835.6951
1781336548,R_75,36849.254
1781336550,R_75,36843.407
1781336552,R_75,36839.596
1781336554,R_75,36852.8024
1781336556,R_75,36853.8833
1781336558,R_75,36848.1676
1781336560,R_75,36850.7997
1781336562,R_75,36861.4565
1781336564,R_75,36857.7064
1781336566,R_75,36859.9319
1781336568,R_75,36860.2872
1781336570,R_75,36865.5854
1781336572,R_75,36873.3808
1781336574,R_75,36864.2975
1781336576,R_75,36857.8094
1781336578,R_75,36849.5702
1781336580,R_75,36855.5143
1781336582,R_75,36861.0896
1781336584,R_75,36862.4078
1781336586,R_75,36861.1608
1781336588,R_75,36874.9194
1781336590,R_75,36869.9742
1781336592,R_75,36862.9616
1781336594,R_75,36865.835
1781336596,R_75,36862.5756
1781336598,R_75,36866.8697
1781336600,R_75,36865.1671
1781336602,R_75,36866.6116
1781336604,R_75,36881.5187
1781336606,R_75,36884.0349
1781336608,R_75,36885.9865
1781336610,R_75,36875.0127
1781336612,R_75,36874.4539
1781336614,R_75,36870.0761
1781336616,R_75,36870.6536
1781336618,R_75,36873.5194
1781336620,R_75,36874.2434
1781336622,R_75,36867.6698
1781336624,R_75,36872.3334
1781336626,R_75,36874.356
1781336628,R_75,36872.7292
1781336630,R_75,36876.3015
1781336632,R_75,36877.4932
1781336634,R_75,36865.8746
1781336636,R_75,36869.9506
1781336638,R_75,36874.1699
1781336640,R_75,36882.6659
1781336642,R_75,36880.1675
1781336644,R_75,36881.6587
1781336646,R_75,36879.9746
1781336648,R_75,36882.5931
1781336650,R_75,36881.762
1781336652,R_75,36878.0519
1781336654,R_75,36879.3647
1781336656,R_75,36864.7075
1781336658,R_75,36862.1621
1781336660,R_75,36865.6386
1781336662,R_75,36867.8836
1781336664,R_75,36860.5354
1781336666,R_75,36853.3263
1781336668,R_75,36858.7938
1781336670,R_75,36860.7636
1781336672,R_75,36861.6493
1781336674,R_75,36861.6886
1781336676,R_75,36861.3783
1781336678,R_75,36855.3913
1781336680,R_75,36861.7534
1781336682,R_75,36865.8145
1781336684,R_75,36862.0543
1781336686,R_75,36863.3652
1781336688,R_75,36862.3539
1781336690,R_75,36864.1181
1781336692,R_75,36855.9826
1781336694,R_75,36855.2833
1781336696,R_75,36873.7541
1781336698,R_75,36872.2924
1781336700,R_75,36872.1053
1781336702,R_75,36872.5698
1781336704,R_75,36869.3355
1781336706,R_75,36872.9321
1781336708,R_75,36866.5844
1781336710,R_75,36878.6315
1781336712,R_75,36884.6801
1781336714,R_75,36876.2846
1781336716,R_75,36879.7833
1781336718,R_75,36884.1053
1781336720,R_75,36894.0191
1781336722,R_75,36900.477
1781336724,R_75,36904.7709
1781336726,R_75,36914.0066
1781336728,R_75,36914.7546
1781336730,R_75,36911.6276
1781336732,R_75,36915.3926
1781336734,R_75,36904.0559
1781336736,R_75,36909.3364
1781336738,R_75,36926.0948
1781336740,R_75,36935.7749
1781336742,R_75,36955.6654
1781336744,R_75,36963.6277
1781336746,R_75,36965.7667
1781336748,R_75,36978.6214
1781336750,R_75,36974.9752
1781336752,R_75,36985.3823
1781336754,R_75,36980.199
1781336756,R_75,36983.0625
1781336758,R_75,36990.7791
1781336760,R_75,37002.6487
1781336762,R_75,36998.6684
1781336764,R_75,36993.6856
1781336766,R_75,36995.1605
1781336768,R_75,37005.9173
1781336770,R_75,36989.1036
1781336772,R_75,37000.4551
1781336774,R_75,36993.3261
1781336776,R_75,36994.7409
1781336778,R_75,36994.0276
1781336780,R_75,36991.8499
1781336782,R_75,36988.5436
1781336784,R_75,36978.6622
1781336786,R_75,36981.1624
1781336788,R_75,36974.0586
1781336790,R_75,36972.0264
1781336792,R_75,36964.2521
1781336794,R_75,36955.1651
1781336796,R_75,36957.5384
1781336798,R_75,36960.4059
1781336800,R_75,36967.4913
1781336802,R_75,36978.9903
1781336804,R_75,36976.8515
1781336806,R_75,36981.846
1781336808,R_75,36987.0706
1781336810,R_75,36972.5719
1781336812,R_75,36979.8775
1781336814,R_75,36977.8282
1781336816,R_75,36966.7625
1781336818,R_75,36956.8503
1781336820,R_75,36948.9947
1781336822,R_75,36957.7855
1781336824,R_75,36950.9955
1781336826,R_75,36945.5074
1781336828,R_75,36932.3187
1781336830,R_75,36925.6881
1781336832,R_75,36916.3696
1781336834,R_75,36912.3085
1781336836,R_75,36923.3738
1781336838,R_75,36916.8656
1781336840,R_75,36916.4679
1781336842,R_75,36918.7481
1781336844,R_75,36919.5575
1781336846,R_75,36916.6424
1781336848,R_75,36921.123
1781336850,R_75,36916.3633
1781336852,R_75,36914.1674
1781336854,R_75,36912.9256
1781336856,R_75,36916.8016
1781336858,R_75,36908.2376
1781336860,R_75,36910.4468
1781336862,R_75,36911.1279
1781336864,R_75,36911.2797
1781336866,R_75,36893.4643
1781336868,R_75,36881.1888
1781336870,R_75,36877.1947
1781336872,R_75,36889.0888
1781336874,R_75,36885.3554
1781336876,R_75,36884.5211
1781336878,R_75,36890.795
1781336880,R_75,36886.8233
1781336882,R_75,36878.6583
1781336884,R_75,36879.2082
1781336886,R_75,36881.154
1781336888,R_75,36885.9287
1781336890,R_75,36884.4541
1781336892,R_75,36871.1975
1781336894,R_75,36874.2333
1781336896,R_75,36872.8676
1781336898,R_75,36864.8855
1781336900,R_75,36876.0825
1781336902,R_75,36874.2345
1781336904,R_75,36885.2219
1781336906,R_75,36901.1869
1781336908,R_75,36903.1758
1781336910,R_75,36905.3615
1781336912,R_75,36922.1116
1781336914,R_75,36902.5083
1781336916,R_75,36902.4195
1781336918,R_75,36893.8618
1781336920,R_75,36893.879
1781336922,R_75,36885.5394
1781336924,R_75,36885.8401
1781336926,R_75,36893.4373
1781336928,R_75,36895.5281
1781336930,R_75,36894.2684
1781336932,R_75,36889.2542
1781336934,R_75,36895.2382
1781336936,R_75,36884.9166
1781336938,R_75,36876.1084
1781336940,R_75,36874.643
1781336942,R_75,36873.948
1781336944,R_75,36880.9581
1781336946,R_75,36882.9719
1781336948,R_75,36879.7602
1781336950,R_75,36879.2376
1781336952,R_75,36890.9312
1781336954,R_75,36876.3252
1781336956,R_75,36881.7279
1781336958,R_75,36885.8031
1781336960,R_75,36892.4707
1781336962,R_75,36888.6133
1781336964,R_75,36883.3858
1781336966,R_75,36885.5337
1781336968,R_75,36890.934
1781336970,R_75,36893.3846
1781336972,R_75,36904.2578
1781336974,R_75,36911.7983
1781336976,R_75,36916.0684
1781336978,R_75,36919.0893
1781336980,R_75,36914.3142
1781336982,R_75,36921.7791
1781336984,R_75,36919.2262
1781336986,R_75,36918.9444
1781336988,R_75,36919.1557
1781336990,R_75,36913.1438
1781336992,R_75,36913.4726
1781336994,R_75,36911.3032
1781336996,R_75,36910.0298
1781336998,R_75,36903.4283
1781337000,R_75,36910.8602
1781337002,R_75,36912.9678
1781337004,R_75,36913.6206
1781337006,R_75,36918.3642
1781337008,R_75,36925.0416
1781337010,R_75,36920.5495
1781337012,R_75,36921.7334
1781337014,R_75,36919.9402
1781337016,R_75,36923.8934
1781337018,R_75,36934.6198
1781337020,R_75,36936.6014
1781337022,R_75,36937.2362
1781337024,R_75,36939.2296
1781337026,R_75,36939.134
1781337028,R_75,36941.4894
1781337030,R_75,36945.2979
1781337032,R_75,36946.2317
1781337034,R_75,36954.6051
1781337036,R_75,36955.5862
1781337038,R_75,36950.6036
1781337040,R_75,36955.3275
1781337042,R_75,36949.2674
1781337044,R_75,36957.3695
1781337046,R_75,36970.9247
1781337048,R_75,36971.1205
1781337050,R_75,36978.2601
1781337052,R_75,36987.4801
1781337054,R_75,36997.0315
1781337056,R_75,36987.4723
1781337058,R_75,37002.9027
1781337060,R_75,37015.1076
1781337062,R_75,37024.599
1781337064,R_75,37020.1795
1781337066,R_75,37010.6711
1781337068,R_75,37017.2666
1781337070,R_75,37030.786
1781337072,R_75,37026.5438
1781337074,R_75,37027.8204
1781337076,R_75,37020.0838
1781337078,R_75,37006.594
1781337080,R_75,36993.618
1781337082,R_75,37008.823
1781337084,R_75,37018.419
1781337086,R_75,37019.7379
1781337088,R_75,37031.7245
1781337090,R_75,37028.0644
1781337092,R_75,37016.1564
1781337094,R_75,37001.983
1781337096,R_75,37014.2111
1781337098,R_75,37018.9112
1781337100,R_75,37016.47
1781337102,R_75,37008.6822
1781337104,R_75,37006.9489
1781337106,R_75,37002.4991
1781337108,R_75,37004.0939
1781337110,R_75,37000.3917
1781337112,R_75,36988.797
1781337114,R_75,36989.8323
1781337116,R_75,37002.8724
1781337118,R_75,37003.1055
1781337120,R_75,36998.49
1781337122,R_75,37007.4515
1781337124,R_75,37001.0509
1781337126,R_75,37005.4866
1781337128,R_75,36993.0834
1781337130,R_75,36992.4634
1781337132,R_75,36996.0985
1781337134,R_75,36996.1718
1781337136,R_75,37008.6635
1781337138,R_75,36995.6504
1781337140,R_75,36994.2797
1781337142,R_75,36997.196
1781337144,R_75,37009.0858
1781337146,R_75,37005.7537
1781337148,R_75,37010.6875
1781337150,R_75,37017.0798
1781337152,R_75,37016.2451
1781337154,R_75,37005.9467
1781337156,R_75,36998.5097
1781337158,R_75,36993.9094
1781337160,R_75,36989.5276
1781337162,R_75,36989.2112
1781337164,R_75,36994.0889
1781337166,R_75,36994.3759
1781337168,R_75,36992.9371
1781337170,R_75,36995.6486
1781337172,R_75,36989.8242
1781337174,R_75,36985.8308
1781337176,R_75,36983.4931
1781337178,R_75,36983.2963
1781337180,R_75,36978.9161
1781337182,R_75,36969.8297
1781337184,R_75,36981.1662
1781337186,R_75,36981.1163
1781337188,R_75,36986.8359
1781337190,R_75,36988.6674
1781337192,R_75,36987.6023
1781337194,R_75,36999.2524
1781337196,R_75,36992.9436
1781337198,R_75,36987.0086
1781337200,R_75,36992.7388
1781337202,R_75,36992.8278
1781337204,R_75,37001.4847
1781337206,R_75,37002.9249
1781337208,R_75,36994.9532
1781337210,R_75,36996.4184
1781337212,R_75,36991.9122
1781337214,R_75,36981.5892
1781337216,R_75,36984.0341
1781337218,R_75,36994.8389
1781337220,R_75,36995.8139
1781337222,R_75,37001.7311
1781337224,R_75,37006.5194
1781337226,R_75,37008.0919
1781337228,R_75,36995.4573
1781337230,R_75,36997.2136
1781337232,R_75,36995.13
1781337234,R_75,36993.2409
1781337236,R_75,36981.2845
1781337238,R_75,36976.3393
1781337240,R_75,36981.3433
1781337242,R_75,36987.548
1781337244,R_75,36994.6214
1781337246,R_75,36994.4548
1781337248,R_75,36985.1996
1781337250,R_75,36986.4276
1781337252,R_75,36992.9315
1781337254,R_75,36986.3152
1781337256,R_75,36997.0762
1781337258,R_75,36995.7785
1781337260,R_75,36982.2594
1781337262,R_75,36982.3934
1781337264,R_75,36984.5408
1781337266,R_75,36980.4012
1781337268,R_75,36980.8454
1781337270,R_75,36974.8263
1781337272,R_75,36970.0646
1781337274,R_75,36970.7088
1781337276,R_75,36969.0845
1781337278,R_75,36963.3798
1781337280,R_75,36956.7125
1781337282,R_75,36949.7807
1781337284,R_75,36947.1926
1781337286,R_75,36959.3776
1781337288,R_75,36954.913
1781337290,R_75,36946.6668
1781337292,R_75,36941.2126
1781337294,R_75,36951.4163
1781337296,R_75,36941.0682
1781337298,R_75,36934.4873
1781337300,R_75,36943.5268
1781337302,R_75,36944.2774
1781337304,R_75,36945.6154
1781337306,R_75,36951.326
1781337308,R_75,36949.5472
1781337310,R_75,36947.6779
1781337312,R_75,36955.9765
1781337314,R_75,36949.7764
1781337316,R_75,36952.8851
1781337318,R_75,36945.2739
1781337320,R_75,36938.4547
1781337322,R_75,36942.9299
1781337324,R_75,36949.9414
1781337326,R_75,36944.8561
1781337328,R_75,36951.6498
1781337330,R_75,36946.0687
1781337332,R_75,36950.6695
1781337334,R_75,36952.9105
1781337336,R_75,36945.1023
1781337338,R_75,36934.2451
1781337340,R_75,36932.337
1781337342,R_75,36930.8109
1781337344,R_75,36939.5692
1781337346,R_75,36929.8522
1781337348,R_75,36939.9135
1781337350,R_75,36951.1119
1781337352,R_75,36956.8474
1781337354,R_75,36956.3241
1781337356,R_75,36956.7077
1781337358,R_75,36959.6435
1781337360,R_75,36965.1122
1781337362,R_75,36968.0614
1781337364,R_75,36958.7191
1781337366,R_75,36962.9059
1781337368,R_75,36947.9258
1781337370,R_75,36956.1183
1781337372,R_75,36955.8121
1781337374,R_75,36956.3624
1781337376,R_75,36941.3305
1781337378,R_75,36932.8594
1781337380,R_75,36922.2313
1781337382,R_75,36933.7035
1781337384,R_75,36941.5049
1781337386,R_75,36935.4691
1781337388,R_75,36935.6558
1781337390,R_75,36949.0876
1781337392,R_75,36941.9515
1781337394,R_75,36954.0757
1781337396,R_75,36952.201
1781337398,R_75,36932.681
1781337400,R_75,36936.2294
1781337402,R_75,36937.7248
1781337404,R_75,36930.1004
1781337406,R_75,36926.4165
1781337408,R_75,36933.4551
1781337410,R_75,36937.8218
1781337412,R_75,36939.4663
1781337414,R_75,36937.1632
1781337416,R_75,36930.5244
1781337418,R_75,36937.93
1781337420,R_75,36940.3627
1781337422,R_75,36950.9354
1781337424,R_75,36955.578
1781337426,R_75,36960.6704
1781337428,R_75,36960.3867
1781337430,R_75,36962.6181
1781337432,R_75,36956.4909
1781337434,R_75,36953.0615
1781337436,R_75,36949.0879
1781337438,R_75,36945.6713
1781337440,R_75,36942.7093
1781337442,R_75,36957.416
1781337444,R_75,36957.3319
1781337446,R_75,36953.4934
1781337448,R_75,36951.5242
1781337450,R_75,36945.6376
1781337452,R_75,36941.7439
1781337454,R_75,36942.7122
1781337456,R_75,36942.52
1781337458,R_75,36944.6933
1781337460,R_75,36943.5139
1781337462,R_75,36933.9109
1781337464,R_75,36931.4108
1781337466,R_75,36915.6238
1781337468,R_75,36922.9519
1781337470,R_75,36916.4322
1781337472,R_75,36916.8922
1781337474,R_75,36923.1587
1781337476,R_75,36914.1901
1781337478,R_75,36906.5097
1781337480,R_75,36907.4258
1781337482,R_75,36909.7069
1781337484,R_75,36924.7071
1781337486,R_75,36917.3154
1781337488,R_75,36924.384
1781337490,R_75,36926.1566
1781337492,R_75,36914.9667
1781337494,R_75,36919.9284
1781337496,R_75,36913.2809
1781337498,R_75,36909.3759
1781337500,R_75,36908.0795
1781337502,R_75,36909.5518
1781337504,R_75,36899.4818
1781337506,R_75,36897.1229
1781337508,R_75,36904.9284
1781337510,R_75,36902.2658
1781337512,R_75,36896.335
1781337514,R_75,36880.9797
1781337516,R_75,36887.3584
1781337518,R_75,36884.7026
1781337520,R_75,36886.5254
1781337522,R_75,36886.3906
1781337524,R_75,36884.536
1781337526,R_75,36892.2363
1781337528,R_75,36900.6584
1781337530,R_75,36907.5805
1781337532,R_75,36909.1556
1781337534,R_75,36907.134
1781337536,R_75,36899.6948
1781337538,R_75,36902.8565
1781337540,R_75,36910.0541
1781337542,R_75,36898.6685
1781337544,R_75,36897.7946
1781337546,R_75,36903.5575
1781337548,R_75,36899.1406
1781337550,R_75,36894.1898
1781337552,R_75,36901.9664
1781337554,R_75,36895.3047
1781337556,R_75,36896.2913
1781337558,R_75,36892.7182
1781337560,R_75,36884.5529
1781337562,R_75,36879.7625
1781337564,R_75,36883.6976
1781337566,R_75,36873.7825
1781337568,R_75,36891.3801
1781337570,R_75,36899.4646
1781337572,R_75,36898.5198
1781337574,R_75,36898.7856
1781337576,R_75,36887.7981
1781337578,R_75,36894.7783
1781337580,R_75,36888.3302
1781337582,R_75,36901.0477
1781337584,R_75,36901.2749
1781337586,R_75,36907.4258
1781337588,R_75,36906.6809
1781337590,R_75,36899.4417
1781337592,R_75,36914.1889
1781337594,R_75,36913.5559
1781337596,R_75,36914.4594
1781337598,R_75,36919.2748
1781337600,R_75,36909.0377
1781337602,R_75,36909.9171
1781337604,R_75,36918.3042
1781337606,R_75,36926.0087
1781337608,R_75,36911.0482
1781337610,R_75,36919.4428
1781337612,R_75,36911.4686
1781337614,R_75,36917.7766
1781337616,R_75,36919.393
1781337618,R_75,36910.7449
1781337620,R_75,36908.7391
1781337622,R_75,36914.6541
1781337624,R_75,36928.2206
1781337626,R_75,36929.424
1781337628,R_75,36933.4971
1781337630,R_75,36937.0026
1781337632,R_75,36930.379
1781337634,R_75,36923.7833
1781337636,R_75,36922.6954
1781337638,R_75,36920.8715
1781337640,R_75,36928.1713
1781337642,R_75,36927.2197
1781337644,R_75,36926.3766
1781337646,R_75,36913.7728
1781337648,R_75,36918.2683
1781337650,R_75,36908.6187
1781337652,R_75,36907.4445
1781337654,R_75,36911.9323
1781337656,R_75,36910.9751
1781337658,R_75,36902.4229
1781337660,R_75,36917.6161
1781337662,R_75,36908.2574
1781337664,R_75,36900.8784
1781337666,R_75,36908.5495
1781337668,R_75,36911.329
1781337670,R_75,36910.823
1781337672,R_75,36907.2373
1781337674,R_75,36910.4495
1781337676,R_75,36921.0717
1781337678,R_75,36930.7658
1781337680,R_75,36942.4511
1781337682,R_75,36942.088
1781337684,R_75,36937.7396
1781337686,R_75,36929.5639
1781337688,R_75,36947.622
1781337690,R_75,36949.0023
1781337692,R_75,36948.1879
1781337694,R_75,36954.4228
1781337696,R_75,36953.0667
1781337698,R_75,36951.9769
1781337700,R_75,36952.2646
1781337702,R_75,36942.9759
1781337704,R_75,36946.5526
1781337706,R_75,36932.2036
1781337708,R_75,36922.4545
1781337710,R_75,36927.398
1781337712,R_75,36925.7683
1781337714,R_75,36915.5742
1781337716,R_75,36912.2303
1781337718,R_75,36909.5758
1781337720,R_75,36916.3092
1781337722,R_75,36918.5262
1781337724,R_75,36916.8761
1781337726,R_75,36920.9202
1781337728,R_75,36912.2123
1781337730,R_75,36927.4599
1781337732,R_75,36933.0362
1781337734,R_75,36929.2196
1781337736,R_75,36932.8203
1781337738,R_75,36932.4843
1781337740,R_75,36923.1258
1781337742,R_75,36920.6632
1781337744,R_75,36918.5644
1781337746,R_75,36929.0944
1781337748,R_75,36919.6542
1781337750,R_75,36918.6316
1781337752,R_75,36909.2286
1781337754,R_75,36905.9674
1781337756,R_75,36897.4273
1781337758,R_75,36891.5492
1781337760,R_75,36888.3443
1781337762,R_75,36892.9863
1781337764,R_75,36910.1245
1781337766,R_75,36917.428
1781337768,R_75,36915.8071
1781337770,R_75,36915.066
1781337772,R_75,36928.7503
1781337774,R_75,36929.1465
1781337776,R_75,36933.0394
1781337778,R_75,36925.4818
1781337780,R_75,36929.1025
1781337782,R_75,36944.9824
1781337784,R_75,36942.5216
1781337786,R_75,36950.8002
1781337788,R_75,36943.8094
1781337790,R_75,36950.6565
1781337792,R_75,36953.5386
1781337794,R_75,36948.8062
1781337796,R_75,36954.6529
1781337798,R_75,36944.5932
1781337800,R_75,36937.2922
1781337802,R_75,36935.7317
1781337804,R_75,36937.0045
1781337806,R_75,36928.542
1781337808,R_75,36930.5604
1781337810,R_75,36933.9873
1781337812,R_75,36926.3269
1781337814,R_75,36921.2679
1781337816,R_75,36925.3529
1781337818,R_75,36919.7056
1781337820,R_75,36923.2991
1781337822,R_75,36927.125
1781337824,R_75,36927.4898
1781337826,R_75,36933.4552
1781337828,R_75,36932.6644
1781337830,R_75,36931.5434
1781337832,R_75,36932.1109
1781337834,R_75,36933.657
1781337836,R_75,36924.8995
1781337838,R_75,36920.5282
1781337840,R_75,36900.8458
1781337842,R_75,36898.59
1781337844,R_75,36901.6604
1781337846,R_75,36896.9726
1781337848,R_75,36909.6723
1781337850,R_75,36893.8429
1781337852,R_75,36887.4558
1781337854,R_75,36884.2539
1781337856,R_75,36885.7873
1781337858,R_75,36887.3278
1781337860,R_75,36901.6647
1781337862,R_75,36920.0264
1781337864,R_75,36922.9612
1781337866,R_75,36930.6195
1781337868,R_75,36914.9878
1781337870,R_75,36921.8844
1781337872,R_75,36929.164
1781337874,R_75,36930.9571
1781337876,R_75,36923.9062
1781337878,R_75,36931.8588
1781337880,R_75,36938.1643
1781337882,R_75,36929.7638
1781337884,R_75,36927.6211
1781337886,R_75,36928.356
1781337888,R_75,36929.7996
1781337890,R_75,36927.5834
1781337892,R_75,36928.6359
1781337894,R_75,36942.9906
1781337896,R_75,36949.6374
1781337898,R_75,36948.9496
1781337900,R_75,36952.3775
1781337902,R_75,36951.3408
1781337904,R_75,36946.6554
1781337906,R_75,36957.3644
1781337908,R_75,36948.4281
1781337910,R_75,36942.3363
1781337912,R_75,36942.8401
1781337914,R_75,36933.9576
1781337916,R_75,36946.9557
1781337918,R_75,36938.9082
1781337920,R_75,36926.4911
1781337922,R_75,36922.3856
1781337924,R_75,36931.0604
1781337926,R_75,36924.1913
1781337928,R_75,36916.2265
1781337930,R_75,36907.6915
1781337932,R_75,36901.2817
1781337934,R_75,36900.9224
1781337936,R_75,36904.5351
1781337938,R_75,36912.6729
1781337940,R_75,36917.4694
1781337942,R_75,36911.9137
1781337944,R_75,36916.1768
1781337946,R_75,36907.1217
1781337948,R_75,36906.0278
1781337950,R_75,36913.5858
1781337952,R_75,36914.2648
1781337954,R_75,36905.6245
1781337956,R_75,36907.8545
1781337958,R_75,36911.223
1781337960,R_75,36919.6391
1781337962,R_75,36905.0575
1781337964,R_75,36911.4943
1781337966,R_75,36917.2505
1781337968,R_75,36911.6107
1781337970,R_75,36914.7737
1781337972,R_75,36916.2253
1781337974,R_75,36915.887
1781337976,R_75,36920.7493
1781337978,R_75,36931.4206
1781337980,R_75,36928.2789
1781337982,R_75,36930.8669
1781337984,R_75,36943.5215
1781337986,R_75,36944.7025
1781337988,R_75,36944.5408
1781337990,R_75,36942.2732
1781337992,R_75,36947.1687
1781337994,R_75,36933.0726
1781337996,R_75,36936.4624
1781337998,R_75,36944.2372
1781338000,R_75,36949.6068
1781338002,R_75,36951.7598
1781338004,R_75,36959.8277
1781338006,R_75,36959.5124
1781338008,R_75,36959.5333
1781338010,R_75,36978.2975
1781338012,R_75,36977.6131
1781338014,R_75,36986.3536
1781338016,R_75,36983.9081
1781338018,R_75,36980.0539
1781338020,R_75,36992.3947
1781338022,R_75,36982.1977
1781338024,R_75,36999.3103
1781338026,R_75,36998.085
1781338028,R_75,36989.4589
1781338030,R_75,36974.4518
1781338032,R_75,36963.8408
1781338034,R_75,36967.2405
1781338036,R_75,36961.2649
1781338038,R_75,36968.4017
1781338040,R_75,36981.6562
1781338042,R_75,36979.1574
1781338044,R_75,36981.0867
1781338046,R_75,36979.3244
1781338048,R_75,36978.7356
1781338050,R_75,36973.129
1781338052,R_75,36977.9096
1781338054,R_75,36989.8887
1781338056,R_75,36981.145
1781338058,R_75,36983.9805
1781338060,R_75,36984.4857
1781338062,R_75,36984.4823
1781338064,R_75,36990.2777
1781338066,R_75,36999.6774
1781338068,R_75,37006.4995
1781338070,R_75,37003.0649
1781338072,R_75,36997.4641
1781338074,R_75,36985.9607
1781338076,R_75,36989.7289
1781338078,R_75,37000.8816
1781338080,R_75,37008.6703
1781338082,R_75,37002.1458
1781338084,R_75,36996.5801
1781338086,R_75,36992.5528
1781338088,R_75,36998.5694
1781338090,R_75,36994.4694
1781338092,R_75,36981.5786
1781338094,R_75,36972.0806
1781338096,R_75,36973.3787
1781338098,R_75,36962.6485
1781338100,R_75,36967.0344
1781338102,R_75,36968.2449
1781338104,R_75,36972.5836
1781338106,R_75,36973.8348
1781338108,R_75,36983.0533
1781338110,R_75,36984.2852
1781338112,R_75,36985.7404
1781338114,R_75,36983.2469
1781338116,R_75,36984.0194
1781338118,R_75,36986.3011
1781338120,R_75,36998.8512
1781338122,R_75,36991.3694
1781338124,R_75,36994.9142
1781338126,R_75,36977.9742
1781338128,R_75,36976.2669
1781338130,R_75,36969.303
1781338132,R_75,36966.5127
1781338134,R_75,36968.743
1781338136,R_75,36958.5846
1781338138,R_75,36965.2341
1781338140,R_75,36961.0387
1781338142,R_75,36961.009
1781338144,R_75,36967.2653
1781338146,R_75,36964.2672
1781338148,R_75,36962.7738
1781338150,R_75,36957.501
1781338152,R_75,36956.8814
1781338154,R_75,36960.6983
1781338156,R_75,36963.8644
1781338158,R_75,36956.3813
1781338160,R_75,36953.4132
1781338162,R_75,36952.4829
1781338164,R_75,36941.5849
1781338166,R_75,36929.9705
1781338168,R_75,36938.7493
1781338170,R_75,36938.014
1781338172,R_75,36931.3866
1781338174,R_75,36933.7607
1781338176,R_75,36939.7275
1781338178,R_75,36946.6057
1781338180,R_75,36947.7915
1781338182,R_75,36952.2986
1781338184,R_75,36954.3668
1781338186,R_75,36949.9863
1781338188,R_75,36954.5265
1781338190,R_75,36943.9477
1781338192,R_75,36951.4079
1781338194,R_75,36945.1545
1781338196,R_75,36945.9189
1781338198,R_75,36948.6588
1781338200,R_75,36943.9844
1781338202,R_75,36941.908
1781338204,R_75,36942.5733
1781338206,R_75,36945.9095
1781338208,R_75,36939.3822
1781338210,R_75,36943.2887
1781338212,R_75,36939.209
1781338214,R_75,36937.0351
1781338216,R_75,36945.4693
1781338218,R_75,36942.6512
1781338220,R_75,36941.7231
1781338222,R_75,36933.2844
1781338224,R_75,36944.4192
1781338226,R_75,36945.0896
1781338228,R_75,36944.6463
1781338230,R_75,36943.3542
1781338232,R_75,36937.3535
1781338234,R_75,36951.0193
1781338236,R_75,36947.8728
1781338238,R_75,36953.3894
1781338240,R_75,36954.3697
1781338242,R_75,36945.3018
1781338244,R_75,36944.9236
1781338246,R_75,36952.3776
1781338248,R_75,36952.9085
1781338250,R_75,36953.4981
1781338252,R_75,36950.1285
1781338254,R_75,36935.5781
1781338256,R_75,36939.883
1781338258,R_75,36954.6602
1781338260,R_75,36949.4505
1781338262,R_75,36952.1168
1781338264,R_75,36946.2568
1781338266,R_75,36946.216
1781338268,R_75,36933.7046
1781338270,R_75,36921.3735
1781338272,R_75,36922.849
1781338274,R_75,36929.4113
1781338276,R_75,36931.5265
1781338278,R_75,36927.2577
1781338280,R_75,36927.5025
1781338282,R_75,36922.9308
1781338284,R_75,36921.7761
1781338286,R_75,36921.3951
1781338288,R_75,36911.6408
1781338290,R_75,36901.7003
1781338292,R_75,36904.6163
1781338294,R_75,36902.6145
1781338296,R_75,36902.0425
1781338298,R_75,36903.1998
1781338300,R_75,36904.9983
1781338302,R_75,36914.5533
1781338304,R_75,36918.3957
1781338306,R_75,36925.8231
1781338308,R_75,36930.6055
1781338310,R_75,36946.9884
1781338312,R_75,36938.65
1781338314,R_75,36933.8414
1781338316,R_75,36917.4673
1781338318,R_75,36905.3976
1781338320,R_75,36908.7671
1781338322,R_75,36908.3073
1781338324,R_75,36909.4343
1781338326,R_75,36911.1342
1781338328,R_75,36903.5763
1781338330,R_75,36913.8335
1781338332,R_75,36913.8474
1781338334,R_75,36918.4131
1781338336,R_75,36921.6761
1781338338,R_75,36929.9267
1781338340,R_75,36950.1606
1781338342,R_75,36950.1605
1781338344,R_75,36943.9827
1781338346,R_75,36949.2111
1781338348,R_75,36937.5364
1781338350,R_75,36932.3643
1781338352,R_75,36927.3608
1781338354,R_75,36937.3168
1781338356,R_75,36942.0983
1781338358,R_75,36941.8221
1781338360,R_75,36944.9878
1781338362,R_75,36941.3322
1781338364,R_75,36942.4939
1781338366,R_75,36947.7938
1781338368,R_75,36957.384
1781338370,R_75,36956.9826
1781338372,R_75,36948.304
1781338374,R_75,36945.0933
1781338376,R_75,36948.6035
1781338378,R_75,36948.163
1781338380,R_75,36957.1573
1781338382,R_75,36956.6782
1781338384,R_75,36943.8213
1781338386,R_75,36947.5788
1781338388,R_75,36954.2676
1781338390,R_75,36957.6552
1781338392,R_75,36961.0501
1781338394,R_75,36949.1516
1781338396,R_75,36941.1277
1781338398,R_75,36944.3204
1781338400,R_75,36936.2775
1781338402,R_75,36941.4194
1781338404,R_75,36941.6053
1781338406,R_75,36943.5114
1781338408,R_75,36945.2973
1781338410,R_75,36951.9008
1781338412,R_75,36943.195
1781338414,R_75,36942.115
1781338416,R_75,36948.8426
1781338418,R_75,36946.7067
1781338420,R_75,36955.2234
1781338422,R_75,36953.0574
1781338424,R_75,36950.0125
1781338426,R_75,36941.5824
1781338428,R_75,36944.2255
1781338430,R_75,36926.8041
1781338432,R_75,36935.1828
1781338434,R_75,36919.4629
1781338436,R_75,36911.0916
1781338438,R_75,36912.3151
1781338440,R_75,36921.3656
1781338442,R_75,36911.2358
1781338444,R_75,36920.5162
1781338446,R_75,36927.284
1781338448,R_75,36918.7024
1781338450,R_75,36921.0017
1781338452,R_75,36921.0911
1781338454,R_75,36916.4059
1781338456,R_75,36916.117
1781338458,R_75,36920.1571
1781338460,R_75,36920.036
1781338462,R_75,36920.7298
1781338464,R_75,36914.7384
1781338466,R_75,36910.9662
1781338468,R_75,36904.5826
1781338470,R_75,36907.2527
1781338472,R_75,36905.3263
1781338474,R_75,36898.8226
1781338476,R_75,36894.0151
1781338478,R_75,36891.9674
1781338480,R_75,36889.1541
1781338482,R_75,36894.2197
1781338484,R_75,36896.7963
1781338486,R_75,36914.3782
1781338488,R_75,36910.3303
1781338490,R_75,36907.7939
1781338492,R_75,36908.9269
1781338494,R_75,36924.4917
1781338496,R_75,36931.1809
1781338498,R_75,36940.3965
1781338500,R_75,36943.3579
1781338502,R_75,36925.8346
1781338504,R_75,36926.4959
1781338506,R_75,36928.7264
1781338508,R_75,36933.3833
1781338510,R_75,36943.8443
1781338512,R_75,36942.0584
1781338514,R_75,36952.6363
1781338516,R_75,36949.4083
1781338518,R_75,36957.6721
1781338520,R_75,36960.55
1781338522,R_75,36971.0569
1781338524,R_75,36969.6218
1781338526,R_75,36968.6365
1781338528,R_75,36966.5847
1781338530,R_75,36963.9689
1781338532,R_75,36961.3827
1781338534,R_75,36974.6843
1781338536,R_75,36988.3191
1781338538,R_75,36975.8006
1781338540,R_75,36972.6999
1781338542,R_75,36964.9436
1781338544,R_75,36974.8411
1781338546,R_75,36969.6399
1781338548,R_75,36976.1883
1781338550,R_75,36977.2301
1781338552,R_75,36968.4616
1781338554,R_75,36969.902
1781338556,R_75,36977.9518
1781338558,R_75,36977.7314
1781338560,R_75,36976.0155
1781338562,R_75,36981.2745
1781338564,R_75,36987.4476
1781338566,R_75,36980.3045
1781338568,R_75,36981.4417
1781338570,R_75,36971.2082
1781338572,R_75,36983.2272
1781338574,R_75,36977.634
1781338576,R_75,36979.5911
1781338578,R_75,36986.7513
1781338580,R_75,36995.7458
1781338582,R_75,37013.5025
1781338584,R_75,37015.7495
1781338586,R_75,37021.0529
1781338588,R_75,37017.6009
1781338590,R_75,37010.6187
1781338592,R_75,37009.3512
1781338594,R_75,37007.1346
1781338596,R_75,36997.8665
1781338598,R_75,36997.7885
1781338600,R_75,36998.7202
1781338602,R_75,36996.9254
1781338604,R_75,36994.8332
1781338606,R_75,36995.6618
1781338608,R_75,36996.7271
1781338610,R_75,36995.8805
1781338612,R_75,36996.5319
1781338614,R_75,36987.6928
1781338616,R_75,36974.7399
1781338618,R_75,36973.5391
1781338620,R_75,36976.3443
1781338622,R_75,36976.0312
1781338624,R_75,36983.216
1781338626,R_75,36973.4708
1781338628,R_75,36959.5753
1781338630,R_75,36955.1329
1781338632,R_75,36956.4109
1781338634,R_75,36947.9956
1781338636,R_75,36945.6625
1781338638,R_75,36949.0602
1781338640,R_75,36948.587
1781338642,R_75,36943.5794
1781338644,R_75,36950.5793
1781338646,R_75,36959.9324
1781338648,R_75,36955.1032
1781338650,R_75,36960.3346
1781338652,R_75,36938.937
1781338654,R_75,36930.0842
1781338656,R_75,36935.8793
1781338658,R_75,36923.7284
1781338660,R_75,36935.7401
1781338662,R_75,36941.9582
1781338664,R_75,36952.2027
1781338666,R_75,36945.9578
1781338668,R_75,36933.869
1781338670,R_75,36936.4518
1781338672,R_75,36941.4442
1781338674,R_75,36936.1885
1781338676,R_75,36944.4567
1781338678,R_75,36948.3176
1781338680,R_75,36948.0001
1781338682,R_75,36937.8088
1781338684,R_75,36923.4908
1781338686,R_75,36915.6166
1781338688,R_75,36920.5184
1781338690,R_75,36910.8606
1781338692,R_75,36918.987
1781338694,R_75,36921.3311
1781338696,R_75,36934.4851
1781338698,R_75,36940.1188
1781338700,R_75,36940.9501
1781338702,R_75,36934.2119
1781338704,R_75,36929.9015
1781338706,R_75,36922.5945
1781338708,R_75,36916.9817
1781338710,R_75,36919.0986
1781338712,R_75,36916.6795
1781338714,R_75,36914.342
1781338716,R_75,36909.9429
1781338718,R_75,36916.0466
1781338720,R_75,36916.1114
1781338722,R_75,36914.3791
1781338724,R_75,36906.6516
1781338726,R_75,36889.7475
1781338728,R_75,36891.5479
1781338730,R_75,36890.2499
1781338732,R_75,36892.4593
1781338734,R_75,36886.7984
1781338736,R_75,36888.7416
1781338738,R_75,36896.6327
1781338740,R_75,36898.2739
1781338742,R_75,36896.838
1781338744,R_75,36894.4528
1781338746,R_75,36903.6198
1781338748,R_75,36899.6209
1781338750,R_75,36904.6485
1781338752,R_75,36894.5733
1781338754,R_75,36898.0686
1781338756,R_75,36901.3743
1781338758,R_75,36911.0262
1781338760,R_75,36905.2847
1781338762,R_75,36900.7549
1781338764,R_75,36904.3529
1781338766,R_75,36895.2899
1781338768,R_75,36899.3696
1781338770,R_75,36899.8753
1781338772,R_75,36889.6394
1781338774,R_75,36875.8075
1781338776,R_75,36860.4216
1781338778,R_75,36869.886
1781338780,R_75,36872.9033
1781338782,R_75,36874.4216
1781338784,R_75,36872.7737
1781338786,R_75,36881.0243
1781338788,R_75,36873.3726
1781338790,R_75,36876.7112
1781338792,R_75,36881.0111
1781338794,R_75,36881.7589
1781338796,R_75,36875.192
1781338798,R_75,36874.3614
1781338800,R_75,36871.9271
1781338802,R_75,36883.6467
1781338804,R_75,36874.7228
1781338806,R_75,36877.8489
1781338808,R_75,36875.3225
1781338810,R_75,36873.5786
1781338812,R_75,36883.6653
1781338814,R_75,36886.2339
1781338816,R_75,36883.8852
1781338818,R_75,36874.4801
1781338820,R_75,36864.0182
1781338822,R_75,36862.211
1781338824,R_75,36873.564
1781338826,R_75,36866.4832
1781338828,R_75,36877.5343
1781338830,R_75,36889.5219
1781338832,R_75,36886.2935
1781338834,R_75,36881.8975
1781338836,R_75,36877.1513
1781338838,R_75,36888.8227
1781338840,R_75,36890.5678
1781338842,R_75,36900.3141
1781338844,R_75,36908.2905
1781338846,R_75,36902.5133
1781338848,R_75,36903.7843
1781338850,R_75,36906.0392
1781338852,R_75,36892.1933
1781338854,R_75,36899.505
1781338856,R_75,36898.1707
1781338858,R_75,36896.1097
1781338860,R_75,36897.5003
1781338862,R_75,36898.6587
1781338864,R_75,36882.1799
1781338866,R_75,36877.0332
1781338868,R_75,36872.601
1781338870,R_75,36876.1372
1781338872,R_75,36873.302
1781338874,R_75,36869.6114
1781338876,R_75,36873.6234
1781338878,R_75,36871.1285
1781338880,R_75,36863.3467
1781338882,R_75,36882.1646
1781338884,R_75,36882.4213
1781338886,R_75,36876.4997
1781338888,R_75,36882.3872
1781338890,R_75,36893.4924
1781338892,R_75,36886.4576
1781338894,R_75,36883.6553
1781338896,R_75,36888.3603
1781338898,R_75,36881.1343
1781338900,R_75,36878.8947
1781338902,R_75,36880.1392
1781338904,R_75,36889.9363
1781338906,R_75,36885.9873
1781338908,R_75,36879.5019
1781338910,R_75,36873.0601
1781338912,R_75,36878.6043
1781338914,R_75,36873.9385
1781338916,R_75,36886.6621
1781338918,R_75,36872.7764
1781338920,R_75,36872.1172
1781338922,R_75,36861.9748
1781338924,R_75,36856.3411
1781338926,R_75,36858.5195
1781338928,R_75,36856.8265
1781338930,R_75,36857.3466
1781338932,R_75,36855.0502
1781338934,R_75,36851.7399
1781338936,R_75,36846.936
1781338938,R_75,36851.6826
1781338940,R_75,36852.5426
1781338942,R_75,36867.8816
1781338944,R_75,36859.5269
1781338946,R_75,36857.2851
1781338948,R_75,36854.5512
1781338950,R_75,36861.2175
1781338952,R_75,36866.5207
1781338954,R_75,36861.2132
1781338956,R_75,36845.8368
1781338958,R_75,36849.2299
1781338960,R_75,36844.7155
1781338962,R_75,36845.2327
1781338964,R_75,36849.0997
1781338966,R_75,36840.8388
1781338968,R_75,36844.012
1781338970,R_75,36854.1313
1781338972,R_75,36861.3024
1781338974,R_75,36865.2091
1781338976,R_75,36867.7536
1781338978,R_75,36850.4766
1781338980,R_75,36855.3197
1781338982,R_75,36862.0052
1781338984,R_75,36873.392
1781338986,R_75,36872.7703
1781338988,R_75,36861.1097
1781338990,R_75,36858.7479
1781338992,R_75,36851.6106
1781338994,R_75,36857.9949
1781338996,R_75,36867.4394
1781338998,R_75,36870.0994
1781339000,R_75,36870.947
1781339002,R_75,36866.6136
1781339004,R_75,36848.2398
1781339006,R_75,36851.9596
1781339008,R_75,36861.6426
1781339010,R_75,36878.7829
1781339012,R_75,36874.2942
1781339014,R_75,36879.1227
1781339016,R_75,36878.8939
1781339018,R_75,36879.5095
1781339020,R_75,36873.8696
1781339022,R_75,36883.5269
1781339024,R_75,36883.2505
1781339026,R_75,36888.2995
1781339028,R_75,36885.4246
1781339030,R_75,36872.0454
1781339032,R_75,36872.2372
1781339034,R_75,36878.824
1781339036,R_75,36877.3716
1781339038,R_75,36878.0058
1781339040,R_75,36871.9631
1781339042,R_75,36872.1987
1781339044,R_75,36880.9235
1781339046,R_75,36888.9599
1781339048,R_75,36895.6224
1781339050,R_75,36890.096
1781339052,R_75,36890.9997
1781339054,R_75,36896.0326
1781339056,R_75,36901.6672
1781339058,R_75,36898.8613
1781339060,R_75,36901.0458
1781339062,R_75,36903.1365
1781339064,R_75,36925.311
1781339066,R_75,36926.4239
1781339068,R_75,36922.3453
1781339070,R_75,36918.4363
1781339072,R_75,36925.4485
1781339074,R_75,36938.5438
1781339076,R_75,36948.671
1781339078,R_75,36938.0903
1781339080,R_75,36942.4908
1781339082,R_75,36940.1092
1781339084,R_75,36938.1535
1781339086,R_75,36937.1491
1781339088,R_75,36933.3324
1781339090,R_75,36929.8524
1781339092,R_75,36935.7426
1781339094,R_75,36935.5546
1781339096,R_75,36939.723
1781339098,R_75,36923.8088
1781339100,R_75,36918.667
1781339102,R_75,36920.9756
1781339104,R_75,36929.5646
1781339106,R_75,36931.104
1781339108,R_75,36921.6006
1781339110,R_75,36911.9624
1781339112,R_75,36911.0514
1781339114,R_75,36933.5109
1781339116,R_75,36928.5953
1781339118,R_75,36922.5088
1781339120,R_75,36925.0872
1781339122,R_75,36929.685
1781339124,R_75,36917.1645
1781339126,R_75,36920.217
1781339128,R_75,36918.2709
1781339130,R_75,36928.6501
1781339132,R_75,36925.228
1781339134,R_75,36917.8742
1781339136,R_75,36931.7609
1781339138,R_75,36928.476
1781339140,R_75,36928.0996
1781339142,R_75,36928.2585
1781339144,R_75,36927.7122
1781339146,R_75,36924.5115
1781339148,R_75,36926.5921
1781339150,R_75,36920.5162
1781339152,R_75,36933.2866
1781339154,R_75,36925.5045
1781339156,R_75,36914.8029
1781339158,R_75,36918.7063
1781339160,R_75,36925.2243
1781339162,R_75,36924.3688
1781339164,R_75,36923.2346
1781339166,R_75,36926.6319
1781339168,R_75,36937.2307
1781339170,R_75,36934.6181
1781339172,R_75,36934.4667
1781339174,R_75,36935.4982
1781339176,R_75,36933.6835
1781339178,R_75,36923.2689
1781339180,R_75,36923.1701
1781339182,R_75,36925.4013
1781339184,R_75,36918.4318
1781339186,R_75,36919.5422
1781339188,R_75,36924.1151
1781339190,R_75,36916.7584
1781339192,R_75,36915.4951
1781339194,R_75,36920.0767
1781339196,R_75,36918.9502
1781339198,R_75,36922.7956
1781339200,R_75,36936.6733
1781339202,R_75,36939.666
1781339204,R_75,36931.721
1781339206,R_75,36938.7453
1781339208,R_75,36927.4774
1781339210,R_75,36930.2279
1781339212,R_75,36939.7625
1781339214,R_75,36944.6524
1781339216,R_75,36928.4113
1781339218,R_75,36926.8274
1781339220,R_75,36930.0688
1781339222,R_75,36931.2207
1781339224,R_75,36940.1795
1781339226,R_75,36951.9442
1781339228,R_75,36947.1314
1781339230,R_75,36956.0521
1781339232,R_75,36958.6958
1781339234,R_75,36955.8821
1781339236,R_75,36954.9692
1781339238,R_75,36953.1154
1781339240,R_75,36952.0209
1781339242,R_75,36959.3362
1781339244,R_75,36961.753
1781339246,R_75,36967.7937
1781339248,R_75,36969.0027
1781339250,R_75,36958.51
1781339252,R_75,36963.305
1781339254,R_75,36963.3111
1781339256,R_75,36966.1808
1781339258,R_75,36961.6281
1781339260,R_75,36956.8242
1781339262,R_75,36959.8195
1781339264,R_75,36961.5502
1781339266,R_75,36960.9038
1781339268,R_75,36966.6249
1781339270,R_75,36962.2113
1781339272,R_75,36970.6769
1781339274,R_75,36970.9155
1781339276,R_75,36976.4653
1781339278,R_75,36965.6598
1781339280,R_75,36968.9681
1781339282,R_75,36958.6202
1781339284,R_75,36960.9775
1781339286,R_75,36952.933
1781339288,R_75,36945.2154
1781339290,R_75,36957.6564
1781339292,R_75,36959.6505
1781339294,R_75,36962.7959
1781339296,R_75,36958.8432
1781339298,R_75,36965.7887
1781339300,R_75,36964.8817
1781339302,R_75,36981.9533
1781339304,R_75,36971.0707
1781339306,R_75,36972.3445
1781339308,R_75,36970.974
1781339310,R_75,36980.5334
1781339312,R_75,36977.972
1781339314,R_75,36978.5734
1781339316,R_75,36977.0163
1781339318,R_75,36969.7984
1781339320,R_75,36963.6789
1781339322,R_75,36958.5668
1781339324,R_75,36958.5219
1781339326,R_75,36960.0914
1781339328,R_75,36963.0315
1781339330,R_75,36967.038
1781339332,R_75,36965.851
1781339334,R_75,36969.941
1781339336,R_75,36974.8745
1781339338,R_75,36966.3796
1781339340,R_75,36972.7053
1781339342,R_75,36970.2336
1781339344,R_75,36964.6888
1781339346,R_75,36966.8575
1781339348,R_75,36972.8902
1781339350,R_75,36971.3383
1781339352,R_75,36969.0691
1781339354,R_75,36968.9686
1781339356,R_75,36969.269
1781339358,R_75,36976.7427
1781339360,R_75,36982.9019
1781339362,R_75,36981.3083
1781339364,R_75,36984.031
1781339366,R_75,36974.0695
1781339368,R_75,36973.3531
1781339370,R_75,36984.4656
1781339372,R_75,36991.4221
1781339374,R_75,36990.0933
1781339376,R_75,36997.471
1781339378,R_75,37000.5228
1781339380,R_75,36986.2706
1781339382,R_75,36994.0367
1781339384,R_75,36984.0387
1781339386,R_75,36973.4942
1781339388,R_75,36964.2507
1781339390,R_75,36972.0933
1781339392,R_75,36974.4294
1781339394,R_75,36962.5404
1781339396,R_75,36968.6139
1781339398,R_75,36963.3182
1781339400,R_75,36961.8097
1781339402,R_75,36964.9532
1781339404,R_75,36954.2742
1781339406,R_75,36962.3495
1781339408,R_75,36963.3742
1781339410,R_75,36975.045
1781339412,R_75,36979.8303
1781339414,R_75,36982.7622
1781339416,R_75,36980.4038
1781339418,R_75,36979.4276
1781339420,R_75,36968.8602
1781339422,R_75,36960.3942
1781339424,R_75,36965.4742
1781339426,R_75,36966.5233
1781339428,R_75,36966.1419
1781339430,R_75,36970.3148
1781339432,R_75,36981.5424
1781339434,R_75,36980.0853
1781339436,R_75,36989.5371
1781339438,R_75,36988.4756
1781339440,R_75,36991.608
1781339442,R_75,36989.6838
1781339444,R_75,36992.4852
1781339446,R_75,36985.4193
1781339448,R_75,36998.6792
1781339450,R_75,36989.5938
1781339452,R_75,36996.0002
1781339454,R_75,36997.6616
1781339456,R_75,36995.6638
1781339458,R_75,36998.5091
1781339460,R_75,37003.9982
1781339462,R_75,37010.9139
1781339464,R_75,37003.4186
1781339466,R_75,37004.1756
1781339468,R_75,37000.1489
1781339470,R_75,37010.394
1781339472,R_75,37003.318
1781339474,R_75,37014.1462
1781339476,R_75,37006.1455
1781339478,R_75,37016.8714
1781339480,R_75,37019.8727
1781339482,R_75,37019.4392
1781339484,R_75,37027.2894
1781339486,R_75,37022.6937
1781339488,R_75,37011.4114
1781339490,R_75,37014.2404
1781339492,R_75,37019.4932
1781339494,R_75,37024.5979
1781339496,R_75,37015.804
1781339498,R_75,37009.1937
1781339500,R_75,37009.4099
1781339502,R_75,37011.9495
1781339504,R_75,37016.2378
1781339506,R_75,37021.3906
1781339508,R_75,37016.3545
1781339510,R_75,37012.7118
1781339512,R_75,37015.8137
1781339514,R_75,37010.1859
1781339516,R_75,37011.9499
1781339518,R_75,37011.8857
1781339520,R_75,37004.5612
1781339522,R_75,37015.6904
1781339524,R_75,37031.114
1781339526,R_75,37033.6031
1781339528,R_75,37032.7917
1781339530,R_75,37028.0591
1781339532,R_75,37017.4249
1781339534,R_75,37012.6248
1781339536,R_75,37018.0031
1781339538,R_75,37013.5059
1781339540,R_75,37006.3724
1781339542,R_75,37016.2915
1781339544,R_75,37012.4388
1781339546,R_75,37001.0406
1781339548,R_75,36989.9182
1781339550,R_75,36984.0771
1781339552,R_75,36980.5213
1781339554,R_75,36986.7306
1781339556,R_75,36985.0869
1781339558,R_75,36979.3277
1781339560,R_75,36998.8835
1781339562,R_75,36986.0107
1781339564,R_75,36982.0405
1781339566,R_75,36980.74
1781339568,R_75,36975.6721
1781339570,R_75,36965.0137
1781339572,R_75,36975.0324
1781339574,R_75,36965.7786
1781339576,R_75,36962.5867
1781339578,R_75,36951.2697
1781339580,R_75,36934.8872
1781339582,R_75,36932.5823
1781339584,R_75,36925.7846
1781339586,R_75,36928.3609
1781339588,R_75,36928.5684
1781339590,R_75,36941.1453
1781339592,R_75,36939.1752
1781339594,R_75,36941.2808
1781339596,R_75,36938.051
1781339598,R_75,36939.273
1781339600,R_75,36942.9889
1781339602,R_75,36957.3547
1781339604,R_75,36956.9864
1781339606,R_75,36945.5415
1781339608,R_75,36954.6463
1781339610,R_75,36962.8862
1781339612,R_75,36961.7429
1781339614,R_75,36974.1933
1781339616,R_75,36978.4594
1781339618,R_75,36982.0473
1781339620,R_75,36978.1791
1781339622,R_75,36964.4171
1781339624,R_75,36967.2078
1781339626,R_75,36973.4559
1781339628,R_75,36965.5351
1781339630,R_75,36970.9985
1781339632,R_75,36968.329
1781339634,R_75,36971.4985
1781339636,R_75,36959.3094
1781339638,R_75,36957.7026
1781339640,R_75,36951.9486
1781339642,R_75,36949.8172
1781339644,R_75,36942.9416
1781339646,R_75,36943.5595
1781339648,R_75,36942.7649
1781339650,R_75,36950.2185
1781339652,R_75,36952.4173
1781339654,R_75,36958.2432
1781339656,R_75,36962.655
1781339658,R_75,36961.9599
1781339660,R_75,36965.6994
1781339662,R_75,36982.4996
1781339664,R_75,36978.8988
1781339666,R_75,36976.138
1781339668,R_75,36973.9522
1781339670,R_75,36972.4694
1781339672,R_75,36971.3121
1781339674,R_75,36972.0498
1781339676,R_75,36987.794
1781339678,R_75,36979.3389
1781339680,R_75,36976.7752
1781339682,R_75,36978.3669
1781339684,R_75,36966.601
1781339686,R_75,36969.2747
1781339688,R_75,36963.7858
1781339690,R_75,36958.9857
1781339692,R_75,36955.9644
1781339694,R_75,36952.6303
1781339696,R_75,36962.1628
1781339698,R_75,36967.4894
1781339700,R_75,36957.4367
1781339702,R_75,36974.6136
1781339704,R_75,36971.9059
1781339706,R_75,36970.2665
1781339708,R_75,36965.3586
1781339710,R_75,36960.7986
1781339712,R_75,36959.8206
1781339714,R_75,36963.7038
1781339716,R_75,36969.924
1781339718,R_75,36974.8472
1781339720,R_75,36959.9294
1781339722,R_75,36966.8378
1781339724,R_75,36964.6673
1781339726,R_75,36966.1383
1781339728,R_75,36973.9164
1781339730,R_75,36966.2513
1781339732,R_75,36961.1539
1781339734,R_75,36959.9449
1781339736,R_75,36963.6263
1781339738,R_75,36964.9506
1781339740,R_75,36959.4582
1781339742,R_75,36975.3949
1781339744,R_75,36961.7721
1781339746,R_75,36961.3464
1781339748,R_75,36956.3267
1781339750,R_75,36947.4827
1781339752,R_75,36951.0012
1781339754,R_75,36948.0833
1781339756,R_75,36951.6652
1781339758,R_75,36957.7218
1781339760,R_75,36967.8005
1781339762,R_75,36971.4015
1781339764,R_75,36974.6748
1781339766,R_75,36975.1246
1781339768,R_75,36981.3998
1781339770,R_75,36993.6301
1781339772,R_75,37000.7051
1781339774,R_75,36998.8384
1781339776,R_75,36998.6536
1781339778,R_75,37004.4714
1781339780,R_75,36993.9388
1781339782,R_75,36988.9782
1781339784,R_75,36979.1713
1781339786,R_75,36989.851
1781339788,R_75,36994.0993
1781339790,R_75,36995.5306
1781339792,R_75,36997.8843
1781339794,R_75,37008.168
1781339796,R_75,37005.4517
1781339798,R_75,37005.7644
1781339800,R_75,37016.5427
1781339802,R_75,37011.7828
1781339804,R_75,37013.4322
1781339806,R_75,37005.9497
1781339808,R_75,37001.8826
1781339810,R_75,37002.9869
1781339812,R_75,37007.801
1781339814,R_75,37011.7403
1781339816,R_75,37013.3642
1781339818,R_75,37013.9929
1781339820,R_75,37016.5011
1781339822,R_75,37024.3516
1781339824,R_75,37023.6234
1781339826,R_75,37026.8924
1781339828,R_75,37009.8675
1781339830,R_75,36998.3968
1781339832,R_75,37011.4514
1781339834,R_75,37013.0089
1781339836,R_75,37007.7111
1781339838,R_75,37006.5404
1781339840,R_75,37000.2274
1781339842,R_75,36996.9787
1781339844,R_75,36984.7567
1781339846,R_75,36984.7622
1781339848,R_75,36984.5073
1781339850,R_75,36985.878
1781339852,R_75,36981.0464
1781339854,R_75,36986.9289
1781339856,R_75,36972.8492
1781339858,R_75,36976.4425
1781339860,R_75,36978.4024
1781339862,R_75,36990.8456
1781339864,R_75,36968.5445
1781339866,R_75,36966.2126
1781339868,R_75,36972.514
1781339870,R_75,36973.8423
1781339872,R_75,36988.0912
1781339874,R_75,36989.7674
1781339876,R_75,36992.3542
1781339878,R_75,36991.0788
1781339880,R_75,36999.9028
1781339882,R_75,37001.1544
1781339884,R_75,37007.0631
1781339886,R_75,37011.0491
1781339888,R_75,37015.6888
1781339890,R_75,37021.2689
1781339892,R_75,37027.0669
1781339894,R_75,37025.357
1781339896,R_75,37030.8408
1781339898,R_75,37029.3397
1781339900,R_75,37021.6174
1781339902,R_75,37016.5763
1781339904,R_75,37008.729
1781339906,R_75,37008.1873
1781339908,R_75,37007.3616
1781339910,R_75,37002.7155
1781339912,R_75,37018.6083
1781339914,R_75,37011.6287
1781339916,R_75,37010.1999
1781339918,R_75,37012.0206
1781339920,R_75,37010.3086
1781339922,R_75,37011.8447
1781339924,R_75,36991.5479
1781339926,R_75,36986.9894
1781339928,R_75,36985.9477
1781339930,R_75,36989.5501
1781339932,R_75,36987.9322
1781339934,R_75,36990.8708
1781339936,R_75,36995.504
1781339938,R_75,36992.6796
1781339940,R_75,36998.5955
1781339942,R_75,36993.7948
1781339944,R_75,37000.4926
1781339946,R_75,36998.9471
1781339948,R_75,36988.5195
1781339950,R_75,36996.5778
1781339952,R_75,36998.4371
1781339954,R_75,37001.4796
1781339956,R_75,36994.895
1781339958,R_75,36994.654
1781339960,R_75,36993.3769
1781339962,R_75,36996.1549
1781339964,R_75,37001.8734
1781339966,R_75,36995.7036
1781339968,R_75,36979.2784
1781339970,R_75,36996.1582
1781339972,R_75,36989.9226
1781339974,R_75,36994.2828
1781339976,R_75,37000.5091
1781339978,R_75,37000.2525
1781339980,R_75,36989.964
1781339982,R_75,36980.0019
1781339984,R_75,36981.6735
1781339986,R_75,36987.0638
1781339988,R_75,36990.8595
1781339990,R_75,36998.4742
1781339992,R_75,36999.7271
1781339994,R_75,36998.5628
1781339996,R_75,37006.2565
1781339998,R_75,37026.896
1781340000,R_75,37040.144
1781340002,R_75,37049.1967
1781340004,R_75,37051.288
1781340006,R_75,37047.7339
1781340008,R_75,37050.0589
1781340010,R_75,37054.0992
1781340012,R_75,37060.5187
1781340014,R_75,37065.8729
1781340016,R_75,37063.6119
1781340018,R_75,37059.3017
1781340020,R_75,37062.2259
1781340022,R_75,37065.6169
1781340024,R_75,37073.2048
1781340026,R_75,37082.7422
1781340028,R_75,37085.2419
1781340030,R_75,37089.4807
1781340032,R_75,37096.8512
1781340034,R_75,37103.4946
1781340036,R_75,37099.2103
1781340038,R_75,37098.053
1781340040,R_75,37109.1116
1781340042,R_75,37104.6327
1781340044,R_75,37109.8359
1781340046,R_75,37109.5897
1781340048,R_75,37107.7143
1781340050,R_75,37113.9145
1781340052,R_75,37116.2846
1781340054,R_75,37114.2161
1781340056,R_75,37107.4605
1781340058,R_75,37095.6113
1781340060,R_75,37089.7319
1781340062,R_75,37089.3232
1781340064,R_75,37097.773
1781340066,R_75,37102.8525
1781340068,R_75,37106.3635
1781340070,R_75,37103.4359
1781340072,R_75,37103.9622
1781340074,R_75,37104.7184
1781340076,R_75,37095.6341
1781340078,R_75,37095.4891
1781340080,R_75,37103.7394
1781340082,R_75,37098.7845
1781340084,R_75,37080.3538
1781340086,R_75,37076.7305
1781340088,R_75,37072.5855
1781340090,R_75,37068.3097
1781340092,R_75,37048.6084
1781340094,R_75,37035.1267
1781340096,R_75,37022.1979
1781340098,R_75,37016.7216
1781340100,R_75,37019.378
1781340102,R_75,37012.0128
1781340104,R_75,37013.7808
1781340106,R_75,37009.2882
1781340108,R_75,37021.2614
1781340110,R_75,37033.6774
1781340112,R_75,37032.1041
1781340114,R_75,37031.0643
1781340116,R_75,37042.0918
1781340118,R_75,37045.9067
1781340120,R_75,37037.7396
1781340122,R_75,37033.9468
1781340124,R_75,37046.5026
1781340126,R_75,37044.3494
1781340128,R_75,37035.7794
1781340130,R_75,37033.867
1781340132,R_75,37030.556
1781340134,R_75,37035.0268
1781340136,R_75,37041.0511
1781340138,R_75,37041.4757
1781340140,R_75,37048.5302
1781340142,R_75,37052.5164
1781340144,R_75,37057.3989
1781340146,R_75,37066.033
1781340148,R_75,37064.9287
1781340150,R_75,37061.0157
1781340152,R_75,37065.235
1781340154,R_75,37064.0308
1781340156,R_75,37068.0052
1781340158,R_75,37078.1876
1781340160,R_75,37093.4702
1781340162,R_75,37094.1004
1781340164,R_75,37104.021
1781340166,R_75,37106.3497
1781340168,R_75,37113.3308
1781340170,R_75,37102.0665
1781340172,R_75,37100.9333
1781340174,R_75,37103.999
1781340176,R_75,37095.0534
1781340178,R_75,37092.6428
1781340180,R_75,37100.568
1781340182,R_75,37111.6179
1781340184,R_75,37111.0429
1781340186,R_75,37112.2946
1781340188,R_75,37113.0883
1781340190,R_75,37120.3586
1781340192,R_75,37125.6727
1781340194,R_75,37126.7473
1781340196,R_75,37134.8675
1781340198,R_75,37133.7903
1781340200,R_75,37133.8892
1781340202,R_75,37128.3758
1781340204,R_75,37123.3016
1781340206,R_75,37112.5908
1781340208,R_75,37114.8503
1781340210,R_75,37126.6575
1781340212,R_75,37128.8694
1781340214,R_75,37135.9928
1781340216,R_75,37133.1665
1781340218,R_75,37129.4667
1781340220,R_75,37140.4718
1781340222,R_75,37142.1229
1781340224,R_75,37127.347
1781340226,R_75,37118.7234
1781340228,R_75,37099.5414
1781340230,R_75,37086.9894
1781340232,R_75,37080.5644
1781340234,R_75,37073.8803
1781340236,R_75,37066.2159
1781340238,R_75,37056.3858
1781340240,R_75,37043.8672
1781340242,R_75,37047.0199
1781340244,R_75,37051.0643
1781340246,R_75,37049.3838
1781340248,R_75,37054.824
1781340250,R_75,37063.3103
1781340252,R_75,37056.6344
1781340254,R_75,37045.909
1781340256,R_75,37041.4574
1781340258,R_75,37036.982
1781340260,R_75,37038.7645
1781340262,R_75,37043.0802
1781340264,R_75,37045.4235
1781340266,R_75,37029.8604
1781340268,R_75,37025.9838
1781340270,R_75,37014.6482
1781340272,R_75,37017.2365
1781340274,R_75,37017.0884
1781340276,R_75,37023.8442
1781340278,R_75,37018.8887
1781340280,R_75,37011.4239
1781340282,R_75,37022.8251
1781340284,R_75,37026.918
1781340286,R_75,37021.9228
1781340288,R_75,37017.6174
1781340290,R_75,37023.0658
1781340292,R_75,37020.83
1781340294,R_75,37013.9933
1781340296,R_75,37011.6901
1781340298,R_75,37014.6678
1781340300,R_75,37019.5823
1781340302,R_75,37018.1993
1781340304,R_75,37031.9307
1781340306,R_75,37034.2617
1781340308,R_75,37036.6771
1781340310,R_75,37036.536
1781340312,R_75,37032.4014
1781340314,R_75,37030.6538
1781340316,R_75,37021.6896
1781340318,R_75,37028.2473
1781340320,R_75,37023.8756
1781340322,R_75,37021.4519
1781340324,R_75,37020.7215
1781340326,R_75,37023.4672
1781340328,R_75,37033.0957
1781340330,R_75,37029.3439
1781340332,R_75,37030.6524
1781340334,R_75,37026.2082
1781340336,R_75,37036.0448
1781340338,R_75,37036.21
1781340340,R_75,37042.1573
1781340342,R_75,37047.2597
1781340344,R_75,37038.2985
1781340346,R_75,37045.6708
1781340348,R_75,37025.2311
1781340350,R_75,37040.3839
1781340352,R_75,37043.8306
1781340354,R_75,37050.5234
1781340356,R_75,37046.7248
1781340358,R_75,37042.4779
1781340360,R_75,37057.7962
1781340362,R_75,37056.9028
1781340364,R_75,37056.5296
1781340366,R_75,37065.5362
1781340368,R_75,37066.6461
1781340370,R_75,37073.1438
1781340372,R_75,37075.3141
1781340374,R_75,37066.5496
1781340376,R_75,37067.2055
1781340378,R_75,37066.0897
1781340380,R_75,37061.6605
1781340382,R_75,37065.0216
1781340384,R_75,37067.8219
1781340386,R_75,37065.3135
1781340388,R_75,37062.592
1781340390,R_75,37059.5537
1781340392,R_75,37053.8665
1781340394,R_75,37056.5326
1781340396,R_75,37053.3505
1781340398,R_75,37053.5865
1781340400,R_75,37044.4278
1781340402,R_75,37039.9916
1781340404,R_75,37049.481
1781340406,R_75,37042.1607
1781340408,R_75,37041.5746
1781340410,R_75,37043.5279
1781340412,R_75,37045.5274
1781340414,R_75,37056.5679
1781340416,R_75,37055.8202
1781340418,R_75,37062.9976
1781340420,R_75,37070.3241
1781340422,R_75,37065.3713
1781340424,R_75,37072.8008
1781340426,R_75,37062.7491
1781340428,R_75,37065.8006
1781340430,R_75,37064.7935
1781340432,R_75,37075.1115
1781340434,R_75,37075.2216
1781340436,R_75,37067.3684
1781340438,R_75,37057.3818
1781340440,R_75,37062.184
1781340442,R_75,37068.1393
1781340444,R_75,37079.4553
1781340446,R_75,37082.6232
1781340448,R_75,37092.4219
1781340450,R_75,37106.6939
1781340452,R_75,37108.2992
1781340454,R_75,37101.499
1781340456,R_75,37101.5939
1781340458,R_75,37093.0694
1781340460,R_75,37101.9271
1781340462,R_75,37114.6771
1781340464,R_75,37115.4682
1781340466,R_75,37111.6164
1781340468,R_75,37105.3677
1781340470,R_75,37113.3485
1781340472,R_75,37115.9215
1781340474,R_75,37115.9625
1781340476,R_75,37127.2433
1781340478,R_75,37127.2224
1781340480,R_75,37131.3564
1781340482,R_75,37136.5916
1781340484,R_75,37144.5882
1781340486,R_75,37150.8613
1781340488,R_75,37146.6888
1781340490,R_75,37149.892
1781340492,R_75,37142.7819
1781340494,R_75,37153.0972
1781340496,R_75,37168.1504
1781340498,R_75,37162.9079
1781340500,R_75,37160.646
1781340502,R_75,37162.7136
1781340504,R_75,37167.3599
1781340506,R_75,37180.075
1781340508,R_75,37169.4973
1781340510,R_75,37168.6657
1781340512,R_75,37172.0806
1781340514,R_75,37171.1764
1781340516,R_75,37171.4499
1781340518,R_75,37177.6039
1781340520,R_75,37175.0706
1781340522,R_75,37183.8375
1781340524,R_75,37185.4452
1781340526,R_75,37201.5153
1781340528,R_75,37195.4384
1781340530,R_75,37207.5437
1781340532,R_75,37203.2053
1781340534,R_75,37203.9514
1781340536,R_75,37205.3258
1781340538,R_75,37199.3852
1781340540,R_75,37190.0875
1781340542,R_75,37186.0028
1781340544,R_75,37180.5109
1781340546,R_75,37187.1093
1781340548,R_75,37181.8017
1781340550,R_75,37167.1189
1781340552,R_75,37161.78
1781340554,R_75,37153.0281
1781340556,R_75,37169.9456
1781340558,R_75,37161.2621
1781340560,R_75,37161.7194
1781340562,R_75,37173.4883
1781340564,R_75,37167.4598
1781340566,R_75,37175.3631
1781340568,R_75,37161.2076
1781340570,R_75,37152.6455
1781340572,R_75,37148.322
1781340574,R_75,37138.2091
1781340576,R_75,37145.7884
1781340578,R_75,37151.948
1781340580,R_75,37156.3776
1781340582,R_75,37160.2307
1781340584,R_75,37164.418
1781340586,R_75,37165.9528
1781340588,R_75,37170.7123
1781340590,R_75,37169.8551
1781340592,R_75,37160.1488
1781340594,R_75,37148.7725
1781340596,R_75,37142.4913
1781340598,R_75,37136.3713
1781340600,R_75,37134.0212
1781340602,R_75,37139.4016
1781340604,R_75,37127.2698
1781340606,R_75,37112.1782
1781340608,R_75,37123.7853
1781340610,R_75,37123.715
1781340612,R_75,37110.5332
1781340614,R_75,37108.722
1781340616,R_75,37107.6017
1781340618,R_75,37113.6151
1781340620,R_75,37117.6669
1781340622,R_75,37121.9248
1781340624,R_75,37117.6122
1781340626,R_75,37121.408
1781340628,R_75,37125.4834
1781340630,R_75,37114.5302
1781340632,R_75,37110.8378
1781340634,R_75,37114.8346
1781340636,R_75,37116.93
1781340638,R_75,37121.4311
1781340640,R_75,37107.0246
1781340642,R_75,37109.2501
1781340644,R_75,37104.3976
1781340646,R_75,37106.6438
1781340648,R_75,37124.6832
1781340650,R_75,37105.1993
1781340652,R_75,37104.9005
1781340654,R_75,37112.0975
1781340656,R_75,37109.4873
1781340658,R_75,37114.6024
1781340660,R_75,37111.8596
1781340662,R_75,37114.7511
1781340664,R_75,37116.9432
1781340666,R_75,37117.2948
1781340668,R_75,37114.5954
1781340670,R_75,37110.0777
1781340672,R_75,37105.6099
1781340674,R_75,37102.4082
1781340676,R_75,37098.8533
1781340678,R_75,37096.6182
1781340680,R_75,37094.5487
1781340682,R_75,37101.4694
1781340684,R_75,37098.0713
1781340686,R_75,37100.5668
1781340688,R_75,37094.0826
1781340690,R_75,37095.265
1781340692,R_75,37096.9516
1781340694,R_75,37095.936
1781340696,R_75,37102.9649
1781340698,R_75,37102.693
1781340700,R_75,37105.1366
1781340702,R_75,37103.3313
1781340704,R_75,37095.9909
1781340706,R_75,37091.4058
1781340708,R_75,37090.4972
1781340710,R_75,37092.3213
1781340712,R_75,37096.6803
1781340714,R_75,37095.1669
1781340716,R_75,37085.7191
1781340718,R_75,37083.458
1781340720,R_75,37073.6697
1781340722,R_75,37086.8586
1781340724,R_75,37090.8223
1781340726,R_75,37094.3649
1781340728,R_75,37097.0523
1781340730,R_75,37086.5662
1781340732,R_75,37088.0688
1781340734,R_75,37092.5362
1781340736,R_75,37089.8682
1781340738,R_75,37078.2892
1781340740,R_75,37085.3591
1781340742,R_75,37077.3426
1781340744,R_75,37080.1094
1781340746,R_75,37082.0655
1781340748,R_75,37069.5405
1781340750,R_75,37076.2089
1781340752,R_75,37077.5866
1781340754,R_75,37074.4748
1781340756,R_75,37083.997
1781340758,R_75,37073.253
1781340760,R_75,37081.0151
1781340762,R_75,37079.1428
1781340764,R_75,37075.4151
1781340766,R_75,37087.802
1781340768,R_75,37087.2616
1781340770,R_75,37080.7201
1781340772,R_75,37078.9932
1781340774,R_75,37070.5201
1781340776,R_75,37068.8665
1781340778,R_75,37069.1743
1781340780,R_75,37071.51
1781340782,R_75,37058.5797
1781340784,R_75,37060.0717
1781340786,R_75,37046.0563
1781340788,R_75,37048.7077
1781340790,R_75,37048.3424
1781340792,R_75,37041.6139
1781340794,R_75,37053.3996
1781340796,R_75,37063.3494
1781340798,R_75,37076.254
1781340800,R_75,37076.0372
1781340802,R_75,37070.0209
1781340804,R_75,37068.538
1781340806,R_75,37058.4403
1781340808,R_75,37056.7135
1781340810,R_75,37061.6593
1781340812,R_75,37056.7389
1781340814,R_75,37062.2861
1781340816,R_75,37050.1496
1781340818,R_75,37056.9268
1781340820,R_75,37059.4374
1781340822,R_75,37062.2834
1781340824,R_75,37052.7093
1781340826,R_75,37054.2467
1781340828,R_75,37035.8801
1781340830,R_75,37030.0745
1781340832,R_75,37039.2318
1781340834,R_75,37035.4547
1781340836,R_75,37042.6406
1781340838,R_75,37043.4029
1781340840,R_75,37048.9742
1781340842,R_75,37044.304
1781340844,R_75,37039.3592
1781340846,R_75,37046.7998
1781340848,R_75,37053.5084
1781340850,R_75,37056.2492
1781340852,R_75,37050.3336
1781340854,R_75,37047.1887
1781340856,R_75,37061.2683
1781340858,R_75,37063.0925
1781340860,R_75,37059.0082
1781340862,R_75,37054.4663
1781340864,R_75,37057.8076
1781340866,R_75,37050.6824
1781340868,R_75,37056.777
1781340870,R_75,37042.033
1781340872,R_75,37049.6282
1781340874,R_75,37057.267
1781340876,R_75,37050.4735
1781340878,R_75,37042.882
1781340880,R_75,37040.7438
1781340882,R_75,37043.7038
1781340884,R_75,37040.8037
1781340886,R_75,37042.6103
1781340888,R_75,37046.8885
1781340890,R_75,37061.8876
1781340892,R_75,37059.6553
1781340894,R_75,37056.4111
1781340896,R_75,37059.2938
1781340898,R_75,37050.4116
1781340900,R_75,37054.3445
1781340902,R_75,37055.0288
1781340904,R_75,37059.1381
1781340906,R_75,37063.7853
1781340908,R_75,37072.3954
1781340910,R_75,37083.5758
1781340912,R_75,37065.2088
1781340914,R_75,37068.5121
1781340916,R_75,37065.49
1781340918,R_75,37081.1802
1781340920,R_75,37069.9188
1781340922,R_75,37063.7769
1781340924,R_75,37060.2207
1781340926,R_75,37050.6375
1781340928,R_75,37042.0683
1781340930,R_75,37043.1533
1781340932,R_75,37041.2765
1781340934,R_75,37031.7342
1781340936,R_75,37033.2901
1781340938,R_75,37026.473
1781340940,R_75,37027.0869
1781340942,R_75,37029.818
1781340944,R_75,37034.1504
1781340946,R_75,37048.9156
1781340948,R_75,37052.0335
1781340950,R_75,37060.4845
1781340952,R_75,37073.4839
1781340954,R_75,37083.7191
1781340956,R_75,37087.3713
1781340958,R_75,37084.6055
1781340960,R_75,37088.0172
1781340962,R_75,37094.16
1781340964,R_75,37091.7154
1781340966,R_75,37095.5223
1781340968,R_75,37105.6411
1781340970,R_75,37104.5634
1781340972,R_75,37112.0241
1781340974,R_75,37107.6725
1781340976,R_75,37102.3214
1781340978,R_75,37098.3172
1781340980,R_75,37099.7249
1781340982,R_75,37105.4174
1781340984,R_75,37117.7597
1781340986,R_75,37121.0324
1781340988,R_75,37117.2046
1781340990,R_75,37117.9468
1781340992,R_75,37113.4888
1781340994,R_75,37110.71
1781340996,R_75,37116.2714
1781340998,R_75,37114.9567
1781341000,R_75,37117.1152
1781341002,R_75,37128.2538
1781341004,R_75,37133.2772
1781341006,R_75,37142.1277
1781341008,R_75,37132.7669
1781341010,R_75,37136.8235
1781341012,R_75,37137.407
1781341014,R_75,37139.6828
1781341016,R_75,37143.8966
1781341018,R_75,37140.7033
1781341020,R_75,37146.9201
1781341022,R_75,37137.1664
1781341024,R_75,37129.8422
1781341026,R_75,37130.4583
1781341028,R_75,37133.9203
1781341030,R_75,37129.4739
1781341032,R_75,37138.2016
1781341034,R_75,37133.0878
1781341036,R_75,37134.4765
1781341038,R_75,37136.1818
1781341040,R_75,37142.0138
1781341042,R_75,37134.7695
1781341044,R_75,37145.743
1781341046,R_75,37147.2945
1781341048,R_75,37155.4559
1781341050,R_75,37158.8174
1781341052,R_75,37166.987
1781341054,R_75,37173.5681
1781341056,R_75,37165.6895
1781341058,R_75,37170.0806
1781341060,R_75,37166.6511
1781341062,R_75,37179.4671
1781341064,R_75,37183.7288
1781341066,R_75,37187.5891
1781341068,R_75,37173.9877
1781341070,R_75,37178.3787
1781341072,R_75,37174.6122
1781341074,R_75,37176.9122
1781341076,R_75,37172.1567
1781341078,R_75,37172.6267
1781341080,R_75,37167.3144
1781341082,R_75,37164.7286
1781341084,R_75,37155.4534
1781341086,R_75,37156.2606
1781341088,R_75,37157.1857
1781341090,R_75,37153.7434
1781341092,R_75,37148.9965
1781341094,R_75,37157.2324
1781341096,R_75,37157.5262
1781341098,R_75,37155.0314
1781341100,R_75,37153.6897
1781341102,R_75,37165.1389
1781341104,R_75,37149.3482
1781341106,R_75,37160.2534
1781341108,R_75,37164.6619
1781341110,R_75,37166.181
1781341112,R_75,37164.5882
1781341114,R_75,37167.8753
1781341116,R_75,37158.385
1781341118,R_75,37154.6899
1781341120,R_75,37150.1979
1781341122,R_75,37144.1323
1781341124,R_75,37146.1342
1781341126,R_75,37141.7159
1781341128,R_75,37125.633
1781341130,R_75,37131.7687
1781341132,R_75,37130.6408
1781341134,R_75,37125.2078
1781341136,R_75,37123.5642
1781341138,R_75,37123.0491
1781341140,R_75,37117.9378
1781341142,R_75,37120.3936
1781341144,R_75,37117.3826
1781341146,R_75,37125.6355
1781341148,R_75,37121.2383
1781341150,R_75,37112.7268
1781341152,R_75,37119.929
1781341154,R_75,37117.6831
1781341156,R_75,37108.5752
1781341158,R_75,37105.8018
1781341160,R_75,37098.6091
1781341162,R_75,37097.1502
1781341164,R_75,37089.3009
1781341166,R_75,37089.7726
1781341168,R_75,37084.5539
1781341170,R_75,37078.2354
1781341172,R_75,37069.1826
1781341174,R_75,37064.5427
1781341176,R_75,37057.4904
1781341178,R_75,37057.636
1781341180,R_75,37058.8702
1781341182,R_75,37069.7282
1781341184,R_75,37075.2367
1781341186,R_75,37070.381
1781341188,R_75,37070.7791
1781341190,R_75,37061.1282
1781341192,R_75,37072.8835
1781341194,R_75,37078.8491
1781341196,R_75,37076.2001
1781341198,R_75,37076.6524
1781341200,R_75,37084.201
1781341202,R_75,37082.2298
1781341204,R_75,37080.9369
1781341206,R_75,37068.4546
1781341208,R_75,37073.4738
1781341210,R_75,37086.6714
1781341212,R_75,37085.8064
1781341214,R_75,37104.7386
1781341216,R_75,37101.3026
1781341218,R_75,37110.8905
1781341220,R_75,37120.4053
1781341222,R_75,37118.9544
1781341224,R_75,37112.9248
1781341226,R_75,37116.042
1781341228,R_75,37112.6292
1781341230,R_75,37116.9058
1781341232,R_75,37122.1442
1781341234,R_75,37126.3935
1781341236,R_75,37122.9252
1781341238,R_75,37132.6984
1781341240,R_75,37137.919
1781341242,R_75,37137.3328
1781341244,R_75,37138.1817
1781341246,R_75,37138.4215
1781341248,R_75,37130.2789
1781341250,R_75,37126.1907
1781341252,R_75,37124.4428
1781341254,R_75,37132.2118
1781341256,R_75,37136.3223
1781341258,R_75,37137.1866
1781341260,R_75,37141.9746
1781341262,R_75,37149.3387
1781341264,R_75,37154.0959
1781341266,R_75,37146.1769
1781341268,R_75,37150.2433
1781341270,R_75,37149.881
1781341272,R_75,37153.3712
1781341274,R_75,37147.7828
1781341276,R_75,37145.7937
1781341278,R_75,37144.2153
1781341280,R_75,37157.0401
1781341282,R_75,37142.8187
1781341284,R_75,37131.5417
1781341286,R_75,37133.4051
1781341288,R_75,37141.6516
1781341290,R_75,37132.3219
1781341292,R_75,37141.0903
1781341294,R_75,37141.2774
1781341296,R_75,37139.19
1781341298,R_75,37149.7289
1781341300,R_75,37147.4611
1781341302,R_75,37153.947
1781341304,R_75,37158.3948
1781341306,R_75,37155.8472
1781341308,R_75,37154.7438
1781341310,R_75,37152.2085
1781341312,R_75,37147.4939
1781341314,R_75,37133.6497
1781341316,R_75,37130.514
1781341318,R_75,37121.089
1781341320,R_75,37118.5081
1781341322,R_75,37131.1406
1781341324,R_75,37131.967
1781341326,R_75,37135.194
1781341328,R_75,37122.6976
1781341330,R_75,37118.8432
1781341332,R_75,37120.6522
1781341334,R_75,37114.1192
1781341336,R_75,37112.5412
1781341338,R_75,37110.2938
1781341340,R_75,37126.6235
1781341342,R_75,37144.1895
1781341344,R_75,37140.3937
1781341346,R_75,37137.7965
1781341348,R_75,37147.5001
1781341350,R_75,37143.0884
1781341352,R_75,37127.6617
1781341354,R_75,37142.534
1781341356,R_75,37147.2795
1781341358,R_75,37158.9232
1781341360,R_75,37149.3244
1781341362,R_75,37145.5446
1781341364,R_75,37141.5923
1781341366,R_75,37139.0406
1781341368,R_75,37134.4472
1781341370,R_75,37138.2504
1781341372,R_75,37139.8605
1781341374,R_75,37140.5683
1781341376,R_75,37138.5072
1781341378,R_75,37140.3497
1781341380,R_75,37140.6847
1781341382,R_75,37140.2285
1781341384,R_75,37139.0801
1781341386,R_75,37141.8047
1781341388,R_75,37140.9274
1781341390,R_75,37143.6108
1781341392,R_75,37139.4389
1781341394,R_75,37145.9976
1781341396,R_75,37143.5446
1781341398,R_75,37148.4592
1781341400,R_75,37156.0131
1781341402,R_75,37172.9238
1781341404,R_75,37173.2318
1781341406,R_75,37169.5408
1781341408,R_75,37163.2253
1781341410,R_75,37149.8217
1781341412,R_75,37153.7781
1781341414,R_75,37152.9372
1781341416,R_75,37150.5522
1781341418,R_75,37147.0386
1781341420,R_75,37134.6977
1781341422,R_75,37141.7039
1781341424,R_75,37141.476
1781341426,R_75,37135.5286
1781341428,R_75,37138.0435
1781341430,R_75,37140.6075
1781341432,R_75,37153.5103
1781341434,R_75,37153.7235
1781341436,R_75,37153.8177
1781341438,R_75,37149.6628
1781341440,R_75,37152.2878
1781341442,R_75,37152.9128
1781341444,R_75,37152.3993
1781341446,R_75,37145.4299
1781341448,R_75,37149.6689
1781341450,R_75,37147.248
1781341452,R_75,37146.5923
1781341454,R_75,37150.673
1781341456,R_75,37154.0179
1781341458,R_75,37143.6993
1781341460,R_75,37140.6439
1781341462,R_75,37147.5283
1781341464,R_75,37143.0007
1781341466,R_75,37151.1046
1781341468,R_75,37147.879
1781341470,R_75,37160.6109
1781341472,R_75,37158.3691
1781341474,R_75,37161.2268
1781341476,R_75,37170.7413
1781341478,R_75,37175.6096
1781341480,R_75,37171.53
1781341482,R_75,37164.9
1781341484,R_75,37151.8385
1781341486,R_75,37162.8464
1781341488,R_75,37172.0622
1781341490,R_75,37173.151
1781341492,R_75,37173.5595
1781341494,R_75,37158.4488
1781341496,R_75,37150.9662
1781341498,R_75,37152.7113
1781341500,R_75,37150.2045
1781341502,R_75,37138.3383
1781341504,R_75,37130.4019
1781341506,R_75,37129.9304
1781341508,R_75,37131.3577
1781341510,R_75,37119.7743
1781341512,R_75,37117.545
1781341514,R_75,37133.0989
1781341516,R_75,37137.8383
1781341518,R_75,37140.0125
1781341520,R_75,37124.193
1781341522,R_75,37118.0934
1781341524,R_75,37115.1653
1781341526,R_75,37108.7074
1781341528,R_75,37112.5911
1781341530,R_75,37115.614
1781341532,R_75,37101.2869
1781341534,R_75,37110.2441
1781341536,R_75,37110.8439
1781341538,R_75,37118.5554
1781341540,R_75,37128.6098
1781341542,R_75,37135.611
1781341544,R_75,37130.2996
1781341546,R_75,37137.7444
1781341548,R_75,37135.8573
1781341550,R_75,37126.7781
1781341552,R_75,37115.1187
1781341554,R_75,37122.9101
1781341556,R_75,37126.9831
1781341558,R_75,37125.5054
1781341560,R_75,37126.9844
1781341562,R_75,37128.6556
1781341564,R_75,37126.0892
1781341566,R_75,37134.647
1781341568,R_75,37147.1873
1781341570,R_75,37164.6431
1781341572,R_75,37149.8658
1781341574,R_75,37155.342
1781341576,R_75,37162.3782
1781341578,R_75,37164.3026
1781341580,R_75,37165.3107
1781341582,R_75,37161.4676
1781341584,R_75,37162.2529
1781341586,R_75,37156.0413
1781341588,R_75,37153.8666
1781341590,R_75,37130.8569
1781341592,R_75,37132.0246
1781341594,R_75,37133.1884
1781341596,R_75,37141.2321
1781341598,R_75,37121.8007
1781341600,R_75,37138.5475
1781341602,R_75,37143.3185
1781341604,R_75,37141.2282
1781341606,R_75,37134.6752
1781341608,R_75,37127.7464
1781341610,R_75,37129.4864
1781341612,R_75,37132.8527
1781341614,R_75,37128.9608
1781341616,R_75,37128.6071
1781341618,R_75,37135.2195
1781341620,R_75,37134.1496
1781341622,R_75,37137.9163
1781341624,R_75,37135.0926
1781341626,R_75,37131.9358
1781341628,R_75,37137.5
1781341630,R_75,37141.4935
1781341632,R_75,37134.9743
1781341634,R_75,37140.1841
1781341636,R_75,37148.104
1781341638,R_75,37144.6599
1781341640,R_75,37156.2824
1781341642,R_75,37151.2837
1781341644,R_75,37156.6055
1781341646,R_75,37159.3996
1781341648,R_75,37156.6117
1781341650,R_75,37165.338
1781341652,R_75,37164.5332
1781341654,R_75,37144.4519
1781341656,R_75,37129.7568
1781341658,R_75,37125.5515
1781341660,R_75,37124.3099
1781341662,R_75,37129.4876
1781341664,R_75,37129.6931
1781341666,R_75,37133.434
1781341668,R_75,37140.0248
1781341670,R_75,37140.3849
1781341672,R_75,37134.5368
1781341674,R_75,37135.6516
1781341676,R_75,37139.1113
1781341678,R_75,37149.5323
1781341680,R_75,37155.305
1781341682,R_75,37154.7571
1781341684,R_75,37161.7155
1781341686,R_75,37160.2431
1781341688,R_75,37161.9124
1781341690,R_75,37161.2306
1781341692,R_75,37163.5837
1781341694,R_75,37155.7942
1781341696,R_75,37155.9063
1781341698,R_75,37153.9473
1781341700,R_75,37149.778
1781341702,R_75,37125.8427
1781341704,R_75,37125.3048
1781341706,R_75,37123.206
1781341708,R_75,37129.3488
1781341710,R_75,37130.4912
1781341712,R_75,37142.5721
1781341714,R_75,37146.5698
1781341716,R_75,37156.0073
1781341718,R_75,37161.0878
1781341720,R_75,37167.347
1781341722,R_75,37174.1626
1781341724,R_75,37175.1876
1781341726,R_75,37166.8036
1781341728,R_75,37177.7913
1781341730,R_75,37182.9875
1781341732,R_75,37177.9863
1781341734,R_75,37172.1678
1781341736,R_75,37170.3064
1781341738,R_75,37176.276
1781341740,R_75,37177.0175
1781341742,R_75,37169.7015
1781341744,R_75,37173.356
1781341746,R_75,37174.828
1781341748,R_75,37165.1413
1781341750,R_75,37178.7407
1781341752,R_75,37173.6849
1781341754,R_75,37168.7648
1781341756,R_75,37175.3495
1781341758,R_75,37183.0951
1781341760,R_75,37186.5878
1781341762,R_75,37179.0831
1781341764,R_75,37178.8385
1781341766,R_75,37192.2969
1781341768,R_75,37201.2948
1781341770,R_75,37205.05
1781341772,R_75,37212.6931
1781341774,R_75,37223.0853
1781341776,R_75,37226.6414
1781341778,R_75,37223.5695
1781341780,R_75,37216.1795
1781341782,R_75,37221.6931
1781341784,R_75,37215.0745
1781341786,R_75,37216.7528
1781341788,R_75,37214.02
1781341790,R_75,37228.5636
1781341792,R_75,37228.0775
1781341794,R_75,37230.605
1781341796,R_75,37236.0258
1781341798,R_75,37244.5283
1781341800,R_75,37244.3794
1781341802,R_75,37248.9303
1781341804,R_75,37260.6234
1781341806,R_75,37259.9777
1781341808,R_75,37254.4996
1781341810,R_75,37259.1247
1781341812,R_75,37259.4917
1781341814,R_75,37275.2019
1781341816,R_75,37270.9063
1781341818,R_75,37269.4246
1781341820,R_75,37256.9123
1781341822,R_75,37254.9184
1781341824,R_75,37254.9359
1781341826,R_75,37267.087
1781341828,R_75,37275.1363
1781341830,R_75,37271.1449
1781341832,R_75,37270.9348
1781341834,R_75,37266.8633
1781341836,R_75,37260.0281
1781341838,R_75,37272.2629
1781341840,R_75,37275.2011
1781341842,R_75,37278.04
1781341844,R_75,37276.1778
1781341846,R_75,37263.8898
1781341848,R_75,37272.8145
1781341850,R_75,37282.5116
1781341852,R_75,37273.276
1781341854,R_75,37267.7276
1781341856,R_75,37263.2675
1781341858,R_75,37261.1278
1781341860,R_75,37254.7449
1781341862,R_75,37257.0759
1781341864,R_75,37252.927
1781341866,R_75,37259.6162
1781341868,R_75,37267.6814
1781341870,R_75,37269.3597
1781341872,R_75,37260.3182
1781341874,R_75,37262.4622
1781341876,R_75,37259.7294
1781341878,R_75,37259.4853
1781341880,R_75,37255.1595
1781341882,R_75,37260.4449
1781341884,R_75,37268.5249
1781341886,R_75,37278.6966
1781341888,R_75,37285.0755
1781341890,R_75,37291.7185
1781341892,R_75,37287.5331
1781341894,R_75,37292.9574
1781341896,R_75,37286.5756
1781341898,R_75,37286.5899
1781341900,R_75,37281.7698
1781341902,R_75,37280.2389
1781341904,R_75,37262.7995
1781341906,R_75,37263.3603
1781341908,R_75,37248.682
1781341910,R_75,37234.208
1781341912,R_75,37240.9017
1781341914,R_75,37244.6346
1781341916,R_75,37247.7043
1781341918,R_75,37244.8036
1781341920,R_75,37250.7927
1781341922,R_75,37248.6668
1781341924,R_75,37243.0613
1781341926,R_75,37241.3402
1781341928,R_75,37234.5959
1781341930,R_75,37227.5399
1781341932,R_75,37220.6386
1781341934,R_75,37217.9511
1781341936,R_75,37204.9085
1781341938,R_75,37203.0338
1781341940,R_75,37192.6019
1781341942,R_75,37187.4638
1781341944,R_75,37184.215
1781341946,R_75,37181.3758
1781341948,R_75,37173.3463
1781341950,R_75,37168.4482
1781341952,R_75,37166.1287
1781341954,R_75,37171.3373
1781341956,R_75,37157.8367
1781341958,R_75,37156.6955
1781341960,R_75,37159.0238
1781341962,R_75,37160.9109
1781341964,R_75,37168.7115
1781341966,R_75,37169.114
1781341968,R_75,37160.0878
1781341970,R_75,37146.7267
1781341972,R_75,37149.1872
1781341974,R_75,37151.7695
1781341976,R_75,37160.1168
1781341978,R_75,37167.1046
1781341980,R_75,37168.0331
1781341982,R_75,37177.2226
1781341984,R_75,37178.4014
1781341986,R_75,37182.4211
1781341988,R_75,37177.3657
1781341990,R_75,37181.9349
1781341992,R_75,37191.1932
1781341994,R_75,37201.7815
1781341996,R_75,37198.2809
1781341998,R_75,37202.0165
1781342000,R_75,37203.2566
1781342002,R_75,37204.5485
1781342004,R_75,37201.6131
1781342006,R_75,37205.9106
1781342008,R_75,37205.839
1781342010,R_75,37213.0703
1781342012,R_75,37220.4324
1781342014,R_75,37225.2671
1781342016,R_75,37218.5576
1781342018,R_75,37218.7701
1781342020,R_75,37219.4493
1781342022,R_75,37231.2024
1781342024,R_75,37241.4266
1781342026,R_75,37236.3606
1781342028,R_75,37228.4823
1781342030,R_75,37235.8052
1781342032,R_75,37241.2807
1781342034,R_75,37242.5115
1781342036,R_75,37254.8583
1781342038,R_75,37251.0101
1781342040,R_75,37258.4537
1781342042,R_75,37258.8473
1781342044,R_75,37260.4501
1781342046,R_75,37263.5219
1781342048,R_75,37257.8671
1781342050,R_75,37260.9695
1781342052,R_75,37250.1999
1781342054,R_75,37248.6396
1781342056,R_75,37244.6925
1781342058,R_75,37231.7833
1781342060,R_75,37227.3624
1781342062,R_75,37229.3903
1781342064,R_75,37224.4664
1781342066,R_75,37227.2119
1781342068,R_75,37212.4308
1781342070,R_75,37220.4281
1781342072,R_75,37241.8718
1781342074,R_75,37244.3273
1781342076,R_75,37247.8685
1781342078,R_75,37245.6127
1781342080,R_75,37237.4174
1781342082,R_75,37242.0889
1781342084,R_75,37239.5225
1781342086,R_75,37230.3726
1781342088,R_75,37230.5786
1781342090,R_75,37233.7284
1781342092,R_75,37228.4202
1781342094,R_75,37221.3104
1781342096,R_75,37211.26
1781342098,R_75,37215.931
1781342100,R_75,37226.4071
1781342102,R_75,37217.0529
1781342104,R_75,37209.9028
1781342106,R_75,37220.9818
1781342108,R_75,37227.6694
1781342110,R_75,37212.8994
1781342112,R_75,37202.5247
1781342114,R_75,37190.1431
1781342116,R_75,37204.1854
1781342118,R_75,37200.2644
1781342120,R_75,37188.9926
1781342122,R_75,37183.7974
1781342124,R_75,37196.8354
1781342126,R_75,37200.6837
1781342128,R_75,37201.8542
1781342130,R_75,37207.5056
1781342132,R_75,37201.4933
1781342134,R_75,37209.0574
1781342136,R_75,37206.8581
1781342138,R_75,37220.934
1781342140,R_75,37227.5143
1781342142,R_75,37217.7287
1781342144,R_75,37211.9079
1781342146,R_75,37218.6857
1781342148,R_75,37212.4474
1781342150,R_75,37206.1495
1781342152,R_75,37201.4595
1781342154,R_75,37193.7588
1781342156,R_75,37190.1209
1781342158,R_75,37183.8687
1781342160,R_75,37190.8285
1781342162,R_75,37191.0918
1781342164,R_75,37195.591
1781342166,R_75,37205.6322
1781342168,R_75,37213.2263
1781342170,R_75,37209.0834
1781342172,R_75,37213.9716
1781342174,R_75,37220.4093
1781342176,R_75,37224.2915
1781342178,R_75,37216.6904
1781342180,R_75,37212.7187
1781342182,R_75,37213.4702
1781342184,R_75,37225.8489
1781342186,R_75,37225.95
1781342188,R_75,37227.0213
1781342190,R_75,37224.3284
1781342192,R_75,37220.9908
1781342194,R_75,37213.7659
1781342196,R_75,37215.7745
1781342198,R_75,37197.5268
1781342200,R_75,37209.4182
1781342202,R_75,37209.2607
1781342204,R_75,37203.3457
1781342206,R_75,37201.0603
1781342208,R_75,37193.4362
1781342210,R_75,37190.0582
1781342212,R_75,37201.3968
1781342214,R_75,37212.0718
1781342216,R_75,37230.7141
1781342218,R_75,37226.8202
1781342220,R_75,37216.5138
1781342222,R_75,37218.5685
1781342224,R_75,37222.3615
1781342226,R_75,37210.7739
1781342228,R_75,37202.0464
1781342230,R_75,37200.2941
1781342232,R_75,37203.0166
1781342234,R_75,37202.5123
1781342236,R_75,37202.3346
1781342238,R_75,37194.3275
1781342240,R_75,37184.9386
1781342242,R_75,37180.6827
1781342244,R_75,37192.6043
1781342246,R_75,37184.7377
1781342248,R_75,37183.8702
1781342250,R_75,37165.4962
1781342252,R_75,37167.6922
1781342254,R_75,37164.8877
1781342256,R_75,37154.3985
1781342258,R_75,37157.33
1781342260,R_75,37149.9921
1781342262,R_75,37142.0251
1781342264,R_75,37145.1208
1781342266,R_75,37149.9186
1781342268,R_75,37140.3075
1781342270,R_75,37134.7407
1781342272,R_75,37131.4056
1781342274,R_75,37127.9932
1781342276,R_75,37143.0706
1781342278,R_75,37138.3243
1781342280,R_75,37143.3918
1781342282,R_75,37152.2841
1781342284,R_75,37159.6254
1781342286,R_75,37155.483
1781342288,R_75,37162.6676
1781342290,R_75,37157.4488
1781342292,R_75,37168.0525
1781342294,R_75,37169.6558
1781342296,R_75,37173.5337
1781342298,R_75,37158.3272
1781342300,R_75,37147.074
1781342302,R_75,37150.9809
1781342304,R_75,37138.5823
1781342306,R_75,37135.6634
1781342308,R_75,37122.2573
1781342310,R_75,37130.9637
1781342312,R_75,37117.9961
1781342314,R_75,37115.5443
1781342316,R_75,37116.4326
1781342318,R_75,37110.9435
1781342320,R_75,37113.9233
1781342322,R_75,37113.9213
1781342324,R_75,37110.6253
1781342326,R_75,37111.5432
1781342328,R_75,37110.4466
1781342330,R_75,37111.0595
1781342332,R_75,37112.2866
1781342334,R_75,37112.939
1781342336,R_75,37122.4606
1781342338,R_75,37120.9393
1781342340,R_75,37120.5594
1781342342,R_75,37105.4744
1781342344,R_75,37105.8811
1781342346,R_75,37104.8798
1781342348,R_75,37100.5431
1781342350,R_75,37106.4008
1781342352,R_75,37110.6858
1781342354,R_75,37109.9564
1781342356,R_75,37112.018
1781342358,R_75,37105.7163
1781342360,R_75,37104.9405
1781342362,R_75,37111.4986
1781342364,R_75,37116.6244
1781342366,R_75,37114.9012
1781342368,R_75,37109.0827
1781342370,R_75,37110.375
1781342372,R_75,37115.7116
1781342374,R_75,37119.1507
1781342376,R_75,37114.6757
1781342378,R_75,37127.7976
1781342380,R_75,37117.0189
1781342382,R_75,37115.172
1781342384,R_75,37124.7925
1781342386,R_75,37122.9111
1781342388,R_75,37111.8844
1781342390,R_75,37113.0239
1781342392,R_75,37114.192
1781342394,R_75,37117.199
1781342396,R_75,37121.9718
1781342398,R_75,37121.5515
1781342400,R_75,37120.7127
1781342402,R_75,37124.8882
1781342404,R_75,37117.5884
1781342406,R_75,37115.7656
1781342408,R_75,37107.3904
1781342410,R_75,37102.7184
1781342412,R_75,37104.6818
1781342414,R_75,37097.0311
1781342416,R_75,37095.1615
1781342418,R_75,37092.2374
1781342420,R_75,37085.4873
1781342422,R_75,37095.6151
1781342424,R_75,37103.8066
1781342426,R_75,37100.1188
1781342428,R_75,37093.2304
1781342430,R_75,37092.6179
1781342432,R_75,37090.0977
1781342434,R_75,37080.6569
1781342436,R_75,37072.3849
1781342438,R_75,37072.1326
1781342440,R_75,37065.5142
1781342442,R_75,37074.9818
1781342444,R_75,37076.5694
1781342446,R_75,37073.726
1781342448,R_75,37082.7598
1781342450,R_75,37087.4794
1781342452,R_75,37085.7586
1781342454,R_75,37091.1142
1781342456,R_75,37090.0076
1781342458,R_75,37093.624
1781342460,R_75,37084.804
1781342462,R_75,37083.8985
1781342464,R_75,37089.7954
1781342466,R_75,37096.566
1781342468,R_75,37102.8228
1781342470,R_75,37106.5718
1781342472,R_75,37096.7831
1781342474,R_75,37086.6346
1781342476,R_75,37086.0706
1781342478,R_75,37091.8178
1781342480,R_75,37098.3623
1781342482,R_75,37099.5527
1781342484,R_75,37106.6371
1781342486,R_75,37099.2298
1781342488,R_75,37093.2422
1781342490,R_75,37092.8759
1781342492,R_75,37084.6604
1781342494,R_75,37079.742
1781342496,R_75,37085.8404
1781342498,R_75,37089.8514
1781342500,R_75,37082.0524
1781342502,R_75,37084.4177
1781342504,R_75,37089.0643
1781342506,R_75,37081.9673
1781342508,R_75,37081.9466
1781342510,R_75,37081.3677
1781342512,R_75,37090.5493
1781342514,R_75,37084.0005
1781342516,R_75,37076.1431
1781342518,R_75,37081.4867
1781342520,R_75,37075.7773
1781342522,R_75,37076.7
1781342524,R_75,37080.6099
1781342526,R_75,37080.4549
1781342528,R_75,37078.0166
1781342530,R_75,37086.6898
1781342532,R_75,37082.1532
1781342534,R_75,37079.6117
1781342536,R_75,37066.1103
1781342538,R_75,37080.839
1781342540,R_75,37084.3769
1781342542,R_75,37090.7223
1781342544,R_75,37081.9801
1781342546,R_75,37082.424
1781342548,R_75,37082.0333
1781342550,R_75,37077.3538
1781342552,R_75,37072.4653
1781342554,R_75,37072.3646
1781342556,R_75,37073.2431
1781342558,R_75,37074.4708
1781342560,R_75,37072.4828
1781342562,R_75,37073.3923
1781342564,R_75,37068.2129
1781342566,R_75,37065.8644
1781342568,R_75,37082.0644
1781342570,R_75,37073.4811
1781342572,R_75,37076.9486
1781342574,R_75,37075.6077
1781342576,R_75,37082.3291
1781342578,R_75,37082.3733
1781342580,R_75,37087.3957
1781342582,R_75,37089.5199
1781342584,R_75,37081.7934
1781342586,R_75,37086.1499
1781342588,R_75,37088.8616
1781342590,R_75,37092.4706
1781342592,R_75,37090.8717
1781342594,R_75,37084.2099
1781342596,R_75,37082.0567
1781342598,R_75,37076.0569
1781342600,R_75,37079.2386
1781342602,R_75,37082.4697
1781342604,R_75,37080.2287
1781342606,R_75,37085.966
1781342608,R_75,37079.812
1781342610,R_75,37063.5412
1781342612,R_75,37073.0465
1781342614,R_75,37082.4111
1781342616,R_75,37091.1385
1781342618,R_75,37080.7788
1781342620,R_75,37076.5166
1781342622,R_75,37084.1037
1781342624,R_75,37075.9717
1781342626,R_75,37090.7189
1781342628,R_75,37092.6458
1781342630,R_75,37097.1109
1781342632,R_75,37096.1831
1781342634,R_75,37094.6418
1781342636,R_75,37102.2626
1781342638,R_75,37113.246
1781342640,R_75,37114.8484
1781342642,R_75,37126.514
1781342644,R_75,37136.4022
1781342646,R_75,37127.3982
1781342648,R_75,37124.4792
1781342650,R_75,37116.22
1781342652,R_75,37115.2984
1781342654,R_75,37112.3077
1781342656,R_75,37119.2468
1781342658,R_75,37130.2344
1781342660,R_75,37121.4556
1781342662,R_75,37116.6626
1781342664,R_75,37106.1526
1781342666,R_75,37096.0658
1781342668,R_75,37096.0217
1781342670,R_75,37101.8315
1781342672,R_75,37097.9205
1781342674,R_75,37096.2798
1781342676,R_75,37106.0716
1781342678,R_75,37102.1704
1781342680,R_75,37096.7806
1781342682,R_75,37082.1054
1781342684,R_75,37084.1483
1781342686,R_75,37080.7855
1781342688,R_75,37076.6378
1781342690,R_75,37071.1957
1781342692,R_75,37076.5017
1781342694,R_75,37076.4077
1781342696,R_75,37071.7788
1781342698,R_75,37069.0249
1781342700,R_75,37058.079
1781342702,R_75,37056.424
1781342704,R_75,37066.2112
1781342706,R_75,37071.5362
1781342708,R_75,37065.7029
1781342710,R_75,37062.7843
1781342712,R_75,37068.4215
1781342714,R_75,37066.1812
1781342716,R_75,37064.7408
1781342718,R_75,37069.3222
1781342720,R_75,37071.2912
1781342722,R_75,37080.9346
1781342724,R_75,37081.4347
1781342726,R_75,37082.3943
1781342728,R_75,37060.6049
1781342730,R_75,37050.5961
1781342732,R_75,37052.6787
1781342734,R_75,37059.729
1781342736,R_75,37060.5928
1781342738,R_75,37060.5602
1781342740,R_75,37061.206
1781342742,R_75,37064.4206
1781342744,R_75,37056.4495
1781342746,R_75,37050.332
1781342748,R_75,37049.6178
1781342750,R_75,37043.7757
1781342752,R_75,37032.41
1781342754,R_75,37027.2473
1781342756,R_75,37020.505
1781342758,R_75,37022.1942
1781342760,R_75,37025.2885
1781342762,R_75,37032.9351
1781342764,R_75,37035.1571
1781342766,R_75,37028.5881
1781342768,R_75,37039.437
1781342770,R_75,37036.3004
1781342772,R_75,37036.7544
1781342774,R_75,37031.9006
1781342776,R_75,37043.8138
1781342778,R_75,37035.3342
1781342780,R_75,37033.1159
1781342782,R_75,37044.1793
1781342784,R_75,37050.4453
1781342786,R_75,37053.5518
1781342788,R_75,37057.0427
1781342790,R_75,37058.8147
1781342792,R_75,37056.6228
1781342794,R_75,37050.521
1781342796,R_75,37050.4754
1781342798,R_75,37046.5652
1781342800,R_75,37047.9456
1781342802,R_75,37029.0976
1781342804,R_75,37019.8406
1781342806,R_75,37011.6069
1781342808,R_75,37022.4037
1781342810,R_75,37012.9983
1781342812,R_75,37025.5113
1781342814,R_75,37033.1311
1781342816,R_75,37027.8956
1781342818,R_75,37031.8549
1781342820,R_75,37035.3815
1781342822,R_75,37037.5627
1781342824,R_75,37036.2125
1781342826,R_75,37039.2468
1781342828,R_75,37041.5918
1781342830,R_75,37059.3529
1781342832,R_75,37062.9187
1781342834,R_75,37061.6356
1781342836,R_75,37063.2749
1781342838,R_75,37065.2307
1781342840,R_75,37064.2375
1781342842,R_75,37069.4615
1781342844,R_75,37064.953
1781342846,R_75,37052.4253
1781342848,R_75,37057.6243
1781342850,R_75,37050.9172
1781342852,R_75,37048.9495
1781342854,R_75,37046.8855
1781342856,R_75,37049.3054
1781342858,R_75,37059.2964
1781342860,R_75,37061.1271
1781342862,R_75,37053.9595
1781342864,R_75,37056.4642
1781342866,R_75,37056.5198
1781342868,R_75,37078.5385
1781342870,R_75,37081.1405
1781342872,R_75,37071.7843
1781342874,R_75,37072.6013
1781342876,R_75,37079.1742
1781342878,R_75,37076.6395
1781342880,R_75,37074.1591
1781342882,R_75,37073.5562
1781342884,R_75,37062.984
1781342886,R_75,37057.033
1781342888,R_75,37052.6195
1781342890,R_75,37050.423
1781342892,R_75,37044.0915
1781342894,R_75,37052.1249
1781342896,R_75,37044.7012
1781342898,R_75,37051.3769
1781342900,R_75,37049.5091
1781342902,R_75,37045.8765
1781342904,R_75,37043.1753
1781342906,R_75,37048.9302
1781342908,R_75,37045.76
1781342910,R_75,37047.7734
1781342912,R_75,37041.6685
1781342914,R_75,37037.3101
1781342916,R_75,37044.5248
1781342918,R_75,37040.0933
1781342920,R_75,37028.4996
1781342922,R_75,37038.6013
1781342924,R_75,37036.4544
1781342926,R_75,37031.7518
1781342928,R_75,37024.7998
1781342930,R_75,37036.0487
1781342932,R_75,37040.1984
1781342934,R_75,37046.8524
1781342936,R_75,37050.8863
1781342938,R_75,37060.9728
1781342940,R_75,37066.148
1781342942,R_75,37069.9427
1781342944,R_75,37077.0278
1781342946,R_75,37073.3655
1781342948,R_75,37076.3052
1781342950,R_75,37061.562
1781342952,R_75,37055.4506
1781342954,R_75,37057.2038
1781342956,R_75,37060.2833
1781342958,R_75,37059.8218
1781342960,R_75,37061.0001
1781342962,R_75,37048.0578
1781342964,R_75,37044.1974
1781342966,R_75,37050.9142
1781342968,R_75,37052.3149
1781342970,R_75,37041.7862
1781342972,R_75,37054.5001
1781342974,R_75,37061.5663
1781342976,R_75,37064.5971
1781342978,R_75,37058.0853
1781342980,R_75,37064.7606
1781342982,R_75,37053.3218
1781342984,R_75,37052.3359
1781342986,R_75,37055.0494
1781342988,R_75,37057.2305
1781342990,R_75,37057.3435
1781342992,R_75,37061.2961
1781342994,R_75,37047.6229
1781342996,R_75,37051.4994
1781342998,R_75,37044.828
1781343000,R_75,37031.8143
1781343002,R_75,37026.3597
1781343004,R_75,37022.9044
1781343006,R_75,37040.0884
1781343008,R_75,37039.9657
1781343010,R_75,37032.3209
1781343012,R_75,37048.9686
1781343014,R_75,37054.6734
1781343016,R_75,37055.7279
1781343018,R_75,37061.9843
1781343020,R_75,37058.7772
1781343022,R_75,37061.6493
1781343024,R_75,37070.5151
1781343026,R_75,37071.5252
1781343028,R_75,37074.4078
1781343030,R_75,37076.1949
1781343032,R_75,37085.7022
1781343034,R_75,37094.2468
1781343036,R_75,37087.5651
1781343038,R_75,37085.7706
1781343040,R_75,37091.3569
1781343042,R_75,37091.3296
1781343044,R_75,37087.1978
1781343046,R_75,37086.0416
1781343048,R_75,37083.6977
1781343050,R_75,37083.9199
1781343052,R_75,37075.7248
1781343054,R_75,37079.3463
1781343056,R_75,37091.1054
1781343058,R_75,37098.535
1781343060,R_75,37100.7317
1781343062,R_75,37095.8359
1781343064,R_75,37095.9814
1781343066,R_75,37077.4755
1781343068,R_75,37073.0792
1781343070,R_75,37065.9237
1781343072,R_75,37060.7653
1781343074,R_75,37066.5256
1781343076,R_75,37070.1886
1781343078,R_75,37076.117
1781343080,R_75,37077.6219
1781343082,R_75,37066.5989
1781343084,R_75,37065.5875
1781343086,R_75,37071.8092
1781343088,R_75,37059.1314
1781343090,R_75,37057.0402
1781343092,R_75,37054.8243
1781343094,R_75,37065.7675
1781343096,R_75,37068.3996
1781343098,R_75,37059.4746
1781343100,R_75,37068.3669
1781343102,R_75,37071.2521
1781343104,R_75,37077.1409
1781343106,R_75,37097.51
1781343108,R_75,37090.4074
1781343110,R_75,37095.1607
1781343112,R_75,37095.7184
1781343114,R_75,37096.6972
1781343116,R_75,37084.0961
1781343118,R_75,37072.9241
1781343120,R_75,37078.4914
1781343122,R_75,37081.9625
1781343124,R_75,37070.4287
1781343126,R_75,37089.7801
1781343128,R_75,37071.6732
1781343130,R_75,37061.8328
1781343132,R_75,37065.1998
1781343134,R_75,37064.4737
1781343136,R_75,37051.3203
1781343138,R_75,37048.2174
1781343140,R_75,37051.5075
1781343142,R_75,37045.1871
1781343144,R_75,37035.2969
1781343146,R_75,37033.5265
1781343148,R_75,37043.1664
1781343150,R_75,37052.4592
1781343152,R_75,37044.9858
1781343154,R_75,37046.5765
1781343156,R_75,37059.0348
1781343158,R_75,37058.9954
1781343160,R_75,37062.4428
1781343162,R_75,37055.439
1781343164,R_75,37049.1779
1781343166,R_75,37044.8132
1781343168,R_75,37053.4284
1781343170,R_75,37052.9012
1781343172,R_75,37062.0777
1781343174,R_75,37062.5932
1781343176,R_75,37069.7258
1781343178,R_75,37075.4967
1781343180,R_75,37075.3101
1781343182,R_75,37080.98
1781343184,R_75,37076.6658
1781343186,R_75,37074.6498
1781343188,R_75,37064.5969
1781343190,R_75,37070.8832
1781343192,R_75,37083.7815
1781343194,R_75,37086.2376
1781343196,R_75,37088.2708
1781343198,R_75,37087.4308
1781343200,R_75,37072.7233
1781343202,R_75,37067.0913
1781343204,R_75,37074.3251
1781343206,R_75,37067.9904
1781343208,R_75,37054.9611
1781343210,R_75,37062.3591
1781343212,R_75,37068.6671
1781343214,R_75,37070.3071
1781343216,R_75,37069.868
1781343218,R_75,37062.6352
1781343220,R_75,37063.6097
1781343222,R_75,37063.9006
1781343224,R_75,37068.986
1781343226,R_75,37069.0921
1781343228,R_75,37078.7132
1781343230,R_75,37082.4603
1781343232,R_75,37083.802
1781343234,R_75,37082.1843
1781343236,R_75,37077.9623
1781343238,R_75,37073.5594
1781343240,R_75,37073.0719
1781343242,R_75,37073.926
1781343244,R_75,37076.9843
1781343246,R_75,37078.2917
1781343248,R_75,37069.4221
1781343250,R_75,37073.7537
1781343252,R_75,37072.6135
1781343254,R_75,37076.5496
1781343256,R_75,37082.0921
1781343258,R_75,37080.7768
1781343260,R_75,37084.0634
1781343262,R_75,37081.3095
1781343264,R_75,37083.2647
1781343266,R_75,37073.9437
1781343268,R_75,37073.0934
1781343270,R_75,37075.7066
1781343272,R_75,37075.86
1781343274,R_75,37069.5156
1781343276,R_75,37066.8938
1781343278,R_75,37062.1763
1781343280,R_75,37067.7833
1781343282,R_75,37061.6943
1781343284,R_75,37054.1964
1781343286,R_75,37059.5657
1781343288,R_75,37062.6523
1781343290,R_75,37057.1338
1781343292,R_75,37059.9207
1781343294,R_75,37053.893
1781343296,R_75,37044.4974
1781343298,R_75,37054.2528
1781343300,R_75,37056.8656
1781343302,R_75,37045.6675
1781343304,R_75,37047.3497
1781343306,R_75,37039.7698
1781343308,R_75,37035.3904
1781343310,R_75,37030.9818
1781343312,R_75,37033.5728
1781343314,R_75,37016.5031
1781343316,R_75,37017.6504
1781343318,R_75,37020.5005
1781343320,R_75,37026.8276
1781343322,R_75,37034.6623
1781343324,R_75,37025.5457
1781343326,R_75,37022.8178
1781343328,R_75,37020.7509
1781343330,R_75,37028.8864
1781343332,R_75,37032.361
1781343334,R_75,37028.517
1781343336,R_75,37029.8017
1781343338,R_75,37029.9648
1781343340,R_75,37021.5845
1781343342,R_75,37029.0623
1781343344,R_75,37023.5365
1781343346,R_75,37015.5169
1781343348,R_75,37026.8591
1781343350,R_75,37029.3916
1781343352,R_75,37023.9729
1781343354,R_75,37023.1988
1781343356,R_75,37023.0358
1781343358,R_75,37027.4126
1781343360,R_75,37026.663
1781343362,R_75,37021.2307
1781343364,R_75,37017.0805
1781343366,R_75,37023.049
1781343368,R_75,37024.9153
1781343370,R_75,37033.6953
1781343372,R_75,37032.8095
1781343374,R_75,37025.487
1781343376,R_75,37017.9862
1781343378,R_75,37018.4743
1781343380,R_75,37011.0185
1781343382,R_75,37010.1416
1781343384,R_75,37010.3227
1781343386,R_75,36995.7133
1781343388,R_75,36994.5725
1781343390,R_75,36991.2953
1781343392,R_75,36999.7488
1781343394,R_75,36999.6608
1781343396,R_75,37002.8617
1781343398,R_75,36992.0638
1781343400,R_75,36995.6704
1781343402,R_75,37001.2305
1781343404,R_75,37001.1825
1781343406,R_75,37012.8937
1781343408,R_75,36991.5095
1781343410,R_75,37003.9138
1781343412,R_75,36992.5102
1781343414,R_75,36988.3118
1781343416,R_75,36990.5385
1781343418,R_75,36972.5566
1781343420,R_75,36962.4928
1781343422,R_75,36964.1333
1781343424,R_75,36969.1537
1781343426,R_75,36960.3675
1781343428,R_75,36942.8595
1781343430,R_75,36950.767
1781343432,R_75,36946.5472
1781343434,R_75,36947.5815
1781343436,R_75,36941.7428
1781343438,R_75,36950.1079
1781343440,R_75,36960.8635
1781343442,R_75,36956.3796
1781343444,R_75,36952.1219
1781343446,R_75,36947.7324
1781343448,R_75,36949.2727
1781343450,R_75,36944.4773
1781343452,R_75,36943.0684
1781343454,R_75,36930.7158
1781343456,R_75,36932.388
1781343458,R_75,36914.4589
1781343460,R_75,36916.0091
1781343462,R_75,36904.8723
1781343464,R_75,36910.7267
1781343466,R_75,36916.5994
1781343468,R_75,36901.6678
1781343470,R_75,36898.7621
1781343472,R_75,36893.9555
1781343474,R_75,36899.0576
1781343476,R_75,36890.6394
1781343478,R_75,36884.762
1781343480,R_75,36888.8648
1781343482,R_75,36892.8805
1781343484,R_75,36888.4716
1781343486,R_75,36898.805
1781343488,R_75,36897.7124
1781343490,R_75,36912.0856
1781343492,R_75,36911.6967
1781343494,R_75,36906.869
1781343496,R_75,36905.636
1781343498,R_75,36896.1855
1781343500,R_75,36895.1235
1781343502,R_75,36909.0771
1781343504,R_75,36914.647
1781343506,R_75,36917.6973
1781343508,R_75,36916.6418
1781343510,R_75,36924.0009
1781343512,R_75,36932.6235
1781343514,R_75,36945.948
1781343516,R_75,36945.2283
1781343518,R_75,36950.1373
1781343520,R_75,36956.4546
1781343522,R_75,36952.3836
1781343524,R_75,36958.4375
1781343526,R_75,36947.6033
1781343528,R_75,36953.1015
1781343530,R_75,36948.5089
1781343532,R_75,36952.6168
1781343534,R_75,36957.4866
1781343536,R_75,36959.9908
1781343538,R_75,36977.8659
1781343540,R_75,36978.4011
1781343542,R_75,36972.0311
1781343544,R_75,36974.2699
1781343546,R_75,36962.7924
1781343548,R_75,36965.6403
1781343550,R_75,36958.8466
1781343552,R_75,36953.938
1781343554,R_75,36966.4833
1781343556,R_75,36959.9403
1781343558,R_75,36952.2011
1781343560,R_75,36953.077
1781343562,R_75,36944.0662
1781343564,R_75,36939.3756
1781343566,R_75,36929.6673
1781343568,R_75,36931.9588
1781343570,R_75,36919.265
1781343572,R_75,36921.3822
1781343574,R_75,36922.1803
1781343576,R_75,36915.6599
1781343578,R_75,36910.5111
1781343580,R_75,36906.4919
1781343582,R_75,36921.3335
1781343584,R_75,36917.9214
1781343586,R_75,36914.5198
1781343588,R_75,36896.5753
1781343590,R_75,36897.5241
1781343592,R_75,36893.9794
1781343594,R_75,36895.6711
1781343596,R_75,36888.8006
1781343598,R_75,36891.8002
1781343600,R_75,36890.9957
1781343602,R_75,36890.9205
1781343604,R_75,36883.777
1781343606,R_75,36880.5697
1781343608,R_75,36871.7411
1781343610,R_75,36874.4719
1781343612,R_75,36862.9187
1781343614,R_75,36859.6092
1781343616,R_75,36868.549
1781343618,R_75,36865.5241
1781343620,R_75,36858.8462
1781343622,R_75,36855.1545
1781343624,R_75,36846.4763
1781343626,R_75,36847.4997
1781343628,R_75,36852.1116
1781343630,R_75,36851.1294
1781343632,R_75,36856.8492
1781343634,R_75,36866.0606
1781343636,R_75,36866.6549
1781343638,R_75,36871.2359
1781343640,R_75,36868.3823
1781343642,R_75,36874.4743
1781343644,R_75,36886.2552
1781343646,R_75,36872.2495
1781343648,R_75,36870.0736
1781343650,R_75,36867.3276
1781343652,R_75,36872.417
1781343654,R_75,36884.6897
1781343656,R_75,36873.3513
1781343658,R_75,36860.9417
1781343660,R_75,36850.3141
1781343662,R_75,36840.7809
1781343664,R_75,36852.1959
1781343666,R_75,36844.6725
1781343668,R_75,36838.3704
1781343670,R_75,36836.9897
1781343672,R_75,36838.8054
1781343674,R_75,36837.016
1781343676,R_75,36844.5804
1781343678,R_75,36854.3709
1781343680,R_75,36856.2111
1781343682,R_75,36852.7663
1781343684,R_75,36857.9378
1781343686,R_75,36850.7905
1781343688,R_75,36835.1981
1781343690,R_75,36847.4144
1781343692,R_75,36840.5121
1781343694,R_75,36843.7816
1781343696,R_75,36836.4546
1781343698,R_75,36831.9508
1781343700,R_75,36830.696
1781343702,R_75,36829.1269
1781343704,R_75,36837.1561
1781343706,R_75,36847.3719
1781343708,R_75,36851.9448
1781343710,R_75,36847.4561
1781343712,R_75,36830.6966
1781343714,R_75,36837.7846
1781343716,R_75,36828.1779
1781343718,R_75,36831.9379
1781343720,R_75,36816.8591
1781343722,R_75,36815.7694
1781343724,R_75,36821.3693
1781343726,R_75,36823.6878
1781343728,R_75,36823.9559
1781343730,R_75,36828.5795
1781343732,R_75,36822.4767
1781343734,R_75,36822.9445
1781343736,R_75,36815.0043
1781343738,R_75,36812.7477
1781343740,R_75,36804.8735
1781343742,R_75,36818.5521
1781343744,R_75,36827.2724
1781343746,R_75,36825.7218
1781343748,R_75,36812.1336
1781343750,R_75,36823.2891
1781343752,R_75,36818.4775
1781343754,R_75,36815.9549
1781343756,R_75,36813.4903
1781343758,R_75,36811.1948
1781343760,R_75,36812.8378
1781343762,R_75,36807.0014
1781343764,R_75,36815.9658
1781343766,R_75,36808.9128
1781343768,R_75,36807.8758
1781343770,R_75,36796.5261
1781343772,R_75,36792.9429
1781343774,R_75,36799.5747
1781343776,R_75,36805.8027
1781343778,R_75,36813.7575
1781343780,R_75,36809.612
1781343782,R_75,36806.215
1781343784,R_75,36809.144
1781343786,R_75,36816.0785
1781343788,R_75,36804.3003
1781343790,R_75,36813.3201
1781343792,R_75,36815.5683
1781343794,R_75,36812.8337
1781343796,R_75,36805.0382
1781343798,R_75,36817.0544
1781343800,R_75,36818.5436
1781343802,R_75,36828.1852
1781343804,R_75,36830.1407
1781343806,R_75,36817.7619
1781343808,R_75,36832.1593
1781343810,R_75,36830.8072
1781343812,R_75,36827.7938
1781343814,R_75,36838.9359
1781343816,R_75,36835.048
1781343818,R_75,36839.9798
1781343820,R_75,36839.7332
1781343822,R_75,36845.9685
1781343824,R_75,36839.8001
1781343826,R_75,36832.9632
1781343828,R_75,36833.1695
1781343830,R_75,36834.3086
1781343832,R_75,36822.8095
1781343834,R_75,36816.7852
1781343836,R_75,36821.1386
1781343838,R_75,36810.6656
1781343840,R_75,36803.6134
1781343842,R_75,36810.9314
1781343844,R_75,36799.858
1781343846,R_75,36808.3833
1781343848,R_75,36807.4669
1781343850,R_75,36810.2547
1781343852,R_75,36807.1585
1781343854,R_75,36804.1549
1781343856,R_75,36804.8049
1781343858,R_75,36811.6293
1781343860,R_75,36806.7359
1781343862,R_75,36804.9099
1781343864,R_75,36807.2964
1781343866,R_75,36798.3239
1781343868,R_75,36798.4441
1781343870,R_75,36780.249
1781343872,R_75,36769.4263
1781343874,R_75,36779.2142
1781343876,R_75,36770.1768
1781343878,R_75,36777.086
1781343880,R_75,36784.1256
1781343882,R_75,36775.9935
1781343884,R_75,36763.9984
1781343886,R_75,36776.7528
1781343888,R_75,36765.5049
1781343890,R_75,36763.9811
1781343892,R_75,36760.6099
1781343894,R_75,36752.1729
1781343896,R_75,36761.5519
1781343898,R_75,36758.9702
1781343900,R_75,36761.1551
1781343902,R_75,36769.4478
1781343904,R_75,36761.6305
1781343906,R_75,36748.8645
1781343908,R_75,36749.7839
1781343910,R_75,36754.5166
1781343912,R_75,36758.9236
1781343914,R_75,36750.8905
1781343916,R_75,36744.2382
1781343918,R_75,36732.6003
1781343920,R_75,36734.6917
1781343922,R_75,36727.5993
1781343924,R_75,36733.516
1781343926,R_75,36724.4497
1781343928,R_75,36727.6255
1781343930,R_75,36717.6875
1781343932,R_75,36714.6441
1781343934,R_75,36711.343
1781343936,R_75,36697.6752
1781343938,R_75,36694.0924
1781343940,R_75,36690.5768
1781343942,R_75,36688.731
1781343944,R_75,36689.6432
1781343946,R_75,36685.7652
1781343948,R_75,36677.3982
1781343950,R_75,36672.2054
1781343952,R_75,36677.1968
1781343954,R_75,36675.0163
1781343956,R_75,36673.2756
1781343958,R_75,36682.6326
1781343960,R_75,36679.4536
1781343962,R_75,36685.4335
1781343964,R_75,36679.159
1781343966,R_75,36673.7706
1781343968,R_75,36678.8197
1781343970,R_75,36680.6846
1781343972,R_75,36674.2275
1781343974,R_75,36665.8411
1781343976,R_75,36674.7781
1781343978,R_75,36671.1851
1781343980,R_75,36665.2195
1781343982,R_75,36655.8113
1781343984,R_75,36639.6971
1781343986,R_75,36649.0375
1781343988,R_75,36662.0162
1781343990,R_75,36664.1838
1781343992,R_75,36668.9082
1781343994,R_75,36655.2226
1781343996,R_75,36650.7067
1781343998,R_75,36660.6061
1781344000,R_75,36660.8962
1781344002,R_75,36664.1431
1781344004,R_75,36664.6864
1781344006,R_75,36655.7514
1781344008,R_75,36645.3645
1781344010,R_75,36633.8439
1781344012,R_75,36639.1142
1781344014,R_75,36629.2691
1781344016,R_75,36634.7844
1781344018,R_75,36630.2826
1781344020,R_75,36637.8045
1781344022,R_75,36630.9428
1781344024,R_75,36630.57
1781344026,R_75,36628.7512
1781344028,R_75,36635.0122
1781344030,R_75,36643.1752
1781344032,R_75,36632.1023
1781344034,R_75,36637.0541
1781344036,R_75,36644.1474
1781344038,R_75,36641.6319
1781344040,R_75,36624.7885
1781344042,R_75,36627.6678
1781344044,R_75,36632.2047
1781344046,R_75,36632.9658
1781344048,R_75,36635.47
1781344050,R_75,36631.8368
1781344052,R_75,36634.1977
1781344054,R_75,36638.7894
1781344056,R_75,36636.272
1781344058,R_75,36629.8411
1781344060,R_75,36632.7365
1781344062,R_75,36637.6138
1781344064,R_75,36642.7757
1781344066,R_75,36654.2755
1781344068,R_75,36657.4867
1781344070,R_75,36668.1004
1781344072,R_75,36686.8968
1781344074,R_75,36678.4276
1781344076,R_75,36678.4388
1781344078,R_75,36667.4276
1781344080,R_75,36665.9289
1781344082,R_75,36674.5215
1781344084,R_75,36681.4596
1781344086,R_75,36682.2571
1781344088,R_75,36681.0239
1781344090,R_75,36673.479
1781344092,R_75,36666.9929
1781344094,R_75,36664.9924
1781344096,R_75,36669.5691
1781344098,R_75,36657.712
1781344100,R_75,36655.0983
1781344102,R_75,36654.6867
1781344104,R_75,36655.6183
1781344106,R_75,36652.3446
1781344108,R_75,36654.715
1781344110,R_75,36659.8341
1781344112,R_75,36656.9288
1781344114,R_75,36650.0501
1781344116,R_75,36642.8472
1781344118,R_75,36643.9264
1781344120,R_75,36653.4952
1781344122,R_75,36656.0011
1781344124,R_75,36671.4406
1781344126,R_75,36667.0954
1781344128,R_75,36662.2542
1781344130,R_75,36667.9099
1781344132,R_75,36672.1397
1781344134,R_75,36661.6288
1781344136,R_75,36655.1005
1781344138,R_75,36661.1016
1781344140,R_75,36664.0662
1781344142,R_75,36671.822
1781344144,R_75,36661.6348
1781344146,R_75,36667.8938
1781344148,R_75,36670.4703
1781344150,R_75,36660.4932
1781344152,R_75,36669.9368
1781344154,R_75,36660.8749
1781344156,R_75,36660.0207
1781344158,R_75,36657.7495
1781344160,R_75,36656.5279
1781344162,R_75,36647.8656
1781344164,R_75,36651.9514
1781344166,R_75,36653.0784
1781344168,R_75,36656.62
1781344170,R_75,36652.443
1781344172,R_75,36649.4657
1781344174,R_75,36646.6632
1781344176,R_75,36651.3407
1781344178,R_75,36666.064
1781344180,R_75,36658.9548
1781344182,R_75,36657.3967
1781344184,R_75,36662.8272
1781344186,R_75,36666.0198
1781344188,R_75,36653.9244
1781344190,R_75,36654.9898
1781344192,R_75,36664.4067
1781344194,R_75,36677.3582
1781344196,R_75,36683.3968
1781344198,R_75,36675.9632
1781344200,R_75,36671.3919
1781344202,R_75,36671.4125
1781344204,R_75,36671.9756
1781344206,R_75,36648.2834
1781344208,R_75,36655.3542
1781344210,R_75,36639.4866
1781344212,R_75,36634.7334
1781344214,R_75,36635.9809
1781344216,R_75,36636.3364
1781344218,R_75,36631.9712
1781344220,R_75,36634.6566
1781344222,R_75,36630.3412
1781344224,R_75,36639.3978
1781344226,R_75,36637.4073
1781344228,R_75,36635.4014
1781344230,R_75,36638.2334
1781344232,R_75,36632.1466
1781344234,R_75,36633.1295
1781344236,R_75,36629.8326
1781344238,R_75,36625.0216
1781344240,R_75,36627.1564
1781344242,R_75,36628.1533
1781344244,R_75,36619.3413
1781344246,R_75,36621.0658
1781344248,R_75,36626.3788
1781344250,R_75,36625.5969
1781344252,R_75,36630.0193
1781344254,R_75,36634.2149
1781344256,R_75,36640.5466
1781344258,R_75,36634.7658
1781344260,R_75,36631.5167
1781344262,R_75,36640.9684
1781344264,R_75,36647.8109
1781344266,R_75,36652.3593
1781344268,R_75,36635.7339
1781344270,R_75,36646.1012
1781344272,R_75,36658.4981
1781344274,R_75,36666.8474
1781344276,R_75,36672.979
1781344278,R_75,36668.1208
1781344280,R_75,36666.2387
1781344282,R_75,36662.812
1781344284,R_75,36659.3744
1781344286,R_75,36661.0376
1781344288,R_75,36652.5846
1781344290,R_75,36657.0375
1781344292,R_75,36650.7689
1781344294,R_75,36641.1929
1781344296,R_75,36641.7637
1781344298,R_75,36652.2952
1781344300,R_75,36652.593
1781344302,R_75,36657.8388
1781344304,R_75,36654.3011
1781344306,R_75,36669.7457
1781344308,R_75,36676.5211
1781344310,R_75,36666.7603
1781344312,R_75,36661.6617
1781344314,R_75,36657.15
1781344316,R_75,36660.2727
1781344318,R_75,36647.3342
1781344320,R_75,36635.6968
1781344322,R_75,36638.9376
1781344324,R_75,36645.8802
1781344326,R_75,36639.9485
1781344328,R_75,36645.8459
1781344330,R_75,36640.1951
1781344332,R_75,36629.8249
1781344334,R_75,36625.3794
1781344336,R_75,36627.9943
1781344338,R_75,36628.4957
1781344340,R_75,36619.9013
1781344342,R_75,36621.0044
1781344344,R_75,36627.5991
1781344346,R_75,36638.493
1781344348,R_75,36629.5869
1781344350,R_75,36624.2003
1781344352,R_75,36634.7687
1781344354,R_75,36638.7877
1781344356,R_75,36640.7283
1781344358,R_75,36633.3791
1781344360,R_75,36627.6459
1781344362,R_75,36633.9189
1781344364,R_75,36632.8333
1781344366,R_75,36622.4291
1781344368,R_75,36633.0964
1781344370,R_75,36638.2398
1781344372,R_75,36637.4006
1781344374,R_75,36638.5622
1781344376,R_75,36645.1849
1781344378,R_75,36654.4151
1781344380,R_75,36659.9978
1781344382,R_75,36666.8032
1781344384,R_75,36649.4999
1781344386,R_75,36650.5596
1781344388,R_75,36647.978
1781344390,R_75,36643.7166
1781344392,R_75,36641.0609
1781344394,R_75,36643.3282
1781344396,R_75,36640.2911
1781344398,R_75,36631.4924
1781344400,R_75,36635.521
1781344402,R_75,36631.1299
1781344404,R_75,36629.5817
1781344406,R_75,36640.4587
1781344408,R_75,36624.6361
1781344410,R_75,36608.9812
1781344412,R_75,36602.7214
1781344414,R_75,36591.1375
1781344416,R_75,36593.423
1781344418,R_75,36596.5914
1781344420,R_75,36602.189
1781344422,R_75,36611.652
1781344424,R_75,36609.8935
1781344426,R_75,36616.7877
1781344428,R_75,36622.1485
1781344430,R_75,36621.6947
1781344432,R_75,36625.8073
1781344434,R_75,36616.1743
1781344436,R_75,36615.5293
1781344438,R_75,36611.3183
1781344440,R_75,36611.5129
1781344442,R_75,36604.821
1781344444,R_75,36609.0546
1781344446,R_75,36618.8735
1781344448,R_75,36618.1483
1781344450,R_75,36607.727
1781344452,R_75,36610.3138
1781344454,R_75,36606.6566
1781344456,R_75,36613.9823
1781344458,R_75,36610.273
1781344460,R_75,36610.9927
1781344462,R_75,36604.6183
1781344464,R_75,36614.9432
1781344466,R_75,36616.2635
1781344468,R_75,36610.2025
1781344470,R_75,36608.0223
1781344472,R_75,36601.1064
1781344474,R_75,36597.9153
1781344476,R_75,36598.2496
1781344478,R_75,36588.5235
1781344480,R_75,36601.6207
1781344482,R_75,36613.6476
1781344484,R_75,36624.0597
1781344486,R_75,36623.9698
1781344488,R_75,36620.6097
1781344490,R_75,36624.363
1781344492,R_75,36625.0545
1781344494,R_75,36612.308
1781344496,R_75,36606.3868
1781344498,R_75,36600.3844
1781344500,R_75,36590.3461
1781344502,R_75,36583.984
1781344504,R_75,36584.2423
1781344506,R_75,36596.2419
1781344508,R_75,36599.5989
1781344510,R_75,36603.1534
1781344512,R_75,36609.5042
1781344514,R_75,36616.1979
1781344516,R_75,36615.7102
1781344518,R_75,36623.1494
1781344520,R_75,36624.9415
1781344522,R_75,36618.0551
1781344524,R_75,36613.1464
1781344526,R_75,36604.604
1781344528,R_75,36605.892
1781344530,R_75,36619.0213
1781344532,R_75,36621.0796
1781344534,R_75,36626.3007
1781344536,R_75,36621.9118
1781344538,R_75,36631.1273
1781344540,R_75,36618.002
1781344542,R_75,36606.7977
1781344544,R_75,36609.4558
1781344546,R_75,36601.1929
1781344548,R_75,36606.2577
1781344550,R_75,36616.058
1781344552,R_75,36631.0908
1781344554,R_75,36624.451
1781344556,R_75,36624.8845
1781344558,R_75,36637.1948
1781344560,R_75,36624.164
1781344562,R_75,36628.4026
1781344564,R_75,36621.6752
1781344566,R_75,36623.5046
1781344568,R_75,36629.056
1781344570,R_75,36625.367
1781344572,R_75,36610.7551
1781344574,R_75,36607.0534
1781344576,R_75,36611.3234
1781344578,R_75,36609.2154
1781344580,R_75,36627.3304
1781344582,R_75,36620.1081
1781344584,R_75,36634.1497
1781344586,R_75,36640.4703
1781344588,R_75,36651.0991
1781344590,R_75,36646.0894
1781344592,R_75,36639.0432
1781344594,R_75,36644.6175
1781344596,R_75,36649.1165
1781344598,R_75,36653.3392
1781344600,R_75,36641.0594
1781344602,R_75,36633.4271
1781344604,R_75,36632.8351
1781344606,R_75,36635.6212
1781344608,R_75,36638.6104
1781344610,R_75,36643.0797
1781344612,R_75,36639.5139
1781344614,R_75,36635.5718
1781344616,R_75,36630.1002
1781344618,R_75,36633.0517
1781344620,R_75,36641.4993
1781344622,R_75,36635.1141
1781344624,R_75,36640.3373
1781344626,R_75,36649.2739
1781344628,R_75,36649.5544
1781344630,R_75,36652.3206
1781344632,R_75,36655.1831
1781344634,R_75,36658.0437
1781344636,R_75,36667.6026
1781344638,R_75,36674.8158
1781344640,R_75,36680.7879
1781344642,R_75,36678.836
1781344644,R_75,36677.2409
1781344646,R_75,36690.8719
1781344648,R_75,36680.1631
1781344650,R_75,36677.4836
1781344652,R_75,36680.6218
1781344654,R_75,36677.6661
1781344656,R_75,36681.5404
1781344658,R_75,36670.5192
1781344660,R_75,36667.3198
1781344662,R_75,36677.3757
1781344664,R_75,36669.0334
1781344666,R_75,36674.0506
1781344668,R_75,36668.7989
1781344670,R_75,36663.4589
1781344672,R_75,36675.5699
1781344674,R_75,36675.6268
1781344676,R_75,36657.1915
1781344678,R_75,36667.2548
1781344680,R_75,36656.8173
1781344682,R_75,36660.6487
1781344684,R_75,36667.5734
1781344686,R_75,36651.8822
1781344688,R_75,36650.3027
1781344690,R_75,36647.2495
1781344692,R_75,36654.2175
1781344694,R_75,36648.3532
1781344696,R_75,36638.092
1781344698,R_75,36630.5232
1781344700,R_75,36631.23
1781344702,R_75,36613.6609
1781344704,R_75,36633.6211
1781344706,R_75,36633.8793
1781344708,R_75,36640.2972
1781344710,R_75,36627.858
1781344712,R_75,36617.6345
1781344714,R_75,36607.9576
1781344716,R_75,36607.3986
1781344718,R_75,36610.7739
1781344720,R_75,36601.9181
1781344722,R_75,36607.1645
1781344724,R_75,36612.7052
1781344726,R_75,36604.0836
1781344728,R_75,36611.9546
1781344730,R_75,36604.5459
1781344732,R_75,36605.8635
1781344734,R_75,36609.7171
1781344736,R_75,36612.9529
1781344738,R_75,36610.8767
1781344740,R_75,36613.3366
1781344742,R_75,36608.2038
1781344744,R_75,36620.7887
1781344746,R_75,36621.6153
1781344748,R_75,36616.5233
1781344750,R_75,36620.2915
1781344752,R_75,36626.6766
1781344754,R_75,36626.8718
1781344756,R_75,36619.6722
1781344758,R_75,36615.5991
1781344760,R_75,36617.8829
1781344762,R_75,36608.5669
1781344764,R_75,36599.1061
1781344766,R_75,36597.6413
1781344768,R_75,36596.453
1781344770,R_75,36593.6063
1781344772,R_75,36610.1273
1781344774,R_75,36610.6607
1781344776,R_75,36627.2644
1781344778,R_75,36623.0171
1781344780,R_75,36613.2896
1781344782,R_75,36624.8458
1781344784,R_75,36621.5721
1781344786,R_75,36612.7095
1781344788,R_75,36609.0289
1781344790,R_75,36625.0075
1781344792,R_75,36631.215
1781344794,R_75,36630.7751
1781344796,R_75,36622.678
1781344798,R_75,36621.5314
1781344800,R_75,36608.3705
1781344802,R_75,36615.1762
1781344804,R_75,36607.5072
1781344806,R_75,36608.6707
1781344808,R_75,36618.1323
1781344810,R_75,36620.278
1781344812,R_75,36613.6092
1781344814,R_75,36624.1199
1781344816,R_75,36621.3758
1781344818,R_75,36630.9042
1781344820,R_75,36626.1193
1781344822,R_75,36632.2158
1781344824,R_75,36627.8774
1781344826,R_75,36634.0653
1781344828,R_75,36636.9221
1781344830,R_75,36644.7246
1781344832,R_75,36649.0808
1781344834,R_75,36657.9997
1781344836,R_75,36665.3353
1781344838,R_75,36663.2194
1781344840,R_75,36650.4202
1781344842,R_75,36658.5634
1781344844,R_75,36648.6224
1781344846,R_75,36644.492
1781344848,R_75,36637.3854
1781344850,R_75,36633.988
1781344852,R_75,36636.5862
1781344854,R_75,36638.4471
1781344856,R_75,36639.2678
1781344858,R_75,36639.1737
1781344860,R_75,36641.4684
1781344862,R_75,36639.2384
1781344864,R_75,36631.4084
1781344866,R_75,36637.6742
1781344868,R_75,36648.3096
1781344870,R_75,36661.6925
1781344872,R_75,36659.6406
1781344874,R_75,36652.2123
1781344876,R_75,36649.7795
1781344878,R_75,36646.9977
1781344880,R_75,36650.7728
1781344882,R_75,36648.9923
1781344884,R_75,36662.0299
1781344886,R_75,36656.3153
1781344888,R_75,36664.1577
1781344890,R_75,36674.916
1781344892,R_75,36670.7075
1781344894,R_75,36670.616
1781344896,R_75,36666.7641
1781344898,R_75,36657.813
1781344900,R_75,36649.3458
1781344902,R_75,36665.4902
1781344904,R_75,36663.7464
1781344906,R_75,36666.6828
1781344908,R_75,36661.3549
1781344910,R_75,36653.8935
1781344912,R_75,36654.0245
1781344914,R_75,36652.52
1781344916,R_75,36668.5169
1781344918,R_75,36661.1854
1781344920,R_75,36662.6524
1781344922,R_75,36673.2806
1781344924,R_75,36677.5798
1781344926,R_75,36676.9991
1781344928,R_75,36678.0752
1781344930,R_75,36675.501
1781344932,R_75,36669.8948
1781344934,R_75,36673.4037
1781344936,R_75,36670.7717
1781344938,R_75,36668.3042
1781344940,R_75,36672.461
1781344942,R_75,36667.4252
1781344944,R_75,36677.2469
1781344946,R_75,36680.7775
1781344948,R_75,36682.5095
1781344950,R_75,36669.7476
1781344952,R_75,36686.5807
1781344954,R_75,36690.6188
1781344956,R_75,36681.2804
1781344958,R_75,36673.4396
1781344960,R_75,36673.7776
1781344962,R_75,36668.2748
1781344964,R_75,36663.3688
1781344966,R_75,36663.159
1781344968,R_75,36662.904
1781344970,R_75,36667.3903
1781344972,R_75,36676.9886
1781344974,R_75,36687.0353
1781344976,R_75,36684.7355
1781344978,R_75,36693.9227
1781344980,R_75,36700.4759
1781344982,R_75,36683.7616
1781344984,R_75,36685.8352
1781344986,R_75,36688.2081
1781344988,R_75,36691.991
1781344990,R_75,36708.2048
1781344992,R_75,36704.3061
1781344994,R_75,36706.5751
1781344996,R_75,36705.4838
1781344998,R_75,36703.9252
1781345000,R_75,36699.0083
1781345002,R_75,36692.3569
1781345004,R_75,36693.2421
1781345006,R_75,36690.6143
1781345008,R_75,36678.3411
1781345010,R_75,36662.6998
1781345012,R_75,36667.9134
1781345014,R_75,36658.2383
1781345016,R_75,36668.7089
1781345018,R_75,36657.9477
1781345020,R_75,36653.2507
1781345022,R_75,36650.5828
1781345024,R_75,36661.1541
1781345026,R_75,36668.235
1781345028,R_75,36660.6367
1781345030,R_75,36660.8994
1781345032,R_75,36672.4236
1781345034,R_75,36685.0322
1781345036,R_75,36673.4772
1781345038,R_75,36666.1695
1781345040,R_75,36662.4099
1781345042,R_75,36657.4621
1781345044,R_75,36662.8007
1781345046,R_75,36656.4834
1781345048,R_75,36657.2712
1781345050,R_75,36646.5451
1781345052,R_75,36639.1542
1781345054,R_75,36622.0621
1781345056,R_75,36614.4945
1781345058,R_75,36609.2526
1781345060,R_75,36605.8325
1781345062,R_75,36601.4217
1781345064,R_75,36604.8387
1781345066,R_75,36604.4736
1781345068,R_75,36604.4688
1781345070,R_75,36611.92
1781345072,R_75,36613.6667
1781345074,R_75,36619.056
1781345076,R_75,36617.5124
1781345078,R_75,36617.2252
1781345080,R_75,36615.3582
1781345082,R_75,36623.2548
1781345084,R_75,36625.4484
1781345086,R_75,36642.1875
1781345088,R_75,36649.5514
1781345090,R_75,36650.8223
1781345092,R_75,36641.5856
1781345094,R_75,36637.1205
1781345096,R_75,36630.5554
1781345098,R_75,36633.7491
1781345100,R_75,36636.3165
1781345102,R_75,36639.753
1781345104,R_75,36628.9965
1781345106,R_75,36620.5476
1781345108,R_75,36631.6021
1781345110,R_75,36621.3683
1781345112,R_75,36615.6257
1781345114,R_75,36606.5033
1781345116,R_75,36613.6496
1781345118,R_75,36608.9789
1781345120,R_75,36603.2455
1781345122,R_75,36606.1071
1781345124,R_75,36607.7233
1781345126,R_75,36613.9014
1781345128,R_75,36622.628
1781345130,R_75,36640.0237
1781345132,R_75,36638.1292
1781345134,R_75,36642.8898
1781345136,R_75,36641.9871
1781345138,R_75,36639.8902
1781345140,R_75,36644.8041
1781345142,R_75,36634.1331
1781345144,R_75,36640.3166
1781345146,R_75,36638.4409
1781345148,R_75,36643.8507
1781345150,R_75,36638.3276
1781345152,R_75,36637.1036
1781345154,R_75,36638.8565
1781345156,R_75,36641.0247
1781345158,R_75,36647.2207
1781345160,R_75,36651.072
1781345162,R_75,36650.9349
1781345164,R_75,36662.2271
1781345166,R_75,36660.4094
1781345168,R_75,36665.949
1781345170,R_75,36658.2598
1781345172,R_75,36656.5071
1781345174,R_75,36668.9648
1781345176,R_75,36669.7862
1781345178,R_75,36667.7264
1781345180,R_75,36659.2752
1781345182,R_75,36658.6627
1781345184,R_75,36647.2563
1781345186,R_75,36647.8317
1781345188,R_75,36647.6346
1781345190,R_75,36641.5909
1781345192,R_75,36643.2984
1781345194,R_75,36646.2592
1781345196,R_75,36633.4342
1781345198,R_75,36634.5239
1781345200,R_75,36638.8049
1781345202,R_75,36645.0297
1781345204,R_75,36643.5142
1781345206,R_75,36646.6179
1781345208,R_75,36641.9021
1781345210,R_75,36641.9909
1781345212,R_75,36654.384
1781345214,R_75,36655.0473
1781345216,R_75,36655.1306
1781345218,R_75,36655.3166
1781345220,R_75,36656.5809
1781345222,R_75,36666.925
1781345224,R_75,36662.3884
1781345226,R_75,36661.9112
1781345228,R_75,36662.6661
1781345230,R_75,36656.866
1781345232,R_75,36651.604
1781345234,R_75,36654.8593
1781345236,R_75,36651.7713
1781345238,R_75,36649.8178
1781345240,R_75,36650.2846
1781345242,R_75,36651.7526
1781345244,R_75,36650.7748
1781345246,R_75,36652.7847
1781345248,R_75,36636.1906
1781345250,R_75,36634.2134
1781345252,R_75,36638.9962
1781345254,R_75,36642.3422
1781345256,R_75,36635.4684
1781345258,R_75,36624.6808
1781345260,R_75,36625.2412
1781345262,R_75,36630.3895
1781345264,R_75,36631.9083
1781345266,R_75,36627.9019
1781345268,R_75,36621.6433
1781345270,R_75,36619.8274
1781345272,R_75,36627.4446
1781345274,R_75,36633.0733
1781345276,R_75,36625.027
1781345278,R_75,36624.9242
1781345280,R_75,36618.5755
1781345282,R_75,36619.8842
1781345284,R_75,36622.2578
1781345286,R_75,36616.1384
1781345288,R_75,36609.884
1781345290,R_75,36604.8042
1781345292,R_75,36607.0275
1781345294,R_75,36607.0855
1781345296,R_75,36603.6783
1781345298,R_75,36605.0999
1781345300,R_75,36594.7961
1781345302,R_75,36592.3864
1781345304,R_75,36592.4079
1781345306,R_75,36590.1812
1781345308,R_75,36593.7281
1781345310,R_75,36603.9971
1781345312,R_75,36602.7403
1781345314,R_75,36615.6216
1781345316,R_75,36609.497
1781345318,R_75,36611.4249
1781345320,R_75,36609.3552
1781345322,R_75,36618.4731
1781345324,R_75,36619.8108
1781345326,R_75,36619.8434
1781345328,R_75,36620.4235
1781345330,R_75,36619.0844
1781345332,R_75,36613.1734
1781345334,R_75,36617.4497
1781345336,R_75,36615.7938
1781345338,R_75,36610.8951
1781345340,R_75,36606.8502
1781345342,R_75,36600.826
1781345344,R_75,36593.3653
1781345346,R_75,36595.346
1781345348,R_75,36607.9968
1781345350,R_75,36602.6224
1781345352,R_75,36603.0239
1781345354,R_75,36587.4557
1781345356,R_75,36591.7263
1781345358,R_75,36594.5476
1781345360,R_75,36597.5873
1781345362,R_75,36593.7117
1781345364,R_75,36585.4256
1781345366,R_75,36574.414
1781345368,R_75,36569.8214
1781345370,R_75,36570.7114
1781345372,R_75,36560.9986
1781345374,R_75,36570.2935
1781345376,R_75,36574.7637
1781345378,R_75,36573.9436
1781345380,R_75,36573.7768
1781345382,R_75,36567.434
1781345384,R_75,36569.538
1781345386,R_75,36586.0039
1781345388,R_75,36592.8973
1781345390,R_75,36611.8606
1781345392,R_75,36613.3
1781345394,R_75,36612.2623
1781345396,R_75,36612.9348
1781345398,R_75,36616.6465
1781345400,R_75,36623.9763
1781345402,R_75,36639.2319
1781345404,R_75,36638.222
1781345406,R_75,36637.7835
1781345408,R_75,36641.6933
1781345410,R_75,36647.5348
1781345412,R_75,36648.598
1781345414,R_75,36627.3161
1781345416,R_75,36622.5016
1781345418,R_75,36629.5536
1781345420,R_75,36632.3547
1781345422,R_75,36626.3318
1781345424,R_75,36615.3648
1781345426,R_75,36603.4259
1781345428,R_75,36591.3306
1781345430,R_75,36590.926
1781345432,R_75,36606.3516
1781345434,R_75,36606.4248
1781345436,R_75,36593.3902
1781345438,R_75,36607.5546
1781345440,R_75,36599.0979
1781345442,R_75,36596.0172
1781345444,R_75,36585.4533
1781345446,R_75,36587.0242
1781345448,R_75,36581.4055
1781345450,R_75,36593.7952
1781345452,R_75,36600.9212
1781345454,R_75,36605.8215
1781345456,R_75,36597.9471
1781345458,R_75,36588.6853
1781345460,R_75,36600.1811
1781345462,R_75,36594.0036
1781345464,R_75,36590.2706
1781345466,R_75,36599.6803
1781345468,R_75,36592.5856
1781345470,R_75,36595.6985
1781345472,R_75,36595.1977
1781345474,R_75,36589.6227
1781345476,R_75,36598.0457
1781345478,R_75,36600.2649
1781345480,R_75,36593.0025
1781345482,R_75,36592.6353
1781345484,R_75,36591.5598
1781345486,R_75,36586.9784
1781345488,R_75,36583.3182
1781345490,R_75,36585.916
1781345492,R_75,36585.7618
1781345494,R_75,36580.7483
1781345496,R_75,36583.4883
1781345498,R_75,36588.8909
1781345500,R_75,36582.2024
1781345502,R_75,36587.0921
1781345504,R_75,36594.7613
1781345506,R_75,36594.1121
1781345508,R_75,36596.5767
1781345510,R_75,36599.2314
1781345512,R_75,36598.2977
1781345514,R_75,36604.3845
1781345516,R_75,36613.5607
1781345518,R_75,36614.2204
1781345520,R_75,36614.0138
1781345522,R_75,36611.867
1781345524,R_75,36613.4865
1781345526,R_75,36596.3701
1781345528,R_75,36611.3639
1781345530,R_75,36607.6271
1781345532,R_75,36609.8805
1781345534,R_75,36604.563
1781345536,R_75,36606.3795
1781345538,R_75,36603.1788
1781345540,R_75,36608.7467
1781345542,R_75,36616.8246
1781345544,R_75,36616.5869
1781345546,R_75,36609.7781
1781345548,R_75,36604.3681
1781345550,R_75,36606.8042
1781345552,R_75,36594.0366
1781345554,R_75,36605.4401
1781345556,R_75,36600.2921
1781345558,R_75,36599.1658
1781345560,R_75,36593.9356
1781345562,R_75,36593.2907
1781345564,R_75,36593.7118
1781345566,R_75,36588.4434
1781345568,R_75,36578.5879
1781345570,R_75,36582.2437
1781345572,R_75,36571.1122
1781345574,R_75,36576.1587
1781345576,R_75,36571.8041
1781345578,R_75,36580.4492
1781345580,R_75,36573.7129
1781345582,R_75,36574.8169
1781345584,R_75,36575.1167
1781345586,R_75,36581.1888
1781345588,R_75,36588.4348
1781345590,R_75,36599.4543
1781345592,R_75,36602.7507
1781345594,R_75,36601.893
1781345596,R_75,36596.6664
1781345598,R_75,36592.5827
1781345600,R_75,36590.1849
1781345602,R_75,36583.6945
1781345604,R_75,36570.2755
1781345606,R_75,36567.7105
1781345608,R_75,36568.9961
1781345610,R_75,36575.8562
1781345612,R_75,36574.5745
1781345614,R_75,36572.8299
1781345616,R_75,36572.0884
1781345618,R_75,36570.8542
1781345620,R_75,36574.1893
1781345622,R_75,36581.7843
1781345624,R_75,36588.4818
1781345626,R_75,36580.4242
1781345628,R_75,36576.4333
1781345630,R_75,36581.4738
1781345632,R_75,36585.8181
1781345634,R_75,36594.9634
1781345636,R_75,36599.5889
1781345638,R_75,36603.1219
1781345640,R_75,36597.1686
1781345642,R_75,36594.6751
1781345644,R_75,36593.1201
1781345646,R_75,36591.7218
1781345648,R_75,36582.1782
1781345650,R_75,36587.6741
1781345652,R_75,36594.1279
1781345654,R_75,36604.3613
1781345656,R_75,36594.061
1781345658,R_75,36591.0106
1781345660,R_75,36584.9805
1781345662,R_75,36594.2138
1781345664,R_75,36585.0479
1781345666,R_75,36582.2077
1781345668,R_75,36581.7672
1781345670,R_75,36581.6386
1781345672,R_75,36584.3375
1781345674,R_75,36584.3522
1781345676,R_75,36586.7797
1781345678,R_75,36593.1745
1781345680,R_75,36605.281
1781345682,R_75,36602.2176
1781345684,R_75,36609.9253
1781345686,R_75,36616.9852
1781345688,R_75,36605.1056
1781345690,R_75,36601.8995
1781345692,R_75,36616.1781
1781345694,R_75,36622.0137
1781345696,R_75,36620.9072
1781345698,R_75,36611.0745
1781345700,R_75,36611.8281
1781345702,R_75,36609.3663
1781345704,R_75,36613.3582
1781345706,R_75,36609.8664
1781345708,R_75,36612.4889
1781345710,R_75,36611.6044
1781345712,R_75,36610.9797
1781345714,R_75,36605.1218
1781345716,R_75,36611.2894
1781345718,R_75,36602.8216
1781345720,R_75,36604.8692
1781345722,R_75,36605.1803
1781345724,R_75,36616.8956
1781345726,R_75,36622.5069
1781345728,R_75,36623.9542
1781345730,R_75,36629.7296
1781345732,R_75,36627.2289
1781345734,R_75,36637.4629
1781345736,R_75,36634.0314
1781345738,R_75,36628.2335
1781345740,R_75,36637.4806
1781345742,R_75,36642.1035
1781345744,R_75,36644.8011
1781345746,R_75,36635.1511
1781345748,R_75,36635.5476
1781345750,R_75,36642.614
1781345752,R_75,36656.001
1781345754,R_75,36655.3635
1781345756,R_75,36657.71
1781345758,R_75,36653.9529
1781345760,R_75,36668.9293
1781345762,R_75,36671.5657
1781345764,R_75,36661.8795
1781345766,R_75,36670.5244
1781345768,R_75,36670.0932
1781345770,R_75,36669.6696
1781345772,R_75,36680.8182
1781345774,R_75,36684.3048
1781345776,R_75,36684.877
1781345778,R_75,36683.8673
1781345780,R_75,36685.5009
1781345782,R_75,36695.0556
1781345784,R_75,36704.0661
1781345786,R_75,36700.721
1781345788,R_75,36704.4909
1781345790,R_75,36711.7126
1781345792,R_75,36710.1133
1781345794,R_75,36707.0903
1781345796,R_75,36709.4863
1781345798,R_75,36718.7883
1781345800,R_75,36718.0257
1781345802,R_75,36717.3122
1781345804,R_75,36724.6626
1781345806,R_75,36736.5507
1781345808,R_75,36745.2574
1781345810,R_75,36744.2914
1781345812,R_75,36751.9566
1781345814,R_75,36755.3828
1781345816,R_75,36751.6101
1781345818,R_75,36750.4394
1781345820,R_75,36732.3261
1781345822,R_75,36726.578
1781345824,R_75,36733.7181
1781345826,R_75,36721.7432
1781345828,R_75,36721.8102
1781345830,R_75,36735.414
1781345832,R_75,36727.6618
1781345834,R_75,36735.4612
1781345836,R_75,36747.2884
1781345838,R_75,36756.6282
1781345840,R_75,36741.7387
1781345842,R_75,36741.2326
1781345844,R_75,36733.176
1781345846,R_75,36746.3852
1781345848,R_75,36739.3158
1781345850,R_75,36738.7223
1781345852,R_75,36733.646
1781345854,R_75,36735.1138
1781345856,R_75,36732.0276
1781345858,R_75,36732.0777
1781345860,R_75,36725.645
1781345862,R_75,36729.1509
1781345864,R_75,36730.3178
1781345866,R_75,36730.0957
1781345868,R_75,36735.1767
1781345870,R_75,36740.6164
1781345872,R_75,36744.2582
1781345874,R_75,36742.5026
1781345876,R_75,36741.1396
1781345878,R_75,36747.04
1781345880,R_75,36744.1879
1781345882,R_75,36738.6084
1781345884,R_75,36739.644
1781345886,R_75,36742.42
1781345888,R_75,36734.0401
1781345890,R_75,36736.054
1781345892,R_75,36729.9981
1781345894,R_75,36719.3283
1781345896,R_75,36712.1885
1781345898,R_75,36715.3055
1781345900,R_75,36709.1545
1781345902,R_75,36711.5389
1781345904,R_75,36722.0409
1781345906,R_75,36729.4981
1781345908,R_75,36727.5785
1781345910,R_75,36725.0608
1781345912,R_75,36729.6297
1781345914,R_75,36718.9841
1781345916,R_75,36714.0348
1781345918,R_75,36711.1879
1781345920,R_75,36717.059
1781345922,R_75,36712.7327
1781345924,R_75,36720.4907
1781345926,R_75,36729.8164
1781345928,R_75,36735.1054
1781345930,R_75,36738.5999
1781345932,R_75,36747.4113
1781345934,R_75,36751.9556
1781345936,R_75,36760.2954
1781345938,R_75,36762.405
1781345940,R_75,36769.7355
1781345942,R_75,36757.8839
1781345944,R_75,36771.2618
1781345946,R_75,36768.1422
1781345948,R_75,36761.7745
1781345950,R_75,36771.6078
1781345952,R_75,36776.4891
1781345954,R_75,36775.9148
1781345956,R_75,36789.7773
1781345958,R_75,36801.4079
1781345960,R_75,36802.2037
1781345962,R_75,36804.2063
1781345964,R_75,36804.5331
1781345966,R_75,36794.6366
1781345968,R_75,36804.4275
1781345970,R_75,36797.6691
1781345972,R_75,36806.0478
1781345974,R_75,36797.264
1781345976,R_75,36804.813
1781345978,R_75,36800.8768
1781345980,R_75,36804.9076
1781345982,R_75,36807.2095
1781345984,R_75,36812.8507
1781345986,R_75,36814.7754
1781345988,R_75,36821.3805
1781345990,R_75,36817.9742
1781345992,R_75,36826.673
1781345994,R_75,36828.4912
1781345996,R_75,36821.5603
1781345998,R_75,36833.6235
1781346000,R_75,36831.4731
1781346002,R_75,36819.5137
1781346004,R_75,36811.6048
1781346006,R_75,36800.6142
1781346008,R_75,36791.9878
1781346010,R_75,36785.6446
1781346012,R_75,36779.5832
1781346014,R_75,36785.7266
1781346016,R_75,36771.4794
1781346018,R_75,36764.6058
1781346020,R_75,36758.8104
1781346022,R_75,36759.3422
1781346024,R_75,36755.9015
1781346026,R_75,36752.9109
1781346028,R_75,36759.7581
1781346030,R_75,36759.4754
1781346032,R_75,36762.5904
1781346034,R_75,36760.0143
1781346036,R_75,36758.7752
1781346038,R_75,36762.9209
1781346040,R_75,36756.1519
1781346042,R_75,36759.7077
1781346044,R_75,36762.6708
1781346046,R_75,36751.7717
1781346048,R_75,36753.3206
1781346050,R_75,36748.6565
1781346052,R_75,36754.3543
1781346054,R_75,36749.274
1781346056,R_75,36753.864
1781346058,R_75,36759.0835
1781346060,R_75,36773.1747
1781346062,R_75,36777.595
1781346064,R_75,36776.6188
1781346066,R_75,36777.0357
1781346068,R_75,36770.9727
1781346070,R_75,36775.2913
1781346072,R_75,36778.5285
1781346074,R_75,36780.5104
1781346076,R_75,36776.3844
1781346078,R_75,36778.0942
1781346080,R_75,36783.536
1781346082,R_75,36782.7764
1781346084,R_75,36787.8117
1781346086,R_75,36794.9181
1781346088,R_75,36794.8738
1781346090,R_75,36812.3473
1781346092,R_75,36814.2103
1781346094,R_75,36829.1431
1781346096,R_75,36836.803
1781346098,R_75,36843.7644
1781346100,R_75,36842.646
1781346102,R_75,36843.47
1781346104,R_75,36846.3484
1781346106,R_75,36844.2454
1781346108,R_75,36846.4017
1781346110,R_75,36853.2218
1781346112,R_75,36853.2655
1781346114,R_75,36856.4119
1781346116,R_75,36858.7072
1781346118,R_75,36858.2262
1781346120,R_75,36873.866
1781346122,R_75,36887.2234
1781346124,R_75,36892.6756
1781346126,R_75,36901.8635
1781346128,R_75,36899.1805
1781346130,R_75,36899.4174
1781346132,R_75,36882.6101
1781346134,R_75,36878.2832
1781346136,R_75,36882.1372
1781346138,R_75,36873.1781
1781346140,R_75,36864.5862
1781346142,R_75,36861.2105
1781346144,R_75,36857.554
1781346146,R_75,36848.3719
1781346148,R_75,36853.3079
1781346150,R_75,36865.3073
1781346152,R_75,36867.4217
1781346154,R_75,36873.2761
1781346156,R_75,36869.1077
1781346158,R_75,36855.507
1781346160,R_75,36845.9761
1781346162,R_75,36846.1418
1781346164,R_75,36841.0712
1781346166,R_75,36848.1531
1781346168,R_75,36857.9273
1781346170,R_75,36859.6858
1781346172,R_75,36857.0877
1781346174,R_75,36859.54
1781346176,R_75,36855.7852
1781346178,R_75,36855.0719
1781346180,R_75,36861.6946
1781346182,R_75,36858.0944
1781346184,R_75,36860.8973
1781346186,R_75,36850.3352
1781346188,R_75,36859.9641
1781346190,R_75,36865.0199
1781346192,R_75,36868.06
1781346194,R_75,36875.884
1781346196,R_75,36891.6323
1781346198,R_75,36887.1604
1781346200,R_75,36888.4489
1781346202,R_75,36890.1324
1781346204,R_75,36892.3034
1781346206,R_75,36902.9868
1781346208,R_75,36899.8396
1781346210,R_75,36909.1955
1781346212,R_75,36923.9526
1781346214,R_75,36926.8687
1781346216,R_75,36939.6943
1781346218,R_75,36933.8908
1781346220,R_75,36929.3782
1781346222,R_75,36924.0884
1781346224,R_75,36919.3781
1781346226,R_75,36927.6117
1781346228,R_75,36928.637
1781346230,R_75,36922.1194
1781346232,R_75,36915.4394
1781346234,R_75,36913.2201
1781346236,R_75,36905.7316
1781346238,R_75,36899.0756
1781346240,R_75,36898.5888
1781346242,R_75,36900.981
1781346244,R_75,36898.163
1781346246,R_75,36895.7335
1781346248,R_75,36902.0173
1781346250,R_75,36897.4828
1781346252,R_75,36899.5542
1781346254,R_75,36905.4243
1781346256,R_75,36898.7216
1781346258,R_75,36900.7182
1781346260,R_75,36898.4012
1781346262,R_75,36917.2883
1781346264,R_75,36912.7195
1781346266,R_75,36913.0977
1781346268,R_75,36910.9006
1781346270,R_75,36905.3975
1781346272,R_75,36895.6966
1781346274,R_75,36894.0501
1781346276,R_75,36889.794
1781346278,R_75,36911.7486
1781346280,R_75,36919.0592
1781346282,R_75,36914.6401
1781346284,R_75,36922.7976
1781346286,R_75,36929.6422
1781346288,R_75,36934.6596
1781346290,R_75,36934.2791
1781346292,R_75,36939.0829
1781346294,R_75,36942.6323
1781346296,R_75,36942.0497
1781346298,R_75,36943.2348
1781346300,R_75,36938.0806
1781346302,R_75,36933.8271
1781346304,R_75,36928.4201
1781346306,R_75,36925.8285
1781346308,R_75,36918.5338
1781346310,R_75,36932.3717
1781346312,R_75,36940.8182
1781346314,R_75,36935.67
1781346316,R_75,36934.0502
1781346318,R_75,36931.0193
1781346320,R_75,36924.1194
1781346322,R_75,36934.485
1781346324,R_75,36933.4058
1781346326,R_75,36945.2328
1781346328,R_75,36944.8483
1781346330,R_75,36947.8322
1781346332,R_75,36943.3569
1781346334,R_75,36954.3104
1781346336,R_75,36952.1073
1781346338,R_75,36949.1084
1781346340,R_75,36945.1353
1781346342,R_75,36939.5883
1781346344,R_75,36933.2131
1781346346,R_75,36924.1513
1781346348,R_75,36916.2494
1781346350,R_75,36919.5919
1781346352,R_75,36922.8603
1781346354,R_75,36927.3799
1781346356,R_75,36932.7728
1781346358,R_75,36932.8043
1781346360,R_75,36921.3738
1781346362,R_75,36928.3841
1781346364,R_75,36917.5382
1781346366,R_75,36919.4157
1781346368,R_75,36922.8712
1781346370,R_75,36928.4095
1781346372,R_75,36932.7426
1781346374,R_75,36920.6717
1781346376,R_75,36924.1937
1781346378,R_75,36919.3973
1781346380,R_75,36922.6269
1781346382,R_75,36919.6462
1781346384,R_75,36919.6063
1781346386,R_75,36925.7992
1781346388,R_75,36926.6258
1781346390,R_75,36927.3648
1781346392,R_75,36919.5288
1781346394,R_75,36925.0172
1781346396,R_75,36924.4407
1781346398,R_75,36921.2014
1781346400,R_75,36925.3198
1781346402,R_75,36912.8523
1781346404,R_75,36914.6428
1781346406,R_75,36915.8343
1781346408,R_75,36905.7919
1781346410,R_75,36904.8812
1781346412,R_75,36901.7692
1781346414,R_75,36909.7445
1781346416,R_75,36900.0267
1781346418,R_75,36899.7426
1781346420,R_75,36902.016
1781346422,R_75,36899.006
1781346424,R_75,36882.4603
1781346426,R_75,36891.7733
1781346428,R_75,36908.9998
1781346430,R_75,36922.9109
1781346432,R_75,36928.036
1781346434,R_75,36934.3162
1781346436,R_75,36935.7678
1781346438,R_75,36941.9258
1781346440,R_75,36951.0202
1781346442,R_75,36953.5745
1781346444,R_75,36947.7042
1781346446,R_75,36960.6089
1781346448,R_75,36965.1815
1781346450,R_75,36957.7613
1781346452,R_75,36949.1638
1781346454,R_75,36946.1728
1781346456,R_75,36949.9233
1781346458,R_75,36945.2949
1781346460,R_75,36951.8309
1781346462,R_75,36941.2388
1781346464,R_75,36944.9783
1781346466,R_75,36942.5991
