epoch,symbol,price
1779494718,R_75,27613.6957
1779494720,R_75,27624.5182
1779494722,R_75,27626.7443
1779494724,R_75,27627.8675
1779494726,R_75,27619.3839
1779494728,R_75,27613.3343
1779494730,R_75,27613.0581
1779494732,R_75,27621.63
1779494734,R_75,27622.5835
1779494736,R_75,27624.293
1779494738,R_75,27630.2779
1779494740,R_75,27630.345
1779494742,R_75,27642.4237
1779494744,R_75,27637.6133
1779494746,R_75,27638.2273
1779494748,R_75,27639.9413
1779494750,R_75,27640.852
1779494752,R_75,27650.1002
1779494754,R_75,27641.1182
1779494756,R_75,27641.5914
1779494758,R_75,27639.5304
1779494760,R_75,27641.6431
1779494762,R_75,27645.348
1779494764,R_75,27642.7961
1779494766,R_75,27652.646
1779494768,R_75,27654.9677
1779494770,R_75,27660.3671
1779494772,R_75,27660.1927
1779494774,R_75,27661.9245
1779494776,R_75,27662.4013
1779494778,R_75,27657.9703
1779494780,R_75,27656.8886
1779494782,R_75,27656.3005
1779494784,R_75,27662.7041
1779494786,R_75,27662.6372
1779494788,R_75,27667.7784
1779494790,R_75,27669.9284
1779494792,R_75,27669.9248
1779494794,R_75,27674.0941
1779494796,R_75,27678.9732
1779494798,R_75,27671.9519
1779494800,R_75,27672.9347
1779494802,R_75,27672.6642
1779494804,R_75,27677.4392
1779494806,R_75,27680.0281
1779494808,R_75,27686.7873
1779494810,R_75,27685.0432
1779494812,R_75,27680.4326
1779494814,R_75,27678.7642
1779494816,R_75,27676.308
1779494818,R_75,27678.3199
1779494820,R_75,27677.7174
1779494822,R_75,27682.1254
1779494824,R_75,27679.7802
1779494826,R_75,27675.5881
1779494828,R_75,27675.8616
1779494830,R_75,27673.6114
1779494832,R_75,27672.0285
1779494834,R_75,27673.9817
1779494836,R_75,27673.0326
1779494838,R_75,27669.1722
1779494840,R_75,27668.0536
1779494842,R_75,27662.0281
1779494844,R_75,27645.3953
1779494846,R_75,27645.8554
1779494848,R_75,27641.2823
1779494850,R_75,27642.1944
1779494852,R_75,27639.9109
1779494854,R_75,27643.8012
1779494856,R_75,27653.2296
1779494858,R_75,27653.4983
1779494860,R_75,27651.4303
1779494862,R_75,27655.6688
1779494864,R_75,27656.3231
1779494866,R_75,27665.5216
1779494868,R_75,27671.5439
1779494870,R_75,27685.1017
1779494872,R_75,27692.0468
1779494874,R_75,27694.7017
1779494876,R_75,27685.365
1779494878,R_75,27700.0206
1779494880,R_75,27705.1303
1779494882,R_75,27696.8341
1779494884,R_75,27692.3
1779494886,R_75,27693.8955
1779494888,R_75,27699.6422
1779494890,R_75,27708.7079
1779494892,R_75,27709.3366
1779494894,R_75,27715.2048
1779494896,R_75,27722.0217
1779494898,R_75,27716.4427
1779494900,R_75,27719.1052
1779494902,R_75,27719.2387
1779494904,R_75,27715.6345
1779494906,R_75,27727.0424
1779494908,R_75,27729.334
1779494910,R_75,27732.736
1779494912,R_75,27743.2769
1779494914,R_75,27741.4136
1779494916,R_75,27743.3782
1779494918,R_75,27755.4654
1779494920,R_75,27769.6869
1779494922,R_75,27772.501
1779494924,R_75,27777.2218
1779494926,R_75,27782.6097
1779494928,R_75,27782.2227
1779494930,R_75,27786.2582
1779494932,R_75,27782.7309
1779494934,R_75,27790.2687
1779494936,R_75,27788.3289
1779494938,R_75,27793.6524
1779494940,R_75,27803.1569
1779494942,R_75,27795.8881
1779494944,R_75,27800.2755
1779494946,R_75,27800.918
1779494948,R_75,27802.1
1779494950,R_75,27801.516
1779494952,R_75,27806.0902
1779494954,R_75,27811.2508
1779494956,R_75,27814.2535
1779494958,R_75,27814.3946
1779494960,R_75,27809.1642
1779494962,R_75,27813.1846
1779494964,R_75,27811.8884
1779494966,R_75,27812.247
1779494968,R_75,27817.1612
1779494970,R_75,27815.0426
1779494972,R_75,27811.9265
1779494974,R_75,27813.6159
1779494976,R_75,27815.8319
1779494978,R_75,27821.7717
1779494980,R_75,27820.8507
1779494982,R_75,27822.2645
1779494984,R_75,27823.2861
1779494986,R_75,27820.5663
1779494988,R_75,27813.2777
1779494990,R_75,27814.9096
1779494992,R_75,27819.2208
1779494994,R_75,27825.3929
1779494996,R_75,27820.7222
1779494998,R_75,27827.8913
1779495000,R_75,27828.365
1779495002,R_75,27825.717
1779495004,R_75,27821.7477
1779495006,R_75,27821.9423
1779495008,R_75,27824.5885
1779495010,R_75,27821.5101
1779495012,R_75,27822.582
1779495014,R_75,27813.4841
1779495016,R_75,27811.2612
1779495018,R_75,27814.8769
1779495020,R_75,27824.8898
1779495022,R_75,27823.5706
1779495024,R_75,27822.4911
1779495026,R_75,27827.2077
1779495028,R_75,27830.0414
1779495030,R_75,27825.2426
1779495032,R_75,27824.1348
1779495034,R_75,27818.99
1779495036,R_75,27824.5321
1779495038,R_75,27821.1893
1779495040,R_75,27818.0315
1779495042,R_75,27810.7592
1779495044,R_75,27819.1055
1779495046,R_75,27822.24
1779495048,R_75,27826.6279
1779495050,R_75,27828.2516
1779495052,R_75,27829.8372
1779495054,R_75,27827.7797
1779495056,R_75,27825.0957
1779495058,R_75,27828.5354
1779495060,R_75,27830.3836
1779495062,R_75,27821.802
1779495064,R_75,27832.1085
1779495066,R_75,27826.8331
1779495068,R_75,27826.5033
1779495070,R_75,27828.5528
1779495072,R_75,27826.3829
1779495074,R_75,27820.5795
1779495076,R_75,27819.9086
1779495078,R_75,27823.6722
1779495080,R_75,27832.8865
1779495082,R_75,27829.4601
1779495084,R_75,27831.8698
1779495086,R_75,27833.7361
1779495088,R_75,27835.2643
1779495090,R_75,27833.6703
1779495092,R_75,27832.064
1779495094,R_75,27837.9013
1779495096,R_75,27841.697
1779495098,R_75,27848.6647
1779495100,R_75,27860.449
1779495102,R_75,27866.7826
1779495104,R_75,27861.3825
1779495106,R_75,27855.7032
1779495108,R_75,27852.2831
1779495110,R_75,27853.9788
1779495112,R_75,27852.437
1779495114,R_75,27854.1136
1779495116,R_75,27853.3379
1779495118,R_75,27849.1203
1779495120,R_75,27847.4858
1779495122,R_75,27845.4461
1779495124,R_75,27845.1068
1779495126,R_75,27846.5943
1779495128,R_75,27846.8166
1779495130,R_75,27853.9953
1779495132,R_75,27857.5594
1779495134,R_75,27857.4801
1779495136,R_75,27858.3808
1779495138,R_75,27862.1504
1779495140,R_75,27875.3676
1779495142,R_75,27886.6771
1779495144,R_75,27891.9085
1779495146,R_75,27883.3192
1779495148,R_75,27887.7423
1779495150,R_75,27889.0034
1779495152,R_75,27884.9081
1779495154,R_75,27879.4935
1779495156,R_75,27883.6334
1779495158,R_75,27884.2293
1779495160,R_75,27874.7961
1779495162,R_75,27885.4983
1779495164,R_75,27892.9766
1779495166,R_75,27891.2193
1779495168,R_75,27881.656
1779495170,R_75,27882.2791
1779495172,R_75,27888.0474
1779495174,R_75,27883.6095
1779495176,R_75,27878.2295
1779495178,R_75,27877.964
1779495180,R_75,27874.504
1779495182,R_75,27876.7558
1779495184,R_75,27875.3713
1779495186,R_75,27876.6683
1779495188,R_75,27886.1684
1779495190,R_75,27886.035
1779495192,R_75,27881.7692
1779495194,R_75,27878.7894
1779495196,R_75,27874.2334
1779495198,R_75,27876.0425
1779495200,R_75,27873.3369
1779495202,R_75,27875.4569
1779495204,R_75,27872.7538
1779495206,R_75,27875.7774
1779495208,R_75,27878.1265
1779495210,R_75,27881.4336
1779495212,R_75,27886.1796
1779495214,R_75,27880.8505
1779495216,R_75,27879.4613
1779495218,R_75,27889.2706
1779495220,R_75,27895.8086
1779495222,R_75,27896.0855
1779495224,R_75,27894.453
1779495226,R_75,27895.7235
1779495228,R_75,27900.7773
1779495230,R_75,27896.9142
1779495232,R_75,27891.821
1779495234,R_75,27885.927
1779495236,R_75,27881.5409
1779495238,R_75,27888.346
1779495240,R_75,27886.1014
1779495242,R_75,27894.291
1779495244,R_75,27894.1345
1779495246,R_75,27899.0306
1779495248,R_75,27905.6769
1779495250,R_75,27909.7782
1779495252,R_75,27913.2986
1779495254,R_75,27917.133
1779495256,R_75,27920.9952
1779495258,R_75,27923.0333
1779495260,R_75,27919.3058
1779495262,R_75,27918.1635
1779495264,R_75,27913.2143
1779495266,R_75,27914.7708
1779495268,R_75,27912.9225
1779495270,R_75,27918.4736
1779495272,R_75,27916.5371
1779495274,R_75,27921.3746
1779495276,R_75,27926.3325
1779495278,R_75,27920.6191
1779495280,R_75,27918.6755
1779495282,R_75,27916.5248
1779495284,R_75,27919.0932
1779495286,R_75,27909.5921
1779495288,R_75,27906.1044
1779495290,R_75,27906.5289
1779495292,R_75,27900.1847
1779495294,R_75,27895.6557
1779495296,R_75,27898.8337
1779495298,R_75,27904.0375
1779495300,R_75,27905.7452
1779495302,R_75,27905.9717
1779495304,R_75,27905.2613
1779495306,R_75,27911.6002
1779495308,R_75,27908.2303
1779495310,R_75,27906.0364
1779495312,R_75,27897.6274
1779495314,R_75,27893.9496
1779495316,R_75,27892.8186
1779495318,R_75,27902.1716
1779495320,R_75,27903.7987
1779495322,R_75,27898.6559
1779495324,R_75,27904.0008
1779495326,R_75,27906.9128
1779495328,R_75,27919.8255
1779495330,R_75,27910.4481
1779495332,R_75,27914.8288
1779495334,R_75,27906.3102
1779495336,R_75,27897.5824
1779495338,R_75,27895.8804
1779495340,R_75,27897.9679
1779495342,R_75,27900.8814
1779495344,R_75,27897.6792
1779495346,R_75,27906.1854
1779495348,R_75,27900.4804
1779495350,R_75,27899.1635
1779495352,R_75,27895.2695
1779495354,R_75,27896.0193
1779495356,R_75,27892.1667
1779495358,R_75,27893.7195
1779495360,R_75,27894.2185
1779495362,R_75,27884.9965
1779495364,R_75,27884.557
1779495366,R_75,27879.8058
1779495368,R_75,27867.0918
1779495370,R_75,27863.0358
1779495372,R_75,27853.6864
1779495374,R_75,27849.2544
1779495376,R_75,27844.5376
1779495378,R_75,27849.1887
1779495380,R_75,27853.6121
1779495382,R_75,27845.6198
1779495384,R_75,27851.3391
1779495386,R_75,27852.6313
1779495388,R_75,27858.7943
1779495390,R_75,27846.8093
1779495392,R_75,27846.2561
1779495394,R_75,27846.2518
1779495396,R_75,27856.9455
1779495398,R_75,27854.5637
1779495400,R_75,27850.5922
1779495402,R_75,27847.3265
1779495404,R_75,27848.2621
1779495406,R_75,27860.023
1779495408,R_75,27863.3931
1779495410,R_75,27856.6254
1779495412,R_75,27857.9962
1779495414,R_75,27854.571
1779495416,R_75,27848.7326
1779495418,R_75,27846.9459
1779495420,R_75,27847.1536
1779495422,R_75,27844.0791
1779495424,R_75,27841.9379
1779495426,R_75,27835.7219
1779495428,R_75,27835.609
1779495430,R_75,27832.0887
1779495432,R_75,27830.3955
1779495434,R_75,27836.3536
1779495436,R_75,27834.1784
1779495438,R_75,27837.8164
1779495440,R_75,27836.8466
1779495442,R_75,27837.3278
1779495444,R_75,27841.0036
1779495446,R_75,27839.622
1779495448,R_75,27837.7219
1779495450,R_75,27835.4346
1779495452,R_75,27841.672
1779495454,R_75,27850.0879
1779495456,R_75,27852.3531
1779495458,R_75,27856.9861
1779495460,R_75,27852.9515
1779495462,R_75,27858.0879
1779495464,R_75,27857.1641
1779495466,R_75,27855.1854
1779495468,R_75,27854.363
1779495470,R_75,27858.4484
1779495472,R_75,27861.857
1779495474,R_75,27863.3475
1779495476,R_75,27854.6149
1779495478,R_75,27852.4682
1779495480,R_75,27849.4279
1779495482,R_75,27842.0369
1779495484,R_75,27844.0455
1779495486,R_75,27844.9991
1779495488,R_75,27840.2045
1779495490,R_75,27835.836
1779495492,R_75,27833.823
1779495494,R_75,27831.268
1779495496,R_75,27837.3091
1779495498,R_75,27840.5655
1779495500,R_75,27833.8936
1779495502,R_75,27843.3812
1779495504,R_75,27845.5736
1779495506,R_75,27841.3384
1779495508,R_75,27844.4369
1779495510,R_75,27844.8467
1779495512,R_75,27846.2279
1779495514,R_75,27851.0899
1779495516,R_75,27851.792
1779495518,R_75,27849.8544
1779495520,R_75,27845.6156
1779495522,R_75,27832.1165
1779495524,R_75,27830.7833
1779495526,R_75,27828.2335
1779495528,R_75,27827.4416
1779495530,R_75,27821.207
1779495532,R_75,27815.2558
1779495534,R_75,27815.1851
1779495536,R_75,27814.4929
1779495538,R_75,27807.3052
1779495540,R_75,27800.829
1779495542,R_75,27802.979
1779495544,R_75,27811.1432
1779495546,R_75,27818.819
1779495548,R_75,27818.2496
1779495550,R_75,27814.3523
1779495552,R_75,27809.2248
1779495554,R_75,27813.4893
1779495556,R_75,27821.7715
1779495558,R_75,27828.315
1779495560,R_75,27825.3527
1779495562,R_75,27824.4571
1779495564,R_75,27821.5481
1779495566,R_75,27827.8487
1779495568,R_75,27828.26
1779495570,R_75,27828.4585
1779495572,R_75,27831.1653
1779495574,R_75,27835.1933
1779495576,R_75,27829.9586
1779495578,R_75,27829.3304
1779495580,R_75,27819.4324
1779495582,R_75,27823.2849
1779495584,R_75,27822.7342
1779495586,R_75,27816.949
1779495588,R_75,27813.0946
1779495590,R_75,27811.3627
1779495592,R_75,27807.5832
1779495594,R_75,27811.0127
1779495596,R_75,27807.3745
1779495598,R_75,27816.54
1779495600,R_75,27819.7563
1779495602,R_75,27820.4946
1779495604,R_75,27817.8239
1779495606,R_75,27814.4032
1779495608,R_75,27809.5303
1779495610,R_75,27820.8358
1779495612,R_75,27812.2768
1779495614,R_75,27802.5839
1779495616,R_75,27797.7071
1779495618,R_75,27797.8787
1779495620,R_75,27802.0255
1779495622,R_75,27796.9377
1779495624,R_75,27802.953
1779495626,R_75,27800.4372
1779495628,R_75,27793.7342
1779495630,R_75,27793.3479
1779495632,R_75,27790.1827
1779495634,R_75,27792.4165
1779495636,R_75,27786.8506
1779495638,R_75,27792.5892
1779495640,R_75,27790.9861
1779495642,R_75,27791.9295
1779495644,R_75,27784.3566
1779495646,R_75,27787.4519
1779495648,R_75,27782.5293
1779495650,R_75,27784.5792
1779495652,R_75,27771.2611
1779495654,R_75,27779.3858
1779495656,R_75,27783.2586
1779495658,R_75,27785.9335
1779495660,R_75,27781.3437
1779495662,R_75,27786.6374
1779495664,R_75,27782.994
1779495666,R_75,27781.1952
1779495668,R_75,27791.6246
1779495670,R_75,27795.0588
1779495672,R_75,27791.1979
1779495674,R_75,27791.0528
1779495676,R_75,27800.6663
1779495678,R_75,27806.1977
1779495680,R_75,27801.6583
1779495682,R_75,27808.0283
1779495684,R_75,27806.0251
1779495686,R_75,27796.4522
1779495688,R_75,27791.6805
1779495690,R_75,27800.2183
1779495692,R_75,27809.7587
1779495694,R_75,27803.7089
1779495696,R_75,27813.3928
1779495698,R_75,27812.9701
1779495700,R_75,27803.2733
1779495702,R_75,27798.2009
1779495704,R_75,27794.3205
1779495706,R_75,27787.2006
1779495708,R_75,27790.1109
1779495710,R_75,27794.4749
1779495712,R_75,27792.437
1779495714,R_75,27790.7712
1779495716,R_75,27796.2081
1779495718,R_75,27805.3053
1779495720,R_75,27809.0705
1779495722,R_75,27816.0976
1779495724,R_75,27827.9798
1779495726,R_75,27827.6841
1779495728,R_75,27823.8014
1779495730,R_75,27824.9847
1779495732,R_75,27825.072
1779495734,R_75,27834.7005
1779495736,R_75,27830.3419
1779495738,R_75,27839.9839
1779495740,R_75,27831.7743
1779495742,R_75,27838.1253
1779495744,R_75,27839.6657
1779495746,R_75,27840.1774
1779495748,R_75,27834.524
1779495750,R_75,27838.9052
1779495752,R_75,27842.726
1779495754,R_75,27829.4592
1779495756,R_75,27838.3739
1779495758,R_75,27835.5236
1779495760,R_75,27832.1179
1779495762,R_75,27830.3341
1779495764,R_75,27826.7675
1779495766,R_75,27837.762
1779495768,R_75,27833.3412
1779495770,R_75,27828.8114
1779495772,R_75,27840.4099
1779495774,R_75,27844.9801
1779495776,R_75,27838.1118
1779495778,R_75,27845.3371
1779495780,R_75,27849.04
1779495782,R_75,27848.4198
1779495784,R_75,27843.3446
1779495786,R_75,27839.7517
1779495788,R_75,27833.4699
1779495790,R_75,27825.147
1779495792,R_75,27826.2071
1779495794,R_75,27831.5326
1779495796,R_75,27837.8342
1779495798,R_75,27838.214
1779495800,R_75,27837.6534
1779495802,R_75,27827.6912
1779495804,R_75,27829.319
1779495806,R_75,27833.517
1779495808,R_75,27833.5097
1779495810,R_75,27831.6155
1779495812,R_75,27837.1926
1779495814,R_75,27830.8836
1779495816,R_75,27826.9684
1779495818,R_75,27829.3926
1779495820,R_75,27829.2894
1779495822,R_75,27829.5213
1779495824,R_75,27829.0775
1779495826,R_75,27822.3987
1779495828,R_75,27821.5128
1779495830,R_75,27821.3223
1779495832,R_75,27820.1039
1779495834,R_75,27824.608
1779495836,R_75,27819.7059
1779495838,R_75,27820.8748
1779495840,R_75,27823.9911
1779495842,R_75,27823.7509
1779495844,R_75,27824.7952
1779495846,R_75,27825.886
1779495848,R_75,27825.6591
1779495850,R_75,27825.0739
1779495852,R_75,27833.6545
1779495854,R_75,27839.0943
1779495856,R_75,27836.3492
1779495858,R_75,27837.8401
1779495860,R_75,27832.6939
1779495862,R_75,27837.865
1779495864,R_75,27840.443
1779495866,R_75,27838.6307
1779495868,R_75,27843.2335
1779495870,R_75,27844.4129
1779495872,R_75,27833.4185
1779495874,R_75,27832.5269
1779495876,R_75,27829.8881
1779495878,R_75,27816.8495
1779495880,R_75,27811.6428
1779495882,R_75,27811.8029
1779495884,R_75,27805.702
1779495886,R_75,27807.6019
1779495888,R_75,27812.8197
1779495890,R_75,27812.8591
1779495892,R_75,27810.4908
1779495894,R_75,27803.0838
1779495896,R_75,27802.4758
1779495898,R_75,27795.67
1779495900,R_75,27799.2816
1779495902,R_75,27798.9832
1779495904,R_75,27798.6549
1779495906,R_75,27801.9124
1779495908,R_75,27796.9392
1779495910,R_75,27790.4484
1779495912,R_75,27786.42
1779495914,R_75,27788.1965
1779495916,R_75,27791.3684
1779495918,R_75,27791.5465
1779495920,R_75,27786.4895
1779495922,R_75,27771.0006
1779495924,R_75,27762.758
1779495926,R_75,27765.2874
1779495928,R_75,27771.7842
1779495930,R_75,27770.2924
1779495932,R_75,27766.4729
1779495934,R_75,27763.9897
1779495936,R_75,27760.1268
1779495938,R_75,27759.2762
1779495940,R_75,27747.1109
1779495942,R_75,27740.1002
1779495944,R_75,27740.2106
1779495946,R_75,27737.2511
1779495948,R_75,27738.4506
1779495950,R_75,27735.0971
1779495952,R_75,27734.9226
1779495954,R_75,27741.8209
1779495956,R_75,27745.2145
1779495958,R_75,27739.9378
1779495960,R_75,27736.3284
1779495962,R_75,27731.8409
1779495964,R_75,27739.3039
1779495966,R_75,27738.2281
1779495968,R_75,27740.0592
1779495970,R_75,27743.2999
1779495972,R_75,27752.0276
1779495974,R_75,27748.3155
1779495976,R_75,27743.0818
1779495978,R_75,27751.5192
1779495980,R_75,27756.2735
1779495982,R_75,27748.724
1779495984,R_75,27748.4203
1779495986,R_75,27744.8444
1779495988,R_75,27747.2217
1779495990,R_75,27739.0706
1779495992,R_75,27739.5646
1779495994,R_75,27738.4015
1779495996,R_75,27733.3746
1779495998,R_75,27741.786
1779496000,R_75,27742.7532
1779496002,R_75,27758.7228
1779496004,R_75,27755.2719
1779496006,R_75,27751.7238
1779496008,R_75,27747.908
1779496010,R_75,27746.7014
1779496012,R_75,27750.8337
1779496014,R_75,27752.6181
1779496016,R_75,27751.2395
1779496018,R_75,27747.3159
1779496020,R_75,27736.0001
1779496022,R_75,27736.4878
1779496024,R_75,27739.1831
1779496026,R_75,27742.627
1779496028,R_75,27737.5043
1779496030,R_75,27733.8541
1779496032,R_75,27734.9272
1779496034,R_75,27721.7576
1779496036,R_75,27721.2729
1779496038,R_75,27724.2402
1779496040,R_75,27717.0798
1779496042,R_75,27715.5442
1779496044,R_75,27705.8931
1779496046,R_75,27702.5828
1779496048,R_75,27702.0882
1779496050,R_75,27698.5897
1779496052,R_75,27704.8679
1779496054,R_75,27705.4326
1779496056,R_75,27700.732
1779496058,R_75,27699.386
1779496060,R_75,27702.7818
1779496062,R_75,27708.7811
1779496064,R_75,27717.4284
1779496066,R_75,27720.8125
1779496068,R_75,27719.5835
1779496070,R_75,27717.2956
1779496072,R_75,27711.6844
1779496074,R_75,27714.1118
1779496076,R_75,27712.9187
1779496078,R_75,27716.3289
1779496080,R_75,27715.7782
1779496082,R_75,27723.3253
1779496084,R_75,27724.6956
1779496086,R_75,27719.9809
1779496088,R_75,27715.2448
1779496090,R_75,27719.6332
1779496092,R_75,27719.7584
1779496094,R_75,27719.5017
1779496096,R_75,27712.4672
1779496098,R_75,27711.3852
1779496100,R_75,27701.777
1779496102,R_75,27701.8573
1779496104,R_75,27709.3699
1779496106,R_75,27704.2628
1779496108,R_75,27698.2787
1779496110,R_75,27696.765
1779496112,R_75,27696.465
1779496114,R_75,27697.5811
1779496116,R_75,27696.9878
1779496118,R_75,27697.1467
1779496120,R_75,27699.198
1779496122,R_75,27700.9503
1779496124,R_75,27702.2583
1779496126,R_75,27705.2064
1779496128,R_75,27706.8872
1779496130,R_75,27698.2664
1779496132,R_75,27698.6235
1779496134,R_75,27689.5867
1779496136,R_75,27690.2511
1779496138,R_75,27689.5551
1779496140,R_75,27691.6342
1779496142,R_75,27692.0879
1779496144,R_75,27688.7771
1779496146,R_75,27691.7725
1779496148,R_75,27678.4079
1779496150,R_75,27678.2042
1779496152,R_75,27678.7535
1779496154,R_75,27681.5314
1779496156,R_75,27680.8312
1779496158,R_75,27676.4047
1779496160,R_75,27679.6539
1779496162,R_75,27682.8397
1779496164,R_75,27684.1321
1779496166,R_75,27689.8248
1779496168,R_75,27686.7659
1779496170,R_75,27686.0159
1779496172,R_75,27697.1586
1779496174,R_75,27700.8646
1779496176,R_75,27694.1078
1779496178,R_75,27694.6202
1779496180,R_75,27697.7705
1779496182,R_75,27701.8711
1779496184,R_75,27705.0246
1779496186,R_75,27704.0977
1779496188,R_75,27704.9899
1779496190,R_75,27701.9202
1779496192,R_75,27704.7529
1779496194,R_75,27705.7796
1779496196,R_75,27703.4228
1779496198,R_75,27695.529
1779496200,R_75,27698.3182
1779496202,R_75,27694.6677
1779496204,R_75,27689.4051
1779496206,R_75,27689.2738
1779496208,R_75,27679.2356
1779496210,R_75,27676.1801
1779496212,R_75,27681.1953
1779496214,R_75,27676.0293
1779496216,R_75,27672.9916
1779496218,R_75,27682.5923
1779496220,R_75,27683.7295
1779496222,R_75,27674.9155
1779496224,R_75,27665.7529
1779496226,R_75,27662.1557
1779496228,R_75,27662.2922
1779496230,R_75,27667.4111
1779496232,R_75,27660.8255
1779496234,R_75,27666.1522
1779496236,R_75,27663.0464
1779496238,R_75,27659.7767
1779496240,R_75,27659.2623
1779496242,R_75,27651.1382
1779496244,R_75,27652.791
1779496246,R_75,27645.4084
1779496248,R_75,27640.6957
1779496250,R_75,27638.6778
1779496252,R_75,27638.3643
1779496254,R_75,27642.2669
1779496256,R_75,27650.0246
1779496258,R_75,27641.5818
1779496260,R_75,27634.6103
1779496262,R_75,27632.4696
1779496264,R_75,27634.3479
1779496266,R_75,27626.3152
1779496268,R_75,27623.1896
1779496270,R_75,27616.5231
1779496272,R_75,27617.5739
1779496274,R_75,27614.0722
1779496276,R_75,27617.6965
1779496278,R_75,27614.9743
1779496280,R_75,27613.6896
1779496282,R_75,27611.5522
1779496284,R_75,27607.6483
1779496286,R_75,27607.3042
1779496288,R_75,27610.2147
1779496290,R_75,27613.3587
1779496292,R_75,27606.1526
1779496294,R_75,27602.9181
1779496296,R_75,27602.3984
1779496298,R_75,27597.323
1779496300,R_75,27597.6925
1779496302,R_75,27599.0711
1779496304,R_75,27608.3619
1779496306,R_75,27607.9972
1779496308,R_75,27607.2276
1779496310,R_75,27611.4146
1779496312,R_75,27618.9376
1779496314,R_75,27619.9262
1779496316,R_75,27621.3314
1779496318,R_75,27618.7358
1779496320,R_75,27617.6958
1779496322,R_75,27620.4362
1779496324,R_75,27616.4105
1779496326,R_75,27612.707
1779496328,R_75,27615.2781
1779496330,R_75,27621.3937
1779496332,R_75,27619.941
1779496334,R_75,27620.5589
1779496336,R_75,27618.8526
1779496338,R_75,27623.1942
1779496340,R_75,27619.9666
1779496342,R_75,27611.4855
1779496344,R_75,27607.6925
1779496346,R_75,27611.6149
1779496348,R_75,27607.4464
1779496350,R_75,27611.3341
1779496352,R_75,27611.9055
1779496354,R_75,27611.7413
1779496356,R_75,27611.0088
1779496358,R_75,27608.2233
1779496360,R_75,27616.6628
1779496362,R_75,27612.8919
1779496364,R_75,27613.3919
1779496366,R_75,27614.6955
1779496368,R_75,27612.5739
1779496370,R_75,27612.2662
1779496372,R_75,27609.5461
1779496374,R_75,27603.2955
1779496376,R_75,27596.7083
1779496378,R_75,27592.9186
1779496380,R_75,27595.54
1779496382,R_75,27595.5078
1779496384,R_75,27591.7687
1779496386,R_75,27597.0868
1779496388,R_75,27604.1911
1779496390,R_75,27596.6234
1779496392,R_75,27605.3126
1779496394,R_75,27601.0246
1779496396,R_75,27599.0411
1779496398,R_75,27607.2652
1779496400,R_75,27605.8292
1779496402,R_75,27602.1899
1779496404,R_75,27606.2377
1779496406,R_75,27613.4638
1779496408,R_75,27614.5263
1779496410,R_75,27608.198
1779496412,R_75,27606.3669
1779496414,R_75,27607.4005
1779496416,R_75,27606.5084
1779496418,R_75,27618.4175
1779496420,R_75,27619.6851
1779496422,R_75,27615.3337
1779496424,R_75,27617.8708
1779496426,R_75,27620.0453
1779496428,R_75,27622.8827
1779496430,R_75,27625.7689
1779496432,R_75,27627.2973
1779496434,R_75,27619.6038
1779496436,R_75,27623.081
1779496438,R_75,27624.3574
1779496440,R_75,27623.7765
1779496442,R_75,27628.3214
1779496444,R_75,27630.3155
1779496446,R_75,27629.7311
1779496448,R_75,27633.9135
1779496450,R_75,27628.6262
1779496452,R_75,27631.7856
1779496454,R_75,27626.199
1779496456,R_75,27625.7377
1779496458,R_75,27618.9693
1779496460,R_75,27618.1469
1779496462,R_75,27617.8508
1779496464,R_75,27620.9038
1779496466,R_75,27618.0319
1779496468,R_75,27613.6932
1779496470,R_75,27622.1794
1779496472,R_75,27621.7026
1779496474,R_75,27619.8002
1779496476,R_75,27623.084
1779496478,R_75,27620.3568
1779496480,R_75,27623.2233
1779496482,R_75,27628.1035
1779496484,R_75,27631.1434
1779496486,R_75,27631.1802
1779496488,R_75,27629.2412
1779496490,R_75,27628.384
1779496492,R_75,27637.5064
1779496494,R_75,27633.883
1779496496,R_75,27635.529
1779496498,R_75,27642.8231
1779496500,R_75,27639.5954
1779496502,R_75,27636.5859
1779496504,R_75,27632.7925
1779496506,R_75,27633.2939
1779496508,R_75,27632.9256
1779496510,R_75,27631.5756
1779496512,R_75,27624.5538
1779496514,R_75,27625.7489
1779496516,R_75,27624.7338
1779496518,R_75,27625.0746
1779496520,R_75,27624.241
1779496522,R_75,27627.5182
1779496524,R_75,27627.7623
1779496526,R_75,27629.9027
1779496528,R_75,27630.2951
1779496530,R_75,27623.9211
1779496532,R_75,27620.7641
1779496534,R_75,27627.3802
1779496536,R_75,27618.0328
1779496538,R_75,27617.3966
1779496540,R_75,27617.1015
1779496542,R_75,27611.5328
1779496544,R_75,27607.6943
1779496546,R_75,27611.1174
1779496548,R_75,27606.9926
1779496550,R_75,27610.3077
1779496552,R_75,27607.6327
1779496554,R_75,27604.3819
1779496556,R_75,27611.7015
1779496558,R_75,27607.5052
1779496560,R_75,27609.013
1779496562,R_75,27607.1089
1779496564,R_75,27601.2386
1779496566,R_75,27599.9765
1779496568,R_75,27609.0717
1779496570,R_75,27616.6572
1779496572,R_75,27618.618
1779496574,R_75,27621.0206
1779496576,R_75,27624.0335
1779496578,R_75,27628.5972
1779496580,R_75,27631.3987
1779496582,R_75,27637.0476
1779496584,R_75,27636.0763
1779496586,R_75,27631.9065
1779496588,R_75,27626.8014
1779496590,R_75,27618.168
1779496592,R_75,27616.2714
1779496594,R_75,27604.4687
1779496596,R_75,27607.705
1779496598,R_75,27610.5168
1779496600,R_75,27606.3296
1779496602,R_75,27606.8478
1779496604,R_75,27600.1044
1779496606,R_75,27602.5865
1779496608,R_75,27598.1555
1779496610,R_75,27597.8243
1779496612,R_75,27601.4888
1779496614,R_75,27598.3431
1779496616,R_75,27596.4556
1779496618,R_75,27599.5858
1779496620,R_75,27591.0381
1779496622,R_75,27588.4061
1779496624,R_75,27589.1596
1779496626,R_75,27590.5899
1779496628,R_75,27583.3718
1779496630,R_75,27586.7825
1779496632,R_75,27588.9163
1779496634,R_75,27592.2082
1779496636,R_75,27591.1481
1779496638,R_75,27588.2478
1779496640,R_75,27592.889
1779496642,R_75,27598.4334
1779496644,R_75,27590.3359
1779496646,R_75,27594.6579
1779496648,R_75,27584.0426
1779496650,R_75,27584.7798
1779496652,R_75,27588.162
1779496654,R_75,27590.3271
1779496656,R_75,27596.2693
1779496658,R_75,27598.3861
1779496660,R_75,27606.4286
1779496662,R_75,27614.658
1779496664,R_75,27614.474
1779496666,R_75,27613.1478
1779496668,R_75,27612.2542
1779496670,R_75,27611.4632
1779496672,R_75,27629.2411
1779496674,R_75,27622.6938
1779496676,R_75,27621.8142
1779496678,R_75,27628.5993
1779496680,R_75,27621.9836
1779496682,R_75,27619.4447
1779496684,R_75,27614.6635
1779496686,R_75,27615.0876
1779496688,R_75,27610.6012
1779496690,R_75,27609.8628
1779496692,R_75,27611.2303
1779496694,R_75,27602.8683
1779496696,R_75,27606.9342
1779496698,R_75,27604.8366
1779496700,R_75,27605.6236
1779496702,R_75,27597.7999
1779496704,R_75,27598.2121
1779496706,R_75,27606.2766
1779496708,R_75,27609.0968
1779496710,R_75,27606.2659
1779496712,R_75,27601.5241
1779496714,R_75,27598.9379
1779496716,R_75,27597.5497
1779496718,R_75,27597.8203
1779496720,R_75,27597.1183
1779496722,R_75,27594.5005
1779496724,R_75,27586.7442
1779496726,R_75,27581.3571
1779496728,R_75,27581.6612
1779496730,R_75,27582.3339
1779496732,R_75,27581.1239
1779496734,R_75,27584.2167
1779496736,R_75,27590.2465
1779496738,R_75,27594.9971
1779496740,R_75,27586.0246
1779496742,R_75,27582.4122
1779496744,R_75,27584.8153
1779496746,R_75,27583.3694
1779496748,R_75,27580.8874
1779496750,R_75,27581.289
1779496752,R_75,27571.6993
1779496754,R_75,27573.4232
1779496756,R_75,27568.8514
1779496758,R_75,27566.5374
1779496760,R_75,27571.2781
1779496762,R_75,27562.3573
1779496764,R_75,27553.0103
1779496766,R_75,27556.6343
1779496768,R_75,27555.3266
1779496770,R_75,27553.3319
1779496772,R_75,27545.2398
1779496774,R_75,27543.1636
1779496776,R_75,27544.2869
1779496778,R_75,27538.9764
1779496780,R_75,27546.8505
1779496782,R_75,27550.3613
1779496784,R_75,27553.0427
1779496786,R_75,27556.2989
1779496788,R_75,27562.9816
1779496790,R_75,27564.6037
1779496792,R_75,27567.4232
1779496794,R_75,27562.8868
1779496796,R_75,27562.6021
1779496798,R_75,27563.6153
1779496800,R_75,27557.5238
1779496802,R_75,27558.0609
1779496804,R_75,27569.4485
1779496806,R_75,27563.9979
1779496808,R_75,27562.8954
1779496810,R_75,27568.9651
1779496812,R_75,27569.156
1779496814,R_75,27573.7125
1779496816,R_75,27580.171
1779496818,R_75,27579.0404
1779496820,R_75,27575.5696
1779496822,R_75,27578.6962
1779496824,R_75,27571.5417
1779496826,R_75,27569.648
1779496828,R_75,27571.6747
1779496830,R_75,27573.3711
1779496832,R_75,27578.8026
1779496834,R_75,27585.7846
1779496836,R_75,27590.7506
1779496838,R_75,27592.8815
1779496840,R_75,27593.2337
1779496842,R_75,27604.4781
1779496844,R_75,27602.8241
1779496846,R_75,27595.2756
1779496848,R_75,27595.4837
1779496850,R_75,27586.8335
1779496852,R_75,27586.0592
1779496854,R_75,27583.543
1779496856,R_75,27579.5294
1779496858,R_75,27583.7669
1779496860,R_75,27578.7246
1779496862,R_75,27578.7874
1779496864,R_75,27579.4789
1779496866,R_75,27572.0255
1779496868,R_75,27566.1481
1779496870,R_75,27559.3722
1779496872,R_75,27554.0276
1779496874,R_75,27549.4972
1779496876,R_75,27550.1129
1779496878,R_75,27553.2478
1779496880,R_75,27546.5874
1779496882,R_75,27556.1293
1779496884,R_75,27556.8144
1779496886,R_75,27557.863
1779496888,R_75,27557.0677
1779496890,R_75,27556.686
1779496892,R_75,27562.4719
1779496894,R_75,27566.5948
1779496896,R_75,27565.6024
1779496898,R_75,27557.0933
1779496900,R_75,27557.0481
1779496902,R_75,27552.7154
1779496904,R_75,27552.1993
1779496906,R_75,27548.268
1779496908,R_75,27541.4893
1779496910,R_75,27536.0086
1779496912,R_75,27536.2229
1779496914,R_75,27541.0612
1779496916,R_75,27539.9383
1779496918,R_75,27543.0209
1779496920,R_75,27541.1246
1779496922,R_75,27535.0259
1779496924,R_75,27535.9194
1779496926,R_75,27535.0635
1779496928,R_75,27534.3474
1779496930,R_75,27534.5522
1779496932,R_75,27532.261
1779496934,R_75,27531.5855
1779496936,R_75,27533.571
1779496938,R_75,27533.4275
1779496940,R_75,27529.0386
1779496942,R_75,27531.5541
1779496944,R_75,27535.0501
1779496946,R_75,27529.1065
1779496948,R_75,27530.0186
1779496950,R_75,27528.905
1779496952,R_75,27519.3937
1779496954,R_75,27520.3946
1779496956,R_75,27517.311
1779496958,R_75,27517.9987
1779496960,R_75,27524.6374
1779496962,R_75,27519.3124
1779496964,R_75,27520.5809
1779496966,R_75,27517.8893
1779496968,R_75,27510.1981
1779496970,R_75,27511.3998
1779496972,R_75,27510.4328
1779496974,R_75,27508.6865
1779496976,R_75,27506.701
1779496978,R_75,27515.3759
1779496980,R_75,27521.7573
1779496982,R_75,27523.4098
1779496984,R_75,27527.7655
1779496986,R_75,27535.2249
1779496988,R_75,27541.4151
1779496990,R_75,27540.1328
1779496992,R_75,27542.4738
1779496994,R_75,27549.0179
1779496996,R_75,27550.0822
1779496998,R_75,27547.6369
1779497000,R_75,27551.4156
1779497002,R_75,27546.1816
1779497004,R_75,27555.7272
1779497006,R_75,27562.1568
1779497008,R_75,27568.9956
1779497010,R_75,27570.7159
1779497012,R_75,27570.6955
1779497014,R_75,27574.3683
1779497016,R_75,27581.6345
1779497018,R_75,27583.1556
1779497020,R_75,27592.6756
1779497022,R_75,27592.138
1779497024,R_75,27584.9495
1779497026,R_75,27592.8506
1779497028,R_75,27590.1477
1779497030,R_75,27582.5216
1779497032,R_75,27580.0136
1779497034,R_75,27577.3097
1779497036,R_75,27568.9703
1779497038,R_75,27566.3481
1779497040,R_75,27568.4927
1779497042,R_75,27562.5414
1779497044,R_75,27564.8777
1779497046,R_75,27565.3546
1779497048,R_75,27564.2858
1779497050,R_75,27564.0326
1779497052,R_75,27563.0885
1779497054,R_75,27559.126
1779497056,R_75,27558.8108
1779497058,R_75,27560.252
1779497060,R_75,27564.9635
1779497062,R_75,27565.6997
1779497064,R_75,27565.0085
1779497066,R_75,27561.1636
1779497068,R_75,27562.6028
1779497070,R_75,27560.8064
1779497072,R_75,27563.4287
1779497074,R_75,27559.286
1779497076,R_75,27560.893
1779497078,R_75,27558.4128
1779497080,R_75,27553.3482
1779497082,R_75,27560.3851
1779497084,R_75,27557.2728
1779497086,R_75,27557.7785
1779497088,R_75,27553.7059
1779497090,R_75,27559.6273
1779497092,R_75,27562.6867
1779497094,R_75,27555.6857
1779497096,R_75,27547.2464
1779497098,R_75,27553.6136
1779497100,R_75,27557.4219
1779497102,R_75,27553.0557
1779497104,R_75,27555.0133
1779497106,R_75,27559.9675
1779497108,R_75,27565.0315
1779497110,R_75,27567.0825
1779497112,R_75,27565.1277
1779497114,R_75,27560.4002
1779497116,R_75,27550.1961
1779497118,R_75,27545.9203
1779497120,R_75,27543.6964
1779497122,R_75,27539.2517
1779497124,R_75,27535.157
1779497126,R_75,27535.0878
1779497128,R_75,27525.0981
1779497130,R_75,27531.8095
1779497132,R_75,27533.2543
1779497134,R_75,27529.6911
1779497136,R_75,27530.65
1779497138,R_75,27534.6417
1779497140,R_75,27533.3831
1779497142,R_75,27533.7355
1779497144,R_75,27533.7051
1779497146,R_75,27534.8523
1779497148,R_75,27540.1748
1779497150,R_75,27539.1769
1779497152,R_75,27531.9562
1779497154,R_75,27530.1844
1779497156,R_75,27539.9252
1779497158,R_75,27547.8567
1779497160,R_75,27545.5947
1779497162,R_75,27551.5804
1779497164,R_75,27550.0107
1779497166,R_75,27554.2794
1779497168,R_75,27545.0619
1779497170,R_75,27536.4412
1779497172,R_75,27539.9734
1779497174,R_75,27539.019
1779497176,R_75,27549.5033
1779497178,R_75,27552.8728
1779497180,R_75,27558.1396
1779497182,R_75,27571.1341
1779497184,R_75,27567.0097
1779497186,R_75,27569.4977
1779497188,R_75,27570.9636
1779497190,R_75,27565.8688
1779497192,R_75,27571.1182
1779497194,R_75,27561.912
1779497196,R_75,27566.4283
1779497198,R_75,27564.9344
1779497200,R_75,27563.8288
1779497202,R_75,27574.5268
1779497204,R_75,27577.7129
1779497206,R_75,27577.0879
1779497208,R_75,27571.2835
1779497210,R_75,27560.8171
1779497212,R_75,27565.8294
1779497214,R_75,27560.2994
1779497216,R_75,27568.8426
1779497218,R_75,27565.9112
1779497220,R_75,27565.1375
1779497222,R_75,27567.3914
1779497224,R_75,27564.6775
1779497226,R_75,27568.453
1779497228,R_75,27572.2279
1779497230,R_75,27570.9441
1779497232,R_75,27573.207
1779497234,R_75,27570.7707
1779497236,R_75,27570.7515
1779497238,R_75,27564.4897
1779497240,R_75,27571.1116
1779497242,R_75,27560.5464
1779497244,R_75,27562.4323
1779497246,R_75,27557.4073
1779497248,R_75,27554.7588
1779497250,R_75,27555.5061
1779497252,R_75,27548.6086
1779497254,R_75,27556.1056
1779497256,R_75,27550.3082
1779497258,R_75,27541.3669
1779497260,R_75,27549.5098
1779497262,R_75,27548.3218
1779497264,R_75,27548.9509
1779497266,R_75,27559.3408
1779497268,R_75,27547.5921
1779497270,R_75,27551.9176
1779497272,R_75,27553.8178
1779497274,R_75,27547.528
1779497276,R_75,27551.781
1779497278,R_75,27550.1357
1779497280,R_75,27548.4255
1779497282,R_75,27550.7646
1779497284,R_75,27557.6222
1779497286,R_75,27554.3851
1779497288,R_75,27552.8042
1779497290,R_75,27550.7399
1779497292,R_75,27555.165
1779497294,R_75,27561.17
1779497296,R_75,27560.1219
1779497298,R_75,27557.0126
1779497300,R_75,27554.8871
1779497302,R_75,27554.5544
1779497304,R_75,27551.3613
1779497306,R_75,27540.5067
1779497308,R_75,27528.2592
1779497310,R_75,27525.3534
1779497312,R_75,27524.3535
1779497314,R_75,27528.9498
1779497316,R_75,27527.9473
1779497318,R_75,27534.1006
1779497320,R_75,27538.39
1779497322,R_75,27536.5493
1779497324,R_75,27536.1565
1779497326,R_75,27535.4388
1779497328,R_75,27531.0056
1779497330,R_75,27538.8509
1779497332,R_75,27540.5697
1779497334,R_75,27536.601
1779497336,R_75,27534.1355
1779497338,R_75,27530.8403
1779497340,R_75,27538.2106
1779497342,R_75,27540.0785
1779497344,R_75,27537.6847
1779497346,R_75,27544.1678
1779497348,R_75,27548.0591
1779497350,R_75,27551.2938
1779497352,R_75,27547.9184
1779497354,R_75,27540.0052
1779497356,R_75,27541.5692
1779497358,R_75,27545.8358
1779497360,R_75,27551.7545
1779497362,R_75,27552.9309
1779497364,R_75,27560.8799
1779497366,R_75,27558.4259
1779497368,R_75,27552.5856
1779497370,R_75,27543.7638
1779497372,R_75,27546.9449
1779497374,R_75,27551.8177
1779497376,R_75,27559.3256
1779497378,R_75,27550.7237
1779497380,R_75,27545.8626
1779497382,R_75,27542.8008
1779497384,R_75,27541.6741
1779497386,R_75,27535.1169
1779497388,R_75,27548.1581
1779497390,R_75,27547.6576
1779497392,R_75,27548.2854
1779497394,R_75,27558.0873
1779497396,R_75,27560.9367
1779497398,R_75,27564.3916
1779497400,R_75,27567.2308
1779497402,R_75,27568.6409
1779497404,R_75,27572.4465
1779497406,R_75,27568.9631
1779497408,R_75,27577.9214
1779497410,R_75,27582.2405
1779497412,R_75,27582.3445
1779497414,R_75,27577.8329
1779497416,R_75,27582.1889
1779497418,R_75,27580.3555
1779497420,R_75,27575.7783
1779497422,R_75,27577.4921
1779497424,R_75,27574.7861
1779497426,R_75,27577.9888
1779497428,R_75,27575.6222
1779497430,R_75,27572.4462
1779497432,R_75,27571.6184
1779497434,R_75,27565.5297
1779497436,R_75,27564.8571
1779497438,R_75,27569.385
1779497440,R_75,27569.1786
1779497442,R_75,27571.6824
1779497444,R_75,27568.4197
1779497446,R_75,27563.8621
1779497448,R_75,27560.2033
1779497450,R_75,27562.9244
1779497452,R_75,27559.6808
1779497454,R_75,27554.4103
1779497456,R_75,27558.4582
1779497458,R_75,27561.6837
1779497460,R_75,27572.8823
1779497462,R_75,27575.1544
1779497464,R_75,27571.0797
1779497466,R_75,27575.6714
1779497468,R_75,27572.0115
1779497470,R_75,27573.4204
1779497472,R_75,27574.1783
1779497474,R_75,27582.129
1779497476,R_75,27579.3956
1779497478,R_75,27585.0121
1779497480,R_75,27577.3931
1779497482,R_75,27582.3482
1779497484,R_75,27585.6771
1779497486,R_75,27582.82
1779497488,R_75,27582.2927
1779497490,R_75,27581.3572
1779497492,R_75,27581.3929
1779497494,R_75,27579.1455
1779497496,R_75,27575.5007
1779497498,R_75,27582.7747
1779497500,R_75,27585.4427
1779497502,R_75,27579.4928
1779497504,R_75,27579.6102
1779497506,R_75,27582.3869
1779497508,R_75,27581.4691
1779497510,R_75,27586.658
1779497512,R_75,27590.4312
1779497514,R_75,27593.4934
1779497516,R_75,27597.8026
1779497518,R_75,27602.4276
1779497520,R_75,27600.6243
1779497522,R_75,27604.2188
1779497524,R_75,27603.5801
1779497526,R_75,27603.8622
1779497528,R_75,27607.7856
1779497530,R_75,27606.2044
1779497532,R_75,27606.4131
1779497534,R_75,27611.2028
1779497536,R_75,27608.5868
1779497538,R_75,27609.9448
1779497540,R_75,27608.8981
1779497542,R_75,27605.7369
1779497544,R_75,27610.8482
1779497546,R_75,27606.3476
1779497548,R_75,27604.0881
1779497550,R_75,27605.458
1779497552,R_75,27609.3719
1779497554,R_75,27613.2768
1779497556,R_75,27613.5308
1779497558,R_75,27615.8065
1779497560,R_75,27618.6945
1779497562,R_75,27627.5215
1779497564,R_75,27617.1712
1779497566,R_75,27623.2476
1779497568,R_75,27628.5268
1779497570,R_75,27618.8465
1779497572,R_75,27617.6199
1779497574,R_75,27616.6117
1779497576,R_75,27621.5436
1779497578,R_75,27621.497
1779497580,R_75,27624.7716
1779497582,R_75,27628.1069
1779497584,R_75,27628.1939
1779497586,R_75,27630.0752
1779497588,R_75,27634.5076
1779497590,R_75,27632.5202
1779497592,R_75,27633.5306
1779497594,R_75,27631.2465
1779497596,R_75,27633.3912
1779497598,R_75,27624.4467
1779497600,R_75,27625.2543
1779497602,R_75,27627.7642
1779497604,R_75,27626.5146
1779497606,R_75,27625.4765
1779497608,R_75,27620.3357
1779497610,R_75,27616.4007
1779497612,R_75,27611.1761
1779497614,R_75,27608.5893
1779497616,R_75,27603.7582
1779497618,R_75,27602.1516
1779497620,R_75,27601.1149
1779497622,R_75,27591.7728
1779497624,R_75,27589.9317
1779497626,R_75,27600.839
1779497628,R_75,27609.0245
1779497630,R_75,27609.3758
1779497632,R_75,27615.968
1779497634,R_75,27627.1098
1779497636,R_75,27633.9219
1779497638,R_75,27641.5205
1779497640,R_75,27650.9044
1779497642,R_75,27649.5053
1779497644,R_75,27656.9407
1779497646,R_75,27663.0851
1779497648,R_75,27661.6146
1779497650,R_75,27661.3954
1779497652,R_75,27655.2035
1779497654,R_75,27651.3698
1779497656,R_75,27649.5347
1779497658,R_75,27652.3312
1779497660,R_75,27655.7497
1779497662,R_75,27663.0887
1779497664,R_75,27661.6824
1779497666,R_75,27658.2059
1779497668,R_75,27661.2697
1779497670,R_75,27654.111
1779497672,R_75,27648.1942
1779497674,R_75,27659.9987
1779497676,R_75,27658.2545
1779497678,R_75,27659.7369
1779497680,R_75,27664.5967
1779497682,R_75,27664.6812
1779497684,R_75,27666.939
1779497686,R_75,27664.4391
1779497688,R_75,27663.3245
1779497690,R_75,27666.8533
1779497692,R_75,27665.7266
1779497694,R_75,27665.6853
1779497696,R_75,27663.1582
1779497698,R_75,27666.8745
1779497700,R_75,27671.0116
1779497702,R_75,27667.9527
1779497704,R_75,27665.121
1779497706,R_75,27662.2829
1779497708,R_75,27658.1813
1779497710,R_75,27662.8016
1779497712,R_75,27667.8635
1779497714,R_75,27669.7228
1779497716,R_75,27673.5266
1779497718,R_75,27676.4704
1779497720,R_75,27672.1901
1779497722,R_75,27667.9345
1779497724,R_75,27668.3988
1779497726,R_75,27671.9197
1779497728,R_75,27683.9248
1779497730,R_75,27680.7985
1779497732,R_75,27689.7299
1779497734,R_75,27697.4138
1779497736,R_75,27696.7263
1779497738,R_75,27699.4586
1779497740,R_75,27707.628
1779497742,R_75,27709.3588
1779497744,R_75,27707.4952
1779497746,R_75,27708.9029
1779497748,R_75,27704.3687
1779497750,R_75,27700.0427
1779497752,R_75,27698.2479
1779497754,R_75,27696.8778
1779497756,R_75,27688.6636
1779497758,R_75,27685.4752
1779497760,R_75,27673.9123
1779497762,R_75,27668.4684
1779497764,R_75,27665.7559
1779497766,R_75,27661.4597
1779497768,R_75,27666.5405
1779497770,R_75,27673.4708
1779497772,R_75,27679.207
1779497774,R_75,27673.3803
1779497776,R_75,27679.9298
1779497778,R_75,27684.2522
1779497780,R_75,27688.7193
1779497782,R_75,27692.1281
1779497784,R_75,27688.8118
1779497786,R_75,27692.6376
1779497788,R_75,27687.6021
1779497790,R_75,27693.2004
1779497792,R_75,27688.6875
1779497794,R_75,27690.1614
1779497796,R_75,27691.7794
1779497798,R_75,27687.3184
1779497800,R_75,27686.1289
1779497802,R_75,27688.2078
1779497804,R_75,27697.506
1779497806,R_75,27696.0176
1779497808,R_75,27698.6934
1779497810,R_75,27701.7986
1779497812,R_75,27700.2727
1779497814,R_75,27700.4303
1779497816,R_75,27696.5972
1779497818,R_75,27706.5811
1779497820,R_75,27697.261
1779497822,R_75,27697.6198
1779497824,R_75,27701.8683
1779497826,R_75,27701.9307
1779497828,R_75,27700.3441
1779497830,R_75,27692.3247
1779497832,R_75,27699.9838
1779497834,R_75,27709.0167
1779497836,R_75,27703.7588
1779497838,R_75,27705.1566
1779497840,R_75,27694.0339
1779497842,R_75,27699.7582
1779497844,R_75,27706.2941
1779497846,R_75,27699.8762
1779497848,R_75,27692.935
1779497850,R_75,27691.8072
1779497852,R_75,27699.1349
1779497854,R_75,27701.3296
1779497856,R_75,27704.5562
1779497858,R_75,27695.0966
1779497860,R_75,27701.5482
1779497862,R_75,27690.6524
1779497864,R_75,27697.4115
1779497866,R_75,27705.3024
1779497868,R_75,27707.0318
1779497870,R_75,27712.1851
1779497872,R_75,27710.8721
1779497874,R_75,27708.3206
1779497876,R_75,27707.1647
1779497878,R_75,27703.2221
1779497880,R_75,27705.2804
1779497882,R_75,27700.8605
1779497884,R_75,27702.8745
1779497886,R_75,27703.2533
1779497888,R_75,27703.9049
1779497890,R_75,27705.2265
1779497892,R_75,27706.9039
1779497894,R_75,27709.3961
1779497896,R_75,27716.2472
1779497898,R_75,27704.9209
1779497900,R_75,27705.7715
1779497902,R_75,27706.2856
1779497904,R_75,27701.2546
1779497906,R_75,27701.9482
1779497908,R_75,27707.0363
1779497910,R_75,27711.7041
1779497912,R_75,27720.5926
1779497914,R_75,27718.019
1779497916,R_75,27722.178
1779497918,R_75,27715.9963
1779497920,R_75,27713.5922
1779497922,R_75,27716.8847
1779497924,R_75,27706.7463
1779497926,R_75,27702.3995
1779497928,R_75,27700.0008
1779497930,R_75,27705.8305
1779497932,R_75,27701.5759
1779497934,R_75,27705.0823
1779497936,R_75,27704.4092
1779497938,R_75,27704.5571
1779497940,R_75,27698.4877
1779497942,R_75,27693.2584
1779497944,R_75,27690.0378
1779497946,R_75,27687.1039
1779497948,R_75,27696.683
1779497950,R_75,27710.2254
1779497952,R_75,27713.6839
1779497954,R_75,27702.7377
1779497956,R_75,27713.7924
1779497958,R_75,27709.785
1779497960,R_75,27706.4601
1779497962,R_75,27708.7717
1779497964,R_75,27697.5334
1779497966,R_75,27704.6517
1779497968,R_75,27705.416
1779497970,R_75,27718.0348
1779497972,R_75,27715.7744
1779497974,R_75,27705.2167
1779497976,R_75,27702.7977
1779497978,R_75,27702.8592
1779497980,R_75,27700.1496
1779497982,R_75,27709.9121
1779497984,R_75,27712.345
1779497986,R_75,27713.782
1779497988,R_75,27711.3258
1779497990,R_75,27705.8735
1779497992,R_75,27717.064
1779497994,R_75,27719.0241
1779497996,R_75,27725.0734
1779497998,R_75,27724.2018
1779498000,R_75,27723.9126
1779498002,R_75,27721.3032
1779498004,R_75,27714.3525
1779498006,R_75,27715.5043
1779498008,R_75,27708.6024
1779498010,R_75,27710.6504
1779498012,R_75,27714.8968
1779498014,R_75,27719.4958
1779498016,R_75,27712.7199
1779498018,R_75,27712.5351
1779498020,R_75,27712.96
1779498022,R_75,27712.2636
1779498024,R_75,27704.2765
1779498026,R_75,27709.5442
1779498028,R_75,27710.9767
1779498030,R_75,27717.393
1779498032,R_75,27723.2368
1779498034,R_75,27716.1958
1779498036,R_75,27719.0491
1779498038,R_75,27715.063
1779498040,R_75,27710.0176
1779498042,R_75,27714.0276
1779498044,R_75,27712.8795
1779498046,R_75,27709.8308
1779498048,R_75,27709.0388
1779498050,R_75,27705.512
1779498052,R_75,27712.2218
1779498054,R_75,27712.9025
1779498056,R_75,27726.1542
1779498058,R_75,27722.2355
1779498060,R_75,27727.2165
1779498062,R_75,27733.1646
1779498064,R_75,27740.1525
1779498066,R_75,27743.0497
1779498068,R_75,27740.7888
1779498070,R_75,27737.1325
1779498072,R_75,27733.6591
1779498074,R_75,27730.8384
1779498076,R_75,27736.1561
1779498078,R_75,27737.0992
1779498080,R_75,27735.8975
1779498082,R_75,27730.0798
1779498084,R_75,27724.989
1779498086,R_75,27716.9955
1779498088,R_75,27726.324
1779498090,R_75,27722.7754
1779498092,R_75,27719.0966
1779498094,R_75,27717.8315
1779498096,R_75,27708.9701
1779498098,R_75,27706.8624
1779498100,R_75,27704.3447
1779498102,R_75,27701.776
1779498104,R_75,27694.5617
1779498106,R_75,27696.0813
1779498108,R_75,27707.0609
1779498110,R_75,27698.4487
1779498112,R_75,27696.6156
1779498114,R_75,27694.8
1779498116,R_75,27697.5053
1779498118,R_75,27690.933
1779498120,R_75,27697.5688
1779498122,R_75,27696.3705
1779498124,R_75,27705.6524
1779498126,R_75,27709.091
1779498128,R_75,27710.1378
1779498130,R_75,27706.0692
1779498132,R_75,27706.9538
1779498134,R_75,27707.1398
1779498136,R_75,27707.6211
1779498138,R_75,27706.9296
1779498140,R_75,27712.9118
1779498142,R_75,27712.693
1779498144,R_75,27710.221
1779498146,R_75,27711.3232
1779498148,R_75,27709.0177
1779498150,R_75,27712.1637
1779498152,R_75,27702.9287
1779498154,R_75,27705.2023
1779498156,R_75,27699.4349
1779498158,R_75,27706.9521
1779498160,R_75,27703.9346
1779498162,R_75,27695.1969
1779498164,R_75,27692.0748
1779498166,R_75,27690.46
1779498168,R_75,27686.1198
1779498170,R_75,27690.5938
1779498172,R_75,27689.5481
1779498174,R_75,27692.9623
1779498176,R_75,27700.4413
1779498178,R_75,27700.5489
1779498180,R_75,27695.5921
1779498182,R_75,27695.4576
1779498184,R_75,27695.4169
1779498186,R_75,27686.666
1779498188,R_75,27685.2611
1779498190,R_75,27684.0713
1779498192,R_75,27678.4409
1779498194,R_75,27678.8856
1779498196,R_75,27680.6924
1779498198,R_75,27681.5119
1779498200,R_75,27677.7159
1779498202,R_75,27672.4475
1779498204,R_75,27669.5326
1779498206,R_75,27676.2292
1779498208,R_75,27678.3533
1779498210,R_75,27677.1363
1779498212,R_75,27688.4954
1779498214,R_75,27695.6214
1779498216,R_75,27694.8807
1779498218,R_75,27689.6451
1779498220,R_75,27694.797
1779498222,R_75,27688.85
1779498224,R_75,27690.7034
1779498226,R_75,27689.0731
1779498228,R_75,27680.3844
1779498230,R_75,27680.897
1779498232,R_75,27679.0384
1779498234,R_75,27680.9553
1779498236,R_75,27672.7273
1779498238,R_75,27661.3
1779498240,R_75,27654.2477
1779498242,R_75,27654.6901
1779498244,R_75,27654.8845
1779498246,R_75,27655.2051
1779498248,R_75,27649.8354
1779498250,R_75,27650.027
1779498252,R_75,27641.9637
1779498254,R_75,27642.3071
1779498256,R_75,27643.6402
1779498258,R_75,27642.9073
1779498260,R_75,27635.7447
1779498262,R_75,27634.7708
1779498264,R_75,27632.2906
1779498266,R_75,27619.2986
1779498268,R_75,27623.8939
1779498270,R_75,27621.0029
1779498272,R_75,27619.2965
1779498274,R_75,27618.2097
1779498276,R_75,27619.2061
1779498278,R_75,27619.861
1779498280,R_75,27622.115
1779498282,R_75,27620.8456
1779498284,R_75,27616.6701
1779498286,R_75,27612.3481
1779498288,R_75,27611.0488
1779498290,R_75,27609.978
1779498292,R_75,27617.4697
1779498294,R_75,27612.8134
1779498296,R_75,27617.5483
1779498298,R_75,27613.907
1779498300,R_75,27611.5598
1779498302,R_75,27618.3486
1779498304,R_75,27620.9455
1779498306,R_75,27617.8577
1779498308,R_75,27622.0962
1779498310,R_75,27627.0378
1779498312,R_75,27627.8049
1779498314,R_75,27629.5056
1779498316,R_75,27621.7103
1779498318,R_75,27604.6771
1779498320,R_75,27604.9976
1779498322,R_75,27611.0393
1779498324,R_75,27606.3327
1779498326,R_75,27602.4935
1779498328,R_75,27597.18
1779498330,R_75,27602.886
1779498332,R_75,27603.9278
1779498334,R_75,27595.4906
1779498336,R_75,27593.0417
1779498338,R_75,27590.1849
1779498340,R_75,27589.2678
1779498342,R_75,27590.8237
1779498344,R_75,27589.5223
1779498346,R_75,27588.1237
1779498348,R_75,27580.6835
1779498350,R_75,27583.7197
1779498352,R_75,27589.4472
1779498354,R_75,27592.5016
1779498356,R_75,27596.708
1779498358,R_75,27583.2034
1779498360,R_75,27586.3426
1779498362,R_75,27584.9295
1779498364,R_75,27592.5943
1779498366,R_75,27592.6891
1779498368,R_75,27592.7644
1779498370,R_75,27589.8273
1779498372,R_75,27589.8173
1779498374,R_75,27579.7397
1779498376,R_75,27577.6788
1779498378,R_75,27579.4103
1779498380,R_75,27582.4579
1779498382,R_75,27586.275
1779498384,R_75,27583.9223
1779498386,R_75,27589.2248
1779498388,R_75,27588.4392
1779498390,R_75,27590.7794
1779498392,R_75,27590.6717
1779498394,R_75,27589.5259
1779498396,R_75,27589.756
1779498398,R_75,27594.7174
1779498400,R_75,27589.0774
1779498402,R_75,27597.2689
1779498404,R_75,27600.031
1779498406,R_75,27598.9695
1779498408,R_75,27593.266
1779498410,R_75,27592.9469
1779498412,R_75,27594.8496
1779498414,R_75,27589.6506
1779498416,R_75,27588.568
1779498418,R_75,27583.9
1779498420,R_75,27588.4672
1779498422,R_75,27591.7819
1779498424,R_75,27595.3053
1779498426,R_75,27604.5807
1779498428,R_75,27613.9453
1779498430,R_75,27613.2862
1779498432,R_75,27613.9106
1779498434,R_75,27609.7621
1779498436,R_75,27604.5775
1779498438,R_75,27603.3261
1779498440,R_75,27609.7869
1779498442,R_75,27604.6066
1779498444,R_75,27604.2191
1779498446,R_75,27603.0181
1779498448,R_75,27607.5682
1779498450,R_75,27613.5268
1779498452,R_75,27614.2753
1779498454,R_75,27617.1658
1779498456,R_75,27618.3433
1779498458,R_75,27614.1547
1779498460,R_75,27610.7332
1779498462,R_75,27610.3917
1779498464,R_75,27609.5944
1779498466,R_75,27603.3278
1779498468,R_75,27608.5892
1779498470,R_75,27608.1918
1779498472,R_75,27603.3848
1779498474,R_75,27596.9863
1779498476,R_75,27594.2763
1779498478,R_75,27591.0347
1779498480,R_75,27593.1701
1779498482,R_75,27589.705
1779498484,R_75,27586.2113
1779498486,R_75,27583.9632
1779498488,R_75,27580.2276
1779498490,R_75,27571.2131
1779498492,R_75,27570.6323
1779498494,R_75,27583.0905
1779498496,R_75,27583.7968
1779498498,R_75,27583.8458
1779498500,R_75,27585.2155
1779498502,R_75,27582.4487
1779498504,R_75,27581.7229
1779498506,R_75,27578.4386
1779498508,R_75,27579.6907
1779498510,R_75,27586.2343
1779498512,R_75,27591.0121
1779498514,R_75,27592.819
1779498516,R_75,27596.3287
1779498518,R_75,27596.2513
1779498520,R_75,27588.6522
1779498522,R_75,27588.7061
1779498524,R_75,27591.5759
1779498526,R_75,27593.0115
1779498528,R_75,27592.1597
1779498530,R_75,27587.4372
1779498532,R_75,27587.5148
1779498534,R_75,27596.8005
1779498536,R_75,27608.546
1779498538,R_75,27613.5625
1779498540,R_75,27613.5374
1779498542,R_75,27617.3414
1779498544,R_75,27611.1518
1779498546,R_75,27615.5765
1779498548,R_75,27616.8856
1779498550,R_75,27609.4861
1779498552,R_75,27610.7306
1779498554,R_75,27617.1296
1779498556,R_75,27621.2593
1779498558,R_75,27617.1598
1779498560,R_75,27632.9686
1779498562,R_75,27641.6259
1779498564,R_75,27644.1635
1779498566,R_75,27645.6884
1779498568,R_75,27639.781
1779498570,R_75,27643.4428
1779498572,R_75,27640.9202
1779498574,R_75,27638.9077
1779498576,R_75,27648.4197
1779498578,R_75,27643.5504
1779498580,R_75,27638.742
1779498582,R_75,27641.0049
1779498584,R_75,27641.4644
1779498586,R_75,27635.144
1779498588,R_75,27642.1746
1779498590,R_75,27641.8812
1779498592,R_75,27636.4829
1779498594,R_75,27630.0139
1779498596,R_75,27625.1932
1779498598,R_75,27621.4759
1779498600,R_75,27625.8066
1779498602,R_75,27627.6651
1779498604,R_75,27626.9802
1779498606,R_75,27619.4422
1779498608,R_75,27616.4909
1779498610,R_75,27616.8145
1779498612,R_75,27614.1614
1779498614,R_75,27614.9672
1779498616,R_75,27623.3429
1779498618,R_75,27623.2589
1779498620,R_75,27624.8654
1779498622,R_75,27627.0746
1779498624,R_75,27627.7811
1779498626,R_75,27624.2627
1779498628,R_75,27625.5846
1779498630,R_75,27623.7903
1779498632,R_75,27625.1183
1779498634,R_75,27629.5442
1779498636,R_75,27634.8226
1779498638,R_75,27634.6759
1779498640,R_75,27645.3019
1779498642,R_75,27648.1008
1779498644,R_75,27644.2992
1779498646,R_75,27629.9908
1779498648,R_75,27629.4227
1779498650,R_75,27625.4391
1779498652,R_75,27629.7166
1779498654,R_75,27626.5525
1779498656,R_75,27628.5678
1779498658,R_75,27631.2813
1779498660,R_75,27643.5189
1779498662,R_75,27652.8829
1779498664,R_75,27661.2696
1779498666,R_75,27667.2845
1779498668,R_75,27669.142
1779498670,R_75,27663.328
1779498672,R_75,27655.7806
1779498674,R_75,27659.3353
1779498676,R_75,27665.8285
1779498678,R_75,27657.1054
1779498680,R_75,27659.0848
1779498682,R_75,27658.0881
1779498684,R_75,27655.4898
1779498686,R_75,27653.3886
1779498688,R_75,27649.3488
1779498690,R_75,27651.0147
1779498692,R_75,27654.7716
1779498694,R_75,27654.2731
1779498696,R_75,27656.6761
1779498698,R_75,27656.4981
1779498700,R_75,27656.0231
1779498702,R_75,27649.6454
1779498704,R_75,27654.9962
1779498706,R_75,27647.5155
1779498708,R_75,27644.2938
1779498710,R_75,27642.9688
1779498712,R_75,27650.3608
1779498714,R_75,27655.1704
1779498716,R_75,27658.8628
1779498718,R_75,27657.8667
1779498720,R_75,27651.5728
1779498722,R_75,27662.1004
1779498724,R_75,27659.544
1779498726,R_75,27655.2167
1779498728,R_75,27650.2385
1779498730,R_75,27650.9818
1779498732,R_75,27634.8762
1779498734,R_75,27622.4663
1779498736,R_75,27628.107
1779498738,R_75,27634.2724
1779498740,R_75,27648.0496
1779498742,R_75,27640.584
1779498744,R_75,27634.0732
1779498746,R_75,27637.5736
1779498748,R_75,27632.4387
1779498750,R_75,27638.219
1779498752,R_75,27639.4321
1779498754,R_75,27645.2631
1779498756,R_75,27641.8879
1779498758,R_75,27642.0245
1779498760,R_75,27646.6404
1779498762,R_75,27641.5905
1779498764,R_75,27639.5269
1779498766,R_75,27641.378
1779498768,R_75,27638.677
1779498770,R_75,27636.2289
1779498772,R_75,27632.9473
1779498774,R_75,27631.1666
1779498776,R_75,27628.5865
1779498778,R_75,27625.2228
1779498780,R_75,27624.7114
1779498782,R_75,27625.5509
1779498784,R_75,27628.152
1779498786,R_75,27640.719
1779498788,R_75,27642.6064
1779498790,R_75,27650.7678
1779498792,R_75,27658.5808
1779498794,R_75,27656.7681
1779498796,R_75,27659.2159
1779498798,R_75,27657.818
1779498800,R_75,27650.3398
1779498802,R_75,27645.927
1779498804,R_75,27650.3739
1779498806,R_75,27644.8927
1779498808,R_75,27646.9389
1779498810,R_75,27641.0541
1779498812,R_75,27641.0122
1779498814,R_75,27638.9009
1779498816,R_75,27643.4762
1779498818,R_75,27640.4822
1779498820,R_75,27634.1175
1779498822,R_75,27637.7874
1779498824,R_75,27646.1559
1779498826,R_75,27645.2986
1779498828,R_75,27654.3353
1779498830,R_75,27660.4215
1779498832,R_75,27671.0683
1779498834,R_75,27666.3034
1779498836,R_75,27666.9553
1779498838,R_75,27674.5367
1779498840,R_75,27671.6655
1779498842,R_75,27674.1109
1779498844,R_75,27679.7556
1779498846,R_75,27691.7154
1779498848,R_75,27681.2223
1779498850,R_75,27675.4197
1779498852,R_75,27674.4857
1779498854,R_75,27669.1187
1779498856,R_75,27671.3079
1779498858,R_75,27681.7607
1779498860,R_75,27685.8435
1779498862,R_75,27683.3335
1779498864,R_75,27687.6477
1779498866,R_75,27685.8554
1779498868,R_75,27682.6542
1779498870,R_75,27687.2592
1779498872,R_75,27683.2143
1779498874,R_75,27689.4668
1779498876,R_75,27683.7378
1779498878,R_75,27684.2163
1779498880,R_75,27676.8219
1779498882,R_75,27664.0364
1779498884,R_75,27668.1455
1779498886,R_75,27674.4974
1779498888,R_75,27675.2928
1779498890,R_75,27677.924
1779498892,R_75,27678.4092
1779498894,R_75,27674.4971
1779498896,R_75,27671.0095
1779498898,R_75,27665.8435
1779498900,R_75,27672.031
1779498902,R_75,27671.2026
1779498904,R_75,27672.5857
1779498906,R_75,27675.6762
1779498908,R_75,27669.6422
1779498910,R_75,27671.8606
1779498912,R_75,27668.2801
1779498914,R_75,27664.0627
1779498916,R_75,27668.0748
1779498918,R_75,27664.7443
1779498920,R_75,27668.968
1779498922,R_75,27660.9981
1779498924,R_75,27658.6
1779498926,R_75,27658.2498
1779498928,R_75,27647.2718
1779498930,R_75,27650.1205
1779498932,R_75,27656.1187
1779498934,R_75,27653.3941
1779498936,R_75,27656.9409
1779498938,R_75,27662.3534
1779498940,R_75,27665.3738
1779498942,R_75,27670.0228
1779498944,R_75,27663.7265
1779498946,R_75,27654.8734
1779498948,R_75,27662.9327
1779498950,R_75,27670.9376
1779498952,R_75,27673.2651
1779498954,R_75,27682.5055
1779498956,R_75,27687.6569
1779498958,R_75,27686.4799
1779498960,R_75,27683.6974
1779498962,R_75,27678.4711
1779498964,R_75,27680.2986
1779498966,R_75,27679.31
1779498968,R_75,27676.7862
1779498970,R_75,27683.302
1779498972,R_75,27687.102
1779498974,R_75,27683.5448
1779498976,R_75,27683.8832
1779498978,R_75,27686.2373
1779498980,R_75,27683.1719
1779498982,R_75,27686.7237
1779498984,R_75,27685.1045
1779498986,R_75,27686.3425
1779498988,R_75,27687.336
1779498990,R_75,27687.7188
1779498992,R_75,27689.6536
1779498994,R_75,27697.885
1779498996,R_75,27697.5601
1779498998,R_75,27696.6228
1779499000,R_75,27703.8249
1779499002,R_75,27701.6097
1779499004,R_75,27705.6928
1779499006,R_75,27704.312
1779499008,R_75,27702.5668
1779499010,R_75,27708.5312
1779499012,R_75,27694.743
1779499014,R_75,27695.6972
1779499016,R_75,27693.2344
1779499018,R_75,27697.408
1779499020,R_75,27698.4086
1779499022,R_75,27699.3215
1779499024,R_75,27694.2028
1779499026,R_75,27693.5584
1779499028,R_75,27693.4398
1779499030,R_75,27692.4009
1779499032,R_75,27687.9374
1779499034,R_75,27681.5102
1779499036,R_75,27676.924
1779499038,R_75,27675.0851
1779499040,R_75,27676.9048
1779499042,R_75,27683.691
1779499044,R_75,27688.6891
1779499046,R_75,27682.2041
1779499048,R_75,27678.5102
1779499050,R_75,27677.5482
1779499052,R_75,27673.3927
1779499054,R_75,27663.1792
1779499056,R_75,27664.3119
1779499058,R_75,27664.9177
1779499060,R_75,27661.5539
1779499062,R_75,27661.9855
1779499064,R_75,27668.9776
1779499066,R_75,27671.8747
1779499068,R_75,27667.0833
1779499070,R_75,27668.2818
1779499072,R_75,27663.3538
1779499074,R_75,27665.0857
1779499076,R_75,27666.0277
1779499078,R_75,27672.4686
1779499080,R_75,27676.1168
1779499082,R_75,27675.6729
1779499084,R_75,27678.6517
1779499086,R_75,27678.1418
1779499088,R_75,27684.993
1779499090,R_75,27685.773
1779499092,R_75,27695.6497
1779499094,R_75,27690.2179
1779499096,R_75,27688.8039
1779499098,R_75,27688.504
1779499100,R_75,27693.9583
1779499102,R_75,27700.8328
1779499104,R_75,27706.9008
1779499106,R_75,27702.4542
1779499108,R_75,27703.7161
1779499110,R_75,27703.4141
1779499112,R_75,27697.1957
1779499114,R_75,27690.0193
1779499116,R_75,27686.6935
1779499118,R_75,27688.6327
1779499120,R_75,27693.5541
1779499122,R_75,27688.1008
1779499124,R_75,27689.1299
1779499126,R_75,27694.267
1779499128,R_75,27692.0246
1779499130,R_75,27685.3842
1779499132,R_75,27683.1861
1779499134,R_75,27671.1133
1779499136,R_75,27675.8776
1779499138,R_75,27686.1731
1779499140,R_75,27694.2643
1779499142,R_75,27704.2985
1779499144,R_75,27705.5768
1779499146,R_75,27705.8105
1779499148,R_75,27697.9126
1779499150,R_75,27697.1946
1779499152,R_75,27698.1484
1779499154,R_75,27692.0614
1779499156,R_75,27692.919
1779499158,R_75,27700.4134
1779499160,R_75,27696.9114
1779499162,R_75,27693.8683
1779499164,R_75,27697.1784
1779499166,R_75,27701.1493
1779499168,R_75,27708.3876
1779499170,R_75,27709.5844
1779499172,R_75,27705.8527
1779499174,R_75,27710.6072
1779499176,R_75,27718.1243
1779499178,R_75,27725.9324
1779499180,R_75,27727.2304
1779499182,R_75,27733.2877
1779499184,R_75,27737.8042
1779499186,R_75,27737.6575
1779499188,R_75,27737.7837
1779499190,R_75,27752.3513
1779499192,R_75,27752.0191
1779499194,R_75,27748.3599
1779499196,R_75,27749.1586
1779499198,R_75,27754.1231
1779499200,R_75,27754.9543
1779499202,R_75,27751.1617
1779499204,R_75,27748.5578
1779499206,R_75,27760.2562
1779499208,R_75,27755.3468
1779499210,R_75,27764.4765
1779499212,R_75,27762.3331
1779499214,R_75,27765.8945
1779499216,R_75,27767.5363
1779499218,R_75,27764.7134
1779499220,R_75,27765.7735
1779499222,R_75,27764.3308
1779499224,R_75,27758.641
1779499226,R_75,27757.4891
1779499228,R_75,27754.0188
1779499230,R_75,27751.9895
1779499232,R_75,27752.8553
1779499234,R_75,27764.9547
1779499236,R_75,27775.2104
1779499238,R_75,27781.4466
1779499240,R_75,27782.3306
1779499242,R_75,27783.8579
1779499244,R_75,27789.4296
1779499246,R_75,27793.5067
1779499248,R_75,27787.2585
1779499250,R_75,27790.6952
1779499252,R_75,27793.2043
1779499254,R_75,27790.6891
1779499256,R_75,27786.0466
1779499258,R_75,27790.253
1779499260,R_75,27791.3519
1779499262,R_75,27786.6863
1779499264,R_75,27794.9544
1779499266,R_75,27787.7783
1779499268,R_75,27794.8047
1779499270,R_75,27794.2862
1779499272,R_75,27796.8905
1779499274,R_75,27797.1234
1779499276,R_75,27794.0095
1779499278,R_75,27797.7528
1779499280,R_75,27799.4518
1779499282,R_75,27795.4472
1779499284,R_75,27793.2866
1779499286,R_75,27803.3822
1779499288,R_75,27804.0215
1779499290,R_75,27815.4584
1779499292,R_75,27818.941
1779499294,R_75,27818.1132
1779499296,R_75,27821.7355
1779499298,R_75,27819.0119
1779499300,R_75,27820.0768
1779499302,R_75,27820.6238
1779499304,R_75,27820.5205
1779499306,R_75,27817.8479
1779499308,R_75,27818.283
1779499310,R_75,27810.3834
1779499312,R_75,27810.2054
1779499314,R_75,27803.617
1779499316,R_75,27808.1556
1779499318,R_75,27812.652
1779499320,R_75,27809.0973
1779499322,R_75,27804.8049
1779499324,R_75,27813.3375
1779499326,R_75,27811.8545
1779499328,R_75,27818.3975
1779499330,R_75,27820.5782
1779499332,R_75,27824.5086
1779499334,R_75,27825.8333
1779499336,R_75,27826.0517
1779499338,R_75,27826.668
1779499340,R_75,27818.5999
1779499342,R_75,27821.5581
1779499344,R_75,27820.3501
1779499346,R_75,27808.8816
1779499348,R_75,27811.357
1779499350,R_75,27810.2163
1779499352,R_75,27812.7023
1779499354,R_75,27822.4178
1779499356,R_75,27822.8389
1779499358,R_75,27823.326
1779499360,R_75,27827.616
1779499362,R_75,27830.6364
1779499364,R_75,27833.4931
1779499366,R_75,27834.3855
1779499368,R_75,27831.7556
1779499370,R_75,27831.7809
1779499372,R_75,27831.5576
1779499374,R_75,27845.041
1779499376,R_75,27845.5901
1779499378,R_75,27843.2817
1779499380,R_75,27849.2793
1779499382,R_75,27854.305
1779499384,R_75,27859.196
1779499386,R_75,27866.0366
1779499388,R_75,27862.9033
1779499390,R_75,27866.1086
1779499392,R_75,27863.4306
1779499394,R_75,27865.1289
1779499396,R_75,27854.8999
1779499398,R_75,27851.2776
1779499400,R_75,27848.9029
1779499402,R_75,27843.4381
1779499404,R_75,27847.9979
1779499406,R_75,27849.1845
1779499408,R_75,27851.8626
1779499410,R_75,27850.8746
1779499412,R_75,27847.7634
1779499414,R_75,27857.1391
1779499416,R_75,27867.0614
1779499418,R_75,27867.2469
1779499420,R_75,27862.2534
1779499422,R_75,27863.0563
1779499424,R_75,27863.6669
1779499426,R_75,27861.3395
1779499428,R_75,27863.4113
1779499430,R_75,27861.9658
1779499432,R_75,27860.6628
1779499434,R_75,27857.2238
1779499436,R_75,27860.5605
1779499438,R_75,27867.4966
1779499440,R_75,27875.1939
1779499442,R_75,27866.8027
1779499444,R_75,27857.3056
1779499446,R_75,27857.692
1779499448,R_75,27852.2996
1779499450,R_75,27849.1466
1779499452,R_75,27853.5853
1779499454,R_75,27859.8497
1779499456,R_75,27865.1554
1779499458,R_75,27858.111
1779499460,R_75,27866.6045
1779499462,R_75,27876.198
1779499464,R_75,27877.2816
1779499466,R_75,27882.1402
1779499468,R_75,27888.4539
1779499470,R_75,27888.3234
1779499472,R_75,27895.0238
1779499474,R_75,27903.0207
1779499476,R_75,27904.3835
1779499478,R_75,27901.4697
1779499480,R_75,27905.7589
1779499482,R_75,27908.1961
1779499484,R_75,27897.6561
1779499486,R_75,27897.0274
1779499488,R_75,27897.1981
1779499490,R_75,27884.8516
1779499492,R_75,27891.8035
1779499494,R_75,27890.2031
1779499496,R_75,27888.5776
1779499498,R_75,27902.8089
1779499500,R_75,27901.6991
1779499502,R_75,27896.2658
1779499504,R_75,27903.1571
1779499506,R_75,27903.51
1779499508,R_75,27907.1635
1779499510,R_75,27903.6105
1779499512,R_75,27898.5089
1779499514,R_75,27898.193
1779499516,R_75,27890.5783
1779499518,R_75,27905.9515
1779499520,R_75,27903.6593
1779499522,R_75,27894.8761
1779499524,R_75,27894.5583
1779499526,R_75,27886.9452
1779499528,R_75,27890.7716
1779499530,R_75,27889.5956
1779499532,R_75,27885.9988
1779499534,R_75,27879.5831
1779499536,R_75,27880.5131
1779499538,R_75,27882.8188
1779499540,R_75,27890.0877
1779499542,R_75,27878.4977
1779499544,R_75,27882.5045
1779499546,R_75,27884.691
1779499548,R_75,27889.0384
1779499550,R_75,27879.5814
1779499552,R_75,27884.4376
1779499554,R_75,27880.7915
1779499556,R_75,27878.1613
1779499558,R_75,27884.0503
1779499560,R_75,27881.5132
1779499562,R_75,27876.4136
1779499564,R_75,27880.6176
1779499566,R_75,27884.012
1779499568,R_75,27887.7209
1779499570,R_75,27887.1961
1779499572,R_75,27892.8369
1779499574,R_75,27895.9062
1779499576,R_75,27887.0576
1779499578,R_75,27891.0657
1779499580,R_75,27893.1518
1779499582,R_75,27890.0646
1779499584,R_75,27888.6525
1779499586,R_75,27891.3658
1779499588,R_75,27880.0777
1779499590,R_75,27886.3145
1779499592,R_75,27887.0201
1779499594,R_75,27890.6709
1779499596,R_75,27891.7229
1779499598,R_75,27887.9319
1779499600,R_75,27888.7847
1779499602,R_75,27896.0786
1779499604,R_75,27894.313
1779499606,R_75,27897.1862
1779499608,R_75,27905.1642
1779499610,R_75,27906.464
1779499612,R_75,27894.6424
1779499614,R_75,27897.0947
1779499616,R_75,27893.2974
1779499618,R_75,27894.2496
1779499620,R_75,27891.3986
1779499622,R_75,27899.3759
1779499624,R_75,27893.3603
1779499626,R_75,27891.1679
1779499628,R_75,27888.3701
1779499630,R_75,27895.2728
1779499632,R_75,27895.5981
1779499634,R_75,27892.3747
1779499636,R_75,27901.0455
1779499638,R_75,27900.4017
1779499640,R_75,27902.5019
1779499642,R_75,27907.7759
1779499644,R_75,27909.2474
1779499646,R_75,27915.1399
1779499648,R_75,27916.0631
1779499650,R_75,27912.2374
1779499652,R_75,27915.5979
1779499654,R_75,27909.0441
1779499656,R_75,27911.6092
1779499658,R_75,27910.47
1779499660,R_75,27902.9658
1779499662,R_75,27896.3876
1779499664,R_75,27897.788
1779499666,R_75,27893.3037
1779499668,R_75,27899.9756
1779499670,R_75,27899.3061
1779499672,R_75,27891.3673
1779499674,R_75,27892.2368
1779499676,R_75,27889.3193
1779499678,R_75,27895.8907
1779499680,R_75,27889.2638
1779499682,R_75,27885.2421
1779499684,R_75,27891.1559
1779499686,R_75,27894.7592
1779499688,R_75,27885.2968
1779499690,R_75,27888.5222
1779499692,R_75,27900.5339
1779499694,R_75,27905.4727
1779499696,R_75,27911.5901
1779499698,R_75,27908.8999
1779499700,R_75,27911.9103
1779499702,R_75,27911.2802
1779499704,R_75,27915.3352
1779499706,R_75,27910.9504
1779499708,R_75,27909.348
1779499710,R_75,27913.9043
1779499712,R_75,27912.72
1779499714,R_75,27913.9743
1779499716,R_75,27922.8339
1779499718,R_75,27927.7233
1779499720,R_75,27933.0859
1779499722,R_75,27939.2772
1779499724,R_75,27935.8629
1779499726,R_75,27937.0927
1779499728,R_75,27938.1008
1779499730,R_75,27938.0902
1779499732,R_75,27939.5152
1779499734,R_75,27935.4483
1779499736,R_75,27928.299
1779499738,R_75,27922.6066
1779499740,R_75,27929.2635
1779499742,R_75,27933.5035
1779499744,R_75,27926.9723
1779499746,R_75,27916.9613
1779499748,R_75,27918.478
1779499750,R_75,27925.4049
1779499752,R_75,27924.6778
1779499754,R_75,27924.1423
1779499756,R_75,27920.8308
1779499758,R_75,27921.6453
1779499760,R_75,27922.8884
1779499762,R_75,27919.8335
1779499764,R_75,27920.9341
1779499766,R_75,27918.9136
1779499768,R_75,27927.543
1779499770,R_75,27930.1522
1779499772,R_75,27917.2659
1779499774,R_75,27922.3544
1779499776,R_75,27932.5553
1779499778,R_75,27940.2559
1779499780,R_75,27932.1583
1779499782,R_75,27929.5205
1779499784,R_75,27923.4995
1779499786,R_75,27917.4121
1779499788,R_75,27908.6835
1779499790,R_75,27909.9047
1779499792,R_75,27925.1831
1779499794,R_75,27924.6246
1779499796,R_75,27923.4561
1779499798,R_75,27922.5383
1779499800,R_75,27931.9257
1779499802,R_75,27931.4277
1779499804,R_75,27927.8072
1779499806,R_75,27920.0504
1779499808,R_75,27922.4143
1779499810,R_75,27922.3739
1779499812,R_75,27921.5616
1779499814,R_75,27921.6112
1779499816,R_75,27917.042
1779499818,R_75,27917.5621
1779499820,R_75,27914.7427
1779499822,R_75,27921.2539
1779499824,R_75,27922.1384
1779499826,R_75,27924.669
1779499828,R_75,27924.583
1779499830,R_75,27919.9475
1779499832,R_75,27917.3403
1779499834,R_75,27916.3104
1779499836,R_75,27919.5265
1779499838,R_75,27921.963
1779499840,R_75,27914.5354
1779499842,R_75,27918.5254
1779499844,R_75,27910.2234
1779499846,R_75,27913.7129
1779499848,R_75,27922.216
1779499850,R_75,27921.9265
1779499852,R_75,27922.6238
1779499854,R_75,27920.2937
1779499856,R_75,27917.1686
1779499858,R_75,27917.7049
1779499860,R_75,27916.7123
1779499862,R_75,27914.8963
1779499864,R_75,27915.9732
1779499866,R_75,27919.4331
1779499868,R_75,27920.0543
1779499870,R_75,27913.9521
1779499872,R_75,27912.1811
1779499874,R_75,27916.9874
1779499876,R_75,27913.3035
1779499878,R_75,27924.6115
1779499880,R_75,27927.4962
1779499882,R_75,27919.4441
1779499884,R_75,27915.2902
1779499886,R_75,27914.6147
1779499888,R_75,27913.6422
1779499890,R_75,27910.7432
1779499892,R_75,27911.2477
1779499894,R_75,27904.6105
1779499896,R_75,27906.1686
1779499898,R_75,27911.0489
1779499900,R_75,27914.0983
1779499902,R_75,27922.7691
1779499904,R_75,27917.1899
1779499906,R_75,27927.3293
1779499908,R_75,27924.8853
1779499910,R_75,27922.6683
1779499912,R_75,27920.9211
1779499914,R_75,27922.4505
1779499916,R_75,27916.7527
1779499918,R_75,27915.5564
1779499920,R_75,27918.9677
1779499922,R_75,27933.2852
1779499924,R_75,27935.6321
1779499926,R_75,27930.7409
1779499928,R_75,27930.0799
1779499930,R_75,27927.7631
1779499932,R_75,27934.7294
1779499934,R_75,27932.5023
1779499936,R_75,27948.2065
1779499938,R_75,27938.7425
1779499940,R_75,27943.4522
1779499942,R_75,27960.9232
1779499944,R_75,27962.0484
1779499946,R_75,27961.9685
1779499948,R_75,27963.6375
1779499950,R_75,27957.5477
1779499952,R_75,27962.8736
1779499954,R_75,27967.6098
1779499956,R_75,27965.7742
1779499958,R_75,27965.4217
1779499960,R_75,27965.7131
1779499962,R_75,27962.6608
1779499964,R_75,27960.6002
1779499966,R_75,27958.3793
1779499968,R_75,27954.23
1779499970,R_75,27945.0883
1779499972,R_75,27937.2078
1779499974,R_75,27926.9578
1779499976,R_75,27932.6998
1779499978,R_75,27933.5149
1779499980,R_75,27931.6524
1779499982,R_75,27933.2476
1779499984,R_75,27924.8506
1779499986,R_75,27927.7887
1779499988,R_75,27923.3811
1779499990,R_75,27925.562
1779499992,R_75,27920.9726
1779499994,R_75,27916.3847
1779499996,R_75,27916.5126
1779499998,R_75,27911.0999
1779500000,R_75,27908.3104
1779500002,R_75,27914.1898
1779500004,R_75,27926.3063
1779500006,R_75,27923.5468
1779500008,R_75,27921.7547
1779500010,R_75,27924.2601
1779500012,R_75,27929.6899
1779500014,R_75,27925.7384
1779500016,R_75,27926.3248
1779500018,R_75,27924.4848
1779500020,R_75,27930.5942
1779500022,R_75,27942.1721
1779500024,R_75,27947.3601
1779500026,R_75,27940.0938
1779500028,R_75,27933.8077
1779500030,R_75,27936.265
1779500032,R_75,27946.9899
1779500034,R_75,27953.7855
1779500036,R_75,27949.9232
1779500038,R_75,27951.1033
1779500040,R_75,27957.7082
1779500042,R_75,27964.7252
1779500044,R_75,27959.9568
1779500046,R_75,27964.2516
1779500048,R_75,27963.4089
1779500050,R_75,27966.3749
1779500052,R_75,27971.7451
1779500054,R_75,27969.6037
1779500056,R_75,27972.2165
1779500058,R_75,27965.8352
1779500060,R_75,27971.7128
1779500062,R_75,27973.4448
1779500064,R_75,27979.0446
1779500066,R_75,27981.3065
1779500068,R_75,27990.0139
1779500070,R_75,27997.9742
1779500072,R_75,28002.3298
1779500074,R_75,28002.2053
1779500076,R_75,27999.7395
1779500078,R_75,27994.0499
1779500080,R_75,28000.2697
1779500082,R_75,28003.6111
1779500084,R_75,28006.2823
1779500086,R_75,28007.1448
1779500088,R_75,28012.3191
1779500090,R_75,28009.2825
1779500092,R_75,28011.4707
1779500094,R_75,28007.9822
1779500096,R_75,28008.9879
1779500098,R_75,28006.1435
1779500100,R_75,28013.1297
1779500102,R_75,28017.3115
1779500104,R_75,28023.4688
1779500106,R_75,28021.5388
1779500108,R_75,28018.6774
1779500110,R_75,28019.1102
1779500112,R_75,28024.3561
1779500114,R_75,28027.9506
1779500116,R_75,28020.6489
1779500118,R_75,28010.1541
1779500120,R_75,28016.2262
1779500122,R_75,28012.9818
1779500124,R_75,28015.4261
1779500126,R_75,28016.9476
1779500128,R_75,28019.2706
1779500130,R_75,28017.5735
1779500132,R_75,28024.2195
1779500134,R_75,28026.2542
1779500136,R_75,28023.7452
1779500138,R_75,28022.7871
1779500140,R_75,28028.9977
1779500142,R_75,28028.5968
1779500144,R_75,28025.8319
1779500146,R_75,28027.776
1779500148,R_75,28030.8312
1779500150,R_75,28029.3128
1779500152,R_75,28019.0012
1779500154,R_75,28022.8915
1779500156,R_75,28013.526
1779500158,R_75,28014.8755
1779500160,R_75,28013.1364
1779500162,R_75,28017.4978
1779500164,R_75,28012.5832
1779500166,R_75,28021.0936
1779500168,R_75,28023.3383
1779500170,R_75,28027.8656
1779500172,R_75,28025.9823
1779500174,R_75,28024.0366
1779500176,R_75,28025.581
1779500178,R_75,28021.8821
1779500180,R_75,28016.0545
1779500182,R_75,28021.0939
1779500184,R_75,28023.1361
1779500186,R_75,28027.6377
1779500188,R_75,28027.7587
1779500190,R_75,28028.5671
1779500192,R_75,28018.9458
1779500194,R_75,28012.1277
1779500196,R_75,28012.3562
1779500198,R_75,28010.9687
1779500200,R_75,28006.4554
1779500202,R_75,27999.776
1779500204,R_75,27998.0271
1779500206,R_75,28004.1056
1779500208,R_75,27998.3673
1779500210,R_75,27989.6924
1779500212,R_75,27984.0254
1779500214,R_75,27981.3601
1779500216,R_75,27978.7957
1779500218,R_75,27981.406
1779500220,R_75,27980.2748
1779500222,R_75,27979.8447
1779500224,R_75,27976.0431
1779500226,R_75,27976.4577
1779500228,R_75,27984.1012
1779500230,R_75,27983.094
1779500232,R_75,27990.5854
1779500234,R_75,27990.6119
1779500236,R_75,27984.2707
1779500238,R_75,27983.3816
1779500240,R_75,27981.6506
1779500242,R_75,27981.027
1779500244,R_75,27981.2871
1779500246,R_75,27987.0753
1779500248,R_75,27986.5298
1779500250,R_75,27987.1034
1779500252,R_75,27988.2045
1779500254,R_75,27994.8544
1779500256,R_75,27993.5436
1779500258,R_75,27992.858
1779500260,R_75,27996.0456
1779500262,R_75,27995.9866
1779500264,R_75,28003.4446
1779500266,R_75,27997.0704
1779500268,R_75,27993.6851
1779500270,R_75,27996.3979
1779500272,R_75,27991.2911
1779500274,R_75,27990.9574
1779500276,R_75,27991.0066
1779500278,R_75,27980.9931
1779500280,R_75,27975.1759
1779500282,R_75,27974.6667
1779500284,R_75,27978.1844
1779500286,R_75,27976.3668
1779500288,R_75,27969.1274
1779500290,R_75,27971.3115
1779500292,R_75,27981.9667
1779500294,R_75,27986.8818
1779500296,R_75,27984.7157
1779500298,R_75,27989.4572
1779500300,R_75,27984.0053
1779500302,R_75,27985.0786
1779500304,R_75,27985.96
1779500306,R_75,27973.5936
1779500308,R_75,27974.7308
1779500310,R_75,27980.3195
1779500312,R_75,27976.9888
1779500314,R_75,27974.3829
1779500316,R_75,27975.3453
1779500318,R_75,27982.0639
1779500320,R_75,27970.1156
1779500322,R_75,27961.2389
1779500324,R_75,27963.4217
1779500326,R_75,27966.7837
1779500328,R_75,27973.1746
1779500330,R_75,27977.7523
1779500332,R_75,27973.0842
1779500334,R_75,27973.4718
1779500336,R_75,27982.2066
1779500338,R_75,27980.4809
1779500340,R_75,27983.0946
1779500342,R_75,27983.2088
1779500344,R_75,27985.5265
1779500346,R_75,27983.4486
1779500348,R_75,27984.1551
1779500350,R_75,27981.0043
1779500352,R_75,27987.3028
1779500354,R_75,27995.2537
1779500356,R_75,27985.4244
1779500358,R_75,27991.9598
1779500360,R_75,27996.0629
1779500362,R_75,28006.3906
1779500364,R_75,28004.3568
1779500366,R_75,28006.0309
1779500368,R_75,27997.0338
1779500370,R_75,27993.3604
1779500372,R_75,27991.4507
1779500374,R_75,27993.1745
1779500376,R_75,27993.8833
1779500378,R_75,28002.4516
1779500380,R_75,27996.2609
1779500382,R_75,27994.0353
1779500384,R_75,27988.4801
1779500386,R_75,27994.485
1779500388,R_75,28002.0136
1779500390,R_75,28000.9006
1779500392,R_75,28003.7847
1779500394,R_75,27993.5078
1779500396,R_75,27989.3044
1779500398,R_75,27987.6462
1779500400,R_75,27993.4905
1779500402,R_75,27992.1958
1779500404,R_75,27992.2294
1779500406,R_75,27993.1576
1779500408,R_75,27985.316
1779500410,R_75,27991.4593
1779500412,R_75,27992.9407
1779500414,R_75,27997.4829
1779500416,R_75,27991.2851
1779500418,R_75,27992.7066
1779500420,R_75,27990.7626
1779500422,R_75,27994.5801
1779500424,R_75,27986.6468
1779500426,R_75,27988.4548
1779500428,R_75,27983.6695
1779500430,R_75,27979.7426
1779500432,R_75,27986.1515
1779500434,R_75,27987.4293
1779500436,R_75,27987.3398
1779500438,R_75,27977.9373
1779500440,R_75,27979.5489
1779500442,R_75,27978.4791
1779500444,R_75,27979.7086
1779500446,R_75,27980.0546
1779500448,R_75,27967.6516
1779500450,R_75,27969.0641
1779500452,R_75,27959.4597
1779500454,R_75,27963.9743
1779500456,R_75,27966.8618
1779500458,R_75,27968.3689
1779500460,R_75,27959.9441
1779500462,R_75,27962.2251
1779500464,R_75,27953.1323
1779500466,R_75,27947.4107
1779500468,R_75,27945.1139
1779500470,R_75,27946.3772
1779500472,R_75,27948.4031
1779500474,R_75,27945.1229
1779500476,R_75,27952.3659
1779500478,R_75,27956.9064
1779500480,R_75,27959.998
1779500482,R_75,27962.8471
1779500484,R_75,27967.2168
1779500486,R_75,27963.2727
1779500488,R_75,27968.9371
1779500490,R_75,27964.4127
1779500492,R_75,27975.5818
1779500494,R_75,27971.4297
1779500496,R_75,27966.5503
1779500498,R_75,27965.8837
1779500500,R_75,27964.9308
1779500502,R_75,27963.3039
1779500504,R_75,27962.9176
1779500506,R_75,27970.7264
1779500508,R_75,27965.2885
1779500510,R_75,27965.2692
1779500512,R_75,27963.7509
1779500514,R_75,27970.853
1779500516,R_75,27973.483
1779500518,R_75,27973.1375
1779500520,R_75,27976.5963
1779500522,R_75,27967.3016
1779500524,R_75,27962.7069
1779500526,R_75,27962.201
1779500528,R_75,27960.4079
1779500530,R_75,27961.7027
1779500532,R_75,27963.3959
1779500534,R_75,27959.6018
1779500536,R_75,27959.9619
1779500538,R_75,27961.3385
1779500540,R_75,27954.6524
1779500542,R_75,27953.4266
1779500544,R_75,27952.8622
1779500546,R_75,27945.4391
1779500548,R_75,27956.9427
1779500550,R_75,27957.1973
1779500552,R_75,27961.8114
1779500554,R_75,27958.5267
1779500556,R_75,27964.7712
1779500558,R_75,27957.1942
1779500560,R_75,27952.6879
1779500562,R_75,27948.3615
1779500564,R_75,27944.9102
1779500566,R_75,27943.159
1779500568,R_75,27945.9442
1779500570,R_75,27955.1776
1779500572,R_75,27942.1811
1779500574,R_75,27942.4792
1779500576,R_75,27936.0578
1779500578,R_75,27947.9099
1779500580,R_75,27946.1756
1779500582,R_75,27944.4639
1779500584,R_75,27947.4938
1779500586,R_75,27946.7066
1779500588,R_75,27947.1872
1779500590,R_75,27947.7286
1779500592,R_75,27945.5381
1779500594,R_75,27933.4165
1779500596,R_75,27938.4565
1779500598,R_75,27937.3799
1779500600,R_75,27938.115
1779500602,R_75,27933.2743
1779500604,R_75,27933.8322
1779500606,R_75,27937.3386
1779500608,R_75,27930.8648
1779500610,R_75,27920.9035
1779500612,R_75,27917.3305
1779500614,R_75,27913.8682
1779500616,R_75,27919.4268
1779500618,R_75,27920.7602
1779500620,R_75,27919.9601
1779500622,R_75,27922.6447
1779500624,R_75,27920.6131
1779500626,R_75,27929.5714
1779500628,R_75,27922.2949
1779500630,R_75,27912.0794
1779500632,R_75,27912.8375
1779500634,R_75,27912.2395
1779500636,R_75,27919.1184
1779500638,R_75,27917.6818
1779500640,R_75,27919.7615
1779500642,R_75,27918.9751
1779500644,R_75,27923.7443
1779500646,R_75,27920.5258
1779500648,R_75,27924.5738
1779500650,R_75,27933.6198
1779500652,R_75,27926.1348
1779500654,R_75,27936.099
1779500656,R_75,27936.6622
1779500658,R_75,27940.3809
1779500660,R_75,27944.8397
1779500662,R_75,27947.0063
1779500664,R_75,27943.187
1779500666,R_75,27942.5863
1779500668,R_75,27948.341
1779500670,R_75,27949.5937
1779500672,R_75,27950.4535
1779500674,R_75,27947.4848
1779500676,R_75,27949.7019
1779500678,R_75,27956.0945
1779500680,R_75,27959.8842
1779500682,R_75,27960.226
1779500684,R_75,27962.9322
1779500686,R_75,27960.8083
1779500688,R_75,27959.8197
1779500690,R_75,27965.8429
1779500692,R_75,27965.7608
1779500694,R_75,27970.7348
1779500696,R_75,27963.5677
1779500698,R_75,27968.7683
1779500700,R_75,27967.3296
1779500702,R_75,27970.3974
1779500704,R_75,27975.7941
1779500706,R_75,27966.5832
1779500708,R_75,27965.036
1779500710,R_75,27961.7615
1779500712,R_75,27971.9008
1779500714,R_75,27978.7475
1779500716,R_75,27975.0991
1779500718,R_75,27973.4151
1779500720,R_75,27975.1854
1779500722,R_75,27965.328
1779500724,R_75,27966.4717
1779500726,R_75,27967.7074
1779500728,R_75,27967.3847
1779500730,R_75,27970.2384
1779500732,R_75,27963.3127
1779500734,R_75,27954.4162
1779500736,R_75,27956.5519
1779500738,R_75,27949.3301
1779500740,R_75,27944.98
1779500742,R_75,27952.4363
1779500744,R_75,27957.3234
1779500746,R_75,27964.8406
1779500748,R_75,27973.5257
1779500750,R_75,27953.501
1779500752,R_75,27954.4511
1779500754,R_75,27953.871
1779500756,R_75,27955.9772
1779500758,R_75,27962.2111
1779500760,R_75,27965.9297
1779500762,R_75,27961.6452
1779500764,R_75,27953.1856
1779500766,R_75,27957.0616
1779500768,R_75,27963.734
1779500770,R_75,27971.3576
1779500772,R_75,27974.2596
1779500774,R_75,27973.842
1779500776,R_75,27964.1623
1779500778,R_75,27967.8024
1779500780,R_75,27966.057
1779500782,R_75,27969.7452
1779500784,R_75,27978.523
1779500786,R_75,27974.4226
1779500788,R_75,27967.8178
1779500790,R_75,27965.396
1779500792,R_75,27974.1073
1779500794,R_75,27979.0882
1779500796,R_75,27985.514
1779500798,R_75,27985.3417
1779500800,R_75,27989.3332
1779500802,R_75,27980.4963
1779500804,R_75,27973.9688
1779500806,R_75,27978.6187
1779500808,R_75,27975.2468
1779500810,R_75,27975.5161
1779500812,R_75,27970.3361
1779500814,R_75,27972.4381
1779500816,R_75,27962.3578
1779500818,R_75,27962.4203
1779500820,R_75,27969.4648
1779500822,R_75,27968.0368
1779500824,R_75,27965.1907
1779500826,R_75,27957.4838
1779500828,R_75,27954.5274
1779500830,R_75,27944.6709
1779500832,R_75,27936.4681
1779500834,R_75,27925.499
1779500836,R_75,27926.2275
1779500838,R_75,27929.9389
1779500840,R_75,27934.077
1779500842,R_75,27934.9321
1779500844,R_75,27934.0151
1779500846,R_75,27935.6557
1779500848,R_75,27939.2635
1779500850,R_75,27948.2619
1779500852,R_75,27949.5
1779500854,R_75,27945.9681
1779500856,R_75,27943.7034
1779500858,R_75,27937.5795
1779500860,R_75,27937.8164
1779500862,R_75,27946.0876
1779500864,R_75,27948.84
1779500866,R_75,27953.5115
1779500868,R_75,27954.9865
1779500870,R_75,27951.0169
1779500872,R_75,27954.693
1779500874,R_75,27949.398
1779500876,R_75,27952.4751
1779500878,R_75,27960.3116
1779500880,R_75,27951.263
1779500882,R_75,27947.3212
1779500884,R_75,27952.5835
1779500886,R_75,27953.3722
1779500888,R_75,27958.3062
1779500890,R_75,27959.3041
1779500892,R_75,27959.5879
1779500894,R_75,27962.3334
1779500896,R_75,27959.3925
1779500898,R_75,27955.9652
1779500900,R_75,27954.7206
1779500902,R_75,27962.5568
1779500904,R_75,27967.0169
1779500906,R_75,27969.759
1779500908,R_75,27972.3271
1779500910,R_75,27970.6476
1779500912,R_75,27964.822
1779500914,R_75,27969.2086
1779500916,R_75,27975.9551
1779500918,R_75,27977.3084
1779500920,R_75,27976.5406
1779500922,R_75,27978.2559
1779500924,R_75,27968.6419
1779500926,R_75,27973.4523
1779500928,R_75,27973.6465
1779500930,R_75,27971.9152
1779500932,R_75,27973.5157
1779500934,R_75,27972.626
1779500936,R_75,27959.8588
1779500938,R_75,27954.5879
1779500940,R_75,27963.7432
1779500942,R_75,27968.0529
1779500944,R_75,27973.8938
1779500946,R_75,27973.2003
1779500948,R_75,27972.287
1779500950,R_75,27968.4016
1779500952,R_75,27971.1159
1779500954,R_75,27980.7079
1779500956,R_75,27983.3941
1779500958,R_75,27991.5849
1779500960,R_75,27987.4528
1779500962,R_75,27982.5436
1779500964,R_75,27986.6793
1779500966,R_75,27983.0382
1779500968,R_75,27986.8513
1779500970,R_75,27982.2259
1779500972,R_75,27981.5068
1779500974,R_75,27979.8178
1779500976,R_75,27975.0283
1779500978,R_75,27972.2245
1779500980,R_75,27981.1279
1779500982,R_75,27977.6965
1779500984,R_75,27977.3531
1779500986,R_75,27988.2434
1779500988,R_75,27988.1677
1779500990,R_75,27985.5735
1779500992,R_75,27976.1323
1779500994,R_75,27965.0837
1779500996,R_75,27965.7111
1779500998,R_75,27959.8069
1779501000,R_75,27956.7219
1779501002,R_75,27959.6375
1779501004,R_75,27954.7433
1779501006,R_75,27952.6679
1779501008,R_75,27952.9065
1779501010,R_75,27951.6168
1779501012,R_75,27950.8206
1779501014,R_75,27951.7414
1779501016,R_75,27952.608
1779501018,R_75,27947.9211
1779501020,R_75,27950.0288
1779501022,R_75,27953.4145
1779501024,R_75,27956.8117
1779501026,R_75,27956.5018
1779501028,R_75,27963.0146
1779501030,R_75,27973.9407
1779501032,R_75,27974.68
1779501034,R_75,27975.7043
1779501036,R_75,27977.2829
1779501038,R_75,27971.1467
1779501040,R_75,27971.8117
1779501042,R_75,27968.6964
1779501044,R_75,27971.0674
1779501046,R_75,27966.3074
1779501048,R_75,27962.5292
1779501050,R_75,27961.8827
1779501052,R_75,27963.3271
1779501054,R_75,27958.7815
1779501056,R_75,27968.6398
1779501058,R_75,27966.9356
1779501060,R_75,27965.0826
1779501062,R_75,27957.902
1779501064,R_75,27955.8353
1779501066,R_75,27956.5283
1779501068,R_75,27965.2563
1779501070,R_75,27965.3618
1779501072,R_75,27968.6312
1779501074,R_75,27965.5567
1779501076,R_75,27962.7121
1779501078,R_75,27966.2075
1779501080,R_75,27962.283
1779501082,R_75,27955.107
1779501084,R_75,27963.7457
1779501086,R_75,27968.6782
1779501088,R_75,27969.3309
1779501090,R_75,27977.2069
1779501092,R_75,27978.1478
1779501094,R_75,27983.492
1779501096,R_75,27976.6079
1779501098,R_75,27977.1865
1779501100,R_75,27976.0674
1779501102,R_75,27968.8641
1779501104,R_75,27963.5802
1779501106,R_75,27961.0374
1779501108,R_75,27966.1503
1779501110,R_75,27964.2405
1779501112,R_75,27963.1321
1779501114,R_75,27964.9659
1779501116,R_75,27958.8743
1779501118,R_75,27965.8526
1779501120,R_75,27970.5061
1779501122,R_75,27965.1892
1779501124,R_75,27962.2266
1779501126,R_75,27974.4092
1779501128,R_75,27976.1047
1779501130,R_75,27976.8678
1779501132,R_75,27966.3875
1779501134,R_75,27976.9542
1779501136,R_75,27983.4888
1779501138,R_75,27973.8758
1779501140,R_75,27968.5077
1779501142,R_75,27968.1854
1779501144,R_75,27976.8595
1779501146,R_75,27974.7531
1779501148,R_75,27976.8281
1779501150,R_75,27971.5975
1779501152,R_75,27968.3346
1779501154,R_75,27959.5004
1779501156,R_75,27968.3244
1779501158,R_75,27972.8216
1779501160,R_75,27968.0412
1779501162,R_75,27975.8842
1779501164,R_75,27975.958
1779501166,R_75,27991.0058
1779501168,R_75,27988.3603
1779501170,R_75,27991.683
1779501172,R_75,27997.0263
1779501174,R_75,27998.3193
1779501176,R_75,27995.1593
1779501178,R_75,27999.6405
1779501180,R_75,27999.7038
1779501182,R_75,28004.5539
1779501184,R_75,28005.8359
1779501186,R_75,28011.6557
1779501188,R_75,28011.9524
1779501190,R_75,28000.0436
1779501192,R_75,28000.4292
1779501194,R_75,27994.8226
1779501196,R_75,27995.1486
1779501198,R_75,28001.4282
1779501200,R_75,27999.9993
1779501202,R_75,28001.8948
1779501204,R_75,28004.6026
1779501206,R_75,28008.1643
1779501208,R_75,28011.802
1779501210,R_75,28015.9945
1779501212,R_75,28029.8445
1779501214,R_75,28028.2233
1779501216,R_75,28033.4227
1779501218,R_75,28027.5118
1779501220,R_75,28033.187
1779501222,R_75,28041.9587
1779501224,R_75,28042.3502
1779501226,R_75,28049.754
1779501228,R_75,28046.2479
1779501230,R_75,28057.1828
1779501232,R_75,28045.0311
1779501234,R_75,28044.3375
1779501236,R_75,28038.8087
1779501238,R_75,28035.7321
1779501240,R_75,28041.9189
1779501242,R_75,28044.5262
1779501244,R_75,28044.1196
1779501246,R_75,28044.1217
1779501248,R_75,28052.1588
1779501250,R_75,28063.5773
1779501252,R_75,28068.4215
1779501254,R_75,28069.8737
1779501256,R_75,28073.7772
1779501258,R_75,28071.9644
1779501260,R_75,28064.0382
1779501262,R_75,28070.3832
1779501264,R_75,28075.5718
1779501266,R_75,28075.5333
1779501268,R_75,28074.5178
1779501270,R_75,28075.4983
1779501272,R_75,28085.9661
1779501274,R_75,28088.2457
1779501276,R_75,28089.9855
1779501278,R_75,28084.1442
1779501280,R_75,28072.9159
1779501282,R_75,28073.6298
1779501284,R_75,28077.7821
1779501286,R_75,28076.0599
1779501288,R_75,28075.5875
1779501290,R_75,28074.8191
1779501292,R_75,28072.7456
1779501294,R_75,28066.1505
1779501296,R_75,28064.691
1779501298,R_75,28068.97
1779501300,R_75,28076.6843
1779501302,R_75,28082.6778
1779501304,R_75,28083.3172
1779501306,R_75,28075.0772
1779501308,R_75,28079.0001
1779501310,R_75,28080.4082
1779501312,R_75,28081.2411
1779501314,R_75,28088.1092
1779501316,R_75,28092.5351
1779501318,R_75,28091.6922
1779501320,R_75,28095.1259
1779501322,R_75,28092.7851
1779501324,R_75,28102.1905
1779501326,R_75,28096.2214
1779501328,R_75,28085.8154
1779501330,R_75,28080.4966
1779501332,R_75,28081.3405
1779501334,R_75,28075.1029
1779501336,R_75,28081.631
1779501338,R_75,28081.4513
1779501340,R_75,28087.7842
1779501342,R_75,28090.1536
1779501344,R_75,28092.3597
1779501346,R_75,28090.1944
1779501348,R_75,28080.4659
1779501350,R_75,28084.866
1779501352,R_75,28073.4704
1779501354,R_75,28065.335
1779501356,R_75,28057.8587
1779501358,R_75,28064.5412
1779501360,R_75,28066.1215
1779501362,R_75,28059.3055
1779501364,R_75,28055.1571
1779501366,R_75,28053.9336
1779501368,R_75,28057.1518
1779501370,R_75,28061.4287
1779501372,R_75,28066.6535
1779501374,R_75,28067.3596
1779501376,R_75,28072.7967
1779501378,R_75,28066.2859
1779501380,R_75,28064.6866
1779501382,R_75,28069.1652
1779501384,R_75,28076.159
1779501386,R_75,28078.3106
1779501388,R_75,28079.7704
1779501390,R_75,28083.4059
1779501392,R_75,28082.4821
1779501394,R_75,28077.7122
1779501396,R_75,28084.0108
1779501398,R_75,28092.6974
1779501400,R_75,28096.2544
1779501402,R_75,28098.6639
1779501404,R_75,28093.9194
1779501406,R_75,28082.8943
1779501408,R_75,28080.0477
1779501410,R_75,28085.4399
1779501412,R_75,28078.2937
1779501414,R_75,28075.7472
1779501416,R_75,28067.3821
1779501418,R_75,28064.7461
1779501420,R_75,28065.0105
1779501422,R_75,28072.9593
1779501424,R_75,28076.3583
1779501426,R_75,28073.3525
1779501428,R_75,28072.2073
1779501430,R_75,28076.8222
1779501432,R_75,28078.565
1779501434,R_75,28089.5049
1779501436,R_75,28093.8304
1779501438,R_75,28091.184
1779501440,R_75,28091.4534
1779501442,R_75,28093.7765
1779501444,R_75,28090.654
1779501446,R_75,28090.3434
1779501448,R_75,28092.3697
1779501450,R_75,28087.534
1779501452,R_75,28094.8414
1779501454,R_75,28093.2476
1779501456,R_75,28101.8429
1779501458,R_75,28100.1168
1779501460,R_75,28101.5528
1779501462,R_75,28102.5213
1779501464,R_75,28099.94
1779501466,R_75,28097.6885
1779501468,R_75,28104.3107
1779501470,R_75,28099.9678
1779501472,R_75,28094.4339
1779501474,R_75,28089.3297
1779501476,R_75,28095.2768
1779501478,R_75,28100.6376
1779501480,R_75,28110.8887
1779501482,R_75,28114.5876
1779501484,R_75,28119.7605
1779501486,R_75,28123.7617
1779501488,R_75,28125.851
1779501490,R_75,28120.6253
1779501492,R_75,28118.3269
1779501494,R_75,28112.3282
1779501496,R_75,28113.5715
1779501498,R_75,28111.8412
1779501500,R_75,28106.7262
1779501502,R_75,28097.6503
1779501504,R_75,28098.5517
1779501506,R_75,28101.0777
1779501508,R_75,28103.2332
1779501510,R_75,28101.4865
1779501512,R_75,28091.3292
1779501514,R_75,28097.4991
1779501516,R_75,28094.5894
1779501518,R_75,28101.3922
1779501520,R_75,28102.3651
1779501522,R_75,28104.4117
1779501524,R_75,28105.9955
1779501526,R_75,28099.5792
1779501528,R_75,28095.4615
1779501530,R_75,28096.6599
1779501532,R_75,28091.7965
1779501534,R_75,28105.5017
1779501536,R_75,28104.6676
1779501538,R_75,28112.7432
1779501540,R_75,28106.4207
1779501542,R_75,28113.1452
1779501544,R_75,28111.3215
1779501546,R_75,28114.5937
1779501548,R_75,28110.4144
1779501550,R_75,28114.1533
1779501552,R_75,28104.691
1779501554,R_75,28099.5359
1779501556,R_75,28098.3169
1779501558,R_75,28093.3179
1779501560,R_75,28093.3269
1779501562,R_75,28088.7354
1779501564,R_75,28089.0704
1779501566,R_75,28078.6359
1779501568,R_75,28084.226
1779501570,R_75,28090.1865
1779501572,R_75,28093.0694
1779501574,R_75,28099.1742
1779501576,R_75,28100.0164
1779501578,R_75,28095.9958
1779501580,R_75,28092.4099
1779501582,R_75,28101.099
1779501584,R_75,28099.7357
1779501586,R_75,28096.5868
1779501588,R_75,28098.7703
1779501590,R_75,28101.39
1779501592,R_75,28104.2722
1779501594,R_75,28100.577
1779501596,R_75,28099.8864
1779501598,R_75,28105.0763
1779501600,R_75,28103.6531
1779501602,R_75,28099.5562
1779501604,R_75,28094.6374
1779501606,R_75,28088.3607
1779501608,R_75,28081.2119
1779501610,R_75,28071.8923
1779501612,R_75,28070.9566
1779501614,R_75,28066.1533
1779501616,R_75,28069.8537
1779501618,R_75,28061.1482
1779501620,R_75,28064.9952
1779501622,R_75,28068.5983
1779501624,R_75,28067.5785
1779501626,R_75,28067.2278
1779501628,R_75,28058.8435
1779501630,R_75,28061.7143
1779501632,R_75,28066.001
1779501634,R_75,28075.7093
1779501636,R_75,28070.1243
1779501638,R_75,28062.4268
1779501640,R_75,28062.0496
1779501642,R_75,28066.335
1779501644,R_75,28073.5063
1779501646,R_75,28080.4648
1779501648,R_75,28083.2551
1779501650,R_75,28071.0327
1779501652,R_75,28072.0157
1779501654,R_75,28072.06
1779501656,R_75,28066.5761
1779501658,R_75,28068.3989
1779501660,R_75,28070.2883
1779501662,R_75,28071.9684
1779501664,R_75,28072.7057
1779501666,R_75,28069.0246
1779501668,R_75,28068.1587
1779501670,R_75,28065.6144
1779501672,R_75,28064.2448
1779501674,R_75,28064.7894
1779501676,R_75,28067.0112
1779501678,R_75,28068.1681
1779501680,R_75,28066.8993
1779501682,R_75,28068.4552
1779501684,R_75,28070.6245
1779501686,R_75,28077.5956
1779501688,R_75,28086.2459
1779501690,R_75,28083.7346
1779501692,R_75,28084.2825
1779501694,R_75,28084.8577
1779501696,R_75,28084.7802
1779501698,R_75,28079.2129
1779501700,R_75,28080.7113
1779501702,R_75,28076.8079
1779501704,R_75,28074.0507
1779501706,R_75,28071.3921
1779501708,R_75,28069.3627
1779501710,R_75,28068.4816
1779501712,R_75,28071.1047
1779501714,R_75,28068.6476
1779501716,R_75,28076.1226
1779501718,R_75,28078.7665
1779501720,R_75,28073.9148
1779501722,R_75,28072.9739
1779501724,R_75,28070.6682
1779501726,R_75,28062.1638
1779501728,R_75,28052.2734
1779501730,R_75,28055.3565
1779501732,R_75,28049.5781
1779501734,R_75,28048.2864
1779501736,R_75,28048.3356
1779501738,R_75,28047.6053
1779501740,R_75,28046.151
1779501742,R_75,28037.606
1779501744,R_75,28036.3955
1779501746,R_75,28027.3928
1779501748,R_75,28030.6164
1779501750,R_75,28034.1812
1779501752,R_75,28034.3923
1779501754,R_75,28036.9226
1779501756,R_75,28033.7046
1779501758,R_75,28040.5123
1779501760,R_75,28039.431
1779501762,R_75,28040.5886
1779501764,R_75,28050.8993
1779501766,R_75,28053.1643
1779501768,R_75,28053.949
1779501770,R_75,28053.5132
1779501772,R_75,28057.3875
1779501774,R_75,28056.0905
1779501776,R_75,28060.1001
1779501778,R_75,28057.9577
1779501780,R_75,28061.327
1779501782,R_75,28064.1989
1779501784,R_75,28066.7744
1779501786,R_75,28066.0494
1779501788,R_75,28069.1127
1779501790,R_75,28070.466
1779501792,R_75,28075.3499
1779501794,R_75,28070.7215
1779501796,R_75,28069.5395
1779501798,R_75,28070.6097
1779501800,R_75,28072.8829
1779501802,R_75,28062.9949
1779501804,R_75,28060.9032
1779501806,R_75,28067.7269
1779501808,R_75,28062.1599
1779501810,R_75,28061.8765
1779501812,R_75,28066.3877
1779501814,R_75,28062.0739
1779501816,R_75,28054.8858
1779501818,R_75,28061.6863
1779501820,R_75,28069.3255
1779501822,R_75,28076.6982
1779501824,R_75,28082.1107
1779501826,R_75,28081.1899
1779501828,R_75,28078.6687
1779501830,R_75,28081.6846
1779501832,R_75,28083.127
1779501834,R_75,28077.5457
1779501836,R_75,28083.8496
1779501838,R_75,28091.759
1779501840,R_75,28094.2065
1779501842,R_75,28101.0491
1779501844,R_75,28103.702
1779501846,R_75,28098.0407
1779501848,R_75,28101.6906
1779501850,R_75,28097.3019
1779501852,R_75,28104.9501
1779501854,R_75,28110.6272
1779501856,R_75,28102.1101
1779501858,R_75,28096.5888
1779501860,R_75,28090.0699
1779501862,R_75,28090.9029
1779501864,R_75,28096.3565
1779501866,R_75,28096.1501
1779501868,R_75,28102.1451
1779501870,R_75,28094.9171
1779501872,R_75,28090.9534
1779501874,R_75,28092.1205
1779501876,R_75,28093.7428
1779501878,R_75,28097.9581
1779501880,R_75,28097.4074
1779501882,R_75,28092.7734
1779501884,R_75,28090.9909
1779501886,R_75,28091.3142
1779501888,R_75,28080.2844
1779501890,R_75,28078.849
1779501892,R_75,28078.9244
1779501894,R_75,28079.2349
1779501896,R_75,28081.1964
1779501898,R_75,28086.8431
1779501900,R_75,28084.7684
1779501902,R_75,28076.3855
1779501904,R_75,28069.2369
1779501906,R_75,28071.688
1779501908,R_75,28066.7612
1779501910,R_75,28066.8584
1779501912,R_75,28067.1173
1779501914,R_75,28061.568
1779501916,R_75,28069.071
1779501918,R_75,28069.9149
1779501920,R_75,28063.135
1779501922,R_75,28060.4985
1779501924,R_75,28062.8913
1779501926,R_75,28054.8432
1779501928,R_75,28052.936
1779501930,R_75,28057.2969
1779501932,R_75,28066.4101
1779501934,R_75,28071.7369
1779501936,R_75,28066.6599
1779501938,R_75,28071.3683
1779501940,R_75,28067.2536
1779501942,R_75,28064.9358
1779501944,R_75,28061.0275
1779501946,R_75,28058.6252
1779501948,R_75,28070.8436
1779501950,R_75,28076.0586
1779501952,R_75,28082.8227
1779501954,R_75,28081.4711
1779501956,R_75,28092.5294
1779501958,R_75,28095.0824
1779501960,R_75,28084.4341
1779501962,R_75,28085.4634
1779501964,R_75,28082.1002
1779501966,R_75,28083.2823
1779501968,R_75,28084.9765
1779501970,R_75,28079.8524
1779501972,R_75,28091.8886
1779501974,R_75,28091.6296
1779501976,R_75,28080.6463
1779501978,R_75,28079.2742
1779501980,R_75,28077.9698
1779501982,R_75,28076.4704
1779501984,R_75,28076.3442
1779501986,R_75,28081.042
1779501988,R_75,28074.7617
1779501990,R_75,28081.091
1779501992,R_75,28084.9755
1779501994,R_75,28085.3677
1779501996,R_75,28087.7491
1779501998,R_75,28085.7335
1779502000,R_75,28091.8773
1779502002,R_75,28092.0982
1779502004,R_75,28088.8273
1779502006,R_75,28083.0198
1779502008,R_75,28081.5169
1779502010,R_75,28087.3545
1779502012,R_75,28082.9531
1779502014,R_75,28081.2948
1779502016,R_75,28076.7447
1779502018,R_75,28075.5184
1779502020,R_75,28074.3891
1779502022,R_75,28079.2233
1779502024,R_75,28082.3662
1779502026,R_75,28073.0144
1779502028,R_75,28078.7859
1779502030,R_75,28076.0498
1779502032,R_75,28080.7563
1779502034,R_75,28075.8253
1779502036,R_75,28076.265
1779502038,R_75,28074.8063
1779502040,R_75,28074.5087
1779502042,R_75,28083.1306
1779502044,R_75,28088.6194
1779502046,R_75,28099.3862
1779502048,R_75,28104.9488
1779502050,R_75,28098.7607
1779502052,R_75,28106.4836
1779502054,R_75,28118.2369
1779502056,R_75,28123.4812
1779502058,R_75,28114.7611
1779502060,R_75,28115.7448
1779502062,R_75,28114.5622
1779502064,R_75,28116.0366
1779502066,R_75,28115.0569
1779502068,R_75,28118.7081
1779502070,R_75,28122.2927
1779502072,R_75,28121.2469
1779502074,R_75,28121.5927
1779502076,R_75,28128.9654
1779502078,R_75,28125.1317
1779502080,R_75,28125.1398
1779502082,R_75,28134.0813
1779502084,R_75,28128.387
1779502086,R_75,28126.4468
1779502088,R_75,28125.871
1779502090,R_75,28125.1759
1779502092,R_75,28132.0797
1779502094,R_75,28131.0784
1779502096,R_75,28133.3126
1779502098,R_75,28141.3505
1779502100,R_75,28137.4354
1779502102,R_75,28137.7537
1779502104,R_75,28130.6592
1779502106,R_75,28118.4388
1779502108,R_75,28115.386
1779502110,R_75,28121.8322
1779502112,R_75,28127.0308
1779502114,R_75,28128.2743
1779502116,R_75,28131.3525
1779502118,R_75,28132.4024
1779502120,R_75,28134.8553
1779502122,R_75,28132.7689
1779502124,R_75,28130.0177
1779502126,R_75,28126.7878
1779502128,R_75,28127.9518
1779502130,R_75,28128.676
1779502132,R_75,28117.952
1779502134,R_75,28113.0953
1779502136,R_75,28118
1779502138,R_75,28117.2864
1779502140,R_75,28129.4419
1779502142,R_75,28132.1398
1779502144,R_75,28130.6986
1779502146,R_75,28131.0661
1779502148,R_75,28130.3324
1779502150,R_75,28138.0891
1779502152,R_75,28140.5762
1779502154,R_75,28142.0523
1779502156,R_75,28139.2319
1779502158,R_75,28138.3892
1779502160,R_75,28136.4743
1779502162,R_75,28139.6351
1779502164,R_75,28141.001
1779502166,R_75,28132.4823
1779502168,R_75,28143.6101
1779502170,R_75,28150.6381
1779502172,R_75,28151.6474
1779502174,R_75,28143.9463
1779502176,R_75,28138.8317
1779502178,R_75,28131.2537
1779502180,R_75,28121.3901
1779502182,R_75,28114.1492
1779502184,R_75,28110.4505
1779502186,R_75,28107.7812
1779502188,R_75,28114.4465
1779502190,R_75,28105.605
1779502192,R_75,28113.2416
1779502194,R_75,28112.804
1779502196,R_75,28108.5047
1779502198,R_75,28112.7872
1779502200,R_75,28118.8077
1779502202,R_75,28112.9555
1779502204,R_75,28112.8737
1779502206,R_75,28109.7408
1779502208,R_75,28116.1882
1779502210,R_75,28125.1794
1779502212,R_75,28130.3775
1779502214,R_75,28134.1564
1779502216,R_75,28137.5715
1779502218,R_75,28135.2201
1779502220,R_75,28137.2707
1779502222,R_75,28128.4652
1779502224,R_75,28133.3085
1779502226,R_75,28141.9899
1779502228,R_75,28134.635
1779502230,R_75,28130.4974
1779502232,R_75,28128.0079
1779502234,R_75,28117.5478
1779502236,R_75,28124.7889
1779502238,R_75,28122.3827
1779502240,R_75,28118.908
1779502242,R_75,28111.8751
1779502244,R_75,28111.7469
1779502246,R_75,28109.3622
1779502248,R_75,28114.2569
1779502250,R_75,28108.5183
1779502252,R_75,28113.9255
1779502254,R_75,28105.3122
1779502256,R_75,28102.3228
1779502258,R_75,28097.8784
1779502260,R_75,28097.7681
1779502262,R_75,28099.9473
1779502264,R_75,28106.6084
1779502266,R_75,28102.3651
1779502268,R_75,28107.4947
1779502270,R_75,28108.4359
1779502272,R_75,28106.1846
1779502274,R_75,28108.997
1779502276,R_75,28105.5547
1779502278,R_75,28103.079
1779502280,R_75,28098.5074
1779502282,R_75,28101.9969
1779502284,R_75,28100.7617
1779502286,R_75,28102.726
1779502288,R_75,28097.7879
1779502290,R_75,28097.7905
1779502292,R_75,28106.4465
1779502294,R_75,28107.9429
1779502296,R_75,28108.476
1779502298,R_75,28114.9163
1779502300,R_75,28117.8378
1779502302,R_75,28117.9287
1779502304,R_75,28121.4771
1779502306,R_75,28116.8492
1779502308,R_75,28119.7084
1779502310,R_75,28113.806
1779502312,R_75,28114.2999
1779502314,R_75,28102.5749
1779502316,R_75,28109.4536
1779502318,R_75,28101.4998
1779502320,R_75,28100.2002
1779502322,R_75,28102.6057
1779502324,R_75,28105.7943
1779502326,R_75,28104.5335
1779502328,R_75,28102.1578
1779502330,R_75,28083.6257
1779502332,R_75,28083.9908
1779502334,R_75,28090.7231
1779502336,R_75,28088.2433
1779502338,R_75,28092.0221
1779502340,R_75,28089.4717
1779502342,R_75,28086.56
1779502344,R_75,28078.5428
1779502346,R_75,28076.3222
1779502348,R_75,28081.4038
1779502350,R_75,28086.563
1779502352,R_75,28092.0417
1779502354,R_75,28101.1616
1779502356,R_75,28105.2362
1779502358,R_75,28101.7183
1779502360,R_75,28107.4704
1779502362,R_75,28106.921
1779502364,R_75,28108.723
1779502366,R_75,28099.2329
1779502368,R_75,28097.5802
1779502370,R_75,28087.4778
1779502372,R_75,28089.3106
1779502374,R_75,28092.3334
1779502376,R_75,28095.1682
1779502378,R_75,28102.1913
1779502380,R_75,28104.4832
1779502382,R_75,28102.8542
1779502384,R_75,28104.5427
1779502386,R_75,28107.7051
1779502388,R_75,28111.7509
1779502390,R_75,28108.5366
1779502392,R_75,28110.0789
1779502394,R_75,28109.2529
1779502396,R_75,28108.6957
1779502398,R_75,28115.3352
1779502400,R_75,28134.6427
1779502402,R_75,28131.1693
1779502404,R_75,28139.1747
1779502406,R_75,28137.8927
1779502408,R_75,28134.6442
1779502410,R_75,28131.0704
1779502412,R_75,28135.6705
1779502414,R_75,28138.5076
1779502416,R_75,28136.1535
1779502418,R_75,28144.35
1779502420,R_75,28139.0584
1779502422,R_75,28139.9891
1779502424,R_75,28136.4789
1779502426,R_75,28139.3825
1779502428,R_75,28126.92
1779502430,R_75,28128.279
1779502432,R_75,28125.079
1779502434,R_75,28127.0619
1779502436,R_75,28122.3834
1779502438,R_75,28120.7629
1779502440,R_75,28122.8832
1779502442,R_75,28122.7178
1779502444,R_75,28117.7641
1779502446,R_75,28120.6976
1779502448,R_75,28118.9756
1779502450,R_75,28115.9301
1779502452,R_75,28109.2773
1779502454,R_75,28111.8242
1779502456,R_75,28121.3913
1779502458,R_75,28122.6699
1779502460,R_75,28121.6179
1779502462,R_75,28120.9578
1779502464,R_75,28129.2101
1779502466,R_75,28138.0446
1779502468,R_75,28140.0204
1779502470,R_75,28140.7612
1779502472,R_75,28143.8172
1779502474,R_75,28139.755
1779502476,R_75,28141.3378
1779502478,R_75,28146.2256
1779502480,R_75,28146.9598
1779502482,R_75,28143.3131
1779502484,R_75,28134.0808
1779502486,R_75,28130.9565
1779502488,R_75,28135.6744
1779502490,R_75,28132.2882
1779502492,R_75,28135.5007
1779502494,R_75,28143.5316
1779502496,R_75,28150.6592
1779502498,R_75,28165.1072
1779502500,R_75,28165.6405
1779502502,R_75,28165.4267
1779502504,R_75,28165.5169
1779502506,R_75,28155.416
1779502508,R_75,28148.188
1779502510,R_75,28144.6055
1779502512,R_75,28134.2073
1779502514,R_75,28134.5555
1779502516,R_75,28139.6426
1779502518,R_75,28143.5049
1779502520,R_75,28150.9604
1779502522,R_75,28148.1942
1779502524,R_75,28146.1604
1779502526,R_75,28146.5205
1779502528,R_75,28141.6983
1779502530,R_75,28138.6386
1779502532,R_75,28144.4765
1779502534,R_75,28135.6904
1779502536,R_75,28124.7574
1779502538,R_75,28118.054
1779502540,R_75,28123.7247
1779502542,R_75,28124.7081
1779502544,R_75,28115.3671
1779502546,R_75,28111.3022
1779502548,R_75,28108.3174
1779502550,R_75,28101.0599
1779502552,R_75,28105.1719
1779502554,R_75,28116.3178
1779502556,R_75,28118.7635
1779502558,R_75,28122.4514
1779502560,R_75,28106.6713
1779502562,R_75,28109.8415
1779502564,R_75,28109.6688
1779502566,R_75,28124.7419
1779502568,R_75,28129.7211
1779502570,R_75,28133.1808
1779502572,R_75,28130.9601
1779502574,R_75,28133.6441
1779502576,R_75,28135.9905
1779502578,R_75,28135.5449
1779502580,R_75,28137.953
1779502582,R_75,28136.0853
1779502584,R_75,28136.7769
1779502586,R_75,28143.2015
1779502588,R_75,28142.0308
1779502590,R_75,28141.3416
1779502592,R_75,28141.3964
1779502594,R_75,28132.593
1779502596,R_75,28132.6355
1779502598,R_75,28133.9034
1779502600,R_75,28135.612
1779502602,R_75,28141.9361
1779502604,R_75,28141.8115
1779502606,R_75,28135.9675
1779502608,R_75,28129.1009
1779502610,R_75,28123.0694
1779502612,R_75,28123.8734
1779502614,R_75,28113.9909
1779502616,R_75,28112.6471
1779502618,R_75,28111.8726
1779502620,R_75,28109.9436
1779502622,R_75,28117.3202
1779502624,R_75,28114.1912
1779502626,R_75,28111.0456
1779502628,R_75,28110.0605
1779502630,R_75,28108.4281
1779502632,R_75,28110.2196
1779502634,R_75,28106.9906
1779502636,R_75,28108.3762
1779502638,R_75,28106.0253
1779502640,R_75,28102.2455
1779502642,R_75,28100.9663
1779502644,R_75,28093.7099
1779502646,R_75,28089.5339
1779502648,R_75,28083.0306
1779502650,R_75,28076.5274
1779502652,R_75,28080.6691
1779502654,R_75,28086.2907
1779502656,R_75,28090.3268
1779502658,R_75,28093.6575
1779502660,R_75,28097.7579
1779502662,R_75,28094.9962
1779502664,R_75,28093.8768
1779502666,R_75,28094.1847
1779502668,R_75,28096.1379
1779502670,R_75,28090.2252
1779502672,R_75,28094.7223
1779502674,R_75,28106.2542
1779502676,R_75,28110.5824
1779502678,R_75,28103.469
1779502680,R_75,28109.9811
1779502682,R_75,28112.4217
1779502684,R_75,28111.5069
1779502686,R_75,28122.1586
1779502688,R_75,28119.6751
1779502690,R_75,28107.6511
1779502692,R_75,28114.7554
1779502694,R_75,28111.9325
1779502696,R_75,28115.3677
1779502698,R_75,28114.0447
1779502700,R_75,28119.5048
1779502702,R_75,28121.9552
1779502704,R_75,28121.6752
1779502706,R_75,28124.0262
1779502708,R_75,28128.0659
1779502710,R_75,28129.627
1779502712,R_75,28131.6286
1779502714,R_75,28130.3939
1779502716,R_75,28133.4644
1779502718,R_75,28135.7854
1779502720,R_75,28131.1139
1779502722,R_75,28131.5134
1779502724,R_75,28128.7522
1779502726,R_75,28124.1852
1779502728,R_75,28123.5431
1779502730,R_75,28130.3885
1779502732,R_75,28131.3001
1779502734,R_75,28135.5724
1779502736,R_75,28142.0882
1779502738,R_75,28135.9297
1779502740,R_75,28139.2217
1779502742,R_75,28140.7824
1779502744,R_75,28135.8978
1779502746,R_75,28133.4642
1779502748,R_75,28135.3583
1779502750,R_75,28139.5941
1779502752,R_75,28144.5443
1779502754,R_75,28140.0701
1779502756,R_75,28142.579
1779502758,R_75,28148.9563
1779502760,R_75,28150.3658
1779502762,R_75,28158.5766
1779502764,R_75,28157.1958
1779502766,R_75,28156.9909
1779502768,R_75,28158.8849
1779502770,R_75,28161.6031
1779502772,R_75,28160.9805
1779502774,R_75,28163.013
1779502776,R_75,28161.7243
1779502778,R_75,28160.5436
1779502780,R_75,28160.3757
1779502782,R_75,28150.2851
1779502784,R_75,28153.9834
1779502786,R_75,28163.0412
1779502788,R_75,28161.3209
1779502790,R_75,28157.0316
1779502792,R_75,28157.8831
1779502794,R_75,28158.3517
1779502796,R_75,28157.3562
1779502798,R_75,28154.9344
1779502800,R_75,28154.1258
1779502802,R_75,28154.5103
1779502804,R_75,28150.9188
1779502806,R_75,28146.4808
1779502808,R_75,28140.1041
1779502810,R_75,28141.562
1779502812,R_75,28141.6728
1779502814,R_75,28139.419
1779502816,R_75,28132.166
1779502818,R_75,28132.3424
1779502820,R_75,28131.5568
1779502822,R_75,28122.0631
1779502824,R_75,28126.9047
1779502826,R_75,28122.9165
1779502828,R_75,28122.2475
1779502830,R_75,28124.9449
1779502832,R_75,28123.3654
1779502834,R_75,28122.2239
1779502836,R_75,28120.8379
1779502838,R_75,28124.9803
1779502840,R_75,28122.1625
1779502842,R_75,28125.2254
1779502844,R_75,28119.6824
1779502846,R_75,28116.7999
1779502848,R_75,28116.4415
1779502850,R_75,28120.743
1779502852,R_75,28110.2274
1779502854,R_75,28107.1719
1779502856,R_75,28107.6357
1779502858,R_75,28116.6333
1779502860,R_75,28114.8208
1779502862,R_75,28114.6363
1779502864,R_75,28119.9295
1779502866,R_75,28117.6166
1779502868,R_75,28118.6354
1779502870,R_75,28123.4108
1779502872,R_75,28128.583
1779502874,R_75,28131.3648
1779502876,R_75,28131.023
1779502878,R_75,28120.183
1779502880,R_75,28119.8447
1779502882,R_75,28123.0538
1779502884,R_75,28121.7824
1779502886,R_75,28125.9596
1779502888,R_75,28124.6287
1779502890,R_75,28117.8275
1779502892,R_75,28110.6405
1779502894,R_75,28110.203
1779502896,R_75,28114.573
1779502898,R_75,28118.6031
1779502900,R_75,28122.3256
1779502902,R_75,28122.1836
1779502904,R_75,28131.9656
1779502906,R_75,28134.9203
1779502908,R_75,28127.7504
1779502910,R_75,28124.9773
1779502912,R_75,28116.4838
1779502914,R_75,28117.526
1779502916,R_75,28110.3547
1779502918,R_75,28100.8026
1779502920,R_75,28103.9589
1779502922,R_75,28111.6722
1779502924,R_75,28109.2141
1779502926,R_75,28121.3897
1779502928,R_75,28125.4032
1779502930,R_75,28124.0069
1779502932,R_75,28127.0527
1779502934,R_75,28123.2546
1779502936,R_75,28131.3937
1779502938,R_75,28130.0558
1779502940,R_75,28126.4355
1779502942,R_75,28125.3396
1779502944,R_75,28122.9651
1779502946,R_75,28130.5424
1779502948,R_75,28135.7686
1779502950,R_75,28130.9182
1779502952,R_75,28121.6956
1779502954,R_75,28115.2806
1779502956,R_75,28117.8692
1779502958,R_75,28118.3152
1779502960,R_75,28108.6553
1779502962,R_75,28104.744
1779502964,R_75,28103.4802
1779502966,R_75,28110.0461
1779502968,R_75,28112.3079
1779502970,R_75,28121.1653
1779502972,R_75,28121.4117
1779502974,R_75,28119.107
1779502976,R_75,28117.6196
1779502978,R_75,28113.1748
1779502980,R_75,28107.4265
1779502982,R_75,28110.1614
1779502984,R_75,28109.2575
1779502986,R_75,28112.451
1779502988,R_75,28111.0922
1779502990,R_75,28107.3148
1779502992,R_75,28116.8409
1779502994,R_75,28118.1437
1779502996,R_75,28116.7913
1779502998,R_75,28121.2279
1779503000,R_75,28127.5285
1779503002,R_75,28131.6709
1779503004,R_75,28134.0151
1779503006,R_75,28138.2449
1779503008,R_75,28139.5955
1779503010,R_75,28141.2675
1779503012,R_75,28148.3422
1779503014,R_75,28149.2448
1779503016,R_75,28153.7826
1779503018,R_75,28152.3144
1779503020,R_75,28144.9039
1779503022,R_75,28151.0509
1779503024,R_75,28149.3905
1779503026,R_75,28147.9348
1779503028,R_75,28138.4397
1779503030,R_75,28134.2851
1779503032,R_75,28137.7938
1779503034,R_75,28145.3156
1779503036,R_75,28135.6821
1779503038,R_75,28141.1988
1779503040,R_75,28142.1583
1779503042,R_75,28134.3976
1779503044,R_75,28142.2905
1779503046,R_75,28138.1978
1779503048,R_75,28140.2271
1779503050,R_75,28151.7892
1779503052,R_75,28157.2719
1779503054,R_75,28160.3183
1779503056,R_75,28156.5816
1779503058,R_75,28161.6597
1779503060,R_75,28155.8799
1779503062,R_75,28159.4914
1779503064,R_75,28159.3623
1779503066,R_75,28166.1267
1779503068,R_75,28165.0031
1779503070,R_75,28164.5962
1779503072,R_75,28168.0063
1779503074,R_75,28163.3661
1779503076,R_75,28166.2065
1779503078,R_75,28165.9587
1779503080,R_75,28165.6459
1779503082,R_75,28164.5393
1779503084,R_75,28164.625
1779503086,R_75,28171.0981
1779503088,R_75,28168.381
1779503090,R_75,28160.8833
1779503092,R_75,28166.1928
1779503094,R_75,28165.574
1779503096,R_75,28156.5799
1779503098,R_75,28164.2998
1779503100,R_75,28173.0739
1779503102,R_75,28173.094
1779503104,R_75,28171.9216
1779503106,R_75,28173.9377
1779503108,R_75,28173.6643
1779503110,R_75,28172.3593
1779503112,R_75,28170.273
1779503114,R_75,28166.6903
1779503116,R_75,28175.3055
1779503118,R_75,28171.6505
1779503120,R_75,28174.7062
1779503122,R_75,28173.6653
1779503124,R_75,28169.0277
1779503126,R_75,28175.6573
1779503128,R_75,28165.1225
1779503130,R_75,28159.7532
1779503132,R_75,28158.74
1779503134,R_75,28149.4227
1779503136,R_75,28151.0516
1779503138,R_75,28151.7352
1779503140,R_75,28158.3924
1779503142,R_75,28162.8237
1779503144,R_75,28163.2539
1779503146,R_75,28156.3601
1779503148,R_75,28150.091
1779503150,R_75,28162.4857
1779503152,R_75,28163.5158
1779503154,R_75,28156.1107
1779503156,R_75,28152.299
1779503158,R_75,28157.3575
1779503160,R_75,28153.7064
1779503162,R_75,28153.4579
1779503164,R_75,28148.8669
1779503166,R_75,28150.7068
1779503168,R_75,28141.4421
1779503170,R_75,28145.1651
1779503172,R_75,28150.0897
1779503174,R_75,28148.2782
1779503176,R_75,28154.4661
1779503178,R_75,28159.0689
1779503180,R_75,28150.0089
1779503182,R_75,28140.3073
1779503184,R_75,28138.1615
1779503186,R_75,28143.2913
1779503188,R_75,28143.7174
1779503190,R_75,28144.642
1779503192,R_75,28147.8009
1779503194,R_75,28147.3615
1779503196,R_75,28148.5263
1779503198,R_75,28149.7489
1779503200,R_75,28152.2435
1779503202,R_75,28154.044
1779503204,R_75,28152.4055
1779503206,R_75,28147.1419
1779503208,R_75,28143.8815
1779503210,R_75,28146.9915
1779503212,R_75,28143.9569
1779503214,R_75,28137.315
1779503216,R_75,28131.257
1779503218,R_75,28126.8357
1779503220,R_75,28123.9581
1779503222,R_75,28123.3514
1779503224,R_75,28124.3971
1779503226,R_75,28130.6205
1779503228,R_75,28129.679
1779503230,R_75,28130.4746
1779503232,R_75,28133.2708
1779503234,R_75,28126.2703
1779503236,R_75,28124.0497
1779503238,R_75,28122.7583
1779503240,R_75,28128.0329
1779503242,R_75,28129.6933
1779503244,R_75,28137.3048
1779503246,R_75,28133.0204
1779503248,R_75,28134.6349
1779503250,R_75,28131.2096
1779503252,R_75,28136.3974
1779503254,R_75,28137.0667
1779503256,R_75,28133.8225
1779503258,R_75,28136.0201
1779503260,R_75,28148.4717
1779503262,R_75,28147.6381
1779503264,R_75,28146.3412
1779503266,R_75,28142.8139
1779503268,R_75,28145.3421
1779503270,R_75,28146.0024
1779503272,R_75,28146.236
1779503274,R_75,28143.8193
1779503276,R_75,28138.1193
1779503278,R_75,28142.2995
1779503280,R_75,28140.8324
1779503282,R_75,28131.4602
1779503284,R_75,28140.9307
1779503286,R_75,28131.7641
1779503288,R_75,28134.0521
1779503290,R_75,28140.448
1779503292,R_75,28134.6109
1779503294,R_75,28131.9964
1779503296,R_75,28135.9686
1779503298,R_75,28140.719
1779503300,R_75,28142.0112
1779503302,R_75,28130.823
1779503304,R_75,28132.4653
1779503306,R_75,28126.8952
1779503308,R_75,28114.2662
1779503310,R_75,28116.1408
1779503312,R_75,28107.3231
1779503314,R_75,28106.5449
1779503316,R_75,28103.3971
1779503318,R_75,28102.0644
1779503320,R_75,28096.5358
1779503322,R_75,28097.1629
1779503324,R_75,28101.7659
1779503326,R_75,28103.822
1779503328,R_75,28097.8787
1779503330,R_75,28089.5307
1779503332,R_75,28094.8603
1779503334,R_75,28091.3902
1779503336,R_75,28094.3952
1779503338,R_75,28091.3852
1779503340,R_75,28091.066
1779503342,R_75,28090.7983
1779503344,R_75,28089.2201
1779503346,R_75,28100.0072
1779503348,R_75,28091.3411
1779503350,R_75,28092.4967
1779503352,R_75,28098.5479
1779503354,R_75,28097.9963
1779503356,R_75,28097.2406
1779503358,R_75,28082.3075
1779503360,R_75,28079.7381
1779503362,R_75,28080.0283
1779503364,R_75,28080.6448
1779503366,R_75,28075.8995
1779503368,R_75,28070.6966
1779503370,R_75,28073.594
1779503372,R_75,28078.7857
1779503374,R_75,28076.3211
1779503376,R_75,28075.8414
1779503378,R_75,28082.1234
1779503380,R_75,28088.2566
1779503382,R_75,28083.9096
1779503384,R_75,28087.6226
1779503386,R_75,28085.2173
1779503388,R_75,28091.8719
1779503390,R_75,28092.0704
1779503392,R_75,28090.1149
1779503394,R_75,28094.5035
1779503396,R_75,28097.7818
1779503398,R_75,28090.611
1779503400,R_75,28098.1231
1779503402,R_75,28089.827
1779503404,R_75,28088.0111
1779503406,R_75,28090.6473
1779503408,R_75,28095.1979
1779503410,R_75,28093.3201
1779503412,R_75,28105.9633
1779503414,R_75,28108.79
1779503416,R_75,28113.5229
1779503418,R_75,28113.7798
1779503420,R_75,28109.0889
1779503422,R_75,28097.0056
1779503424,R_75,28096.3149
1779503426,R_75,28095.2393
1779503428,R_75,28095.2599
1779503430,R_75,28088.7428
1779503432,R_75,28090.0837
1779503434,R_75,28085.8283
1779503436,R_75,28083.6253
1779503438,R_75,28088.4702
1779503440,R_75,28093.7661
1779503442,R_75,28089.1434
1779503444,R_75,28090.6804
1779503446,R_75,28096.8751
1779503448,R_75,28096.5811
1779503450,R_75,28098.2532
1779503452,R_75,28100.8015
1779503454,R_75,28110.9435
1779503456,R_75,28114.3841
1779503458,R_75,28115.9417
1779503460,R_75,28105.8858
1779503462,R_75,28110.6559
1779503464,R_75,28110.5523
1779503466,R_75,28112.7803
1779503468,R_75,28113.8083
1779503470,R_75,28114.4382
1779503472,R_75,28110.7016
1779503474,R_75,28107.0422
1779503476,R_75,28103.7291
1779503478,R_75,28102.5059
1779503480,R_75,28092.6271
1779503482,R_75,28104.7551
1779503484,R_75,28098.8415
1779503486,R_75,28099.9521
1779503488,R_75,28104.9597
1779503490,R_75,28113.2525
1779503492,R_75,28114.6459
1779503494,R_75,28114.3908
1779503496,R_75,28114.4761
1779503498,R_75,28115.2819
1779503500,R_75,28111.2072
1779503502,R_75,28113.4019
1779503504,R_75,28124.1093
1779503506,R_75,28122.7106
1779503508,R_75,28117.5816
1779503510,R_75,28118.1159
1779503512,R_75,28117.8889
1779503514,R_75,28125.4266
1779503516,R_75,28121.2576
1779503518,R_75,28123.3612
1779503520,R_75,28129.6735
1779503522,R_75,28133.3224
1779503524,R_75,28137.8237
1779503526,R_75,28139.3103
1779503528,R_75,28128.8173
1779503530,R_75,28123.2989
1779503532,R_75,28127.556
1779503534,R_75,28124.3385
1779503536,R_75,28125.3249
1779503538,R_75,28124.972
1779503540,R_75,28118.3387
1779503542,R_75,28114.957
1779503544,R_75,28121.6817
1779503546,R_75,28104.2697
1779503548,R_75,28097.9626
1779503550,R_75,28099.5642
1779503552,R_75,28107.6733
1779503554,R_75,28109.7611
1779503556,R_75,28108.8797
1779503558,R_75,28103.0991
1779503560,R_75,28098.8481
1779503562,R_75,28096.1737
1779503564,R_75,28085.6481
1779503566,R_75,28090.6701
1779503568,R_75,28089.4724
1779503570,R_75,28086.1947
1779503572,R_75,28092.7159
1779503574,R_75,28093.0855
1779503576,R_75,28097.7942
1779503578,R_75,28101.4599
1779503580,R_75,28105.5296
1779503582,R_75,28109.0015
1779503584,R_75,28112.7496
1779503586,R_75,28109.4199
1779503588,R_75,28117.2187
1779503590,R_75,28113.7644
1779503592,R_75,28116.9059
1779503594,R_75,28105.6535
1779503596,R_75,28103.7683
1779503598,R_75,28114.1212
1779503600,R_75,28113.2643
1779503602,R_75,28119.0169
1779503604,R_75,28120.8719
1779503606,R_75,28128.682
1779503608,R_75,28132.0398
1779503610,R_75,28132.9183
1779503612,R_75,28136.6597
1779503614,R_75,28131.3
1779503616,R_75,28125.8281
1779503618,R_75,28127.8718
1779503620,R_75,28128.355
1779503622,R_75,28131.1029
1779503624,R_75,28125.2179
1779503626,R_75,28127.2359
1779503628,R_75,28129.3878
1779503630,R_75,28130.7774
1779503632,R_75,28127.8607
1779503634,R_75,28135.8129
1779503636,R_75,28131.4264
1779503638,R_75,28127.437
1779503640,R_75,28120.547
1779503642,R_75,28114.3965
1779503644,R_75,28115.8997
1779503646,R_75,28115.6026
1779503648,R_75,28116.109
1779503650,R_75,28111.1769
1779503652,R_75,28105.4525
1779503654,R_75,28097.1023
1779503656,R_75,28098.2156
1779503658,R_75,28108.0793
1779503660,R_75,28107.619
1779503662,R_75,28107.2927
1779503664,R_75,28108.0368
1779503666,R_75,28107.6796
1779503668,R_75,28103.3186
1779503670,R_75,28106.3224
1779503672,R_75,28107.2305
1779503674,R_75,28113.1645
1779503676,R_75,28111.4988
1779503678,R_75,28116.7153
1779503680,R_75,28109.3499
1779503682,R_75,28110.1221
1779503684,R_75,28106.2041
1779503686,R_75,28105.7663
1779503688,R_75,28111.9924
1779503690,R_75,28118.6165
1779503692,R_75,28109.0374
1779503694,R_75,28117.3784
1779503696,R_75,28121.1656
1779503698,R_75,28114.2955
1779503700,R_75,28109.1892
1779503702,R_75,28106.8486
1779503704,R_75,28106.8938
1779503706,R_75,28105.732
1779503708,R_75,28101.1446
1779503710,R_75,28100.4506
1779503712,R_75,28098.3804
1779503714,R_75,28091.9729
1779503716,R_75,28095.0072
1779503718,R_75,28091.3677
1779503720,R_75,28092.6324
1779503722,R_75,28085.5554
1779503724,R_75,28088.0887
1779503726,R_75,28080.2245
1779503728,R_75,28077.5848
1779503730,R_75,28076.4818
1779503732,R_75,28078.1433
1779503734,R_75,28075.4018
1779503736,R_75,28066.055
1779503738,R_75,28066.2009
1779503740,R_75,28066.0707
1779503742,R_75,28067.0435
1779503744,R_75,28074.4355
1779503746,R_75,28080.0238
1779503748,R_75,28073.8
1779503750,R_75,28078.914
1779503752,R_75,28079.2823
1779503754,R_75,28083.9932
1779503756,R_75,28077.5896
1779503758,R_75,28082.003
1779503760,R_75,28077.1595
1779503762,R_75,28074.5836
1779503764,R_75,28085.3163
1779503766,R_75,28082.2482
1779503768,R_75,28083.4238
1779503770,R_75,28085.4106
1779503772,R_75,28085.6816
1779503774,R_75,28082.8736
1779503776,R_75,28084.2364
1779503778,R_75,28090.1967
1779503780,R_75,28100.3215
1779503782,R_75,28093.9515
1779503784,R_75,28104.0616
1779503786,R_75,28102.2409
1779503788,R_75,28110.3431
1779503790,R_75,28099.4907
1779503792,R_75,28108.8857
1779503794,R_75,28106.3458
1779503796,R_75,28115.7337
1779503798,R_75,28122.8893
1779503800,R_75,28125.2366
1779503802,R_75,28125.8954
1779503804,R_75,28123.2575
1779503806,R_75,28121.8051
1779503808,R_75,28122.1351
1779503810,R_75,28122.2804
1779503812,R_75,28119.9101
1779503814,R_75,28105.8017
1779503816,R_75,28112.3746
1779503818,R_75,28113.4362
1779503820,R_75,28110.4266
1779503822,R_75,28108.7233
1779503824,R_75,28119.1484
1779503826,R_75,28129.6341
1779503828,R_75,28132.5018
1779503830,R_75,28128.3302
1779503832,R_75,28126.7556
1779503834,R_75,28128.2785
1779503836,R_75,28131.9933
1779503838,R_75,28133.2922
1779503840,R_75,28136.7853
1779503842,R_75,28130.8134
1779503844,R_75,28140.6756
1779503846,R_75,28136.9252
1779503848,R_75,28134.8084
1779503850,R_75,28140.3529
1779503852,R_75,28147.3546
1779503854,R_75,28143.2632
1779503856,R_75,28143.529
1779503858,R_75,28138.4213
1779503860,R_75,28149.5232
1779503862,R_75,28150.881
1779503864,R_75,28146.2625
1779503866,R_75,28142.6278
1779503868,R_75,28146.2841
1779503870,R_75,28152.6236
1779503872,R_75,28152.8265
1779503874,R_75,28155.4562
1779503876,R_75,28141.931
1779503878,R_75,28137.8753
1779503880,R_75,28132.6783
1779503882,R_75,28138.1919
1779503884,R_75,28147.9005
1779503886,R_75,28157.2313
1779503888,R_75,28150.4496
1779503890,R_75,28139.6054
1779503892,R_75,28150.3189
1779503894,R_75,28147.6691
1779503896,R_75,28145.1577
1779503898,R_75,28137.6166
1779503900,R_75,28128.8541
1779503902,R_75,28133.5581
1779503904,R_75,28133.3162
1779503906,R_75,28134.2354
1779503908,R_75,28119.8624
1779503910,R_75,28112.5879
1779503912,R_75,28117.1973
1779503914,R_75,28121.1181
1779503916,R_75,28114.1401
1779503918,R_75,28110.2768
1779503920,R_75,28114.944
1779503922,R_75,28115.7708
1779503924,R_75,28109.3832
1779503926,R_75,28111.9514
1779503928,R_75,28112.6638
1779503930,R_75,28114.0033
1779503932,R_75,28114.3714
1779503934,R_75,28113.498
1779503936,R_75,28106.5502
1779503938,R_75,28109.8448
1779503940,R_75,28116.6078
1779503942,R_75,28113.4875
1779503944,R_75,28110.435
1779503946,R_75,28112.564
1779503948,R_75,28116.6687
1779503950,R_75,28113.4243
1779503952,R_75,28107.7488
1779503954,R_75,28107.4914
1779503956,R_75,28115.5382
1779503958,R_75,28120.3073
1779503960,R_75,28126.0275
1779503962,R_75,28138.3043
1779503964,R_75,28136.1512
1779503966,R_75,28140.9842
1779503968,R_75,28135.1409
1779503970,R_75,28131.8718
1779503972,R_75,28134.4467
1779503974,R_75,28141.4097
1779503976,R_75,28140.7728
1779503978,R_75,28141.6796
1779503980,R_75,28151.1892
1779503982,R_75,28149.2016
1779503984,R_75,28141.5389
1779503986,R_75,28143.8012
1779503988,R_75,28142.9684
1779503990,R_75,28146.0678
1779503992,R_75,28144.489
1779503994,R_75,28147.4697
1779503996,R_75,28139.9441
1779503998,R_75,28136.8486
1779504000,R_75,28140.7901
1779504002,R_75,28145.3801
1779504004,R_75,28139.3505
1779504006,R_75,28141.4581
1779504008,R_75,28132.4014
1779504010,R_75,28137.4982
1779504012,R_75,28133.3558
1779504014,R_75,28134.0375
1779504016,R_75,28132.1998
1779504018,R_75,28144.8366
1779504020,R_75,28150.9525
1779504022,R_75,28145.8967
1779504024,R_75,28144.5583
1779504026,R_75,28140.5707
1779504028,R_75,28132.838
1779504030,R_75,28134.8287
1779504032,R_75,28140.676
1779504034,R_75,28141.9639
1779504036,R_75,28141.5773
1779504038,R_75,28137.9455
1779504040,R_75,28130.9139
1779504042,R_75,28133.7971
1779504044,R_75,28131.0982
1779504046,R_75,28130.4841
1779504048,R_75,28126.0989
1779504050,R_75,28123.7105
1779504052,R_75,28119.9855
1779504054,R_75,28116.5819
1779504056,R_75,28118.122
1779504058,R_75,28127.9223
1779504060,R_75,28124.421
1779504062,R_75,28126.8311
1779504064,R_75,28124.3066
1779504066,R_75,28122.3261
1779504068,R_75,28118.2477
1779504070,R_75,28123.4242
1779504072,R_75,28122.2239
1779504074,R_75,28115.3388
1779504076,R_75,28110.1278
1779504078,R_75,28113.9886
1779504080,R_75,28108.132
1779504082,R_75,28111.2654
1779504084,R_75,28117.5794
1779504086,R_75,28118.1051
1779504088,R_75,28123.395
1779504090,R_75,28126.2626
1779504092,R_75,28117.3558
1779504094,R_75,28105.7086
1779504096,R_75,28108.2069
1779504098,R_75,28100.0205
1779504100,R_75,28097.2676
1779504102,R_75,28100.7412
1779504104,R_75,28094.0911
1779504106,R_75,28093.3348
1779504108,R_75,28096.2849
1779504110,R_75,28104.2932
1779504112,R_75,28106.688
1779504114,R_75,28108.5563
1779504116,R_75,28109.5849
1779504118,R_75,28108.08
1779504120,R_75,28106.8637
1779504122,R_75,28095.1596
1779504124,R_75,28085.0662
1779504126,R_75,28087.1197
1779504128,R_75,28086.9207
1779504130,R_75,28077.7954
1779504132,R_75,28073.214
1779504134,R_75,28067.3682
1779504136,R_75,28067.4919
1779504138,R_75,28061.6247
1779504140,R_75,28054.5405
1779504142,R_75,28051.0919
1779504144,R_75,28057.9625
1779504146,R_75,28055.0583
1779504148,R_75,28056.6985
1779504150,R_75,28053.3981
1779504152,R_75,28046.8628
1779504154,R_75,28049.1029
1779504156,R_75,28048.7499
1779504158,R_75,28059.7188
1779504160,R_75,28052.2513
1779504162,R_75,28055.7276
1779504164,R_75,28061.623
1779504166,R_75,28068.6594
1779504168,R_75,28070.9981
1779504170,R_75,28070.3646
1779504172,R_75,28076.2165
1779504174,R_75,28074.8357
1779504176,R_75,28073.0421
1779504178,R_75,28068.4607
1779504180,R_75,28061.4547
1779504182,R_75,28063.0237
1779504184,R_75,28067.1894
1779504186,R_75,28059.6532
1779504188,R_75,28056.2315
1779504190,R_75,28060.3251
1779504192,R_75,28061.6276
1779504194,R_75,28070.5298
1779504196,R_75,28075.5251
1779504198,R_75,28092.3434
1779504200,R_75,28090.3051
1779504202,R_75,28082.5973
1779504204,R_75,28087.8604
1779504206,R_75,28091.3956
1779504208,R_75,28089.334
1779504210,R_75,28090.2075
1779504212,R_75,28087.0979
1779504214,R_75,28085.6293
1779504216,R_75,28076.1915
1779504218,R_75,28077.3785
1779504220,R_75,28069.6778
1779504222,R_75,28071.0877
1779504224,R_75,28070.5661
1779504226,R_75,28080.2915
1779504228,R_75,28074.478
1779504230,R_75,28076.575
1779504232,R_75,28086.9942
1779504234,R_75,28082.1704
1779504236,R_75,28090.7153
1779504238,R_75,28091.2314
1779504240,R_75,28094.4664
1779504242,R_75,28094.0083
1779504244,R_75,28098.9306
1779504246,R_75,28096.8885
1779504248,R_75,28093.0516
1779504250,R_75,28092.2705
1779504252,R_75,28095.1988
1779504254,R_75,28089.5918
1779504256,R_75,28082.1057
1779504258,R_75,28090.9254
1779504260,R_75,28091.7916
1779504262,R_75,28088.3329
1779504264,R_75,28078.3826
1779504266,R_75,28084.7435
1779504268,R_75,28087.3144
1779504270,R_75,28086.1464
1779504272,R_75,28086.6073
1779504274,R_75,28083.7235
1779504276,R_75,28081.01
1779504278,R_75,28086.9829
1779504280,R_75,28081.2559
1779504282,R_75,28085.0017
1779504284,R_75,28081.4996
1779504286,R_75,28077.5468
1779504288,R_75,28076.379
1779504290,R_75,28069.7893
1779504292,R_75,28062.6334
1779504294,R_75,28070.3093
1779504296,R_75,28073.5661
1779504298,R_75,28072.432
1779504300,R_75,28064.6358
1779504302,R_75,28067.8259
1779504304,R_75,28058.1024
1779504306,R_75,28052.7714
1779504308,R_75,28049.2645
1779504310,R_75,28044.6691
1779504312,R_75,28038.3741
1779504314,R_75,28040.9217
1779504316,R_75,28036.7546
1779504318,R_75,28040.2719
1779504320,R_75,28037.0966
1779504322,R_75,28038.0651
1779504324,R_75,28037.1888
1779504326,R_75,28037.8192
1779504328,R_75,28036.133
1779504330,R_75,28042.8788
1779504332,R_75,28036.0132
1779504334,R_75,28027.0977
1779504336,R_75,28026.3561
1779504338,R_75,28014.1282
1779504340,R_75,28012.5262
1779504342,R_75,28026.8491
1779504344,R_75,28024.5345
1779504346,R_75,28029.3786
1779504348,R_75,28030.5293
1779504350,R_75,28033.1476
1779504352,R_75,28035.2692
1779504354,R_75,28028.8189
1779504356,R_75,28033.697
1779504358,R_75,28038.2465
1779504360,R_75,28038.0471
1779504362,R_75,28036.7371
1779504364,R_75,28031.4388
1779504366,R_75,28029.5741
1779504368,R_75,28033.1216
1779504370,R_75,28030.4741
1779504372,R_75,28029.6289
1779504374,R_75,28028.3666
1779504376,R_75,28032.8756
1779504378,R_75,28028.0332
1779504380,R_75,28018.7715
1779504382,R_75,28014.1413
1779504384,R_75,28007.1157
1779504386,R_75,28007.0549
1779504388,R_75,27995.7257
1779504390,R_75,28000.5993
1779504392,R_75,27996.0934
1779504394,R_75,27993.0517
1779504396,R_75,27993.4582
1779504398,R_75,27989.0638
1779504400,R_75,27991.5293
1779504402,R_75,27989.7124
1779504404,R_75,27998.6953
1779504406,R_75,27990.0262
1779504408,R_75,27991.6146
1779504410,R_75,27984.3384
1779504412,R_75,27993.1547
1779504414,R_75,27989.7871
1779504416,R_75,27981.2218
1779504418,R_75,27980.6719
1779504420,R_75,27972.4509
1779504422,R_75,27973.9667
1779504424,R_75,27974.5625
1779504426,R_75,27972.1108
1779504428,R_75,27977.797
1779504430,R_75,27977.7278
1779504432,R_75,27973.1298
1779504434,R_75,27969.0593
1779504436,R_75,27958.3908
1779504438,R_75,27956.6516
1779504440,R_75,27945.6367
1779504442,R_75,27940.8918
1779504444,R_75,27944.6433
1779504446,R_75,27944.0571
1779504448,R_75,27940.3768
1779504450,R_75,27939.196
1779504452,R_75,27938.7636
1779504454,R_75,27935.7854
1779504456,R_75,27940.8119
1779504458,R_75,27948.1981
1779504460,R_75,27948.3025
1779504462,R_75,27943.2852
1779504464,R_75,27935.88
1779504466,R_75,27943.8868
1779504468,R_75,27939.6472
1779504470,R_75,27942.0189
1779504472,R_75,27939.7591
1779504474,R_75,27941.8639
1779504476,R_75,27941.2792
1779504478,R_75,27943.8529
1779504480,R_75,27956.3639
1779504482,R_75,27955.957
1779504484,R_75,27953.7755
1779504486,R_75,27953.5888
1779504488,R_75,27947.1913
1779504490,R_75,27938.6584
1779504492,R_75,27930.2416
1779504494,R_75,27923.7435
1779504496,R_75,27926.6567
1779504498,R_75,27923.4208
1779504500,R_75,27925.4549
1779504502,R_75,27928.3727
1779504504,R_75,27923.7208
1779504506,R_75,27930.7083
1779504508,R_75,27932.235
1779504510,R_75,27930.7867
1779504512,R_75,27935.6592
1779504514,R_75,27936.7623
1779504516,R_75,27933.8865
1779504518,R_75,27934.5683
1779504520,R_75,27932.6005
1779504522,R_75,27937.1044
1779504524,R_75,27938.2925
1779504526,R_75,27939.6175
1779504528,R_75,27937.2889
1779504530,R_75,27933.1955
1779504532,R_75,27938.0141
1779504534,R_75,27937.8923
1779504536,R_75,27933.0873
1779504538,R_75,27934.2054
1779504540,R_75,27937.6062
1779504542,R_75,27932.3681
1779504544,R_75,27941.3533
1779504546,R_75,27938.5158
1779504548,R_75,27938.2359
1779504550,R_75,27948.7239
1779504552,R_75,27940.0187
1779504554,R_75,27936.5986
1779504556,R_75,27946.7101
1779504558,R_75,27947.8134
1779504560,R_75,27948.8653
1779504562,R_75,27945.8035
1779504564,R_75,27943.0424
1779504566,R_75,27922.7345
1779504568,R_75,27932.2032
1779504570,R_75,27942.7408
1779504572,R_75,27938.4831
1779504574,R_75,27936.0941
1779504576,R_75,27926.8833
1779504578,R_75,27928.0997
1779504580,R_75,27924.0242
1779504582,R_75,27925.2969
1779504584,R_75,27917.4744
1779504586,R_75,27911.7269
1779504588,R_75,27914.9099
1779504590,R_75,27914.0946
1779504592,R_75,27912.5168
1779504594,R_75,27918.8292
1779504596,R_75,27923.6619
1779504598,R_75,27921.7285
1779504600,R_75,27917.7158
1779504602,R_75,27917.5763
1779504604,R_75,27911.2791
1779504606,R_75,27908.1129
1779504608,R_75,27908.7689
1779504610,R_75,27907.1193
1779504612,R_75,27906.0921
1779504614,R_75,27901.9722
1779504616,R_75,27898.2054
1779504618,R_75,27888.1648
1779504620,R_75,27890.802
1779504622,R_75,27894.6158
1779504624,R_75,27894.5152
1779504626,R_75,27887.0958
1779504628,R_75,27883.7191
1779504630,R_75,27883.8184
1779504632,R_75,27886.2537
1779504634,R_75,27889.8977
1779504636,R_75,27889.8978
1779504638,R_75,27892.9378
1779504640,R_75,27893.5745
1779504642,R_75,27901.6848
1779504644,R_75,27902.0475
1779504646,R_75,27903.2456
1779504648,R_75,27905.9526
1779504650,R_75,27908.6877
1779504652,R_75,27905.2963
1779504654,R_75,27906.3644
1779504656,R_75,27894.9153
1779504658,R_75,27904.9505
1779504660,R_75,27905.9521
1779504662,R_75,27908.0623
1779504664,R_75,27905.165
1779504666,R_75,27909.0264
1779504668,R_75,27902.5492
1779504670,R_75,27902.8314
1779504672,R_75,27887.1021
1779504674,R_75,27888.8776
1779504676,R_75,27897.1866
1779504678,R_75,27902.985
1779504680,R_75,27911.6201
1779504682,R_75,27912.2217
1779504684,R_75,27917.8425
1779504686,R_75,27923.8559
1779504688,R_75,27920.8485
1779504690,R_75,27928.4717
1779504692,R_75,27931.4874
1779504694,R_75,27931.2595
1779504696,R_75,27923.9735
1779504698,R_75,27914.7623
1779504700,R_75,27920.8394
1779504702,R_75,27917.0113
1779504704,R_75,27926.8971
1779504706,R_75,27924.7476
1779504708,R_75,27924.8721
1779504710,R_75,27927.094
1779504712,R_75,27924.989
1779504714,R_75,27916.9072
1779504716,R_75,27927.231
1779507980,R_75,27934.2081
1779507982,R_75,27932.1092
1779507984,R_75,27932.1126
1779507986,R_75,27939.0243
1779507988,R_75,27942.3626
1779507990,R_75,27939.1093
1779507992,R_75,27934.2528
1779507994,R_75,27934.9569
1779507996,R_75,27938.7503
1779507998,R_75,27934.782
1779508000,R_75,27944.3158
1779508002,R_75,27953.4197
1779508004,R_75,27953.1239
1779508006,R_75,27951.2292
1779508008,R_75,27953.3318
1779508010,R_75,27946.5145
1779508012,R_75,27950.3961
1779508014,R_75,27947.6762
1779508016,R_75,27945.584
1779508018,R_75,27943.1193
1779508020,R_75,27940.0099
1779508022,R_75,27936.2741
1779508024,R_75,27932.4528
1779508026,R_75,27925.4559
1779508028,R_75,27930.3644
1779508030,R_75,27926.354
1779508032,R_75,27926.89
1779508034,R_75,27923.3131
1779508036,R_75,27918.1709
1779508038,R_75,27917.5895
1779508040,R_75,27918.1628
1779508042,R_75,27913.5303
1779508044,R_75,27903.409
1779508046,R_75,27905.1379
1779508048,R_75,27900.7752
1779508050,R_75,27908.4317
1779508052,R_75,27899.0182
1779508054,R_75,27906.5157
1779508056,R_75,27905.5758
1779508058,R_75,27918.3612
1779508060,R_75,27921.3684
1779508062,R_75,27924.7147
1779508064,R_75,27930.528
1779508066,R_75,27928.4784
1779508068,R_75,27929.0097
1779508070,R_75,27937.1613
1779508072,R_75,27936.3924
1779508074,R_75,27929.6403
1779508076,R_75,27942.374
1779508078,R_75,27949.0762
1779508080,R_75,27943.9274
1779508082,R_75,27937.4227
1779508084,R_75,27942.6247
1779508086,R_75,27945.4037
1779508088,R_75,27951.0157
1779508090,R_75,27948.2943
1779508092,R_75,27949.3005
1779508094,R_75,27947.763
1779508096,R_75,27952.0432
1779508098,R_75,27943.1309
1779508100,R_75,27938.7815
1779508102,R_75,27943.9287
1779508104,R_75,27952.6297
1779508106,R_75,27957.1968
1779508108,R_75,27960.2253
1779508110,R_75,27960.2154
1779508112,R_75,27966.593
1779508114,R_75,27962.8106
1779508116,R_75,27971.917
1779508118,R_75,27970.9986
1779508120,R_75,27969.4773
1779508122,R_75,27975.2009
1779508124,R_75,27961.2814
1779508126,R_75,27967.8164
1779508128,R_75,27975.5135
1779508130,R_75,27964.5264
1779508132,R_75,27970.6288
1779508134,R_75,27962.8456
1779508136,R_75,27961.0283
1779508138,R_75,27955.0931
1779508140,R_75,27960.4384
1779508142,R_75,27958.3127
1779508144,R_75,27955.2927
1779508146,R_75,27948.299
1779508148,R_75,27942.4717
1779508150,R_75,27938.6578
1779508152,R_75,27934.7558
1779508154,R_75,27924.3724
1779508156,R_75,27917.2729
1779508158,R_75,27919.5245
1779508160,R_75,27914.7219
1779508162,R_75,27914.624
1779508164,R_75,27908.8393
1779508166,R_75,27900.4155
1779508168,R_75,27896.2235
1779508170,R_75,27893.8833
1779508172,R_75,27896.1259
1779508174,R_75,27900.6632
1779508176,R_75,27904.3475
1779508178,R_75,27915.814
1779508180,R_75,27915.4438
1779508182,R_75,27910.0042
1779508184,R_75,27909.0758
1779508186,R_75,27914.2979
1779508188,R_75,27911.8385
1779508190,R_75,27908.4301
1779508192,R_75,27916.54
1779508194,R_75,27918.4002
1779508196,R_75,27930.4822
1779508198,R_75,27925.8117
1779508200,R_75,27933.4094
1779508202,R_75,27927.5602
1779508204,R_75,27927.0387
1779508206,R_75,27929.6634
1779508208,R_75,27924.1862
1779508210,R_75,27922.4839
1779508212,R_75,27922.2985
1779508214,R_75,27926.4296
1779508216,R_75,27935.937
1779508218,R_75,27932.7215
1779508220,R_75,27934.4887
1779508222,R_75,27932.6228
1779508224,R_75,27940.0186
1779508226,R_75,27940.2501
1779508228,R_75,27933.9948
1779508230,R_75,27938.5562
1779508232,R_75,27941.7587
1779508234,R_75,27950.5404
1779508236,R_75,27951.0015
1779508238,R_75,27939.8907
1779508240,R_75,27941.9216
1779508242,R_75,27955.0447
1779508244,R_75,27951.7997
1779508246,R_75,27954.3418
1779508248,R_75,27957.0252
1779508250,R_75,27959.19
1779508252,R_75,27960.3689
1779508254,R_75,27958.2932
1779508256,R_75,27959.8291
1779508258,R_75,27956.171
1779508260,R_75,27948.4595
1779508262,R_75,27948.9415
1779508264,R_75,27947.5642
1779508266,R_75,27958.4859
1779508268,R_75,27960.775
1779508270,R_75,27960.6127
1779508272,R_75,27963.2516
1779508274,R_75,27960.6729
1779508276,R_75,27968.9549
1779508278,R_75,27966.4394
1779508280,R_75,27962.6416
1779508282,R_75,27961.6354
1779508284,R_75,27970.4473
1779508286,R_75,27975.5652
1779508288,R_75,27985.5726
1779508290,R_75,27989.4361
1779508292,R_75,27994.5196
1779508294,R_75,27985.8606
1779508296,R_75,27996.4656
1779508298,R_75,28008.037
1779508300,R_75,28008.3026
1779508302,R_75,28008.6975
1779508304,R_75,28009.4217
1779508306,R_75,28005.3168
1779508308,R_75,27995.6138
1779508310,R_75,27994.7921
1779508312,R_75,27996.9575
1779508314,R_75,28003.3776
1779508316,R_75,28005.0271
1779508318,R_75,28007.1308
1779508320,R_75,28011.5626
1779508322,R_75,28014.9866
1779508324,R_75,28017.7478
1779508326,R_75,28014.8279
1779508328,R_75,28013.2888
1779508330,R_75,28016.4973
1779508332,R_75,28018.1914
1779508334,R_75,28021.944
1779508336,R_75,28016.8783
1779508338,R_75,28022.1945
1779508340,R_75,28027.596
1779508342,R_75,28024.8514
1779508344,R_75,28022.6554
1779508346,R_75,28018.9204
1779508348,R_75,28019.7924
1779508350,R_75,28026.6719
1779508352,R_75,28013.7242
1779508354,R_75,28008.9888
1779508356,R_75,28016.8577
1779508358,R_75,28008.8724
1779508360,R_75,28000.8027
1779508362,R_75,27998.7935
1779508364,R_75,27999.4091
1779508366,R_75,27999.2853
1779508368,R_75,27994.977
1779508370,R_75,27991.6733
1779508372,R_75,27993.0022
1779508374,R_75,27989.9595
1779508376,R_75,27993.2214
1779508378,R_75,27993.8102
1779508380,R_75,27989.4129
1779508382,R_75,27998.2559
1779508384,R_75,27998.6664
1779508386,R_75,27991.9282
1779508388,R_75,27992.8231
1779508390,R_75,27993.4248
1779508392,R_75,27994.6722
1779508394,R_75,27998.7081
1779508396,R_75,27996.7824
1779508398,R_75,27991.7568
1779508400,R_75,27993.7705
1779508402,R_75,27990.9074
1779508404,R_75,27976.799
1779508406,R_75,27980.2833
1779508408,R_75,27989.9174
1779508410,R_75,27994.8453
1779508412,R_75,27986.5748
1779508414,R_75,27992.4122
1779508416,R_75,27990.0571
1779508418,R_75,27984.5044
1779508420,R_75,27979.7073
1779508422,R_75,27971.6668
1779508424,R_75,27972.4106
1779508426,R_75,27977.7841
1779508428,R_75,27985.965
1779508430,R_75,27981.4919
1779508432,R_75,27986.2565
1779508434,R_75,27969.3177
1779508436,R_75,27967.671
1779508438,R_75,27979.3205
1779508440,R_75,27971.1255
1779508442,R_75,27971.2011
1779508444,R_75,27973.9627
1779508446,R_75,27977.1273
1779508448,R_75,27985.3139
1779508450,R_75,27975.3133
1779508452,R_75,27974.0942
1779508454,R_75,27975.5375
1779508456,R_75,27968.8018
1779508458,R_75,27965.805
1779508460,R_75,27957.0388
1779508462,R_75,27951.2806
1779508464,R_75,27963.1092
1779508466,R_75,27963.8292
1779508468,R_75,27962.6184
1779508470,R_75,27957.677
1779508472,R_75,27960.4065
1779508474,R_75,27961.537
1779508476,R_75,27973.0595
1779508478,R_75,27968.3228
1779508480,R_75,27972.7135
1779508482,R_75,27975.6782
1779508484,R_75,27964.5959
1779508486,R_75,27952.5712
1779508488,R_75,27951.0922
1779508490,R_75,27947.5298
1779508492,R_75,27952.0394
1779508494,R_75,27959.6514
1779508496,R_75,27948.9897
1779508498,R_75,27949.1262
1779508500,R_75,27960.3856
1779508502,R_75,27968.2701
1779508504,R_75,27960.2293
1779508506,R_75,27957.611
1779508508,R_75,27954.1887
1779508510,R_75,27951.5156
1779508512,R_75,27952.053
1779508514,R_75,27946.8902
1779508516,R_75,27942.4335
1779508518,R_75,27935.8866
1779508520,R_75,27932.3212
1779508522,R_75,27929.7204
1779508524,R_75,27925.8082
1779508526,R_75,27928.2976
1779508528,R_75,27929.7421
1779508530,R_75,27927.8299
1779508532,R_75,27918.9393
1779508534,R_75,27920.2221
1779508536,R_75,27929.4234
1779508538,R_75,27922.1527
1779508540,R_75,27918.5127
1779508542,R_75,27920.9258
1779508544,R_75,27924.6685
1779508546,R_75,27919.6271
1779508548,R_75,27924.8704
1779508550,R_75,27927.7085
1779508552,R_75,27929.3458
1779508554,R_75,27923.6617
1779508556,R_75,27928.2969
1779508558,R_75,27932.7369
1779508560,R_75,27926.0931
1779508562,R_75,27930.8688
1779508564,R_75,27929.8794
1779508566,R_75,27931.327
1779508568,R_75,27929.6291
1779508570,R_75,27928.5348
1779508572,R_75,27930.9381
1779508574,R_75,27929.3594
1779508576,R_75,27937.2438
1779508578,R_75,27941.6651
1779508580,R_75,27954.6613
1779508582,R_75,27949.0407
1779508584,R_75,27951.8899
1779508586,R_75,27950.8659
1779508588,R_75,27952.6566
1779508590,R_75,27951.2004
1779508592,R_75,27954.4562
1779508594,R_75,27958.7839
1779508596,R_75,27961.3218
1779508598,R_75,27964.6481
1779508600,R_75,27970.9487
1779508602,R_75,27970.3145
1779508604,R_75,27971.8442
1779508606,R_75,27971.6593
1779508608,R_75,27963.5433
1779508610,R_75,27973.9143
1779508612,R_75,27979.3903
1779508614,R_75,27994.8581
1779508616,R_75,28002.9001
1779508618,R_75,28004.5275
1779508620,R_75,28011.8182
1779508622,R_75,28019.3335
1779508624,R_75,28018.7539
1779508626,R_75,28022.1879
1779508628,R_75,28015.3047
1779508630,R_75,28011.1805
1779508632,R_75,28010.892
1779508634,R_75,28008.0284
1779508636,R_75,28007.4387
1779508638,R_75,27999.6404
1779508640,R_75,27994.514
1779508642,R_75,27991.4915
1779508644,R_75,27992.5654
1779508646,R_75,27996.3592
1779508648,R_75,28008.4218
1779508650,R_75,28007.399
1779508652,R_75,28001.8688
1779508654,R_75,28008.32
1779508656,R_75,28010.373
1779508658,R_75,28015.3991
1779508660,R_75,28018.3368
1779508662,R_75,28019.9362
1779508664,R_75,28010.7379
1779508666,R_75,28013.1041
1779508668,R_75,28018.3848
1779508670,R_75,28022.9264
1779508672,R_75,28022.8285
1779508674,R_75,28020.1551
1779508676,R_75,28018.1138
1779508678,R_75,28016.9979
1779508680,R_75,28010.5571
1779508682,R_75,28002.9748
1779508684,R_75,28004.0129
1779508686,R_75,27997.5313
1779508688,R_75,28003.0258
1779508690,R_75,27994.632
1779508692,R_75,27986.3634
1779508694,R_75,27982.5772
1779508696,R_75,27980.2129
1779508698,R_75,27989.6698
1779508700,R_75,27983.022
1779508702,R_75,27987.7058
1779508704,R_75,27986.1521
1779508706,R_75,27989.2183
1779508708,R_75,27985.0921
1779508710,R_75,27993.8122
1779508712,R_75,27985.7756
1779508714,R_75,27980.0977
1779508716,R_75,27966.7864
1779508718,R_75,27970.9239
1779508720,R_75,27967.4294
1779508722,R_75,27964.014
1779508724,R_75,27949.0533
1779508726,R_75,27955.8897
1779508728,R_75,27964.0986
1779508730,R_75,27969.4277
1779508732,R_75,27962.7534
1779508734,R_75,27966.9135
1779508736,R_75,27969.3037
1779508738,R_75,27964.9036
1779508740,R_75,27959.7968
1779508742,R_75,27961.8629
1779508744,R_75,27961.0455
1779508746,R_75,27956.6021
1779508748,R_75,27962.7478
1779508750,R_75,27956.3037
1779508752,R_75,27950.0123
1779508754,R_75,27950.5693
1779508756,R_75,27953.5574
1779508758,R_75,27950.9139
1779508760,R_75,27945.6874
1779508762,R_75,27949.6793
1779508764,R_75,27956.9539
1779508766,R_75,27965.1306
1779508768,R_75,27969.3336
1779508770,R_75,27966.2605
1779508772,R_75,27966.739
1779508774,R_75,27962.8567
1779508776,R_75,27963.7963
1779508778,R_75,27968.0942
1779508780,R_75,27969.3483
1779508782,R_75,27967.6211
1779508784,R_75,27964.6325
1779508786,R_75,27978.8538
1779508788,R_75,27980.6988
1779508790,R_75,27983.4831
1779508792,R_75,27983.5409
1779508794,R_75,27991.2487
1779508796,R_75,27988.4317
1779508798,R_75,27990.7341
1779508800,R_75,27999.1885
1779508802,R_75,28002.2219
1779508804,R_75,28005.9481
1779508806,R_75,28003.4422
1779508808,R_75,28010.0341
1779508810,R_75,28010.7201
1779508812,R_75,28011.5148
1779508814,R_75,28011.868
1779508816,R_75,28015.8291
1779508818,R_75,28019.4799
1779508820,R_75,28015.997
1779508822,R_75,28019.3329
1779508824,R_75,28019.4918
1779508826,R_75,28020.795
1779508828,R_75,28025.7085
1779508830,R_75,28033.101
1779508832,R_75,28030.3906
1779508834,R_75,28027.7651
1779508836,R_75,28021.4192
1779508838,R_75,28018.4769
1779508840,R_75,28005.9996
1779508842,R_75,28000.155
1779508844,R_75,27998.1101
1779508846,R_75,28003.9109
1779508848,R_75,28013.141
1779508850,R_75,28019.6035
1779508852,R_75,28022.6483
1779508854,R_75,28020.3431
1779508856,R_75,28019.259
1779508858,R_75,28024.3158
1779508860,R_75,28025.8035
1779508862,R_75,28031.7671
1779508864,R_75,28025.0139
1779508866,R_75,28024.089
1779508868,R_75,28018.0891
1779508870,R_75,28017.7266
1779508872,R_75,28012.8899
1779508874,R_75,28009.447
1779508876,R_75,28009.0739
1779508878,R_75,28013.9595
1779508880,R_75,28013.9465
1779508882,R_75,28023.053
1779508884,R_75,28019.3971
1779508886,R_75,28011.9534
1779508888,R_75,28013.8562
1779508890,R_75,28020.4044
1779508892,R_75,28019.453
1779508894,R_75,28020.6524
1779508896,R_75,28025.8486
1779508898,R_75,28031.1844
1779508900,R_75,28034.548
1779508902,R_75,28032.1854
1779508904,R_75,28032.5641
1779508906,R_75,28038.4893
1779508908,R_75,28040.5038
1779508910,R_75,28044.2567
1779508912,R_75,28048.4182
1779508914,R_75,28047.618
1779508916,R_75,28049.203
1779508918,R_75,28055.8949
1779508920,R_75,28057.1034
1779508922,R_75,28059.0348
1779508924,R_75,28059.5541
1779508926,R_75,28063.0324
1779508928,R_75,28061.4177
1779508930,R_75,28051.2116
1779508932,R_75,28044.1417
1779508934,R_75,28043.0667
1779508936,R_75,28041.1108
1779508938,R_75,28034.1995
1779508940,R_75,28031.99
1779508942,R_75,28034.1419
1779508944,R_75,28036.0548
1779508946,R_75,28038.5393
1779508948,R_75,28045.7924
1779508950,R_75,28044.982
1779508952,R_75,28048.6253
1779508954,R_75,28050.8713
1779508956,R_75,28047.2289
1779508958,R_75,28041.714
1779508960,R_75,28041.9006
1779508962,R_75,28041.2438
1779508964,R_75,28043.261
1779508966,R_75,28037.4984
1779508968,R_75,28043.7985
1779508970,R_75,28037.3727
1779508972,R_75,28047.2899
1779508974,R_75,28049.7779
1779508976,R_75,28036.8628
1779508978,R_75,28023.0803
1779508980,R_75,28027.2628
1779508982,R_75,28027.0611
1779508984,R_75,28021.8059
1779508986,R_75,28012.1938
1779508988,R_75,28016.1632
1779508990,R_75,28005.9256
1779508992,R_75,28005.6926
1779508994,R_75,28008.8684
1779508996,R_75,27999.928
1779508998,R_75,27995.757
1779509000,R_75,27986.4017
1779509002,R_75,27993.2836
1779509004,R_75,27994.0467
1779509006,R_75,27993.142
1779509008,R_75,27994.9482
1779509010,R_75,27991.9667
1779509012,R_75,27996.2654
1779509014,R_75,28003.3992
1779509016,R_75,28003.2906
1779509018,R_75,28002.5978
1779509020,R_75,27997.2625
1779509022,R_75,27999.5888
1779509024,R_75,28006.3792
1779509026,R_75,28000.7027
1779509028,R_75,27997.4678
1779509030,R_75,27999.1852
1779509032,R_75,27995.7229
1779509034,R_75,28002.2869
1779509036,R_75,28000.1127
1779509038,R_75,27994.355
1779509040,R_75,27990.3319
1779509042,R_75,27989.7947
1779509044,R_75,27985.7292
1779509046,R_75,27981.2258
1779509048,R_75,27983.2123
1779509050,R_75,27974.1168
1779509052,R_75,27974.8953
1779509054,R_75,27990.6886
1779509056,R_75,27998.2886
1779509058,R_75,27993.7365
1779509060,R_75,27986.6599
1779509062,R_75,27998.679
1779509064,R_75,27982.8309
1779509066,R_75,27989.3889
1779509068,R_75,27982.5995
1779509070,R_75,27985.4062
1779509072,R_75,27990.8577
1779509074,R_75,27992.8687
1779509076,R_75,27991.1301
1779509078,R_75,27988.9866
1779509080,R_75,27992.7312
1779509082,R_75,27991.4675
1779509084,R_75,27987.2725
1779509086,R_75,27993.9323
1779509088,R_75,27989.3105
1779509090,R_75,27991.5762
1779509092,R_75,27993.8847
1779509094,R_75,27998.6923
1779509096,R_75,27997.3359
1779509098,R_75,27998.1091
1779509100,R_75,27995.8062
1779509102,R_75,28001.125
1779509104,R_75,27997.5932
1779509106,R_75,27992.978
1779509108,R_75,27996.0531
1779509110,R_75,27997.2281
1779509112,R_75,27999.851
1779509114,R_75,28004.0298
1779509116,R_75,28002.0354
1779509118,R_75,27997.5328
1779509120,R_75,27990.9831
1779509122,R_75,27987.113
1779509124,R_75,27991.1458
1779509126,R_75,27998.3612
1779509128,R_75,27994.5575
1779509130,R_75,27987.4724
1779509132,R_75,27985.9472
1779509134,R_75,27981.8546
1779509136,R_75,27973.1444
1779509138,R_75,27969.7573
1779509140,R_75,27969.6982
1779509142,R_75,27965.0152
1779509144,R_75,27959.3572
1779509146,R_75,27963.4914
1779509148,R_75,27958.7002
1779509150,R_75,27964.0609
1779509152,R_75,27963.5765
1779509154,R_75,27973.007
1779509156,R_75,27971.0306
1779509158,R_75,27974.6542
1779509160,R_75,27974.3358
1779509162,R_75,27975.1339
1779509164,R_75,27976.9154
1779509166,R_75,27976.271
1779509168,R_75,27986.6779
1779509170,R_75,27982.8546
1779509172,R_75,27982.8839
1779509174,R_75,27974.2518
1779509176,R_75,27972.4357
1779509178,R_75,27977.597
1779509180,R_75,27976.5864
1779509182,R_75,27975.807
1779509184,R_75,27974.7594
1779509186,R_75,27972.3182
1779509188,R_75,27977.4052
1779509190,R_75,27971.449
1779509192,R_75,27965.904
1779509194,R_75,27969.8943
1779509196,R_75,27973.7799
1779509198,R_75,27966.8732
1779509200,R_75,27970.9277
1779509202,R_75,27980.6918
1779509204,R_75,27984.7628
1779509206,R_75,27985.2216
1779509208,R_75,27993.5856
1779509210,R_75,27996.1532
1779509212,R_75,27989.963
1779509214,R_75,28001.8439
1779509216,R_75,28012.9033
1779509218,R_75,28018.0696
1779509220,R_75,28013.9619
1779509222,R_75,28023.5366
1779509224,R_75,28034.3803
1779509226,R_75,28028.2952
1779509228,R_75,28032.0157
1779509230,R_75,28034.2259
1779509232,R_75,28026.2859
1779509234,R_75,28032.3191
1779509236,R_75,28030.6895
1779509238,R_75,28031.3058
1779509240,R_75,28034.6589
1779509242,R_75,28039.5816
1779509244,R_75,28032.2029
1779509246,R_75,28034.8836
1779509248,R_75,28033.8666
1779509250,R_75,28031.6782
1779509252,R_75,28029.636
1779509254,R_75,28029.9008
1779509256,R_75,28024.8186
1779509258,R_75,28019.6572
1779509260,R_75,28023.1884
1779509262,R_75,28017.9814
1779509264,R_75,28008.729
1779509266,R_75,28014.2323
1779509268,R_75,28018.2776
1779509270,R_75,28028.0817
1779509272,R_75,28035.9974
1779509274,R_75,28037.3813
1779509276,R_75,28029.5791
1779509278,R_75,28024.8539
1779509280,R_75,28023.9888
1779509282,R_75,28030.8699
1779509284,R_75,28028.7601
1779509286,R_75,28017.2177
1779509288,R_75,28008.1855
1779509290,R_75,28007.5866
1779509292,R_75,28015.8275
1779509294,R_75,28012.1614
1779509296,R_75,28002.2655
1779509298,R_75,27996.5739
1779509300,R_75,27998.6342
1779509302,R_75,28003.0634
1779509304,R_75,27998.7562
1779509306,R_75,27999.0631
1779509308,R_75,27996.9681
1779509310,R_75,27992.9801
1779509312,R_75,27997.6112
1779509314,R_75,28001.1054
1779509316,R_75,27993.3208
1779509318,R_75,27988.4561
1779509320,R_75,27990.2411
1779509322,R_75,27990.8691
1779509324,R_75,27984.8716
1779509326,R_75,27985.7789
1779509328,R_75,27987.6563
1779509330,R_75,27978.799
1779509332,R_75,27971.0636
1779509334,R_75,27967.1005
1779509336,R_75,27964.8511
1779509338,R_75,27973.7639
1779509340,R_75,27970.1597
1779509342,R_75,27975.0996
1779509344,R_75,27964.8679
1779509346,R_75,27964.9054
1779509348,R_75,27972.0978
1779509350,R_75,27976.0649
1779509352,R_75,27986.7443
1779509354,R_75,27987.1755
1779509356,R_75,27980.5241
1779509358,R_75,27977.9042
1779509360,R_75,27970.7786
1779509362,R_75,27972.087
1779509364,R_75,27984.431
1779509366,R_75,27989.0481
1779509368,R_75,27995.2878
1779509370,R_75,27988.2389
1779509372,R_75,27979.1519
1779509374,R_75,27969.8646
1779509376,R_75,27971.5145
1779509378,R_75,27975.7451
1779509380,R_75,27974.1132
1779509382,R_75,27976.0896
1779509384,R_75,27976.9728
1779509386,R_75,27968.3944
1779509388,R_75,27973.1516
1779509390,R_75,27978.9171
1779509392,R_75,27975.426
1779509394,R_75,27983.5151
1779509396,R_75,27979.9358
1779509398,R_75,27979.8617
1779509400,R_75,27983.9929
1779509402,R_75,27984.117
1779509404,R_75,27981.8758
1779509406,R_75,27983.3283
1779509408,R_75,27987.2393
1779509410,R_75,27980.154
1779509412,R_75,27979.5872
1779509414,R_75,27977.3722
1779509416,R_75,27972.0722
1779509418,R_75,27974.5867
1779509420,R_75,27973.7817
1779509422,R_75,27973.0923
1779509424,R_75,27978.4916
1779509426,R_75,27973.1956
1779509428,R_75,27972.2765
1779509430,R_75,27968.5397
1779509432,R_75,27969.0081
1779509434,R_75,27972.6548
1779509436,R_75,27969.5295
1779509438,R_75,27958.787
1779509440,R_75,27962.8242
1779509442,R_75,27965.6301
1779509444,R_75,27952.2774
1779509446,R_75,27941.0108
1779509448,R_75,27940.0323
1779509450,R_75,27943.6782
1779509452,R_75,27947.8357
1779509454,R_75,27948.3342
1779509456,R_75,27950.4116
1779509458,R_75,27946.6675
1779509460,R_75,27948.4366
1779509462,R_75,27940.1893
1779509464,R_75,27942.1045
1779509466,R_75,27932.9681
1779509468,R_75,27930.5688
1779509470,R_75,27928.6426
1779509472,R_75,27933.4931
1779509474,R_75,27934.787
1779509476,R_75,27929.2434
1779509478,R_75,27936.387
1779509480,R_75,27931.8232
1779509482,R_75,27928.3794
1779509484,R_75,27933.0765
1779509486,R_75,27929.0722
1779509488,R_75,27926.1886
1779509490,R_75,27922.5508
1779509492,R_75,27914.6231
1779509494,R_75,27899.7598
1779509496,R_75,27901.6049
1779509498,R_75,27907.6023
1779509500,R_75,27905.7114
1779509502,R_75,27901.0817
1779509504,R_75,27902.4603
1779509506,R_75,27897.9747
1779509508,R_75,27898.9221
1779509510,R_75,27899.9652
1779509512,R_75,27909.162
1779509514,R_75,27901.4542
1779509516,R_75,27898.4583
1779509518,R_75,27893.1808
1779509520,R_75,27899.4481
1779509522,R_75,27913.219
1779509524,R_75,27914.79
1779509526,R_75,27910.3004
1779509528,R_75,27911.2215
1779509530,R_75,27907.7743
1779509532,R_75,27911.2852
1779509534,R_75,27911.4852
1779509536,R_75,27911.5733
1779509538,R_75,27911.6416
1779509540,R_75,27907.4602
1779509542,R_75,27908.584
1779509544,R_75,27908.7966
1779509546,R_75,27902.3534
1779509548,R_75,27899.9738
1779509550,R_75,27902.1662
1779509552,R_75,27905.9948
1779509554,R_75,27904.0456
1779509556,R_75,27895.204
1779509558,R_75,27893.1771
1779509560,R_75,27891.1949
1779509562,R_75,27890.7646
1779509564,R_75,27881.8115
1779509566,R_75,27878.3744
1779509568,R_75,27879.0599
1779509570,R_75,27886.9355
1779509572,R_75,27885.7125
1779509574,R_75,27874.4179
1779509576,R_75,27868.0716
1779509578,R_75,27863.5475
1779509580,R_75,27857.8743
1779509582,R_75,27858.7724
1779509584,R_75,27868.1994
1779509586,R_75,27858.2768
1779509588,R_75,27857.1597
1779509590,R_75,27854.5805
1779509592,R_75,27855.5478
1779509594,R_75,27870.836
1779509596,R_75,27877.2428
1779509598,R_75,27875.9992
1779509600,R_75,27874.942
1779509602,R_75,27862.6606
1779509604,R_75,27861.9998
1779509606,R_75,27863.3339
1779509608,R_75,27852.6218
1779509610,R_75,27851.0518
1779509612,R_75,27846.1669
1779509614,R_75,27846.1926
1779509616,R_75,27842.6399
1779509618,R_75,27845.0598
1779509620,R_75,27851.5846
1779509622,R_75,27847.573
1779509624,R_75,27849.9828
1779509626,R_75,27837.9669
1779509628,R_75,27835.5435
1779509630,R_75,27839.3069
1779509632,R_75,27839.368
1779509634,R_75,27841.9643
1779509636,R_75,27834.6226
1779509638,R_75,27830.6199
1779509640,R_75,27825.1847
1779509642,R_75,27823.6723
1779509644,R_75,27829.3417
1779509646,R_75,27824.5998
1779509648,R_75,27823.3227
1779509650,R_75,27819.1269
1779509652,R_75,27825.5869
1779509654,R_75,27823.828
1779509656,R_75,27828.2473
1779509658,R_75,27831.9271
1779509660,R_75,27829.3202
1779509662,R_75,27832.6522
1779509664,R_75,27831.6369
1779509666,R_75,27837.8885
1779509668,R_75,27833.1719
1779509670,R_75,27838.1761
1779509672,R_75,27831.6992
1779509674,R_75,27827.1389
1779509676,R_75,27818.0368
1779509678,R_75,27809.3399
1779509680,R_75,27804.3224
1779509682,R_75,27801.3673
1779509684,R_75,27800.2312
1779509686,R_75,27800.3435
1779509688,R_75,27797.6802
1779509690,R_75,27795.9064
1779509692,R_75,27790.5053
1779509694,R_75,27785.9668
1779509696,R_75,27783.0104
1779509698,R_75,27784.7814
1779509700,R_75,27782.1618
1779509702,R_75,27784.6189
1779509704,R_75,27791.1813
1779509706,R_75,27796.8948
1779509708,R_75,27798.5541
1779509710,R_75,27798.8761
1779509712,R_75,27805.3509
1779509714,R_75,27810.2358
1779509716,R_75,27807.5995
1779509718,R_75,27802.2176
1779509720,R_75,27803.9636
1779509722,R_75,27791.7206
1779509724,R_75,27787.6258
1779509726,R_75,27778.3685
1779509728,R_75,27769.2684
1779509730,R_75,27770.3087
1779509732,R_75,27778.5564
1779509734,R_75,27773.9625
1779509736,R_75,27763.7163
1779509738,R_75,27754.2734
1779509740,R_75,27754.3795
1779509742,R_75,27750.8984
1779509744,R_75,27749.4788
1779509746,R_75,27750.2361
1779509748,R_75,27755.2524
1779509750,R_75,27753.3069
1779509752,R_75,27746.6708
1779509754,R_75,27746.7878
1779509756,R_75,27741.3465
1779509758,R_75,27749.2832
1779509760,R_75,27754.358
1779509762,R_75,27765.7874
1779509764,R_75,27751.9899
1779509766,R_75,27744.0191
1779509768,R_75,27748.7343
1779509770,R_75,27748.6795
1779509772,R_75,27748.1288
1779509774,R_75,27748.321
1779509776,R_75,27749.8977
1779509778,R_75,27749.0252
1779509780,R_75,27741.7592
1779509782,R_75,27740.9805
1779509784,R_75,27737.0917
1779509786,R_75,27740.7233
1779509788,R_75,27737.5634
1779509790,R_75,27734.8233
1779509792,R_75,27737.0049
1779509794,R_75,27744.2459
1779509796,R_75,27747.9678
1779509798,R_75,27744.8941
1779509800,R_75,27750.9778
1779509802,R_75,27754.9554
1779509804,R_75,27756.6557
1779509806,R_75,27763.7907
1779509808,R_75,27764.741
1779509810,R_75,27772.988
1779509812,R_75,27770.5054
1779509814,R_75,27765.4587
1779509816,R_75,27761.8359
1779509818,R_75,27771.9425
1779509820,R_75,27767.1114
1779509822,R_75,27764.4978
1779509824,R_75,27762.0866
1779509826,R_75,27761.8867
1779509828,R_75,27766.061
1779509830,R_75,27774.4457
1779509832,R_75,27773.5023
1779509834,R_75,27768.5731
1779509836,R_75,27775.7219
1779509838,R_75,27782.6094
1779509840,R_75,27784.0043
1779509842,R_75,27784.0995
1779509844,R_75,27798.1377
1779509846,R_75,27801.6457
1779509848,R_75,27802.0684
1779509850,R_75,27809.1632
1779509852,R_75,27807.4454
1779509854,R_75,27805.461
1779509856,R_75,27812.5809
1779509858,R_75,27811.3073
1779509860,R_75,27809.1637
1779509862,R_75,27798.3841
1779509864,R_75,27806.1402
1779509866,R_75,27813.1793
1779509868,R_75,27810.0094
1779509870,R_75,27810.6337
1779509872,R_75,27815.5715
1779509874,R_75,27806.086
1779509876,R_75,27810.4828
1779509878,R_75,27812.2901
1779509880,R_75,27814.5694
1779509882,R_75,27820.5743
1779509884,R_75,27818.9091
1779509886,R_75,27817.4128
1779509888,R_75,27813.8053
1779509890,R_75,27813.3918
1779509892,R_75,27811.9321
1779509894,R_75,27809.1328
1779509896,R_75,27806.9192
1779509898,R_75,27813.2764
1779509900,R_75,27806.8077
1779509902,R_75,27801.2056
1779509904,R_75,27799.9425
1779509906,R_75,27804.7753
1779509908,R_75,27796.5878
1779509910,R_75,27800.3341
1779509912,R_75,27796.5433
1779509914,R_75,27796.6932
1779509916,R_75,27787.0546
1779509918,R_75,27788.172
1779509920,R_75,27789.3286
1779509922,R_75,27793.7369
1779509924,R_75,27797.5148
1779509926,R_75,27802.8646
1779509928,R_75,27801.2339
1779509930,R_75,27794.3775
1779509932,R_75,27796.3985
1779509934,R_75,27795.2165
1779509936,R_75,27796.0589
1779509938,R_75,27799.1251
1779509940,R_75,27798.0546
1779509942,R_75,27800.4455
1779509944,R_75,27805.831
1779509946,R_75,27809.1011
1779509948,R_75,27808.7897
1779509950,R_75,27812.5085
1779509952,R_75,27809.703
1779509954,R_75,27807.0746
1779509956,R_75,27815.4716
1779509958,R_75,27802.7013
1779509960,R_75,27808.3675
1779509962,R_75,27817.5121
1779509964,R_75,27819.5599
1779509966,R_75,27816.036
1779509968,R_75,27822.8252
1779509970,R_75,27828.8049
1779509972,R_75,27829.0505
1779509974,R_75,27828.4475
1779509976,R_75,27829.7412
1779509978,R_75,27825.566
1779509980,R_75,27832.1356
1779509982,R_75,27838.2922
1779509984,R_75,27841.3534
1779509986,R_75,27838.4417
1779509988,R_75,27837.9101
1779509990,R_75,27833.25
1779509992,R_75,27837.7221
1779509994,R_75,27843.6043
1779509996,R_75,27836.6658
1779509998,R_75,27840.2601
1779510000,R_75,27850.5512
1779510002,R_75,27851.5131
1779510004,R_75,27849.8063
1779510006,R_75,27853.5562
1779510008,R_75,27850.4314
1779510010,R_75,27854.8541
1779510012,R_75,27852.5287
1779510014,R_75,27845.6619
1779510016,R_75,27850.7262
1779510018,R_75,27865.1713
1779510020,R_75,27862.3473
1779510022,R_75,27865.4733
1779510024,R_75,27859.4818
1779510026,R_75,27859.5728
1779510028,R_75,27859.0178
1779510030,R_75,27855.4525
1779510032,R_75,27871.3007
1779510034,R_75,27871.0143
1779510036,R_75,27869.6981
1779510038,R_75,27868.5003
1779510040,R_75,27860.57
1779510042,R_75,27857.7451
1779510044,R_75,27857.7097
1779510046,R_75,27863.8364
1779510048,R_75,27873.7988
1779510050,R_75,27873.7948
1779510052,R_75,27870.141
1779510054,R_75,27871.7977
1779510056,R_75,27864.257
1779510058,R_75,27864.6286
1779510060,R_75,27879.6743
1779510062,R_75,27865.2808
1779510064,R_75,27870.3929
1779510066,R_75,27861.2438
1779510068,R_75,27861.8889
1779510070,R_75,27857.1126
1779510072,R_75,27856.3833
1779510074,R_75,27854.3401
1779510076,R_75,27860.7844
1779510078,R_75,27865.8202
1779510080,R_75,27871.4958
1779510082,R_75,27874.9969
1779510084,R_75,27873.2318
1779510086,R_75,27875.1624
1779510088,R_75,27872.4631
1779510090,R_75,27870.3639
1779510092,R_75,27873.1505
1779510094,R_75,27864.8319
1779510096,R_75,27860.6776
1779510098,R_75,27852.8783
1779510100,R_75,27851.8335
1779510102,R_75,27849.0603
1779510104,R_75,27852.5857
1779510106,R_75,27856.9647
1779510108,R_75,27856.5704
1779510110,R_75,27859.5993
1779510112,R_75,27869.3372
1779510114,R_75,27866.85
1779510116,R_75,27873.1462
1779510118,R_75,27877.8074
1779510120,R_75,27886.2474
1779510122,R_75,27885.4572
1779510124,R_75,27881.6378
1779510126,R_75,27873.3998
1779510128,R_75,27873.6868
1779510130,R_75,27869.5411
1779510132,R_75,27860.6104
1779510134,R_75,27859.8478
1779510136,R_75,27855.0953
1779510138,R_75,27853.0661
1779510140,R_75,27851.8631
1779510142,R_75,27848.3254
1779510144,R_75,27839.0776
1779510146,R_75,27834.2976
1779510148,R_75,27839.5329
1779510150,R_75,27832.3662
1779510152,R_75,27831.5797
1779510154,R_75,27834.4226
1779510156,R_75,27827.3416
1779510158,R_75,27820.0665
1779510160,R_75,27813.2452
1779510162,R_75,27810.8915
1779510164,R_75,27810.7866
1779510166,R_75,27804.259
1779510168,R_75,27803.574
1779510170,R_75,27804.7371
1779510172,R_75,27805.1158
1779510174,R_75,27798.0041
1779510176,R_75,27797.0784
1779510178,R_75,27802.1411
1779510180,R_75,27799.555
1779510182,R_75,27801.7984
1779510184,R_75,27800.7224
1779510186,R_75,27795.6538
1779510188,R_75,27792.3667
1779510190,R_75,27789.6107
1779510192,R_75,27787.5123
1779510194,R_75,27782.2384
1779510196,R_75,27775.9218
1779510198,R_75,27777.9331
1779510200,R_75,27787.3204
1779510202,R_75,27793.6067
1779510204,R_75,27795.3343
1779510206,R_75,27793.797
1779510208,R_75,27796.5178
1779510210,R_75,27803.5037
1779510212,R_75,27800.6515
1779510214,R_75,27798.4161
1779510216,R_75,27801.7555
1779510218,R_75,27802.8114
1779510220,R_75,27804.4157
1779510222,R_75,27799.9538
1779510224,R_75,27798.189
1779510226,R_75,27793.0027
1779510228,R_75,27803.5094
1779510230,R_75,27801.5517
1779510232,R_75,27807.8999
1779510234,R_75,27812.8104
1779510236,R_75,27813.0869
1779510238,R_75,27807.8134
1779510240,R_75,27813.2359
1779510242,R_75,27812.0743
1779510244,R_75,27809.2617
1779510246,R_75,27811.7811
1779510248,R_75,27795.5784
1779510250,R_75,27797.688
1779510252,R_75,27803.4133
1779510254,R_75,27796.4373
1779510256,R_75,27793.6399
1779510258,R_75,27790.4177
1779510260,R_75,27788.6312
1779510262,R_75,27783.2063
1779510264,R_75,27783.1848
1779510266,R_75,27785.9699
1779510268,R_75,27786.5365
1779510270,R_75,27793.4039
1779510272,R_75,27790.8365
1779510274,R_75,27788.8103
1779510276,R_75,27790.6737
1779510278,R_75,27794.175
1779510280,R_75,27802.2545
1779510282,R_75,27805.9825
1779510284,R_75,27812.3109
1779510286,R_75,27809.8058
1779510288,R_75,27804.7253
1779510290,R_75,27797.8405
1779510292,R_75,27795.4079
1779510294,R_75,27802.4508
1779510296,R_75,27803.1502
1779510298,R_75,27801.6943
1779510300,R_75,27805.1099
1779510302,R_75,27798.1406
1779510304,R_75,27805.4849
1779510306,R_75,27807.6479
1779510308,R_75,27804.7513
1779510310,R_75,27808.6216
1779510312,R_75,27806.5375
1779510314,R_75,27799.1564
1779510316,R_75,27803.385
1779510318,R_75,27803.9601
1779510320,R_75,27804.5331
1779510322,R_75,27800.3872
1779510324,R_75,27801.7688
1779510326,R_75,27799.105
1779510328,R_75,27798.2052
1779510330,R_75,27802.0767
1779510332,R_75,27802.2985
1779510334,R_75,27794.7258
1779510336,R_75,27793.4068
1779510338,R_75,27794.3439
1779510340,R_75,27802.9828
1779510342,R_75,27797.05
1779510344,R_75,27797.3548
1779510346,R_75,27806.7776
1779510348,R_75,27804.1574
1779510350,R_75,27799.2984
1779510352,R_75,27798.8723
1779510354,R_75,27800.6667
1779510356,R_75,27798.5522
1779510358,R_75,27791.7346
1779510360,R_75,27787.1536
1779510362,R_75,27795.7859
1779510364,R_75,27788.4281
1779510366,R_75,27782.1211
1779510368,R_75,27774.8146
1779510370,R_75,27768.3649
1779510372,R_75,27763.7359
1779510374,R_75,27768.2305
1779510376,R_75,27777.4926
1779510378,R_75,27767.9686
1779510380,R_75,27769.7596
1779510382,R_75,27772.373
1779510384,R_75,27764.312
1779510386,R_75,27760.1964
1779510388,R_75,27761.6104
1779510390,R_75,27763.6
1779510392,R_75,27763.9796
1779510394,R_75,27766.6959
1779510396,R_75,27770.0212
1779510398,R_75,27770.3718
1779510400,R_75,27766.0693
1779510402,R_75,27762.2287
1779510404,R_75,27761.759
1779510406,R_75,27770.2059
1779510408,R_75,27763.9882
1779510410,R_75,27760.4294
1779510412,R_75,27762.1318
1779510414,R_75,27768.639
1779510416,R_75,27761.1872
1779510418,R_75,27753.6401
1779510420,R_75,27746.3178
1779510422,R_75,27748.9455
1779510424,R_75,27743.7253
1779510426,R_75,27747.2896
1779510428,R_75,27749.6427
1779510430,R_75,27748.8382
1779510432,R_75,27752.2581
1779510434,R_75,27763.9176
1779510436,R_75,27763.977
1779510438,R_75,27764.4063
1779510440,R_75,27759.9643
1779510442,R_75,27755.792
1779510444,R_75,27757.4509
1779510446,R_75,27755.7988
1779510448,R_75,27761.1873
1779510450,R_75,27759.7747
1779510452,R_75,27757.2054
1779510454,R_75,27754.7336
1779510456,R_75,27751.5715
1779510458,R_75,27755.8679
1779510460,R_75,27759.7598
1779510462,R_75,27760.2935
1779510464,R_75,27764.6812
1779510466,R_75,27764.803
1779510468,R_75,27765.6323
1779510470,R_75,27769.6375
1779510472,R_75,27771.1474
1779510474,R_75,27768.2266
1779510476,R_75,27761.5238
1779510478,R_75,27754.2318
1779510480,R_75,27754.2605
1779510482,R_75,27757.0821
1779510484,R_75,27759.7184
1779510486,R_75,27758.781
1779510488,R_75,27755.314
1779510490,R_75,27750.0549
1779510492,R_75,27742.2805
1779510494,R_75,27746.9521
1779510496,R_75,27739.2032
1779510498,R_75,27743.0922
1779510500,R_75,27745.0611
1779510502,R_75,27741.9072
1779510504,R_75,27739.9336
1779510506,R_75,27749.3631
1779510508,R_75,27743.529
1779510510,R_75,27736.7948
1779510512,R_75,27729.2568
1779510514,R_75,27732.9911
1779510516,R_75,27738.5295
1779510518,R_75,27734.5413
1779510520,R_75,27742.6888
1779510522,R_75,27743.8288
1779510524,R_75,27741.386
1779510526,R_75,27747.5542
1779510528,R_75,27750.8842
1779510530,R_75,27750.1257
1779510532,R_75,27756.8081
1779510534,R_75,27761.4094
1779510536,R_75,27757.8199
1779510538,R_75,27753.5902
1779510540,R_75,27747.3914
1779510542,R_75,27750.1085
1779510544,R_75,27752.3937
1779510546,R_75,27747.1277
1779510548,R_75,27747.432
1779510550,R_75,27742.6228
1779510552,R_75,27741.2337
1779510554,R_75,27742.5071
1779510556,R_75,27738.0738
1779510558,R_75,27743.6308
1779510560,R_75,27746.2089
1779510562,R_75,27750.8312
1779510564,R_75,27754.7441
1779510566,R_75,27748.6623
1779510568,R_75,27748.7863
1779510570,R_75,27749.469
1779510572,R_75,27751.4037
1779510574,R_75,27759.7096
1779510576,R_75,27772.0141
1779510578,R_75,27767.3849
1779510580,R_75,27764.0558
1779510582,R_75,27761.6249
1779510584,R_75,27752.2495
1779510586,R_75,27745.635
1779510588,R_75,27754.8384
1779510590,R_75,27759.5062
1779510592,R_75,27756.7803
1779510594,R_75,27755.8819
1779510596,R_75,27752.3609
1779510598,R_75,27749.56
1779510600,R_75,27753.0583
1779510602,R_75,27751.5518
1779510604,R_75,27750.9453
1779510606,R_75,27750.7682
1779510608,R_75,27750.1334
1779510610,R_75,27741.0033
1779510612,R_75,27740.4995
1779510614,R_75,27740.8026
1779510616,R_75,27738.9189
1779510618,R_75,27736.7421
1779510620,R_75,27730.4804
1779510622,R_75,27736.9126
1779510624,R_75,27738.9462
1779510626,R_75,27743.3735
1779510628,R_75,27751.4796
1779510630,R_75,27755.6714
1779510632,R_75,27747.2944
1779510634,R_75,27749.296
1779510636,R_75,27753.5632
1779510638,R_75,27752.0581
1779510640,R_75,27758.0031
1779510642,R_75,27759.7945
1779510644,R_75,27752.777
1779510646,R_75,27754.9065
1779510648,R_75,27750.9524
1779510650,R_75,27747.3635
1779510652,R_75,27737.9091
1779510654,R_75,27735.6635
1779510656,R_75,27733.8107
1779510658,R_75,27738.5506
1779510660,R_75,27732.7571
1779510662,R_75,27731.5451
1779510664,R_75,27730.4747
1779510666,R_75,27725.8448
1779510668,R_75,27727.1881
1779510670,R_75,27719.183
1779510672,R_75,27716.4507
1779510674,R_75,27729.2786
1779510676,R_75,27724.7481
1779510678,R_75,27728.8391
1779510680,R_75,27732.8505
1779510682,R_75,27734.5706
1779510684,R_75,27735.9454
1779510686,R_75,27731.3878
1779510688,R_75,27726.2367
1779510690,R_75,27740.7988
1779510692,R_75,27731.9501
1779510694,R_75,27734.376
1779510696,R_75,27731.4242
1779510698,R_75,27739.116
1779510700,R_75,27744.4194
1779510702,R_75,27751.7771
1779510704,R_75,27753.5475
1779510706,R_75,27749.7315
1779510708,R_75,27755.3867
1779510710,R_75,27756.4549
1779510712,R_75,27762.6731
1779510714,R_75,27767.1361
1779510716,R_75,27764.3389
1779510718,R_75,27757.3175
1779510720,R_75,27764.3108
1779510722,R_75,27768.0703
1779510724,R_75,27769.9211
1779510726,R_75,27773.1657
1779510728,R_75,27768.1388
1779510730,R_75,27769.0696
1779510732,R_75,27768.3022
1779510734,R_75,27765.9397
1779510736,R_75,27767.3051
1779510738,R_75,27770.9163
1779510740,R_75,27770.7078
1779510742,R_75,27766.8744
1779510744,R_75,27768.7684
1779510746,R_75,27769.7297
1779510748,R_75,27775.1216
1779510750,R_75,27778.4507
1779510752,R_75,27768.3024
1779510754,R_75,27767.8828
1779510756,R_75,27768.6833
1779510758,R_75,27769.1231
1779510760,R_75,27773.9958
1779510762,R_75,27774.4033
1779510764,R_75,27779.8404
1779510766,R_75,27773.7613
1779510768,R_75,27781.7122
1779510770,R_75,27778.4719
1779510772,R_75,27788.4669
1779510774,R_75,27794.9649
1779510776,R_75,27797.7457
1779510778,R_75,27794.9594
1779510780,R_75,27794.0133
1779510782,R_75,27797.862
1779510784,R_75,27805.8267
1779510786,R_75,27808.4514
1779510788,R_75,27806.4203
1779510790,R_75,27801.1916
1779510792,R_75,27795.9128
1779510794,R_75,27798.4876
1779510796,R_75,27806.5246
1779510798,R_75,27808.1482
1779510800,R_75,27811.6291
1779510802,R_75,27813.7159
1779510804,R_75,27812.4331
1779510806,R_75,27802.0932
1779510808,R_75,27806.133
1779510810,R_75,27813.0214
1779510812,R_75,27815.6177
1779510814,R_75,27813.0394
1779510816,R_75,27816.4886
1779510818,R_75,27819.614
1779510820,R_75,27806.1532
1779510822,R_75,27814.6949
1779510824,R_75,27815.9475
1779510826,R_75,27813.2282
1779510828,R_75,27806.12
1779510830,R_75,27806.8248
1779510832,R_75,27807.1565
1779510834,R_75,27803.5516
1779510836,R_75,27808.1453
1779510838,R_75,27812.6223
1779510840,R_75,27815.0549
1779510842,R_75,27814.9786
1779510844,R_75,27805.9325
1779510846,R_75,27811.9283
1779510848,R_75,27817.3018
1779510850,R_75,27812.243
1779510852,R_75,27808.6561
1779510854,R_75,27806.5371
1779510856,R_75,27804.9755
1779510858,R_75,27807.1234
1779510860,R_75,27810.4723
1779510862,R_75,27804.5276
1779510864,R_75,27807.0493
1779510866,R_75,27809.4974
1779510868,R_75,27802.7187
1779510870,R_75,27800.9626
1779510872,R_75,27791.5015
1779510874,R_75,27788.415
1779510876,R_75,27793.573
1779510878,R_75,27783.8159
1779510880,R_75,27781.4905
1779510882,R_75,27783.0999
1779510884,R_75,27782.5577
1779510886,R_75,27787.9336
1779510888,R_75,27788.5001
1779510890,R_75,27787.426
1779510892,R_75,27787.5002
1779510894,R_75,27784.9291
1779510896,R_75,27786.615
1779510898,R_75,27786.8773
1779510900,R_75,27785.5182
1779510902,R_75,27782.5134
1779510904,R_75,27779.5508
1779510906,R_75,27789.1912
1779510908,R_75,27788.1415
1779510910,R_75,27780.2483
1779510912,R_75,27773.4378
1779510914,R_75,27781.5861
1779510916,R_75,27774.912
1779510918,R_75,27777.7643
1779510920,R_75,27774.2176
1779510922,R_75,27784.5986
1779510924,R_75,27788.977
1779510926,R_75,27792.0145
1779510928,R_75,27786.0925
1779510930,R_75,27795.8572
1779510932,R_75,27801.0637
1779510934,R_75,27804.1034
1779510936,R_75,27800.4527
1779510938,R_75,27809.1355
1779510940,R_75,27818.6247
1779510942,R_75,27806.7582
1779510944,R_75,27815.9825
1779510946,R_75,27816.5491
1779510948,R_75,27807.7933
1779510950,R_75,27805.1423
1779510952,R_75,27818.81
1779510954,R_75,27816.1358
1779510956,R_75,27810.5522
1779510958,R_75,27806.6116
1779510960,R_75,27813.7546
1779510962,R_75,27822.4066
1779510964,R_75,27816.2924
1779510966,R_75,27823.3409
1779510968,R_75,27816.2628
1779510970,R_75,27819.5206
1779510972,R_75,27819.1599
1779510974,R_75,27819.1791
1779510976,R_75,27815.6471
1779510978,R_75,27822.0801
1779510980,R_75,27826.8766
1779510982,R_75,27832.5807
1779510984,R_75,27833.2525
1779510986,R_75,27833.7724
1779510988,R_75,27837.0063
1779510990,R_75,27827.4313
1779510992,R_75,27826.7392
1779510994,R_75,27835.753
1779510996,R_75,27835.2026
1779510998,R_75,27843.111
1779511000,R_75,27844.9288
1779511002,R_75,27842.1495
1779511004,R_75,27834.5904
1779511006,R_75,27835.5779
1779511008,R_75,27837.1199
1779511010,R_75,27833.907
1779511012,R_75,27825.3493
1779511014,R_75,27824.9819
1779511016,R_75,27828.4137
1779511018,R_75,27827.8945
1779511020,R_75,27831.2798
1779511022,R_75,27830.9662
1779511024,R_75,27829.4941
1779511026,R_75,27824.5853
1779511028,R_75,27821.1279
1779511030,R_75,27816.716
1779511032,R_75,27816.2376
1779511034,R_75,27818.0882
1779511036,R_75,27814.4625
1779511038,R_75,27813.2958
1779511040,R_75,27809.9282
1779511042,R_75,27811.7586
1779511044,R_75,27822.9785
1779511046,R_75,27820.099
1779511048,R_75,27820.4346
1779511050,R_75,27815.212
1779511052,R_75,27809.809
1779511054,R_75,27806.1695
1779511056,R_75,27805.4253
1779511058,R_75,27803.7651
1779511060,R_75,27805.5318
1779511062,R_75,27803.6456
1779511064,R_75,27807.496
1779511066,R_75,27813.0147
1779511068,R_75,27820.1142
1779511070,R_75,27826.382
1779511072,R_75,27834.742
1779511074,R_75,27837.855
1779511076,R_75,27836.7377
1779511078,R_75,27841.9133
1779511080,R_75,27845.1792
1779511082,R_75,27842.4503
1779511084,R_75,27838.838
1779511086,R_75,27838.021
1779511088,R_75,27828.5369
1779511090,R_75,27833.5593
1779511092,R_75,27822.6469
1779511094,R_75,27808.7908
1779511096,R_75,27810.2078
1779511098,R_75,27811.9343
1779511100,R_75,27807.6818
1779511102,R_75,27806.5521
1779511104,R_75,27806.7362
1779511106,R_75,27805.7825
1779511108,R_75,27806.1173
1779511110,R_75,27804.7317
1779511112,R_75,27801.3485
1779511114,R_75,27804.6559
1779511116,R_75,27808.7494
1779511118,R_75,27816.2195
1779511120,R_75,27815.0464
1779511122,R_75,27811.3118
1779511124,R_75,27816.8559
1779511126,R_75,27819.6557
1779511128,R_75,27808.3428
1779511130,R_75,27813.4998
1779511132,R_75,27816.4113
1779511134,R_75,27811.7896
1779511136,R_75,27806.5883
1779511138,R_75,27809.4321
1779511140,R_75,27810.1148
1779511142,R_75,27809.781
1779511144,R_75,27813.2371
1779511146,R_75,27814.9961
1779511148,R_75,27814.7346
1779511150,R_75,27813.7024
1779511152,R_75,27818.328
1779511154,R_75,27807.4777
1779511156,R_75,27809.0473
1779511158,R_75,27801.1151
1779511160,R_75,27796.0388
1779511162,R_75,27794.228
1779511164,R_75,27800.0487
1779511166,R_75,27795.7567
1779511168,R_75,27792.596
1779511170,R_75,27794.5008
1779511172,R_75,27793.865
1779511174,R_75,27790.0172
1779511176,R_75,27782.6146
1779511178,R_75,27781.3817
1779511180,R_75,27785.8176
1779511182,R_75,27784.9414
1779511184,R_75,27784.5593
1779511186,R_75,27790.4835
1779511188,R_75,27780.2879
1779511190,R_75,27785.575
1779511192,R_75,27791.7772
1779511194,R_75,27799.9667
1779511196,R_75,27796.2176
1779511198,R_75,27801.1811
1779511200,R_75,27797.2548
1779511202,R_75,27790.7088
1779511204,R_75,27800.3512
1779511206,R_75,27813.1267
1779511208,R_75,27816.5996
1779511210,R_75,27816.0762
1779511212,R_75,27810.6972
1779511214,R_75,27821.0934
1779511216,R_75,27820.1603
1779511218,R_75,27815.3098
1779511220,R_75,27816.4029
1779511222,R_75,27808.5417
1779511224,R_75,27806.2862
1779511226,R_75,27808.8005
1779511228,R_75,27801.8116
1779511230,R_75,27798.7051
1779511232,R_75,27800.8861
1779511234,R_75,27800.2363
1779511236,R_75,27803.7406
1779511238,R_75,27792.8338
1779511240,R_75,27799.1648
1779511242,R_75,27791.4607
1779511244,R_75,27791.5285
1779511246,R_75,27790.3864
1779511248,R_75,27798.7482
1779511250,R_75,27798.6498
1779511252,R_75,27798.6736
1779511254,R_75,27790.1616
1779511256,R_75,27796.8027
1779511258,R_75,27798.082
1779511260,R_75,27802.3435
1779511262,R_75,27804.3212
1779511264,R_75,27801.6746
1779511266,R_75,27808.9256
1779511268,R_75,27812.841
1779511270,R_75,27814.9867
1779511272,R_75,27827.938
1779511274,R_75,27826.7124
1779511276,R_75,27833.6492
1779511278,R_75,27839.0108
1779511280,R_75,27841.6851
1779511282,R_75,27849.5563
1779511284,R_75,27846.314
1779511286,R_75,27843.025
1779511288,R_75,27843.4743
1779511290,R_75,27847.7247
1779511292,R_75,27851.9556
1779511294,R_75,27856.3558
1779511296,R_75,27855.9496
1779511298,R_75,27853.7622
1779511300,R_75,27845.5632
1779511302,R_75,27845.9142
1779511304,R_75,27842.8254
1779511306,R_75,27837.0834
1779511308,R_75,27840.3284
1779511310,R_75,27834.4929
1779511312,R_75,27834.2904
1779511314,R_75,27835.5929
1779511316,R_75,27825.1933
1779511318,R_75,27823.5523
1779511320,R_75,27821.7618
1779511322,R_75,27818.4194
1779511324,R_75,27812.5447
1779511326,R_75,27808.4885
1779511328,R_75,27802.0691
1779511330,R_75,27808.6966
1779511332,R_75,27811.2921
1779511334,R_75,27811.0985
1779511336,R_75,27809.632
1779511338,R_75,27814.136
1779511340,R_75,27808.1109
1779511342,R_75,27802.0473
1779511344,R_75,27806.7993
1779511346,R_75,27814.499
1779511348,R_75,27813.2818
1779511350,R_75,27809.2027
1779511352,R_75,27814.0051
1779511354,R_75,27812.298
1779511356,R_75,27814.8078
1779511358,R_75,27807.3226
1779511360,R_75,27803.0609
1779511362,R_75,27794.4787
1779511364,R_75,27792.284
1779511366,R_75,27791.9719
1779511368,R_75,27786.6594
1779511370,R_75,27792.7452
1779511372,R_75,27797.1471
1779511374,R_75,27786.8733
1779511376,R_75,27781.638
1779511378,R_75,27780.7908
1779511380,R_75,27777.5525
1779511382,R_75,27786.9714
1779511384,R_75,27787.9228
1779511386,R_75,27790.947
1779511388,R_75,27800.8368
1779511390,R_75,27797.5101
1779511392,R_75,27791.7652
1779511394,R_75,27789.3723
1779511396,R_75,27781.7596
1779511398,R_75,27789.0062
1779511400,R_75,27794.9883
1779511402,R_75,27794.9606
1779511404,R_75,27792.7682
1779511406,R_75,27785.4997
1779511408,R_75,27775.5922
1779511410,R_75,27770.6686
1779511412,R_75,27771.4818
1779511414,R_75,27775.4199
1779511416,R_75,27778.6892
1779511418,R_75,27784.1322
1779511420,R_75,27789.567
1779511422,R_75,27790.3749
1779511424,R_75,27786.732
1779511426,R_75,27790.9984
1779511428,R_75,27789.3836
1779511430,R_75,27792.762
1779511432,R_75,27799.3781
1779511434,R_75,27805.08
1779511436,R_75,27800.8247
1779511438,R_75,27798.1545
1779511440,R_75,27794.9077
1779511442,R_75,27790.3859
1779511444,R_75,27794.3038
1779511446,R_75,27793.7363
1779511448,R_75,27800.4909
1779511450,R_75,27789.7986
1779511452,R_75,27790.2985
1779511454,R_75,27786.8878
1779511456,R_75,27802.0434
1779511458,R_75,27808.7234
1779511460,R_75,27805.8602
1779511462,R_75,27802.9405
1779511464,R_75,27805.5809
1779511466,R_75,27802.6993
1779511468,R_75,27807.656
1779511470,R_75,27806.0128
1779511472,R_75,27812.7124
1779511474,R_75,27811.8695
1779511476,R_75,27817.1202
1779511478,R_75,27814.6785
1779511480,R_75,27807.5158
1779511482,R_75,27817.7312
1779511484,R_75,27811.2174
1779511486,R_75,27820.5818
1779511488,R_75,27814.7235
1779511490,R_75,27801.5497
1779511492,R_75,27801.7007
1779511494,R_75,27813.8524
1779511496,R_75,27808.0314
1779511498,R_75,27814.1574
1779511500,R_75,27810.4964
1779511502,R_75,27812.343
1779511504,R_75,27810.5152
1779511506,R_75,27808.6339
1779511508,R_75,27801.7038
1779511510,R_75,27804.2975
1779511512,R_75,27803.0922
1779511514,R_75,27801.3963
1779511516,R_75,27802.5765
1779511518,R_75,27806.2212
1779511520,R_75,27802.1971
1779511522,R_75,27801.5855
1779511524,R_75,27789.403
1779511526,R_75,27798.2568
1779511528,R_75,27806.3581
1779511530,R_75,27801.7297
1779511532,R_75,27799.4556
1779511534,R_75,27809.8567
1779511536,R_75,27807.1394
1779511538,R_75,27804.6974
1779511540,R_75,27809.869
1779511542,R_75,27810.9255
1779511544,R_75,27806.6439
1779511546,R_75,27802.4044
1779511548,R_75,27797.3475
1779511550,R_75,27802.7456
1779511552,R_75,27798.6324
1779511554,R_75,27806.6037
1779511556,R_75,27806.0748
1779511558,R_75,27810.6594
1779511560,R_75,27810.0267
1779511562,R_75,27818.58
1779511564,R_75,27817.6559
1779511566,R_75,27819.3981
1779511568,R_75,27817.7711
1779511570,R_75,27820.4398
1779511572,R_75,27819.6705
1779511574,R_75,27829.0425
1779511576,R_75,27825.4954
1779511578,R_75,27825.3399
1779511580,R_75,27833.8216
1779511582,R_75,27848.6843
1779511584,R_75,27850.0481
1779511586,R_75,27843.4799
1779511588,R_75,27840.2298
1779511590,R_75,27843.0668
1779511592,R_75,27846.7133
1779511594,R_75,27857.3674
1779511596,R_75,27862.337
1779511598,R_75,27861.4671
1779511600,R_75,27860.9313
1779511602,R_75,27865.9003
1779511604,R_75,27864.6516
1779511606,R_75,27867.499
1779511608,R_75,27865.2711
1779511610,R_75,27865.4858
1779511612,R_75,27874.8345
1779511614,R_75,27870.5757
1779511616,R_75,27877.6827
1779511618,R_75,27873.6777
1779511620,R_75,27877.1761
1779511622,R_75,27884.5031
1779511624,R_75,27885.4078
1779511626,R_75,27891.7747
1779511628,R_75,27890.6588
1779511630,R_75,27896.6029
1779511632,R_75,27898.5691
1779511634,R_75,27895.3396
1779511636,R_75,27891.9039
1779511638,R_75,27892.1276
1779511640,R_75,27886.5214
1779511642,R_75,27879.7276
1779511644,R_75,27880.1314
1779511646,R_75,27875.8865
1779511648,R_75,27873.1357
1779511650,R_75,27879.9463
1779511652,R_75,27870.3078
1779511654,R_75,27867.1694
1779511656,R_75,27862.2655
1779511658,R_75,27858.5504
1779511660,R_75,27859.523
1779511662,R_75,27868.2682
1779511664,R_75,27868.8244
1779511666,R_75,27863.6296
1779511668,R_75,27857.2002
1779511670,R_75,27863.4696
1779511672,R_75,27872.2976
1779511674,R_75,27871.1049
1779511676,R_75,27875.1926
1779511678,R_75,27886.0647
1779511680,R_75,27885.3047
1779511682,R_75,27882.1368
1779511684,R_75,27886.8117
1779511686,R_75,27887.0027
1779511688,R_75,27895.9266
1779511690,R_75,27896.4522
1779511692,R_75,27894.4491
1779511694,R_75,27901.5357
1779511696,R_75,27897.2232
1779511698,R_75,27897.5669
1779511700,R_75,27900.7704
1779511702,R_75,27904.9818
1779511704,R_75,27906.0104
1779511706,R_75,27906.6337
1779511708,R_75,27913.0384
1779511710,R_75,27914.3159
1779511712,R_75,27918.7796
1779511714,R_75,27919.7522
1779511716,R_75,27923.0055
1779511718,R_75,27922.3231
1779511720,R_75,27922.5765
1779511722,R_75,27922.0307
1779511724,R_75,27926.1125
1779511726,R_75,27922.5452
1779511728,R_75,27929.5668
1779511730,R_75,27933.2977
1779511732,R_75,27934.284
1779511734,R_75,27935.9508
1779511736,R_75,27935.4568
1779511738,R_75,27931.5484
1779511740,R_75,27936.5527
1779511742,R_75,27939.9324
1779511744,R_75,27941.0841
1779511746,R_75,27944.8258
1779511748,R_75,27943.0063
1779511750,R_75,27941.8621
1779511752,R_75,27946.9279
1779511754,R_75,27945.2001
1779511756,R_75,27947.1709
1779511758,R_75,27949.7414
1779511760,R_75,27951.6274
1779511762,R_75,27948.6797
1779511764,R_75,27943.0361
1779511766,R_75,27938.845
1779511768,R_75,27935.7086
1779511770,R_75,27931.3596
1779511772,R_75,27927.218
1779511774,R_75,27928.7396
1779511776,R_75,27928.4697
1779511778,R_75,27932.571
1779511780,R_75,27930.767
1779511782,R_75,27930.015
1779511784,R_75,27932.3927
1779511786,R_75,27933.272
1779511788,R_75,27936.6346
1779511790,R_75,27933.1719
1779511792,R_75,27929.8352
1779511794,R_75,27930.3612
1779511796,R_75,27933.8081
1779511798,R_75,27933.4669
1779511800,R_75,27934.2075
1779511802,R_75,27941.0054
1779511804,R_75,27944.2277
1779511806,R_75,27946.799
1779511808,R_75,27946.3094
1779511810,R_75,27943.4539
1779511812,R_75,27947.9997
1779511814,R_75,27940.1414
1779511816,R_75,27935.5272
1779511818,R_75,27933.7451
1779511820,R_75,27935.3566
1779511822,R_75,27937.4083
1779511824,R_75,27922.0435
1779511826,R_75,27916.5422
1779511828,R_75,27924.0084
1779511830,R_75,27926.9885
1779511832,R_75,27934.5861
1779511834,R_75,27934.243
1779511836,R_75,27931.1862
1779511838,R_75,27938.564
1779511840,R_75,27930.0116
1779511842,R_75,27930.9305
1779511844,R_75,27922.6906
1779511846,R_75,27911.442
1779511848,R_75,27911.6507
1779511850,R_75,27913.8672
1779511852,R_75,27915.4942
1779511854,R_75,27915.8621
1779511856,R_75,27916.3366
1779511858,R_75,27913.8208
1779511860,R_75,27915.4583
1779511862,R_75,27912.0157
1779511864,R_75,27917.1267
1779511866,R_75,27917.3888
1779511868,R_75,27926.2498
1779511870,R_75,27928.0441
1779511872,R_75,27930.7474
1779511874,R_75,27925.8912
1779511876,R_75,27932.3615
1779511878,R_75,27920.2867
1779511880,R_75,27924.8837
1779511882,R_75,27925.2428
1779511884,R_75,27917.9585
1779511886,R_75,27912.8902
1779511888,R_75,27908.8562
1779511890,R_75,27907.3301
1779511892,R_75,27902.5611
1779511894,R_75,27901.8214
1779511896,R_75,27905.9366
1779511898,R_75,27902.7011
1779511900,R_75,27901.5584
1779511902,R_75,27901.7893
1779511904,R_75,27913.1571
1779511906,R_75,27912.1387
1779511908,R_75,27911.0973
1779511910,R_75,27912.9012
1779511912,R_75,27921.771
1779511914,R_75,27925.0451
1779511916,R_75,27917.7377
1779511918,R_75,27917.0839
1779511920,R_75,27915.433
1779511922,R_75,27913.5123
1779511924,R_75,27913.2275
1779511926,R_75,27905.2498
1779511928,R_75,27916.8813
1779511930,R_75,27922.5543
1779511932,R_75,27937.968
1779511934,R_75,27935.0708
1779511936,R_75,27937.4634
1779511938,R_75,27944.2154
1779511940,R_75,27945.9986
1779511942,R_75,27944.5553
1779511944,R_75,27935.2631
1779511946,R_75,27943.2551
1779511948,R_75,27939.7964
1779511950,R_75,27941.847
1779511952,R_75,27933.5225
1779511954,R_75,27934.6495
1779511956,R_75,27936.7668
1779511958,R_75,27943.2386
1779511960,R_75,27941.7793
1779511962,R_75,27945.7117
1779511964,R_75,27941.7457
1779511966,R_75,27938.4498
1779511968,R_75,27944.8219
1779511970,R_75,27948.9388
1779511972,R_75,27949.9793
1779511974,R_75,27948.2759
1779511976,R_75,27951.0983
1779511978,R_75,27959.1688
1779511980,R_75,27951.8618
1779511982,R_75,27950.2795
1779511984,R_75,27947.2972
1779511986,R_75,27944.4018
1779511988,R_75,27943.6472
1779511990,R_75,27945.3201
1779511992,R_75,27940.0359
1779511994,R_75,27930.8903
1779511996,R_75,27932.9077
1779511998,R_75,27918.8473
1779512000,R_75,27915.5044
1779512002,R_75,27926.1372
1779512004,R_75,27926.9327
1779512006,R_75,27931.827
1779512008,R_75,27938.8826
1779512010,R_75,27939.5856
1779512012,R_75,27938.9073
1779512014,R_75,27936.0261
1779512016,R_75,27937.7671
1779512018,R_75,27938.7915
1779512020,R_75,27933.1999
1779512022,R_75,27937.4914
1779512024,R_75,27945.3346
1779512026,R_75,27935.4267
1779512028,R_75,27933.5074
1779512030,R_75,27932.7683
1779512032,R_75,27934.2151
1779512034,R_75,27926.78
1779512036,R_75,27922.9965
1779512038,R_75,27923.436
1779512040,R_75,27925.7817
1779512042,R_75,27928.1035
1779512044,R_75,27933.6891
1779512046,R_75,27929.4309
1779512048,R_75,27931.8827
1779512050,R_75,27931.406
1779512052,R_75,27926.8647
1779512054,R_75,27928.6879
1779512056,R_75,27923.8562
1779512058,R_75,27926.0311
1779512060,R_75,27930.7154
1779512062,R_75,27927.019
1779512064,R_75,27934.1672
1779512066,R_75,27938.8231
1779512068,R_75,27944.0782
1779512070,R_75,27947.7929
1779512072,R_75,27950.3361
1779512074,R_75,27953.394
1779512076,R_75,27951.602
1779512078,R_75,27954.718
1779512080,R_75,27954.6997
1779512082,R_75,27950.8111
1779512084,R_75,27956.8417
1779512086,R_75,27965.6334
1779512088,R_75,27965.4291
1779512090,R_75,27967.2329
1779512092,R_75,27966.1548
1779512094,R_75,27968.6732
1779512096,R_75,27972.2937
1779512098,R_75,27974.4559
1779512100,R_75,27974.4389
1779512102,R_75,27969.3952
1779512104,R_75,27972.3171
1779512106,R_75,27973.0716
1779512108,R_75,27972.0258
1779512110,R_75,27972.9848
1779512112,R_75,27985.6825
1779512114,R_75,27980.5599
1779512116,R_75,27979.0745
1779512118,R_75,27976.2168
1779512120,R_75,27973.0381
1779512122,R_75,27967.0352
1779512124,R_75,27969.6497
1779512126,R_75,27973.6082
1779512128,R_75,27961.5904
1779512130,R_75,27967.9378
1779512132,R_75,27966.5616
1779512134,R_75,27962.447
1779512136,R_75,27952.3399
1779512138,R_75,27945.3139
1779512140,R_75,27940.722
1779512142,R_75,27947.7787
1779512144,R_75,27943.519
1779512146,R_75,27952.2746
1779512148,R_75,27954.4345
1779512150,R_75,27952.0633
1779512152,R_75,27943.8646
1779512154,R_75,27953.6861
1779512156,R_75,27953.0465
1779512158,R_75,27945.0807
1779512160,R_75,27944.6312
1779512162,R_75,27953.507
1779512164,R_75,27948.998
1779512166,R_75,27949.1657
1779512168,R_75,27949.9358
1779512170,R_75,27952.8086
1779512172,R_75,27949.8729
1779512174,R_75,27951.4466
1779512176,R_75,27948.7721
1779512178,R_75,27956.3986
1779512180,R_75,27956.8391
1779512182,R_75,27963.4911
1779512184,R_75,27969.1962
1779512186,R_75,27968.9734
1779512188,R_75,27964.8676
1779512190,R_75,27966.9522
1779512192,R_75,27964.1549
1779512194,R_75,27971.4941
1779512196,R_75,27969.8001
1779512198,R_75,27968.7147
1779512200,R_75,27958.7587
1779512202,R_75,27967.4378
1779512204,R_75,27970.8148
1779512206,R_75,27968.6498
1779512208,R_75,27966.6599
1779512210,R_75,27963.1776
1779512212,R_75,27967.362
1779512214,R_75,27962.0187
1779512216,R_75,27960.1518
1779512218,R_75,27964.8378
1779512220,R_75,27954.8254
1779512222,R_75,27956.3501
1779512224,R_75,27954.9209
1779512226,R_75,27957.7574
1779512228,R_75,27965.5094
1779512230,R_75,27964.9485
1779512232,R_75,27963.3615
1779512234,R_75,27957.5257
1779512236,R_75,27955.2612
1779512238,R_75,27954.7827
1779512240,R_75,27958.3983
1779512242,R_75,27968.3551
1779512244,R_75,27973.3082
1779512246,R_75,27967.6865
1779512248,R_75,27970.1924
1779512250,R_75,27977.0607
1779512252,R_75,27970.9971
1779512254,R_75,27971.4338
1779512256,R_75,27973.0547
1779512258,R_75,27963.5662
1779512260,R_75,27960.4454
1779512262,R_75,27963.4387
1779512264,R_75,27968.3613
1779512266,R_75,27973.6639
1779512268,R_75,27971.9658
1779512270,R_75,27969.1984
1779512272,R_75,27968.8681
1779512274,R_75,27974.4017
1779512276,R_75,27969.2961
1779512278,R_75,27966.1349
1779512280,R_75,27970.5872
1779512282,R_75,27973.5893
1779512284,R_75,27971.1139
1779512286,R_75,27965.465
1779512288,R_75,27956.0379
1779512290,R_75,27962.6856
1779512292,R_75,27960.92
1779512294,R_75,27960.5681
1779512296,R_75,27959.8588
1779512298,R_75,27961.5964
1779512300,R_75,27962.3622
1779512302,R_75,27960.0829
1779512304,R_75,27959.1649
1779512306,R_75,27961.0173
1779512308,R_75,27961.4331
1779512310,R_75,27962.3058
1779512312,R_75,27962.4177
1779512314,R_75,27968.5943
1779512316,R_75,27970.686
1779512318,R_75,27968.1515
1779512320,R_75,27968.4982
1779512322,R_75,27968.7998
1779512324,R_75,27960.3355
1779512326,R_75,27960.6428
1779512328,R_75,27953.1629
1779512330,R_75,27951.7726
1779512332,R_75,27957.8407
1779512334,R_75,27957.1327
1779512336,R_75,27961.3705
1779512338,R_75,27961.1901
1779512340,R_75,27962.1328
1779512342,R_75,27960.0952
1779512344,R_75,27953.7087
1779512346,R_75,27941.151
1779512348,R_75,27945.287
1779512350,R_75,27945.0245
1779512352,R_75,27947.9884
1779512354,R_75,27941.6939
1779512356,R_75,27940.2773
1779512358,R_75,27942.2471
1779512360,R_75,27937.8485
1779512362,R_75,27942.8956
1779512364,R_75,27949.8554
1779512366,R_75,27944.8138
1779512368,R_75,27949.8613
1779512370,R_75,27954.231
1779512372,R_75,27944.3995
1779512374,R_75,27946.5387
1779512376,R_75,27943.1238
1779512378,R_75,27946.4801
1779512380,R_75,27940.5963
1779512382,R_75,27946.4558
1779512384,R_75,27945.5832
1779512386,R_75,27954.3623
1779512388,R_75,27955.5639
1779512390,R_75,27950.364
1779512392,R_75,27955.9276
1779512394,R_75,27950.9143
1779512396,R_75,27948.8246
1779512398,R_75,27949.9709
1779512400,R_75,27953.8221
1779512402,R_75,27959.3837
1779512404,R_75,27955.1668
1779512406,R_75,27949.4815
1779512408,R_75,27954.1515
1779512410,R_75,27943.6014
1779512412,R_75,27947.4145
1779512414,R_75,27941.8758
1779512416,R_75,27945.1218
1779512418,R_75,27943.4212
1779512420,R_75,27942.8426
1779512422,R_75,27940.4487
1779512424,R_75,27934.5945
1779512426,R_75,27944.1224
1779512428,R_75,27953.8855
1779512430,R_75,27953.8279
1779512432,R_75,27956.8633
1779512434,R_75,27955.2436
1779512436,R_75,27968.684
1779512438,R_75,27961.561
1779512440,R_75,27965.0438
1779512442,R_75,27965.7191
1779512444,R_75,27973.4437
1779512446,R_75,27974.2161
1779512448,R_75,27978.9829
1779512450,R_75,27982.4623
1779512452,R_75,27980.9542
1779512454,R_75,27981.0433
1779512456,R_75,27989.3982
1779512458,R_75,27990.9112
1779512460,R_75,27986.7788
1779512462,R_75,27991.7357
1779512464,R_75,27994.5545
1779512466,R_75,27981.2442
1779512468,R_75,27978.3789
1779512470,R_75,27983.5232
1779512472,R_75,27983.1452
1779512474,R_75,27976.9272
1779512476,R_75,27973.5292
1779512478,R_75,27973.1035
1779512480,R_75,27967.3008
1779512482,R_75,27971.6944
1779512484,R_75,27967.3188
1779512486,R_75,27959.3244
1779512488,R_75,27965.4036
1779512490,R_75,27967.3866
1779512492,R_75,27966.0829
1779512494,R_75,27963.3616
1779512496,R_75,27959.9975
1779512498,R_75,27964.2415
1779512500,R_75,27975.956
1779512502,R_75,27981.7253
1779512504,R_75,27974.9717
1779512506,R_75,27973.4168
1779512508,R_75,27966.6656
1779512510,R_75,27969.5906
1779512512,R_75,27969.6084
1779512514,R_75,27973.7831
1779512516,R_75,27971.9446
1779512518,R_75,27990.1705
1779512520,R_75,27988.6211
1779512522,R_75,27991.3564
1779512524,R_75,27990.6916
1779512526,R_75,27986.0004
1779512528,R_75,27981.9955
1779512530,R_75,27989.3392
1779512532,R_75,28000.8977
1779512534,R_75,28006.9674
1779512536,R_75,28002.6158
1779512538,R_75,28011.7447
1779512540,R_75,28014.1407
1779512542,R_75,28013.3364
1779512544,R_75,28008.9029
1779512546,R_75,28014.1956
1779512548,R_75,28022.1382
1779512550,R_75,28017.3072
1779512552,R_75,28024.7121
1779512554,R_75,28026.8339
1779512556,R_75,28025.9348
1779512558,R_75,28026.8487
1779512560,R_75,28032.9891
1779512562,R_75,28035.0024
1779512564,R_75,28035.4703
1779512566,R_75,28031.1113
1779512568,R_75,28038.122
1779512570,R_75,28031.3174
1779512572,R_75,28029.8391
1779512574,R_75,28032.8496
1779512576,R_75,28035.0013
1779512578,R_75,28030.8411
1779512580,R_75,28028.8872
1779512582,R_75,28023.4556
1779512584,R_75,28029.3266
1779512586,R_75,28023.9276
1779512588,R_75,28017.0113
1779512590,R_75,28019.9629
1779512592,R_75,28023.9477
1779512594,R_75,28025.177
1779512596,R_75,28020.6404
1779512598,R_75,28020.3546
1779512600,R_75,28031.6517
1779512602,R_75,28027.4034
1779512604,R_75,28032.9069
1779512606,R_75,28030.0282
1779512608,R_75,28032.8528
1779512610,R_75,28030.7518
1779512612,R_75,28034.255
1779512614,R_75,28043.3925
1779512616,R_75,28037.4941
1779512618,R_75,28043.8414
1779512620,R_75,28046.1963
1779512622,R_75,28046.2255
1779512624,R_75,28038.2359
1779512626,R_75,28040.6883
1779512628,R_75,28041.4579
1779512630,R_75,28041.8691
1779512632,R_75,28047.2715
1779512634,R_75,28041.5297
1779512636,R_75,28040.7897
1779512638,R_75,28042.9529
1779512640,R_75,28041.0731
1779512642,R_75,28031.7886
1779512644,R_75,28034.9507
1779512646,R_75,28031.7105
1779512648,R_75,28038.4964
1779512650,R_75,28033.4003
1779512652,R_75,28034.8126
1779512654,R_75,28028.6339
1779512656,R_75,28027.7638
1779512658,R_75,28028.8416
1779512660,R_75,28031.1159
1779512662,R_75,28024.0563
1779512664,R_75,28035.2725
1779512666,R_75,28028.2213
1779512668,R_75,28026.4471
1779512670,R_75,28026.7526
1779512672,R_75,28029.3983
1779512674,R_75,28030.5374
1779512676,R_75,28024.5445
1779512678,R_75,28018.6982
1779512680,R_75,28000.9029
1779512682,R_75,28000.3459
1779512684,R_75,27994.669
1779512686,R_75,27996.4877
1779512688,R_75,27995.2822
1779512690,R_75,27998.0494
1779512692,R_75,27998.4706
1779512694,R_75,27996.0041
1779512696,R_75,27997.7146
1779512698,R_75,27996.419
1779512700,R_75,27997.7768
1779512702,R_75,28006.0811
1779512704,R_75,28001.6752
1779512706,R_75,27999.1359
1779512708,R_75,28011.2863
1779512710,R_75,28022.1917
1779512712,R_75,28018.2136
1779512714,R_75,28017.0507
1779512716,R_75,28016.4096
1779512718,R_75,28007.537
1779512720,R_75,28012.0554
1779512722,R_75,28007.7325
1779512724,R_75,27999.9927
1779512726,R_75,28001.5788
1779512728,R_75,27993.7667
1779512730,R_75,28002.1532
1779512732,R_75,27998.1921
1779512734,R_75,28000.8755
1779512736,R_75,28006.091
1779512738,R_75,28011.8194
1779512740,R_75,28006.7593
1779512742,R_75,28008.4094
1779512744,R_75,28013.6915
1779512746,R_75,28007.1007
1779512748,R_75,28010.4497
1779512750,R_75,28007.5615
1779512752,R_75,28005.3141
1779512754,R_75,27993.0608
1779512756,R_75,27985.6637
1779512758,R_75,27987.065
1779512760,R_75,27975.539
1779512762,R_75,27988.4283
1779512764,R_75,27988.6025
1779512766,R_75,27980.1565
1779512768,R_75,27976.1126
1779512770,R_75,27969.6052
1779512772,R_75,27971.0271
1779512774,R_75,27971.8635
1779512776,R_75,27974.5924
1779512778,R_75,27961.5576
1779512780,R_75,27962.118
1779512782,R_75,27955.7932
1779512784,R_75,27954.7047
1779512786,R_75,27953.7213
1779512788,R_75,27947.0593
1779512790,R_75,27946.7263
1779512792,R_75,27948.0559
1779512794,R_75,27950.1608
1779512796,R_75,27942.4329
1779512798,R_75,27940.1956
1779512800,R_75,27938.2898
1779512802,R_75,27939.9386
1779512804,R_75,27939.3227
1779512806,R_75,27936.617
1779512808,R_75,27933.0954
1779512810,R_75,27925.4938
1779512812,R_75,27924.3485
1779512814,R_75,27934.4214
1779512816,R_75,27937.7569
1779512818,R_75,27939.7699
1779512820,R_75,27936.1845
1779512822,R_75,27934.4493
1779512824,R_75,27936.1044
1779512826,R_75,27936.289
1779512828,R_75,27935.9374
1779512830,R_75,27940.1948
1779512832,R_75,27944.9693
1779512834,R_75,27956.7927
1779512836,R_75,27948.2202
1779512838,R_75,27955.4261
1779512840,R_75,27956.4416
1779512842,R_75,27954.606
1779512844,R_75,27954.9232
1779512846,R_75,27953.9174
1779512848,R_75,27959.8872
1779512850,R_75,27957.5187
1779512852,R_75,27953.6426
1779512854,R_75,27948.4825
1779512856,R_75,27954.3517
1779512858,R_75,27954.5407
1779512860,R_75,27959.9081
1779512862,R_75,27957.6791
1779512864,R_75,27954.3953
1779512866,R_75,27957.966
1779512868,R_75,27946.9321
1779512870,R_75,27948.7593
1779512872,R_75,27950.4139
1779512874,R_75,27953.234
1779512876,R_75,27954.5446
1779512878,R_75,27951.0838
1779512880,R_75,27959.5897
1779512882,R_75,27960.4893
1779512884,R_75,27956.1518
1779512886,R_75,27955.5953
1779512888,R_75,27953.2481
1779512890,R_75,27955.9307
1779512892,R_75,27965.7415
1779512894,R_75,27970.4028
1779512896,R_75,27976.1619
1779512898,R_75,27977.1525
1779512900,R_75,27986.3014
1779512902,R_75,27987.8338
1779512904,R_75,27989.9244
1779512906,R_75,27988.1209
1779512908,R_75,27992.595
1779512910,R_75,27989.8044
1779512912,R_75,27983.9484
1779512914,R_75,27987.5263
1779512916,R_75,27986.677
1779512918,R_75,27991.1844
1779512920,R_75,27988.8818
1779512922,R_75,27991.0938
1779512924,R_75,27995.1318
1779512926,R_75,27995.4733
1779512928,R_75,27993.5794
1779512930,R_75,27983.7709
1779512932,R_75,27982.0903
1779512934,R_75,27974.8046
1779512936,R_75,27969.9878
1779512938,R_75,27956.9662
1779512940,R_75,27957.9132
1779512942,R_75,27960.0776
1779512944,R_75,27958.0015
1779512946,R_75,27962.8534
1779512948,R_75,27965.4855
1779512950,R_75,27972.2146
1779512952,R_75,27977.8968
1779512954,R_75,27964.6666
1779512956,R_75,27964.7955
1779512958,R_75,27960.9876
1779512960,R_75,27954.0338
1779512962,R_75,27960.8271
1779512964,R_75,27969.1367
1779512966,R_75,27967.4217
1779512968,R_75,27971.9523
1779512970,R_75,27969.0135
1779512972,R_75,27966.3748
1779512974,R_75,27968.8667
1779512976,R_75,27970.3499
1779512978,R_75,27981.1146
1779512980,R_75,27982.6558
1779512982,R_75,27968.5489
1779512984,R_75,27963.1528
1779512986,R_75,27961.4343
1779512988,R_75,27956.3855
1779512990,R_75,27952.411
1779512992,R_75,27953.7596
1779512994,R_75,27958.6703
1779512996,R_75,27961.4287
1779512998,R_75,27965.5806
1779513000,R_75,27972.4787
1779513002,R_75,27969.458
1779513004,R_75,27970.6623
1779513006,R_75,27962.1701
1779513008,R_75,27960.0332
1779513010,R_75,27954.9971
1779513012,R_75,27957.1131
1779513014,R_75,27957.3126
1779513016,R_75,27959.8585
1779513018,R_75,27958.7931
1779513020,R_75,27963.8383
1779513022,R_75,27962.5207
1779513024,R_75,27966.0698
1779513026,R_75,27970.5784
1779513028,R_75,27975.429
1779513030,R_75,27975.3972
1779513032,R_75,27979.3091
1779513034,R_75,27968.5783
1779513036,R_75,27969.7359
1779513038,R_75,27967.3119
1779513040,R_75,27975.1949
1779513042,R_75,27976.8298
1779513044,R_75,27970.316
1779513046,R_75,27963.1074
1779513048,R_75,27967.1149
1779513050,R_75,27966.8043
1779513052,R_75,27972.5173
1779513054,R_75,27979.9526
1779513056,R_75,27977.2387
1779513058,R_75,27973.8064
1779513060,R_75,27978.0618
1779513062,R_75,27977.4357
1779513064,R_75,27978.3734
1779513066,R_75,27975.5596
1779513068,R_75,27972.299
1779513070,R_75,27971.6713
1779513072,R_75,27958.3669
1779513074,R_75,27959.7436
1779513076,R_75,27964.228
1779513078,R_75,27965.7414
1779513080,R_75,27967.1962
1779513082,R_75,27973.6003
1779513084,R_75,27970.2554
1779513086,R_75,27962.594
1779513088,R_75,27966.1065
1779513090,R_75,27961.0355
1779513092,R_75,27947.2897
1779513094,R_75,27947.5248
1779513096,R_75,27942.4468
1779513098,R_75,27950.7631
1779513100,R_75,27950.4393
1779513102,R_75,27944.629
1779513104,R_75,27943.8692
1779513106,R_75,27950.4081
1779513108,R_75,27945.2498
1779513110,R_75,27933.8917
1779513112,R_75,27930.0808
1779513114,R_75,27932.2243
1779513116,R_75,27933.3108
1779513118,R_75,27926.8204
1779513120,R_75,27939.6008
1779513122,R_75,27939.9174
1779513124,R_75,27948.8834
1779513126,R_75,27950.0728
1779513128,R_75,27945.9563
1779513130,R_75,27942.1186
1779513132,R_75,27928.6742
1779513134,R_75,27928.5224
1779513136,R_75,27926.2529
1779513138,R_75,27927.6417
1779513140,R_75,27934.4648
1779513142,R_75,27937.3058
1779513144,R_75,27939.4625
1779513146,R_75,27942.2695
1779513148,R_75,27941.0712
1779513150,R_75,27940.5921
1779513152,R_75,27946.0257
1779513154,R_75,27949.096
1779513156,R_75,27950.0275
1779513158,R_75,27949.2662
1779513160,R_75,27949.1751
1779513162,R_75,27949.5069
1779513164,R_75,27953.409
1779513166,R_75,27952.9549
1779513168,R_75,27964.7997
1779513170,R_75,27974.7827
1779513172,R_75,27972.0746
1779513174,R_75,27985.0067
1779513176,R_75,27983.8785
1779513178,R_75,27980.4278
1779513180,R_75,27974.7091
1779513182,R_75,27984.0882
1779513184,R_75,27974.3991
1779513186,R_75,27971.6764
1779513188,R_75,27966.4143
1779513190,R_75,27976.7589
1779513192,R_75,27972.4951
1779513194,R_75,27968.7323
1779513196,R_75,27969.0372
1779513198,R_75,27967.6014
1779513200,R_75,27975.3056
1779513202,R_75,27975.2702
1779513204,R_75,27971.7301
1779513206,R_75,27970.3816
1779513208,R_75,27969.6474
1779513210,R_75,27973.4304
1779513212,R_75,27973.1159
1779513214,R_75,27970.482
1779513216,R_75,27965.8907
1779513218,R_75,27968.0746
1779513220,R_75,27982.6303
1779513222,R_75,27982.3615
1779513224,R_75,27981.1003
1779513226,R_75,27976.8413
1779513228,R_75,27981.1721
1779513230,R_75,27984.3053
1779513232,R_75,27985.7841
1779513234,R_75,27984.1243
1779513236,R_75,27993.6267
1779513238,R_75,27996.9459
1779513240,R_75,27996.907
1779513242,R_75,27996.8101
1779513244,R_75,27999.4074
1779513246,R_75,27993.1272
1779513248,R_75,27989.2913
1779513250,R_75,27976.4693
1779513252,R_75,27975.1106
1779513254,R_75,27974.1149
1779513256,R_75,27961.4588
1779513258,R_75,27961.3888
1779513260,R_75,27963.6004
1779513262,R_75,27958.2986
1779513264,R_75,27953.1985
1779513266,R_75,27964.9499
1779513268,R_75,27970.8439
1779513270,R_75,27978.9629
1779513272,R_75,27972.6071
1779513274,R_75,27976.4257
1779513276,R_75,27981.6206
1779513278,R_75,27982.1873
1779513280,R_75,27989.4119
1779513282,R_75,27981.1962
1779513284,R_75,27987.5199
1779513286,R_75,27986.5202
1779513288,R_75,27986.6945
1779513290,R_75,27985.6622
1779513292,R_75,27992.488
1779513294,R_75,27997.4003
1779513296,R_75,27986.0489
1779513298,R_75,27981.7677
1779513300,R_75,27977.043
1779513302,R_75,27971.3114
1779513304,R_75,27970.9652
1779513306,R_75,27974.327
1779513308,R_75,27970.7849
1779513310,R_75,27980.9243
1779513312,R_75,27980.0555
1779513314,R_75,27981.4624
1779513316,R_75,27981.0574
1779513318,R_75,27982.3976
1779513320,R_75,27984.9246
1779513322,R_75,27987.556
1779513324,R_75,27982.774
1779513326,R_75,27985.9242
1779513328,R_75,27984.2512
1779513330,R_75,27983.6167
1779513332,R_75,27983.8656
1779513334,R_75,27983.1253
1779513336,R_75,27994.9219
1779513338,R_75,27996.4507
1779513340,R_75,27987.282
1779513342,R_75,27987.1194
1779513344,R_75,27986.8251
1779513346,R_75,28000.4495
1779513348,R_75,28003.0674
1779513350,R_75,27999.9472
1779513352,R_75,28005.8718
1779513354,R_75,28002.6588
1779513356,R_75,28001.5973
1779513358,R_75,27992.3095
1779513360,R_75,27995.0719
1779513362,R_75,27989.6837
1779513364,R_75,27992.4015
1779513366,R_75,27986.1446
1779513368,R_75,27988.9782
1779513370,R_75,27984.0401
1779513372,R_75,27981.9609
1779513374,R_75,27981.6392
1779513376,R_75,27982.348
1779513378,R_75,27987.8386
1779513380,R_75,27994.0582
1779513382,R_75,27991.0153
1779513384,R_75,27991.487
1779513386,R_75,27998.6566
1779513388,R_75,27996.7819
1779513390,R_75,27984.7881
1779513392,R_75,27979.3193
1779513394,R_75,27978.4932
1779513396,R_75,27982.6195
1779513398,R_75,27986.4179
1779513400,R_75,27988.6579
1779513402,R_75,27994.1732
1779513404,R_75,27990.1472
1779513406,R_75,27995.2579
1779513408,R_75,27995.2425
1779513410,R_75,27995.2544
1779513412,R_75,27996.4371
1779513414,R_75,28002.2917
1779513416,R_75,28004.4436
1779513418,R_75,28015.676
1779513420,R_75,28010.9619
1779513422,R_75,28015.8332
1779513424,R_75,28020.5809
1779513426,R_75,28014.6224
1779513428,R_75,28011.2564
1779513430,R_75,28015.3965
1779513432,R_75,28012.8275
1779513434,R_75,28002.4297
1779513436,R_75,28005.7099
1779513438,R_75,28001.2684
1779513440,R_75,27988.999
1779513442,R_75,27987.54
1779513444,R_75,27991.6156
1779513446,R_75,27994.0058
1779513448,R_75,28003.85
1779513450,R_75,27999.2442
1779513452,R_75,27999.662
1779513454,R_75,28007.2986
1779513456,R_75,28003.0155
1779513458,R_75,28003.1184
1779513460,R_75,28008.8458
1779513462,R_75,28006.024
1779513464,R_75,28010.0965
1779513466,R_75,28015.7615
1779513468,R_75,28012.9093
1779513470,R_75,28012.9461
1779513472,R_75,28001.5109
1779513474,R_75,27991.8253
1779513476,R_75,27994.3298
1779513478,R_75,27996.9592
1779513480,R_75,28007.2907
1779513482,R_75,28006.5889
1779513484,R_75,28010.287
1779513486,R_75,28005.5144
1779513488,R_75,28008.5156
1779513490,R_75,28003.8169
1779513492,R_75,28003.2957
1779513494,R_75,28007.479
1779513496,R_75,28003.7936
1779513498,R_75,27997.1855
1779513500,R_75,27999.7692
1779513502,R_75,27997.4651
1779513504,R_75,28000.3367
1779513506,R_75,27993.0799
1779513508,R_75,27989.1354
1779513510,R_75,27976.7827
1779513512,R_75,27981.8476
1779513514,R_75,27985.7539
1779513516,R_75,27989.4991
1779513518,R_75,27995.2499
1779513520,R_75,27995.8056
1779513522,R_75,27987.1474
1779513524,R_75,27989.1728
1779513526,R_75,27990.1478
1779513528,R_75,27987.685
1779513530,R_75,27977.704
1779513532,R_75,27980.4318
1779513534,R_75,27981.4796
1779513536,R_75,27984.4109
1779513538,R_75,27998.6848
1779513540,R_75,27997.3554
1779513542,R_75,27996.8748
1779513544,R_75,27997.8892
1779513546,R_75,27992.7463
1779513548,R_75,27993.0894
1779513550,R_75,27998.7131
1779513552,R_75,27997.1699
1779513554,R_75,28008.3291
1779513556,R_75,28001.1175
1779513558,R_75,27992.9276
1779513560,R_75,28007.1117
1779513562,R_75,28013.4354
1779513564,R_75,28022.045
1779513566,R_75,28019.8595
1779513568,R_75,28020.061
1779513570,R_75,28017.9004
1779513572,R_75,28019.0984
1779513574,R_75,28014.9919
1779513576,R_75,28023.7948
1779513578,R_75,28013.8494
1779513580,R_75,28015.2396
1779513582,R_75,28011.1772
1779513584,R_75,28006.0564
1779513586,R_75,28002.4407
1779513588,R_75,28005.2112
1779513590,R_75,28006.1449
1779513592,R_75,28009.3269
1779513594,R_75,28016.4653
1779513596,R_75,28020.1103
1779513598,R_75,28019.272
1779513600,R_75,28022.9606
1779513602,R_75,28013.3931
1779513604,R_75,28014.8712
1779513606,R_75,28018.1263
1779513608,R_75,28020.4541
1779513610,R_75,28017.9978
1779513612,R_75,28014.3279
1779513614,R_75,28009.7076
1779513616,R_75,28014.246
1779513618,R_75,28009.6365
1779513620,R_75,28007.0831
1779513622,R_75,28015.1018
1779513624,R_75,28005.4731
1779513626,R_75,28001.1864
1779513628,R_75,28000.7748
1779513630,R_75,28000.0927
1779513632,R_75,27995.6582
1779513634,R_75,27996.7114
1779513636,R_75,27995.0831
1779513638,R_75,27995.5927
1779513640,R_75,28000.2797
1779513642,R_75,28002.3472
1779513644,R_75,28001.116
1779513646,R_75,28001.209
1779513648,R_75,27999.8518
1779513650,R_75,28002.0562
1779513652,R_75,27997.6909
1779513654,R_75,27992.1631
1779513656,R_75,27986.5558
1779513658,R_75,27992.4688
1779513660,R_75,27985.1927
1779513662,R_75,27988.6935
1779513664,R_75,27986.1579
1779513666,R_75,27993.4192
1779513668,R_75,27995.0568
1779513670,R_75,27995.2035
1779513672,R_75,27993.7827
1779513674,R_75,27994.3753
1779513676,R_75,27998.5844
1779513678,R_75,28012.3825
1779513680,R_75,28016.182
1779513682,R_75,28017.0948
1779513684,R_75,28018.0855
1779513686,R_75,28012.1936
1779513688,R_75,28010.1385
1779513690,R_75,27999.0314
1779513692,R_75,27999.7671
1779513694,R_75,28000.6958
1779513696,R_75,28002.0448
1779513698,R_75,28006.1962
1779513700,R_75,27998.7279
1779513702,R_75,27995.2517
1779513704,R_75,27995.5146
1779513706,R_75,27989.2076
1779513708,R_75,27991.1647
1779513710,R_75,27993.7332
1779513712,R_75,27991.7288
1779513714,R_75,27987.0301
1779513716,R_75,27988.4348
1779513718,R_75,27990.9897
1779513720,R_75,28002.8416
1779513722,R_75,28004.2637
1779513724,R_75,28000.3821
1779513726,R_75,27999.8473
1779513728,R_75,27998.7053
1779513730,R_75,28000.433
1779513732,R_75,27994.4859
1779513734,R_75,27997.3617
1779513736,R_75,27992.4043
1779513738,R_75,27987.6369
1779513740,R_75,27988.1308
1779513742,R_75,27989.2925
1779513744,R_75,27979.3305
1779513746,R_75,27980.6049
1779513748,R_75,27984.3424
1779513750,R_75,27980.6835
1779513752,R_75,27979.5446
1779513754,R_75,27982.9636
1779513756,R_75,27986.901
1779513758,R_75,27988.2325
1779513760,R_75,27993.3926
1779513762,R_75,27998.3479
1779513764,R_75,28000.8661
1779513766,R_75,27994.3669
1779513768,R_75,28005.9013
1779513770,R_75,28008.777
1779513772,R_75,28013.9341
1779513774,R_75,28021.8582
1779513776,R_75,28012.5154
1779513778,R_75,28016.9064
1779513780,R_75,28018.1375
1779513782,R_75,28018.7623
1779513784,R_75,28025.227
1779513786,R_75,28027.4348
1779513788,R_75,28031.6299
1779513790,R_75,28034.7001
1779513792,R_75,28034.6857
1779513794,R_75,28035.3546
1779513796,R_75,28035.8948
1779513798,R_75,28045.8956
1779513800,R_75,28044.8407
1779513802,R_75,28043.2725
1779513804,R_75,28033.5412
1779513806,R_75,28039.1165
1779513808,R_75,28038.6371
1779513810,R_75,28042.366
1779513812,R_75,28039.3194
1779513814,R_75,28052.1416
1779513816,R_75,28048.7166
1779513818,R_75,28045.7173
1779513820,R_75,28037.8545
1779513822,R_75,28036.6163
1779513824,R_75,28031.2289
1779513826,R_75,28033.6977
1779513828,R_75,28037.8961
1779513830,R_75,28032.2583
1779513832,R_75,28042.3392
1779513834,R_75,28038.7546
1779513836,R_75,28035.4698
1779513838,R_75,28025.1415
1779513840,R_75,28022.4914
1779513842,R_75,28019.5071
1779513844,R_75,28029.0475
1779513846,R_75,28029.8237
1779513848,R_75,28025.5937
1779513850,R_75,28022.1277
1779513852,R_75,28022.0634
1779513854,R_75,28027.7631
1779513856,R_75,28026.8716
1779513858,R_75,28018.6929
1779513860,R_75,28022.448
1779513862,R_75,28018.2424
1779513864,R_75,28017.1667
1779513866,R_75,28015.8279
1779513868,R_75,28024.3957
1779513870,R_75,28017.6632
1779513872,R_75,28019.2944
1779513874,R_75,28020.8383
1779513876,R_75,28015.9116
1779513878,R_75,28020.101
1779513880,R_75,28024.1533
1779513882,R_75,28020.119
1779513884,R_75,28012.0691
1779513886,R_75,28015.9452
1779513888,R_75,28019.1547
1779513890,R_75,28022.0271
1779513892,R_75,28023.5962
1779513894,R_75,28019.5598
1779513896,R_75,28014.5095
1779513898,R_75,28021.6657
1779513900,R_75,28026.3889
1779513902,R_75,28024.7443
1779513904,R_75,28021.3874
1779513906,R_75,28018.6273
1779513908,R_75,28015.7279
1779513910,R_75,28015.9662
1779513912,R_75,28028.2604
1779513914,R_75,28028.8942
1779513916,R_75,28018.6892
1779513918,R_75,28008.2302
1779513920,R_75,28006.4536
1779513922,R_75,28008.5307
1779513924,R_75,28010.073
1779513926,R_75,28011.2767
1779513928,R_75,28018.1873
1779513930,R_75,28013.5261
1779513932,R_75,28024.4391
1779513934,R_75,28030.5108
1779513936,R_75,28027.6018
1779513938,R_75,28029.9764
1779513940,R_75,28033.6102
1779513942,R_75,28032.4881
1779513944,R_75,28033.9449
1779513946,R_75,28035.9663
1779513948,R_75,28030.6917
1779513950,R_75,28028.1244
1779513952,R_75,28028.2377
1779513954,R_75,28029.2838
1779513956,R_75,28026.6584
1779513958,R_75,28028.0841
1779513960,R_75,28034.1106
1779513962,R_75,28034.7953
1779513964,R_75,28036.8381
1779513966,R_75,28035.078
1779513968,R_75,28039.0658
1779513970,R_75,28037.5473
1779513972,R_75,28038.2254
1779513974,R_75,28033.0894
1779513976,R_75,28032.6298
1779513978,R_75,28035.0715
1779513980,R_75,28036.3743
1779513982,R_75,28034.5468
1779513984,R_75,28045.6169
1779513986,R_75,28046.1153
1779513988,R_75,28049.8425
1779513990,R_75,28049.681
1779513992,R_75,28050.9942
1779513994,R_75,28063.0681
1779513996,R_75,28057.4625
1779513998,R_75,28056.4768
1779514000,R_75,28057.4527
1779514002,R_75,28060.7448
1779514004,R_75,28062.9104
1779514006,R_75,28063.3048
1779514008,R_75,28064.6336
1779514010,R_75,28068.3434
1779514012,R_75,28063.9806
1779514014,R_75,28060.8271
1779514016,R_75,28064.2066
1779514018,R_75,28067.824
1779514020,R_75,28068.3387
1779514022,R_75,28070.4767
1779514024,R_75,28068.656
1779514026,R_75,28064.6881
1779514028,R_75,28067.2921
1779514030,R_75,28061.1227
1779514032,R_75,28058.3454
1779514034,R_75,28048.3235
1779514036,R_75,28054.6863
1779514038,R_75,28052.6982
1779514040,R_75,28052.927
1779514042,R_75,28059.5632
1779514044,R_75,28062.8273
1779514046,R_75,28065.9143
1779514048,R_75,28070.7979
1779514050,R_75,28079.8088
1779514052,R_75,28079.6867
1779514054,R_75,28085.1941
1779514056,R_75,28083.0829
1779514058,R_75,28084.2202
1779514060,R_75,28085.102
1779514062,R_75,28096.3424
1779514064,R_75,28098.6515
1779514066,R_75,28096.8442
1779514068,R_75,28101.6469
1779514070,R_75,28104.4859
1779514072,R_75,28109.4277
1779514074,R_75,28105.4126
1779514076,R_75,28119.7723
1779514078,R_75,28127.4287
1779514080,R_75,28113.1324
1779514082,R_75,28110.0868
1779514084,R_75,28115.9567
1779514086,R_75,28126.717
1779514088,R_75,28122.9338
1779514090,R_75,28121.5513
1779514092,R_75,28132.6378
1779514094,R_75,28126.5604
1779514096,R_75,28120.7038
1779514098,R_75,28128.1038
1779514100,R_75,28124.6001
1779514102,R_75,28128.6966
1779514104,R_75,28132.9384
1779514106,R_75,28137.4423
1779514108,R_75,28141.3491
1779514110,R_75,28141.058
1779514112,R_75,28133.3154
1779514114,R_75,28134.7995
1779514116,R_75,28140.0027
1779514118,R_75,28142.7091
1779514120,R_75,28141.1705
1779514122,R_75,28149.3478
1779514124,R_75,28152.3115
1779514126,R_75,28155.7412
1779514128,R_75,28155.3562
1779514130,R_75,28151.1044
1779514132,R_75,28136.5243
1779514134,R_75,28135.0705
1779514136,R_75,28129.7246
1779514138,R_75,28120.834
1779514140,R_75,28120.0481
1779514142,R_75,28124.5781
1779514144,R_75,28118.6198
1779514146,R_75,28128.4121
1779514148,R_75,28118.6585
1779514150,R_75,28112.7152
1779514152,R_75,28110.4401
1779514154,R_75,28114.5983
1779514156,R_75,28120.3883
1779514158,R_75,28116.6045
1779514160,R_75,28111.7356
1779514162,R_75,28111.476
1779514164,R_75,28104.8849
1779514166,R_75,28106.0103
1779514168,R_75,28109.392
1779514170,R_75,28105.9764
1779514172,R_75,28109.8003
1779514174,R_75,28109.3359
1779514176,R_75,28107.7326
1779514178,R_75,28117.1997
1779514180,R_75,28110.1718
1779514182,R_75,28104.3665
1779514184,R_75,28104.138
1779514186,R_75,28106.16
1779514188,R_75,28106.6623
1779514190,R_75,28109.9271
1779514192,R_75,28110.0216
1779514194,R_75,28112.3786
1779514196,R_75,28111.9476
1779514198,R_75,28112.0272
1779514200,R_75,28109.5521
1779514202,R_75,28098.4683
1779514204,R_75,28092.8977
1779514206,R_75,28102.7723
1779514208,R_75,28116.5337
1779514210,R_75,28116.8276
1779514212,R_75,28119.8435
1779514214,R_75,28129.0664
1779514216,R_75,28132.0978
1779514218,R_75,28129.9846
1779514220,R_75,28130.9961
1779514222,R_75,28140.2232
1779514224,R_75,28136.4523
1779514226,R_75,28137.8793
1779514228,R_75,28135.1231
1779514230,R_75,28122.4255
1779514232,R_75,28123.7963
1779514234,R_75,28134.1314
1779514236,R_75,28141.1671
1779514238,R_75,28146.0057
1779514240,R_75,28140.378
1779514242,R_75,28138.0199
1779514244,R_75,28132.0261
1779514246,R_75,28129.7041
1779514248,R_75,28131.1228
1779514250,R_75,28135.3432
1779514252,R_75,28132.2938
1779514254,R_75,28130.828
1779514256,R_75,28130.7582
1779514258,R_75,28136.0602
1779514260,R_75,28134.8631
1779514262,R_75,28137.0348
1779514264,R_75,28141.1647
1779514266,R_75,28138.7257
1779514268,R_75,28139.5357
1779514270,R_75,28138.0463
1779514272,R_75,28145.4873
1779514274,R_75,28147.3344
1779514276,R_75,28147.1489
1779514278,R_75,28139.7677
1779514280,R_75,28141.9635
1779514282,R_75,28142.0123
1779514284,R_75,28148.7561
1779514286,R_75,28154.2106
1779514288,R_75,28153.2351
1779514290,R_75,28153.8303
1779514292,R_75,28170.6522
1779514294,R_75,28173.6191
1779514296,R_75,28182.2035
1779514298,R_75,28184.9849
1779514300,R_75,28183.9068
1779514302,R_75,28180.2931
1779514304,R_75,28182.2827
1779514306,R_75,28186.5755
1779514308,R_75,28183.2043
1779514310,R_75,28183.9325
1779514312,R_75,28190.2936
1779514314,R_75,28183.3931
1779514316,R_75,28184.2957
1779514318,R_75,28194.2881
1779514320,R_75,28188.8633
1779514322,R_75,28191.2651
1779514324,R_75,28191.3247
1779514326,R_75,28186.6434
1779514328,R_75,28193.0035
1779514330,R_75,28200.6425
1779514332,R_75,28203.9502
1779514334,R_75,28207.515
1779514336,R_75,28201.3646
1779514338,R_75,28210.3051
1779514340,R_75,28213.6841
1779514342,R_75,28211.4523
1779514344,R_75,28209.1369
1779514346,R_75,28210.9362
1779514348,R_75,28222.3276
1779514350,R_75,28217.011
1779514352,R_75,28213.6865
1779514354,R_75,28218.0682
1779514356,R_75,28220.6977
1779514358,R_75,28215.6478
1779514360,R_75,28219.1926
1779514362,R_75,28219.3625
1779514364,R_75,28223.2371
1779514366,R_75,28219.6906
1779514368,R_75,28225.6028
1779514370,R_75,28224.1065
1779514372,R_75,28227.4585
1779514374,R_75,28221.6955
1779514376,R_75,28221.1781
1779514378,R_75,28214.2536
1779514380,R_75,28218.1682
1779514382,R_75,28220.6337
1779514384,R_75,28223.5922
1779514386,R_75,28215.9209
1779514388,R_75,28211.2857
1779514390,R_75,28202.8842
1779514392,R_75,28193.5213
1779514394,R_75,28194.8295
1779514396,R_75,28195.3697
1779514398,R_75,28194.0566
1779514400,R_75,28199.7426
1779514402,R_75,28202.1691
1779514404,R_75,28197.057
1779514406,R_75,28199.5452
1779514408,R_75,28204.2778
1779514410,R_75,28202.2281
1779514412,R_75,28193.3078
1779514414,R_75,28192.3498
1779514416,R_75,28199.3447
1779514418,R_75,28187.938
1779514420,R_75,28187.9775
1779514422,R_75,28183.5093
1779514424,R_75,28186.8469
1779514426,R_75,28176.3101
1779514428,R_75,28175.5685
1779514430,R_75,28175.7861
1779514432,R_75,28177.7185
1779514434,R_75,28175.6933
1779514436,R_75,28168.2757
1779514438,R_75,28165.1109
1779514440,R_75,28168.9314
1779514442,R_75,28168.3078
1779514444,R_75,28170.5072
1779514446,R_75,28171.8799
1779514448,R_75,28166.2263
1779514450,R_75,28170.472
1779514452,R_75,28166.9906
1779514454,R_75,28164.3328
1779514456,R_75,28158.2059
1779514458,R_75,28152.8837
1779514460,R_75,28149.9898
1779514462,R_75,28141.6044
1779514464,R_75,28138.9164
1779514466,R_75,28143.0098
1779514468,R_75,28145.261
1779514470,R_75,28143.9087
1779514472,R_75,28143.2397
1779514474,R_75,28144.5128
1779514476,R_75,28141.3562
1779514478,R_75,28139.7758
1779514480,R_75,28138.2477
1779514482,R_75,28141.8062
1779514484,R_75,28139.1683
1779514486,R_75,28142.3479
1779514488,R_75,28142.9638
1779514490,R_75,28156.3111
1779514492,R_75,28148.6632
1779514494,R_75,28154.6369
1779514496,R_75,28148.2291
1779514498,R_75,28148.5014
1779514500,R_75,28149.6642
1779514502,R_75,28146.1864
1779514504,R_75,28144.0538
1779514506,R_75,28137.7559
1779514508,R_75,28133.4438
1779514510,R_75,28142.2682
1779514512,R_75,28145.2163
1779514514,R_75,28141.3389
1779514516,R_75,28142.2014
1779514518,R_75,28148.2224
1779514520,R_75,28154.5334
1779514522,R_75,28160.4991
1779514524,R_75,28164.1063
1779514526,R_75,28165.1018
1779514528,R_75,28157.8808
1779514530,R_75,28156.1542
1779514532,R_75,28156.0701
1779514534,R_75,28165.8646
1779514536,R_75,28171.9061
1779514538,R_75,28182.3739
1779514540,R_75,28190.9085
1779514542,R_75,28199.1733
1779514544,R_75,28201.5409
1779514546,R_75,28198.7091
1779514548,R_75,28202.767
1779514550,R_75,28209.4021
1779514552,R_75,28205.4408
1779514554,R_75,28208.3362
1779514556,R_75,28213.1285
1779514558,R_75,28208.7708
1779514560,R_75,28207.5664
1779514562,R_75,28207.296
1779514564,R_75,28205.0839
1779514566,R_75,28198.6275
1779514568,R_75,28195.9864
1779514570,R_75,28188.7176
1779514572,R_75,28192.2678
1779514574,R_75,28191.5437
1779514576,R_75,28200.2838
1779514578,R_75,28204.9935
1779514580,R_75,28218.0418
1779514582,R_75,28216.5958
1779514584,R_75,28215.6624
1779514586,R_75,28223.113
1779514588,R_75,28219.2358
1779514590,R_75,28218.5792
1779514592,R_75,28216.523
1779514594,R_75,28218.2727
1779514596,R_75,28229.2955
1779514598,R_75,28230.007
1779514600,R_75,28234.0584
1779514602,R_75,28241.3274
1779514604,R_75,28243.3661
1779514606,R_75,28230.2336
1779514608,R_75,28231.487
1779514610,R_75,28233.3524
1779514612,R_75,28234.2161
1779514614,R_75,28230.5919
1779514616,R_75,28229.8257
1779514618,R_75,28234.621
1779514620,R_75,28226.3862
1779514622,R_75,28225.1679
1779514624,R_75,28228.2642
1779514626,R_75,28232.0159
1779514628,R_75,28226.9619
1779514630,R_75,28229.2173
1779514632,R_75,28223.7132
1779514634,R_75,28222.2546
1779514636,R_75,28220.9156
1779514638,R_75,28225.149
1779514640,R_75,28217.4316
1779514642,R_75,28217.1874
1779514644,R_75,28224.0813
1779514646,R_75,28227.4132
1779514648,R_75,28226.3236
1779514650,R_75,28227.9504
1779514652,R_75,28225.0877
1779514654,R_75,28221.4162
1779514656,R_75,28234.1015
1779514658,R_75,28239.6678
1779514660,R_75,28243.3414
1779514662,R_75,28248.7999
1779514664,R_75,28250.215
1779514666,R_75,28249.3738
1779514668,R_75,28250.0002
1779514670,R_75,28245.2364
1779514672,R_75,28242.2514
1779514674,R_75,28236.2533
1779514676,R_75,28245.4962
1779514678,R_75,28257.2876
1779514680,R_75,28253.8205
1779514682,R_75,28256.2682
1779514684,R_75,28249.0021
1779514686,R_75,28249.8434
1779514688,R_75,28253.2578
1779514690,R_75,28258.686
1779514692,R_75,28264.8288
1779514694,R_75,28275.3854
1779514696,R_75,28273.445
1779514698,R_75,28273.0208
1779514700,R_75,28276.244
1779514702,R_75,28274.5908
1779514704,R_75,28274.6835
1779514706,R_75,28276.9859
1779514708,R_75,28281.8409
1779514710,R_75,28286.601
1779514712,R_75,28285.7942
1779514714,R_75,28277.3164
1779514716,R_75,28275.2558
1779514718,R_75,28274.7734
1779514720,R_75,28274.9082
1779514722,R_75,28273.4967
1779514724,R_75,28281.0898
1779514726,R_75,28282.6353
1779514728,R_75,28283.2922
1779514730,R_75,28285.4278
1779514732,R_75,28272.9839
1779514734,R_75,28272.3117
1779514736,R_75,28266.1381
1779514738,R_75,28276.7685
1779514740,R_75,28282.941
1779514742,R_75,28287.4406
1779514744,R_75,28290.5078
1779514746,R_75,28286.154
1779514748,R_75,28283.0463
1779514750,R_75,28281.2465
1779514752,R_75,28282.4009
1779514754,R_75,28283.5901
1779514756,R_75,28271.2131
1779514758,R_75,28262.935
1779514760,R_75,28269.0757
1779514762,R_75,28269.4947
1779514764,R_75,28268.9173
1779514766,R_75,28268.4667
1779514768,R_75,28275.2139
1779514770,R_75,28276.5519
1779514772,R_75,28283.8676
1779514774,R_75,28279.5285
1779514776,R_75,28271.2009
1779514778,R_75,28278.364
1779514780,R_75,28272.3716
1779514782,R_75,28277.1861
1779514784,R_75,28283.6909
1779514786,R_75,28279.1505
1779514788,R_75,28273.3276
1779514790,R_75,28269.5255
1779514792,R_75,28270.2348
1779514794,R_75,28267.944
1779514796,R_75,28267.1778
1779514798,R_75,28268.8223
1779514800,R_75,28270.9097
1779514802,R_75,28270.8967
1779514804,R_75,28270.1946
1779514806,R_75,28268.3556
1779514808,R_75,28271.1855
1779514810,R_75,28256.1111
1779514812,R_75,28261.8986
1779514814,R_75,28265.3487
1779514816,R_75,28254.1017
1779514818,R_75,28266.4241
1779514820,R_75,28262.9531
1779514822,R_75,28259.3873
1779514824,R_75,28256.4262
1779514826,R_75,28256.0172
1779514828,R_75,28252.6803
1779514830,R_75,28250.2967
1779514832,R_75,28250.2632
1779514834,R_75,28244.1131
1779514836,R_75,28246.0899
1779514838,R_75,28238.5668
1779514840,R_75,28243.0031
1779514842,R_75,28241.8685
1779514844,R_75,28239.9097
1779514846,R_75,28237.7374
1779514848,R_75,28235.8181
1779514850,R_75,28225.0587
1779514852,R_75,28227.4357
1779514854,R_75,28232.6464
1779514856,R_75,28235.6646
1779514858,R_75,28236.0398
1779514860,R_75,28233.5379
1779514862,R_75,28229.4246
1779514864,R_75,28233.2741
1779514866,R_75,28233.4698
1779514868,R_75,28230.6661
1779514870,R_75,28233.7789
1779514872,R_75,28228.2335
1779514874,R_75,28230.389
1779514876,R_75,28233.8665
1779514878,R_75,28228.8726
1779514880,R_75,28227.4935
1779514882,R_75,28226.3718
1779514884,R_75,28225.0021
1779514886,R_75,28223.3268
1779514888,R_75,28233.1977
1779514890,R_75,28228.408
1779514892,R_75,28224.6991
1779514894,R_75,28228.2665
1779514896,R_75,28227.775
1779514898,R_75,28224.4616
1779514900,R_75,28220.5652
1779514902,R_75,28227.097
1779514904,R_75,28231.0324
1779514906,R_75,28226.4763
1779514908,R_75,28224.3558
1779514910,R_75,28227.917
1779514912,R_75,28226.4112
1779514914,R_75,28233.2923
1779514916,R_75,28234.5785
1779514918,R_75,28231.4888
1779514920,R_75,28234.8477
1779514922,R_75,28228.4521
1779514924,R_75,28228.8589
1779514926,R_75,28220.9903
1779514928,R_75,28218.4296
1779514930,R_75,28220.3044
1779514932,R_75,28226.2236
1779514934,R_75,28218.5256
1779514936,R_75,28216.6677
1779514938,R_75,28219.3006
1779514940,R_75,28225.091
1779514942,R_75,28219.9441
1779514944,R_75,28221.5939
1779514946,R_75,28212.8277
1779514948,R_75,28199.7237
1779514950,R_75,28196.4921
1779514952,R_75,28195.2449
1779514954,R_75,28193.9944
1779514956,R_75,28187.2863
1779514958,R_75,28191.5622
1779514960,R_75,28189.4056
1779514962,R_75,28194.0398
1779514964,R_75,28186.8153
1779514966,R_75,28189.2949
1779514968,R_75,28188.3275
1779514970,R_75,28186.2278
1779514972,R_75,28188.3285
1779514974,R_75,28194.817
1779514976,R_75,28192.8375
1779514978,R_75,28193.3549
1779514980,R_75,28199.2516
1779514982,R_75,28194.6017
1779514984,R_75,28197.9531
1779514986,R_75,28200.7851
1779514988,R_75,28192.0272
1779514990,R_75,28191.513
1779514992,R_75,28196.6176
1779514994,R_75,28200.2914
1779514996,R_75,28205.6083
1779514998,R_75,28210.4574
1779515000,R_75,28214.2784
1779515002,R_75,28217.4628
1779515004,R_75,28217.5208
1779515006,R_75,28220.2074
1779515008,R_75,28204.8727
1779515010,R_75,28211.6485
1779515012,R_75,28212.7701
1779515014,R_75,28212.1604
1779515016,R_75,28209.5964
1779515018,R_75,28204.4985
1779515020,R_75,28195.5698
1779515022,R_75,28198.0771
1779515024,R_75,28198.2165
1779515026,R_75,28202.5692
1779515028,R_75,28207.139
1779515030,R_75,28209.971
1779515032,R_75,28208.5714
1779515034,R_75,28198.6062
1779515036,R_75,28194.7454
1779515038,R_75,28185.8522
1779515040,R_75,28185.7223
1779515042,R_75,28193.3175
1779515044,R_75,28191.2619
1779515046,R_75,28191.745
1779515048,R_75,28188.3701
1779515050,R_75,28193.0639
1779515052,R_75,28196.6045
1779515054,R_75,28199.6057
1779515056,R_75,28207.7676
1779515058,R_75,28208.358
1779515060,R_75,28200.413
1779515062,R_75,28207.4582
1779515064,R_75,28205.0064
1779515066,R_75,28207.6623
1779515068,R_75,28202.333
1779515070,R_75,28204.6923
1779515072,R_75,28204.3851
1779515074,R_75,28214.7053
1779515076,R_75,28217.7969
1779515078,R_75,28216.4876
1779515080,R_75,28214.0645
1779515082,R_75,28213.4883
1779515084,R_75,28215.5537
1779515086,R_75,28219.7806
1779515088,R_75,28218.1559
1779515090,R_75,28222.1399
1779515092,R_75,28220.7103
1779515094,R_75,28221.692
1779515096,R_75,28226.987
1779515098,R_75,28220.6767
1779515100,R_75,28215.2303
1779515102,R_75,28217.6482
1779515104,R_75,28210.7391
1779515106,R_75,28201.7267
1779515108,R_75,28188.3872
1779515110,R_75,28189.4455
1779515112,R_75,28190.9884
1779515114,R_75,28196.9239
1779515116,R_75,28187.7459
1779515118,R_75,28198.3129
1779515120,R_75,28204.8231
1779515122,R_75,28210.7976
1779515124,R_75,28210.235
1779515126,R_75,28207.7859
1779515128,R_75,28214.2082
1779515130,R_75,28209.2139
1779515132,R_75,28207.6497
1779515134,R_75,28210.7443
1779515136,R_75,28207.7406
1779515138,R_75,28209.7297
1779515140,R_75,28209.8193
1779515142,R_75,28211.2908
1779515144,R_75,28221.164
1779515146,R_75,28222.7178
1779515148,R_75,28226.6131
1779515150,R_75,28231.9914
1779515152,R_75,28231.7258
1779515154,R_75,28234.415
1779515156,R_75,28225.2144
1779515158,R_75,28217.2137
1779515160,R_75,28221.4025
1779515162,R_75,28225.5263
1779515164,R_75,28223.9923
1779515166,R_75,28224.3068
1779515168,R_75,28227.3309
1779515170,R_75,28236.6109
1779515172,R_75,28238.2322
1779515174,R_75,28238.9758
1779515176,R_75,28235.241
1779515178,R_75,28239.7568
1779515180,R_75,28240.0783
1779515182,R_75,28248.4986
1779515184,R_75,28252.5615
1779515186,R_75,28245.6735
1779515188,R_75,28248.5187
1779515190,R_75,28250.092
1779515192,R_75,28246.4418
1779515194,R_75,28252.2889
1779515196,R_75,28251.1069
1779515198,R_75,28251.6054
1779515200,R_75,28248.6354
1779515202,R_75,28254.8396
1779515204,R_75,28255.6171
1779515206,R_75,28255.7757
1779515208,R_75,28246.0727
1779515210,R_75,28249.1289
1779515212,R_75,28254.5022
1779515214,R_75,28252.0651
1779515216,R_75,28260.7541
1779515218,R_75,28261.6492
1779515220,R_75,28267.457
1779515222,R_75,28263.1038
1779515224,R_75,28267.4182
1779515226,R_75,28268.4701
1779515228,R_75,28269.0955
1779515230,R_75,28266.8409
1779515232,R_75,28260.4117
1779515234,R_75,28258.9031
1779515236,R_75,28261.0443
1779515238,R_75,28259.5741
1779515240,R_75,28266.1748
1779515242,R_75,28262.6745
1779515244,R_75,28265.3773
1779515246,R_75,28268.6764
1779515248,R_75,28268.9181
1779515250,R_75,28267.6342
1779515252,R_75,28267.269
1779515254,R_75,28279.4904
1779515256,R_75,28271.6788
1779515258,R_75,28273.8105
1779515260,R_75,28272.5632
1779515262,R_75,28262.1973
1779515264,R_75,28265.5792
1779515266,R_75,28266.5397
1779515268,R_75,28275.1831
1779515270,R_75,28280.7954
1779515272,R_75,28285.8626
1779515274,R_75,28290.0599
1779515276,R_75,28291.6944
1779515278,R_75,28289.4601
1779515280,R_75,28286.5034
1779515282,R_75,28293.0997
1779515284,R_75,28302.6208
1779515286,R_75,28301.935
1779515288,R_75,28296.0324
1779515290,R_75,28300.2469
1779515292,R_75,28294.3659
1779515294,R_75,28290.603
1779515296,R_75,28297.294
1779515298,R_75,28294.3384
1779515300,R_75,28293.9808
1779515302,R_75,28287.2036
1779515304,R_75,28282.748
1779515306,R_75,28285.2417
1779515308,R_75,28276.9001
1779515310,R_75,28276.0499
1779515312,R_75,28266.3985
1779515314,R_75,28263.9199
1779515316,R_75,28251.6334
1779515318,R_75,28246.8271
1779515320,R_75,28244.7318
1779515322,R_75,28242.8604
1779515324,R_75,28246.3341
1779515326,R_75,28243.4823
1779515328,R_75,28239.9129
1779515330,R_75,28236.6883
1779515332,R_75,28239.2068
1779515334,R_75,28240.7875
1779515336,R_75,28240.5148
1779515338,R_75,28244.4018
1779515340,R_75,28244.8941
1779515342,R_75,28251.1647
1779515344,R_75,28249.8161
1779515346,R_75,28258.137
1779515348,R_75,28258.445
1779515350,R_75,28258.0911
1779515352,R_75,28254.0578
1779515354,R_75,28249.6786
1779515356,R_75,28245.8163
1779515358,R_75,28243.0186
1779515360,R_75,28242.0476
1779515362,R_75,28242.895
1779515364,R_75,28247.9848
1779515366,R_75,28247.5215
1779515368,R_75,28242.7204
1779515370,R_75,28245.7356
1779515372,R_75,28236.7333
1779515374,R_75,28237.6901
1779515376,R_75,28249.1182
1779515378,R_75,28235.8504
1779515380,R_75,28234.0263
1779515382,R_75,28218.8064
1779515384,R_75,28214.9635
1779515386,R_75,28211.5595
1779515388,R_75,28209.5365
1779515390,R_75,28217.2705
1779515392,R_75,28218.7421
1779515394,R_75,28223.9182
1779515396,R_75,28221.9926
1779515398,R_75,28222.1883
1779515400,R_75,28225.6028
1779515402,R_75,28232.2347
1779515404,R_75,28227.1407
1779515406,R_75,28226.8183
1779515408,R_75,28218.6758
1779515410,R_75,28223.1137
1779515412,R_75,28230.1656
1779515414,R_75,28229.543
1779515416,R_75,28221.2096
1779515418,R_75,28211.2488
1779515420,R_75,28215.8969
1779515422,R_75,28219.482
1779515424,R_75,28211.5181
1779515426,R_75,28212.6717
1779515428,R_75,28219.1495
1779515430,R_75,28217.6585
1779515432,R_75,28210.1679
1779515434,R_75,28208.6527
1779515436,R_75,28200.4136
1779515438,R_75,28201.8622
1779515440,R_75,28196.1801
1779515442,R_75,28195.8024
1779515444,R_75,28203.2556
1779515446,R_75,28203.7418
1779515448,R_75,28202.0822
1779515450,R_75,28202.4052
1779515452,R_75,28209.4196
1779515454,R_75,28215.8098
1779515456,R_75,28210.4978
1779515458,R_75,28217.852
1779515460,R_75,28211.082
1779515462,R_75,28205.1541
1779515464,R_75,28204.6878
1779515466,R_75,28206.9257
1779515468,R_75,28209.6039
1779515470,R_75,28204.1708
1779515472,R_75,28194.1204
1779515474,R_75,28196.0873
1779515476,R_75,28202.876
1779515478,R_75,28208.7426
1779515480,R_75,28210.7992
1779515482,R_75,28204.2806
1779515484,R_75,28202.4832
1779515486,R_75,28204.7571
1779515488,R_75,28203.5224
1779515490,R_75,28203.7749
1779515492,R_75,28201.233
1779515494,R_75,28198.2098
1779515496,R_75,28196.6442
1779515498,R_75,28193.8867
1779515500,R_75,28193.119
1779515502,R_75,28186.0701
1779515504,R_75,28184.9568
1779515506,R_75,28183.3121
1779515508,R_75,28180.6929
1779515510,R_75,28181.807
1779515512,R_75,28183.2086
1779515514,R_75,28185.6566
1779515516,R_75,28192.3931
1779515518,R_75,28191.8852
1779515520,R_75,28193.9202
1779515522,R_75,28207.3881
1779515524,R_75,28206.2047
1779515526,R_75,28211.3774
1779515528,R_75,28212.9839
1779515530,R_75,28203.1348
1779515532,R_75,28197.5213
1779515534,R_75,28194.8535
1779515536,R_75,28198.1026
1779515538,R_75,28201.6725
1779515540,R_75,28211.4603
1779515542,R_75,28215.727
1779515544,R_75,28209.9575
1779515546,R_75,28205.2482
1779515548,R_75,28192.9537
1779515550,R_75,28191.5136
1779515552,R_75,28192.6769
1779515554,R_75,28198.0566
1779515556,R_75,28210.5141
1779515558,R_75,28207.2061
1779515560,R_75,28214.1878
1779515562,R_75,28221.8387
1779515564,R_75,28215.1532
1779515566,R_75,28208.9861
1779515568,R_75,28207.7039
1779515570,R_75,28206.0342
1779515572,R_75,28215.082
1779515574,R_75,28224.0454
1779515576,R_75,28226.3476
1779515578,R_75,28223.5756
1779515580,R_75,28228.6353
1779515582,R_75,28230.687
1779515584,R_75,28239.6767
1779515586,R_75,28233.1608
1779515588,R_75,28233.9284
1779515590,R_75,28235.1501
1779515592,R_75,28234.6498
1779515594,R_75,28238.4972
1779515596,R_75,28243.0355
1779515598,R_75,28242.4377
1779515600,R_75,28243.0788
1779515602,R_75,28239.2011
1779515604,R_75,28235.5851
1779515606,R_75,28228.4693
1779515608,R_75,28222.4832
1779515610,R_75,28220.1487
1779515612,R_75,28215.0844
1779515614,R_75,28212.5003
1779515616,R_75,28219.0207
1779515618,R_75,28214.9181
1779515620,R_75,28205.2854
1779515622,R_75,28199.8431
1779515624,R_75,28195.6437
1779515626,R_75,28196.5559
1779515628,R_75,28204.8332
1779515630,R_75,28203.7187
1779515632,R_75,28201.2335
1779515634,R_75,28201.4575
1779515636,R_75,28204.7253
1779515638,R_75,28207.3994
1779515640,R_75,28205.0452
1779515642,R_75,28199.7435
1779515644,R_75,28196.0869
1779515646,R_75,28197.4198
1779515648,R_75,28192.9586
1779515650,R_75,28199.53
1779515652,R_75,28197.3957
1779515654,R_75,28207.258
1779515656,R_75,28207.5827
1779515658,R_75,28210.6228
1779515660,R_75,28211.9561
1779515662,R_75,28215.8159
1779515664,R_75,28212.3543
1779515666,R_75,28211.7319
1779515668,R_75,28202.7691
1779515670,R_75,28201.2701
1779515672,R_75,28202.6901
1779515674,R_75,28205.8208
1779515676,R_75,28210.077
1779515678,R_75,28209.8108
1779515680,R_75,28208.528
1779515682,R_75,28197.0692
1779515684,R_75,28189.8604
1779515686,R_75,28187.5401
1779515688,R_75,28187.9669
1779515690,R_75,28187.7136
1779515692,R_75,28191.6578
1779515694,R_75,28198.1919
1779515696,R_75,28198.8462
1779515698,R_75,28195.2677
1779515700,R_75,28200.7421
1779515702,R_75,28199.8657
1779515704,R_75,28206.6876
1779515706,R_75,28208.2206
1779515708,R_75,28216.2778
1779515710,R_75,28213.4608
1779515712,R_75,28212.9639
1779515714,R_75,28219.9197
1779515716,R_75,28217.3118
1779515718,R_75,28214.1445
1779515720,R_75,28215.1575
1779515722,R_75,28213.931
1779515724,R_75,28217.4539
1779515726,R_75,28212.5098
1779515728,R_75,28204.4246
1779515730,R_75,28205.0283
1779515732,R_75,28206.6285
1779515734,R_75,28204.2943
1779515736,R_75,28207.5273
1779515738,R_75,28207.6233
1779515740,R_75,28207.7575
1779515742,R_75,28207.6692
1779515744,R_75,28208.8536
1779515746,R_75,28211.4949
1779515748,R_75,28211.8372
1779515750,R_75,28213.8336
1779515752,R_75,28212.4161
1779515754,R_75,28211.886
1779515756,R_75,28209.9698
1779515758,R_75,28206.4553
1779515760,R_75,28206.5344
1779515762,R_75,28209.7316
1779515764,R_75,28208.0565
1779515766,R_75,28211.1796
1779515768,R_75,28219.2167
1779515770,R_75,28225.992
1779515772,R_75,28223.2942
1779515774,R_75,28225.4658
1779515776,R_75,28235.1356
1779515778,R_75,28236.8019
1779515780,R_75,28241.6953
1779515782,R_75,28243.1063
1779515784,R_75,28252.26
1779515786,R_75,28254.4416
1779515788,R_75,28245.3912
1779515790,R_75,28245.215
1779515792,R_75,28248.0663
1779515794,R_75,28249.972
1779515796,R_75,28245.8187
1779515798,R_75,28249.2504
1779515800,R_75,28252.5091
1779515802,R_75,28249.1606
1779515804,R_75,28250.3724
1779515806,R_75,28249.7283
1779515808,R_75,28242.5
1779515810,R_75,28244.8238
1779515812,R_75,28247.1226
1779515814,R_75,28253.3007
1779515816,R_75,28245.6041
1779515818,R_75,28242.0284
1779515820,R_75,28244.2725
1779515822,R_75,28241.5027
1779515824,R_75,28238.3442
1779515826,R_75,28235.5387
1779515828,R_75,28240.2139
1779515830,R_75,28246.7915
1779515832,R_75,28246.0212
1779515834,R_75,28244.4573
1779515836,R_75,28246.0024
1779515838,R_75,28246.5169
1779515840,R_75,28247.8317
1779515842,R_75,28246.8935
1779515844,R_75,28254.4588
1779515846,R_75,28252.8699
1779515848,R_75,28251.9744
1779515850,R_75,28250.6889
1779515852,R_75,28252.6484
1779515854,R_75,28244.7556
1779515856,R_75,28250.5855
1779515858,R_75,28245.3642
1779515860,R_75,28251.2568
1779515862,R_75,28251.9908
1779515864,R_75,28254.4081
1779515866,R_75,28256.0215
1779515868,R_75,28252.0226
1779515870,R_75,28252.9601
1779515872,R_75,28253.6513
1779515874,R_75,28246.4274
1779515876,R_75,28260.4303
1779515878,R_75,28258.655
1779515880,R_75,28253.351
1779515882,R_75,28248.4537
1779515884,R_75,28256.8656
1779515886,R_75,28252.4546
1779515888,R_75,28250.4705
1779515890,R_75,28244.5073
1779515892,R_75,28232.9098
1779515894,R_75,28236.8185
1779515896,R_75,28239.6675
1779515898,R_75,28249.0997
1779515900,R_75,28250.6003
1779515902,R_75,28251.4654
1779515904,R_75,28243.2567
1779515906,R_75,28243.3843
1779515908,R_75,28246.5005
1779515910,R_75,28254.8043
1779515912,R_75,28253.8
1779515914,R_75,28254.6524
1779515916,R_75,28250.3581
1779515918,R_75,28252.4479
1779515920,R_75,28253.3785
1779515922,R_75,28258.8465
1779515924,R_75,28260.6733
1779515926,R_75,28256.652
1779515928,R_75,28259.5437
1779515930,R_75,28253.144
1779515932,R_75,28258.0903
1779515934,R_75,28250.8428
1779515936,R_75,28258.1422
1779515938,R_75,28269.0086
1779515940,R_75,28265.2001
1779515942,R_75,28263.6513
1779515944,R_75,28260.2618
1779515946,R_75,28262.2893
1779515948,R_75,28257.8454
1779515950,R_75,28251.2388
1779515952,R_75,28258.1518
1779515954,R_75,28257.1113
1779515956,R_75,28258.8534
1779515958,R_75,28258.5681
1779515960,R_75,28255.9329
1779515962,R_75,28253.2746
1779515964,R_75,28250.0992
1779515966,R_75,28256.0965
1779515968,R_75,28256.6088
1779515970,R_75,28252.0046
1779515972,R_75,28250.2772
1779515974,R_75,28244.3784
1779515976,R_75,28237.1938
1779515978,R_75,28243.3018
1779515980,R_75,28250.2133
1779515982,R_75,28247.8193
1779515984,R_75,28233.2709
1779515986,R_75,28238.5935
1779515988,R_75,28243.4471
1779515990,R_75,28240.7159
1779515992,R_75,28237.144
1779515994,R_75,28222.0126
1779515996,R_75,28225.7611
1779515998,R_75,28221.2463
1779516000,R_75,28217.0716
1779516002,R_75,28215.0743
1779516004,R_75,28208.2314
1779516006,R_75,28211.0934
1779516008,R_75,28202.45
1779516010,R_75,28200.707
1779516012,R_75,28197.6762
1779516014,R_75,28198.2647
1779516016,R_75,28207.3929
1779516018,R_75,28194.4775
1779516020,R_75,28188.961
1779516022,R_75,28187.0237
1779516024,R_75,28187.6983
1779516026,R_75,28179.4815
1779516028,R_75,28175.788
1779516030,R_75,28188.8487
1779516032,R_75,28184.8892
1779516034,R_75,28188.6862
1779516036,R_75,28193.2979
1779516038,R_75,28180.3229
1779516040,R_75,28177.9051
1779516042,R_75,28170.4036
1779516044,R_75,28171.8157
1779516046,R_75,28176.2296
1779516048,R_75,28176.4464
1779516050,R_75,28169.2745
1779516052,R_75,28170.8932
1779516054,R_75,28169.921
1779516056,R_75,28163.8775
1779516058,R_75,28158.4098
1779516060,R_75,28159.3194
1779516062,R_75,28151.2355
1779516064,R_75,28151.4341
1779516066,R_75,28146.7791
1779516068,R_75,28152.5548
1779516070,R_75,28149.4936
1779516072,R_75,28153.456
1779516074,R_75,28150.3351
1779516076,R_75,28152.0126
1779516078,R_75,28160.2454
1779516080,R_75,28168.4009
1779516082,R_75,28161.9175
1779516084,R_75,28155.6285
1779516086,R_75,28155.7997
1779516088,R_75,28141.965
1779516090,R_75,28139.7942
1779516092,R_75,28137.7358
1779516094,R_75,28127.6825
1779516096,R_75,28124.1097
1779516098,R_75,28125.0345
1779516100,R_75,28115.0833
1779516102,R_75,28118.8518
1779516104,R_75,28122.6192
1779516106,R_75,28129.923
1779516108,R_75,28136.2051
1779516110,R_75,28137.0795
1779516112,R_75,28138.9704
1779516114,R_75,28137.2576
1779516116,R_75,28137.7365
1779516118,R_75,28133.9128
1779516120,R_75,28136.125
1779516122,R_75,28138.8577
1779516124,R_75,28143.504
1779516126,R_75,28139.5713
1779516128,R_75,28138.3947
1779516130,R_75,28144.1468
1779516132,R_75,28145.786
1779516134,R_75,28141.8787
1779516136,R_75,28133.2825
1779516138,R_75,28138.8448
1779516140,R_75,28140.0867
1779516142,R_75,28150.9729
1779516144,R_75,28153.9941
1779516146,R_75,28152.5588
1779516148,R_75,28152.9196
1779516150,R_75,28154.2401
1779516152,R_75,28159.8733
1779516154,R_75,28156.6111
1779516156,R_75,28153.1399
1779516158,R_75,28148.8631
1779516160,R_75,28150.4192
1779516162,R_75,28154.4994
1779516164,R_75,28159.2536
1779516166,R_75,28156.1685
1779516168,R_75,28146.8199
1779516170,R_75,28143.9847
1779516172,R_75,28140.2961
1779516174,R_75,28137.7292
1779516176,R_75,28146.7117
1779516178,R_75,28154.3543
1779516180,R_75,28156.3924
1779516182,R_75,28162.1564
1779516184,R_75,28177.3683
1779516186,R_75,28180.424
1779516188,R_75,28188.8994
1779516190,R_75,28196.8406
1779516192,R_75,28195.5453
1779516194,R_75,28187.0009
1779516196,R_75,28195.2026
1779516198,R_75,28194.6781
1779516200,R_75,28193.7834
1779516202,R_75,28181.0695
1779516204,R_75,28181.5149
1779516206,R_75,28175.6847
1779516208,R_75,28170.0851
1779516210,R_75,28173.4873
1779516212,R_75,28179.4255
1779516214,R_75,28188.2513
1779516216,R_75,28187.5656
1779516218,R_75,28197.3584
1779516220,R_75,28188.9009
1779516222,R_75,28188.7691
1779516224,R_75,28195.1734
1779516226,R_75,28198.1169
1779516228,R_75,28195.1965
1779516230,R_75,28191.339
1779516232,R_75,28197.5274
1779516234,R_75,28203.6123
1779516236,R_75,28207.9529
1779516238,R_75,28205.5479
1779516240,R_75,28198.9584
1779516242,R_75,28189.4965
1779516244,R_75,28184.9942
1779516246,R_75,28184.7828
1779516248,R_75,28193.4854
1779516250,R_75,28200.9889
1779516252,R_75,28201.8808
1779516254,R_75,28193.6296
1779516256,R_75,28186.3802
1779516258,R_75,28181.9469
1779516260,R_75,28179.6047
1779516262,R_75,28168.329
1779516264,R_75,28165.7777
1779516266,R_75,28160.5739
1779516268,R_75,28161.48
1779516270,R_75,28176.7149
1779516272,R_75,28176.871
1779516274,R_75,28178.4624
1779516276,R_75,28182.5656
1779516278,R_75,28186.6667
1779516280,R_75,28188.503
1779516282,R_75,28195.4364
1779516284,R_75,28198.1712
1779516286,R_75,28196.8609
1779516288,R_75,28192.0226
1779516290,R_75,28185.8736
1779516292,R_75,28178.5236
1779516294,R_75,28177.0009
1779516296,R_75,28179.6057
1779516298,R_75,28179.9858
1779516300,R_75,28180.977
1779516302,R_75,28179.1437
1779516304,R_75,28173.815
1779516306,R_75,28175.4109
1779516308,R_75,28178.0448
1779516310,R_75,28180.8855
1779516312,R_75,28184.5069
1779516314,R_75,28187.0422
1779516316,R_75,28182.7222
1779516318,R_75,28188.3254
1779516320,R_75,28181.6546
1779516322,R_75,28183.0534
1779516324,R_75,28173.8077
1779516326,R_75,28179.1497
1779516328,R_75,28181.9083
1779516330,R_75,28187.7106
1779516332,R_75,28178.1351
1779516334,R_75,28177.1024
1779516336,R_75,28179.1658
1779516338,R_75,28178.4686
1779516340,R_75,28175.7555
1779516342,R_75,28171.4199
1779516344,R_75,28163.7656
1779516346,R_75,28169.1506
1779516348,R_75,28168.6235
1779516350,R_75,28169.6354
1779516352,R_75,28170.4261
1779516354,R_75,28159.8007
1779516356,R_75,28160.8913
1779516358,R_75,28159.2749
1779516360,R_75,28165.9041
1779516362,R_75,28170.691
1779516364,R_75,28163.3747
1779516366,R_75,28165.0299
1779516368,R_75,28175.1329
1779516370,R_75,28179.8386
1779516372,R_75,28184.1516
1779516374,R_75,28188.9988
1779516376,R_75,28190.5193
1779516378,R_75,28190.816
1779516380,R_75,28189.342
1779516382,R_75,28189.253
1779516384,R_75,28178.4007
1779516386,R_75,28184.6245
1779516388,R_75,28190.4737
1779516390,R_75,28185.1694
1779516392,R_75,28182.7309
1779516394,R_75,28180.7762
1779516396,R_75,28197.4537
1779516398,R_75,28192.1876
1779516400,R_75,28195.4085
1779516402,R_75,28186.9422
1779516404,R_75,28181.2673
1779516406,R_75,28175.913
1779516408,R_75,28176.4237
1779516410,R_75,28191.1811
1779516412,R_75,28189.5139
1779516414,R_75,28187.1007
1779516416,R_75,28195.3733
1779516418,R_75,28193.3752
1779516420,R_75,28194.3848
1779516422,R_75,28199.3858
1779516424,R_75,28203.214
1779516426,R_75,28200.2107
1779516428,R_75,28206.6905
1779516430,R_75,28216.4708
1779516432,R_75,28217.6421
1779516434,R_75,28220.8597
1779516436,R_75,28226.9089
1779516438,R_75,28237.1467
1779516440,R_75,28241.8102
1779516442,R_75,28233.2781
1779516444,R_75,28234.3455
1779516446,R_75,28227.9026
1779516448,R_75,28217.4814
1779516450,R_75,28219.5099
1779516452,R_75,28227.737
1779516454,R_75,28218.5597
1779516456,R_75,28213.5724
1779516458,R_75,28209.8043
1779516460,R_75,28211.6782
1779516462,R_75,28210.0822
1779516464,R_75,28203.2928
1779516466,R_75,28203.706
1779516468,R_75,28203.3178
1779516470,R_75,28197.9869
1779516472,R_75,28196.3103
1779516474,R_75,28197.1206
1779516476,R_75,28198.5628
1779516478,R_75,28201.5713
1779516480,R_75,28200.5612
1779516482,R_75,28210.1428
1779516484,R_75,28207.4996
1779516486,R_75,28209.2026
1779516488,R_75,28215.8241
1779516490,R_75,28217.9307
1779516492,R_75,28219.2122
1779516494,R_75,28215.0216
1779516496,R_75,28219.0661
1779516498,R_75,28216.3029
1779516500,R_75,28216.7274
1779516502,R_75,28224.4999
1779516504,R_75,28229.7306
1779516506,R_75,28231.5736
1779516508,R_75,28245.2874
1779516510,R_75,28245.7548
1779516512,R_75,28249.6426
1779516514,R_75,28250.6979
1779516516,R_75,28248.8602
1779516518,R_75,28244.4134
1779516520,R_75,28243.9502
1779516522,R_75,28242.9073
1779516524,R_75,28239.3263
1779516526,R_75,28243.3818
1779516528,R_75,28247.436
1779516530,R_75,28239.2946
1779516532,R_75,28232.8618
1779516534,R_75,28237.5001
1779516536,R_75,28242.0077
1779516538,R_75,28239.3754
1779516540,R_75,28242.0284
1779516542,R_75,28242.9537
1779516544,R_75,28253.409
1779516546,R_75,28241.7032
1779516548,R_75,28242.9269
1779516550,R_75,28247.2827
1779516552,R_75,28246.4274
1779516554,R_75,28253.0153
1779516556,R_75,28254.6661
1779516558,R_75,28255.153
1779516560,R_75,28247.839
1779516562,R_75,28252.4143
1779516564,R_75,28253.6246
1779516566,R_75,28259.3178
1779516568,R_75,28259.5717
1779516570,R_75,28257.7728
1779516572,R_75,28255.137
1779516574,R_75,28251.1367
1779516576,R_75,28256.0215
1779516578,R_75,28260.8056
1779516580,R_75,28255.9534
1779516582,R_75,28252.1955
1779516584,R_75,28246.2038
1779516586,R_75,28253.8621
1779516588,R_75,28250.5702
1779516590,R_75,28260.0413
1779516592,R_75,28254.5836
1779516594,R_75,28254.1303
1779516596,R_75,28255.7167
1779516598,R_75,28254.7762
1779516600,R_75,28259.258
1779516602,R_75,28247.9478
1779516604,R_75,28247.7689
1779516606,R_75,28252.4399
1779516608,R_75,28250.0824
1779516610,R_75,28249.4772
1779516612,R_75,28253.9807
1779516614,R_75,28245.1513
1779516616,R_75,28248.7416
1779516618,R_75,28246.6794
1779516620,R_75,28242.292
1779516622,R_75,28243.292
1779516624,R_75,28245.1252
1779516626,R_75,28243.1803
1779516628,R_75,28248.4882
1779516630,R_75,28252.5376
1779516632,R_75,28254.6124
1779516634,R_75,28251.0368
1779516636,R_75,28256.1225
1779516638,R_75,28264.9189
1779516640,R_75,28265.0538
1779516642,R_75,28269.2292
1779516644,R_75,28280.5977
1779516646,R_75,28273.3323
1779516648,R_75,28278.3142
1779516650,R_75,28290.8137
1779516652,R_75,28296.141
1779516654,R_75,28291.5927
1779516656,R_75,28295.7633
1779516658,R_75,28298.0216
1779516660,R_75,28298.4119
1779516662,R_75,28295.219
1779516664,R_75,28296.1379
1779516666,R_75,28298.7505
1779516668,R_75,28294.4015
1779516670,R_75,28294.1031
1779516672,R_75,28293.2344
1779516674,R_75,28291.9353
1779516676,R_75,28289.7452
1779516678,R_75,28288.0985
1779516680,R_75,28283.1989
1779516682,R_75,28280.5369
1779516684,R_75,28285.8543
1779516686,R_75,28283.241
1779516688,R_75,28290.827
1779516690,R_75,28287.6309
1779516692,R_75,28276.7665
1779516694,R_75,28267.5376
1779516696,R_75,28266.853
1779516698,R_75,28269.1667
1779516700,R_75,28263.7592
1779516702,R_75,28258.8551
1779516704,R_75,28267.1857
1779516706,R_75,28267.925
1779516708,R_75,28267.5673
1779516710,R_75,28270.1754
1779516712,R_75,28276.1382
1779516714,R_75,28283.2499
1779516716,R_75,28282.2165
1779516718,R_75,28289.4278
1779516720,R_75,28291.8689
1779516722,R_75,28295.0843
1779516724,R_75,28304.1808
1779516726,R_75,28309.7353
1779516728,R_75,28306.1122
1779516730,R_75,28298.9624
1779516732,R_75,28307.1514
1779516734,R_75,28299.1936
1779516736,R_75,28300.0854
1779516738,R_75,28292.4299
1779516740,R_75,28302.9375
1779516742,R_75,28305.2721
1779516744,R_75,28309.5576
1779516746,R_75,28315.0121
1779516748,R_75,28310.6186
1779516750,R_75,28313.0392
1779516752,R_75,28311.4824
1779516754,R_75,28309.0416
1779516756,R_75,28310.2773
1779516758,R_75,28317.875
1779516760,R_75,28319.6402
1779516762,R_75,28318.6734
1779516764,R_75,28325.9462
1779516766,R_75,28336.3046
1779516768,R_75,28341.8439
1779516770,R_75,28334.6187
1779516772,R_75,28327.7875
1779516774,R_75,28333.8337
1779516776,R_75,28332.7106
1779516778,R_75,28337.0144
1779516780,R_75,28341.6167
1779516782,R_75,28338.1335
1779516784,R_75,28339.4065
1779516786,R_75,28347.6157
1779516788,R_75,28345.2865
1779516790,R_75,28341.3264
1779516792,R_75,28339.3727
1779516794,R_75,28334.9653
1779516796,R_75,28328.4222
1779516798,R_75,28318.8171
1779516800,R_75,28319.557
1779516802,R_75,28320.6871
1779516804,R_75,28320.5397
1779516806,R_75,28320.3649
1779516808,R_75,28312.7994
1779516810,R_75,28316.64
1779516812,R_75,28312.9836
1779516814,R_75,28309.693
1779516816,R_75,28301.9372
1779516818,R_75,28310.6826
1779516820,R_75,28313.7396
1779516822,R_75,28314.281
1779516824,R_75,28318.7508
1779516826,R_75,28319.7102
1779516828,R_75,28322.3768
1779516830,R_75,28329.9983
1779516832,R_75,28329.2917
1779516834,R_75,28329.5665
1779516836,R_75,28329.7549
1779516838,R_75,28324.108
1779516840,R_75,28334.0551
1779516842,R_75,28338.5056
1779516844,R_75,28327.988
1779516846,R_75,28315.984
1779516848,R_75,28321.5101
1779516850,R_75,28322.7531
1779516852,R_75,28324.7664
1779516854,R_75,28322.1431
1779516856,R_75,28317.6419
1779516858,R_75,28310.6924
1779516860,R_75,28308.5869
1779516862,R_75,28307.6857
1779516864,R_75,28316.7655
1779516866,R_75,28316.6955
1779516868,R_75,28324.5543
1779516870,R_75,28330.6128
1779516872,R_75,28324.7476
1779516874,R_75,28325.574
1779516876,R_75,28323.14
1779516878,R_75,28326.3367
1779516880,R_75,28322.8597
1779516882,R_75,28321.6094
1779516884,R_75,28326.2231
1779516886,R_75,28317.3873
1779516888,R_75,28313.6695
1779516890,R_75,28313.9207
1779516892,R_75,28314.6196
1779516894,R_75,28315.4599
1779516896,R_75,28315.9285
1779516898,R_75,28318.094
1779516900,R_75,28316.8578
1779516902,R_75,28319.2645
1779516904,R_75,28308.1501
1779516906,R_75,28313.311
1779516908,R_75,28317.1874
1779516910,R_75,28322.525
1779516912,R_75,28320.2396
1779516914,R_75,28320.0444
1779516916,R_75,28315.4232
1779516918,R_75,28316.3202
1779516920,R_75,28317.6016
1779516922,R_75,28315.1179
1779516924,R_75,28317.1293
1779516926,R_75,28308.7971
1779516928,R_75,28306.9148
1779516930,R_75,28303.5442
1779516932,R_75,28290.5098
1779516934,R_75,28288.512
1779516936,R_75,28283.5034
1779516938,R_75,28277.5315
1779516940,R_75,28268.3974
1779516942,R_75,28266.79
1779516944,R_75,28262.8744
1779516946,R_75,28266.7976
1779516948,R_75,28268.2238
1779516950,R_75,28267.5085
1779516952,R_75,28263.7713
1779516954,R_75,28257.5152
1779516956,R_75,28257.0894
1779516958,R_75,28239.9183
1779516960,R_75,28241.6653
1779516962,R_75,28242.4651
1779516964,R_75,28243.9141
1779516966,R_75,28238.8994
1779516968,R_75,28241.2328
1779516970,R_75,28235.3791
1779516972,R_75,28240.881
1779516974,R_75,28243.2945
1779516976,R_75,28243.3128
1779516978,R_75,28246.978
1779516980,R_75,28254.2333
1779516982,R_75,28249.5234
1779516984,R_75,28253.9642
1779516986,R_75,28254.4551
1779516988,R_75,28247.2029
1779516990,R_75,28241.291
1779516992,R_75,28249.8212
1779516994,R_75,28258.3709
1779516996,R_75,28254.4587
1779516998,R_75,28252.7148
1779517000,R_75,28244.4151
1779517002,R_75,28248.4369
1779517004,R_75,28257.2727
1779517006,R_75,28256.6552
1779517008,R_75,28257.373
1779517010,R_75,28255.7168
1779517012,R_75,28259.181
1779517014,R_75,28269.017
1779517016,R_75,28265.1569
1779517018,R_75,28263.0969
1779517020,R_75,28261.1923
1779517022,R_75,28258.7088
1779517024,R_75,28259.88
1779517026,R_75,28269.8309
1779517028,R_75,28270.796
1779517030,R_75,28263.0461
1779517032,R_75,28257.9251
1779517034,R_75,28261.9303
1779517036,R_75,28260.4484
1779517038,R_75,28268.6834
1779517040,R_75,28272.8064
1779517042,R_75,28266.5818
1779517044,R_75,28260.7595
1779517046,R_75,28264.9159
1779517048,R_75,28258.8399
1779517050,R_75,28250.5989
1779517052,R_75,28249.8467
1779517054,R_75,28243.9243
1779517056,R_75,28249.8748
1779517058,R_75,28253.3709
1779517060,R_75,28249.2508
1779517062,R_75,28243.6183
1779517064,R_75,28237.473
1779517066,R_75,28240.9018
1779517068,R_75,28240.4352
1779517070,R_75,28247.7473
1779517072,R_75,28262.8588
1779517074,R_75,28272.1078
1779517076,R_75,28273.8688
1779517078,R_75,28276.9991
1779517080,R_75,28282.7305
1779517082,R_75,28291.753
1779517084,R_75,28290.1451
1779517086,R_75,28280.8647
1779517088,R_75,28286.8306
1779517090,R_75,28285.9873
1779517092,R_75,28289.927
1779517094,R_75,28283.9205
1779517096,R_75,28280.3456
1779517098,R_75,28276.1041
1779517100,R_75,28275.9903
1779517102,R_75,28283.4346
1779517104,R_75,28281.4396
1779517106,R_75,28274.6095
1779517108,R_75,28281.9341
1779517110,R_75,28281.7748
1779517112,R_75,28290.0147
1779517114,R_75,28286.0719
1779517116,R_75,28287.5688
1779517118,R_75,28282.815
1779517120,R_75,28279.1851
1779517122,R_75,28274.5704
1779517124,R_75,28276.8109
1779517126,R_75,28279.1802
1779517128,R_75,28277.3527
1779517130,R_75,28269.6507
1779517132,R_75,28280.2673
1779517134,R_75,28280.8805
1779517136,R_75,28277.6443
1779517138,R_75,28272.5608
1779517140,R_75,28270.8917
1779517142,R_75,28276.9723
1779517144,R_75,28271.4201
1779517146,R_75,28269.243
1779517148,R_75,28282.3488
1779517150,R_75,28278.3262
1779517152,R_75,28278.6637
1779517154,R_75,28274.8028
1779517156,R_75,28276.1289
1779517158,R_75,28272.5272
1779517160,R_75,28274.5375
1779517162,R_75,28277.6424
1779517164,R_75,28278.7927
1779517166,R_75,28276.2144
1779517168,R_75,28279.7319
1779517170,R_75,28288.0105
1779517172,R_75,28286.9893
1779517174,R_75,28293.9854
1779517176,R_75,28287.5356
1779517178,R_75,28286.9281
1779517180,R_75,28283.1628
1779517182,R_75,28277.7876
1779517184,R_75,28269.33
1779517186,R_75,28265.3167
1779517188,R_75,28270.1264
1779517190,R_75,28268.4776
1779517192,R_75,28261.6073
1779517194,R_75,28251.7414
1779517196,R_75,28254.5929
1779517198,R_75,28253.5181
1779517200,R_75,28251.9384
1779517202,R_75,28249.9285
1779517204,R_75,28249.8517
1779517206,R_75,28245.1695
1779517208,R_75,28245.2309
1779517210,R_75,28245.5013
1779517212,R_75,28249.3164
1779517214,R_75,28244.4445
1779517216,R_75,28247.4754
1779517218,R_75,28252.5998
1779517220,R_75,28247.6682
1779517222,R_75,28245.4565
1779517224,R_75,28247.432
1779517226,R_75,28251.849
1779517228,R_75,28249.9915
1779517230,R_75,28251.9452
1779517232,R_75,28243.9168
1779517234,R_75,28240.9915
1779517236,R_75,28240.3925
1779517238,R_75,28236.3035
1779517240,R_75,28237.9396
1779517242,R_75,28233.0076
1779517244,R_75,28237.4848
1779517246,R_75,28237.2504
1779517248,R_75,28237.2769
1779517250,R_75,28235.0733
1779517252,R_75,28243.9335
1779517254,R_75,28249.4755
1779517256,R_75,28246.8233
1779517258,R_75,28240.9526
1779517260,R_75,28237.236
1779517262,R_75,28242.2764
1779517264,R_75,28243.5298
1779517266,R_75,28246.6424
1779517268,R_75,28248.3262
1779517270,R_75,28255.9417
1779517272,R_75,28256.9112
1779517274,R_75,28253.2241
1779517276,R_75,28260.6456
1779517278,R_75,28261.5019
1779517280,R_75,28262.5166
1779517282,R_75,28257.7716
1779517284,R_75,28246.4735
1779517286,R_75,28244.3575
1779517288,R_75,28250.5753
1779517290,R_75,28258.0651
1779517292,R_75,28259.043
1779517294,R_75,28259.1086
1779517296,R_75,28259.7313
1779517298,R_75,28260.6306
1779517300,R_75,28253.4091
1779517302,R_75,28264.2497
1779517304,R_75,28267.4988
1779517306,R_75,28262.7423
1779517308,R_75,28264.6835
1779517310,R_75,28267.1819
1779517312,R_75,28271.0555
1779517314,R_75,28271.0447
1779517316,R_75,28277.5973
1779517318,R_75,28282.2536
1779517320,R_75,28287.813
1779517322,R_75,28287.8972
1779517324,R_75,28297.0404
1779517326,R_75,28309.032
1779517328,R_75,28306.2339
1779517330,R_75,28308.7409
1779517332,R_75,28305.7796
1779517334,R_75,28310.6621
1779517336,R_75,28300.1808
1779517338,R_75,28301.8171
1779517340,R_75,28293.2904
1779517342,R_75,28291.6447
1779517344,R_75,28292.5156
1779517346,R_75,28289.7571
1779517348,R_75,28292.2053
1779517350,R_75,28287.3529
1779517352,R_75,28283.5552
1779517354,R_75,28280.3545
1779517356,R_75,28278.0957
1779517358,R_75,28280.9482
1779517360,R_75,28283.2002
1779517362,R_75,28284.2478
1779517364,R_75,28287.1642
1779517366,R_75,28291.9975
1779517368,R_75,28296.8911
1779517370,R_75,28298.1166
1779517372,R_75,28301.0207
1779517374,R_75,28299.6197
1779517376,R_75,28299.4364
1779517378,R_75,28287.3693
1779517380,R_75,28292.4035
1779517382,R_75,28292.5552
1779517384,R_75,28292.1389
1779517386,R_75,28304.8506
1779517388,R_75,28299.3939
1779517390,R_75,28298.9258
1779517392,R_75,28300.1293
1779517394,R_75,28311.4427
1779517396,R_75,28316.1206
1779517398,R_75,28311.2976
1779517400,R_75,28311.8411
1779517402,R_75,28322.6078
1779517404,R_75,28321.5259
1779517406,R_75,28307.8885
1779517408,R_75,28311.1571
1779517410,R_75,28306.2242
1779517412,R_75,28301.2372
1779517414,R_75,28297.2442
1779517416,R_75,28290.0013
1779517418,R_75,28289.9928
1779517420,R_75,28290.5884
1779517422,R_75,28283.4914
1779517424,R_75,28277.6157
1779517426,R_75,28273.884
1779517428,R_75,28278.833
1779517430,R_75,28277.0068
1779517432,R_75,28280.8127
1779517434,R_75,28273.7423
1779517436,R_75,28272.4128
1779517438,R_75,28277.2577
1779517440,R_75,28280.3565
1779517442,R_75,28271.7396
1779517444,R_75,28276.1164
1779517446,R_75,28274.0014
1779517448,R_75,28275.3595
1779517450,R_75,28273.9903
1779517452,R_75,28270.8149
1779517454,R_75,28268.8306
1779517456,R_75,28272.8673
1779517458,R_75,28273.9255
1779517460,R_75,28276.4067
1779517462,R_75,28268.7699
1779517464,R_75,28267.1663
1779517466,R_75,28268.4562
1779517468,R_75,28264.596
1779517470,R_75,28263.9448
1779517472,R_75,28263.0666
1779517474,R_75,28265.2027
1779517476,R_75,28270.5256
1779517478,R_75,28280.7642
1779517480,R_75,28282.2162
1779517482,R_75,28279.0332
1779517484,R_75,28283.3266
1779517486,R_75,28283.7052
1779517488,R_75,28285.5012
1779517490,R_75,28280.3887
1779517492,R_75,28278.7984
1779517494,R_75,28281.7608
1779517496,R_75,28277.7683
1779517498,R_75,28279.8075
1779517500,R_75,28279.5175
1779517502,R_75,28272.609
1779517504,R_75,28265.2283
1779517506,R_75,28265.8475
1779517508,R_75,28265.5305
1779517510,R_75,28266.7922
1779517512,R_75,28255.2277
1779517514,R_75,28253.8122
1779517516,R_75,28261.8809
1779517518,R_75,28257.71
1779517520,R_75,28254.2627
1779517522,R_75,28260.2419
1779517524,R_75,28257.014
1779517526,R_75,28256.4523
1779517528,R_75,28252.1415
1779517530,R_75,28257.1313
1779517532,R_75,28255.1299
1779517534,R_75,28260.2642
1779517536,R_75,28274.6395
1779517538,R_75,28275.6121
1779517540,R_75,28284.7615
1779517542,R_75,28278.5563
1779517544,R_75,28275.6479
1779517546,R_75,28281.0106
1779517548,R_75,28273.9358
1779517550,R_75,28273.5229
1779517552,R_75,28267.184
1779517554,R_75,28278.9278
1779517556,R_75,28271.7344
1779517558,R_75,28278.041
1779517560,R_75,28272.8294
1779517562,R_75,28269.8976
1779517564,R_75,28269.1348
1779517566,R_75,28266.7149
1779517568,R_75,28263.2603
1779517570,R_75,28272.1993
1779517572,R_75,28275.3405
1779517574,R_75,28278.6636
1779517576,R_75,28281.439
1779517578,R_75,28278.6873
1779517580,R_75,28280.4312
1779517582,R_75,28287.9915
1779517584,R_75,28294.8494
1779517586,R_75,28295.6203
1779517588,R_75,28286.8926
1779517590,R_75,28293.2991
1779517592,R_75,28293.8977
1779517594,R_75,28284.6455
1779517596,R_75,28288.6586
1779517598,R_75,28285.6702
1779517600,R_75,28284.8273
1779517602,R_75,28291.5116
1779517604,R_75,28286.8066
1779517606,R_75,28277.4202
1779517608,R_75,28281.1686
1779517610,R_75,28286.4881
1779517612,R_75,28287.1758
1779517614,R_75,28282.6285
1779517616,R_75,28287.4261
1779517618,R_75,28286.1424
1779517620,R_75,28293.1516
1779517622,R_75,28292.8093
1779517624,R_75,28291.3822
1779517626,R_75,28292.3423
1779517628,R_75,28303.9422
1779517630,R_75,28299.4466
1779517632,R_75,28302.752
1779517634,R_75,28305.0674
1779517636,R_75,28297.1589
1779517638,R_75,28303.2237
1779517640,R_75,28303.7313
1779517642,R_75,28294.6173
1779517644,R_75,28287.8897
1779517646,R_75,28292.4079
1779517648,R_75,28290.2616
1779517650,R_75,28289.0561
1779517652,R_75,28295.7205
1779517654,R_75,28293.8999
1779517656,R_75,28295.4563
1779517658,R_75,28299.6147
1779517660,R_75,28288.113
1779517662,R_75,28280.192
1779517664,R_75,28272.6105
1779517666,R_75,28275.2904
1779517668,R_75,28279.6139
1779517670,R_75,28268.441
1779517672,R_75,28276.7656
1779517674,R_75,28282.3345
1779517676,R_75,28281.8366
1779517678,R_75,28271.1698
1779517680,R_75,28270.5895
1779517682,R_75,28276.0207
1779517684,R_75,28279.5313
1779517686,R_75,28282.03
1779517688,R_75,28287.37
1779517690,R_75,28279.9517
1779517692,R_75,28279.6718
1779517694,R_75,28276.0089
1779517696,R_75,28279.6854
1779517698,R_75,28275.9109
1779517700,R_75,28276.0275
1779517702,R_75,28273.9479
1779517704,R_75,28278.5956
1779517706,R_75,28274.4389
1779517708,R_75,28271.7137
1779517710,R_75,28274.5081
1779517712,R_75,28268.7868
1779517714,R_75,28265.1446
1779517716,R_75,28266.4263
1779517718,R_75,28264.0444
1779517720,R_75,28263.6311
1779517722,R_75,28256.8631
1779517724,R_75,28255.1554
1779517726,R_75,28258.217
1779517728,R_75,28254.7319
1779517730,R_75,28252.9943
1779517732,R_75,28262.1829
1779517734,R_75,28251.5909
1779517736,R_75,28258.6265
1779517738,R_75,28260.5729
1779517740,R_75,28265.107
1779517742,R_75,28263.7368
1779517744,R_75,28264.8938
1779517746,R_75,28256.5937
1779517748,R_75,28261.0292
1779517750,R_75,28262.6195
1779517752,R_75,28268.9434
1779517754,R_75,28261.5221
1779517756,R_75,28264.6314
1779517758,R_75,28256.8418
1779517760,R_75,28250.6626
1779517762,R_75,28250.3328
1779517764,R_75,28240.4464
1779517766,R_75,28248.3182
1779517768,R_75,28250.7109
1779517770,R_75,28256.6282
1779517772,R_75,28262.3082
1779517774,R_75,28264.1318
1779517776,R_75,28258.9469
1779517778,R_75,28264.3857
1779517780,R_75,28267.9365
1779517782,R_75,28258.021
1779517784,R_75,28251.9334
1779517786,R_75,28251.0883
1779517788,R_75,28251.5144
1779517790,R_75,28251.4581
1779517792,R_75,28241.0723
1779517794,R_75,28242.0153
1779517796,R_75,28238.4677
1779517798,R_75,28245.8963
1779517800,R_75,28238.7556
1779517802,R_75,28235.9827
1779517804,R_75,28236.499
1779517806,R_75,28234.2592
1779517808,R_75,28244.2619
1779517810,R_75,28247.4504
1779517812,R_75,28241.4881
1779517814,R_75,28239.0385
1779517816,R_75,28241.2755
1779517818,R_75,28239.6606
1779517820,R_75,28247.0287
1779517822,R_75,28245.4447
1779517824,R_75,28244.7189
1779517826,R_75,28242.4499
1779517828,R_75,28258.1884
1779517830,R_75,28251.1129
1779517832,R_75,28245.4102
1779517834,R_75,28242.496
1779517836,R_75,28238.6559
1779517838,R_75,28241.4571
1779517840,R_75,28241.5982
1779517842,R_75,28238.0459
1779517844,R_75,28241.8159
1779517846,R_75,28239.0951
1779517848,R_75,28240.7718
1779517850,R_75,28246.4117
1779517852,R_75,28248.5082
1779517854,R_75,28256.841
1779517856,R_75,28250.7632
1779517858,R_75,28250.361
1779517860,R_75,28240.4955
1779517862,R_75,28237.5272
1779517864,R_75,28241.8111
1779517866,R_75,28246.6034
1779517868,R_75,28252.5883
1779517870,R_75,28254.2397
1779517872,R_75,28257.9099
1779517874,R_75,28268.7657
1779517876,R_75,28260.7982
1779517878,R_75,28254.3462
1779517880,R_75,28244.8295
1779517882,R_75,28247.8253
1779517884,R_75,28254.3173
1779517886,R_75,28256.5456
1779517888,R_75,28259.9682
1779517890,R_75,28266.0064
1779517892,R_75,28259.237
1779517894,R_75,28258.9616
1779517896,R_75,28260.9948
1779517898,R_75,28257.8071
1779517900,R_75,28254.416
1779517902,R_75,28251.5017
1779517904,R_75,28249.8692
1779517906,R_75,28252.9799
1779517908,R_75,28255.7917
1779517910,R_75,28244.911
1779517912,R_75,28248.2972
1779517914,R_75,28254.0589
1779517916,R_75,28253.3617
1779517918,R_75,28256.084
1779517920,R_75,28248.4141
1779517922,R_75,28233.4135
1779517924,R_75,28234.0475
1779517926,R_75,28232.8982
1779517928,R_75,28235.3115
1779517930,R_75,28239.0089
1779517932,R_75,28240.022
1779517934,R_75,28235.9195
1779517936,R_75,28231.0105
1779517938,R_75,28226.375
1779517940,R_75,28225.9828
1779517942,R_75,28226.3554
1779517944,R_75,28227.1709
1779517946,R_75,28220.7364
1779517948,R_75,28218.498
1779517950,R_75,28218.539
1779517952,R_75,28211.7597
1779517954,R_75,28211.7697
1779517956,R_75,28207.0542
1779517958,R_75,28212.8809
1779517960,R_75,28204.4463
1779517962,R_75,28200.1435
1779517964,R_75,28199.1603
1779517966,R_75,28204.7823
1779517968,R_75,28208.159
1779517970,R_75,28207.0598
1779517972,R_75,28214.2245
1779517974,R_75,28221.9276
1779517976,R_75,28226.0409
1779517978,R_75,28226.9852
1779519906,R_75,28326.7863
1779519908,R_75,28330.8908
1779519910,R_75,28334.7851
1779519912,R_75,28339.5045
1779519914,R_75,28342.6794
1779519916,R_75,28345.1832
1779519918,R_75,28338.6091
1779519920,R_75,28345.7607
1779519922,R_75,28344.3331
1779519924,R_75,28333.2566
1779519926,R_75,28325.7636
1779519928,R_75,28325.4922
1779519930,R_75,28318.7322
1779519932,R_75,28324.7946
1779519934,R_75,28328.3293
1779519936,R_75,28337.5346
1779519938,R_75,28324.6528
1779519940,R_75,28321.5164
1779519942,R_75,28325.8076
1779519944,R_75,28324.1828
1779519946,R_75,28325.0197
1779519948,R_75,28321.1273
1779519950,R_75,28320.3511
1779519952,R_75,28306.6205
1779519954,R_75,28305.9749
1779519956,R_75,28301.7468
1779519958,R_75,28304.8252
1779519960,R_75,28296.5471
1779519962,R_75,28292.2756
1779519964,R_75,28293.7526
1779519966,R_75,28295.0809
1779519968,R_75,28297.0264
1779519970,R_75,28290.8159
1779519972,R_75,28294.9502
1779519974,R_75,28283.3103
1779519976,R_75,28289.4091
1779519978,R_75,28291.6944
1779519980,R_75,28293.6578
1779519982,R_75,28295.6798
1779519984,R_75,28298.4676
1779519986,R_75,28302.5146
1779519988,R_75,28298.3547
1779519990,R_75,28299.9861
1779519992,R_75,28298.7529
1779519994,R_75,28299.6943
1779519996,R_75,28293.3579
1779519998,R_75,28292.3311
1779520000,R_75,28289.2826
1779520002,R_75,28282.7814
1779520004,R_75,28274.4476
1779520006,R_75,28277.6923
1779520008,R_75,28277.2813
1779520010,R_75,28269.6724
1779520012,R_75,28268.1725
1779520014,R_75,28263.3954
1779520016,R_75,28264.2087
1779520018,R_75,28264.8987
1779520020,R_75,28267.768
1779520022,R_75,28263.5935
1779520024,R_75,28264.1403
1779520026,R_75,28270.4739
1779520028,R_75,28271.252
1779520030,R_75,28273.5503
1779520032,R_75,28267.8623
1779520034,R_75,28264.3939
1779520036,R_75,28275.9409
1779520038,R_75,28281.25
1779520040,R_75,28284.4568
1779520042,R_75,28278.7051
1779520044,R_75,28285.01
1779520046,R_75,28286.7005
1779520048,R_75,28286.8226
1779520050,R_75,28287.6013
1779520052,R_75,28283.4187
1779520054,R_75,28287.2689
1779520056,R_75,28287.6716
1779520058,R_75,28285.913
1779520060,R_75,28285.0948
1779520062,R_75,28281.4869
1779520064,R_75,28262.5266
1779520066,R_75,28263.9984
1779520068,R_75,28266.039
1779520070,R_75,28267.1873
1779520072,R_75,28257.8894
1779520074,R_75,28260.132
1779520076,R_75,28261.251
1779520078,R_75,28259.3847
1779520080,R_75,28257.4878
1779520082,R_75,28248.4433
1779520084,R_75,28256.7181
1779520086,R_75,28259.6901
1779520088,R_75,28262.5555
1779520090,R_75,28267.2461
1779520092,R_75,28271.5822
1779520094,R_75,28264.4015
1779520096,R_75,28267.1029
1779520098,R_75,28270.7555
1779520100,R_75,28270.9037
1779520102,R_75,28279.3185
1779520104,R_75,28283.149
1779520106,R_75,28284.9689
1779520108,R_75,28275.905
1779520110,R_75,28283.23
1779520112,R_75,28279.1242
1779520114,R_75,28276.9279
1779520116,R_75,28273.6269
1779520118,R_75,28275.6225
1779520120,R_75,28270.0019
1779520122,R_75,28278.757
1779520124,R_75,28284.3613
1779520126,R_75,28288.0519
1779520128,R_75,28290.6724
1779520130,R_75,28283.9144
1779520132,R_75,28284.0912
1779520134,R_75,28280.7688
1779520136,R_75,28277.0748
1779520138,R_75,28282.7757
1779520140,R_75,28294.0067
1779520142,R_75,28303.7644
1779520144,R_75,28304.182
1779520146,R_75,28301.4668
1779520148,R_75,28317.5371
1779520150,R_75,28324.5515
1779520152,R_75,28323.9815
1779520154,R_75,28328.4721
1779520156,R_75,28336.3689
1779520158,R_75,28335.3763
1779520160,R_75,28331.3169
1779520162,R_75,28332.7282
1779520164,R_75,28334.8875
1779520166,R_75,28324.8959
1779520168,R_75,28316.0981
1779520170,R_75,28320.8735
1779520172,R_75,28325.7522
1779520174,R_75,28327.2672
1779520176,R_75,28320.8779
1779520178,R_75,28321.0974
1779520180,R_75,28333.0744
1779520182,R_75,28336.4939
1779520184,R_75,28336.6344
1779520186,R_75,28346.8889
1779520188,R_75,28344.5042
1779520190,R_75,28344.9677
1779520192,R_75,28345.8839
1779520194,R_75,28350.5319
1779520196,R_75,28348.808
1779520198,R_75,28345.9018
1779520200,R_75,28333.7748
1779520202,R_75,28325.0144
1779520204,R_75,28328.5938
1779520206,R_75,28325.9196
1779520208,R_75,28327.6018
1779520210,R_75,28324.6185
1779520212,R_75,28325.2023
1779520214,R_75,28320.7834
1779520216,R_75,28325.6799
1779520218,R_75,28321.0656
1779520220,R_75,28318.916
1779520222,R_75,28321.2658
1779520224,R_75,28316.701
1779520226,R_75,28310.6622
1779520228,R_75,28309.9867
1779520230,R_75,28296.9013
1779520232,R_75,28303.2551
1779520234,R_75,28303.3106
1779520236,R_75,28308.6469
1779520238,R_75,28303.4295
1779520240,R_75,28290.0551
1779520242,R_75,28292.6521
1779520244,R_75,28289.0354
1779520246,R_75,28291.2538
1779520248,R_75,28299.7253
1779520250,R_75,28304.2008
1779520252,R_75,28301.4883
1779520254,R_75,28301.6663
1779520256,R_75,28300.5165
1779520258,R_75,28290.0606
1779520260,R_75,28292.3962
1779520262,R_75,28286.3382
1779520264,R_75,28286.5207
1779520266,R_75,28285.1237
1779520268,R_75,28290.5638
1779520270,R_75,28286.0711
1779520272,R_75,28282.6008
1779520274,R_75,28279.4471
1779520276,R_75,28282.6188
1779520278,R_75,28279.9449
1779520280,R_75,28284.3375
1779520282,R_75,28294.8149
1779520284,R_75,28297.2125
1779520286,R_75,28307.007
1779520288,R_75,28306.4027
1779520290,R_75,28304.1757
1779520292,R_75,28295.8095
1779520294,R_75,28290.5487
1779520296,R_75,28289.5122
1779520298,R_75,28293.3161
1779520300,R_75,28292.4051
1779520302,R_75,28295.5959
1779520304,R_75,28296.7865
1779520306,R_75,28298.965
1779520308,R_75,28299.2769
1779520310,R_75,28304.6689
1779520312,R_75,28315.9137
1779520314,R_75,28318.3331
1779520316,R_75,28323.9314
1779520318,R_75,28329.4044
1779520320,R_75,28334.2868
1779520322,R_75,28338.758
1779520324,R_75,28336.7013
1779520326,R_75,28330.1379
1779520328,R_75,28340.1245
1779520330,R_75,28341.3316
1779520332,R_75,28333.7954
1779520334,R_75,28337.1307
1779520336,R_75,28341.8967
1779520338,R_75,28335.2391
1779520340,R_75,28342.1221
1779520342,R_75,28344.6326
1779520344,R_75,28328.093
1779520346,R_75,28337.3123
1779520348,R_75,28337.6414
1779520350,R_75,28339.2086
1779520352,R_75,28340.4033
1779520354,R_75,28340.7699
1779520356,R_75,28344.9032
1779520358,R_75,28331.2697
1779520360,R_75,28333.7044
1779520362,R_75,28340.3127
1779520364,R_75,28352.3668
1779520366,R_75,28355.7594
1779520368,R_75,28350.2901
1779520370,R_75,28357.6356
1779520372,R_75,28361.7691
1779520374,R_75,28366.7449
1779520376,R_75,28359.8023
1779520378,R_75,28361.1305
1779520380,R_75,28355.563
1779520382,R_75,28361.6567
1779520384,R_75,28366.5793
1779520386,R_75,28377.0927
1779520388,R_75,28373.0686
1779520390,R_75,28375.1407
1779520392,R_75,28370.8071
1779520394,R_75,28367.8205
1779520396,R_75,28370.3119
1779520398,R_75,28366.5544
1779520400,R_75,28359.8578
1779520402,R_75,28359.3421
1779520404,R_75,28368.1588
1779520406,R_75,28364.3451
1779520408,R_75,28365.8627
1779520410,R_75,28369.3823
1779520412,R_75,28376.905
1779520414,R_75,28385.1224
1779520416,R_75,28390.903
1779520418,R_75,28389.558
1779520420,R_75,28390.0633
1779520422,R_75,28394.6951
1779520424,R_75,28380.6737
1779520426,R_75,28379.0465
1779520428,R_75,28375.5799
1779520430,R_75,28364.4514
1779520432,R_75,28363.7821
1779520434,R_75,28363.0036
1779520436,R_75,28359.9402
1779520438,R_75,28366.3185
1779520440,R_75,28352.9157
1779520442,R_75,28355.4372
1779520444,R_75,28354.8845
1779520446,R_75,28358.0853
1779520448,R_75,28354.382
1779520450,R_75,28355.3599
1779520452,R_75,28347.1687
1779520454,R_75,28341.4767
1779520456,R_75,28335.1476
1779520458,R_75,28341.5633
1779520460,R_75,28344.3265
1779520462,R_75,28350.9425
1779520464,R_75,28352.4496
1779520466,R_75,28352.6588
1779520468,R_75,28353.3397
1779520470,R_75,28358.8349
1779520472,R_75,28357.5682
1779520474,R_75,28364.4431
1779520476,R_75,28369.4069
1779520478,R_75,28372.3935
1779520480,R_75,28371.8441
1779520482,R_75,28373.068
1779520484,R_75,28385.1096
1779520486,R_75,28389.2675
1779520488,R_75,28391.9275
1779520490,R_75,28387.694
1779520492,R_75,28380.3724
1779520494,R_75,28382.3254
1779520496,R_75,28389.3188
1779520498,R_75,28385.6175
1779520500,R_75,28378.1812
1779520502,R_75,28386.3171
1779520504,R_75,28381.24
1779520506,R_75,28377.6179
1779520508,R_75,28372.4261
1779520510,R_75,28369.0153
1779520512,R_75,28376.1151
1779520514,R_75,28386.1328
1779520516,R_75,28386.1047
1779520518,R_75,28380.8
1779520520,R_75,28393.5743
1779520522,R_75,28388.99
1779520524,R_75,28384.1098
1779520526,R_75,28383.9819
1779520528,R_75,28385.6196
1779520530,R_75,28383.1679
1779520532,R_75,28380.5826
1779520534,R_75,28378.0107
1779520536,R_75,28367.982
1779520538,R_75,28379.2796
1779520540,R_75,28378.7218
1779520542,R_75,28376.5339
1779520544,R_75,28371.099
1779520546,R_75,28364.0096
1779520548,R_75,28360.0885
1779520550,R_75,28359.1983
1779520552,R_75,28359.0896
1779520554,R_75,28356.0889
1779520556,R_75,28363.8039
1779520558,R_75,28367.1349
1779520560,R_75,28362.4864
1779520562,R_75,28365.2581
1779520564,R_75,28361.9582
1779520566,R_75,28367.958
1779520568,R_75,28368.3815
1779520570,R_75,28370.165
1779520572,R_75,28369.0312
1779520574,R_75,28364.8117
1779520576,R_75,28354.0277
1779520578,R_75,28363.7935
1779520580,R_75,28366.0694
1779520582,R_75,28354.5363
1779520584,R_75,28354.5743
1779520586,R_75,28355.6277
1779520588,R_75,28357.4958
1779520590,R_75,28364.9664
1779520592,R_75,28367.4963
1779520594,R_75,28372.8412
1779520596,R_75,28370.3996
1779520598,R_75,28366.4301
1779520600,R_75,28359.2171
1779520602,R_75,28365.5309
1779520604,R_75,28374.344
1779520606,R_75,28376.5777
1779520608,R_75,28382.1313
1779520610,R_75,28386.017
1779520612,R_75,28388.8641
1779520614,R_75,28394.3348
1779520616,R_75,28396.7868
1779520618,R_75,28392.6162
1779520620,R_75,28395.428
1779520622,R_75,28390.6785
1779520624,R_75,28389.6263
1779520626,R_75,28391.7346
1779520628,R_75,28382.7055
1779520630,R_75,28393.4467
1779520632,R_75,28395.0801
1779520634,R_75,28396.3961
1779520636,R_75,28392.1972
1779520638,R_75,28395.352
1779520640,R_75,28393.694
1779520642,R_75,28389.5021
1779520644,R_75,28394.4112
1779520646,R_75,28388.1396
1779520648,R_75,28385.9269
1779520650,R_75,28383.3319
1779520652,R_75,28388.8897
1779520654,R_75,28395.2029
1779520656,R_75,28383.7694
1779520658,R_75,28388.6795
1779520660,R_75,28391.6436
1779520662,R_75,28381.2143
1779520664,R_75,28385.6316
1779520666,R_75,28383.5727
1779520668,R_75,28401.6571
1779520670,R_75,28405.5937
1779520672,R_75,28397.4801
1779520674,R_75,28386.2885
1779520676,R_75,28388.9541
1779520678,R_75,28384.9567
1779520680,R_75,28380.2633
1779520682,R_75,28376.87
1779520684,R_75,28372.4524
1779520686,R_75,28368.3345
1779520688,R_75,28377.1646
1779520690,R_75,28378.5129
1779520692,R_75,28375.5829
1779520694,R_75,28372.2744
1779520696,R_75,28360.3847
1779520698,R_75,28367.86
1779520700,R_75,28368.4378
1779520702,R_75,28361.4323
1779520704,R_75,28361.9826
1779520706,R_75,28362.0848
1779520708,R_75,28362.5763
1779520710,R_75,28363.1574
1779520712,R_75,28362.6012
1779520714,R_75,28356.0559
1779520716,R_75,28360.2961
1779520718,R_75,28361.1104
1779520720,R_75,28359.5064
1779520722,R_75,28364.7374
1779520724,R_75,28366.4298
1779520726,R_75,28366.8056
1779520728,R_75,28371.146
1779520730,R_75,28377.9
1779520732,R_75,28384.2685
1779520734,R_75,28379.3773
1779520736,R_75,28372.0096
1779520738,R_75,28371.6065
1779520740,R_75,28374.9812
1779520742,R_75,28368.8116
1779520744,R_75,28376.6202
1779520746,R_75,28375.065
1779520748,R_75,28367.2284
1779520750,R_75,28359.401
1779520752,R_75,28360.7406
1779520754,R_75,28353.5394
1779520756,R_75,28361.2326
1779520758,R_75,28364.0044
1779520760,R_75,28355.2088
1779520762,R_75,28351.9097
1779520764,R_75,28351.823
1779520766,R_75,28345.8882
1779520768,R_75,28338.3782
1779520770,R_75,28336.6888
1779520772,R_75,28342.3209
1779520774,R_75,28343.522
1779520776,R_75,28332.3426
1779520778,R_75,28336.751
1779520780,R_75,28329.8367
1779520782,R_75,28337.0126
1779520784,R_75,28334.5534
1779520786,R_75,28328.6809
1779520788,R_75,28329.1926
1779520790,R_75,28334.1486
1779520792,R_75,28336.998
1779520794,R_75,28344.327
1779520796,R_75,28351.1702
1779520798,R_75,28345.4993
1779520800,R_75,28357.902
1779520802,R_75,28353.4359
1779520804,R_75,28356.2686
1779520806,R_75,28352.8894
1779520808,R_75,28354.9592
1779520810,R_75,28354.5556
1779520812,R_75,28358.0319
1779520814,R_75,28358.0203
1779520816,R_75,28355.6191
1779520818,R_75,28358.2981
1779520820,R_75,28362.9931
1779520822,R_75,28355.761
1779520824,R_75,28361.522
1779520826,R_75,28357.5962
1779520828,R_75,28363.7276
1779520830,R_75,28371.3855
1779520832,R_75,28386.7858
1779520834,R_75,28379.2931
1779520836,R_75,28386.0716
1779520838,R_75,28387.7093
1779520840,R_75,28397.7199
1779520842,R_75,28403.7093
1779520844,R_75,28399.2047
1779520846,R_75,28401.2677
1779520848,R_75,28402.4106
1779520850,R_75,28397.6217
1779520852,R_75,28407.3927
1779520854,R_75,28406.9147
1779520856,R_75,28403.723
1779520858,R_75,28408.0791
1779520860,R_75,28417.8182
1779520862,R_75,28414.8977
1779520864,R_75,28431.6848
1779520866,R_75,28430.4371
1779520868,R_75,28440.0077
1779520870,R_75,28432.9989
1779520872,R_75,28433.9885
1779520874,R_75,28423.2367
1779520876,R_75,28428.7715
1779520878,R_75,28433.3821
1779520880,R_75,28431.8453
1779520882,R_75,28432.8129
1779520884,R_75,28430.505
1779520886,R_75,28431.0461
1779520888,R_75,28426.2882
1779520890,R_75,28419.4795
1779520892,R_75,28424.3771
1779520894,R_75,28421.3189
1779520896,R_75,28423.888
1779520898,R_75,28420.6445
1779520900,R_75,28416.0777
1779520902,R_75,28414.8352
1779520904,R_75,28412.0151
1779520906,R_75,28415.6243
1779520908,R_75,28418.7697
1779520910,R_75,28423.2309
1779520912,R_75,28415.8807
1779520914,R_75,28409.3832
1779520916,R_75,28413.1858
1779520918,R_75,28409.8697
1779520920,R_75,28418.5808
1779520922,R_75,28419.1077
1779520924,R_75,28415.2698
1779520926,R_75,28412.5413
1779520928,R_75,28422.5541
1779520930,R_75,28408.5782
1779520932,R_75,28408.0624
1779520934,R_75,28418.6115
1779520936,R_75,28417.2408
1779520938,R_75,28417.6438
1779520940,R_75,28413.3653
1779520942,R_75,28412.706
1779520944,R_75,28420.8665
1779520946,R_75,28424.2072
1779520948,R_75,28434.6067
1779520950,R_75,28425.688
1779520952,R_75,28426.1155
1779520954,R_75,28426.1876
1779520956,R_75,28427.0707
1779520958,R_75,28425.36
1779520960,R_75,28421.8556
1779520962,R_75,28425.8241
1779520964,R_75,28415.9121
1779520966,R_75,28423.4229
1779520968,R_75,28421.9161
1779520970,R_75,28425.0593
1779520972,R_75,28432.481
1779520974,R_75,28443.8813
1779520976,R_75,28439.389
1779520978,R_75,28432.5236
1779520980,R_75,28434.3269
1779520982,R_75,28437.7979
1779520984,R_75,28440.8796
1779520986,R_75,28439.479
1779520988,R_75,28440.2657
1779520990,R_75,28437.0514
1779520992,R_75,28440.0813
1779520994,R_75,28449.404
1779520996,R_75,28448.9864
1779520998,R_75,28458.2047
1779521000,R_75,28464.7919
1779521002,R_75,28467.1854
1779521004,R_75,28462.5973
1779521006,R_75,28455.8722
1779521008,R_75,28446.3109
1779521010,R_75,28448.1365
1779521012,R_75,28446.22
1779521014,R_75,28449.589
1779521016,R_75,28456.3892
1779521018,R_75,28461.1198
1779521020,R_75,28463.888
1779521022,R_75,28466.7896
1779521024,R_75,28464.5386
1779521026,R_75,28460.572
1779521028,R_75,28457.0305
1779521030,R_75,28450.5881
1779521032,R_75,28444.9896
1779521034,R_75,28447.0159
1779521036,R_75,28442.8415
1779521038,R_75,28444.3193
1779521040,R_75,28439.7911
1779521042,R_75,28432.4554
1779521044,R_75,28428.5128
1779521046,R_75,28423.0449
1779521048,R_75,28416.2332
1779521050,R_75,28425.5363
1779521052,R_75,28424.5798
1779521054,R_75,28424.6531
1779521056,R_75,28422.2061
1779521058,R_75,28416.6387
1779521060,R_75,28407.7538
1779521062,R_75,28413.4423
1779521064,R_75,28407.0517
1779521066,R_75,28404.7112
1779521068,R_75,28410.8123
1779521070,R_75,28417.9767
1779521072,R_75,28411.6943
1779521074,R_75,28407.6923
1779521076,R_75,28407.2755
1779521078,R_75,28407.9647
1779521080,R_75,28410.8038
1779521082,R_75,28408.204
1779521084,R_75,28413.007
1779521086,R_75,28403.2147
1779521088,R_75,28410.3302
1779521090,R_75,28410.2085
1779521092,R_75,28421.0935
1779521094,R_75,28423.3375
1779521096,R_75,28418.4562
1779521098,R_75,28415.8056
1779521100,R_75,28417.3015
1779521102,R_75,28421.81
1779521104,R_75,28416.6515
1779521106,R_75,28422.2243
1779521108,R_75,28427.6324
1779521110,R_75,28423.2377
1779521112,R_75,28423.5105
1779521114,R_75,28424.7951
1779521116,R_75,28428.6994
1779521118,R_75,28427.0628
1779521120,R_75,28430.9135
1779521122,R_75,28427.6661
1779521124,R_75,28430.8104
1779521126,R_75,28442.3488
1779521128,R_75,28451.3656
1779521130,R_75,28447.2886
1779521132,R_75,28450.5358
1779521134,R_75,28449.6218
1779521136,R_75,28448.9899
1779521138,R_75,28452.0638
1779521140,R_75,28455.5721
1779521142,R_75,28447.6667
1779521144,R_75,28451.3707
1779521146,R_75,28441.1063
1779521148,R_75,28441.3976
1779521150,R_75,28442.4378
1779521152,R_75,28444.8807
1779521154,R_75,28454.2124
1779521156,R_75,28461.4829
1779521158,R_75,28457.9925
1779521160,R_75,28453.7516
1779521162,R_75,28455.9593
1779521164,R_75,28455.7923
1779521166,R_75,28457.8665
1779521168,R_75,28456.2031
1779521170,R_75,28454.5521
1779521172,R_75,28450.9931
1779521174,R_75,28445.2298
1779521176,R_75,28459.5143
1779521178,R_75,28466.9247
1779521180,R_75,28462.2624
1779521182,R_75,28462.4128
1779521184,R_75,28465.127
1779521186,R_75,28471.3624
1779521188,R_75,28469.6701
1779521190,R_75,28465.9416
1779521192,R_75,28467.6192
1779521194,R_75,28470.1327
1779521196,R_75,28461.8854
1779521198,R_75,28464.158
1779521200,R_75,28462.0778
1779521202,R_75,28460.6685
1779521204,R_75,28470.2324
1779521206,R_75,28469.4935
1779521208,R_75,28475.5999
1779521210,R_75,28473.2309
1779521212,R_75,28467.6801
1779521214,R_75,28470.4785
1779521216,R_75,28468.0979
1779521218,R_75,28472.1609
1779521220,R_75,28469.5082
1779521222,R_75,28468.5764
1779521224,R_75,28471.8775
1779521226,R_75,28465.4313
1779521228,R_75,28457.3497
1779521230,R_75,28462.602
1779521232,R_75,28462.6631
1779521234,R_75,28469.7456
1779521236,R_75,28458.6255
1779521238,R_75,28448.1987
1779521240,R_75,28442.2933
1779521242,R_75,28447.5409
1779521244,R_75,28445.6294
1779521246,R_75,28450.7271
1779521248,R_75,28449.1071
1779521250,R_75,28443.6434
1779521252,R_75,28447.6021
1779521254,R_75,28444.0331
1779521256,R_75,28442.1605
1779521258,R_75,28444.501
1779521260,R_75,28439.9918
1779521262,R_75,28446.0543
1779521264,R_75,28449.8107
1779521266,R_75,28452.2849
1779521268,R_75,28454.7869
1779521270,R_75,28455.5311
1779521272,R_75,28457.7746
1779521274,R_75,28464.9802
1779521276,R_75,28451.6665
1779521278,R_75,28453.6883
1779521280,R_75,28461.1255
1779521282,R_75,28461.3344
1779521284,R_75,28453.6202
1779521286,R_75,28460.434
1779521288,R_75,28455.7731
1779521290,R_75,28452.2732
1779521292,R_75,28461.0754
1779521294,R_75,28459.389
1779521296,R_75,28462.8425
1779521298,R_75,28456.4909
1779521300,R_75,28460.8121
1779521302,R_75,28468.4934
1779521304,R_75,28471.6725
1779521306,R_75,28469.9089
1779521308,R_75,28471.3615
1779521310,R_75,28474.3365
1779521312,R_75,28470.2903
1779521314,R_75,28475.9477
1779521316,R_75,28480.0621
1779521318,R_75,28487.6632
1779521320,R_75,28492.4992
1779521322,R_75,28493.1229
1779521324,R_75,28491.1577
1779521326,R_75,28497.2419
1779521328,R_75,28497.7509
1779521330,R_75,28494.4804
1779521332,R_75,28491.1345
1779521334,R_75,28497.3674
1779521336,R_75,28493.2222
1779521338,R_75,28490.1394
1779521340,R_75,28497.4628
1779521342,R_75,28491.3922
1779521344,R_75,28488.6247
1779521346,R_75,28491.2586
1779521348,R_75,28497.1238
1779521350,R_75,28502.4399
1779521352,R_75,28502.8439
1779521354,R_75,28505.9794
1779521356,R_75,28507.4307
1779521358,R_75,28501.2302
1779521360,R_75,28507.4318
1779521362,R_75,28507.4284
1779521364,R_75,28504.6237
1779521366,R_75,28499.4135
1779521368,R_75,28499.2085
1779521370,R_75,28501.1917
1779521372,R_75,28506.9412
1779521374,R_75,28515.9594
1779521376,R_75,28515.711
1779521378,R_75,28524.8244
1779521380,R_75,28517.778
1779521382,R_75,28520.8756
1779521384,R_75,28520.663
1779521386,R_75,28509.9818
1779521388,R_75,28505.7082
1779521390,R_75,28505.1989
1779521392,R_75,28503.8774
1779521394,R_75,28495.5194
1779521396,R_75,28494.5622
1779521398,R_75,28497.7549
1779521400,R_75,28506.6044
1779521402,R_75,28497.9391
1779521404,R_75,28502.5088
1779521406,R_75,28501.9844
1779521408,R_75,28498.9503
1779521410,R_75,28500.5902
1779521412,R_75,28495.5669
1779521414,R_75,28491.583
1779521416,R_75,28486.6909
1779521418,R_75,28477.9651
1779521420,R_75,28476.6413
1779521422,R_75,28469.4895
1779521424,R_75,28471.1996
1779521426,R_75,28471.0063
1779521428,R_75,28480.8239
1779521430,R_75,28477.1698
1779521432,R_75,28476.2665
1779521434,R_75,28481.415
1779521436,R_75,28484.9219
1779521438,R_75,28484.0973
1779521440,R_75,28475.8444
1779521442,R_75,28467.1626
1779521444,R_75,28470.0352
1779521446,R_75,28474.6613
1779521448,R_75,28478.5316
1779521450,R_75,28481.4431
1779521452,R_75,28484.3111
1779521454,R_75,28474.1864
1779521456,R_75,28491.1777
1779521458,R_75,28487.1253
1779521460,R_75,28491.6399
1779521462,R_75,28493.6587
1779521464,R_75,28499.0183
1779521466,R_75,28505.283
1779521468,R_75,28511.9808
1779521470,R_75,28511.093
1779521472,R_75,28503.4086
1779521474,R_75,28496.9027
1779521476,R_75,28497.5757
1779521478,R_75,28494.755
1779521480,R_75,28503.0324
1779521482,R_75,28510.3538
1779521484,R_75,28507.5082
1779521486,R_75,28503.6548
1779521488,R_75,28497.9258
1779521490,R_75,28501.9276
1779521492,R_75,28500.5148
1779521494,R_75,28506.7399
1779521496,R_75,28505.6135
1779521498,R_75,28506.9025
1779521500,R_75,28505.986
1779521502,R_75,28502.1461
1779521504,R_75,28501.7152
1779521506,R_75,28506.3076
1779521508,R_75,28508.1102
1779521510,R_75,28510.3666
1779521512,R_75,28504.9492
1779521514,R_75,28507.0724
1779521516,R_75,28501.394
1779521518,R_75,28491.911
1779521520,R_75,28484.0238
1779521522,R_75,28490.216
1779521524,R_75,28485.3232
1779521526,R_75,28486.9502
1779521528,R_75,28492.458
1779521530,R_75,28500.2634
1779521532,R_75,28506.1223
1779521534,R_75,28501.8559
1779521536,R_75,28508.2685
1779521538,R_75,28513.8782
1779521540,R_75,28519.6024
1779521542,R_75,28507.0935
1779521544,R_75,28506.2434
1779521546,R_75,28498.378
1779521548,R_75,28492.9928
1779521550,R_75,28484.3322
1779521552,R_75,28489.0467
1779521554,R_75,28501.8894
1779521556,R_75,28518.4661
1779521558,R_75,28518.0639
1779521560,R_75,28525.5087
1779521562,R_75,28529.9697
1779521564,R_75,28528.6557
1779521566,R_75,28532.5483
1779521568,R_75,28534.7612
1779521570,R_75,28538.027
1779521572,R_75,28541.1587
1779521574,R_75,28538.9067
1779521576,R_75,28540.3161
1779521578,R_75,28539.445
1779521580,R_75,28540.7614
1779521582,R_75,28541.8521
1779521584,R_75,28547.4605
1779521586,R_75,28545.8543
1779521588,R_75,28551.6333
1779521590,R_75,28556.7423
1779521592,R_75,28563.0277
1779521594,R_75,28566.9471
1779521596,R_75,28573.7737
1779521598,R_75,28563.1607
1779521600,R_75,28571.7811
1779521602,R_75,28575.9394
1779521604,R_75,28578.7635
1779521606,R_75,28576.284
1779521608,R_75,28582.5983
1779521610,R_75,28579.5194
1779521612,R_75,28581.6713
1779521614,R_75,28579.5559
1779521616,R_75,28581.4055
1779521618,R_75,28589.391
1779521620,R_75,28591.1461
1779521622,R_75,28590.9371
1779521624,R_75,28583.4371
1779521626,R_75,28586.2109
1779521628,R_75,28585.2182
1779521630,R_75,28587.3432
1779521632,R_75,28588.0896
1779521634,R_75,28587.4634
1779521636,R_75,28584.3915
1779521638,R_75,28585.2722
1779521640,R_75,28584.4825
1779521642,R_75,28576.1544
1779521644,R_75,28575.309
1779521646,R_75,28576.3855
1779521648,R_75,28566.9283
1779521650,R_75,28558.1134
1779521652,R_75,28561.7781
1779521654,R_75,28570.7254
1779521656,R_75,28577.818
1779521658,R_75,28582.5498
1779521660,R_75,28590.1825
1779521662,R_75,28592.2451
1779521664,R_75,28590.419
1779521666,R_75,28590.8288
1779521668,R_75,28591.0052
1779521670,R_75,28588.5053
1779521672,R_75,28585.4471
1779521674,R_75,28592.4469
1779521676,R_75,28594.6988
1779521678,R_75,28590.6046
1779521680,R_75,28589.6582
1779521682,R_75,28590.9882
1779521684,R_75,28587.6135
1779521686,R_75,28589.4349
1779521688,R_75,28593.7611
1779521690,R_75,28587.9361
1779521692,R_75,28593.1041
1779521694,R_75,28588.1661
1779521696,R_75,28580.5311
1779521698,R_75,28580.2677
1779521700,R_75,28568.6471
1779521702,R_75,28574.7568
1779521704,R_75,28578.6672
1779521706,R_75,28574.4422
1779521708,R_75,28572.4892
1779521710,R_75,28575.433
1779521712,R_75,28582.6499
1779521714,R_75,28584.4601
1779521716,R_75,28582.171
1779521718,R_75,28590.4937
1779521720,R_75,28592.2975
1779521722,R_75,28591.2056
1779521724,R_75,28590.0795
1779521726,R_75,28591.1068
1779521728,R_75,28596.1986
1779521730,R_75,28599.8504
1779521732,R_75,28602.7059
1779521734,R_75,28606.6735
1779521736,R_75,28601.4029
1779521738,R_75,28609.6687
1779521740,R_75,28608.1888
1779521742,R_75,28604.0602
1779521744,R_75,28599.2066
1779521746,R_75,28604.5591
1779521748,R_75,28606.7963
1779521750,R_75,28612.4585
1779521752,R_75,28608.8191
1779521754,R_75,28602.5961
1779521756,R_75,28597.7084
1779521758,R_75,28591.2813
1779521760,R_75,28582.8871
1779521762,R_75,28583.7017
1779521764,R_75,28582.3866
1779521766,R_75,28581.1716
1779521768,R_75,28581.0772
1779521770,R_75,28587.3507
1779521772,R_75,28582.9031
1779521774,R_75,28582.8066
1779521776,R_75,28581.1894
1779521778,R_75,28580.4572
1779521780,R_75,28576.2175
1779521782,R_75,28582.5532
1779521784,R_75,28583.3907
1779521786,R_75,28581.7703
1779521788,R_75,28579.4286
1779521790,R_75,28590.4336
1779521792,R_75,28583.8375
1779521794,R_75,28588.1307
1779521796,R_75,28594.5111
1779521798,R_75,28594.3343
1779521800,R_75,28589.4932
1779521802,R_75,28593.3121
1779521804,R_75,28588.9019
1779521806,R_75,28580.8366
1779521808,R_75,28587.661
1779521810,R_75,28581.9085
1779521812,R_75,28585.3124
1779521814,R_75,28587.0188
1779521816,R_75,28594.2078
1779521818,R_75,28586.401
1779521820,R_75,28589.0484
1779521822,R_75,28582.8029
1779521824,R_75,28587.1033
1779521826,R_75,28593.6065
1779521828,R_75,28590.8186
1779521830,R_75,28598.144
1779521832,R_75,28594.8913
1779521834,R_75,28597.6838
1779521836,R_75,28599.628
1779521838,R_75,28601.1929
1779521840,R_75,28603.4582
1779521842,R_75,28606.7066
1779521844,R_75,28601.231
1779521846,R_75,28598.9822
1779521848,R_75,28602.3098
1779521850,R_75,28602.1666
1779521852,R_75,28601.9818
1779521854,R_75,28600.0337
1779521856,R_75,28595.399
1779521858,R_75,28589.1161
1779521860,R_75,28591.584
1779521862,R_75,28590.815
1779521864,R_75,28588.8114
1779521866,R_75,28591.5572
1779521868,R_75,28586.94
1779521870,R_75,28584.6337
1779521872,R_75,28590.852
1779521874,R_75,28594.8264
1779521876,R_75,28600.0955
1779521878,R_75,28606.4921
1779521880,R_75,28609.302
1779521882,R_75,28610.9419
1779521884,R_75,28613.7469
1779521886,R_75,28610.7471
1779521888,R_75,28612.159
1779521890,R_75,28615.8936
1779521892,R_75,28619.1262
1779521894,R_75,28616.055
1779521896,R_75,28611.2017
1779521898,R_75,28610.7134
1779521900,R_75,28603.8278
1779521902,R_75,28602.3292
1779521904,R_75,28599.8724
1779521906,R_75,28596.9374
1779521908,R_75,28598.5291
1779521910,R_75,28601.2378
1779521912,R_75,28594.3891
1779521914,R_75,28590.1754
1779521916,R_75,28596.1777
1779521918,R_75,28599.1291
1779521920,R_75,28599.8464
1779521922,R_75,28600.955
1779521924,R_75,28592.9435
1779521926,R_75,28590.3729
1779521928,R_75,28587.9323
1779521930,R_75,28585.0699
1779521932,R_75,28591.1862
1779521934,R_75,28591.2144
1779521936,R_75,28580.4806
1779521938,R_75,28580.4432
1779521940,R_75,28585.5313
1779521942,R_75,28583.8151
1779521944,R_75,28583.3911
1779521946,R_75,28587.378
1779521948,R_75,28577.5987
1779521950,R_75,28576.686
1779521952,R_75,28566.3351
1779521954,R_75,28562.3905
1779521956,R_75,28563.8231
1779521958,R_75,28563.6867
1779521960,R_75,28577.4591
1779521962,R_75,28575.1288
1779521964,R_75,28583.6541
1779521966,R_75,28586.4669
1779521968,R_75,28593.6248
1779521970,R_75,28598.7956
1779521972,R_75,28609.3321
1779521974,R_75,28610.5946
1779521976,R_75,28609.2298
1779521978,R_75,28606.8029
1779521980,R_75,28608.4675
1779521982,R_75,28603.2272
1779521984,R_75,28594.1964
1779521986,R_75,28594.4524
1779521988,R_75,28592.0129
1779521990,R_75,28596.5146
1779521992,R_75,28603.7726
1779521994,R_75,28608.9577
1779521996,R_75,28601.9732
1779521998,R_75,28606.7403
1779522000,R_75,28606.1275
1779522002,R_75,28604.997
1779522004,R_75,28609.3577
1779522006,R_75,28609.8594
1779522008,R_75,28613.5916
1779522010,R_75,28615.6367
1779522012,R_75,28613.2489
1779522014,R_75,28612.3769
1779522016,R_75,28616.8919
1779522018,R_75,28610.4131
1779522020,R_75,28613.3956
1779522022,R_75,28611.0426
1779522024,R_75,28618.0169
1779522026,R_75,28610.2473
1779522028,R_75,28616.4046
1779522030,R_75,28616.428
1779522032,R_75,28624.0936
1779522034,R_75,28617.0171
1779522036,R_75,28610.7323
1779522038,R_75,28609.1523
1779522040,R_75,28613.8317
1779522042,R_75,28611.4842
1779522044,R_75,28604.6654
1779522046,R_75,28601.1763
1779522048,R_75,28595.6974
1779522050,R_75,28593.5003
1779522052,R_75,28596.5971
1779522054,R_75,28595.1699
1779522056,R_75,28576.4698
1779522058,R_75,28580.2726
1779522060,R_75,28576.6664
1779522062,R_75,28583.8075
1779522064,R_75,28584.6345
1779522066,R_75,28590.1254
1779522068,R_75,28586.6227
1779522070,R_75,28586.794
1779522072,R_75,28594.3777
1779522074,R_75,28588.4671
1779522076,R_75,28587.0568
1779522078,R_75,28577.4943
1779522080,R_75,28578.6119
1779522082,R_75,28581.8468
1779522084,R_75,28586.1962
1779522086,R_75,28589.8952
1779522088,R_75,28588.3729
1779522090,R_75,28581.9377
1779522092,R_75,28577.5637
1779522094,R_75,28574.3585
1779522096,R_75,28575.8241
1779522098,R_75,28579.209
1779522100,R_75,28576.6263
1779522102,R_75,28573.5807
1779522104,R_75,28572.7246
1779522106,R_75,28570.1101
1779522108,R_75,28570.5795
1779522110,R_75,28571.446
1779522112,R_75,28570.6699
1779522114,R_75,28575.0334
1779522116,R_75,28577.7556
1779522118,R_75,28572.0612
1779522120,R_75,28574.3381
1779522122,R_75,28570.8948
1779522124,R_75,28571.5758
1779522126,R_75,28568.1075
1779522128,R_75,28572.7287
1779522130,R_75,28566.4517
1779522132,R_75,28572.9057
1779522134,R_75,28563.5448
1779522136,R_75,28556.1313
1779522138,R_75,28547.6692
1779522140,R_75,28550.8608
1779522142,R_75,28549.5681
1779522144,R_75,28546.6817
1779522146,R_75,28546.4643
1779522148,R_75,28543.2368
1779522150,R_75,28550.8074
1779522152,R_75,28551.9884
1779522154,R_75,28548.4686
1779522156,R_75,28545.2069
1779522158,R_75,28552.4828
1779522160,R_75,28547.2313
1779522162,R_75,28536.8212
1779522164,R_75,28538.7993
1779522166,R_75,28541.7832
1779522168,R_75,28544.3716
1779522170,R_75,28548.5455
1779522172,R_75,28555.1288
1779522174,R_75,28560.7976
1779522176,R_75,28558.4152
1779522178,R_75,28557.0473
1779522180,R_75,28552.6493
1779522182,R_75,28555.0543
1779522184,R_75,28557.2092
1779522186,R_75,28564.6907
1779522188,R_75,28566.9906
1779522190,R_75,28553.8011
1779522192,R_75,28546.3278
1779522194,R_75,28551.4401
1779522196,R_75,28549.4514
1779522198,R_75,28550.5874
1779522200,R_75,28549.8596
1779522202,R_75,28550.1005
1779522204,R_75,28551.0219
1779522206,R_75,28544.9924
1779522208,R_75,28557.011
1779522210,R_75,28549.6409
1779522212,R_75,28546.5338
1779522214,R_75,28538.051
1779522216,R_75,28532.7918
1779522218,R_75,28526.0728
1779522220,R_75,28533.0497
1779522222,R_75,28539.3094
1779522224,R_75,28535.6012
1779522226,R_75,28530.4755
1779522228,R_75,28521.5697
1779522230,R_75,28517.0279
1779522232,R_75,28523.7554
1779522234,R_75,28523.7064
1779522236,R_75,28513.781
1779522238,R_75,28516.0559
1779522240,R_75,28520.0388
1779522242,R_75,28519.7149
1779522244,R_75,28520.4597
1779522246,R_75,28526.4197
1779522248,R_75,28528.3983
1779522250,R_75,28520.4664
1779522252,R_75,28513.2983
1779522254,R_75,28524.4219
1779522256,R_75,28518.1042
1779522258,R_75,28523.5354
1779522260,R_75,28528.6874
1779522262,R_75,28529.3324
1779522264,R_75,28535.9003
1779522266,R_75,28526.6956
1779522268,R_75,28525.7558
1779522270,R_75,28517.3605
1779522272,R_75,28529.2842
1779522274,R_75,28523.8977
1779522276,R_75,28524.087
1779522278,R_75,28531.6627
1779522280,R_75,28536.3868
1779522282,R_75,28529.63
1779522284,R_75,28522.0823
1779522286,R_75,28521.2465
1779522288,R_75,28520.5042
1779522290,R_75,28519.9243
1779522292,R_75,28509.7595
1779522294,R_75,28513.1299
1779522296,R_75,28509.0489
1779522298,R_75,28508.1372
1779522300,R_75,28509.858
1779522302,R_75,28513.4189
1779522304,R_75,28519.6381
1779522306,R_75,28527.5391
1779522308,R_75,28527.1501
1779522310,R_75,28524.3664
1779522312,R_75,28518.7409
1779522314,R_75,28509.9751
1779522316,R_75,28507.1692
1779522318,R_75,28502.7113
1779522320,R_75,28502.1597
1779522322,R_75,28510.8044
1779522324,R_75,28512.7197
1779522326,R_75,28518.7175
1779522328,R_75,28518.2168
1779522330,R_75,28533.4259
1779522332,R_75,28533.2132
1779522334,R_75,28538.8298
1779522336,R_75,28537.4796
1779522338,R_75,28542.8507
1779522340,R_75,28542.7643
1779522342,R_75,28542.7318
1779522344,R_75,28541.2169
1779522346,R_75,28539.392
1779522348,R_75,28535.4037
1779522350,R_75,28531.9881
1779522352,R_75,28525.9049
1779522354,R_75,28520.7312
1779522356,R_75,28525.5322
1779522358,R_75,28528.7777
1779522360,R_75,28524.6609
1779522362,R_75,28528.2815
1779522364,R_75,28519.7263
1779522366,R_75,28516.6891
1779522368,R_75,28519.9338
1779522370,R_75,28520.5053
1779522372,R_75,28527.1237
1779522374,R_75,28526.1342
1779522376,R_75,28524.9961
1779522378,R_75,28533.3692
1779522380,R_75,28540.6462
1779522382,R_75,28546.0309
1779522384,R_75,28554.0834
1779522386,R_75,28553.4188
1779522388,R_75,28554.3708
1779522390,R_75,28551.9151
1779522392,R_75,28546.4678
1779522394,R_75,28540.6956
1779522396,R_75,28539.059
1779522398,R_75,28547.9428
1779522400,R_75,28545.4917
1779522402,R_75,28547.2183
1779522404,R_75,28542.7776
1779522406,R_75,28540.0344
1779522408,R_75,28537.7981
1779522410,R_75,28547.3836
1779522412,R_75,28546.7397
1779522414,R_75,28550.0539
1779522416,R_75,28550.945
1779522418,R_75,28557.3371
1779522420,R_75,28560.0776
1779522422,R_75,28563.9465
1779522424,R_75,28568.1884
1779522426,R_75,28565.9714
1779522428,R_75,28571.8604
1779522430,R_75,28566.8663
1779522432,R_75,28569.036
1779522434,R_75,28576.6662
1779522436,R_75,28576.0855
1779522438,R_75,28579.4216
1779522440,R_75,28575.6365
1779522442,R_75,28583.8046
1779522444,R_75,28580.2781
1779522446,R_75,28587.3415
1779522448,R_75,28589.8122
1779522450,R_75,28582.7905
1779522452,R_75,28580.4426
1779522454,R_75,28591.0195
1779522456,R_75,28591.5621
1779522458,R_75,28594.7341
1779522460,R_75,28595.9505
1779522462,R_75,28604.7232
1779522464,R_75,28605.7342
1779522466,R_75,28597.4185
1779522468,R_75,28589.5363
1779522470,R_75,28593.7552
1779522472,R_75,28596.9758
1779522474,R_75,28595.1693
1779522476,R_75,28600.0858
1779522478,R_75,28597.7241
1779522480,R_75,28591.5518
1779522482,R_75,28596.5861
1779522484,R_75,28605.6425
1779522486,R_75,28608.1297
1779522488,R_75,28606.7155
1779522490,R_75,28610.9921
1779522492,R_75,28607.3282
1779522494,R_75,28615.3642
1779522496,R_75,28615.1705
1779522498,R_75,28612.758
1779522500,R_75,28610.9538
1779522502,R_75,28613.9599
1779522504,R_75,28614.7699
1779522506,R_75,28617.7426
1779522508,R_75,28620.2132
1779522510,R_75,28614.1659
1779522512,R_75,28609.8179
1779522514,R_75,28614.8796
1779522516,R_75,28612.9396
1779522518,R_75,28608.4123
1779522520,R_75,28593.6704
1779522522,R_75,28595.2669
1779522524,R_75,28592.3595
1779522526,R_75,28592.7276
1779522528,R_75,28586.9726
1779522530,R_75,28584.0928
1779522532,R_75,28574.6315
1779522534,R_75,28580.5594
1779522536,R_75,28585.2299
1779522538,R_75,28590.1395
1779522540,R_75,28589.4938
1779522542,R_75,28595.6915
1779522544,R_75,28595.7138
1779522546,R_75,28597.5355
1779522548,R_75,28594.139
1779522550,R_75,28591.3877
1779522552,R_75,28591.2493
1779522554,R_75,28586.8084
1779522556,R_75,28586.9193
1779522558,R_75,28589.1918
1779522560,R_75,28588.4763
1779522562,R_75,28586.7607
1779522564,R_75,28592.9647
1779522566,R_75,28583.1097
1779522568,R_75,28585.9937
1779522570,R_75,28590.0013
1779522572,R_75,28600.6005
1779522574,R_75,28597.0332
1779522576,R_75,28599.3138
1779522578,R_75,28597.2924
1779522580,R_75,28598.6616
1779522582,R_75,28606.2729
1779522584,R_75,28601.7068
1779522586,R_75,28603.0841
1779522588,R_75,28592.1649
1779522590,R_75,28588.8279
1779522592,R_75,28596.9135
1779522594,R_75,28600.8895
1779522596,R_75,28602.7651
1779522598,R_75,28601.1639
1779522600,R_75,28608.0838
1779522602,R_75,28605.0794
1779522604,R_75,28605.1139
1779522606,R_75,28604.3497
1779522608,R_75,28602.1383
1779522610,R_75,28603.7218
1779522612,R_75,28611.5089
1779522614,R_75,28611.5529
1779522616,R_75,28616.452
1779522618,R_75,28625.3016
1779522620,R_75,28626.5746
1779522622,R_75,28634.0705
1779522624,R_75,28630.9235
1779522626,R_75,28624.5131
1779522628,R_75,28621.6241
1779522630,R_75,28617.8831
1779522632,R_75,28614.4417
1779522634,R_75,28612.2387
1779522636,R_75,28611.9356
1779522638,R_75,28614.0713
1779522640,R_75,28612.4755
1779522642,R_75,28606.8329
1779522644,R_75,28607.7681
1779522646,R_75,28601.1077
1779522648,R_75,28609.3901
1779522650,R_75,28619.1441
1779522652,R_75,28619.0953
1779522654,R_75,28620.0494
1779522656,R_75,28615.1812
1779522658,R_75,28611.0248
1779522660,R_75,28617.2066
1779522662,R_75,28619.0887
1779522664,R_75,28621.2191
1779522666,R_75,28625.1615
1779522668,R_75,28632.7426
1779522670,R_75,28631.1632
1779522672,R_75,28631.6121
1779522674,R_75,28631.4757
1779522676,R_75,28633.7652
1779522678,R_75,28623.8829
1779522680,R_75,28627.999
1779522682,R_75,28623.0463
1779522684,R_75,28626.5463
1779522686,R_75,28618.6122
1779522688,R_75,28622.5776
1779522690,R_75,28623.9911
1779522692,R_75,28626.8058
1779522694,R_75,28619.0338
1779522696,R_75,28618.8208
1779522698,R_75,28618.7784
1779522700,R_75,28619.2654
1779522702,R_75,28618.4883
1779522704,R_75,28619.9456
1779522706,R_75,28613.4612
1779522708,R_75,28611.5665
1779522710,R_75,28615.4977
1779522712,R_75,28612.0389
1779522714,R_75,28608.1709
1779522716,R_75,28618.221
1779522718,R_75,28615.7203
1779522720,R_75,28614.3917
1779522722,R_75,28614.9674
1779522724,R_75,28618.8143
1779522726,R_75,28632.0138
1779522728,R_75,28628.764
1779522730,R_75,28623.2596
1779522732,R_75,28624.2577
1779522734,R_75,28623.141
1779522736,R_75,28607.8094
1779522738,R_75,28605.2358
1779522740,R_75,28601.0982
1779522742,R_75,28601.2007
1779522744,R_75,28589.7725
1779522746,R_75,28585.3907
1779522748,R_75,28576.7578
1779522750,R_75,28574.8503
1779522752,R_75,28570.0895
1779522754,R_75,28567.2735
1779522756,R_75,28569.9661
1779522758,R_75,28576.8871
1779522760,R_75,28570.9518
1779522762,R_75,28576.6465
1779522764,R_75,28576.4645
1779522766,R_75,28576.8948
1779522768,R_75,28571.2712
1779522770,R_75,28569.6136
1779522772,R_75,28579.2993
1779522774,R_75,28579.5518
1779522776,R_75,28583.0814
1779522778,R_75,28585.7221
1779522780,R_75,28578.0034
1779522782,R_75,28579.9687
1779522784,R_75,28577.9021
1779522786,R_75,28585.3801
1779522788,R_75,28592.5394
1779522790,R_75,28593.7592
1779522792,R_75,28586.6813
1779522794,R_75,28599.1777
1779522796,R_75,28609.4502
1779522798,R_75,28613.8269
1779522800,R_75,28614.9515
1779522802,R_75,28612.7842
1779522804,R_75,28613.5711
1779522806,R_75,28613.1159
1779522808,R_75,28617.268
1779522810,R_75,28623.1638
1779522812,R_75,28623.2616
1779522814,R_75,28622.8372
1779522816,R_75,28618.3613
1779522818,R_75,28619.3255
1779522820,R_75,28623.787
1779522822,R_75,28619.9644
1779522824,R_75,28623.1753
1779522826,R_75,28622.0206
1779522828,R_75,28623.7515
1779522830,R_75,28618.1528
1779522832,R_75,28618.1592
1779522834,R_75,28613.1004
1779522836,R_75,28622.4237
1779522838,R_75,28618.7756
1779522840,R_75,28615.7272
1779522842,R_75,28616.3809
1779522844,R_75,28617.1938
1779522846,R_75,28625.5805
1779522848,R_75,28624.2329
1779522850,R_75,28626.3907
1779522852,R_75,28626.0696
1779522854,R_75,28617.1037
1779522856,R_75,28615.6999
1779522858,R_75,28618.2714
1779522860,R_75,28625.4643
1779522862,R_75,28617.8982
1779522864,R_75,28615.5757
1779522866,R_75,28615.0576
1779522868,R_75,28621.4432
1779522870,R_75,28623.8271
1779522872,R_75,28616.3962
1779522874,R_75,28610.3809
1779522876,R_75,28610.9198
1779522878,R_75,28611.0198
1779522880,R_75,28608.5646
1779522882,R_75,28599.8904
1779522884,R_75,28596.1497
1779522886,R_75,28582.8503
1779522888,R_75,28578.622
1779522890,R_75,28574.9973
1779522892,R_75,28571.886
1779522894,R_75,28574.1631
1779522896,R_75,28582.9444
1779522898,R_75,28587.7089
1779522900,R_75,28592.7207
1779522902,R_75,28591.9891
1779522904,R_75,28582.3434
1779522906,R_75,28580.5572
1779522908,R_75,28578.0852
1779522910,R_75,28583.3398
1779522912,R_75,28585.0771
1779522914,R_75,28589.0703
1779522916,R_75,28583.9561
1779522918,R_75,28584.8945
1779522920,R_75,28584.6856
1779522922,R_75,28591.0697
1779522924,R_75,28594.6642
1779522926,R_75,28601.2781
1779522928,R_75,28603.3542
1779522930,R_75,28599.2328
1779522932,R_75,28600.2603
1779522934,R_75,28595.7447
1779522936,R_75,28602.3368
1779522938,R_75,28606.9038
1779522940,R_75,28600.1745
1779522942,R_75,28599.1637
1779522944,R_75,28590.1737
1779522946,R_75,28581.9624
1779522948,R_75,28578.3901
1779522950,R_75,28578.4833
1779522952,R_75,28574.5638
1779522954,R_75,28569.2551
1779522956,R_75,28568.8521
1779522958,R_75,28573.3745
1779522960,R_75,28560.8613
1779522962,R_75,28565.7205
1779522964,R_75,28569.9316
1779522966,R_75,28572.6469
1779522968,R_75,28583.3351
1779522970,R_75,28587.6773
1779522972,R_75,28594.7951
1779522974,R_75,28592.6883
1779522976,R_75,28601.2766
1779522978,R_75,28595.2476
1779522980,R_75,28592.5473
1779522982,R_75,28589.9283
1779522984,R_75,28589.7443
1779522986,R_75,28591.0318
1779522988,R_75,28594.5527
1779522990,R_75,28603.1972
1779522992,R_75,28600.9605
1779522994,R_75,28608.6588
1779522996,R_75,28611.9323
1779522998,R_75,28602.4666
1779523000,R_75,28604.8589
1779523002,R_75,28607.5974
1779523004,R_75,28606.1584
1779523006,R_75,28605.136
1779523008,R_75,28595.3232
1779523010,R_75,28585.0403
1779523012,R_75,28592.464
1779523014,R_75,28589.1866
1779523016,R_75,28590.309
1779523018,R_75,28599.0274
1779523020,R_75,28607.0275
1779523022,R_75,28601.9865
1779523024,R_75,28607.9184
1779523026,R_75,28603.3786
1779523028,R_75,28603.8695
1779523030,R_75,28605.4005
1779523032,R_75,28610.8298
1779523034,R_75,28601.6268
1779523036,R_75,28613.5117
1779523038,R_75,28609.6636
1779523040,R_75,28603.4076
1779523042,R_75,28592.4279
1779523044,R_75,28583.7369
1779523046,R_75,28592.7537
1779523048,R_75,28592.7903
1779523050,R_75,28601.8189
1779523052,R_75,28598.9085
1779523054,R_75,28597.8111
1779523056,R_75,28603.3016
1779523058,R_75,28600.7809
1779523060,R_75,28605.7366
1779523062,R_75,28603.5605
1779523064,R_75,28604.3218
1779523066,R_75,28605.4675
1779523068,R_75,28607.9478
1779523070,R_75,28598.4504
1779523072,R_75,28588.1461
1779523074,R_75,28589.2265
1779523076,R_75,28580.3138
1779523078,R_75,28585.6559
1779523080,R_75,28585.6918
1779523082,R_75,28586.3877
1779523084,R_75,28586.953
1779523086,R_75,28584.1035
1779523088,R_75,28569.6571
1779523090,R_75,28567.9566
1779523092,R_75,28573.4171
1779523094,R_75,28585.2559
1779523096,R_75,28577.0424
1779523098,R_75,28580.6131
1779523100,R_75,28585.5033
1779523102,R_75,28591.1836
1779523104,R_75,28587.2989
1779523106,R_75,28583.3617
1779523108,R_75,28583.1476
1779523110,R_75,28582.5544
1779523112,R_75,28582.0766
1779523114,R_75,28582.2713
1779523116,R_75,28576.5572
1779523118,R_75,28567.0304
1779523120,R_75,28563.3827
1779523122,R_75,28552.0606
1779523124,R_75,28540.7272
1779523126,R_75,28541.8613
1779523128,R_75,28538.1096
1779523130,R_75,28541.4994
1779523132,R_75,28550.4362
1779523134,R_75,28549.5071
1779523136,R_75,28548.5544
1779523138,R_75,28538.9358
1779523140,R_75,28536.6873
1779523142,R_75,28535.3284
1779523144,R_75,28528.2475
1779523146,R_75,28526.4364
1779523148,R_75,28526.3827
1779523150,R_75,28527.0695
1779523152,R_75,28524.6238
1779523154,R_75,28525.8614
1779523156,R_75,28526.8333
1779523158,R_75,28533.1053
1779523160,R_75,28535.8708
1779523162,R_75,28524.7485
1779523164,R_75,28528.4624
1779523166,R_75,28529.884
1779523168,R_75,28531.7158
1779523170,R_75,28540.7253
1779523172,R_75,28537.7595
1779523174,R_75,28541.29
1779523176,R_75,28536.8111
1779523178,R_75,28532.613
1779523180,R_75,28532.9933
1779523182,R_75,28539.3676
1779523184,R_75,28536.6724
1779523186,R_75,28538.634
1779523188,R_75,28536.751
1779523190,R_75,28530.9119
1779523192,R_75,28527.4258
1779523194,R_75,28527.4349
1779523196,R_75,28530.0893
1779523198,R_75,28528.9621
1779523200,R_75,28530.0707
1779523202,R_75,28527.1645
1779523204,R_75,28520.4763
1779523206,R_75,28514.5039
1779523208,R_75,28515.3573
1779523210,R_75,28510.0999
1779523212,R_75,28512.1778
1779523214,R_75,28508.6533
1779523216,R_75,28509.3412
1779523218,R_75,28515.4716
1779523220,R_75,28519.7563
1779523222,R_75,28513.9912
1779523224,R_75,28517.1225
1779523226,R_75,28514.7113
1779523228,R_75,28509.2136
1779523230,R_75,28510.5648
1779523232,R_75,28509.6592
1779523234,R_75,28515.4609
1779523236,R_75,28508.0482
1779523238,R_75,28513.0197
1779523240,R_75,28517.8919
1779523242,R_75,28511.1724
1779523244,R_75,28521.7941
1779523246,R_75,28511.8224
1779523248,R_75,28519.2819
1779523250,R_75,28516.6806
1779523252,R_75,28511.6548
1779523254,R_75,28516.953
1779523256,R_75,28522.5683
1779523258,R_75,28527.5479
1779523260,R_75,28527.574
1779523262,R_75,28534.3041
1779523264,R_75,28534.4661
1779523266,R_75,28540.372
1779523268,R_75,28539.2632
1779523270,R_75,28533.405
1779523272,R_75,28532.3577
1779523274,R_75,28527.1841
1779523276,R_75,28522.1841
1779523278,R_75,28512.332
1779523280,R_75,28516.1018
1779523282,R_75,28531.9549
1779523284,R_75,28539.7379
1779523286,R_75,28533.7963
1779523288,R_75,28525.1625
1779523290,R_75,28533.0127
1779523292,R_75,28527.1968
1779523294,R_75,28524.5312
1779523296,R_75,28529.1859
1779523298,R_75,28534.2065
1779523300,R_75,28537.9775
1779523302,R_75,28531.6052
1779523304,R_75,28531.6211
1779523306,R_75,28529.7905
1779523308,R_75,28535.722
1779523310,R_75,28532.8364
1779523312,R_75,28526.0245
1779523314,R_75,28524.9591
1779523316,R_75,28520.7417
1779523318,R_75,28535.7057
1779523320,R_75,28538.0229
1779523322,R_75,28545.8044
1779523324,R_75,28550.124
1779523326,R_75,28549.4749
1779523328,R_75,28546.0755
1779523330,R_75,28544.776
1779523332,R_75,28534.185
1779523334,R_75,28539.2029
1779523336,R_75,28523.7442
1779523338,R_75,28516.9711
1779523340,R_75,28516.8958
1779523342,R_75,28514.7206
1779523344,R_75,28514.3928
1779523346,R_75,28523.3775
1779523348,R_75,28535.1037
1779523350,R_75,28536.6301
1779523352,R_75,28537.8475
1779523354,R_75,28538.2067
1779523356,R_75,28539.2156
1779523358,R_75,28533.6139
1779523360,R_75,28528.9746
1779523362,R_75,28526.1456
1779523364,R_75,28526.4205
1779523366,R_75,28520.3979
1779523368,R_75,28521.0104
1779523370,R_75,28527.8358
1779523372,R_75,28526.8391
1779523374,R_75,28530.2105
1779523376,R_75,28527.8147
1779523378,R_75,28526.7735
1779523380,R_75,28531.5706
1779523382,R_75,28529.634
1779523384,R_75,28524.1262
1779523386,R_75,28520.7467
1779523388,R_75,28519.688
1779523390,R_75,28525.8489
1779523392,R_75,28528.7301
1779523394,R_75,28528.3509
1779523396,R_75,28530.334
1779523398,R_75,28535.4823
1779523400,R_75,28524.6258
1779523402,R_75,28526.9183
1779523404,R_75,28532.6908
1779523406,R_75,28525.2497
1779523408,R_75,28532.5952
1779523410,R_75,28529.2201
1779523412,R_75,28523.0473
1779523414,R_75,28525.6065
1779523416,R_75,28525.0607
1779523418,R_75,28522.0228
1779523420,R_75,28516.8145
1779523422,R_75,28527.0287
1779523424,R_75,28530.3748
1779523426,R_75,28534.2191
1779523428,R_75,28538.9425
1779523430,R_75,28544.3859
1779523432,R_75,28539.5274
1779523434,R_75,28538.894
1779523436,R_75,28546.4612
1779523438,R_75,28544.6299
1779523440,R_75,28547.5038
1779523442,R_75,28546.1931
1779523444,R_75,28546.7871
1779523446,R_75,28554.9816
1779523448,R_75,28553.6796
1779523450,R_75,28551.7036
1779523452,R_75,28543.3023
1779523454,R_75,28552.8259
1779523456,R_75,28566.378
1779523458,R_75,28564.8783
1779523460,R_75,28567.2046
1779523462,R_75,28566.3052
1779523464,R_75,28561.254
1779523466,R_75,28560.0029
1779523468,R_75,28556.0965
1779523470,R_75,28548.1355
1779523472,R_75,28560.328
1779523474,R_75,28567.4652
1779523476,R_75,28567.0182
1779523478,R_75,28564.297
1779523480,R_75,28561.7371
1779523482,R_75,28577.4656
1779523484,R_75,28573.1511
1779523486,R_75,28568.2297
1779523488,R_75,28569.0147
1779523490,R_75,28564.9191
1779523492,R_75,28555.3371
1779523494,R_75,28557.1173
1779523496,R_75,28559.2242
1779523498,R_75,28560.102
1779523500,R_75,28566.897
1779523502,R_75,28575.6966
1779523504,R_75,28581.7332
1779523506,R_75,28586.3929
1779523508,R_75,28575.551
1779523510,R_75,28573.9037
1779523512,R_75,28580.9297
1779523514,R_75,28585.8501
1779523516,R_75,28584.0341
1779523518,R_75,28578.1381
1779523520,R_75,28578.6023
1779523522,R_75,28575.1349
1779523524,R_75,28581.7513
1779523526,R_75,28574.9776
1779523528,R_75,28579.5991
1779523530,R_75,28585.2818
1779523532,R_75,28581.3189
1779523534,R_75,28581.943
1779523536,R_75,28583.9331
1779523538,R_75,28579.1993
1779523540,R_75,28575.655
1779523542,R_75,28577.4108
1779523544,R_75,28569.136
1779523546,R_75,28570.6531
1779523548,R_75,28572.366
1779523550,R_75,28571.9701
1779523552,R_75,28571.4323
1779523554,R_75,28572.8808
1779523556,R_75,28571.8034
1779523558,R_75,28573.3728
1779523560,R_75,28569.461
1779523562,R_75,28568.9885
1779523564,R_75,28566.7671
1779523566,R_75,28569.124
1779523568,R_75,28563.0028
1779523570,R_75,28567.2425
1779523572,R_75,28571.2906
1779523574,R_75,28569.438
1779523576,R_75,28564.6675
1779523578,R_75,28568.9403
1779523580,R_75,28566.9483
1779523582,R_75,28563.155
1779523584,R_75,28559.4337
1779523586,R_75,28560.7057
1779523588,R_75,28567.0214
1779523590,R_75,28566.8683
1779523592,R_75,28571.6207
1779523594,R_75,28570.004
1779523596,R_75,28563.1609
1779523598,R_75,28558.1956
1779523600,R_75,28557.7758
1779523602,R_75,28557.4776
1779523604,R_75,28565.5387
1779523606,R_75,28566.792
1779523608,R_75,28569.3038
1779523610,R_75,28577.8385
1779523612,R_75,28572.8106
1779523614,R_75,28575.2355
1779523616,R_75,28576.6252
1779523618,R_75,28574.2657
1779523620,R_75,28569.1818
1779523622,R_75,28569.8351
1779523624,R_75,28575.591
1779523626,R_75,28583.7908
1779523628,R_75,28587.8139
1779523630,R_75,28586.9672
1779523632,R_75,28573.8081
1779523634,R_75,28571.699
1779523636,R_75,28576.4721
1779523638,R_75,28578.6882
1779523640,R_75,28588.3237
1779523642,R_75,28586.4229
1779523644,R_75,28587.9687
1779523646,R_75,28590.4453
1779523648,R_75,28586.9623
1779523650,R_75,28596.2801
1779523652,R_75,28601.2138
1779523654,R_75,28600.5495
1779523656,R_75,28598.1773
1779523658,R_75,28598.339
1779523660,R_75,28599.6486
1779523662,R_75,28597.015
1779523664,R_75,28600.4304
1779523666,R_75,28596.8279
1779523668,R_75,28601.3388
1779523670,R_75,28600.631
1779523672,R_75,28599.8165
1779523674,R_75,28599.8173
1779523676,R_75,28597.0613
1779523678,R_75,28603.9757
1779523680,R_75,28605.0359
1779523682,R_75,28590.9301
1779523684,R_75,28603.7541
1779523686,R_75,28596.7283
1779523688,R_75,28599.4093
1779523690,R_75,28598.7196
1779523692,R_75,28600.1977
1779523694,R_75,28598.5268
1779523696,R_75,28593.7524
1779523698,R_75,28603.5388
1779523700,R_75,28595.3181
1779523702,R_75,28597.7832
1779523704,R_75,28605.5297
1779523706,R_75,28596.8458
1779523708,R_75,28592.9787
1779523710,R_75,28588.8086
1779523712,R_75,28589.836
1779523714,R_75,28575.7087
1779523716,R_75,28574.2418
1779523718,R_75,28568.7589
1779523720,R_75,28557.6057
1779523722,R_75,28551.8024
1779523724,R_75,28546.3566
1779523726,R_75,28552.2588
1779523728,R_75,28558.3477
1779523730,R_75,28554.6166
1779523732,R_75,28549.3092
1779523734,R_75,28546.546
1779523736,R_75,28548.4938
1779523738,R_75,28557.2028
1779523740,R_75,28559.2339
1779523742,R_75,28559.5915
1779523744,R_75,28556.5239
1779523746,R_75,28561.0415
1779523748,R_75,28566.6161
1779523750,R_75,28564.0139
1779523752,R_75,28562.4632
1779523754,R_75,28569.1764
1779523756,R_75,28569.3762
1779523758,R_75,28569.797
1779523760,R_75,28567.0331
1779523762,R_75,28555.4552
1779523764,R_75,28552.3904
1779523766,R_75,28558.6987
1779523768,R_75,28559.8265
1779523770,R_75,28563.1762
1779523772,R_75,28561.6133
1779523774,R_75,28567.0782
1779523776,R_75,28563.5191
1779523778,R_75,28565.5619
1779523780,R_75,28566.2908
1779523782,R_75,28559.3278
1779523784,R_75,28567.1556
1779523786,R_75,28568.6787
1779523788,R_75,28579.8763
1779523790,R_75,28576.5025
1779523792,R_75,28576.2022
1779523794,R_75,28573.2242
1779523796,R_75,28563.4668
1779523798,R_75,28566.1033
1779523800,R_75,28560.7194
1779523802,R_75,28562.7146
1779523804,R_75,28568.1521
1779523806,R_75,28569.6534
1779523808,R_75,28567.041
1779523810,R_75,28570.7362
1779523812,R_75,28570.6843
1779523814,R_75,28567.1461
1779523816,R_75,28565.7946
1779523818,R_75,28575.333
1779523820,R_75,28576.2608
1779523822,R_75,28577.8478
1779523824,R_75,28580.8291
1779523826,R_75,28581.8106
1779523828,R_75,28583.8267
1779523830,R_75,28586.6249
1779523832,R_75,28586.7262
1779523834,R_75,28592.0103
1779523836,R_75,28592.3044
1779523838,R_75,28587.9961
1779523840,R_75,28579.9555
1779523842,R_75,28571.6741
1779523844,R_75,28571.7588
1779523846,R_75,28574.7403
1779523848,R_75,28573.2237
1779523850,R_75,28576.4209
1779523852,R_75,28571.2424
1779523854,R_75,28572.1983
1779523856,R_75,28575.6104
1779523858,R_75,28570.6106
1779523860,R_75,28564.9643
1779523862,R_75,28566.4186
1779523864,R_75,28560.0538
1779523866,R_75,28568.4762
1779523868,R_75,28571.362
1779523870,R_75,28574.2581
1779523872,R_75,28580.0978
1779523874,R_75,28579.3823
1779523876,R_75,28577.1803
1779523878,R_75,28576.622
1779523880,R_75,28577.9548
1779523882,R_75,28580.133
1779523884,R_75,28577.2977
1779523886,R_75,28580.0152
1779523888,R_75,28581.0853
1779523890,R_75,28582.1106
1779523892,R_75,28583.4612
1779523894,R_75,28575.5277
1779523896,R_75,28572.0123
1779523898,R_75,28577.9334
1779523900,R_75,28579.096
1779523902,R_75,28572.3099
1779523904,R_75,28580.1675
1779523906,R_75,28578.1446
1779523908,R_75,28577.7617
1779523910,R_75,28569.5326
1779523912,R_75,28569.1182
1779523914,R_75,28577.2252
1779523916,R_75,28584.1314
1779523918,R_75,28596.4955
1779523920,R_75,28595.4735
1779523922,R_75,28589.4757
1779523924,R_75,28583.3049
1779523926,R_75,28585.3183
1779523928,R_75,28591.0531
1779523930,R_75,28597.2433
1779523932,R_75,28599.7679
1779523934,R_75,28606.3112
1779523936,R_75,28602.5312
1779523938,R_75,28603.022
1779523940,R_75,28603.8793
1779523942,R_75,28613.3504
1779523944,R_75,28609.3835
1779523946,R_75,28618.1395
1779523948,R_75,28622.2706
1779523950,R_75,28620.8903
1779523952,R_75,28618.3349
1779523954,R_75,28608.0546
1779523956,R_75,28613.9285
1779523958,R_75,28611.8719
1779523960,R_75,28612.331
1779523962,R_75,28617.8636
1779523964,R_75,28613.6612
1779523966,R_75,28620.2331
1779523968,R_75,28628.1459
1779523970,R_75,28628.9447
1779523972,R_75,28634.2264
1779523974,R_75,28638.405
1779523976,R_75,28638.4366
1779523978,R_75,28635.2877
1779523980,R_75,28637.4315
1779523982,R_75,28635.3823
1779523984,R_75,28636.6474
1779523986,R_75,28636.1786
1779523988,R_75,28634.0272
1779523990,R_75,28635.7811
1779523992,R_75,28633.8326
1779523994,R_75,28640.1278
1779523996,R_75,28638.5499
1779523998,R_75,28643.7741
1779524000,R_75,28647.597
1779524002,R_75,28653.5412
1779524004,R_75,28648.9817
1779524006,R_75,28650.9046
1779524008,R_75,28658.2248
1779524010,R_75,28664.7442
1779524012,R_75,28670.1717
1779524014,R_75,28677.2582
1779524016,R_75,28681.1894
1779524018,R_75,28674.762
1779524020,R_75,28682.3916
1779524022,R_75,28683.0152
1779524024,R_75,28680.7098
1779524026,R_75,28676.4812
1779524028,R_75,28675.0472
1779524030,R_75,28679.2145
1779524032,R_75,28682.4997
1779524034,R_75,28677.7815
1779524036,R_75,28678.5145
1779524038,R_75,28678.4454
1779524040,R_75,28679.0518
1779524042,R_75,28676.0485
1779524044,R_75,28684.373
1779524046,R_75,28681.2388
1779524048,R_75,28680.7778
1779524050,R_75,28676.0902
1779524052,R_75,28670.2865
1779524054,R_75,28670.1202
1779524056,R_75,28674.3394
1779524058,R_75,28673.4526
1779524060,R_75,28681.6218
1779524062,R_75,28678.684
1779524064,R_75,28675.5625
1779524066,R_75,28675.5513
1779524068,R_75,28673.7911
1779524070,R_75,28673.1478
1779524072,R_75,28662.2846
1779524074,R_75,28661.8492
1779524076,R_75,28661.8079
1779524078,R_75,28657.228
1779524080,R_75,28656.6136
1779524082,R_75,28652.8814
1779524084,R_75,28656.5051
1779524086,R_75,28657.2545
1779524088,R_75,28659.7286
1779524090,R_75,28656.0306
1779524092,R_75,28656.1
1779524094,R_75,28657.637
1779524096,R_75,28650.545
1779524098,R_75,28647.9312
1779524100,R_75,28641.3636
1779524102,R_75,28637.7107
1779524104,R_75,28642.538
1779524106,R_75,28641.7115
1779524108,R_75,28639.1458
1779524110,R_75,28632.3361
1779524112,R_75,28629.8344
1779524114,R_75,28628.933
1779524116,R_75,28624.5141
1779524118,R_75,28634.6268
1779524120,R_75,28638.1249
1779524122,R_75,28641.3295
1779524124,R_75,28636.5949
1779524126,R_75,28638.125
1779524128,R_75,28645.3229
1779524130,R_75,28638.6253
1779524132,R_75,28642.9396
1779524134,R_75,28644.7116
1779524136,R_75,28641.2923
1779524138,R_75,28639.0198
1779524140,R_75,28649.7763
1779524142,R_75,28650.6475
1779524144,R_75,28652.0916
1779524146,R_75,28659.3749
1779524148,R_75,28667.4514
1779524150,R_75,28668.8801
1779524152,R_75,28671.5262
1779524154,R_75,28666.5898
1779524156,R_75,28658.3213
1779524158,R_75,28658.1123
1779524160,R_75,28646.4125
1779524162,R_75,28643.9471
1779524164,R_75,28651.8748
1779524166,R_75,28655.7238
1779524168,R_75,28658.1496
1779524170,R_75,28666.8403
1779524172,R_75,28659.1965
1779524174,R_75,28656.9654
1779524176,R_75,28644.1623
1779524178,R_75,28654.1286
1779524180,R_75,28648.0017
1779524182,R_75,28650.5698
1779524184,R_75,28645.6286
1779524186,R_75,28647.5235
1779524188,R_75,28648.6977
1779524190,R_75,28647.4355
1779524192,R_75,28654.0642
1779524194,R_75,28646.5778
1779524196,R_75,28655.0604
1779524198,R_75,28651.8913
1779524200,R_75,28659.6039
1779524202,R_75,28658.8957
1779524204,R_75,28655.8632
1779524206,R_75,28649.4424
1779524208,R_75,28651.8487
1779524210,R_75,28655.9218
1779524212,R_75,28648.9007
1779524214,R_75,28642.4997
1779524216,R_75,28636.3882
1779524218,R_75,28636.3192
1779524220,R_75,28633.7824
1779524222,R_75,28638.8863
1779524224,R_75,28637.964
1779524226,R_75,28631.6038
1779524228,R_75,28633.6617
1779524230,R_75,28631.9133
1779524232,R_75,28628.6836
1779524234,R_75,28629.9781
1779524236,R_75,28636.0623
1779524238,R_75,28638.9532
1779524240,R_75,28635.9023
1779524242,R_75,28630.301
1779524244,R_75,28622.3453
1779524246,R_75,28613.9982
1779524248,R_75,28616.952
1779524250,R_75,28610.301
1779524252,R_75,28619.0788
1779524254,R_75,28634.7196
1779524256,R_75,28636.1406
1779524258,R_75,28638.6733
1779524260,R_75,28644.0154
1779524262,R_75,28653.4317
1779524264,R_75,28647.7171
1779524266,R_75,28648.0261
1779524268,R_75,28642.9953
1779524270,R_75,28640.3333
1779524272,R_75,28646.0295
1779524274,R_75,28649.6542
1779524276,R_75,28660.7878
1779524278,R_75,28661.7913
1779524280,R_75,28650.7496
1779524282,R_75,28657.8812
1779524284,R_75,28663.2757
1779524286,R_75,28659.1261
1779524288,R_75,28662.066
1779524290,R_75,28662.5972
1779524292,R_75,28662.0271
1779524294,R_75,28669.6079
1779524296,R_75,28662.9563
1779524298,R_75,28672.9443
1779524300,R_75,28675.3322
1779524302,R_75,28662.0968
1779524304,R_75,28665.2166
1779524306,R_75,28668.6481
1779524308,R_75,28664.964
1779524310,R_75,28662.1471
1779524312,R_75,28662.7412
1779524314,R_75,28658.7062
1779524316,R_75,28657.9196
1779524318,R_75,28654.4812
1779524320,R_75,28648.1129
1779524322,R_75,28648.1206
1779524324,R_75,28641.9723
1779524326,R_75,28641.5673
1779524328,R_75,28643.7313
1779524330,R_75,28646.7035
1779524332,R_75,28644.1205
1779524334,R_75,28642.0012
1779524336,R_75,28650.7888
1779524338,R_75,28653.1831
1779524340,R_75,28651.8225
1779524342,R_75,28656.5404
1779524344,R_75,28653.2195
1779524346,R_75,28644.8291
1779524348,R_75,28649.1555
1779524350,R_75,28653.8503
1779524352,R_75,28653.6063
1779524354,R_75,28648.4153
1779524356,R_75,28642.3671
1779524358,R_75,28646.5423
1779524360,R_75,28650.5918
1779524362,R_75,28653.4393
1779524364,R_75,28655.2569
1779524366,R_75,28646.1095
1779524368,R_75,28642.0294
1779524370,R_75,28640.8629
1779524372,R_75,28643.6288
1779524374,R_75,28648.3366
1779524376,R_75,28639.3568
1779524378,R_75,28634.2006
1779524380,R_75,28630.0573
1779524382,R_75,28616.1272
1779524384,R_75,28610.6646
1779524386,R_75,28593.8031
1779524388,R_75,28597.1557
1779524390,R_75,28599.6261
1779524392,R_75,28601.1091
1779524394,R_75,28600.1828
1779524396,R_75,28594.324
1779524398,R_75,28596.9266
1779524400,R_75,28596.8145
1779524402,R_75,28598.384
1779524404,R_75,28600.9709
1779524406,R_75,28597.853
1779524408,R_75,28602.6053
1779524410,R_75,28605.5947
1779524412,R_75,28612.9205
1779524414,R_75,28622.4923
1779524416,R_75,28618.4013
1779524418,R_75,28622.7436
1779524420,R_75,28626.7084
1779524422,R_75,28626.1256
1779524424,R_75,28627.1479
1779524426,R_75,28632.8192
1779524428,R_75,28632.2486
1779524430,R_75,28630.8596
1779524432,R_75,28619.4503
1779524434,R_75,28617.0604
1779524436,R_75,28599.2834
1779524438,R_75,28601.7819
1779524440,R_75,28603.9068
1779524442,R_75,28601.4729
1779524444,R_75,28599.2217
1779524446,R_75,28602.4208
1779524448,R_75,28594.8652
1779524450,R_75,28605.1866
1779524452,R_75,28610.7914
1779524454,R_75,28610.1321
1779524456,R_75,28614.1424
1779524458,R_75,28616.3412
1779524460,R_75,28605.3828
1779524462,R_75,28607.7769
1779524464,R_75,28604.1477
1779524466,R_75,28607.9141
1779524468,R_75,28609.1938
1779524470,R_75,28598.7409
1779524472,R_75,28591.2973
1779524474,R_75,28596.1847
1779524476,R_75,28591.8172
1779524478,R_75,28596.4706
1779524480,R_75,28601.2106
1779524482,R_75,28594.0921
1779524484,R_75,28590.6411
1779524486,R_75,28594.3771
1779524488,R_75,28593.898
1779524490,R_75,28590.7811
1779524492,R_75,28596.7795
1779524494,R_75,28593.585
1779524496,R_75,28594.7443
1779524498,R_75,28597.2493
1779524500,R_75,28592.4319
1779524502,R_75,28596.5904
1779524504,R_75,28600.4054
1779524506,R_75,28601.5042
1779524508,R_75,28603.3673
1779524510,R_75,28600.1587
1779524512,R_75,28600.8622
1779524514,R_75,28597.9224
1779524516,R_75,28594.5344
1779524518,R_75,28598.1378
1779524520,R_75,28599.1541
1779524522,R_75,28601.5715
1779524524,R_75,28603.1113
1779524526,R_75,28608.3218
1779524528,R_75,28607.6328
1779524530,R_75,28604.4101
1779524532,R_75,28609.3933
1779524534,R_75,28605.8627
1779524536,R_75,28604.8026
1779524538,R_75,28602.5217
1779524540,R_75,28606.8504
1779524542,R_75,28608.2442
1779524544,R_75,28599.0822
1779524546,R_75,28593.1237
1779524548,R_75,28590.4829
1779524550,R_75,28586.859
1779524552,R_75,28578.4464
1779524554,R_75,28572.5007
1779524556,R_75,28573.0698
1779524558,R_75,28577.1058
1779524560,R_75,28575.3248
1779524562,R_75,28573.0785
1779524564,R_75,28571.7273
1779524566,R_75,28562.2529
1779524568,R_75,28565.4853
1779524570,R_75,28562.7118
1779524572,R_75,28565.6596
1779524574,R_75,28571.8782
1779524576,R_75,28579.4388
1779524578,R_75,28583.9512
1779524580,R_75,28593.2715
1779524582,R_75,28589.45
1779524584,R_75,28590.4526
1779524586,R_75,28596.5976
1779524588,R_75,28596.4653
1779524590,R_75,28596.9474
1779524592,R_75,28606.4899
1779524594,R_75,28607.4267
1779524596,R_75,28610.2859
1779524598,R_75,28623.7923
1779524600,R_75,28620.9388
1779524602,R_75,28613.778
1779524604,R_75,28613.4718
1779524606,R_75,28608.7053
1779524608,R_75,28611.4787
1779524610,R_75,28613.4078
1779524612,R_75,28611.2524
1779524614,R_75,28613.7895
1779524616,R_75,28621.6094
1779524618,R_75,28617.884
1779524620,R_75,28616.7724
1779524622,R_75,28623.1486
1779524624,R_75,28626.2051
1779524626,R_75,28622.1208
1779524628,R_75,28606.8222
1779524630,R_75,28614.4227
1779524632,R_75,28617.4779
1779524634,R_75,28622.1387
1779524636,R_75,28622.8324
1779524638,R_75,28626.1602
1779524640,R_75,28637.3064
1779524642,R_75,28642.4177
1779524644,R_75,28639.2292
1779524646,R_75,28631.5595
1779524648,R_75,28634.8532
1779524650,R_75,28631.9499
1779524652,R_75,28638.3891
1779524654,R_75,28634.7697
1779524656,R_75,28638.2517
1779524658,R_75,28636.0599
1779524660,R_75,28633.9374
1779524662,R_75,28642.3545
1779524664,R_75,28641.3723
1779524666,R_75,28635.874
1779524668,R_75,28644.1823
1779524670,R_75,28645.4613
1779524672,R_75,28652.7008
1779524674,R_75,28658.8475
1779524676,R_75,28654.2284
1779524678,R_75,28650.9148
1779524680,R_75,28656.3957
1779524682,R_75,28645.397
1779524684,R_75,28651.6365
1779524686,R_75,28654.0779
1779524688,R_75,28661.7097
1779524690,R_75,28673.1963
1779524692,R_75,28677.0344
1779524694,R_75,28678.5492
1779524696,R_75,28682.573
1779524698,R_75,28675.8632
1779524700,R_75,28672.7819
1779524702,R_75,28673.5138
1779524704,R_75,28666.2736
1779524706,R_75,28661.8156
1779524708,R_75,28662.6766
1779524710,R_75,28668.0068
1779524712,R_75,28667.7074
1779524714,R_75,28677.3415
1779524716,R_75,28676.6684
1779524718,R_75,28685.2128
1779524720,R_75,28686.9843
1779524722,R_75,28684.2199
1779524724,R_75,28683.2024
1779524726,R_75,28681.0036
1779524728,R_75,28686.2576
1779524730,R_75,28685.9332
1779524732,R_75,28686.055
1779524734,R_75,28689.1234
1779524736,R_75,28694.0386
1779524738,R_75,28694.6053
1779524740,R_75,28696.5041
1779524742,R_75,28687.1305
1779524744,R_75,28687.5714
1779524746,R_75,28682.6275
1779524748,R_75,28682.0561
1779524750,R_75,28683.3469
1779524752,R_75,28690.5731
1779524754,R_75,28691.9318
1779524756,R_75,28703.7052
1779524758,R_75,28705.1563
1779524760,R_75,28700.4371
1779524762,R_75,28700.6662
1779524764,R_75,28692.7944
1779524766,R_75,28688.5921
1779524768,R_75,28693.5138
1779524770,R_75,28699.3794
1779524772,R_75,28703.8294
1779524774,R_75,28705.9386
1779524776,R_75,28711.7679
1779524778,R_75,28705.6004
1779524780,R_75,28701.8722
1779524782,R_75,28707.5334
1779524784,R_75,28706.9793
1779524786,R_75,28709.4309
1779524788,R_75,28705.5664
1779524790,R_75,28698.6035
1779524792,R_75,28695.3706
1779524794,R_75,28697.1551
1779524796,R_75,28687.3766
1779524798,R_75,28688.1494
1779524800,R_75,28691.2611
1779524802,R_75,28687.7292
1779524804,R_75,28693.1173
1779524806,R_75,28687.6158
1779524808,R_75,28687.5334
1779524810,R_75,28689.7805
1779524812,R_75,28689.7557
1779524814,R_75,28689.0109
1779524816,R_75,28693.6082
1779524818,R_75,28692.6344
1779524820,R_75,28696.1985
1779524822,R_75,28694.3254
1779524824,R_75,28692.8916
1779524826,R_75,28680.4637
1779524828,R_75,28682.6304
1779524830,R_75,28676.0398
1779524832,R_75,28677.4595
1779524834,R_75,28671.7717
1779524836,R_75,28669.6312
1779524838,R_75,28677.521
1779524840,R_75,28673.4661
1779524842,R_75,28667.9052
1779524844,R_75,28669.1001
1779524846,R_75,28673.2792
1779524848,R_75,28679.0657
1779524850,R_75,28669.3422
1779524852,R_75,28673.2084
1779524854,R_75,28665.4063
1779524856,R_75,28672.9605
1779524858,R_75,28680.2936
1779524860,R_75,28681.7218
1779524862,R_75,28683.8756
1779524864,R_75,28685.6708
1779524866,R_75,28672.4259
1779524868,R_75,28668.2979
1779524870,R_75,28672.4976
1779524872,R_75,28672.7814
1779524874,R_75,28676.316
1779524876,R_75,28687.1459
1779524878,R_75,28683.6098
1779524880,R_75,28678.6876
1779524882,R_75,28689.0287
1779524884,R_75,28690.3583
1779524886,R_75,28685.5104
1779524888,R_75,28682.1605
1779524890,R_75,28688.4045
1779524892,R_75,28694.5082
1779524894,R_75,28691.2468
1779524896,R_75,28694.1829
1779524898,R_75,28682.7814
1779524900,R_75,28686.5079
1779524902,R_75,28687.003
1779524904,R_75,28685.7035
1779524906,R_75,28684.51
1779524908,R_75,28684.6558
1779524910,R_75,28691.6443
1779524912,R_75,28686.1387
1779524914,R_75,28681.4416
1779524916,R_75,28680.7949
1779524918,R_75,28682.7783
1779524920,R_75,28685.764
1779524922,R_75,28679.0949
1779524924,R_75,28683.5927
1779524926,R_75,28689.4057
1779524928,R_75,28677.21
1779524930,R_75,28680.5136
1779524932,R_75,28679.6128
1779524934,R_75,28673.6462
1779524936,R_75,28682.9662
1779524938,R_75,28678.9129
1779524940,R_75,28676.0589
1779524942,R_75,28679.1611
1779524944,R_75,28690.9567
1779524946,R_75,28692.472
1779524948,R_75,28686.8376
1779524950,R_75,28692.4386
1779524952,R_75,28684.8148
1779524954,R_75,28691.5246
1779524956,R_75,28696.0597
1779524958,R_75,28700.6504
1779524960,R_75,28699.6518
1779524962,R_75,28696.4587
1779524964,R_75,28706.7567
1779524966,R_75,28706.6753
1779524968,R_75,28712.6177
1779524970,R_75,28725.8667
1779524972,R_75,28729.0014
1779524974,R_75,28725.4963
1779524976,R_75,28725.5097
1779524978,R_75,28728.1411
1779524980,R_75,28724.0235
1779524982,R_75,28715.7659
1779524984,R_75,28719.3569
1779524986,R_75,28722.3802
1779524988,R_75,28726.1613
1779524990,R_75,28725.7061
1779524992,R_75,28719.2738
1779524994,R_75,28720.9279
1779524996,R_75,28726.0699
1779524998,R_75,28729.2719
1779525000,R_75,28730.3591
1779525002,R_75,28727.9178
1779525004,R_75,28732.6298
1779525006,R_75,28736.1307
1779525008,R_75,28733.5204
1779525010,R_75,28723.6744
1779525012,R_75,28720.4117
1779525014,R_75,28721.1801
1779525016,R_75,28718.8526
1779525018,R_75,28716.6759
1779525020,R_75,28720.4975
1779525022,R_75,28726.8096
1779525024,R_75,28733.3613
1779525026,R_75,28732.1955
1779525028,R_75,28733.9544
1779525030,R_75,28735.7351
1779525032,R_75,28734.4818
1779525034,R_75,28735.6035
1779525036,R_75,28734.484
1779525038,R_75,28739.0617
1779525040,R_75,28742.7963
1779525042,R_75,28746.727
1779525044,R_75,28747.2757
1779525046,R_75,28752.5162
1779525048,R_75,28751.8335
1779525050,R_75,28748.9864
1779525052,R_75,28747.8618
1779525054,R_75,28743.4795
1779525056,R_75,28738.2194
1779525058,R_75,28741.7815
1779525060,R_75,28746.7165
1779525062,R_75,28760.8877
1779525064,R_75,28757.5114
1779525066,R_75,28750.4863
1779525068,R_75,28754.4859
1779525070,R_75,28747.4579
1779525072,R_75,28755.0344
1779525074,R_75,28747.018
1779525076,R_75,28739.5664
1779525078,R_75,28744.891
1779525080,R_75,28754.4374
1779525082,R_75,28757.5481
1779525084,R_75,28751.2175
1779525086,R_75,28744.6665
1779525088,R_75,28745.5843
1779525090,R_75,28748.7449
1779525092,R_75,28753.9133
1779525094,R_75,28753.1361
1779525096,R_75,28751.2399
1779525098,R_75,28752.7629
1779525100,R_75,28749.2456
1779525102,R_75,28740.1261
1779525104,R_75,28739.4779
1779525106,R_75,28735.9825
1779525108,R_75,28736.3427
1779525110,R_75,28733.2433
1779525112,R_75,28730.6631
1779525114,R_75,28730.9139
1779525116,R_75,28721.3133
1779525118,R_75,28731.8382
1779525120,R_75,28726.2182
1779525122,R_75,28732.8067
1779525124,R_75,28744.0386
1779525126,R_75,28748.935
1779525128,R_75,28750.4127
1779525130,R_75,28747.9524
1779525132,R_75,28750.577
1779525134,R_75,28744.7672
1779525136,R_75,28745.5868
1779525138,R_75,28744.7334
1779525140,R_75,28746.338
1779525142,R_75,28745.224
1779525144,R_75,28747.4006
1779525146,R_75,28747.4998
1779525148,R_75,28744.2402
1779525150,R_75,28750.219
1779525152,R_75,28749.4372
1779525154,R_75,28742.2108
1779525156,R_75,28742.6848
1779525158,R_75,28750.9799
1779525160,R_75,28745.7439
1779525162,R_75,28741.8523
1779525164,R_75,28739.3577
1779525166,R_75,28742.02
1779525168,R_75,28741.4711
1779525170,R_75,28748.0497
1779525172,R_75,28746.4818
1779525174,R_75,28741.9214
1779525176,R_75,28739.2645
1779525178,R_75,28728.7436
1779525180,R_75,28738.6763
1779525182,R_75,28734.5184
1779525184,R_75,28735.0653
1779525186,R_75,28737.0784
1779525188,R_75,28745.128
1779525190,R_75,28741.2143
1779525192,R_75,28746.3731
1779525194,R_75,28753.2216
1779525196,R_75,28746.2197
1779525198,R_75,28751.863
1779525200,R_75,28765.2659
1779525202,R_75,28766.4247
1779525204,R_75,28767.7959
1779525206,R_75,28773.2004
1779525208,R_75,28771.6243
1779525210,R_75,28769.8638
1779525212,R_75,28768.7161
1779525214,R_75,28770.0966
1779525216,R_75,28755.0885
1779525218,R_75,28764.6891
1779525220,R_75,28766.2101
1779525222,R_75,28768.7413
1779525224,R_75,28773.0154
1779525226,R_75,28770.0447
1779525228,R_75,28770.1346
1779525230,R_75,28784.3243
1779525232,R_75,28790.2204
1779525234,R_75,28797.5481
1779525236,R_75,28799.0591
1779525238,R_75,28786.9446
1779525240,R_75,28783.3888
1779525242,R_75,28782.5938
1779525244,R_75,28771.4775
1779525246,R_75,28772.4099
1779525248,R_75,28773.2586
1779525250,R_75,28781.3875
1779525252,R_75,28782.2489
1779525254,R_75,28784.3101
1779525256,R_75,28782.1135
1779525258,R_75,28789.0648
1779525260,R_75,28776.2918
1779525262,R_75,28763.6512
1779525264,R_75,28762.9788
1779525266,R_75,28762.873
1779525268,R_75,28759.5176
1779525270,R_75,28754.7025
1779525272,R_75,28757.998
1779525274,R_75,28760.3352
1779525276,R_75,28762.1781
1779525278,R_75,28764.5092
1779525280,R_75,28773.4667
1779525282,R_75,28769.9734
1779525284,R_75,28772.4866
1779525286,R_75,28773.1815
1779525288,R_75,28771.1815
1779525290,R_75,28772.4455
1779525292,R_75,28765.3517
1779525294,R_75,28764.8178
1779525296,R_75,28764.0309
1779525298,R_75,28760.0727
1779525300,R_75,28763.4699
1779525302,R_75,28760.5403
1779525304,R_75,28759.8449
1779525306,R_75,28770.6634
1779525308,R_75,28757.0897
1779525310,R_75,28759.13
1779525312,R_75,28768.6154
1779525314,R_75,28761.5655
1779525316,R_75,28764.3233
1779525318,R_75,28764.215
1779525320,R_75,28760.7954
1779525322,R_75,28758.361
1779525324,R_75,28758.7938
1779525326,R_75,28748.7938
1779525328,R_75,28752.8794
1779525330,R_75,28753.4508
1779525332,R_75,28745.5325
1779525334,R_75,28740.0194
1779525336,R_75,28731.7834
1779525338,R_75,28732.7614
1779525340,R_75,28735.6149
1779525342,R_75,28742.3051
1779525344,R_75,28748.3143
1779525346,R_75,28750.5876
1779525348,R_75,28746.4857
1779525350,R_75,28756.9279
1779525352,R_75,28762.2082
1779525354,R_75,28759.6423
1779525356,R_75,28757.978
1779525358,R_75,28757.5674
1779525360,R_75,28758.9943
1779525362,R_75,28762.9452
1779525364,R_75,28761.1955
1779525366,R_75,28762.6919
1779525368,R_75,28766.2311
1779525370,R_75,28767.4895
1779525372,R_75,28781.7455
1779525374,R_75,28780.1663
1779525376,R_75,28772.4222
1779525378,R_75,28770.776
1779525380,R_75,28771.4401
1779525382,R_75,28776.3753
1779525384,R_75,28773.4558
1779525386,R_75,28773.8458
1779525388,R_75,28770.834
1779525390,R_75,28765.5352
1779525392,R_75,28760.7021
1779525394,R_75,28756.4388
1779525396,R_75,28756.1252
1779525398,R_75,28759.5916
1779525400,R_75,28758.8433
1779525402,R_75,28764.5572
1779525404,R_75,28761.4708
1779525406,R_75,28760.4857
1779525408,R_75,28763.8902
1779525410,R_75,28761.913
1779525412,R_75,28765.4742
1779525414,R_75,28759.7198
1779525416,R_75,28768.7286
1779525418,R_75,28774.6539
1779525420,R_75,28775.595
1779525422,R_75,28774.3357
1779525424,R_75,28775.7188
1779525426,R_75,28779.9935
1779525428,R_75,28776.9446
1779525430,R_75,28769.215
1779525432,R_75,28761.5864
1779525434,R_75,28751.1943
1779525436,R_75,28738.7322
1779525438,R_75,28739.6519
1779525440,R_75,28746.8607
1779525442,R_75,28739.7884
1779525444,R_75,28750.8382
1779525446,R_75,28760.9851
1779525448,R_75,28747.2019
1779525450,R_75,28743.7574
1779525452,R_75,28749.514
1779525454,R_75,28747.1872
1779525456,R_75,28745.8771
1779525458,R_75,28754.1475
1779525460,R_75,28750.0833
1779525462,R_75,28751.4955
1779525464,R_75,28763.4355
1779525466,R_75,28763.8939
1779525468,R_75,28762.4052
1779525470,R_75,28763.8022
1779525472,R_75,28768.548
1779525474,R_75,28757.9636
1779525476,R_75,28748.0308
1779525478,R_75,28745.4698
1779525480,R_75,28738.4852
1779525482,R_75,28738.1816
1779525484,R_75,28741.0101
1779525486,R_75,28738.7525
1779525488,R_75,28744.8201
1779525490,R_75,28741.1569
1779525492,R_75,28736.998
1779525494,R_75,28732.7416
1779525496,R_75,28734.7053
1779525498,R_75,28725.7084
1779525500,R_75,28723.0969
1779525502,R_75,28729.0313
1779525504,R_75,28725.5695
1779525506,R_75,28731.5147
1779525508,R_75,28739.9347
1779525510,R_75,28731.1805
1779525512,R_75,28727.6426
1779525514,R_75,28724.527
1779525516,R_75,28718.6
1779525518,R_75,28728.6908
1779525520,R_75,28733.8794
1779525522,R_75,28746.6388
1779525524,R_75,28742.1282
1779525526,R_75,28744.3881
1779525528,R_75,28753.4184
1779525530,R_75,28754.7069
1779525532,R_75,28759.6327
1779525534,R_75,28747.6849
1779525536,R_75,28754.6147
1779525538,R_75,28760.2012
1779525540,R_75,28764.8951
1779525542,R_75,28755.5909
1779525544,R_75,28753.5049
1779525546,R_75,28752.8073
1779525548,R_75,28761.3399
1779525550,R_75,28764.7624
1779525552,R_75,28759.7956
1779525554,R_75,28754.6586
1779525556,R_75,28754.6609
1779525558,R_75,28751.8329
1779525560,R_75,28745.2624
1779525562,R_75,28746.0714
1779525564,R_75,28752.9659
1779525566,R_75,28759.5515
1779525568,R_75,28765.3746
1779525570,R_75,28768.0631
1779525572,R_75,28764.7409
1779525574,R_75,28759.468
1779525576,R_75,28757.3337
1779525578,R_75,28756.7642
1779525580,R_75,28759.2143
1779525582,R_75,28751.4695
1779525584,R_75,28753.0108
1779525586,R_75,28757.3901
1779525588,R_75,28762.7607
1779525590,R_75,28755.7243
1779525592,R_75,28750.9197
1779525594,R_75,28749.4593
1779525596,R_75,28753.967
1779525598,R_75,28755.6569
1779525600,R_75,28747.6303
1779525602,R_75,28743.0076
1779525604,R_75,28746.3923
1779525606,R_75,28743.4746
1779525608,R_75,28740.0843
1779525610,R_75,28736.9989
1779525612,R_75,28734.5813
1779525614,R_75,28737.3417
1779525616,R_75,28733.9154
1779525618,R_75,28729.1962
1779525620,R_75,28740.513
1779525622,R_75,28738.5687
1779525624,R_75,28736.4184
1779525626,R_75,28744.7988
1779525628,R_75,28754.1982
1779525630,R_75,28760.5703
1779525632,R_75,28775.9742
1779525634,R_75,28784.8737
1779525636,R_75,28783.807
1779525638,R_75,28779.5083
1779525640,R_75,28778.522
1779525642,R_75,28783.3461
1779525644,R_75,28781.737
1779525646,R_75,28783.0611
1779525648,R_75,28781.7298
1779525650,R_75,28773.3695
1779525652,R_75,28773.8324
1779525654,R_75,28773.2414
1779525656,R_75,28767.9827
1779525658,R_75,28777.3464
1779525660,R_75,28779.1309
1779525662,R_75,28776.6971
1779525664,R_75,28769.7646
1779525666,R_75,28773.4403
1779525668,R_75,28770.7206
1779525670,R_75,28776.4289
1779525672,R_75,28775.4812
1779525674,R_75,28783.4772
1779525676,R_75,28787.0219
1779525678,R_75,28780.5714
1779525680,R_75,28777.7655
1779525682,R_75,28776.4292
1779525684,R_75,28767.8573
1779525686,R_75,28773.419
1779525688,R_75,28771.1518
1779525690,R_75,28775.961
1779525692,R_75,28784.5814
1779525694,R_75,28785.261
1779525696,R_75,28780.0088
1779525698,R_75,28776.8641
1779525700,R_75,28763.5636
1779525702,R_75,28758.8155
1779525704,R_75,28757.4749
1779525706,R_75,28757.6788
1779525708,R_75,28760.8988
1779525710,R_75,28763.3123
1779525712,R_75,28758.4452
1779525714,R_75,28759.4086
1779525716,R_75,28757.4236
1779525718,R_75,28758.4134
1779525720,R_75,28765.2664
1779525722,R_75,28758.5143
1779525724,R_75,28762.2202
1779525726,R_75,28755.6764
1779525728,R_75,28760.7319
1779525730,R_75,28768.0796
1779525732,R_75,28758.7123
1779525734,R_75,28756.4895
1779525736,R_75,28751.3317
1779525738,R_75,28747.2821
1779525740,R_75,28747.67
1779525742,R_75,28746.3407
1779525744,R_75,28752.369
1779525746,R_75,28751.3617
1779525748,R_75,28753.0193
1779525750,R_75,28756.1001
1779525752,R_75,28758.7251
1779525754,R_75,28759.7205
1779525756,R_75,28763.931
1779525758,R_75,28762.3778
1779525760,R_75,28771.9196
1779525762,R_75,28777.2571
1779525764,R_75,28775.9214
1779525766,R_75,28790.7505
1779525768,R_75,28788.5704
1779525770,R_75,28800.8975
1779525772,R_75,28797.4654
1779525774,R_75,28788.8795
1779525776,R_75,28791.2537
1779525778,R_75,28793.9616
1779525780,R_75,28799.7365
1779525782,R_75,28797.0126
1779525784,R_75,28796.4283
1779525786,R_75,28796.8932
1779525788,R_75,28798.5896
1779525790,R_75,28801.9057
1779525792,R_75,28792.9047
1779525794,R_75,28791.3673
1779525796,R_75,28789.3662
1779525798,R_75,28789.9955
1779525800,R_75,28793.291
1779525802,R_75,28790.1228
1779525804,R_75,28793.0629
1779525806,R_75,28796.038
1779525808,R_75,28787.2626
1779525810,R_75,28798.654
1779525812,R_75,28804.0658
1779525814,R_75,28807.6711
1779525816,R_75,28810.4277
1779525818,R_75,28806.2844
1779525820,R_75,28806.7381
1779525822,R_75,28805.2258
1779525824,R_75,28806.6482
1779525826,R_75,28805.9095
1779525828,R_75,28819.2765
1779525830,R_75,28827.2452
1779525832,R_75,28818.2568
1779525834,R_75,28822.7697
1779525836,R_75,28824.3303
1779525838,R_75,28825.653
1779525840,R_75,28833.496
1779525842,R_75,28829.7679
1779525844,R_75,28822.2679
1779525846,R_75,28815.861
1779525848,R_75,28820.1771
1779525850,R_75,28824.1371
1779525852,R_75,28833.752
1779525854,R_75,28825.2163
1779525856,R_75,28821.003
1779525858,R_75,28826.3815
1779525860,R_75,28825.0848
1779525862,R_75,28817.7151
1779525864,R_75,28812.3863
1779525866,R_75,28815.4827
1779525868,R_75,28819.1167
1779525870,R_75,28819.163
1779525872,R_75,28821.2622
1779525874,R_75,28815.0231
1779525876,R_75,28814.5024
1779525878,R_75,28826.3396
1779525880,R_75,28816.8655
1779525882,R_75,28818.1988
1779525884,R_75,28817.564
1779525886,R_75,28811.9637
1779525888,R_75,28805.8295
1779525890,R_75,28808.3226
1779525892,R_75,28815.2116
1779525894,R_75,28814.7757
1779525896,R_75,28809.0965
1779525898,R_75,28804.1196
1779525900,R_75,28800.4493
1779525902,R_75,28798.3304
1779525904,R_75,28800.2614
1779525906,R_75,28803.8533
1779525908,R_75,28797.0751
1779525910,R_75,28801.1799
1779525912,R_75,28797.5438
1779525914,R_75,28801.1047
1779525916,R_75,28798.0795
1779525918,R_75,28798.4232
1779525920,R_75,28798.1936
1779525922,R_75,28801.241
1779525924,R_75,28805.9346
1779525926,R_75,28810.5599
1779525928,R_75,28813.1553
1779525930,R_75,28809.0598
1779525932,R_75,28813.7859
1779525934,R_75,28819.0696
1779525936,R_75,28821.4343
1779525938,R_75,28817.1791
1779525940,R_75,28816.1198
1779525942,R_75,28812.9257
1779525944,R_75,28818.0302
1779525946,R_75,28820.9651
1779525948,R_75,28824.327
1779525950,R_75,28824.6719
1779525952,R_75,28834.8096
1779525954,R_75,28834.1906
1779525956,R_75,28834.0483
1779525958,R_75,28836.7301
1779525960,R_75,28831.4051
1779525962,R_75,28831.7747
1779525964,R_75,28834.2626
1779525966,R_75,28832.0938
1779525968,R_75,28832.0088
1779525970,R_75,28830.3989
1779525972,R_75,28837.5645
1779525974,R_75,28828.4674
1779525976,R_75,28823.237
1779525978,R_75,28820.1494
1779525980,R_75,28823.8326
1779525982,R_75,28822.0103
1779525984,R_75,28825.5512
1779525986,R_75,28817.0954
1779525988,R_75,28825.1883
1779525990,R_75,28824.9204
1779525992,R_75,28833.8964
1779525994,R_75,28827.1825
1779525996,R_75,28832.8226
1779525998,R_75,28840.5827
1779526000,R_75,28852.545
1779526002,R_75,28848.1375
1779526004,R_75,28839.3878
1779526006,R_75,28830.3648
1779526008,R_75,28830.7452
1779526010,R_75,28830.3995
1779526012,R_75,28825.6062
1779526014,R_75,28818.6055
1779526016,R_75,28823.067
1779526018,R_75,28834.2033
1779526020,R_75,28838.7115
1779526022,R_75,28843.6442
1779526024,R_75,28836.778
1779526026,R_75,28845.541
1779526028,R_75,28839.9207
1779526030,R_75,28834.3438
1779526032,R_75,28828.7463
1779526034,R_75,28823.0625
1779526036,R_75,28827.0051
1779526038,R_75,28826.1961
1779526040,R_75,28823.4989
1779526042,R_75,28831.2206
1779526044,R_75,28827.8092
1779526046,R_75,28829.3683
1779526048,R_75,28829.74
1779526050,R_75,28835.3429
1779526052,R_75,28837.3009
1779526054,R_75,28843.184
1779526056,R_75,28844.6631
1779526058,R_75,28842.0005
1779526060,R_75,28837.0179
1779526062,R_75,28843.4655
1779526064,R_75,28841.979
1779526066,R_75,28842.3148
1779526068,R_75,28839.4844
1779526070,R_75,28838.9833
1779526072,R_75,28834.6989
1779526074,R_75,28827.538
1779526076,R_75,28828.1409
1779526078,R_75,28824.1858
1779526080,R_75,28823.9104
1779526082,R_75,28825.532
1779526084,R_75,28827.9123
1779526086,R_75,28837.2333
1779526088,R_75,28832.3744
1779526090,R_75,28823.9758
1779526092,R_75,28817.6923
1779526094,R_75,28813.363
1779526096,R_75,28814.8987
1779526098,R_75,28818.1419
1779526100,R_75,28822.0842
1779526102,R_75,28821.5617
1779526104,R_75,28819.3317
1779526106,R_75,28827.0337
1779526108,R_75,28824.569
1779526110,R_75,28818.4033
1779526112,R_75,28832.2855
1779526114,R_75,28832.8925
1779526116,R_75,28832.4125
1779526118,R_75,28838.645
1779526120,R_75,28832.5137
1779526122,R_75,28829.8585
1779526124,R_75,28831.6658
1779526126,R_75,28832.6523
1779526128,R_75,28835.113
1779526130,R_75,28845.1242
1779526132,R_75,28845.7143
1779526134,R_75,28840.1192
1779526136,R_75,28837.5969
1779526138,R_75,28826.3661
1779526140,R_75,28826.5847
1779526142,R_75,28820.8751
1779526144,R_75,28813.7316
1779526146,R_75,28816.8799
1779526148,R_75,28821.7699
1779526150,R_75,28819.6139
1779526152,R_75,28827.6197
1779526154,R_75,28828.3177
1779526156,R_75,28823.4369
1779526158,R_75,28827.2331
1779526160,R_75,28834.4742
1779526162,R_75,28826.2436
1779526164,R_75,28824.144
1779526166,R_75,28825.3762
1779526168,R_75,28824.6282
1779526170,R_75,28821.7979
1779526172,R_75,28814.3559
1779526174,R_75,28809.9397
1779526176,R_75,28812.604
1779526178,R_75,28810.9426
1779526180,R_75,28809.0981
1779526182,R_75,28808.7454
1779526184,R_75,28817.2111
1779526186,R_75,28817.8251
1779526188,R_75,28816.3744
1779526190,R_75,28818.1465
1779526192,R_75,28817.8358
1779526194,R_75,28816.1525
1779526196,R_75,28816.6797
1779526198,R_75,28829.3948
1779526200,R_75,28836.018
1779526202,R_75,28838.6493
1779526204,R_75,28833.4345
1779526206,R_75,28836.7101
1779526208,R_75,28839.2027
1779526210,R_75,28836.7437
1779526212,R_75,28831.3504
1779526214,R_75,28835.1806
1779526216,R_75,28841.5882
1779526218,R_75,28839.9786
1779526220,R_75,28851.8173
1779526222,R_75,28857.0684
1779526224,R_75,28863.0677
1779526226,R_75,28856.3375
1779526228,R_75,28852.6613
1779526230,R_75,28854.9912
1779526232,R_75,28856.7093
1779526234,R_75,28859.0592
1779526236,R_75,28852.1638
1779526238,R_75,28854.0439
1779526240,R_75,28850.8685
1779526242,R_75,28849.4176
1779526244,R_75,28846.4798
1779526246,R_75,28849.7926
1779526248,R_75,28851.9392
1779526250,R_75,28854.8735
1779526252,R_75,28856.1236
1779526254,R_75,28861.6739
1779526256,R_75,28867.6904
1779526258,R_75,28872.9124
1779526260,R_75,28875.5715
1779526262,R_75,28874.0463
1779526264,R_75,28866.0171
1779526266,R_75,28866.0535
1779526268,R_75,28865.2033
1779526270,R_75,28857.3619
1779526272,R_75,28854.6333
1779526274,R_75,28858.2242
1779526276,R_75,28862.0415
1779526278,R_75,28870.8417
1779526280,R_75,28872.4828
1779526282,R_75,28874.0267
1779526284,R_75,28873.6975
1779526286,R_75,28879.2737
1779526288,R_75,28868.7806
1779526290,R_75,28869.3304
1779526292,R_75,28874.9815
1779526294,R_75,28868.6456
1779526296,R_75,28865.4428
1779526298,R_75,28875.0727
1779526300,R_75,28878.3396
1779526302,R_75,28876.4033
1779526304,R_75,28874.8554
1779526306,R_75,28864.7803
1779526308,R_75,28864.3876
1779526310,R_75,28870.265
1779526312,R_75,28875.135
1779526314,R_75,28869.4405
1779526316,R_75,28864.8987
1779526318,R_75,28854.4473
1779526320,R_75,28856.7778
1779526322,R_75,28855.9015
1779526324,R_75,28856.3387
1779526326,R_75,28856.2708
1779526328,R_75,28854.5317
1779526330,R_75,28848.7401
1779526332,R_75,28849.6331
1779526334,R_75,28852.8438
1779526336,R_75,28847.9464
1779526338,R_75,28847.414
1779526340,R_75,28845.9259
1779526342,R_75,28852.8103
1779526344,R_75,28859.823
1779526346,R_75,28859.1112
1779526348,R_75,28848.3039
1779526350,R_75,28854.8893
1779526352,R_75,28851.9432
1779526354,R_75,28852.002
1779526356,R_75,28865.1166
1779526358,R_75,28860.6729
1779526360,R_75,28856.6156
1779526362,R_75,28851.718
1779526364,R_75,28856.5106
1779526366,R_75,28852.6159
1779526368,R_75,28848.9316
1779526370,R_75,28844.6569
1779526372,R_75,28840.6115
1779526374,R_75,28832.9077
1779526376,R_75,28828.4507
1779526378,R_75,28827.0245
1779526380,R_75,28821.9024
1779526382,R_75,28830.4666
1779526384,R_75,28832.2952
1779526386,R_75,28834.3922
1779526388,R_75,28835.7154
1779526390,R_75,28843.3336
1779526392,R_75,28839.3565
1779526394,R_75,28826.8682
1779526396,R_75,28825.8277
1779526398,R_75,28822.1337
1779526400,R_75,28821.9901
1779526402,R_75,28824.3578
1779526404,R_75,28818.5728
1779526406,R_75,28823.0768
1779526408,R_75,28822.8437
1779526410,R_75,28816.3205
1779526412,R_75,28822.2097
1779526414,R_75,28823.3729
1779526416,R_75,28819.2685
1779526418,R_75,28820.3193
1779526420,R_75,28818.7258
1779526422,R_75,28826.9482
1779526424,R_75,28825.5972
1779526426,R_75,28815.008
1779526428,R_75,28815.3057
1779526430,R_75,28811.4406
1779526432,R_75,28809.2472
1779526434,R_75,28802.1247
1779526436,R_75,28805.3859
1779526438,R_75,28810.4544
1779526440,R_75,28816.8635
1779526442,R_75,28812.2155
1779526444,R_75,28810.382
1779526446,R_75,28802.2503
1779526448,R_75,28796.0168
1779526450,R_75,28783.8139
1779526452,R_75,28787.2359
1779526454,R_75,28793.1961
1779526456,R_75,28800.711
1779526458,R_75,28791.9963
1779526460,R_75,28786.2417
1779526462,R_75,28777.9544
1779526464,R_75,28789.2219
1779526466,R_75,28780.6322
1779526468,R_75,28776.4875
1779526470,R_75,28774.2113
1779526472,R_75,28774.2329
1779526474,R_75,28775.4561
1779526476,R_75,28784.2964
1779526478,R_75,28784.7848
1779526480,R_75,28780.7515
1779526482,R_75,28780.7634
1779526484,R_75,28788.2367
1779526486,R_75,28791.7262
1779526488,R_75,28788.9064
1779526490,R_75,28791.7808
1779526492,R_75,28792.7674
1779526494,R_75,28794.9774
1779526496,R_75,28787.1752
1779526498,R_75,28792.2868
1779526500,R_75,28787.3151
1779526502,R_75,28786.6514
1779526504,R_75,28791.5886
1779526506,R_75,28789.7068
1779526508,R_75,28788.984
1779526510,R_75,28788.3235
1779526512,R_75,28792.7924
1779526514,R_75,28791.9065
1779526516,R_75,28789.5525
1779526518,R_75,28787.1243
1779526520,R_75,28787.74
1779526522,R_75,28779.5461
1779526524,R_75,28776.2385
1779526526,R_75,28770.0835
1779526528,R_75,28770.9345
1779526530,R_75,28767.4773
1779526532,R_75,28762.6056
1779526534,R_75,28760.8763
1779526536,R_75,28766.2272
1779526538,R_75,28761.9416
1779526540,R_75,28760.4865
1779526542,R_75,28762.0953
1779526544,R_75,28764.171
1779526546,R_75,28761.3712
1779526548,R_75,28758.6941
1779526550,R_75,28756.2648
1779526552,R_75,28750.3516
1779526554,R_75,28752.414
1779526556,R_75,28747.0668
1779526558,R_75,28744.6702
1779526560,R_75,28743.8516
1779526562,R_75,28742.8761
1779526564,R_75,28740.7956
1779526566,R_75,28742.9532
1779526568,R_75,28744.7103
1779526570,R_75,28751.902
1779526572,R_75,28744.326
1779526574,R_75,28740.374
1779526576,R_75,28734.0187
1779526578,R_75,28735.9302
1779526580,R_75,28725.8264
1779526582,R_75,28724.6972
1779526584,R_75,28732.9517
1779526586,R_75,28736.1992
1779526588,R_75,28739.4536
1779526590,R_75,28741.9527
1779526592,R_75,28731.4157
1779526594,R_75,28724.901
1779526596,R_75,28721.0497
1779526598,R_75,28710.8291
1779526600,R_75,28707.979
1779526602,R_75,28702.0078
1779526604,R_75,28701.7808
1779526606,R_75,28701.3128
1779526608,R_75,28691.7571
1779526610,R_75,28691.9446
1779526612,R_75,28696.6139
1779526614,R_75,28695.7682
1779526616,R_75,28691.5326
1779526618,R_75,28698.157
1779526620,R_75,28693.8088
1779526622,R_75,28706.6872
1779526624,R_75,28709.4729
1779526626,R_75,28719.1562
1779526628,R_75,28720.5664
1779526630,R_75,28719.3008
1779526632,R_75,28722.8807
1779526634,R_75,28727.2513
1779526636,R_75,28723.3999
1779526638,R_75,28721.072
1779526640,R_75,28727.8024
1779526642,R_75,28719.778
1779526644,R_75,28724.2941
1779526646,R_75,28730.0917
1779526648,R_75,28723.819
1779526650,R_75,28726.7166
1779526652,R_75,28737.2612
1779526654,R_75,28744.4052
1779526656,R_75,28747.1704
1779526658,R_75,28745.3143
1779526660,R_75,28746.2925
1779526662,R_75,28748.1395
1779526664,R_75,28753.1288
1779526666,R_75,28757.4888
1779526668,R_75,28752.8302
1779526670,R_75,28760.4216
1779526672,R_75,28761.5115
1779526674,R_75,28764.4251
1779526676,R_75,28769.8068
1779526678,R_75,28769.7456
1779526680,R_75,28768.8149
1779526682,R_75,28769.2349
1779526684,R_75,28772.4215
1779526686,R_75,28768.4573
1779526688,R_75,28758.4452
1779526690,R_75,28761.207
1779526692,R_75,28760.3706
1779526694,R_75,28769.7337
1779526696,R_75,28770.5848
1779526698,R_75,28762.4585
1779526700,R_75,28761.6121
1779526702,R_75,28749.6125
1779526704,R_75,28749.3541
1779526706,R_75,28739.5075
1779526708,R_75,28736.0465
1779526710,R_75,28727.8444
1779526712,R_75,28725.1853
1779526714,R_75,28724.0354
1779526716,R_75,28710.6884
1779526718,R_75,28712.2173
1779526720,R_75,28704.1917
1779526722,R_75,28711.8725
1779526724,R_75,28708.8908
1779526726,R_75,28697.0175
1779526728,R_75,28701.4147
1779526730,R_75,28708.0185
1779526732,R_75,28702.5638
1779526734,R_75,28691.7469
1779526736,R_75,28691.6527
1779526738,R_75,28685.0818
1779526740,R_75,28682.1108
1779526742,R_75,28683.7619
1779526744,R_75,28684.5824
1779526746,R_75,28687.6663
1779526748,R_75,28684.5552
1779526750,R_75,28681.7944
1779526752,R_75,28685.1119
1779526754,R_75,28682.8754
1779526756,R_75,28679.3182
1779526758,R_75,28684.9777
1779526760,R_75,28684.2448
1779526762,R_75,28686.6214
1779526764,R_75,28682.5971
1779526766,R_75,28682.6379
1779526768,R_75,28685.7605
1779526770,R_75,28687.7057
1779526772,R_75,28691.6105
1779526774,R_75,28690.4044
1779526776,R_75,28685.9112
1779526778,R_75,28678.4744
1779526780,R_75,28676.0005
1779526782,R_75,28665.1081
1779526784,R_75,28680.6228
1779526786,R_75,28686.0874
1779526788,R_75,28686.1725
1779526790,R_75,28694.8673
1779526792,R_75,28689.538
1779526794,R_75,28686.9272
1779526796,R_75,28692.6411
1779526798,R_75,28686.2703
1779526800,R_75,28688.9211
1779526802,R_75,28682.9444
1779526804,R_75,28678.716
1779526806,R_75,28670.1779
1779526808,R_75,28667.8301
1779526810,R_75,28672.6423
1779526812,R_75,28672.4222
1779526814,R_75,28668.7364
1779526816,R_75,28673.4942
1779526818,R_75,28672.8521
1779526820,R_75,28670.7136
1779526822,R_75,28670.0884
1779526824,R_75,28673.9409
1779526826,R_75,28679.1457
1779526828,R_75,28683.2028
1779526830,R_75,28685.6169
1779526832,R_75,28683.007
1779526834,R_75,28680.5483
1779526836,R_75,28680.5233
1779526838,R_75,28672.4337
1779526840,R_75,28662.3885
1779526842,R_75,28664.2238
1779526844,R_75,28664.8913
1779526846,R_75,28657.753
1779526848,R_75,28655.9715
1779526850,R_75,28653.5624
1779526852,R_75,28656.5279
1779526854,R_75,28656.92
1779526856,R_75,28663.9737
1779526858,R_75,28660.4867
1779526860,R_75,28660.9225
1779526862,R_75,28663.3592
1779526864,R_75,28656.1972
1779526866,R_75,28656.4491
1779526868,R_75,28663.637
1779526870,R_75,28672.1799
1779526872,R_75,28670.0107
1779526874,R_75,28670.4671
1779526876,R_75,28680.7832
1779526878,R_75,28685.9341
1779526880,R_75,28688.9521
1779526882,R_75,28687.1306
1779526884,R_75,28681.1734
1779526886,R_75,28687.3344
1779526888,R_75,28688.7265
1779526890,R_75,28678.3381
1779526892,R_75,28666.2166
1779526894,R_75,28663.8412
1779526896,R_75,28675.6637
1779526898,R_75,28679.7135
1779526900,R_75,28687.8813
1779526902,R_75,28685.8609
1779526904,R_75,28683.6041
1779526906,R_75,28680.7141
1779526908,R_75,28681.7033
1779526910,R_75,28682.4974
1779526912,R_75,28676.2683
1779526914,R_75,28675.8678
1779526916,R_75,28677.3466
1779526918,R_75,28673.0473
1779526920,R_75,28667.9621
1779526922,R_75,28669.0437
1779526924,R_75,28668.3686
1779526926,R_75,28673.9053
1779526928,R_75,28671.3666
1779526930,R_75,28677.2046
1779526932,R_75,28678.1511
1779526934,R_75,28689.03
1779526936,R_75,28690.4109
1779526938,R_75,28685.3216
1779526940,R_75,28670.6929
1779526942,R_75,28668.0351
1779526944,R_75,28668.5882
1779526946,R_75,28676.8362
1779526948,R_75,28670.0872
1779526950,R_75,28671.5632
1779526952,R_75,28675.2218
1779526954,R_75,28680.2933
1779526956,R_75,28687.8112
1779526958,R_75,28683.9237
1779526960,R_75,28690.9527
1779526962,R_75,28678.6147
1779526964,R_75,28672.5099
1779526966,R_75,28683.0719
1779526968,R_75,28687.2525
1779526970,R_75,28690.0116
1779526972,R_75,28691.2254
1779526974,R_75,28695.4541
1779526976,R_75,28695.9401
1779526978,R_75,28701.5916
1779526980,R_75,28704.7927
1779526982,R_75,28702.8282
1779526984,R_75,28690.3194
1779526986,R_75,28699.57
1779526988,R_75,28699.9103
1779526990,R_75,28702.5205
1779526992,R_75,28700.5712
1779526994,R_75,28694.7936
1779526996,R_75,28680.8165
1779526998,R_75,28677.6053
1779527000,R_75,28679.6858
1779527002,R_75,28679.1672
1779527004,R_75,28685.0728
1779527006,R_75,28686.6586
1779527008,R_75,28688.2422
1779527010,R_75,28686.0043
1779527012,R_75,28679.6732
1779527014,R_75,28671.7309
1779527016,R_75,28674.3293
1779527018,R_75,28676.6245
1779527020,R_75,28672.8191
1779527022,R_75,28673.6996
1779527024,R_75,28676.7029
1779527026,R_75,28677.9163
1779527028,R_75,28682.8972
1779527030,R_75,28676.6435
1779527032,R_75,28670.4131
1779527034,R_75,28675.6049
1779527036,R_75,28669.8271
1779527038,R_75,28670.0822
1779527040,R_75,28679.1594
1779527042,R_75,28679.5561
1779527044,R_75,28672.9227
1779527046,R_75,28683.3263
1779527048,R_75,28688.3778
1779527050,R_75,28686.1387
1779527052,R_75,28690.2758
1779527054,R_75,28685.2093
1779527056,R_75,28680.6143
1779527058,R_75,28679.6967
1779527060,R_75,28680.4359
1779527062,R_75,28681.2149
1779527064,R_75,28686.8046
1779527066,R_75,28683.4431
1779527068,R_75,28671.7391
1779527070,R_75,28666.0116
1779527072,R_75,28659.7274
1779527074,R_75,28667.1335
1779527076,R_75,28668.8521
1779527078,R_75,28674.4091
1779527080,R_75,28684.3749
1779527082,R_75,28689.5655
1779527084,R_75,28696.1742
1779527086,R_75,28702.0089
1779527088,R_75,28696.6547
1779527090,R_75,28702.5973
1779527092,R_75,28696.4386
1779527094,R_75,28698.2519
1779527096,R_75,28695.8694
1779527098,R_75,28697.7507
1779527100,R_75,28695.6003
1779527102,R_75,28700.8873
1779527104,R_75,28698.6588
1779527106,R_75,28697.7287
1779527108,R_75,28693.57
1779527110,R_75,28686.2648
1779527112,R_75,28683.4587
1779527114,R_75,28681.3378
1779527116,R_75,28681.114
1779527118,R_75,28684.9128
1779527120,R_75,28680.3701
1779527122,R_75,28684.3269
1779527124,R_75,28686.7513
1779527126,R_75,28696.6562
1779527128,R_75,28696.6707
1779527130,R_75,28698.6547
1779527132,R_75,28687.9296
1779527134,R_75,28690.5696
1779527136,R_75,28698.9732
1779527138,R_75,28695.478
1779527140,R_75,28689.455
1779527142,R_75,28693.7807
1779527144,R_75,28690.9277
1779527146,R_75,28698.6133
1779527148,R_75,28700.8466
1779527150,R_75,28698.7058
1779527152,R_75,28705.5862
1779527154,R_75,28710.1931
1779527156,R_75,28709.3266
1779527158,R_75,28707.0181
1779527160,R_75,28697.6781
1779527162,R_75,28698.0217
1779527164,R_75,28704.0333
1779527166,R_75,28709.3537
1779527168,R_75,28706.1502
1779527170,R_75,28710.0896
1779527172,R_75,28710.4442
1779527174,R_75,28712.4556
1779527176,R_75,28707.7866
1779527178,R_75,28709.5145
1779527180,R_75,28711.6284
1779527182,R_75,28705.6262
1779527184,R_75,28702.1189
1779527186,R_75,28706.1601
1779527188,R_75,28703.1746
1779527190,R_75,28694.9834
1779527192,R_75,28699.9406
1779527194,R_75,28694.907
1779527196,R_75,28697.1046
1779527198,R_75,28699.9391
1779527200,R_75,28707.9322
1779527202,R_75,28704.5788
1779527204,R_75,28701.7014
1779527206,R_75,28712.1339
1779527208,R_75,28717.4535
1779527210,R_75,28719.8006
1779527212,R_75,28719.9884
1779527214,R_75,28723.737
1779527216,R_75,28729.1749
1779527218,R_75,28731.9807
1779527220,R_75,28733.8638
1779527222,R_75,28731.7584
1779527224,R_75,28730.0814
1779527226,R_75,28729.3516
1779527228,R_75,28728.172
1779527230,R_75,28738.3067
1779527232,R_75,28743.5634
1779527234,R_75,28752.4333
1779527236,R_75,28764.3881
1779527238,R_75,28758.2397
1779527240,R_75,28750.6177
1779527242,R_75,28748.4651
1779527244,R_75,28746.5914
1779527246,R_75,28757.0925
1779527248,R_75,28760.113
1779527250,R_75,28761.2091
1779527252,R_75,28766.6189
1779527254,R_75,28763.5985
1779527256,R_75,28774.3882
1779527258,R_75,28770.4337
1779527260,R_75,28768.2865
1779527262,R_75,28767.2638
1779527264,R_75,28756.3936
1779527266,R_75,28763.9335
1779527268,R_75,28762.2662
1779527270,R_75,28765.0903
1779527272,R_75,28755.6121
1779527274,R_75,28759.1414
1779527276,R_75,28766.8533
1779527278,R_75,28764.6446
1779527280,R_75,28762.7739
1779527282,R_75,28766.3953
1779527284,R_75,28768.1306
1779527286,R_75,28765.9351
1779527288,R_75,28764.3727
1779527290,R_75,28761.7074
1779527292,R_75,28771.2832
1779527294,R_75,28780.2936
1779527296,R_75,28769.3539
1779527298,R_75,28769.1345
1779527300,R_75,28766.884
1779527302,R_75,28760.9535
1779527304,R_75,28761.1722
1779527306,R_75,28757.3266
1779527308,R_75,28760.7369
1779527310,R_75,28752.0106
1779527312,R_75,28752.8242
1779527314,R_75,28750.1411
1779527316,R_75,28755.4534
1779527318,R_75,28754.9035
1779527320,R_75,28751.1442
1779527322,R_75,28747.7709
1779527324,R_75,28748.0398
1779527326,R_75,28750.2327
1779527328,R_75,28747.5273
1779527330,R_75,28751.4101
1779527332,R_75,28759.5896
1779527334,R_75,28754.8611
1779527336,R_75,28755.2189
1779527338,R_75,28755.5332
1779527340,R_75,28750.9279
1779527342,R_75,28744.4779
1779527344,R_75,28743.1303
1779527346,R_75,28745.5376
1779527348,R_75,28749.8233
1779527350,R_75,28756.2795
1779527352,R_75,28763.7161
1779527354,R_75,28756.0784
1779527356,R_75,28752.2652
1779527358,R_75,28755.3097
1779527360,R_75,28752.3301
1779527362,R_75,28750.5853
1779527364,R_75,28751.893
1779527366,R_75,28758.0689
1779527368,R_75,28753.6306
1779527370,R_75,28742.5316
1779527372,R_75,28739.5404
1779527374,R_75,28742.7712
1779527376,R_75,28740.0858
1779527378,R_75,28741.6075
1779527380,R_75,28749.5448
1779527382,R_75,28741.9475
1779527384,R_75,28749.2085
1779527386,R_75,28745.7002
1779527388,R_75,28755.7686
1779527390,R_75,28764.7704
1779527392,R_75,28756.3598
1779527394,R_75,28760.83
1779527396,R_75,28765.6724
1779527398,R_75,28767.7924
1779527400,R_75,28774.6995
1779527402,R_75,28764.5326
1779527404,R_75,28762.9315
1779527406,R_75,28755.0425
1779527408,R_75,28761.6979
1779527410,R_75,28765.1384
1779527412,R_75,28766.0587
1779527414,R_75,28771.4487
1779527416,R_75,28781.7364
1779527418,R_75,28771.4158
1779527420,R_75,28774.0842
1779527422,R_75,28773.6296
1779527424,R_75,28771.3419
1779527426,R_75,28767.9569
1779527428,R_75,28768.0652
1779527430,R_75,28768.9022
1779527432,R_75,28764.1046
1779527434,R_75,28744.5415
1779527436,R_75,28749.2879
1779527438,R_75,28748.2988
1779527440,R_75,28748.6501
1779527442,R_75,28747.4112
1779527444,R_75,28748.7569
1779527446,R_75,28749.6653
1779527448,R_75,28751.6121
1779527450,R_75,28743.309
1779527452,R_75,28747.8863
1779527454,R_75,28745.5794
1779527456,R_75,28742.5351
1779527458,R_75,28740.7095
1779527460,R_75,28742.438
1779527462,R_75,28745.0677
1779527464,R_75,28741.675
1779527466,R_75,28734.6734
1779527468,R_75,28729.2907
1779527470,R_75,28730.3416
1779527472,R_75,28727.3054
1779527474,R_75,28732.8353
1779527476,R_75,28724.9125
1779527478,R_75,28719.8873
1779527480,R_75,28722.9652
1779527482,R_75,28718.8961
1779527484,R_75,28725.9195
1779527486,R_75,28724.3746
1779527488,R_75,28721.6171
1779527490,R_75,28719.785
1779527492,R_75,28713.4283
1779527494,R_75,28720.178
1779527496,R_75,28717.9548
1779527498,R_75,28717.8534
1779527500,R_75,28712.8978
1779527502,R_75,28716.4261
1779527504,R_75,28726.3246
1779527506,R_75,28730.9797
1779527508,R_75,28733.2715
1779527510,R_75,28731.3251
1779527512,R_75,28734.3511
1779527514,R_75,28732.8763
1779527516,R_75,28726.4805
1779527518,R_75,28729.2798
1779527520,R_75,28718.3007
1779527522,R_75,28714.8738
1779527524,R_75,28709.5052
1779527526,R_75,28701.4956
1779527528,R_75,28702.542
1779527530,R_75,28697.4993
1779527532,R_75,28694.9896
1779527534,R_75,28683.9554
1779527536,R_75,28675.7607
1779527538,R_75,28672.873
1779527540,R_75,28669.3377
1779527542,R_75,28671.9105
1779527544,R_75,28673.5197
1779527546,R_75,28665.9483
1779527548,R_75,28661.3188
1779527550,R_75,28660.482
1779527552,R_75,28663.1335
1779527554,R_75,28663.5534
1779527556,R_75,28661.9581
1779527558,R_75,28663.7298
1779527560,R_75,28655.1823
1779527562,R_75,28663.0286
1779527564,R_75,28662.4928
1779527566,R_75,28680.1816
1779527568,R_75,28680.4453
1779527570,R_75,28676.3708
1779527572,R_75,28676.8784
1779527574,R_75,28686.7449
1779527576,R_75,28693.1934
1779527578,R_75,28691.1187
1779527580,R_75,28690.7207
1779527582,R_75,28695.6106
1779527584,R_75,28694.8545
1779527586,R_75,28688.2914
1779527588,R_75,28685.2247
1779527590,R_75,28681.2558
1779527592,R_75,28685.3374
1779527594,R_75,28688.8138
1779527596,R_75,28681.6925
1779527598,R_75,28682.5882
1779527600,R_75,28680.6733
1779527602,R_75,28674.3469
1779527604,R_75,28687.7119
1779527606,R_75,28685.1508
1779527608,R_75,28686.0019
1779527610,R_75,28689.6797
1779527612,R_75,28689.6999
1779527614,R_75,28687.0277
1779527616,R_75,28684.411
1779527618,R_75,28687.5917
1779527620,R_75,28686.0792
1779527622,R_75,28685.7914
1779527624,R_75,28684.2567
1779527626,R_75,28678.5718
1779527628,R_75,28682.257
1779527630,R_75,28687.0776
1779527632,R_75,28689.4613
1779527634,R_75,28687.4224
1779527636,R_75,28686.0749
1779527638,R_75,28689.0146
1779527640,R_75,28679.8241
1779527642,R_75,28678.3509
1779527644,R_75,28685.0069
1779527646,R_75,28676.3642
1779527648,R_75,28676.5401
1779527650,R_75,28668.8573
1779527652,R_75,28672.2401
1779527654,R_75,28674.7236
1779527656,R_75,28680.5238
1779527658,R_75,28685.3448
1779527660,R_75,28683.5251
1779527662,R_75,28685.0238
1779527664,R_75,28680.6685
1779527666,R_75,28674.7041
1779527668,R_75,28677.0753
1779527670,R_75,28674.0744
1779527672,R_75,28679.3963
1779527674,R_75,28678.5533
1779527676,R_75,28682.0706
1779527678,R_75,28685.6665
1779527680,R_75,28681.864
1779527682,R_75,28688.923
1779527684,R_75,28685.5358
1779527686,R_75,28694.3273
1779527688,R_75,28696.1464
1779527690,R_75,28688.5779
1779527692,R_75,28679.0448
1779527694,R_75,28681.9277
1779527696,R_75,28684.8295
1779527698,R_75,28685.6872
1779527700,R_75,28688.6056
1779527702,R_75,28689.3287
1779527704,R_75,28685.1851
1779527706,R_75,28683.0836
1779527708,R_75,28676.2695
1779527710,R_75,28675.0355
1779527712,R_75,28672.0949
1779527714,R_75,28672.3923
1779527716,R_75,28669.4631
1779527718,R_75,28660.9824
1779527720,R_75,28659.3718
1779527722,R_75,28658.1714
1779527724,R_75,28670.2549
1779527726,R_75,28670.9763
1779527728,R_75,28670.9514
1779527730,R_75,28674.0733
1779527732,R_75,28672.7289
1779527734,R_75,28668.927
1779527736,R_75,28668.4072
1779527738,R_75,28658.4153
1779527740,R_75,28660.4089
1779527742,R_75,28663.5451
1779527744,R_75,28660.7034
1779527746,R_75,28664.499
1779527748,R_75,28667.6854
1779527750,R_75,28664.5938
1779527752,R_75,28660.3386
1779527754,R_75,28666.1787
1779527756,R_75,28671.999
1779527758,R_75,28672.8792
1779527760,R_75,28668.3057
1779527762,R_75,28670.7281
1779527764,R_75,28667.8408
1779527766,R_75,28664.0678
1779527768,R_75,28659.1573
1779527770,R_75,28660.3324
1779527772,R_75,28658.859
1779527774,R_75,28653.9902
1779527776,R_75,28646.8341
1779527778,R_75,28649.4617
1779527780,R_75,28654.4
1779527782,R_75,28660.4773
1779527784,R_75,28664.1454
1779527786,R_75,28666.5487
1779527788,R_75,28663.8672
1779527790,R_75,28668.3446
1779527792,R_75,28670.3554
1779527794,R_75,28673.3795
1779527796,R_75,28670.762
1779527798,R_75,28677.9182
1779527800,R_75,28668.1697
1779527802,R_75,28671.6348
1779527804,R_75,28667.8303
1779527806,R_75,28665.9564
1779527808,R_75,28667.9951
1779527810,R_75,28663.5779
1779527812,R_75,28660.2305
1779527814,R_75,28651.6056
1779527816,R_75,28656.1136
1779527818,R_75,28657.4701
1779527820,R_75,28654.9966
1779527822,R_75,28656.1038
1779527824,R_75,28658.2795
1779527826,R_75,28651.1655
1779527828,R_75,28638.3236
1779527830,R_75,28640.0378
1779527832,R_75,28640.6516
1779527834,R_75,28644.1673
1779527836,R_75,28646.5441
1779527838,R_75,28650.6753
1779527840,R_75,28651.753
1779527842,R_75,28664.8205
1779527844,R_75,28663.7008
1779527846,R_75,28661.7335
1779527848,R_75,28655.7238
1779527850,R_75,28656.9264
1779527852,R_75,28656.8647
1779527854,R_75,28649.9172
1779527856,R_75,28640.9906
1779527858,R_75,28639.9001
1779527860,R_75,28642.7855
1779527862,R_75,28639.505
1779527864,R_75,28641.9981
1779527866,R_75,28649.1465
1779527868,R_75,28656.0098
1779527870,R_75,28652.03
1779527872,R_75,28649.4034
1779527874,R_75,28654.3576
1779527876,R_75,28646.6623
1779527878,R_75,28652.0413
1779527880,R_75,28656.1812
1779527882,R_75,28660.2048
1779527884,R_75,28667.7997
1779527886,R_75,28663.034
1779527888,R_75,28657.4565
1779527890,R_75,28652.1976
1779527892,R_75,28658.6316
1779527894,R_75,28661.4484
1779527896,R_75,28662.7024
1779527898,R_75,28658.4709
1779527900,R_75,28655.2982
1779527902,R_75,28665.3135
1779527904,R_75,28660.5652
1779527906,R_75,28650.1615
1779527908,R_75,28642.7244
1779527910,R_75,28638.4152
1779527912,R_75,28626.5033
1779527914,R_75,28627.4258
1779527916,R_75,28626.497
1779527918,R_75,28625.2423
1779527920,R_75,28623.4541
1779527922,R_75,28621.5589
1779527924,R_75,28624.1269
1779527926,R_75,28629.8332
1779527928,R_75,28625.0416
1779527930,R_75,28629.1915
1779527932,R_75,28627.0617
1779527934,R_75,28622.6604
1779527936,R_75,28621.6711
1779527938,R_75,28621.2812
1779527940,R_75,28626.2787
1779527942,R_75,28625.4499
1779527944,R_75,28624.9058
1779527946,R_75,28616.7163
1779527948,R_75,28616.1189
1779527950,R_75,28617.3751
1779527952,R_75,28625.3028
1779527954,R_75,28629.9561
1779527956,R_75,28629.2428
1779527958,R_75,28625.1293
1779527960,R_75,28615.0118
1779527962,R_75,28626.6111
1779527964,R_75,28622.719
1779527966,R_75,28620.3746
1779527968,R_75,28616.3883
1779527970,R_75,28609.0625
1779527972,R_75,28621.7798
1779527974,R_75,28621.2253
1779527976,R_75,28622.9783
1779527978,R_75,28633.4981
1779527980,R_75,28643.4827
1779527982,R_75,28637.0195
1779527984,R_75,28638.195
1779527986,R_75,28635.4319
1779527988,R_75,28634.6259
1779527990,R_75,28635.565
1779527992,R_75,28627.3486
1779527994,R_75,28616.5486
1779527996,R_75,28610.6867
1779527998,R_75,28607.628
1779528000,R_75,28611.3747
1779528002,R_75,28614.9864
1779528004,R_75,28622.2979
1779528006,R_75,28623.172
1779528008,R_75,28625.6234
1779528010,R_75,28618.4191
1779528012,R_75,28614.1553
1779528014,R_75,28617.6189
1779528016,R_75,28611.9274
1779528018,R_75,28614.5568
1779528020,R_75,28612.8166
1779528022,R_75,28614.2458
1779528024,R_75,28614.8668
1779528026,R_75,28617.0803
1779528028,R_75,28614.6126
1779528030,R_75,28611.1963
1779528032,R_75,28613.9176
1779528034,R_75,28602.5906
1779528036,R_75,28595.9536
1779528038,R_75,28591.3483
1779528040,R_75,28606.5044
1779528042,R_75,28615.9402
1779528044,R_75,28604.361
1779528046,R_75,28607.6612
1779528048,R_75,28614.1202
1779528050,R_75,28612.9167
1779528052,R_75,28615.5097
1779528054,R_75,28618.4934
1779528056,R_75,28622.1886
1779528058,R_75,28624.8173
1779528060,R_75,28612.6882
1779528062,R_75,28609.6153
1779528064,R_75,28604.0122
1779528066,R_75,28598.7854
1779528068,R_75,28598.6499
1779528070,R_75,28591.8958
1779528072,R_75,28588.3217
1779528074,R_75,28585.0091
1779528076,R_75,28582.9435
1779528078,R_75,28573.2904
1779528080,R_75,28585.9608
1779528082,R_75,28580.7261
1779528084,R_75,28579.7072
1779528086,R_75,28579.4948
1779528088,R_75,28576.0255
1779528090,R_75,28574.5556
1779528092,R_75,28574.5892
1779528094,R_75,28584.6103
1779528096,R_75,28581.733
1779528098,R_75,28577.2868
1779528100,R_75,28587.4342
1779528102,R_75,28580.043
1779528104,R_75,28573.5399
1779528106,R_75,28579.0338
1779528108,R_75,28578.4699
1779528110,R_75,28590.8226
1779528112,R_75,28582.6321
1779528114,R_75,28577.9258
1779528116,R_75,28565.4609
1779528118,R_75,28563.139
1779528120,R_75,28559.6522
1779528122,R_75,28566.777
1779528124,R_75,28559.4828
1779528126,R_75,28554.5207
1779528128,R_75,28558.4699
1779528130,R_75,28553.8751
1779528132,R_75,28555.9746
1779528134,R_75,28558.1315
1779528136,R_75,28556.0971
1779528138,R_75,28550.9729
1779528140,R_75,28548.4935
1779528142,R_75,28554.0142
1779528144,R_75,28548.5316
1779528146,R_75,28552.2376
1779528148,R_75,28546.7902
1779528150,R_75,28549.4459
1779528152,R_75,28542.2265
1779528154,R_75,28552.4658
1779528156,R_75,28548.4296
1779528158,R_75,28549.5888
1779528160,R_75,28547.7483
1779528162,R_75,28545.6828
1779528164,R_75,28545.7977
1779528166,R_75,28545.1109
1779528168,R_75,28538.7004
1779528170,R_75,28544.0999
1779528172,R_75,28533.2209
1779528174,R_75,28534.5365
1779528176,R_75,28521.9249
1779528178,R_75,28519.6423
1779528180,R_75,28523.892
1779528182,R_75,28522.6581
1779528184,R_75,28524.44
1779528186,R_75,28524.9496
1779528188,R_75,28527.9793
1779528190,R_75,28523.2676
1779528192,R_75,28513.5697
1779528194,R_75,28516.3368
1779528196,R_75,28522.0125
1779528198,R_75,28530.3997
1779528200,R_75,28533.4451
1779528202,R_75,28538.8769
1779528204,R_75,28530.4703
1779528206,R_75,28540.7273
1779528208,R_75,28545.1944
1779528210,R_75,28537.4171
1779528212,R_75,28538.0316
1779528214,R_75,28539.7992
1779528216,R_75,28547.7143
1779528218,R_75,28548.3592
1779528220,R_75,28545.8328
1779528222,R_75,28549.7551
1779528224,R_75,28556.223
1779528226,R_75,28552.6027
1779528228,R_75,28550.2993
1779528230,R_75,28548.46
1779528232,R_75,28547.981
1779528234,R_75,28540.9913
1779528236,R_75,28545.4903
1779528238,R_75,28551.9025
1779528240,R_75,28544.182
1779528242,R_75,28541.3354
1779528244,R_75,28534.4507
1779528246,R_75,28541.9148
1779528248,R_75,28535.981
1779528250,R_75,28529.2544
1779528252,R_75,28526.1475
1779528254,R_75,28528.7553
1779528256,R_75,28536.2622
1779528258,R_75,28527.2771
1779528260,R_75,28531.7246
1779528262,R_75,28535.0227
1779528264,R_75,28533.5504
1779528266,R_75,28534.9653
1779528268,R_75,28537.3186
1779528270,R_75,28534.7025
1779528272,R_75,28534.815
1779528274,R_75,28533.1109
1779528276,R_75,28519.6872
1779528278,R_75,28525.9525
1779528280,R_75,28518.8122
1779528282,R_75,28514.2462
1779528284,R_75,28513.02
1779528286,R_75,28510.1262
1779528288,R_75,28517.3236
1779528290,R_75,28510.7624
1779528292,R_75,28507.9323
1779528294,R_75,28501.1078
1779528296,R_75,28498.8995
1779528298,R_75,28496.7284
1779528300,R_75,28497.506
1779528302,R_75,28497.7969
1779528304,R_75,28483.6033
1779528306,R_75,28484.3514
1779528308,R_75,28479.9209
1779528310,R_75,28477.546
1779528312,R_75,28482.8993
1779528314,R_75,28484.8938
1779528316,R_75,28470.1064
1779528318,R_75,28470.5644
1779528320,R_75,28470.2557
1779528322,R_75,28466.0947
1779528324,R_75,28470.919
1779528326,R_75,28475.5798
1779528328,R_75,28482.8723
1779528330,R_75,28478.5017
1779528332,R_75,28483.1647
1779528334,R_75,28485.6052
1779528336,R_75,28490.4461
1779528338,R_75,28494.1377
1779528340,R_75,28490.4709
1779528342,R_75,28488.204
1779528344,R_75,28481.6134
1779528346,R_75,28474.8183
1779528348,R_75,28472.4386
1779528350,R_75,28462.7672
1779528352,R_75,28462.1905
1779528354,R_75,28461.0361
1779528356,R_75,28459.8333
1779528358,R_75,28455.7967
1779528360,R_75,28454.6234
1779528362,R_75,28456.5394
1779528364,R_75,28461.1058
1779528366,R_75,28457.9264
1779528368,R_75,28460.6991
1779528370,R_75,28461.0661
1779528372,R_75,28465.2998
1779528374,R_75,28468.0274
1779528376,R_75,28472.2726
1779528378,R_75,28472.2204
1779528380,R_75,28482.7796
1779528382,R_75,28481.7935
1779528384,R_75,28474.6697
1779528386,R_75,28464.4833
1779528388,R_75,28467.7702
1779528390,R_75,28468.8135
1779528392,R_75,28474.561
1779528394,R_75,28468.4788
1779528396,R_75,28458.2554
1779528398,R_75,28457.0127
1779528400,R_75,28456.9999
1779528402,R_75,28456.8699
1779528404,R_75,28453.2542
1779528406,R_75,28453.8946
1779528408,R_75,28453.9307
1779528410,R_75,28456.3719
1779528412,R_75,28460.7117
1779528414,R_75,28452.3318
1779528416,R_75,28447.0311
1779528418,R_75,28440.3099
1779528420,R_75,28430.8141
1779528422,R_75,28441.0762
1779528424,R_75,28436.684
1779528426,R_75,28440.2407
1779528428,R_75,28444.3544
1779528430,R_75,28453.6204
1779528432,R_75,28458.946
1779528434,R_75,28452.9866
1779528436,R_75,28442.5332
1779528438,R_75,28445.2305
1779528440,R_75,28443.1226
1779528442,R_75,28445.8863
1779528444,R_75,28448.4459
1779528446,R_75,28445.7259
1779528448,R_75,28448.7195
1779528450,R_75,28454.2169
1779528452,R_75,28448.7475
1779528454,R_75,28454.4699
1779528456,R_75,28448.9109
1779528458,R_75,28446.673
1779528460,R_75,28451.5317
1779528462,R_75,28444.8402
1779528464,R_75,28438.8076
1779528466,R_75,28451.109
1779528468,R_75,28451.6411
1779528470,R_75,28453.4521
1779528472,R_75,28446.593
1779528474,R_75,28448.3926
1779528476,R_75,28449.3946
1779528478,R_75,28443.4828
1779528480,R_75,28447.001
1779528482,R_75,28452.0714
1779528484,R_75,28450.0872
1779528486,R_75,28455.0696
1779528488,R_75,28462.3219
1779528490,R_75,28461.6665
1779528492,R_75,28459.1381
1779528494,R_75,28455.3163
1779528496,R_75,28451.5678
1779528498,R_75,28447.1173
1779528500,R_75,28449.9632
1779528502,R_75,28443.3337
1779528504,R_75,28446.411
1779528506,R_75,28453.2407
1779528508,R_75,28452.7869
1779528510,R_75,28466.3311
1779528512,R_75,28469.7457
1779528514,R_75,28472.6371
1779528516,R_75,28477.0284
1779528518,R_75,28473.1273
1779528520,R_75,28471.5288
1779528522,R_75,28469.8824
1779528524,R_75,28474.0452
1779528526,R_75,28467.1066
1779528528,R_75,28461.4011
1779528530,R_75,28459.5432
1779528532,R_75,28459.845
1779528534,R_75,28463.9015
1779528536,R_75,28463.1647
1779528538,R_75,28467.2137
1779528540,R_75,28465.2711
1779528542,R_75,28458.5712
1779528544,R_75,28456.8096
1779528546,R_75,28457.2655
1779528548,R_75,28449.5398
1779528550,R_75,28448.8981
1779528552,R_75,28449.6612
1779528554,R_75,28445.5356
1779528556,R_75,28447.2053
1779528558,R_75,28444.4148
1779528560,R_75,28437.3854
1779528562,R_75,28444.7016
1779528564,R_75,28460.5485
1779528566,R_75,28457.7811
1779528568,R_75,28452.9407
1779528570,R_75,28445.8476
1779528572,R_75,28445.9207
1779528574,R_75,28449.0508
1779528576,R_75,28453.0049
1779528578,R_75,28445.8402
1779528580,R_75,28440.705
1779528582,R_75,28430.022
1779528584,R_75,28431.2942
1779528586,R_75,28425.7912
1779528588,R_75,28430.3387
1779528590,R_75,28429.4122
1779528592,R_75,28433.6717
1779528594,R_75,28433.9222
1779528596,R_75,28438.028
1779528598,R_75,28440.0814
1779528600,R_75,28440.4021
1779528602,R_75,28435.4333
1779528604,R_75,28430.8548
1779528606,R_75,28428.8021
1779528608,R_75,28435.7222
1779528610,R_75,28428.7894
1779528612,R_75,28427.6426
1779528614,R_75,28430.4678
1779528616,R_75,28429.1296
1779528618,R_75,28427.9347
1779528620,R_75,28423.1359
1779528622,R_75,28415.1055
1779528624,R_75,28418.6872
1779528626,R_75,28436.1904
1779528628,R_75,28438.4131
1779528630,R_75,28432.2094
1779528632,R_75,28431.3189
1779528634,R_75,28432.3015
1779528636,R_75,28428.841
1779528638,R_75,28435.9175
1779528640,R_75,28436.1192
1779528642,R_75,28444.5905
1779528644,R_75,28452.9495
1779528646,R_75,28458.7395
1779528648,R_75,28467.1884
1779528650,R_75,28466.0973
1779528652,R_75,28462.3999
1779528654,R_75,28466.2226
1779528656,R_75,28462.0621
1779528658,R_75,28459.6524
1779528660,R_75,28461.0017
1779528662,R_75,28465.3668
1779528664,R_75,28470.5686
1779528666,R_75,28460.8764
1779528668,R_75,28458.6139
1779528670,R_75,28458.1704
1779528672,R_75,28461.5297
1779528674,R_75,28465.2437
1779528676,R_75,28463.0352
1779528678,R_75,28464.1179
1779528680,R_75,28462.1941
1779528682,R_75,28467.3214
1779528684,R_75,28466.7454
1779528686,R_75,28460.9016
1779528688,R_75,28461.9516
1779528690,R_75,28460.2988
1779528692,R_75,28464.8101
1779528694,R_75,28473.8402
1779528696,R_75,28471.4422
1779528698,R_75,28477.9208
1779528700,R_75,28483.3411
1779528702,R_75,28482.1126
1779528704,R_75,28485.6599
1779528706,R_75,28490.1991
1779528708,R_75,28492.5121
1779528710,R_75,28495.8415
1779528712,R_75,28491.9202
1779528714,R_75,28492.9298
1779528716,R_75,28498.326
1779528718,R_75,28493.0133
1779528720,R_75,28500.5803
1779528722,R_75,28492.6324
1779528724,R_75,28496.7366
1779528726,R_75,28496.1041
1779528728,R_75,28499.5039
1779528730,R_75,28498.7205
1779528732,R_75,28495.3075
1779528734,R_75,28501.92
1779528736,R_75,28491.2278
1779528738,R_75,28490.6344
1779528740,R_75,28489.8095
1779528742,R_75,28496.1177
1779528744,R_75,28500.9113
1779528746,R_75,28495.8674
1779528748,R_75,28490.4865
1779528750,R_75,28494.9978
1779528752,R_75,28494.2944
1779528754,R_75,28505.1211
1779528756,R_75,28507.4638
1779528758,R_75,28503.8704
1779528760,R_75,28502.5647
1779528762,R_75,28497.6477
1779528764,R_75,28503.759
1779528766,R_75,28497.9101
1779528768,R_75,28503.1301
1779528770,R_75,28507.5768
1779528772,R_75,28499.0772
1779528774,R_75,28496.9793
1779528776,R_75,28493.7147
1779528778,R_75,28501.0584
1779528780,R_75,28502.4846
1779528782,R_75,28504.3147
1779528784,R_75,28502.2877
1779528786,R_75,28497.6023
1779528788,R_75,28494.5413
1779528790,R_75,28493.6849
1779528792,R_75,28501.2988
1779528794,R_75,28500.6987
1779528796,R_75,28506.089
1779528798,R_75,28504.0596
1779528800,R_75,28507.4303
1779528802,R_75,28505.6274
1779528804,R_75,28499.9164
1779528806,R_75,28501.6616
1779528808,R_75,28501.67
1779528810,R_75,28497.4481
1779528812,R_75,28501.3218
1779528814,R_75,28505.9489
1779528816,R_75,28503.5503
1779528818,R_75,28506.8803
1779528820,R_75,28501.8779
1779528822,R_75,28498.4506
1779528824,R_75,28495.0985
1779528826,R_75,28498.9542
1779528828,R_75,28508.8471
1779528830,R_75,28512.7895
1779528832,R_75,28517.9528
1779528834,R_75,28521.8359
1779528836,R_75,28511.6937
1779528838,R_75,28512.7081
1779528840,R_75,28512.9886
1779528842,R_75,28517.0754
1779528844,R_75,28509.6096
1779528846,R_75,28512.4562
1779528848,R_75,28515.4377
1779528850,R_75,28525.1703
1779528852,R_75,28524.5879
1779528854,R_75,28525.7577
1779528856,R_75,28536.3999
1779528858,R_75,28536.5462
1779528860,R_75,28529.9922
1779528862,R_75,28539.667
1779528864,R_75,28541.8363
1779528866,R_75,28549.9933
1779528868,R_75,28542.318
1779528870,R_75,28536.8644
1779528872,R_75,28535.0487
1779528874,R_75,28539.1613
1779528876,R_75,28542.1682
1779528878,R_75,28538.3904
1779528880,R_75,28542.4285
1779528882,R_75,28545.3245
1779528884,R_75,28541.6385
1779528886,R_75,28543.6808
1779528888,R_75,28527.3677
1779528890,R_75,28527.7425
1779528892,R_75,28529.6672
1779528894,R_75,28526.9934
1779528896,R_75,28523.3531
1779528898,R_75,28518.3103
1779528900,R_75,28521.6308
1779528902,R_75,28517.0803
1779528904,R_75,28521.1226
1779528906,R_75,28514.9277
1779528908,R_75,28517.5635
1779528910,R_75,28517.8361
1779528912,R_75,28519.1004
1779528914,R_75,28529.2357
1779528916,R_75,28532.7454
1779528918,R_75,28535.6661
1779528920,R_75,28538.6083
1779528922,R_75,28537.1013
1779528924,R_75,28542.1035
1779528926,R_75,28547.2245
1779528928,R_75,28543.9067
1779528930,R_75,28543.874
1779528932,R_75,28544.1476
1779528934,R_75,28533.3479
1779528936,R_75,28532.2792
1779528938,R_75,28528.7321
1779528940,R_75,28525.9681
1779528942,R_75,28529.2253
1779528944,R_75,28533.0334
1779528946,R_75,28532.4855
1779528948,R_75,28537.1559
1779528950,R_75,28539.5281
1779528952,R_75,28536.935
1779528954,R_75,28533.862
1779528956,R_75,28525.9451
1779528958,R_75,28524.934
1779528960,R_75,28527.5149
1779528962,R_75,28526.9843
1779528964,R_75,28522.3828
1779528966,R_75,28514.8245
1779528968,R_75,28516.5513
1779528970,R_75,28507.8939
1779528972,R_75,28512.5065
1779528974,R_75,28516.1516
1779528976,R_75,28513.026
1779528978,R_75,28509.7985
1779528980,R_75,28506.0426
1779528982,R_75,28500.6485
1779528984,R_75,28508.6352
1779528986,R_75,28505.3519
1779528988,R_75,28498.9999
1779528990,R_75,28505.0817
1779528992,R_75,28511.5361
1779528994,R_75,28514.2058
1779528996,R_75,28506.8262
1779528998,R_75,28493.6957
1779529000,R_75,28484.6036
1779529002,R_75,28484.5819
1779529004,R_75,28487.3996
1779529006,R_75,28497.8987
1779529008,R_75,28497.8922
1779529010,R_75,28505.143
1779529012,R_75,28496.0145
1779529014,R_75,28498.5816
1779529016,R_75,28493.2605
1779529018,R_75,28493.053
1779529020,R_75,28494.2608
1779529022,R_75,28492.4124
1779529024,R_75,28492.8849
1779529026,R_75,28496.1308
1779529028,R_75,28495.4137
1779529030,R_75,28500.2963
1779529032,R_75,28490.2581
1779529034,R_75,28495.9451
1779529036,R_75,28501.0407
1779529038,R_75,28507.4329
1779529040,R_75,28499.7276
1779529042,R_75,28493.1839
1779529044,R_75,28488.3279
1779529046,R_75,28486.0751
1779529048,R_75,28486.5234
1779529050,R_75,28480.8169
1779529052,R_75,28472.1308
1779529054,R_75,28465.8474
1779529056,R_75,28470.7965
1779529058,R_75,28466.4621
1779529060,R_75,28465.1493
1779529062,R_75,28459.7172
1779529064,R_75,28455.0432
1779529066,R_75,28463.147
1779529068,R_75,28460.528
1779529070,R_75,28461.703
1779529072,R_75,28457.1929
1779529074,R_75,28462.1375
1779529076,R_75,28464.12
1779529078,R_75,28458.029
1779529080,R_75,28458.2631
1779529082,R_75,28463.1563
1779529084,R_75,28458.1815
1779529086,R_75,28452.7743
1779529088,R_75,28451.1156
1779529090,R_75,28445.4924
1779529092,R_75,28440.991
1779529094,R_75,28442.0922
1779529096,R_75,28437.6256
1779529098,R_75,28436.3057
1779529100,R_75,28427.7943
1779529102,R_75,28422.856
1779529104,R_75,28422.2755
1779529106,R_75,28428.2891
1779529108,R_75,28424.9185
1779529110,R_75,28418.7367
1779529112,R_75,28422.1202
1779529114,R_75,28429.1102
1779529116,R_75,28438.5024
1779529118,R_75,28450.3974
1779529120,R_75,28440.2532
1779529122,R_75,28445.2542
1779529124,R_75,28441.667
1779529126,R_75,28443.2077
1779529128,R_75,28435.723
1779529130,R_75,28438.894
1779529132,R_75,28429.5593
1779529134,R_75,28441.6251
1779529136,R_75,28437.4625
1779529138,R_75,28437.1588
1779529140,R_75,28438.8066
1779529142,R_75,28437.3922
1779529144,R_75,28438.1341
1779529146,R_75,28435.9973
1779529148,R_75,28445.8195
1779529150,R_75,28448.5475
1779529152,R_75,28448.9156
1779529154,R_75,28447.0596
1779529156,R_75,28451.9862
1779529158,R_75,28446.6888
1779529160,R_75,28440.9759
1779529162,R_75,28439.7663
1779529164,R_75,28439.7692
1779529166,R_75,28438.4019
1779529168,R_75,28442.5733
1779529170,R_75,28447.5572
1779529172,R_75,28444.9722
1779529174,R_75,28444.7638
1779529176,R_75,28442.3711
1779529178,R_75,28435.5093
1779529180,R_75,28446.9513
1779529182,R_75,28453.7563
1779529184,R_75,28446.7966
1779529186,R_75,28440.6489
1779529188,R_75,28449.3904
1779529190,R_75,28445.7063
1779529192,R_75,28444.5878
1779529194,R_75,28435.713
1779529196,R_75,28425.9548
1779529198,R_75,28426.0269
1779529200,R_75,28421.6355
1779529202,R_75,28422.7632
1779529204,R_75,28419.7864
1779529206,R_75,28411.0192
1779529208,R_75,28416.4327
1779529210,R_75,28414.4814
1779529212,R_75,28409.2214
1779529214,R_75,28409.6974
1779529216,R_75,28406.1121
1779529218,R_75,28404.4976
1779529220,R_75,28404.8785
1779529222,R_75,28410.3821
1779529224,R_75,28421.4012
1779529226,R_75,28426.8041
1779529228,R_75,28422.8631
1779529230,R_75,28431.2317
1779529232,R_75,28433.6063
1779529234,R_75,28435.7313
1779529236,R_75,28440.1234
1779529238,R_75,28440.5293
1779529240,R_75,28447.6141
1779529242,R_75,28443.4166
1779529244,R_75,28437.9459
1779529246,R_75,28445.438
1779529248,R_75,28448.3117
1779529250,R_75,28439.1925
1779529252,R_75,28439.8125
1779529254,R_75,28443.4309
1779529256,R_75,28442.7897
1779529258,R_75,28442.495
1779529260,R_75,28435.1632
1779529262,R_75,28442.8478
1779529264,R_75,28445.9481
1779529266,R_75,28450.945
1779529268,R_75,28455.9502
1779529270,R_75,28459.2645
1779529272,R_75,28460.0015
1779529274,R_75,28468.7202
1779529276,R_75,28468.6374
1779529278,R_75,28476.0022
1779529280,R_75,28471.2374
1779529282,R_75,28464.7203
1779529284,R_75,28462.4836
1779529286,R_75,28458.3007
1779529288,R_75,28457.6865
1779529290,R_75,28453.6087
1779529292,R_75,28456.508
1779529294,R_75,28455.733
1779529296,R_75,28439.1418
1779529298,R_75,28438.1525
1779529300,R_75,28434.4958
1779529302,R_75,28432.5484
1779529304,R_75,28426.7772
1779529306,R_75,28425.3239
1779529308,R_75,28425.0569
1779529310,R_75,28424.9615
1779529312,R_75,28428.5544
1779529314,R_75,28413.1333
1779529316,R_75,28407.6313
1779529318,R_75,28408.8854
1779529320,R_75,28409.4437
1779529322,R_75,28412.316
1779529324,R_75,28406.9597
1779529326,R_75,28409.9131
1779529328,R_75,28411.278
1779529330,R_75,28409.3713
1779529332,R_75,28409.374
1779529334,R_75,28414.2619
1779529336,R_75,28415.6406
1779529338,R_75,28414.3545
1779529340,R_75,28416.3206
1779529342,R_75,28409.0422
1779529344,R_75,28415.1684
1779529346,R_75,28422.8257
1779529348,R_75,28425.8008
1779529350,R_75,28429.2362
1779529352,R_75,28429.3872
1779529354,R_75,28424.4256
1779529356,R_75,28421.8984
1779529358,R_75,28416.0172
1779529360,R_75,28410.1192
1779529362,R_75,28404.3888
1779529364,R_75,28392.239
1779529366,R_75,28393.526
1779529368,R_75,28396.7837
1779529370,R_75,28404.4573
1779529372,R_75,28405.3507
1779529374,R_75,28405.0575
1779529376,R_75,28406.2041
1779529378,R_75,28405.1103
1779529380,R_75,28398.2042
1779529382,R_75,28403.7877
1779529384,R_75,28403.0792
1779529386,R_75,28401.2667
1779529388,R_75,28393.9183
1779529390,R_75,28395.3585
1779529392,R_75,28398.2573
1779529394,R_75,28393.9482
1779529396,R_75,28398.2414
1779529398,R_75,28396.0887
1779529400,R_75,28396.3392
1779529402,R_75,28401.8765
1779529404,R_75,28412.4311
1779529406,R_75,28412.0802
1779529408,R_75,28413.4679
1779529410,R_75,28416.6151
1779529412,R_75,28422.3388
1779529414,R_75,28411.6651
1779529416,R_75,28414.2407
1779529418,R_75,28407.8765
1779529420,R_75,28407.2313
1779529422,R_75,28408.6077
1779529424,R_75,28409.2289
1779529426,R_75,28407.6362
1779529428,R_75,28405.9431
1779529430,R_75,28414.9987
1779529432,R_75,28418.4122
1779529434,R_75,28422.435
1779529436,R_75,28425.6407
1779529438,R_75,28425.3674
1779529440,R_75,28418.3582
1779529442,R_75,28414.3774
1779529444,R_75,28408.9648
1779529446,R_75,28408.8771
1779529448,R_75,28413.7718
1779529450,R_75,28414.3555
1779529452,R_75,28410.6607
1779529454,R_75,28412.0457
1779529456,R_75,28408.8523
1779529458,R_75,28403.5588
1779529460,R_75,28401.2689
1779529462,R_75,28401.7952
1779529464,R_75,28392.4273
1779529466,R_75,28394.7328
1779529468,R_75,28396.4612
1779529470,R_75,28403.205
1779529472,R_75,28404.1858
1779529474,R_75,28400.7383
1779529476,R_75,28408.251
1779529478,R_75,28405.3565
1779529480,R_75,28406.7678
1779529482,R_75,28408.8276
1779529484,R_75,28414.6784
1779529486,R_75,28407.2537
1779529488,R_75,28404.0984
1779529490,R_75,28406.7074
1779529492,R_75,28408.7367
1779529494,R_75,28409.6365
1779529496,R_75,28407.9735
1779529498,R_75,28409.3323
1779529500,R_75,28404.5406
1779529502,R_75,28395.6369
1779529504,R_75,28388.935
1779529506,R_75,28390.8163
1779529508,R_75,28401.692
1779529510,R_75,28409.5278
1779529512,R_75,28413.4488
1779529514,R_75,28409.7817
1779529516,R_75,28403.0595
1779529518,R_75,28403.8908
1779529520,R_75,28397.7122
1779529522,R_75,28399.7466
1779529524,R_75,28401.3253
1779529526,R_75,28398.2927
1779529528,R_75,28411.0964
1779529530,R_75,28408.2129
1779529532,R_75,28415.4614
1779529534,R_75,28413.8887
1779529536,R_75,28409.9535
1779529538,R_75,28405.5288
1779529540,R_75,28408.3394
1779529542,R_75,28413.3968
1779529544,R_75,28411.0822
1779529546,R_75,28401.8857
1779529548,R_75,28407.3114
1779529550,R_75,28402.158
1779529552,R_75,28402.4124
1779529554,R_75,28397.6124
1779529556,R_75,28396.8838
1779529558,R_75,28400.5488
1779529560,R_75,28398.444
1779529562,R_75,28390.528
1779529564,R_75,28401.0204
1779529566,R_75,28399.3098
1779529568,R_75,28393.4208
1779529570,R_75,28384.9011
1779529572,R_75,28378.0962
1779529574,R_75,28373.9295
1779529576,R_75,28371.897
1779529578,R_75,28382.3506
1779529580,R_75,28382.1828
1779529582,R_75,28379.4075
1779529584,R_75,28383.099
1779529586,R_75,28370.6703
1779529588,R_75,28376.272
1779529590,R_75,28373.0179
1779529592,R_75,28379.7926
1779529594,R_75,28368.9045
1779529596,R_75,28374.7824
1779529598,R_75,28372.478
1779529600,R_75,28370.1247
1779529602,R_75,28374.164
1779529604,R_75,28377.7594
1779529606,R_75,28373.7358
1779529608,R_75,28367.5549
1779529610,R_75,28358.4476
1779529612,R_75,28360.7952
1779529614,R_75,28357.1233
1779529616,R_75,28358.0883
1779529618,R_75,28360.8442
1779529620,R_75,28365.5852
1779529622,R_75,28366.3854
1779529624,R_75,28361.8695
1779529626,R_75,28363.222
1779529628,R_75,28362.8317
1779529630,R_75,28371.5668
1779529632,R_75,28375.5845
1779529634,R_75,28379.6386
1779529636,R_75,28372.1047
1779529638,R_75,28374.5015
1779529640,R_75,28379.2935
1779529642,R_75,28383.9462
1779529644,R_75,28382.6918
1779529646,R_75,28382.1476
1779529648,R_75,28383.5565
1779529650,R_75,28382.2842
1779529652,R_75,28384.6243
1779529654,R_75,28385.0499
1779529656,R_75,28385.851
1779529658,R_75,28382.1953
1779529660,R_75,28391.2264
1779529662,R_75,28395.3033
1779529664,R_75,28396.2382
1779529666,R_75,28406.429
1779529668,R_75,28409.4748
1779529670,R_75,28405.7199
1779529672,R_75,28402.1066
1779529674,R_75,28397.0216
1779529676,R_75,28394.7296
1779529678,R_75,28389.8195
1779529680,R_75,28385.6792
1779529682,R_75,28381.7544
1779529684,R_75,28377.4254
1779529686,R_75,28387.4672
1779529688,R_75,28386.0215
1779529690,R_75,28379.8343
1779529692,R_75,28380.8314
1779529694,R_75,28381.3836
1779529696,R_75,28389.4423
1779529698,R_75,28390.5812
1779529700,R_75,28389.8255
1779529702,R_75,28398.1156
1779529704,R_75,28398.5489
1779529706,R_75,28407.4188
1779529708,R_75,28402.3568
1779529710,R_75,28413.7123
1779529712,R_75,28421.1524
1779529714,R_75,28426.5803
1779529716,R_75,28425.5736
1779529718,R_75,28429.6172
1779529720,R_75,28427.4483
1779529722,R_75,28423.7973
1779529724,R_75,28420.7956
1779529726,R_75,28410.2635
1779529728,R_75,28411.2377
1779529730,R_75,28406.7813
1779529732,R_75,28397.1102
1779529734,R_75,28399.4175
1779529736,R_75,28397.5602
1779529738,R_75,28400.0911
1779529740,R_75,28402.7442
1779529742,R_75,28406.0265
1779529744,R_75,28407.3525
1779529746,R_75,28402.9273
1779529748,R_75,28407.0283
1779529750,R_75,28406.7163
1779529752,R_75,28407.5771
1779529754,R_75,28399.7964
1779529756,R_75,28400.8827
1779529758,R_75,28404.9946
1779529760,R_75,28404.4141
1779529762,R_75,28396.2868
1779529764,R_75,28391.8248
1779529766,R_75,28401.4487
1779529768,R_75,28403.9732
1779529770,R_75,28398.2792
1779529772,R_75,28397.197
1779529774,R_75,28405.4754
1779529776,R_75,28405.5919
1779529778,R_75,28412.6757
1779529780,R_75,28412.6042
1779529782,R_75,28422.5674
1779529784,R_75,28418.7779
1779529786,R_75,28419.4005
1779529788,R_75,28415.832
1779529790,R_75,28411.3704
1779529792,R_75,28424.4777
1779529794,R_75,28422.3654
1779529796,R_75,28422.789
1779529798,R_75,28417.677
1779529800,R_75,28415.8179
1779529802,R_75,28422.3066
1779529804,R_75,28426.8324
1779529806,R_75,28429.4393
1779529808,R_75,28433.8532
1779529810,R_75,28434.0286
1779529812,R_75,28433.7513
1779529814,R_75,28440.17
1779529816,R_75,28437.5945
1779529818,R_75,28422.9633
1779529820,R_75,28427.9489
1779529822,R_75,28434.0682
1779529824,R_75,28426.6305
1779529826,R_75,28432.9177
1779529828,R_75,28426.97
1779529830,R_75,28429.9059
1779529832,R_75,28427.8719
1779529834,R_75,28423.9818
1779529836,R_75,28430.395
1779529838,R_75,28420.3057
1779529840,R_75,28423.1525
1779529842,R_75,28420.6364
1779529844,R_75,28430.9051
1779529846,R_75,28422.9201
1779529848,R_75,28421.022
1779529850,R_75,28421.0043
1779529852,R_75,28423.7697
1779529854,R_75,28417.9474
1779529856,R_75,28414.9246
1779529858,R_75,28412.6348
1779529860,R_75,28407.0734
1779529862,R_75,28413.7591
1779529864,R_75,28413.2872
1779529866,R_75,28415.0336
1779529868,R_75,28417.1135
1779529870,R_75,28422.6363
1779529872,R_75,28416.4643
1779529874,R_75,28422.6695
1779529876,R_75,28425.4112
1779529878,R_75,28430.1146
1779529880,R_75,28430.6022
1779529882,R_75,28425.6525
1779529884,R_75,28423.8388
1779529886,R_75,28422.895
1779529888,R_75,28418.9236
1779529890,R_75,28402.7102
1779529892,R_75,28408.9158
1779529894,R_75,28399.5195
1779529896,R_75,28404.1049
1779529898,R_75,28398.6392
1779529900,R_75,28403.447
1779529902,R_75,28406.9688
1779529904,R_75,28409.8347
1779529906,R_75,28414.2335
1779529908,R_75,28418.5548
1779529910,R_75,28423.1048
1779529912,R_75,28422.3368
1779529914,R_75,28416.5586
1779529916,R_75,28416.9076
1779529918,R_75,28428.7466
1779529920,R_75,28425.52
1779529922,R_75,28429.7311
1779529924,R_75,28422.7431
1779529926,R_75,28425.7074
1779529928,R_75,28424.7418
1779529930,R_75,28427.3459
1779529932,R_75,28419.918
1779529934,R_75,28427.3525
1779529936,R_75,28422.497
1779529938,R_75,28407.2816
1779529940,R_75,28409.5982
1779529942,R_75,28416.743
1779529944,R_75,28413.6379
1779529946,R_75,28417.5075
1779529948,R_75,28412.4571
1779529950,R_75,28411.0243
1779529952,R_75,28403.2293
1779529954,R_75,28404.8943
1779529956,R_75,28401.833
1779529958,R_75,28393.3333
1779529960,R_75,28387.466
1779529962,R_75,28389.9691
1779529964,R_75,28384.1477
1779529966,R_75,28384.5341
1779529968,R_75,28383.1263
1779529970,R_75,28383.0011
1779529972,R_75,28382.4921
1779529974,R_75,28384.6214
1779529976,R_75,28390.2896
1779529978,R_75,28393.2364
1779529980,R_75,28392.3354
1779529982,R_75,28387.9072
1779529984,R_75,28389.1192
1779529986,R_75,28386.0512
1779529988,R_75,28384.429
1779529990,R_75,28381.1031
1779529992,R_75,28386.0989
1779529994,R_75,28378.5199
1779529996,R_75,28379.6612
1779529998,R_75,28376.054
1779530000,R_75,28372.1406
1779530002,R_75,28366.9423
1779530004,R_75,28355.9122
1779530006,R_75,28345.0594
1779530008,R_75,28342.3149
1779530010,R_75,28338.9258
1779530012,R_75,28345.5474
1779530014,R_75,28350.7753
1779530016,R_75,28352.2026
1779530018,R_75,28351.5062
1779530020,R_75,28358.2637
1779530022,R_75,28361.2889
1779530024,R_75,28357.3142
1779530026,R_75,28355.6324
1779530028,R_75,28350.0638
1779530030,R_75,28347.318
1779530032,R_75,28340.3923
1779530034,R_75,28354.0885
1779530036,R_75,28350.8503
1779530038,R_75,28346.8448
1779530040,R_75,28344.1851
1779530042,R_75,28352.9443
1779530044,R_75,28345.022
1779530046,R_75,28353.772
1779530048,R_75,28343.9928
1779530050,R_75,28339.8226
1779530052,R_75,28348.9393
1779530054,R_75,28348.4852
1779530056,R_75,28353.3398
1779530058,R_75,28351.1888
1779530060,R_75,28356.8324
1779530062,R_75,28354.9575
1779530064,R_75,28346.116
1779530066,R_75,28347.1633
1779530068,R_75,28340.5667
1779530070,R_75,28335.8778
1779530072,R_75,28337.8237
1779530074,R_75,28332.8609
1779530076,R_75,28341.1363
1779530078,R_75,28339.152
1779530080,R_75,28330.3568
1779530082,R_75,28325.2744
1779530084,R_75,28322.1526
1779530086,R_75,28313.6999
1779530088,R_75,28307.7516
1779530090,R_75,28316.9098
1779530092,R_75,28307.6411
1779530094,R_75,28304.7808
1779530096,R_75,28303.9344
1779530098,R_75,28305.9911
1779530100,R_75,28308.3782
1779530102,R_75,28304.6618
1779530104,R_75,28304.7861
1779530106,R_75,28301.4736
1779530108,R_75,28301.3307
1779530110,R_75,28299.4371
1779530112,R_75,28307.6329
1779530114,R_75,28305.125
1779530116,R_75,28307.5173
1779530118,R_75,28302.3694
1779530120,R_75,28309.6715
1779530122,R_75,28304.3085
1779530124,R_75,28304.9079
1779530126,R_75,28295.0807
1779530128,R_75,28299.9703
1779530130,R_75,28297.1682
1779530132,R_75,28301.032
1779530134,R_75,28288.3011
1779530136,R_75,28280.2754
1779530138,R_75,28274.5169
1779530140,R_75,28279.8027
1779530142,R_75,28281.9415
1779530144,R_75,28286.4031
1779530146,R_75,28289.4187
1779530148,R_75,28290.6718
1779530150,R_75,28281.3327
1779530152,R_75,28274.8553
1779530154,R_75,28274.1138
1779530156,R_75,28276.3892
1779530158,R_75,28275.0362
1779530160,R_75,28280.5809
1779530162,R_75,28280.6014
1779530164,R_75,28289.6414
1779530166,R_75,28282.0693
1779530168,R_75,28281.6486
1779530170,R_75,28294.9228
1779530172,R_75,28290.3583
1779530174,R_75,28287.0207
1779530176,R_75,28285.7733
1779530178,R_75,28290.7173
1779530180,R_75,28288.814
1779530182,R_75,28299.9282
1779530184,R_75,28309.5088
1779530186,R_75,28302.4447
1779530188,R_75,28299.1246
1779530190,R_75,28301.4842
1779530192,R_75,28303.1713
1779530194,R_75,28298.006
1779530196,R_75,28295.4237
1779530198,R_75,28295.8832
1779530200,R_75,28288.3538
1779530202,R_75,28294.4363
1779530204,R_75,28291.9839
1779530206,R_75,28295.9936
1779530208,R_75,28295.7586
1779530210,R_75,28294.2799
1779530212,R_75,28292.9445
1779530214,R_75,28285.6811
1779530216,R_75,28285.1263
1779530218,R_75,28287.1561
1779530220,R_75,28296.8435
1779530222,R_75,28306.387
1779530224,R_75,28305.7843
1779530226,R_75,28298.8164
1779530228,R_75,28289.3697
1779530230,R_75,28289.5331
1779530232,R_75,28295.6319
1779530234,R_75,28296.9083
1779530236,R_75,28298.7216
1779530238,R_75,28298.3044
1779530240,R_75,28299.0796
1779530242,R_75,28297.5451
1779530244,R_75,28296.104
1779530246,R_75,28299.6286
1779530248,R_75,28295.1703
1779530250,R_75,28287.8599
1779530252,R_75,28281.3567
1779530254,R_75,28287.3541
1779530256,R_75,28288.4235
1779530258,R_75,28285.5077
1779530260,R_75,28282.9793
1779530262,R_75,28279.5106
1779530264,R_75,28271.3328
1779530266,R_75,28278.3158
1779530268,R_75,28276.9159
1779530270,R_75,28277.6931
1779530272,R_75,28281.2929
1779530274,R_75,28276.6386
1779530276,R_75,28275.1346
1779530278,R_75,28278.8273
1779530280,R_75,28279.8675
1779530282,R_75,28284.4804
1779530284,R_75,28288.6085
1779530286,R_75,28294.5132
1779530288,R_75,28302.2395
1779530290,R_75,28296.2849
1779530292,R_75,28299.7783
1779530294,R_75,28305.693
1779530296,R_75,28311.194
1779530298,R_75,28317.7035
1779530300,R_75,28310.9545
1779530302,R_75,28312.5649
1779530304,R_75,28322.9901
1779530306,R_75,28332.6025
1779530308,R_75,28334.5251
1779530310,R_75,28327.9091
1779530312,R_75,28318.9126
1779530314,R_75,28318.386
1779530316,R_75,28319.1915
1779530318,R_75,28327.8588
1779530320,R_75,28330.4211
1779530322,R_75,28336.861
1779530324,R_75,28331.1107
1779530326,R_75,28329.0167
1779530328,R_75,28328.572
1779530330,R_75,28325.3685
1779530332,R_75,28322.6537
1779530334,R_75,28324.2647
1779530336,R_75,28312.9498
1779530338,R_75,28309.6672
1779530340,R_75,28313.9246
1779530342,R_75,28309.3236
1779530344,R_75,28307.1948
1779530346,R_75,28302.1489
1779530348,R_75,28309.9233
1779530350,R_75,28306.629
1779530352,R_75,28312.2651
1779530354,R_75,28315.2348
1779530356,R_75,28311.5077
1779530358,R_75,28308.8172
1779530360,R_75,28307.9769
1779530362,R_75,28306.516
1779530364,R_75,28305.4008
1779530366,R_75,28297.0091
1779530368,R_75,28292.2009
1779530370,R_75,28288.2839
1779530372,R_75,28282.7819
1779530374,R_75,28287.136
1779530376,R_75,28281.2631
1779530378,R_75,28284.1972
1779530380,R_75,28282.6749
1779530382,R_75,28277.3075
1779530384,R_75,28269.1307
1779530386,R_75,28257.0671
1779530388,R_75,28255.9295
1779530390,R_75,28254.2301
1779530392,R_75,28254.7308
1779530394,R_75,28249.3241
1779530396,R_75,28256.5638
1779530398,R_75,28266.1512
1779530400,R_75,28274.2234
1779530402,R_75,28284.5442
1779530404,R_75,28277.7382
1779530406,R_75,28281.8559
1779530408,R_75,28284.8913
1779530410,R_75,28269.1338
1779530412,R_75,28270.8295
1779530414,R_75,28274.0102
1779530416,R_75,28277.1994
1779530418,R_75,28270.8638
1779530420,R_75,28262.6302
1779530422,R_75,28267.8181
1779530424,R_75,28264.5656
1779530426,R_75,28268.4828
1779530428,R_75,28270.6973
1779530430,R_75,28266.722
1779530432,R_75,28267.1108
1779530434,R_75,28264.0463
1779530436,R_75,28262.7838
1779530438,R_75,28263.5261
1779530440,R_75,28269.0314
1779530442,R_75,28274.4885
1779530444,R_75,28271.9179
1779530446,R_75,28266.225
1779530448,R_75,28264.5114
1779530450,R_75,28262.7918
1779530452,R_75,28264.6319
1779530454,R_75,28263.6602
1779530456,R_75,28260.7007
1779530458,R_75,28255.9575
1779530460,R_75,28255.7965
1779530462,R_75,28261.5743
1779530464,R_75,28260.9238
1779530466,R_75,28270.4643
1779530468,R_75,28275.278
1779530470,R_75,28261.0084
1779530472,R_75,28268.0065
1779530474,R_75,28259.0764
1779530476,R_75,28267.1008
1779530478,R_75,28264.7476
1779530480,R_75,28258.9249
1779530482,R_75,28260.2175
1779530484,R_75,28257.0834
1779530486,R_75,28254.8666
1779530488,R_75,28250.4531
1779530490,R_75,28247.6387
1779530492,R_75,28249.6621
1779530494,R_75,28249.3347
1779530496,R_75,28243.9661
1779530498,R_75,28245.404
1779530500,R_75,28237.0588
1779530502,R_75,28240.9611
1779530504,R_75,28245.5249
1779530506,R_75,28246.8741
1779530508,R_75,28241.6778
1779530510,R_75,28238.4818
1779530512,R_75,28239.9424
1779530514,R_75,28231.5743
1779530516,R_75,28229.4498
1779530518,R_75,28236.4886
1779530520,R_75,28238.7573
1779530522,R_75,28245.9402
1779530524,R_75,28250.2734
1779530526,R_75,28251.4761
1779530528,R_75,28247.9598
1779530530,R_75,28247.5431
1779530532,R_75,28248.6238
1779530534,R_75,28241.7156
1779530536,R_75,28245.0821
1779530538,R_75,28242.4222
1779530540,R_75,28242.2639
1779530542,R_75,28242.4139
1779530544,R_75,28255.3715
1779530546,R_75,28257.4482
1779530548,R_75,28262.6575
1779530550,R_75,28276.7419
1779530552,R_75,28269.6179
1779530554,R_75,28269.3393
1779530556,R_75,28265.4647
1779530558,R_75,28269.543
1779530560,R_75,28279.8676
1779530562,R_75,28286.4226
1779530564,R_75,28285.5217
1779530566,R_75,28282.2717
1779530568,R_75,28290.1015
1779530570,R_75,28287.2417
1779530572,R_75,28281.4588
1779530574,R_75,28269.9667
1779530576,R_75,28264.2886
1779530578,R_75,28270.887
1779530580,R_75,28277.8607
1779530582,R_75,28278.0199
1779530584,R_75,28271.1318
1779530586,R_75,28278.0746
1779530588,R_75,28275.2811
1779530590,R_75,28277.0038
1779530592,R_75,28280.9341
1779530594,R_75,28277.6028
1779530596,R_75,28273.3228
1779530598,R_75,28265.558
1779530600,R_75,28280.0558
1779530602,R_75,28283.2922
1779530604,R_75,28281.3185
1779530606,R_75,28288.5375
1779530608,R_75,28284.7375
1779530610,R_75,28283.1282
1779530612,R_75,28286.1108
1779530614,R_75,28284.259
1779530616,R_75,28284.3644
1779530618,R_75,28285.4758
1779530620,R_75,28280.9232
1779530622,R_75,28288.8958
1779530624,R_75,28303.2614
1779530626,R_75,28298.0671
1779530628,R_75,28299.8915
1779530630,R_75,28307.6308
1779530632,R_75,28303.5698
1779530634,R_75,28308.6739
1779530636,R_75,28306.389
1779530638,R_75,28306.9713
1779530640,R_75,28307.6873
1779530642,R_75,28308.4916
1779530644,R_75,28302.4898
1779530646,R_75,28295.6338
1779530648,R_75,28300.7109
1779530650,R_75,28300.344
1779530652,R_75,28301.3843
1779530654,R_75,28304.6347
1779530656,R_75,28300.8272
1779530658,R_75,28303.9492
1779530660,R_75,28308.0236
1779530662,R_75,28310.8658
1779530664,R_75,28310.9046
1779530666,R_75,28308.6667
1779530668,R_75,28311.3272
1779530670,R_75,28307.293
1779530672,R_75,28301.9644
1779530674,R_75,28303.1669
1779530676,R_75,28304.1955
1779530678,R_75,28309.7793
1779530680,R_75,28299.5837
1779530682,R_75,28304.1583
1779530684,R_75,28307.6904
1779530686,R_75,28309.3728
1779530688,R_75,28309.5842
1779530690,R_75,28308.5899
1779530692,R_75,28306.3643
1779530694,R_75,28314.4332
1779530696,R_75,28309.3827
1779530698,R_75,28307.989
1779530700,R_75,28305.066
1779530702,R_75,28309.4856
1779530704,R_75,28311.354
1779530706,R_75,28313.4361
1779530708,R_75,28315.5335
1779530710,R_75,28312.8119
1779530712,R_75,28312.9794
1779530714,R_75,28314.2089
1779530716,R_75,28312.3404
1779530718,R_75,28318.7781
1779530720,R_75,28318.1561
1779530722,R_75,28306.1078
1779530724,R_75,28306.9747
1779530726,R_75,28299.0727
1779530728,R_75,28302.7993
1779530730,R_75,28302.8189
1779530732,R_75,28294.5571
1779530734,R_75,28301.2809
1779530736,R_75,28295.7642
1779530738,R_75,28291.3263
1779530740,R_75,28286.2871
1779530742,R_75,28278.8898
1779530744,R_75,28269.2799
1779530746,R_75,28275.5882
1779530748,R_75,28273.667
1779530750,R_75,28267.0164
1779530752,R_75,28257.1849
1779530754,R_75,28260.4741
1779530756,R_75,28259.4566
1779530758,R_75,28262.3479
1779530760,R_75,28260.5997
1779530762,R_75,28265.7281
1779530764,R_75,28267.3344
1779530766,R_75,28268.0426
1779530768,R_75,28267.8722
1779530770,R_75,28273.6427
1779530772,R_75,28271.1299
1779530774,R_75,28278.879
1779530776,R_75,28275.4904
1779530778,R_75,28273.9549
1779530780,R_75,28273.3767
1779530782,R_75,28265.8733
1779530784,R_75,28277.6097
1779530786,R_75,28275.9319
1779530788,R_75,28273.4649
1779530790,R_75,28272.5042
1779530792,R_75,28271.6797
1779530794,R_75,28267.446
1779530796,R_75,28262.9363
1779530798,R_75,28262.1988
1779530800,R_75,28264.4881
1779530802,R_75,28260.9324
1779530804,R_75,28261.474
1779530806,R_75,28265.3357
1779530808,R_75,28269.2133
1779530810,R_75,28268.8506
1779530812,R_75,28273.6858
1779530814,R_75,28270.0994
1779530816,R_75,28272.224
1779530818,R_75,28269.833
1779530820,R_75,28272.5944
1779530822,R_75,28268.1306
1779530824,R_75,28266.0134
1779530826,R_75,28265.1993
1779530828,R_75,28273.4834
1779530830,R_75,28288.352
1779530832,R_75,28293.3885
1779530834,R_75,28299.2433
1779530836,R_75,28294.674
1779530838,R_75,28291.9991
1779530840,R_75,28286.3425
1779530842,R_75,28291.287
1779530844,R_75,28289.8345
1779530846,R_75,28286.5921
1779530848,R_75,28298.9703
1779530850,R_75,28298.33
1779530852,R_75,28292.1891
1779530854,R_75,28288.3845
1779530856,R_75,28295.1467
1779530858,R_75,28296.1873
1779530860,R_75,28292.6784
1779530862,R_75,28302.1226
1779530864,R_75,28308.4716
1779530866,R_75,28321.6572
1779530868,R_75,28314.3876
1779530870,R_75,28314.8798
1779530872,R_75,28316.9871
1779530874,R_75,28318.9772
1779530876,R_75,28311.9029
1779530878,R_75,28308.0644
1779530880,R_75,28319.965
1779530882,R_75,28319.0962
1779530884,R_75,28320.908
1779530886,R_75,28317.141
1779530888,R_75,28319.6854
1779530890,R_75,28315.6142
1779530892,R_75,28312.9865
1779530894,R_75,28313.394
1779530896,R_75,28309.3451
1779530898,R_75,28311.4811
1779530900,R_75,28298.5208
1779530902,R_75,28295.3213
1779530904,R_75,28298.5554
1779530906,R_75,28297.1926
1779530908,R_75,28289.8737
1779530910,R_75,28293.3364
1779530912,R_75,28282.9264
1779530914,R_75,28277.1628
1779530916,R_75,28277.3837
1779530918,R_75,28272.5502
1779530920,R_75,28275.4522
1779530922,R_75,28272.8301
1779530924,R_75,28263.2479
1779530926,R_75,28260.9457
1779530928,R_75,28257.2967
1779530930,R_75,28260.4777
1779530932,R_75,28257.5037
1779530934,R_75,28254.6456
1779530936,R_75,28256.5537
1779530938,R_75,28257.1902
1779530940,R_75,28262.4838
1779530942,R_75,28275.8658
1779530944,R_75,28276.5767
1779530946,R_75,28273.9359
1779530948,R_75,28266.128
1779530950,R_75,28273.5497
1779530952,R_75,28273.672
1779530954,R_75,28270.9328
1779530956,R_75,28261.4229
1779530958,R_75,28256.0089
1779530960,R_75,28256.9763
1779530962,R_75,28248.9536
1779530964,R_75,28253.6965
1779530966,R_75,28254.5017
1779530968,R_75,28254.3426
1779530970,R_75,28262.9827
1779530972,R_75,28261.4737
1779530974,R_75,28261.418
1779530976,R_75,28258.2244
1779530978,R_75,28259.4247
1779530980,R_75,28255.0223
1779530982,R_75,28256.756
1779530984,R_75,28252.3795
1779530986,R_75,28259.0634
1779530988,R_75,28253.1477
1779530990,R_75,28250.5078
1779530992,R_75,28253.1062
1779530994,R_75,28252.7241
1779530996,R_75,28241.8447
1779530998,R_75,28242.7024
1779531000,R_75,28246.088
1779531002,R_75,28245.4811
1779531004,R_75,28255.8546
1779531006,R_75,28256.6804
1779531008,R_75,28254.2442
1779531010,R_75,28250.0951
1779531012,R_75,28256.6259
1779531014,R_75,28255.8172
1779531016,R_75,28244.7467
1779531018,R_75,28250.9304
1779531020,R_75,28241.5458
1779531022,R_75,28244.5998
1779531024,R_75,28251.2083
1779531026,R_75,28250.8539
1779531028,R_75,28245.0083
1779531030,R_75,28237.8205
1779531032,R_75,28236.3854
1779531034,R_75,28225.6506
1779531036,R_75,28235.2413
1779531038,R_75,28236.7892
1779531040,R_75,28240.3497
1779531042,R_75,28239.9461
1779531044,R_75,28241.3232
1779531046,R_75,28238.7015
1779531048,R_75,28239.7498
1779531050,R_75,28243.5121
1779531052,R_75,28241.2166
1779531054,R_75,28243.8204
1779531056,R_75,28247.449
1779531058,R_75,28251.314
1779531060,R_75,28245.2729
1779531062,R_75,28241.0295
1779531064,R_75,28238.8632
1779531066,R_75,28244.8643
1779531068,R_75,28248.0948
1779531070,R_75,28246.0368
1779531072,R_75,28252.6047
1779531074,R_75,28247.0691
1779531076,R_75,28242.4363
1779531078,R_75,28239.2352
1779531080,R_75,28234.379
1779531082,R_75,28240.0326
1779531084,R_75,28246.8679
1779531086,R_75,28246.6269
1779531088,R_75,28254.5947
1779531090,R_75,28252.5582
1779531092,R_75,28246.8963
1779531094,R_75,28244.8175
1779531096,R_75,28244.6682
1779531098,R_75,28240.544
1779531100,R_75,28236.3325
1779531102,R_75,28230.9365
1779531104,R_75,28228.4204
1779531106,R_75,28224.1302
1779531108,R_75,28222.1556
1779531110,R_75,28216.2643
1779531112,R_75,28216.7135
1779531114,R_75,28213.5993
1779531116,R_75,28229.0507
1779531118,R_75,28227.7366
1779531120,R_75,28232.015
1779531122,R_75,28229.9067
1779531124,R_75,28228.691
1779531126,R_75,28230.6263
1779531128,R_75,28234.8183
1779531130,R_75,28229.9652
1779531132,R_75,28226.0572
1779531134,R_75,28223.2421
1779531136,R_75,28223.4408
1779531138,R_75,28228.4558
1779531140,R_75,28222.2064
1779531142,R_75,28219.3283
1779531144,R_75,28227.0729
1779531146,R_75,28230.2255
1779531148,R_75,28221.9961
1779531150,R_75,28224.0389
1779531152,R_75,28219.5182
1779531154,R_75,28214.3574
1779531156,R_75,28217.9654
1779531158,R_75,28218.155
1779531160,R_75,28221.6911
1779531162,R_75,28217.1722
1779531164,R_75,28207.8028
1779531166,R_75,28208.9217
1779531168,R_75,28211.6738
1779531170,R_75,28206.643
1779531172,R_75,28197.722
1779531174,R_75,28195.127
1779531176,R_75,28191.1027
1779531178,R_75,28194.6797
1779531180,R_75,28188.9694
1779531182,R_75,28190.1567
1779531184,R_75,28190.6037
1779531186,R_75,28191.2494
1779531188,R_75,28187.3504
1779531190,R_75,28182.6216
1779531192,R_75,28183.5056
1779531194,R_75,28187.753
1779531196,R_75,28187.0305
1779531198,R_75,28192.0935
1779531200,R_75,28192.2983
1779531202,R_75,28194.2914
1779531204,R_75,28188.0168
1779531206,R_75,28183.8593
1779531208,R_75,28183.6962
1779531210,R_75,28183.2395
1779531212,R_75,28177.7112
1779531214,R_75,28180.2061
1779531216,R_75,28184.6799
1779531218,R_75,28187.0328
1779531220,R_75,28178.9888
1779531222,R_75,28169.6418
1779531224,R_75,28178.4184
1779531226,R_75,28181.2787
1779531228,R_75,28188.7234
1779531230,R_75,28186.0111
1779531232,R_75,28181.5784
1779531234,R_75,28182.9704
1779531236,R_75,28181.8551
1779531238,R_75,28171.6578
1779531240,R_75,28173.2431
1779531242,R_75,28165.3304
1779531244,R_75,28171.3639
1779531246,R_75,28173.2587
1779531248,R_75,28167.0262
1779531250,R_75,28168.4733
1779531252,R_75,28169.9457
1779531254,R_75,28179.6749
1779531256,R_75,28181.1618
1779531258,R_75,28178.3868
1779531260,R_75,28171.2821
1779531262,R_75,28170.2562
1779531264,R_75,28173.7136
1779531266,R_75,28174.0733
1779531268,R_75,28174.2549
1779531270,R_75,28180.4886
1779531272,R_75,28180.4455
1779531274,R_75,28172.7591
1779531276,R_75,28168.0553
1779531278,R_75,28161.7499
1779531280,R_75,28167.8145
1779531282,R_75,28175.2522
1779531284,R_75,28171.9306
1779531286,R_75,28170.4756
1779531288,R_75,28174.9638
1779531290,R_75,28170.1289
1779531292,R_75,28177.12
1779531294,R_75,28177.9741
1779531296,R_75,28174.897
1779531298,R_75,28176.065
1779531300,R_75,28178.8994
1779531302,R_75,28179.3251
1779531304,R_75,28179.3395
1779531306,R_75,28183.3195
1779531308,R_75,28187.8573
1779531310,R_75,28183.3603
1779531312,R_75,28186.8382
1779531314,R_75,28183.0901
1779531316,R_75,28185.9334
1779531318,R_75,28185.4954
1779531320,R_75,28184.8196
1779531322,R_75,28179.4261
1779531324,R_75,28183.1761
1779531326,R_75,28193.6881
1779531328,R_75,28204.3748
1779531330,R_75,28200.8875
1779531332,R_75,28198.1393
1779531334,R_75,28201.1365
1779531336,R_75,28198.8872
1779531338,R_75,28192.3368
1779531340,R_75,28188.9339
1779531342,R_75,28181.049
1779531344,R_75,28180.0587
1779531346,R_75,28191.1425
1779531348,R_75,28193.3046
1779531350,R_75,28187.5516
1779531352,R_75,28184.3058
1779531354,R_75,28187.628
1779531356,R_75,28184.5071
1779531358,R_75,28187.7599
1779531360,R_75,28195.9607
1779531362,R_75,28201.9926
1779531364,R_75,28200.2808
1779531366,R_75,28203.0222
1779531368,R_75,28194.3986
1779531370,R_75,28186.9873
1779531372,R_75,28185.4198
1779531374,R_75,28183.3085
1779531376,R_75,28194.7591
1779531378,R_75,28190.5108
1779531380,R_75,28179.5156
1779531382,R_75,28179.6228
1779531384,R_75,28179.2866
1779531386,R_75,28159.3152
1779531388,R_75,28160.521
1779531390,R_75,28163.0154
1779531392,R_75,28170.4045
1779531394,R_75,28170.1406
1779531396,R_75,28175.5938
1779531398,R_75,28176.0875
1779531400,R_75,28180.4827
1779531402,R_75,28182.3519
1779531404,R_75,28182.1735
1779531406,R_75,28183.0902
1779531408,R_75,28187.0215
1779531410,R_75,28188.4061
1779531412,R_75,28187.3046
1779531414,R_75,28186.4224
1779531416,R_75,28190.9701
1779531418,R_75,28190.8181
1779531420,R_75,28185.3777
1779531422,R_75,28176.3541
1779531424,R_75,28182.361
1779531426,R_75,28188.0598
1779531428,R_75,28190.9613
1779531430,R_75,28201.0882
1779531432,R_75,28203.9713
1779531434,R_75,28210.9997
1779531436,R_75,28201.0598
1779531438,R_75,28202.4629
1779531440,R_75,28203.6197
1779531442,R_75,28197.8525
1779531444,R_75,28200.5786
1779531446,R_75,28198.2456
1779531448,R_75,28200.6627
1779531450,R_75,28199.5663
1779531452,R_75,28206.1481
1779531454,R_75,28207.4334
1779531456,R_75,28208.4474
1779531458,R_75,28212.9814
1779531460,R_75,28219.2644
1779531462,R_75,28222.8645
1779531464,R_75,28221.4843
1779531466,R_75,28221.436
1779531468,R_75,28222.8331
1779531470,R_75,28221.8542
1779531472,R_75,28228.7852
1779531474,R_75,28224.0409
1779531476,R_75,28223.4107
1779531478,R_75,28231.4737
1779531480,R_75,28239.2235
1779531482,R_75,28242.1616
1779531484,R_75,28234.6528
1779531486,R_75,28235.6242
1779531488,R_75,28242.903
1779531490,R_75,28230.8616
1779531492,R_75,28237.1899
1779531494,R_75,28240.1342
1779531496,R_75,28232.2572
1779531498,R_75,28219.1443
1779531500,R_75,28221.9338
1779531502,R_75,28225.9546
1779531504,R_75,28218.1947
1779531506,R_75,28215.6421
1779531508,R_75,28210.5886
1779531510,R_75,28204.1505
1779531512,R_75,28204.7001
1779531514,R_75,28204.4811
1779531516,R_75,28211.5538
1779531518,R_75,28221.4545
1779531520,R_75,28217.795
1779531522,R_75,28214.5631
1779531524,R_75,28217.6336
1779531526,R_75,28212.5169
1779531528,R_75,28217.2734
1779531530,R_75,28211.9451
1779531532,R_75,28212.1915
1779531534,R_75,28213.088
1779531536,R_75,28217.953
1779531538,R_75,28219.8035
1779531540,R_75,28230.0923
1779531542,R_75,28240.1522
1779531544,R_75,28239.4966
1779531546,R_75,28237.6811
1779531548,R_75,28242.7424
1779531550,R_75,28242.7689
1779531552,R_75,28248.2474
1779531554,R_75,28252.6078
1779531556,R_75,28258.5767
1779531558,R_75,28258.7783
1779531560,R_75,28261.0781
1779531562,R_75,28265.7736
1779531564,R_75,28259.4085
1779531566,R_75,28266.1047
1779531568,R_75,28266.3128
1779531570,R_75,28257.1593
1779531572,R_75,28257.6034
1779531574,R_75,28244.3516
1779531576,R_75,28243.115
1779531578,R_75,28239.4254
1779531580,R_75,28237.3515
1779531582,R_75,28237.7372
1779531584,R_75,28239.3356
1779531586,R_75,28238.7737
1779531588,R_75,28239.713
1779531590,R_75,28241.5675
1779531592,R_75,28229.4878
1779531594,R_75,28226.2709
1779531596,R_75,28217.615
1779531598,R_75,28222.4014
1779531600,R_75,28216.6591
1779531602,R_75,28214.0552
1779531604,R_75,28216.3941
1779531606,R_75,28218.588
1779531608,R_75,28219.1058
1779531610,R_75,28225.7283
1779531612,R_75,28221.7557
1779531614,R_75,28216.3163
1779531616,R_75,28219.2204
1779531618,R_75,28222.3661
1779531620,R_75,28220.1547
1779531622,R_75,28215.7459
1779531624,R_75,28215.2444
1779531626,R_75,28225.3886
1779531628,R_75,28224.4062
1779531630,R_75,28228.289
1779531632,R_75,28220.6591
1779531634,R_75,28225.9744
1779531636,R_75,28225.8899
1779531638,R_75,28225.5802
1779531640,R_75,28233.2698
1779531642,R_75,28235.2264
1779531644,R_75,28238.6409
1779531646,R_75,28245.4642
1779531648,R_75,28242.941
1779531650,R_75,28240.4275
1779531652,R_75,28239.7401
1779531654,R_75,28239.4895
1779531656,R_75,28232.0818
1779531658,R_75,28233.5432
1779531660,R_75,28231.3786
1779531662,R_75,28225.8661
1779531664,R_75,28225.724
1779531666,R_75,28226.7494
1779531668,R_75,28225.2975
1779531670,R_75,28222.6625
1779531672,R_75,28222.6557
1779531674,R_75,28224.7543
1779531676,R_75,28228.738
1779531678,R_75,28226.4829
1779531680,R_75,28222.7513
1779531682,R_75,28229.1324
1779531684,R_75,28227.2511
1779531686,R_75,28237.3267
1779531688,R_75,28244.2176
1779531690,R_75,28240.4898
1779531692,R_75,28240.175
1779531694,R_75,28236.598
1779531696,R_75,28229.1295
1779531698,R_75,28228.7986
1779531700,R_75,28212.1833
1779531702,R_75,28218.2649
1779531704,R_75,28226.1025
1779531706,R_75,28227.1519
1779531708,R_75,28232.088
1779531710,R_75,28231.3796
1779531712,R_75,28220.5938
1779531714,R_75,28217.1037
1779531716,R_75,28217.061
1779531718,R_75,28219.5263
1779531720,R_75,28225.0009
1779531722,R_75,28226.2
1779531724,R_75,28227.4518
1779531726,R_75,28221.5488
1779531728,R_75,28233.6007
1779531730,R_75,28234.3113
1779531732,R_75,28237.1038
1779531734,R_75,28235.0345
1779531736,R_75,28229.8257
1779531738,R_75,28230.8007
1779531740,R_75,28241.6789
1779531742,R_75,28241.6824
1779531744,R_75,28243.1377
1779531746,R_75,28237.6216
1779531748,R_75,28235.8194
1779531750,R_75,28225.2024
1779531752,R_75,28230.8688
1779531754,R_75,28234.2389
1779531756,R_75,28230.2
1779531758,R_75,28240.8596
1779531760,R_75,28239.6588
1779531762,R_75,28242.1756
1779531764,R_75,28235.4194
1779531766,R_75,28243.6093
1779531768,R_75,28244.2169
1779531770,R_75,28241.9755
1779531772,R_75,28243.1568
1779531774,R_75,28230.3271
1779531776,R_75,28229.9753
1779531778,R_75,28237.2675
1779531780,R_75,28246.3516
1779531782,R_75,28246.152
1779531784,R_75,28250.1693
1779531786,R_75,28246.5322
1779531788,R_75,28246.5998
1779531790,R_75,28244.7735
1779531792,R_75,28242.2455
1779531794,R_75,28239.7018
1779531796,R_75,28239.8065
1779531798,R_75,28245.6609
1779531800,R_75,28240.9086
1779531802,R_75,28236.7266
1779531804,R_75,28233.4497
1779531806,R_75,28229.8642
1779531808,R_75,28223.9667
1779531810,R_75,28232.7408
1779531812,R_75,28225.6221
1779531814,R_75,28241.0586
1779531816,R_75,28236.378
1779531818,R_75,28238.6031
1779531820,R_75,28234.0052
1779531822,R_75,28245.4212
1779531824,R_75,28247.801
1779531826,R_75,28251.1066
1779531828,R_75,28248.5383
1779531830,R_75,28240.3416
1779531832,R_75,28253.3772
1779531834,R_75,28254.2174
1779531836,R_75,28254.9316
1779531838,R_75,28263.3321
1779531840,R_75,28270.0096
1779531842,R_75,28261.8822
1779531844,R_75,28263.7979
1779531846,R_75,28267.2487
1779531848,R_75,28273.8663
1779531850,R_75,28278.6322
1779531852,R_75,28281.8262
1779531854,R_75,28275.4435
1779531856,R_75,28272.872
1779531858,R_75,28275.7704
1779531860,R_75,28269.4248
1779531862,R_75,28268.1922
1779531864,R_75,28279.0177
1779531866,R_75,28274.3837
1779531868,R_75,28273.1947
1779531870,R_75,28267.5699
1779531872,R_75,28265.684
1779531874,R_75,28264.8885
1779531876,R_75,28264.3034
1779531878,R_75,28259.7093
1779531880,R_75,28262.1421
1779531882,R_75,28255.204
1779531884,R_75,28248.1837
1779531886,R_75,28236.5951
1779531888,R_75,28235.8816
1779531890,R_75,28234.0703
1779531892,R_75,28226.6743
1779531894,R_75,28230.5409
1779531896,R_75,28228.5064
1779531898,R_75,28223.6753
1779531900,R_75,28224.0543
1779531902,R_75,28222.2973
1779531904,R_75,28224.8973
1779531906,R_75,28222.1577
1779531908,R_75,28224.0914
1779531910,R_75,28221.6646
1779531912,R_75,28213.3078
1779531914,R_75,28215.1722
1779531916,R_75,28209.9248
1779531918,R_75,28208.1386
1779531920,R_75,28209.3
1779531922,R_75,28203.2602
1779531924,R_75,28197.3278
1779531926,R_75,28197.0186
1779531928,R_75,28200.1551
1779531930,R_75,28207.9696
1779531932,R_75,28209.4583
1779531934,R_75,28207.6709
1779531936,R_75,28202.8671
1779531938,R_75,28209.7633
1779531940,R_75,28202.9254
1779531942,R_75,28205.4384
1779531944,R_75,28205.758
1779531946,R_75,28205.145
1779531948,R_75,28206.5646
1779531950,R_75,28190.9447
1779531952,R_75,28184.9836
1779531954,R_75,28186.5803
1779531956,R_75,28184.6679
1779531958,R_75,28182.2654
1779531960,R_75,28179.5359
1779531962,R_75,28177.0127
1779531964,R_75,28174.4838
1779531966,R_75,28177.6125
1779531968,R_75,28180.3091
1779531970,R_75,28176.4914
1779531972,R_75,28185.4403
1779531974,R_75,28192.0022
1779531976,R_75,28191.0877
1779531978,R_75,28188.5264
1779531980,R_75,28181.3571
1779531982,R_75,28184.18
1779531984,R_75,28186.6898
1779531986,R_75,28180.2269
1779531988,R_75,28169.2365
1779531990,R_75,28162.6597
1779531992,R_75,28163.9104
1779531994,R_75,28160.7272
1779531996,R_75,28159.7603
1779531998,R_75,28163.163
1779532000,R_75,28154.55
1779532002,R_75,28153.3026
1779532004,R_75,28154.5338
1779532006,R_75,28143.6873
1779532008,R_75,28141.2236
1779532010,R_75,28136.9074
1779532012,R_75,28144.672
1779532014,R_75,28148.5354
1779532016,R_75,28144.5383
1779532018,R_75,28143.4237
1779532020,R_75,28149.3476
1779532022,R_75,28148.8298
1779532024,R_75,28151.1442
1779532026,R_75,28145.3512
1779532028,R_75,28147.873
1779532030,R_75,28150.7786
1779532032,R_75,28144.8723
1779532034,R_75,28134.8694
1779532036,R_75,28142.049
1779532038,R_75,28146.5113
1779532040,R_75,28138.103
1779532042,R_75,28137.3949
1779532044,R_75,28139.9332
1779532046,R_75,28153.2097
1779532048,R_75,28154.56
1779532050,R_75,28153.767
1779532052,R_75,28154.0032
1779532054,R_75,28154.4357
1779532056,R_75,28150.9973
1779532058,R_75,28151.7156
1779532060,R_75,28153.0115
1779532062,R_75,28146.9963
1779532064,R_75,28137.7863
1779532066,R_75,28133.5611
1779532068,R_75,28130.7509
1779532070,R_75,28130.8724
1779532072,R_75,28136.8927
1779532074,R_75,28144.736
1779532076,R_75,28146.4176
1779532078,R_75,28148.118
1779532080,R_75,28153.353
1779532082,R_75,28155.2697
1779532084,R_75,28144.2656
1779532086,R_75,28144.1501
1779532088,R_75,28145.378
1779532090,R_75,28145.4641
1779532092,R_75,28138.0476
1779532094,R_75,28131.4226
1779532096,R_75,28132.7429
1779532098,R_75,28128.2494
1779532100,R_75,28135.7583
1779532102,R_75,28136.0027
1779532104,R_75,28139.9701
1779532106,R_75,28153.9633
1779532108,R_75,28157.9633
1779532110,R_75,28159.5003
1779532112,R_75,28157.216
1779532114,R_75,28156.8871
1779532116,R_75,28158.8254
1779532118,R_75,28160.4902
1779532120,R_75,28159.6344
1779532122,R_75,28150.659
1779532124,R_75,28147.772
1779532126,R_75,28148.3219
1779532128,R_75,28152.5938
1779532130,R_75,28148.2634
1779532132,R_75,28151.6289
1779532134,R_75,28146.9794
1779532136,R_75,28139.94
1779532138,R_75,28133.3048
1779532140,R_75,28136.9172
1779532142,R_75,28143.974
1779532144,R_75,28147.7916
1779532146,R_75,28142.6
1779532148,R_75,28151.1421
1779532150,R_75,28152.7901
1779532152,R_75,28152.5709
1779532154,R_75,28150.9731
1779532156,R_75,28151.4964
1779532158,R_75,28151.8276
1779532160,R_75,28157.0712
1779532162,R_75,28151.958
1779532164,R_75,28159.3768
1779532166,R_75,28155.552
1779532168,R_75,28157.6893
1779532170,R_75,28159.9772
1779532172,R_75,28153.7384
1779532174,R_75,28145.0923
1779532176,R_75,28142.4692
1779532178,R_75,28140.3171
1779532180,R_75,28140.4503
1779532182,R_75,28142.47
1779532184,R_75,28150.1099
1779532186,R_75,28144.5057
1779532188,R_75,28141.4304
1779532190,R_75,28134.3231
1779532192,R_75,28135.3001
1779532194,R_75,28138.0845
1779532196,R_75,28137.2872
1779532198,R_75,28123.9287
1779532200,R_75,28127.9537
1779532202,R_75,28135.2996
1779532204,R_75,28138.7948
1779532206,R_75,28147.0576
1779532208,R_75,28153.4138
1779532210,R_75,28157.5341
1779532212,R_75,28159.427
1779532214,R_75,28162.7492
1779532216,R_75,28162.8584
1779532218,R_75,28153.8131
1779532220,R_75,28152.6366
1779532222,R_75,28150.243
1779532224,R_75,28157.7446
1779532226,R_75,28155.1381
1779532228,R_75,28144.5308
1779532230,R_75,28147.6646
1779532232,R_75,28139.6598
1779532234,R_75,28141.2027
1779532236,R_75,28134.5653
1779532238,R_75,28131.2693
1779532240,R_75,28137.3465
1779532242,R_75,28136.4077
1779532244,R_75,28141.6329
1779532246,R_75,28144.9861
1779532248,R_75,28144.0887
1779532250,R_75,28139.3996
1779532252,R_75,28131.877
1779532254,R_75,28137.4715
1779532256,R_75,28139.4806
1779532258,R_75,28142.5951
1779532260,R_75,28139.9098
1779532262,R_75,28143.7311
1779532264,R_75,28145.9713
1779532266,R_75,28149.3479
1779532268,R_75,28152.5782
1779532270,R_75,28147.2765
1779532272,R_75,28139.4033
1779532274,R_75,28144.5336
1779532276,R_75,28151.3956
1779532278,R_75,28150.9755
1779532280,R_75,28145.7214
1779532282,R_75,28139.8678
1779532284,R_75,28140.3154
1779532286,R_75,28142.9776
1779532288,R_75,28148.0754
1779532290,R_75,28145.3384
1779532292,R_75,28145.8795
1779532294,R_75,28144.7524
1779532296,R_75,28147.8878
1779532298,R_75,28146.85
1779532300,R_75,28150.0544
1779532302,R_75,28149.5729
1779532304,R_75,28157.5516
1779532306,R_75,28138.9569
1779532308,R_75,28136.2968
1779532310,R_75,28137.4842
1779532312,R_75,28139.8384
1779532314,R_75,28136.9305
1779532316,R_75,28137.5153
1779532318,R_75,28142.4087
1779532320,R_75,28140.3335
1779532322,R_75,28146.2564
1779532324,R_75,28143.3735
1779532326,R_75,28144.9391
1779532328,R_75,28149.7277
1779532330,R_75,28160.0914
1779532332,R_75,28170.7063
1779532334,R_75,28169.6288
1779532336,R_75,28173.7656
1779532338,R_75,28174.9962
1779532340,R_75,28173.2769
1779532342,R_75,28179.9836
1779532344,R_75,28183.0536
1779532346,R_75,28180.8383
1779532348,R_75,28176.6303
1779532350,R_75,28173.8725
1779532352,R_75,28170.724
1779532354,R_75,28168.8661
1779532356,R_75,28169.6075
1779532358,R_75,28169.2325
1779532360,R_75,28175.3849
1779532362,R_75,28177.7142
1779532364,R_75,28175.5535
1779532366,R_75,28173.1935
1779532368,R_75,28180.6616
1779532370,R_75,28165.5814
1779532372,R_75,28169.9999
1779532374,R_75,28166.8051
1779532376,R_75,28170.7325
1779532378,R_75,28177.2832
1779532380,R_75,28183.9046
1779532382,R_75,28181.4801
1779532384,R_75,28185.7224
1779532386,R_75,28186.3491
1779532388,R_75,28179.9366
1779532390,R_75,28169.5086
1779532392,R_75,28160.6954
1779532394,R_75,28152.1034
1779532396,R_75,28156.1755
1779532398,R_75,28153.9728
1779532400,R_75,28150.6073
1779532402,R_75,28153.5456
1779532404,R_75,28146.9033
1779532406,R_75,28144.0563
1779532408,R_75,28144.8549
1779532410,R_75,28146.8757
1779532412,R_75,28148.4614
1779532414,R_75,28139.9495
1779532416,R_75,28146.1994
1779532418,R_75,28143.8932
1779532420,R_75,28143.5812
1779532422,R_75,28146.0148
1779532424,R_75,28147.8245
1779532426,R_75,28140.9666
1779532428,R_75,28139.835
1779532430,R_75,28133.0173
1779532432,R_75,28146.88
1779532434,R_75,28151.3182
1779532436,R_75,28147.6969
1779532438,R_75,28147.1116
1779532440,R_75,28144.2572
1779532442,R_75,28146.3045
1779532444,R_75,28147.2374
1779532446,R_75,28158.0091
1779532448,R_75,28157.9866
1779532450,R_75,28157.3567
1779532452,R_75,28159.4772
1779532454,R_75,28162.2067
1779532456,R_75,28156.909
1779532458,R_75,28163.88
1779532460,R_75,28165.5446
1779532462,R_75,28166.9296
1779532464,R_75,28161.6739
1779532466,R_75,28170.791
1779532468,R_75,28164.5911
1779532470,R_75,28161.0731
1779532472,R_75,28158.2675
1779532474,R_75,28160.2558
1779532476,R_75,28149.0773
1779532478,R_75,28157.8311
1779532480,R_75,28152.1657
1779532482,R_75,28152.7576
1779532484,R_75,28153.2877
1779532486,R_75,28156.8532
1779532488,R_75,28162.3483
1779532490,R_75,28160.8598
1779532492,R_75,28158.6172
1779532494,R_75,28168.5778
1779532496,R_75,28162.5571
1779532498,R_75,28170.4844
1779532500,R_75,28164.8708
1779532502,R_75,28166.6401
1779532504,R_75,28172.0697
1779532506,R_75,28172.6565
1779532508,R_75,28166.9015
1779532510,R_75,28166.0264
1779532512,R_75,28176.1185
1779532514,R_75,28176.8082
1779532516,R_75,28173.9871
1779532518,R_75,28169.3056
1779532520,R_75,28166.8709
1779532522,R_75,28167.4658
1779532524,R_75,28161.6188
1779532526,R_75,28160.5033
1779532528,R_75,28154.2238
1779532530,R_75,28150.8509
1779532532,R_75,28140.6876
1779532534,R_75,28140.2517
1779532536,R_75,28134.2119
1779532538,R_75,28130.7604
1779532540,R_75,28131.9796
1779532542,R_75,28132.8323
1779532544,R_75,28134.3071
1779532546,R_75,28130.2197
1779532548,R_75,28132.3464
1779532550,R_75,28132.9691
1779532552,R_75,28142.0749
1779532554,R_75,28142.6765
1779532556,R_75,28149.3748
1779532558,R_75,28140.3911
1779532560,R_75,28144.4816
1779532562,R_75,28151.3071
1779532564,R_75,28151.6836
1779532566,R_75,28155.4857
1779532568,R_75,28161.0296
1779532570,R_75,28160.7078
1779532572,R_75,28163.0825
1779532574,R_75,28175.0729
1779532576,R_75,28176.4904
1779532578,R_75,28182.9805
1779532580,R_75,28183.1559
1779532582,R_75,28191.3699
1779532584,R_75,28191.001
1779532586,R_75,28189.4305
1779532588,R_75,28190.2022
1779532590,R_75,28189.2832
1779532592,R_75,28186.6882
1779532594,R_75,28186.9153
1779532596,R_75,28185.3549
1779532598,R_75,28182.975
1779532600,R_75,28188.3581
1779532602,R_75,28192.2973
1779532604,R_75,28193.2686
1779532606,R_75,28193.4456
1779532608,R_75,28192.3254
1779532610,R_75,28197.6014
1779532612,R_75,28202.446
1779532614,R_75,28203.1112
1779532616,R_75,28202.317
1779532618,R_75,28199.6203
1779532620,R_75,28202.6302
1779532622,R_75,28198.1519
1779532624,R_75,28183.3631
1779532626,R_75,28183.7004
1779532628,R_75,28184.783
1779532630,R_75,28179.705
1779532632,R_75,28176.5233
1779532634,R_75,28166.4045
1779532636,R_75,28164.1846
1779532638,R_75,28167.0984
1779532640,R_75,28169.7497
1779532642,R_75,28156.6556
1779532644,R_75,28149.7563
1779532646,R_75,28153.5429
1779532648,R_75,28148.8094
1779532650,R_75,28154.7244
1779532652,R_75,28161.8296
1779532654,R_75,28160.6597
1779532656,R_75,28167.027
1779532658,R_75,28177.2127
1779532660,R_75,28182.6248
1779532662,R_75,28185.6424
1779532664,R_75,28192.654
1779532666,R_75,28184.9605
1779532668,R_75,28191.0481
1779532670,R_75,28192.4712
1779532672,R_75,28203.9384
1779532674,R_75,28201.4403
1779532676,R_75,28199.5063
1779532678,R_75,28194.8654
1779532680,R_75,28188.6937
1779532682,R_75,28197.8037
1779532684,R_75,28209.649
1779532686,R_75,28215.9355
1779532688,R_75,28219.6356
1779532690,R_75,28218.6979
1779532692,R_75,28221.571
1779532694,R_75,28223.4144
1779532696,R_75,28210.03
1779532698,R_75,28206.0549
1779532700,R_75,28210.4334
1779532702,R_75,28214.8066
1779532704,R_75,28214.0344
1779532706,R_75,28209.6584
1779532708,R_75,28206.4664
1779532710,R_75,28200.822
1779532712,R_75,28204.4491
1779532714,R_75,28204.8621
1779532716,R_75,28205.0164
1779532718,R_75,28209.3926
1779532720,R_75,28216.6026
1779532722,R_75,28219.5952
1779532724,R_75,28220.8454
1779532726,R_75,28223.8565
1779532728,R_75,28214.88
1779532730,R_75,28219.6712
1779532732,R_75,28209.9515
1779532734,R_75,28207.7933
1779532736,R_75,28203.3239
1779532738,R_75,28203.4004
1779532740,R_75,28208.0066
1779532742,R_75,28207.9583
1779532744,R_75,28203.1208
1779532746,R_75,28205.6454
1779532748,R_75,28212.4455
1779532750,R_75,28213.8527
1779532752,R_75,28209.9857
1779532754,R_75,28214.4395
1779532756,R_75,28214.4087
1779532758,R_75,28217.8392
1779532760,R_75,28217.0735
1779532762,R_75,28214.7552
1779532764,R_75,28207.0918
1779532766,R_75,28214.9735
1779532768,R_75,28220.4028
1779532770,R_75,28221.2483
1779532772,R_75,28227.3963
1779532774,R_75,28228.0665
1779532776,R_75,28224.5281
1779532778,R_75,28216.377
1779532780,R_75,28215.9005
1779532782,R_75,28212.4079
1779532784,R_75,28216.9646
1779532786,R_75,28219.0583
1779532788,R_75,28211.987
1779532790,R_75,28215.1233
1779532792,R_75,28220.6875
1779532794,R_75,28222.7116
1779532796,R_75,28215.2037
1779532798,R_75,28220.7481
1779532800,R_75,28214.4565
1779532802,R_75,28214.622
1779532804,R_75,28215.7945
1779532806,R_75,28203.9476
1779532808,R_75,28212.4204
1779532810,R_75,28223.0505
1779532812,R_75,28227.9808
1779532814,R_75,28214.5939
1779532816,R_75,28218.6696
1779532818,R_75,28223.2772
1779532820,R_75,28222.381
1779532822,R_75,28229.0263
1779532824,R_75,28224.7504
1779532826,R_75,28225.6237
1779532828,R_75,28219.0521
1779532830,R_75,28212.7034
1779532832,R_75,28205.8655
1779532834,R_75,28204.9871
1779532836,R_75,28206.9593
1779532838,R_75,28208.2924
1779532840,R_75,28211.5143
1779532842,R_75,28218.5825
1779532844,R_75,28220.5418
1779532846,R_75,28220.1017
1779532848,R_75,28223.575
1779532850,R_75,28216.1945
1779532852,R_75,28214.3337
1779532854,R_75,28221.0803
1779532856,R_75,28222.3637
1779532858,R_75,28219.8836
1779532860,R_75,28220.0215
1779532862,R_75,28223.4145
1779532864,R_75,28222.4421
1779532866,R_75,28226.1166
1779532868,R_75,28226.0704
1779532870,R_75,28228.3772
1779532872,R_75,28233.0913
1779532874,R_75,28235.249
1779532876,R_75,28238.9152
1779532878,R_75,28242.1429
1779532880,R_75,28233.8599
1779532882,R_75,28228.9893
1779532884,R_75,28227.531
1779532886,R_75,28217.587
1779532888,R_75,28217.9739
1779532890,R_75,28214.598
1779532892,R_75,28205.5439
1779532894,R_75,28202.6839
1779532896,R_75,28208.4842
1779532898,R_75,28215.3519
1779532900,R_75,28215.4061
1779532902,R_75,28218.8166
1779532904,R_75,28211.9848
1779532906,R_75,28214.1299
1779532908,R_75,28216.4625
1779532910,R_75,28220.0962
1779532912,R_75,28214.0164
1779532914,R_75,28216.7058
1779532916,R_75,28210.5062
1779532918,R_75,28206.2634
1779532920,R_75,28199.1627
1779532922,R_75,28196.1946
1779532924,R_75,28199.2678
1779532926,R_75,28196.1856
1779532928,R_75,28194.9245
1779532930,R_75,28197.7251
1779532932,R_75,28201.4882
1779532934,R_75,28198.8406
1779532936,R_75,28200.4724
1779532938,R_75,28205.1666
1779532940,R_75,28197.9541
1779532942,R_75,28195.8653
1779532944,R_75,28188.9744
1779532946,R_75,28185.0968
1779532948,R_75,28190.4461
1779532950,R_75,28199.9261
1779532952,R_75,28197.7622
1779532954,R_75,28194.2521
1779532956,R_75,28198.0622
1779532958,R_75,28203.3926
1779532960,R_75,28202.5711
1779532962,R_75,28196.578
1779532964,R_75,28195.253
1779532966,R_75,28204.4802
1779532968,R_75,28211.8567
1779532970,R_75,28222.6735
1779532972,R_75,28227.242
1779532974,R_75,28239.6713
1779532976,R_75,28234.866
1779532978,R_75,28231.9706
1779532980,R_75,28229.7002
1779532982,R_75,28220.9888
1779532984,R_75,28236.1417
1779532986,R_75,28240.5982
1779532988,R_75,28248.8487
1779532990,R_75,28239.1406
1779532992,R_75,28237.4059
1779532994,R_75,28241.5968
1779532996,R_75,28236.6561
1779532998,R_75,28238.382
1779533000,R_75,28235.4133
1779533002,R_75,28233.26
1779533004,R_75,28227.2529
1779533006,R_75,28229.4948
1779533008,R_75,28235.5142
1779533010,R_75,28234.729
1779533012,R_75,28234.8015
1779533014,R_75,28241.9055
1779533016,R_75,28240.9522
1779533018,R_75,28238.8297
1779533020,R_75,28237.5675
1779533022,R_75,28238.8726
1779533024,R_75,28235.6554
1779533026,R_75,28230.4945
1779533028,R_75,28231.5591
1779533030,R_75,28230.98
1779533032,R_75,28222.3463
1779533034,R_75,28220.1945
1779533036,R_75,28216.175
1779533038,R_75,28217.2055
1779533040,R_75,28217.4802
1779533042,R_75,28216.2262
1779533044,R_75,28222.1547
1779533046,R_75,28220.1415
1779533048,R_75,28222.8336
1779533050,R_75,28220.9642
1779533052,R_75,28222.2309
1779533054,R_75,28228.5622
1779533056,R_75,28221.3193
1779533058,R_75,28220.6308
1779533060,R_75,28223.6827
1779533062,R_75,28221.3991
1779533064,R_75,28226.4789
1779533066,R_75,28229.07
1779533068,R_75,28230.7278
1779533070,R_75,28238.3714
1779533072,R_75,28230.6173
1779533074,R_75,28234.3757
1779533076,R_75,28228.644
1779533078,R_75,28223.8863
1779533080,R_75,28220.0256
1779533082,R_75,28221.3034
1779533084,R_75,28226.8449
1779533086,R_75,28228.9246
1779533088,R_75,28237.1453
1779533090,R_75,28243.5598
1779533092,R_75,28249.2071
1779533094,R_75,28251.239
1779533096,R_75,28248.6953
1779533098,R_75,28253.1514
1779533100,R_75,28242.8387
1779533102,R_75,28232.8495
1779533104,R_75,28232.1623
1779533106,R_75,28243.236
1779533108,R_75,28249.1203
1779533110,R_75,28251.6276
1779533112,R_75,28247.5446
1779533114,R_75,28246.0232
1779533116,R_75,28237.2777
1779533118,R_75,28228.3298
1779533120,R_75,28220.5029
1779533122,R_75,28212.6893
1779533124,R_75,28199.1038
1779533126,R_75,28199.6568
1779533128,R_75,28201.6975
1779533130,R_75,28208.1043
1779533132,R_75,28195.8893
1779533134,R_75,28200.0442
1779533136,R_75,28212.4496
1779533138,R_75,28210.3268
1779533140,R_75,28204.9255
1779533142,R_75,28203.8134
1779533144,R_75,28203.5716
1779533146,R_75,28205.8604
1779533148,R_75,28208.351
1779533150,R_75,28216.0817
1779533152,R_75,28207.915
1779533154,R_75,28218.3138
1779533156,R_75,28222.5176
1779533158,R_75,28215.8853
1779533160,R_75,28219.0084
1779533162,R_75,28222.3843
1779533164,R_75,28214.8467
1779533166,R_75,28207.9224
1779533168,R_75,28196.6999
1779533170,R_75,28194.7548
1779533172,R_75,28191.7422
1779533174,R_75,28193.5428
1779533176,R_75,28194.2093
1779533178,R_75,28195.2555
1779533180,R_75,28189.9261
1779533182,R_75,28189.2814
1779533184,R_75,28191.1885
1779533186,R_75,28191.2377
1779533188,R_75,28192.2434
1779533190,R_75,28189.3051
1779533192,R_75,28192.2854
1779533194,R_75,28195.8945
1779533196,R_75,28193.9189
1779533198,R_75,28181.2703
1779533200,R_75,28179.2202
1779533202,R_75,28182.5445
1779533204,R_75,28198.2226
1779533206,R_75,28198.8623
1779533208,R_75,28206.1637
1779533210,R_75,28206.0327
1779533212,R_75,28204.8212
1779533214,R_75,28200.8496
1779533216,R_75,28203.8267
1779533218,R_75,28205.2024
1779533220,R_75,28216.1914
1779533222,R_75,28214.2233
1779533224,R_75,28213.5462
1779533226,R_75,28208.4265
1779533228,R_75,28210.2213
1779533230,R_75,28212.2711
1779533232,R_75,28212.193
1779533234,R_75,28216.0131
1779533236,R_75,28217.4156
1779533238,R_75,28224.7717
1779533240,R_75,28219.8523
1779533242,R_75,28224.3118
1779533244,R_75,28220.4767
1779533246,R_75,28223.0322
1779533248,R_75,28216.2634
1779533250,R_75,28217.556
1779533252,R_75,28222.3124
1779533254,R_75,28234.7594
1779533256,R_75,28233.6455
1779533258,R_75,28220.7465
1779533260,R_75,28224.0987
1779533262,R_75,28221.7207
1779533264,R_75,28221.3232
1779533266,R_75,28220.8874
1779533268,R_75,28217.1802
1779533270,R_75,28226.9219
1779533272,R_75,28237.4989
1779533274,R_75,28244.5712
1779533276,R_75,28243.9286
1779533278,R_75,28238.8333
1779533280,R_75,28240.6509
1779533282,R_75,28241.6805
1779533284,R_75,28238.3113
1779533286,R_75,28241.2892
1779533288,R_75,28244.96
1779533290,R_75,28243.5272
1779533292,R_75,28244.4965
1779533294,R_75,28241.161
1779533296,R_75,28239.0244
1779533298,R_75,28237.2757
1779533300,R_75,28231.4405
1779533302,R_75,28228.0257
1779533304,R_75,28226.5433
1779533306,R_75,28230.9995
1779533308,R_75,28231.9533
1779533310,R_75,28225.8751
1779533312,R_75,28225.0149
1779533314,R_75,28226.1624
1779533316,R_75,28220.0084
1779533318,R_75,28220.3991
1779533320,R_75,28222.6377
1779533322,R_75,28221.023
1779533324,R_75,28218.8982
1779533326,R_75,28219.1858
1779533328,R_75,28219.2986
1779533330,R_75,28205.0728
1779533332,R_75,28202.5966
1779533334,R_75,28202.0615
1779533336,R_75,28197.2692
1779533338,R_75,28188.6109
1779533340,R_75,28184.5429
1779533342,R_75,28185.058
1779533344,R_75,28192.5876
1779533346,R_75,28199.6651
1779533348,R_75,28195.4231
1779533350,R_75,28185.9513
1779533352,R_75,28184.2733
1779533354,R_75,28185.6326
1779533356,R_75,28187.5694
1779533358,R_75,28189.4378
1779533360,R_75,28189.3822
1779533362,R_75,28187.2019
1779533364,R_75,28182.818
1779533366,R_75,28189.1879
1779533368,R_75,28188.2328
1779533370,R_75,28203.21
1779533372,R_75,28205.4787
1779533374,R_75,28200.5433
1779533376,R_75,28207.3812
1779533378,R_75,28211.6898
1779533380,R_75,28208.3822
1779533382,R_75,28208.6138
1779533384,R_75,28199.6526
1779533386,R_75,28195.0885
1779533388,R_75,28187.7447
1779533390,R_75,28186.0887
1779533392,R_75,28187.677
1779533394,R_75,28178.4019
1779533396,R_75,28177.1262
1779533398,R_75,28166.6962
1779533400,R_75,28160.8984
1779533402,R_75,28154.1653
1779533404,R_75,28149.2579
1779533406,R_75,28155.6327
1779533408,R_75,28150.8982
1779533410,R_75,28154.6474
1779533412,R_75,28160.0111
1779533414,R_75,28159.0698
1779533416,R_75,28166.1162
1779533418,R_75,28159.564
1779533420,R_75,28160.7365
1779533422,R_75,28156.8077
1779533424,R_75,28165.2223
1779533426,R_75,28160.9997
1779533428,R_75,28169.5032
1779533430,R_75,28167.9178
1779533432,R_75,28171.7184
1779533434,R_75,28161.0173
1779533436,R_75,28147.8959
1779533438,R_75,28160.1662
1779533440,R_75,28156.6325
1779533442,R_75,28162.8231
1779533444,R_75,28158.893
1779533446,R_75,28161.8167
1779533448,R_75,28172.1764
1779533450,R_75,28167.9726
1779533452,R_75,28166.2287
1779533454,R_75,28165.4769
1779533456,R_75,28163.7883
1779533458,R_75,28165.2914
1779533460,R_75,28169.9267
1779533462,R_75,28186.9188
1779533464,R_75,28192.7422
1779533466,R_75,28191.9385
1779533468,R_75,28184.7765
1779533470,R_75,28190.0726
1779533472,R_75,28190.3077
1779533474,R_75,28185.0953
1779533476,R_75,28179.5106
1779533478,R_75,28178.1673
1779533480,R_75,28184.1651
1779533482,R_75,28183.7879
1779533484,R_75,28178.9726
1779533486,R_75,28173.1628
1779533488,R_75,28163.2175
1779533490,R_75,28156.9794
1779533492,R_75,28157.3364
1779533494,R_75,28148.0486
1779533496,R_75,28156.8197
1779533498,R_75,28152.3429
1779533500,R_75,28154.3998
1779533502,R_75,28156.0801
1779533504,R_75,28154.2635
1779533506,R_75,28156.8961
1779533508,R_75,28162.3212
1779533510,R_75,28166.2156
1779533512,R_75,28162.2585
1779533514,R_75,28158.5892
1779533516,R_75,28153.1182
1779533518,R_75,28151.8273
1779533520,R_75,28144.1422
1779533522,R_75,28150.9211
1779533524,R_75,28142.1421
1779533526,R_75,28138.0154
1779533528,R_75,28134.0631
1779533530,R_75,28129.6487
1779533532,R_75,28126.7154
1779533534,R_75,28125.5738
1779533536,R_75,28131.5034
1779533538,R_75,28128.6723
1779533540,R_75,28136.0758
1779533542,R_75,28135.2055
1779533544,R_75,28129.177
1779533546,R_75,28123.1889
1779533548,R_75,28128.7087
1779533550,R_75,28130.8582
1779533552,R_75,28127.3416
1779533554,R_75,28130.0441
1779533556,R_75,28131.891
1779533558,R_75,28131.4867
1779533560,R_75,28140.4991
1779533562,R_75,28134.1622
1779533564,R_75,28137.551
1779533566,R_75,28132.501
1779533568,R_75,28130.2284
1779533570,R_75,28119.9903
1779533572,R_75,28118.843
1779533574,R_75,28111.5456
1779533576,R_75,28108.6894
1779533578,R_75,28106.4754
1779533580,R_75,28099.4764
1779533582,R_75,28099.7055
1779533584,R_75,28097.4514
1779533586,R_75,28097.6798
1779533588,R_75,28099.0082
1779533590,R_75,28105.9192
1779533592,R_75,28102.639
1779533594,R_75,28106.3027
1779533596,R_75,28098.6316
1779533598,R_75,28104.8253
1779533600,R_75,28114.0588
1779533602,R_75,28119.8824
1779533604,R_75,28124.8219
1779533606,R_75,28119.828
1779533608,R_75,28115.2046
1779533610,R_75,28111.8544
1779533612,R_75,28116.2025
1779533614,R_75,28116.3244
1779533616,R_75,28133.0348
1779533618,R_75,28136.9138
1779533620,R_75,28133.7641
1779533622,R_75,28129.9487
1779533624,R_75,28141.4152
1779533626,R_75,28137.476
1779533628,R_75,28135.9351
1779533630,R_75,28138.8336
1779533632,R_75,28142.5355
1779533634,R_75,28152.4655
1779533636,R_75,28153.7351
1779533638,R_75,28153.8542
1779533640,R_75,28149.8748
1779533642,R_75,28155.0974
1779533644,R_75,28142.7913
1779533646,R_75,28146.0275
1779533648,R_75,28145.281
1779533650,R_75,28154.798
1779533652,R_75,28150.3124
1779533654,R_75,28145.1275
1779533656,R_75,28137.3242
1779533658,R_75,28140.1688
1779533660,R_75,28134.4221
1779533662,R_75,28133.9292
1779533664,R_75,28123.117
1779533666,R_75,28114.7077
1779533668,R_75,28113.2537
1779533670,R_75,28111.3983
1779533672,R_75,28115.9944
1779533674,R_75,28107.1575
1779533676,R_75,28100.0567
1779533678,R_75,28087.9834
1779533680,R_75,28087.9561
1779533682,R_75,28089.2002
1779533684,R_75,28090.6469
1779533686,R_75,28084.5047
1779533688,R_75,28082.5051
1779533690,R_75,28087.2022
1779533692,R_75,28093.5668
1779533694,R_75,28095.5223
1779533696,R_75,28100.3344
1779533698,R_75,28114.3267
1779533700,R_75,28121.104
1779533702,R_75,28125.6409
1779533704,R_75,28123.7991
1779533706,R_75,28123.5795
1779533708,R_75,28117.612
1779533710,R_75,28117.0231
1779533712,R_75,28115.7133
1779533714,R_75,28113.7937
1779533716,R_75,28104.0057
1779533718,R_75,28094.9381
1779533720,R_75,28091.9357
1779533722,R_75,28099.0494
1779533724,R_75,28108.8072
1779533726,R_75,28113.9401
1779533728,R_75,28115.2651
1779533730,R_75,28121.6892
1779533732,R_75,28116.1925
1779533734,R_75,28118.6728
1779533736,R_75,28112.7655
1779533738,R_75,28105.1672
1779533740,R_75,28109.6264
1779533742,R_75,28111.3193
1779533744,R_75,28106.9836
1779533746,R_75,28107.7356
1779533748,R_75,28109.3326
1779533750,R_75,28109.9269
1779533752,R_75,28108.4381
1779533754,R_75,28107.7923
1779533756,R_75,28113.0284
1779533758,R_75,28110.3647
1779533760,R_75,28106.6036
1779533762,R_75,28104.8568
1779533764,R_75,28110.0587
1779533766,R_75,28106.7755
1779533768,R_75,28095.37
1779533770,R_75,28081.7415
1779533772,R_75,28076.3693
1779533774,R_75,28079.9094
1779533776,R_75,28069.1293
1779533778,R_75,28065.277
1779533780,R_75,28062.7155
1779533782,R_75,28064.8725
1779533784,R_75,28057.3741
1779533786,R_75,28058.6821
1779533788,R_75,28050.1349
1779533790,R_75,28054.7832
1779533792,R_75,28052.4096
1779533794,R_75,28050.6864
1779533796,R_75,28057.8312
1779533798,R_75,28052.6635
1779533800,R_75,28040.4125
1779533802,R_75,28041.1588
1779533804,R_75,28039.9327
1779533806,R_75,28036.9652
1779533808,R_75,28033.0932
1779533810,R_75,28030.2972
1779533812,R_75,28031.0432
1779533814,R_75,28033.789
1779533816,R_75,28035.3219
1779533818,R_75,28035.1732
1779533820,R_75,28036.9752
1779533822,R_75,28046.8547
1779533824,R_75,28045.0377
1779533826,R_75,28034.6908
1779533828,R_75,28025.2276
1779533830,R_75,28030.7248
1779533832,R_75,28034.3119
1779533834,R_75,28039.4423
1779533836,R_75,28038.6536
1779533838,R_75,28038.5872
1779533840,R_75,28039.2309
1779533842,R_75,28040.0884
1779533844,R_75,28044.6661
1779533846,R_75,28043.7452
1779533848,R_75,28044.604
1779533850,R_75,28047.5368
1779533852,R_75,28041.1286
1779533854,R_75,28044.8274
1779533856,R_75,28040.6468
1779533858,R_75,28044.6398
1779533860,R_75,28047.1221
1779533862,R_75,28057.554
1779533864,R_75,28051.3709
1779533866,R_75,28051.6221
1779533868,R_75,28051.6362
1779533870,R_75,28050.9643
1779533872,R_75,28067.5249
1779533874,R_75,28070.6601
1779533876,R_75,28061.0447
1779533878,R_75,28065.7866
1779533880,R_75,28062.459
1779533882,R_75,28064.7862
1779533884,R_75,28071.4565
1779533886,R_75,28068.2577
1779533888,R_75,28066.2728
1779533890,R_75,28061.1535
1779533892,R_75,28073.1163
1779533894,R_75,28072.3533
1779533896,R_75,28076.4417
1779533898,R_75,28074.3413
1779533900,R_75,28070.3126
1779533902,R_75,28062.4023
1779533904,R_75,28061.5451
1779533906,R_75,28060.7427
1779533908,R_75,28069.5848
1779533910,R_75,28069.0175
1779533912,R_75,28074.0618
1779533914,R_75,28076.9595
1779533916,R_75,28067.1548
1779533918,R_75,28070.0816
1779533920,R_75,28067.2404
1779533922,R_75,28069.0234
1779533924,R_75,28066.3064
1779533926,R_75,28070.0832
1779533928,R_75,28075.1222
1779533930,R_75,28079.3066
1779533932,R_75,28075.4219
1779533934,R_75,28082.6138
1779533936,R_75,28080.3902
1779533938,R_75,28078.8462
1779533940,R_75,28075.9273
1779533942,R_75,28077.2015
1779533944,R_75,28076.7458
1779533946,R_75,28076.0714
1779533948,R_75,28084.3887
1779533950,R_75,28075.032
1779533952,R_75,28073.3539
1779533954,R_75,28083.3693
1779533956,R_75,28089.5854
1779533958,R_75,28098.761
1779533960,R_75,28104.115
1779533962,R_75,28101.2309
1779533964,R_75,28102.8133
1779533966,R_75,28101.5469
1779533968,R_75,28099.9843
1779533970,R_75,28099.5588
1779533972,R_75,28100.8349
1779533974,R_75,28111.324
1779533976,R_75,28114.6806
1779533978,R_75,28119.1279
1779533980,R_75,28120.8483
1779533982,R_75,28122.8586
1779533984,R_75,28109.3498
1779533986,R_75,28109.3014
1779533988,R_75,28109.9811
1779533990,R_75,28097.1789
1779533992,R_75,28092.1834
1779533994,R_75,28080.6378
1779533996,R_75,28079.2384
1779533998,R_75,28078.0214
1779534000,R_75,28085.3747
1779534002,R_75,28079.7863
1779534004,R_75,28074.9494
1779534006,R_75,28070.5689
1779534008,R_75,28077.2581
1779534010,R_75,28082.4385
1779534012,R_75,28091.62
1779534014,R_75,28098.3938
1779534016,R_75,28104.1179
1779534018,R_75,28108.3596
1779534020,R_75,28114.6412
1779534022,R_75,28119.1596
1779534024,R_75,28117.0178
1779534026,R_75,28109.7429
1779534028,R_75,28098.7274
1779534030,R_75,28095.7841
1779534032,R_75,28085.2212
1779534034,R_75,28095.1701
1779534036,R_75,28091.6343
1779534038,R_75,28088.191
1779534040,R_75,28083.4294
1779534042,R_75,28083.2305
1779534044,R_75,28079.0475
1779534046,R_75,28076.9768
1779534048,R_75,28077.0205
1779534050,R_75,28072.8107
1779534052,R_75,28071.4738
1779534054,R_75,28075.1867
1779534056,R_75,28085.8253
1779534058,R_75,28096.042
1779534060,R_75,28096.3156
1779534062,R_75,28101.7433
1779534064,R_75,28100.0651
1779534066,R_75,28101.3299
1779534068,R_75,28102.1055
1779534070,R_75,28104.3072
1779534072,R_75,28104.5965
1779534074,R_75,28104.9082
1779534076,R_75,28105.7451
1779534078,R_75,28104.5662
1779534080,R_75,28108.8012
1779534082,R_75,28110.0564
1779534084,R_75,28117.3203
1779534086,R_75,28113.9468
1779534088,R_75,28111.8302
1779534090,R_75,28113.9588
1779534092,R_75,28112.2839
1779534094,R_75,28118.7347
1779534096,R_75,28114.7726
1779534098,R_75,28115.6543
1779534100,R_75,28121.0058
1779534102,R_75,28128.412
1779534104,R_75,28137.0983
1779534106,R_75,28135.4117
1779534108,R_75,28147.3508
1779534110,R_75,28147.7189
1779534112,R_75,28147.2277
1779534114,R_75,28150.64
1779534116,R_75,28146.4601
1779534118,R_75,28145.3485
1779534120,R_75,28140.8163
1779534122,R_75,28139.7132
1779534124,R_75,28130.8797
1779534126,R_75,28135.6498
1779534128,R_75,28136.6051
1779534130,R_75,28149.9028
1779534132,R_75,28154.2982
1779534134,R_75,28159.2619
1779534136,R_75,28156.5182
1779534138,R_75,28162.7984
1779534140,R_75,28170.7621
1779534142,R_75,28158.7585
1779534144,R_75,28153.6123
1779534146,R_75,28163.1026
1779534148,R_75,28166.8638
1779534150,R_75,28174.6551
1779534152,R_75,28173.8796
1779534154,R_75,28171.4189
1779534156,R_75,28170.1333
1779534158,R_75,28166.8314
1779534160,R_75,28165.1326
1779534162,R_75,28160.7234
1779534164,R_75,28170.7197
1779534166,R_75,28168.9732
1779534168,R_75,28172.0826
1779534170,R_75,28168.1237
1779534172,R_75,28168.9382
1779534174,R_75,28168.3338
1779534176,R_75,28164.3789
1779534178,R_75,28166.4854
1779534180,R_75,28163.0599
1779534182,R_75,28172.3715
1779534184,R_75,28168.5189
1779534186,R_75,28171.2107
1779534188,R_75,28175.6608
1779534190,R_75,28184.7669
1779534192,R_75,28178.3425
1779534194,R_75,28177.3985
1779534196,R_75,28173.2753
1779534198,R_75,28181.1189
1779534200,R_75,28172.9846
1779534202,R_75,28172.5613
1779534204,R_75,28176.4254
1779534206,R_75,28182.5896
1779534208,R_75,28192.3742
1779534210,R_75,28194.9365
1779534212,R_75,28207.0753
1779534214,R_75,28203.2508
1779534216,R_75,28205.2714
1779534218,R_75,28210.1172
1779534220,R_75,28210.6384
1779534222,R_75,28209.1429
1779534224,R_75,28200.8726
1779534226,R_75,28193.5838
1779534228,R_75,28188.272
1779534230,R_75,28188.8176
1779534232,R_75,28190.5834
1779534234,R_75,28189.902
1779534236,R_75,28193.1588
1779534238,R_75,28192.785
1779534240,R_75,28184.3601
1779534242,R_75,28180.8722
1779534244,R_75,28173.3114
1779534246,R_75,28169.5842
1779534248,R_75,28171.0651
1779534250,R_75,28173.1755
1779534252,R_75,28172.2806
1779534254,R_75,28166.7249
1779534256,R_75,28165.2472
1779534258,R_75,28164.3805
1779534260,R_75,28167.8169
1779534262,R_75,28158.7888
1779534264,R_75,28160.4424
1779534266,R_75,28147.3295
1779534268,R_75,28151.4407
1779534270,R_75,28148.4231
1779534272,R_75,28146.6599
1779534274,R_75,28152.567
1779534276,R_75,28155.5825
1779534278,R_75,28150.9501
1779534280,R_75,28160.1203
1779534282,R_75,28159.324
1779534284,R_75,28158.6378
1779534286,R_75,28153.7806
1779534288,R_75,28150.1078
1779534290,R_75,28135.4126
1779534292,R_75,28140.1417
1779534294,R_75,28142.8751
1779534296,R_75,28147.3049
1779534298,R_75,28147.2126
1779534300,R_75,28134.415
1779534302,R_75,28129.8048
1779534304,R_75,28128.1841
1779534306,R_75,28121.1133
1779534308,R_75,28120.6211
1779534310,R_75,28119.9254
1779534312,R_75,28115.0386
1779534314,R_75,28113.8439
1779534316,R_75,28108.4542
1779534318,R_75,28101.2209
1779534320,R_75,28093.7512
1779534322,R_75,28098.044
1779534324,R_75,28097.267
1779534326,R_75,28094.014
1779534328,R_75,28089.436
1779534330,R_75,28077.1
1779534332,R_75,28073.6645
1779534334,R_75,28072.6528
1779534336,R_75,28079.9887
1779534338,R_75,28083.6532
1779534340,R_75,28074.778
1779534342,R_75,28068.8794
1779534344,R_75,28072.45
1779534346,R_75,28082.8787
1779534348,R_75,28078.7335
1779534350,R_75,28080.7575
1779534352,R_75,28065.1482
1779534354,R_75,28061.7862
1779534356,R_75,28056.1869
1779534358,R_75,28056.5309
1779534360,R_75,28047.751
1779534362,R_75,28050.3995
1779534364,R_75,28045.7742
1779534366,R_75,28037.0238
1779534368,R_75,28038.2252
1779534370,R_75,28032.2306
1779534372,R_75,28031.3257
1779534374,R_75,28028.7193
1779534376,R_75,28024.8159
1779534378,R_75,28013.621
1779534380,R_75,28010.0743
1779534382,R_75,28003.0145
1779534384,R_75,28002.1331
1779534386,R_75,27992.9739
1779534388,R_75,27996.1765
1779534390,R_75,27994.597
1779534392,R_75,27993.031
1779534394,R_75,28000.614
1779534396,R_75,28002.3579
1779534398,R_75,27998.3081
1779534400,R_75,27997.7594
1779534402,R_75,27997.9734
1779534404,R_75,27998.259
1779534406,R_75,27996.6614
1779534408,R_75,27990.3567
1779534410,R_75,27987.0788
1779534412,R_75,27986.2009
1779534414,R_75,27985.757
1779534416,R_75,27983.7937
1779534418,R_75,27990.7907
1779534420,R_75,27986.7612
1779534422,R_75,27986.6072
1779534424,R_75,27989.2975
1779534426,R_75,27993.5691
1779534428,R_75,27994.1146
1779534430,R_75,28000.3754
1779534432,R_75,28003.5494
1779534434,R_75,27997.1802
1779534436,R_75,27997.6885
1779534438,R_75,28001.734
1779534440,R_75,28011.6412
1779534442,R_75,28009.9591
1779534444,R_75,28010.111
1779534446,R_75,28008.8024
1779534448,R_75,28015.3891
1779534450,R_75,28025.1163
1779534452,R_75,28026.8746
1779534454,R_75,28034.9543
1779534456,R_75,28032.9454
1779534458,R_75,28033.0329
1779534460,R_75,28040.1575
1779534462,R_75,28049.8555
1779534464,R_75,28049.3013
1779534466,R_75,28048.9861
1779534468,R_75,28046.895
1779534470,R_75,28043.5226
1779534472,R_75,28041.2597
1779534474,R_75,28038.2334
1779534476,R_75,28036.9002
1779534478,R_75,28042.7324
1779534480,R_75,28040.6451
1779534482,R_75,28038.9361
1779534484,R_75,28032.4291
1779534486,R_75,28027.4916
1779534488,R_75,28028.3673
1779534490,R_75,28019.9485
1779534492,R_75,28018.7984
1779534494,R_75,28021.3504
1779534496,R_75,28021.5487
1779534498,R_75,28019.632
1779534500,R_75,28015.7113
1779534502,R_75,28009.9977
1779534504,R_75,28009.5525
1779534506,R_75,28017.8145
1779534508,R_75,28012.0699
1779534510,R_75,28015.738
1779534512,R_75,28015.6594
1779534514,R_75,28015.2929
1779534516,R_75,28017.5475
1779534518,R_75,28018.1779
1779534520,R_75,28009.8222
1779534522,R_75,28012.2387
1779534524,R_75,28010.1422
1779534526,R_75,28007.68
1779534528,R_75,28010.5811
1779534530,R_75,28007.8279
1779534532,R_75,28007.8622
1779534534,R_75,28005.6602
1779534536,R_75,28014.4518
1779534538,R_75,28004.2018
1779534540,R_75,28006.848
1779534542,R_75,28008.1996
1779534544,R_75,28005.7887
1779534546,R_75,27997.7093
1779534548,R_75,27986.1334
1779534550,R_75,27991.6408
1779534552,R_75,27990.8597
1779534554,R_75,27996.3723
1779534556,R_75,27996.1244
1779534558,R_75,27997.6514
1779534560,R_75,27996.4108
1779534562,R_75,28004.3413
1779534564,R_75,28004.7945
1779534566,R_75,28001.2105
1779534568,R_75,28005.0019
1779534570,R_75,27994.8205
1779534572,R_75,27986.7356
1779534574,R_75,27989.0525
1779534576,R_75,27986.1313
1779534578,R_75,27982.5489
1779534580,R_75,27988.4013
1779534582,R_75,27999.3413
1779534584,R_75,28003.568
1779534586,R_75,28005.4157
1779534588,R_75,28002.9415
1779534590,R_75,28007.0085
1779534592,R_75,27999.3514
1779534594,R_75,28002.8999
1779534596,R_75,28010.4981
1779534598,R_75,28008.113
1779534600,R_75,28009.2094
1779534602,R_75,28008.3702
1779534604,R_75,28013.9944
1779534606,R_75,28008.8416
1779534608,R_75,28012.9978
1779534610,R_75,28008.5321
1779534612,R_75,28007.8713
1779534614,R_75,28014.0798
1779534616,R_75,28019.8932
1779534618,R_75,28013.4413
1779534620,R_75,28012.616
1779534622,R_75,28013.1367
1779534624,R_75,28013.0239
1779534626,R_75,28008.2793
1779534628,R_75,28009.0121
1779534630,R_75,28007.758
1779534632,R_75,28000.5425
1779534634,R_75,27996.9173
1779534636,R_75,27997.6336
1779534638,R_75,27993.5205
1779534640,R_75,27998.9057
1779534642,R_75,27994.4434
1779534644,R_75,27997.4904
1779534646,R_75,27991.8754
1779534648,R_75,27990.6551
1779534650,R_75,27986.7589
1779534652,R_75,27999.1008
1779534654,R_75,27994.1868
1779534656,R_75,27992.0474
1779534658,R_75,27986.4532
1779534660,R_75,27984.431
1779534662,R_75,27985.1814
1779534664,R_75,27992.4466
1779534666,R_75,27991.9293
1779534668,R_75,27989.3586
1779534670,R_75,27992.597
1779534672,R_75,27982.0023
1779534674,R_75,27984.6862
1779534676,R_75,27987.3614
1779534678,R_75,27983.7378
1779534680,R_75,27985.7496
1779534682,R_75,27993.9308
1779534684,R_75,27993.4116
1779534686,R_75,27993.2812
1779534688,R_75,27995.5824
1779534690,R_75,27996.7711
1779534692,R_75,27999.8743
1779534694,R_75,27993.5715
1779534696,R_75,27998.1611
1779534698,R_75,28000.9414
1779534700,R_75,28006.6733
1779534702,R_75,28010.2144
1779534704,R_75,28006.7169
1779534706,R_75,28005.6733
1779534708,R_75,28002.5345
1779534710,R_75,28002.198
1779534712,R_75,27999.7513
1779534714,R_75,28000.3129
1779534716,R_75,28001.1038
1779534718,R_75,27999.1019
1779534720,R_75,27989.9814
1779534722,R_75,27986.9438
1779534724,R_75,27991.5757
1779534726,R_75,27988.804
1779534728,R_75,27986.9895
1779534730,R_75,27990.533
1779534732,R_75,27992.8742
1779534734,R_75,27987.6763
1779534736,R_75,27993.5705
1779534738,R_75,27986.5672
1779534740,R_75,27978.1877
1779534742,R_75,27975.1971
1779534744,R_75,27968.6989
1779534746,R_75,27970.943
1779534748,R_75,27971.1377
1779534750,R_75,27977.7295
1779534752,R_75,27984.6705
1779534754,R_75,27983.9411
1779534756,R_75,27982.9268
1779534758,R_75,27983.5296
1779534760,R_75,27974.1186
1779534762,R_75,27975.8611
1779534764,R_75,27982.0774
1779534766,R_75,27971.8783
1779534768,R_75,27979.3655
1779534770,R_75,27977.8835
1779534772,R_75,27975.3799
1779534774,R_75,27976.9249
1779534776,R_75,27965.2981
1779534778,R_75,27960.1834
1779534780,R_75,27955.1622
1779534782,R_75,27949.5964
1779534784,R_75,27937.5359
1779534786,R_75,27939.1288
1779534788,R_75,27943.3578
1779534790,R_75,27946.546
1779534792,R_75,27953.9136
1779534794,R_75,27951.2736
1779534796,R_75,27949.2512
1779534798,R_75,27947.9831
1779534800,R_75,27951.5527
1779534802,R_75,27947.2863
1779534804,R_75,27949.6214
1779534806,R_75,27949.74
1779534808,R_75,27956.0847
1779534810,R_75,27959.0225
1779534812,R_75,27955.6634
1779534814,R_75,27965.7402
1779534816,R_75,27959.2879
1779534818,R_75,27956.6894
1779534820,R_75,27958.12
1779534822,R_75,27958.2967
1779534824,R_75,27955.0186
1779534826,R_75,27945.8063
1779534828,R_75,27947.8374
1779534830,R_75,27949.3062
1779534832,R_75,27942.0938
1779534834,R_75,27938.0768
1779534836,R_75,27946.4459
1779534838,R_75,27943.8532
1779534840,R_75,27941.2711
1779534842,R_75,27940.8306
1779534844,R_75,27940.7366
1779534846,R_75,27938.5804
1779534848,R_75,27934.9898
1779534850,R_75,27931.2632
1779534852,R_75,27921.9332
1779534854,R_75,27925.2439
1779534856,R_75,27929.9731
1779534858,R_75,27935.802
1779534860,R_75,27937.5563
1779534862,R_75,27929.4128
1779534864,R_75,27931.4224
1779534866,R_75,27931.2965
1779534868,R_75,27918.1543
1779534870,R_75,27914.2254
1779534872,R_75,27918.1696
1779534874,R_75,27924.4205
1779534876,R_75,27931.6148
1779534878,R_75,27929.6336
1779534880,R_75,27927.6655
1779534882,R_75,27924.4841
1779534884,R_75,27916.4804
1779534886,R_75,27906.7779
1779534888,R_75,27912.1143
1779534890,R_75,27911.2878
1779534892,R_75,27906.7815
1779534894,R_75,27906.313
1779534896,R_75,27909.6285
1779534898,R_75,27908.6628
1779534900,R_75,27920.8744
1779534902,R_75,27929.9186
1779534904,R_75,27933.9562
1779534906,R_75,27934.9785
1779534908,R_75,27937.7214
1779534910,R_75,27937.3408
1779534912,R_75,27936.344
1779534914,R_75,27932.4796
1779534916,R_75,27932.6344
1779534918,R_75,27938.9031
1779534920,R_75,27942.4779
1779534922,R_75,27950.9455
1779534924,R_75,27954.3265
1779534926,R_75,27959.3493
1779534928,R_75,27953.1669
1779534930,R_75,27955.1678
1779534932,R_75,27967.0864
1779534934,R_75,27964.3959
1779534936,R_75,27965.7176
1779534938,R_75,27965.7746
1779534940,R_75,27957.2471
1779534942,R_75,27956.0242
1779534944,R_75,27953.367
1779534946,R_75,27957.4707
1779534948,R_75,27955.6733
1779534950,R_75,27950.0389
1779534952,R_75,27951.8894
1779534954,R_75,27950.0859
1779534956,R_75,27951.8907
1779534958,R_75,27958.0192
1779534960,R_75,27951.0692
1779534962,R_75,27958.2113
1779534964,R_75,27950.5486
1779534966,R_75,27945.3038
1779534968,R_75,27939.0562
1779534970,R_75,27939.7936
1779534972,R_75,27952.7963
1779534974,R_75,27935.9256
1779534976,R_75,27932.7345
1779534978,R_75,27929.7609
1779534980,R_75,27931.2665
1779534982,R_75,27935.6838
1779534984,R_75,27923.7389
1779534986,R_75,27931.2121
1779534988,R_75,27927.5465
1779534990,R_75,27915.4154
1779534992,R_75,27919.5421
1779534994,R_75,27912.862
1779534996,R_75,27907.555
1779534998,R_75,27906.004
1779535000,R_75,27906.107
1779535002,R_75,27910.5351
1779535004,R_75,27916.2419
1779535006,R_75,27933.8513
1779535008,R_75,27935.1593
1779535010,R_75,27939.6827
1779535012,R_75,27939.1251
1779535014,R_75,27924.3427
1779535016,R_75,27925.2193
1779535018,R_75,27919.9148
1779535020,R_75,27924.1025
1779535022,R_75,27920.0694
1779535024,R_75,27921.5516
1779535026,R_75,27927.0732
1779535028,R_75,27924.2609
1779535030,R_75,27923.7829
1779535032,R_75,27921.7815
1779535034,R_75,27919.9466
1779535036,R_75,27917.6189
1779535038,R_75,27912.2631
1779535040,R_75,27907.7243
1779535042,R_75,27905.9784
1779535044,R_75,27897.4055
1779535046,R_75,27896.7599
1779535048,R_75,27903.1028
1779535050,R_75,27902.5969
1779535052,R_75,27903.6306
1779535054,R_75,27905.8588
1779535056,R_75,27908.3918
1779535058,R_75,27908.511
1779535060,R_75,27901.1099
1779535062,R_75,27910.7177
1779535064,R_75,27920.8969
1779535066,R_75,27919.9781
1779535068,R_75,27919.3131
1779535070,R_75,27920.8285
1779535072,R_75,27924.315
1779535074,R_75,27927.4287
1779535076,R_75,27918.3889
1779535078,R_75,27922.3612
1779535080,R_75,27929.1734
1779535082,R_75,27932.3065
1779535084,R_75,27924.9184
1779535086,R_75,27926.5806
1779535088,R_75,27930.2265
1779535090,R_75,27920.1553
1779535092,R_75,27913.9925
1779535094,R_75,27909.9753
1779535096,R_75,27918.4463
1779535098,R_75,27914.5439
1779535100,R_75,27905.5373
1779535102,R_75,27910.3494
1779535104,R_75,27916.2059
1779535106,R_75,27912.9269
1779535108,R_75,27910.9842
1779535110,R_75,27912.7758
1779535112,R_75,27923.9371
1779535114,R_75,27916.6639
1779535116,R_75,27922.1606
1779535118,R_75,27916.751
1779535120,R_75,27920.7425
1779535122,R_75,27918.2339
1779535124,R_75,27920.3393
1779535126,R_75,27920.522
1779535128,R_75,27920.6723
1779535130,R_75,27917.3735
1779535132,R_75,27915.2321
1779535134,R_75,27917.1912
1779535136,R_75,27914.2896
1779535138,R_75,27910.1547
1779535140,R_75,27907.3663
1779535142,R_75,27897.1271
1779535144,R_75,27892.9943
1779535146,R_75,27902.2051
1779535148,R_75,27905.9706
1779535150,R_75,27896.8499
1779535152,R_75,27904.9923
1779535154,R_75,27910.2972
1779535156,R_75,27916.8842
1779535158,R_75,27914.43
1779535160,R_75,27916.3929
1779535162,R_75,27915.0438
1779535164,R_75,27915.1023
1779535166,R_75,27909.6146
1779535168,R_75,27913.0154
1779535170,R_75,27914.6645
1779535172,R_75,27916.286
1779535174,R_75,27926.2273
1779535176,R_75,27907.3473
1779535178,R_75,27907.133
1779535180,R_75,27912.3007
1779535182,R_75,27913.1587
1779535184,R_75,27908.0176
1779535186,R_75,27909.7507
1779535188,R_75,27916.4579
1779535190,R_75,27909.6321
1779535192,R_75,27906.262
1779535194,R_75,27903.7376
1779535196,R_75,27905.8471
1779535198,R_75,27901.8748
1779535200,R_75,27903.8013
1779535202,R_75,27901.8775
1779535204,R_75,27901.5982
1779535206,R_75,27906.9963
1779535208,R_75,27904.6226
1779535210,R_75,27905.3178
1779535212,R_75,27908.0329
1779535214,R_75,27909.2113
1779535216,R_75,27912.0353
1779535218,R_75,27910.8071
1779535220,R_75,27905.7148
1779535222,R_75,27903.0053
1779535224,R_75,27890.8934
1779535226,R_75,27886.1493
1779535228,R_75,27880.0251
1779535230,R_75,27884.5501
1779535232,R_75,27883.08
1779535234,R_75,27885.8097
1779535236,R_75,27892.5887
1779535238,R_75,27890.401
1779535240,R_75,27888.2707
1779535242,R_75,27889.0403
1779535244,R_75,27879.7665
1779535246,R_75,27875.2204
1779535248,R_75,27876.4491
1779535250,R_75,27871.5848
1779535252,R_75,27869.325
1779535254,R_75,27864.6913
1779535256,R_75,27854.3183
1779535258,R_75,27851.3065
1779535260,R_75,27850.9101
1779535262,R_75,27849.3562
1779535264,R_75,27851.114
1779535266,R_75,27851.4177
1779535268,R_75,27847.6224
1779535270,R_75,27848.9853
1779535272,R_75,27844.2156
1779535274,R_75,27843.7366
1779535276,R_75,27851.1902
1779535278,R_75,27852.3526
1779535280,R_75,27855.1543
1779535282,R_75,27862.1248
1779535284,R_75,27872.5653
1779535286,R_75,27872.2777
1779535288,R_75,27871.4558
1779535290,R_75,27870.3537
1779535292,R_75,27872.9526
1779535294,R_75,27872.8018
1779535296,R_75,27876.1459
1779535298,R_75,27888.1676
1779535300,R_75,27892.6953
1779535302,R_75,27894.1957
1779535304,R_75,27900.9276
1779535306,R_75,27901.2632
1779535308,R_75,27899.9033
1779535310,R_75,27901.1555
1779535312,R_75,27889.0009
1779535314,R_75,27892.5061
1779535316,R_75,27901.107
1779535318,R_75,27900.101
1779535320,R_75,27899.3826
1779535322,R_75,27901.8153
1779535324,R_75,27905.7978
1779535326,R_75,27905.4668
1779535328,R_75,27909.8919
1779535330,R_75,27899.2838
1779535332,R_75,27903.064
1779535334,R_75,27910.1545
1779535336,R_75,27918.8773
1779535338,R_75,27918.8088
1779535340,R_75,27919.204
1779535342,R_75,27922.9184
1779535344,R_75,27908.9071
1779535346,R_75,27909.0739
1779535348,R_75,27905.6918
1779535350,R_75,27902.1007
1779535352,R_75,27899.3167
1779535354,R_75,27896.3142
1779535356,R_75,27889.5013
1779535358,R_75,27901.2231
1779535360,R_75,27906.2065
1779535362,R_75,27910.8224
1779535364,R_75,27907.5892
1779535366,R_75,27900.6936
1779535368,R_75,27903.6955
1779535370,R_75,27907.4533
1779535372,R_75,27906.9863
1779535374,R_75,27910.928
1779535376,R_75,27910.4817
1779535378,R_75,27907.0624
1779535380,R_75,27911.0843
1779535382,R_75,27909.6439
1779535384,R_75,27904.9211
1779535386,R_75,27906.603
1779535388,R_75,27918.08
1779535390,R_75,27919.472
1779535392,R_75,27919.3912
1779535394,R_75,27915.8457
1779535396,R_75,27919.4719
1779535398,R_75,27916.9377
1779535400,R_75,27919.4977
1779535402,R_75,27914.51
1779535404,R_75,27920.3516
1779535406,R_75,27905.0138
1779535408,R_75,27903.4585
1779535410,R_75,27907.487
1779535412,R_75,27918.065
1779535414,R_75,27921.6109
1779535416,R_75,27919.0123
1779535418,R_75,27917.6669
1779535420,R_75,27922.7249
1779535422,R_75,27927.2754
1779535424,R_75,27927.1173
1779535426,R_75,27919.8221
1779535428,R_75,27925.6436
1779535430,R_75,27911.7431
1779535432,R_75,27909.5848
1779535434,R_75,27901.6857
1779535436,R_75,27904.6965
1779535438,R_75,27907.1537
1779535440,R_75,27906.2875
1779535442,R_75,27898.125
1779535444,R_75,27886.6343
1779535446,R_75,27879.7462
1779535448,R_75,27883.3235
1779535450,R_75,27878.0674
1779535452,R_75,27872.7218
1779535454,R_75,27862.9319
1779535456,R_75,27847.8954
1779535458,R_75,27841.6715
1779535460,R_75,27841.2925
1779535462,R_75,27836.1173
1779535464,R_75,27836.4327
1779535466,R_75,27836.2259
1779535468,R_75,27837.9864
1779535470,R_75,27836.365
1779535472,R_75,27838.3074
1779535474,R_75,27846.8205
1779535476,R_75,27834.7869
1779535478,R_75,27831.8703
1779535480,R_75,27828.2776
1779535482,R_75,27833.1469
1779535484,R_75,27835.6723
1779535486,R_75,27840.7571
1779535488,R_75,27845.2259
1779535490,R_75,27848.6668
1779535492,R_75,27847.515
1779535494,R_75,27841.0986
1779535496,R_75,27839.0355
1779535498,R_75,27843.6073
1779535500,R_75,27846.7883
1779535502,R_75,27845.7626
1779535504,R_75,27848.4132
1779535506,R_75,27846.5636
1779535508,R_75,27837.5683
1779535510,R_75,27843.9029
1779535512,R_75,27844.5159
1779535514,R_75,27841.7603
1779535516,R_75,27845.4028
1779535518,R_75,27847.1487
1779535520,R_75,27855.1802
1779535522,R_75,27846.6198
1779535524,R_75,27840.0253
1779535526,R_75,27839.2938
1779535528,R_75,27837.8929
1779535530,R_75,27837.8314
1779535532,R_75,27829.6552
1779535534,R_75,27826.1701
1779535536,R_75,27825.7763
1779535538,R_75,27824.8299
1779535540,R_75,27818.19
1779535542,R_75,27821.6605
1779535544,R_75,27824.401
1779535546,R_75,27826.8178
1779535548,R_75,27819.2412
1779535550,R_75,27815.9248
1779535552,R_75,27808.3312
1779535554,R_75,27796.6975
1779535556,R_75,27790.1879
1779535558,R_75,27789.1009
1779535560,R_75,27801.671
1779535562,R_75,27796.9323
1779535564,R_75,27790.6768
1779535566,R_75,27786.5642
1779535568,R_75,27785.4178
1779535570,R_75,27782.7217
1779535572,R_75,27787.2376
1779535574,R_75,27783.3297
1779535576,R_75,27781.7889
1779535578,R_75,27792.4305
1779535580,R_75,27793.2685
1779535582,R_75,27790.502
1779535584,R_75,27788.3424
1779535586,R_75,27784.7325
1779535588,R_75,27788.4386
1779535590,R_75,27793.4208
1779535592,R_75,27798.9266
1779535594,R_75,27806.083
1779535596,R_75,27807.9415
1779535598,R_75,27805.8477
1779535600,R_75,27814.2384
1779535602,R_75,27816.1361
1779535604,R_75,27813.8182
1779535606,R_75,27819.3213
1779535608,R_75,27820.6995
1779535610,R_75,27830.6444
1779535612,R_75,27823.7367
1779535614,R_75,27820.4482
1779535616,R_75,27828.6505
1779535618,R_75,27838.5473
1779535620,R_75,27841.3211
1779535622,R_75,27851.164
1779535624,R_75,27847.8805
1779535626,R_75,27852.1866
1779535628,R_75,27852.5771
1779535630,R_75,27848.2709
1779535632,R_75,27845.1729
1779535634,R_75,27841.7228
1779535636,R_75,27849.0308
1779535638,R_75,27852.189
1779535640,R_75,27858.0124
1779535642,R_75,27854.6955
1779535644,R_75,27858.1736
1779535646,R_75,27851.2295
1779535648,R_75,27854.1382
1779535650,R_75,27851.6124
1779535652,R_75,27850.4749
1779535654,R_75,27859.5204
1779535656,R_75,27859.1811
1779535658,R_75,27849.761
1779535660,R_75,27847.3843
1779535662,R_75,27850.1234
1779535664,R_75,27844.6109
1779535666,R_75,27848.4524
1779535668,R_75,27853.727
1779535670,R_75,27854.1202
1779535672,R_75,27861.5881
1779535674,R_75,27856.7602
1779535676,R_75,27843.5704
1779535678,R_75,27841.5897
1779535680,R_75,27847.269
1779535682,R_75,27848.5039
1779535684,R_75,27844.8602
1779535686,R_75,27851.4944
1779535688,R_75,27861.6899
1779535690,R_75,27862.947
1779535692,R_75,27864.7304
1779535694,R_75,27869.6278
1779535696,R_75,27860.7499
1779535698,R_75,27863.933
1779535700,R_75,27862.532
1779535702,R_75,27863.9433
1779535704,R_75,27860.5238
1779535706,R_75,27862.0799
1779535708,R_75,27861.0888
1779535710,R_75,27858.2064
1779535712,R_75,27859.8089
1779535714,R_75,27856.9582
1779535716,R_75,27856.9053
1779535718,R_75,27854.1797
1779535720,R_75,27847.7786
1779535722,R_75,27850.8949
1779535724,R_75,27854.3135
1779535726,R_75,27864.7114
1779535728,R_75,27859.0961
1779535730,R_75,27853.2754
1779535732,R_75,27851.8607
1779535734,R_75,27849.8864
1779535736,R_75,27854.5555
1779535738,R_75,27856.8472
1779535740,R_75,27861.4589
1779535742,R_75,27859.0103
1779535744,R_75,27857.6411
1779535746,R_75,27854.4699
1779535748,R_75,27861.5433
1779535750,R_75,27861.8108
1779535752,R_75,27868.293
1779535754,R_75,27874.1263
1779535756,R_75,27877.1406
1779535758,R_75,27873.79
1779535760,R_75,27870.1823
1779535762,R_75,27865.5738
1779535764,R_75,27856.8874
1779535766,R_75,27851.4146
1779535768,R_75,27853.3566
1779535770,R_75,27847.4001
1779535772,R_75,27853.0947
1779535774,R_75,27854.3715
1779535776,R_75,27849.8999
1779535778,R_75,27852.4646
1779535780,R_75,27856.7571
1779535782,R_75,27853.746
1779535784,R_75,27857.4404
1779535786,R_75,27862.5248
1779535788,R_75,27867.1048
1779535790,R_75,27866.5695
1779535792,R_75,27858.0652
1779535794,R_75,27868.7543
1779535796,R_75,27873.6767
1779535798,R_75,27869.1217
1779535800,R_75,27868.2628
1779535802,R_75,27869.5578
1779535804,R_75,27863.2507
1779535806,R_75,27860.7766
1779535808,R_75,27862.4572
1779535810,R_75,27860.3588
1779535812,R_75,27860.2956
1779535814,R_75,27855.7536
1779535816,R_75,27862.7866
1779535818,R_75,27857.5929
1779535820,R_75,27855.6874
1779535822,R_75,27852.8721
1779535824,R_75,27846.2727
1779535826,R_75,27843.5878
1779535828,R_75,27843.8614
1779535830,R_75,27837.768
1779535832,R_75,27841.5868
1779535834,R_75,27841.0732
1779535836,R_75,27850.4793
1779535838,R_75,27855.9426
1779535840,R_75,27855.8359
1779535842,R_75,27857.5171
1779535844,R_75,27862.7597
1779535846,R_75,27869.2407
1779535848,R_75,27870.0836
1779535850,R_75,27869.778
1779535852,R_75,27872.6027
1779535854,R_75,27873.4521
1779535856,R_75,27878.7385
1779535858,R_75,27882.9223
1779535860,R_75,27888.0013
1779535862,R_75,27876.6734
1779535864,R_75,27880.1281
1779535866,R_75,27885.5978
1779535868,R_75,27889.0275
1779535870,R_75,27889.1883
1779535872,R_75,27889.8573
1779535874,R_75,27894.868
1779535876,R_75,27904.0584
1779535878,R_75,27907.2929
1779535880,R_75,27906.469
1779535882,R_75,27911.2396
1779535884,R_75,27908.869
1779535886,R_75,27910.0118
1779535888,R_75,27904.126
1779535890,R_75,27892.479
1779535892,R_75,27889.9689
1779535894,R_75,27888.3551
1779535896,R_75,27884.1047
1779535898,R_75,27896.5962
1779535900,R_75,27897.0393
1779535902,R_75,27899.8617
1779535904,R_75,27902.172
1779535906,R_75,27907.0049
1779535908,R_75,27915.976
1779535910,R_75,27917.7321
1779535912,R_75,27917.0797
1779535914,R_75,27921.7676
1779535916,R_75,27922.8567
1779535918,R_75,27927.1321
1779535920,R_75,27931.0472
1779535922,R_75,27935.3804
1779535924,R_75,27919.9543
1779535926,R_75,27909.5121
1779535928,R_75,27903.6653
1779535930,R_75,27914.8245
1779535932,R_75,27921.6383
1779535934,R_75,27924.3166
1779535936,R_75,27920.6841
1779535938,R_75,27918.5057
1779535940,R_75,27924.0065
1779535942,R_75,27917.4409
1779535944,R_75,27920.591
1779535946,R_75,27927.3966
1779535948,R_75,27923.8952
1779535950,R_75,27926.7868
1779535952,R_75,27927.283
1779535954,R_75,27929.4682
1779535956,R_75,27941.2138
1779535958,R_75,27941.4866
1779535960,R_75,27943.5213
1779535962,R_75,27946.6188
1779535964,R_75,27942.3374
1779535966,R_75,27940.644
1779535968,R_75,27942.1965
1779535970,R_75,27940.6861
1779535972,R_75,27947.5214
1779535974,R_75,27947.9655
1779535976,R_75,27942.6316
1779535978,R_75,27947.1382
1779535980,R_75,27936.7173
1779535982,R_75,27940.537
1779535984,R_75,27948.3528
1779535986,R_75,27951.9125
1779535988,R_75,27958.8574
1779535990,R_75,27969.697
1779535992,R_75,27966.8657
1779535994,R_75,27970.8316
1779535996,R_75,27976.6409
1779535998,R_75,27981.6853
1779536000,R_75,27984.6061
1779536002,R_75,27986.6125
1779536004,R_75,27993.0622
1779536006,R_75,27986.4923
1779536008,R_75,27993.2242
1779536010,R_75,27995.1354
1779536012,R_75,27993.1102
1779536014,R_75,27986.6917
1779536016,R_75,27985.1333
1779536018,R_75,27992.1859
1779536020,R_75,27991.6483
1779536022,R_75,27986.7448
1779536024,R_75,27990.5386
1779536026,R_75,27986.8877
1779536028,R_75,27982.8288
1779536030,R_75,27982.082
1779536032,R_75,27981.667
1779536034,R_75,27980.4457
1779536036,R_75,27972.2481
1779536038,R_75,27973.5053
1779536040,R_75,27965.3778
1779536042,R_75,27967.4614
1779536044,R_75,27965.9817
1779536046,R_75,27969.3136
1779536048,R_75,27968.4538
1779536050,R_75,27965.5655
1779536052,R_75,27969.9651
1779536054,R_75,27975.4798
1779536056,R_75,27973.765
1779536058,R_75,27976.1045
1779536060,R_75,27975.4245
1779536062,R_75,27976.5356
1779536064,R_75,27976.6764
1779536066,R_75,27973.3533
1779536068,R_75,27976.5363
1779536070,R_75,27973.2234
1779536072,R_75,27966.6261
1779536074,R_75,27969.2711
1779536076,R_75,27971.249
1779536078,R_75,27975.239
1779536080,R_75,27972.3427
1779536082,R_75,27973.8654
1779536084,R_75,27970.0262
1779536086,R_75,27975.9933
1779536088,R_75,27978.9163
1779536090,R_75,27980.0981
1779536092,R_75,27971.9683
1779536094,R_75,27971.1423
1779536096,R_75,27970.7393
1779536098,R_75,27976.4989
1779536100,R_75,27975.7138
1779536102,R_75,27967.866
1779536104,R_75,27967.8038
1779536106,R_75,27970.1934
1779536108,R_75,27973.8877
1779536110,R_75,27972.2794
1779536112,R_75,27966.8135
1779536114,R_75,27968.184
1779536116,R_75,27969.2491
1779536118,R_75,27962.1341
1779536120,R_75,27956.3796
1779536122,R_75,27957.2198
1779536124,R_75,27964.8681
1779536126,R_75,27971.4309
1779536128,R_75,27965.85
1779536130,R_75,27969.8068
1779536132,R_75,27962.0549
1779536134,R_75,27968.5298
1779536136,R_75,27967.2558
1779536138,R_75,27970.9619
1779536140,R_75,27972.4941
1779536142,R_75,27970.4472
1779536144,R_75,27973.6676
1779536146,R_75,27979.7672
1779536148,R_75,27990.0929
1779536150,R_75,27993.2193
1779536152,R_75,27996.3163
1779536154,R_75,27985.7637
1779536156,R_75,27986.0452
1779536158,R_75,27985.9395
1779536160,R_75,27979.89
1779536162,R_75,27979.2997
1779536164,R_75,27985.4474
1779536166,R_75,27983.915
1779536168,R_75,27993.9942
1779536170,R_75,27994.3181
1779536172,R_75,27994.2035
1779536174,R_75,28001.9395
1779536176,R_75,28000.9434
1779536178,R_75,28005.9261
1779536180,R_75,28000.6481
1779536182,R_75,27986.4035
1779536184,R_75,27988.8238
1779536186,R_75,27992.6381
1779536188,R_75,27986.501
1779536190,R_75,27987.0843
1779536192,R_75,27987.1962
1779536194,R_75,27992.1074
1779536196,R_75,27991.0046
1779536198,R_75,27997.1582
1779536200,R_75,27989.6878
1779536202,R_75,27988.1905
1779536204,R_75,27993.2691
1779536206,R_75,27988.6949
1779536208,R_75,27991.2558
1779536210,R_75,27987.0242
1779536212,R_75,27994.8881
1779536214,R_75,28006.1406
1779536216,R_75,28015.6676
1779536218,R_75,28007.343
1779536220,R_75,28017.6549
1779536222,R_75,28019.0408
1779536224,R_75,28025.713
1779536226,R_75,28029.0821
1779536228,R_75,28028.4798
1779536230,R_75,28025.4702
1779536232,R_75,28020.3638
1779536234,R_75,28015.1654
1779536236,R_75,28010.3537
1779536238,R_75,28012.7861
1779536240,R_75,28005.8138
1779536242,R_75,28002.6649
1779536244,R_75,28004.929
1779536246,R_75,28000.4683
1779536248,R_75,28002.1749
1779536250,R_75,28001.4594
1779536252,R_75,27997.0513
1779536254,R_75,27998.0984
1779536256,R_75,27999.7413
1779536258,R_75,28005.7809
1779536260,R_75,27994.6599
1779536262,R_75,27995.5967
1779536264,R_75,27996.3716
1779536266,R_75,27988.1372
1779536268,R_75,27993.0718
1779536270,R_75,27992.7409
1779536272,R_75,27999.9463
1779536274,R_75,28001.5905
1779536276,R_75,27995.0669
1779536278,R_75,27983.6957
1779536280,R_75,27982.8074
1779536282,R_75,27991.9739
1779536284,R_75,27991.5745
1779536286,R_75,27997.5566
1779536288,R_75,27997.875
1779536290,R_75,27995.3399
1779536292,R_75,28001.5872
1779536294,R_75,28003.4551
1779536296,R_75,28004.8422
1779536298,R_75,28004.2433
1779536300,R_75,28006.206
1779536302,R_75,28016.3607
1779536304,R_75,28012.0348
1779536306,R_75,28009.3012
1779536308,R_75,28011.3201
1779536310,R_75,28005.7382
1779536312,R_75,28009.0991
1779536314,R_75,28009.6297
1779536316,R_75,28016.3363
1779536318,R_75,28012.1077
1779536320,R_75,28000.2292
1779536322,R_75,28003.9207
1779536324,R_75,27999.737
1779536326,R_75,28006.9009
1779536328,R_75,28005.4389
1779536330,R_75,28008.3291
1779536332,R_75,28005.3322
1779536334,R_75,28006.2599
1779536336,R_75,27999.4319
1779536338,R_75,28003.9587
1779536340,R_75,28011.1052
1779536342,R_75,28020.921
1779536344,R_75,28020.9601
1779536346,R_75,28024.091
1779536348,R_75,28025.6866
1779536350,R_75,28026.6616
1779536352,R_75,28029.4368
1779536354,R_75,28028.3801
1779536356,R_75,28021.5938
1779536358,R_75,28022.6688
1779536360,R_75,28027.4604
1779536362,R_75,28029.0552
1779536364,R_75,28030.4938
1779536366,R_75,28032.8992
1779536368,R_75,28035.4005
1779536370,R_75,28037.6149
1779536372,R_75,28027.4751
1779536374,R_75,28031.1619
1779536376,R_75,28032.3043
1779536378,R_75,28027.1344
1779536380,R_75,28033.1558
1779536382,R_75,28028.8487
1779536384,R_75,28034.8691
1779536386,R_75,28040.9725
1779536388,R_75,28039.5145
1779536390,R_75,28035.9733
1779536392,R_75,28031.7617
1779536394,R_75,28028.7121
1779536396,R_75,28021.1256
1779536398,R_75,28016.8449
1779536400,R_75,28015.7116
1779536402,R_75,28020.3116
1779536404,R_75,28015.3385
1779536406,R_75,28011.0858
1779536408,R_75,28006.0696
1779536410,R_75,28001.3819
1779536412,R_75,28016.9841
1779536414,R_75,28000.9673
1779536416,R_75,27994.7002
1779536418,R_75,27990.0242
1779536420,R_75,27989.6296
1779536422,R_75,27987.1675
1779536424,R_75,27981.6721
1779536426,R_75,27975.6121
1779536428,R_75,27974.3599
1779536430,R_75,27975.4583
1779536432,R_75,27974.329
1779536434,R_75,27972.2207
1779536436,R_75,27968.9775
1779536438,R_75,27976.4917
1779536440,R_75,27986.1965
1779536442,R_75,27990.5114
1779536444,R_75,27997.1448
1779536446,R_75,28008.4323
1779536448,R_75,28009.7379
1779536450,R_75,28008.7193
1779536452,R_75,28006.7255
1779536454,R_75,28004.0207
1779536456,R_75,28009.3456
1779536458,R_75,28003.0011
1779536460,R_75,28000.9581
1779536462,R_75,27996.9978
1779536464,R_75,27999.6046
1779536466,R_75,28005.9537
1779536468,R_75,28008.1348
1779536470,R_75,28009.6265
1779536472,R_75,28010.748
1779536474,R_75,28015.2181
1779536476,R_75,28015.8708
1779536478,R_75,28006.3701
1779536480,R_75,28011.8455
1779536482,R_75,28011.6189
1779536484,R_75,28005.5094
1779536486,R_75,28011.0928
1779536488,R_75,27996.8541
1779536490,R_75,27995.2078
1779536492,R_75,27992.1821
1779536494,R_75,27999.2576
1779536496,R_75,28004.4297
1779536498,R_75,28000.0018
1779536500,R_75,27995.6708
1779536502,R_75,27993.2261
1779536504,R_75,27999.236
1779536506,R_75,27994.4101
1779536508,R_75,27989.087
1779536510,R_75,27981.8666
1779536512,R_75,27987.2255
1779536514,R_75,27993.2819
1779536516,R_75,27999.0749
1779536518,R_75,27996.1805
1779536520,R_75,27996.081
1779536522,R_75,28000.2982
1779536524,R_75,27996.9229
1779536526,R_75,27990.6168
1779536528,R_75,27995.0912
1779536530,R_75,27996.3791
1779536532,R_75,27992.812
1779536534,R_75,27995.3296
1779536536,R_75,27993.0342
1779536538,R_75,27993.1884
1779536540,R_75,27995.6314
1779536542,R_75,28001.5222
1779536544,R_75,28000.6171
1779536546,R_75,27993.2852
1779536548,R_75,27989.0105
1779536550,R_75,27982.0019
1779536552,R_75,27974.0251
1779536554,R_75,27966.8043
1779536556,R_75,27966.1023
1779536558,R_75,27960.6583
1779536560,R_75,27959.3482
1779536562,R_75,27962.452
1779536564,R_75,27959.4756
1779536566,R_75,27958.1928
1779536568,R_75,27953.1221
1779536570,R_75,27947.206
1779536572,R_75,27949.6049
1779536574,R_75,27949.1393
1779536576,R_75,27951.4763
1779536578,R_75,27955.0445
1779536580,R_75,27964.0907
1779536582,R_75,27969.6929
1779536584,R_75,27973.2376
1779536586,R_75,27977.2096
1779536588,R_75,27982.587
1779536590,R_75,27980.4669
1779536592,R_75,27980.76
1779536594,R_75,27986.4575
1779536596,R_75,27986.8135
1779536598,R_75,27982.3283
1779536600,R_75,27978.1266
1779536602,R_75,27977.115
1779536604,R_75,27973.2163
1779536606,R_75,27973.6716
1779536608,R_75,27975.3936
1779536610,R_75,27972.1894
1779536612,R_75,27977.2069
1779536614,R_75,27981.9741
1779536616,R_75,27983.5538
1779536618,R_75,27988.7467
1779536620,R_75,27981.1461
1779536622,R_75,27976.2358
1779536624,R_75,27984.9553
1779536626,R_75,27989.726
1779536628,R_75,27984.2698
1779536630,R_75,27985.314
1779536632,R_75,27990.5608
1779536634,R_75,28002.1866
1779536636,R_75,28011.4623
1779536638,R_75,28002.2894
1779536640,R_75,27997.7536
1779536642,R_75,27992.4277
1779536644,R_75,27999.0401
1779536646,R_75,27996.2154
1779536648,R_75,27998.9853
1779536650,R_75,27999.3578
1779536652,R_75,27993.0157
1779536654,R_75,27998.2526
1779536656,R_75,28005.1811
1779536658,R_75,27998.8816
1779536660,R_75,27993.8338
1779536662,R_75,27995.6786
1779536664,R_75,28004.9622
1779536666,R_75,28011.8936
1779536668,R_75,28002.7047
1779536670,R_75,28007.5437
1779536672,R_75,28011.9735
1779536674,R_75,28010.433
1779536676,R_75,28002.5359
1779536678,R_75,28003.8588
1779536680,R_75,27999.8173
1779536682,R_75,28001.5551
1779536684,R_75,28001.8305
1779536686,R_75,28000.7034
1779536688,R_75,28013.3241
1779536690,R_75,28028.0539
1779536692,R_75,28033.108
1779536694,R_75,28032.4184
1779536696,R_75,28029.6611
1779536698,R_75,28034.1343
1779536700,R_75,28036.1225
1779536702,R_75,28035.5177
1779536704,R_75,28039.6283
1779536706,R_75,28040.6693
1779536708,R_75,28037.822
1779536710,R_75,28050.1975
1779536712,R_75,28046.8572
1779536714,R_75,28047.1778
1779536716,R_75,28040.4628
1779536718,R_75,28036.7117
1779536720,R_75,28025.0055
1779536722,R_75,28023.1984
1779536724,R_75,28016.4768
1779536726,R_75,28027.5821
1779536728,R_75,28016.3031
1779536730,R_75,28012.1974
1779536732,R_75,28019.5549
1779536734,R_75,28021.7947
1779536736,R_75,28023.9173
1779536738,R_75,28026.7511
1779536740,R_75,28013.7236
1779536742,R_75,28017.8347
1779536744,R_75,28022.6966
1779536746,R_75,28020.7553
1779536748,R_75,28011.3172
1779536750,R_75,28016.9144
1779536752,R_75,28018.5523
1779536754,R_75,28018.8997
1779536756,R_75,28015.7763
1779536758,R_75,28014.8376
1779536760,R_75,28026.4877
1779536762,R_75,28015.4434
1779536764,R_75,28019.011
1779536766,R_75,28021.1489
1779536768,R_75,28032.9903
1779536770,R_75,28029.5847
1779536772,R_75,28027.1805
1779536774,R_75,28037.4646
1779536776,R_75,28035.5922
1779536778,R_75,28040.8073
1779536780,R_75,28035.3896
1779536782,R_75,28029.9451
1779536784,R_75,28034.8973
1779536786,R_75,28052.3378
1779536788,R_75,28057.4254
1779536790,R_75,28052.4168
1779536792,R_75,28051.7104
1779536794,R_75,28061.457
1779536796,R_75,28071.6484
1779536798,R_75,28071.5664
1779536800,R_75,28072.5358
1779536802,R_75,28071.2061
1779536804,R_75,28070.8183
1779536806,R_75,28065.9064
1779536808,R_75,28065.5322
1779536810,R_75,28057.3567
1779536812,R_75,28052.3122
1779536814,R_75,28049.2135
1779536816,R_75,28052.3079
1779536818,R_75,28049.0262
1779536820,R_75,28054.0873
1779536822,R_75,28060.5849
1779536824,R_75,28058.1783
1779536826,R_75,28062.5488
1779536828,R_75,28062.8173
1779536830,R_75,28061.6623
1779536832,R_75,28060.2217
1779536834,R_75,28059.9827
1779536836,R_75,28063.8226
1779536838,R_75,28076.6534
1779536840,R_75,28077.994
1779536842,R_75,28077.3359
1779536844,R_75,28073.3791
1779536846,R_75,28082.55
1779536848,R_75,28085.557
1779536850,R_75,28076.8151
1779536852,R_75,28075.2117
1779536854,R_75,28067.3368
1779536856,R_75,28066.0502
1779536858,R_75,28064.8455
1779536860,R_75,28067.8943
1779536862,R_75,28066.4445
1779536864,R_75,28068.3194
1779536866,R_75,28068.2629
1779536868,R_75,28077.5645
1779536870,R_75,28075.0244
1779536872,R_75,28065.895
1779536874,R_75,28070.6507
1779536876,R_75,28069.5494
1779536878,R_75,28071.9597
1779536880,R_75,28074.1917
1779536882,R_75,28080.7112
1779536884,R_75,28083.3747
1779536886,R_75,28086.4169
1779536888,R_75,28080.9007
1779536890,R_75,28082.4919
1779536892,R_75,28078.7292
1779536894,R_75,28075.4154
1779536896,R_75,28080.6806
1779536898,R_75,28084.6074
1779536900,R_75,28079.4367
1779536902,R_75,28081.9281
1779536904,R_75,28080.732
1779536906,R_75,28069.9828
1779536908,R_75,28066.655
1779536910,R_75,28064.2262
1779536912,R_75,28065.7551
1779536914,R_75,28058.6259
1779536916,R_75,28063.4587
1779536918,R_75,28055.0005
1779536920,R_75,28050.7691
1779536922,R_75,28057.559
1779536924,R_75,28056.3608
1779536926,R_75,28054.6225
1779536928,R_75,28051.731
1779536930,R_75,28047.5865
1779536932,R_75,28047.6289
1779536934,R_75,28046.7743
1779536936,R_75,28052.7629
1779536938,R_75,28055.8356
1779536940,R_75,28048.2273
1779536942,R_75,28046.6103
1779536944,R_75,28046.9264
1779536946,R_75,28034.4192
1779536948,R_75,28046.3373
1779536950,R_75,28047.9196
1779536952,R_75,28041.6918
1779536954,R_75,28047.4801
1779536956,R_75,28047.9095
1779536958,R_75,28049.1101
1779536960,R_75,28052.8098
1779536962,R_75,28056.267
1779536964,R_75,28062.6391
1779536966,R_75,28063.6166
1779536968,R_75,28060.3911
1779536970,R_75,28064.9297
1779536972,R_75,28056.9713
1779536974,R_75,28059.4732
1779536976,R_75,28056.9214
1779536978,R_75,28069.1771
1779536980,R_75,28064.414
1779536982,R_75,28059.5106
1779536984,R_75,28050.1926
1779536986,R_75,28048.2631
1779536988,R_75,28045.9443
1779536990,R_75,28040.7992
1779536992,R_75,28044.6132
1779536994,R_75,28039.8216
1779536996,R_75,28040.9084
1779536998,R_75,28041.8541
1779537000,R_75,28045.0654
1779537002,R_75,28051.6884
1779537004,R_75,28047.4629
1779537006,R_75,28043.9235
1779537008,R_75,28042.6433
1779537010,R_75,28053.8221
1779537012,R_75,28047.7816
1779537014,R_75,28055.311
1779537016,R_75,28054.1545
1779537018,R_75,28062.44
1779537020,R_75,28064.6613
1779537022,R_75,28066.8074
1779537024,R_75,28066.5846
1779537026,R_75,28061.8051
1779537028,R_75,28066.7349
1779537030,R_75,28062.4168
1779537032,R_75,28055.973
1779537034,R_75,28061.6242
1779537036,R_75,28068.7404
1779537038,R_75,28070.286
1779537040,R_75,28064.9073
1779537042,R_75,28057.935
1779537044,R_75,28059.8768
1779537046,R_75,28062.1631
1779537048,R_75,28067.9556
1779537050,R_75,28070.5731
1779537052,R_75,28068.8054
1779537054,R_75,28055.5512
1779537056,R_75,28052.9103
1779537058,R_75,28063.2048
1779537060,R_75,28068.3724
1779537062,R_75,28075.9593
1779537064,R_75,28080.9324
1779537066,R_75,28078.3699
1779537068,R_75,28081.1202
1779537070,R_75,28084.1923
1779537072,R_75,28076.4135
1779537074,R_75,28086.2191
1779537076,R_75,28083.9876
1779537078,R_75,28091.7045
1779537080,R_75,28098.2543
1779537082,R_75,28096.4091
1779537084,R_75,28098.3092
1779537086,R_75,28100.9399
1779537088,R_75,28103.741
1779537090,R_75,28106.2411
1779537092,R_75,28111.1924
1779537094,R_75,28106.1808
1779537096,R_75,28106.0424
1779537098,R_75,28113.6219
1779537100,R_75,28113.9294
1779537102,R_75,28103.4193
1779537104,R_75,28102.6045
1779537106,R_75,28095.0528
1779537108,R_75,28082.4585
1779537110,R_75,28082.6651
1779537112,R_75,28090.6532
1779537114,R_75,28084.3082
1779537116,R_75,28076.3914
1779537118,R_75,28083.8024
1779537120,R_75,28078.9282
1779537122,R_75,28074.7508
1779537124,R_75,28071.4934
1779537126,R_75,28065.2544
1779537128,R_75,28067.5356
1779537130,R_75,28065.9607
1779537132,R_75,28073.6086
1779537134,R_75,28076.5299
1779537136,R_75,28074.3613
1779537138,R_75,28071.7406
1779537140,R_75,28071.4047
1779537142,R_75,28066.7061
1779537144,R_75,28061.6525
1779537146,R_75,28058.0557
1779537148,R_75,28059.8165
1779537150,R_75,28057.9763
1779537152,R_75,28058.6053
1779537154,R_75,28062.1633
1779537156,R_75,28056.6281
1779537158,R_75,28056.3427
1779537160,R_75,28049.6273
1779537162,R_75,28051.6882
1779537164,R_75,28042.3853
1779537166,R_75,28035.3205
1779537168,R_75,28036.8842
1779537170,R_75,28044.4916
1779537172,R_75,28041.7554
1779537174,R_75,28037.5865
1779537176,R_75,28027.3658
1779537178,R_75,28022.5483
1779537180,R_75,28022.2127
1779537182,R_75,28019.5327
1779537184,R_75,28029.6939
1779537186,R_75,28031.4822
1779537188,R_75,28030.697
1779537190,R_75,28035.0597
1779537192,R_75,28036.1869
1779537194,R_75,28035.1768
1779537196,R_75,28042.1464
1779537198,R_75,28044.2352
1779537200,R_75,28047.168
1779537202,R_75,28047.1757
1779537204,R_75,28054.2134
1779537206,R_75,28056.7757
1779537208,R_75,28054.2283
1779537210,R_75,28049.6674
1779537212,R_75,28057.7676
1779537214,R_75,28063.2385
1779537216,R_75,28058.1174
1779537218,R_75,28058.4223
1779537220,R_75,28058.7302
1779537222,R_75,28045.5501
1779537224,R_75,28052.1858
1779537226,R_75,28055.761
1779537228,R_75,28054.6635
1779537230,R_75,28057.9288
1779537232,R_75,28053.9001
1779537234,R_75,28060.2181
1779537236,R_75,28069.6929
1779537238,R_75,28063.368
1779537240,R_75,28059.1243
1779537242,R_75,28055.1955
1779537244,R_75,28060.4953
1779537246,R_75,28056.8686
1779537248,R_75,28057.8188
1779537250,R_75,28068.7263
1779537252,R_75,28071.9701
1779537254,R_75,28079.7826
1779537256,R_75,28076.307
1779537258,R_75,28073.3608
1779537260,R_75,28070.135
1779537262,R_75,28070.3319
1779537264,R_75,28063.4886
1779537266,R_75,28070.7249
1779537268,R_75,28074.0348
1779537270,R_75,28072.5241
1779537272,R_75,28079.2751
1779537274,R_75,28079.0641
1779537276,R_75,28072.2012
1779537278,R_75,28070.8037
1779537280,R_75,28069.8133
1779537282,R_75,28070.3463
1779537284,R_75,28065.0224
1779537286,R_75,28074.5286
1779537288,R_75,28065.3868
1779537290,R_75,28070.9487
1779537292,R_75,28063.2407
1779537294,R_75,28065.6174
1779537296,R_75,28071.3135
1779537298,R_75,28071.2618
1779537300,R_75,28070.915
1779537302,R_75,28073.1501
1779537304,R_75,28075.0423
1779537306,R_75,28072.5339
1779537308,R_75,28074.4738
1779537310,R_75,28076.4266
1779537312,R_75,28077.6251
1779537314,R_75,28075.9561
1779537316,R_75,28079.5256
1779537318,R_75,28079.4858
1779537320,R_75,28081.9542
1779537322,R_75,28080.6844
1779537324,R_75,28079.3962
1779537326,R_75,28081.2773
1779537328,R_75,28086.9505
1779537330,R_75,28084.0524
1779537332,R_75,28091.2685
1779537334,R_75,28083.3829
1779537336,R_75,28084.173
1779537338,R_75,28090.1054
1779537340,R_75,28088.383
1779537342,R_75,28087.7273
1779537344,R_75,28082.6389
1779537346,R_75,28079.9297
1779537348,R_75,28079.2728
1779537350,R_75,28077.7261
1779537352,R_75,28076.2425
1779537354,R_75,28070.3137
1779537356,R_75,28071.7088
1779537358,R_75,28066.5006
1779537360,R_75,28061.5543
1779537362,R_75,28059.7489
1779537364,R_75,28051.9063
1779537366,R_75,28061.0451
1779537368,R_75,28063.7233
1779537370,R_75,28060.9309
1779537372,R_75,28062.685
1779537374,R_75,28062.6972
1779537376,R_75,28057.2359
1779537378,R_75,28063.9105
1779537380,R_75,28060.1206
1779537382,R_75,28065.3937
1779537384,R_75,28077.5665
1779537386,R_75,28072.6897
1779537388,R_75,28074.4106
1779537390,R_75,28079.7808
1779537392,R_75,28080.3887
1779537394,R_75,28074.5891
1779537396,R_75,28073.1635
1779537398,R_75,28075.4293
1779537400,R_75,28067.1211
1779537402,R_75,28059.0235
1779537404,R_75,28060.9497
1779537406,R_75,28054.9775
1779537408,R_75,28046.7567
1779537410,R_75,28041.1024
1779537412,R_75,28045.2099
1779537414,R_75,28041.9196
1779537416,R_75,28033.7218
1779537418,R_75,28037.7784
1779537420,R_75,28036.2079
1779537422,R_75,28032.2478
1779537424,R_75,28032.9591
1779537426,R_75,28029.0845
1779537428,R_75,28030.4947
1779537430,R_75,28019.1679
1779537432,R_75,28022.4165
1779537434,R_75,28019.2379
1779537436,R_75,28020.4294
1779537438,R_75,28026.6302
1779537440,R_75,28023.156
1779537442,R_75,28026.6288
1779537444,R_75,28026.0875
1779537446,R_75,28033.0397
1779537448,R_75,28031.8875
1779537450,R_75,28025.8925
1779537452,R_75,28028.8797
1779537454,R_75,28027.9085
1779537456,R_75,28027.4845
1779537458,R_75,28025.6992
1779537460,R_75,28021.6278
1779537462,R_75,28013.6068
1779537464,R_75,28016.3697
1779537466,R_75,28024.0257
1779537468,R_75,28027.7057
1779537470,R_75,28028.0814
1779537472,R_75,28032.6005
1779537474,R_75,28036.5833
1779537476,R_75,28036.9829
1779537478,R_75,28035.1214
1779537480,R_75,28030.6285
1779537482,R_75,28030.2583
1779537484,R_75,28034.686
1779537486,R_75,28041.729
1779537488,R_75,28042.609
1779537490,R_75,28049.6736
1779537492,R_75,28051.2822
1779537494,R_75,28042.3851
1779537496,R_75,28029.6046
1779537498,R_75,28027.0272
1779537500,R_75,28029.5795
1779537502,R_75,28037.0916
1779537504,R_75,28027.0168
1779537506,R_75,28030.356
1779537508,R_75,28038.2031
1779537510,R_75,28044.5548
1779537512,R_75,28050.1329
1779537514,R_75,28059.8125
1779537516,R_75,28060.9855
1779537518,R_75,28057.9295
1779537520,R_75,28056.8897
1779537522,R_75,28057.7828
1779537524,R_75,28056.7822
1779537526,R_75,28055.472
1779537528,R_75,28053.5492
1779537530,R_75,28052.2438
1779537532,R_75,28050.637
1779537534,R_75,28047.3254
1779537536,R_75,28048.073
1779537538,R_75,28045.3094
1779537540,R_75,28034.2935
1779537542,R_75,28032.0204
1779537544,R_75,28036.2358
1779537546,R_75,28037.6214
1779537548,R_75,28042.222
1779537550,R_75,28046.5958
1779537552,R_75,28043.8039
1779537554,R_75,28050.159
1779537556,R_75,28042.0554
1779537558,R_75,28045.2018
1779537560,R_75,28034.7421
1779537562,R_75,28034.4142
1779537564,R_75,28032.9812
1779537566,R_75,28035.0966
1779537568,R_75,28033.548
1779537570,R_75,28033.4727
1779537572,R_75,28029.3072
1779537574,R_75,28024.5193
1779537576,R_75,28018.8147
1779537578,R_75,28019.4041
1779537580,R_75,28029.4039
1779537582,R_75,28027.2688
1779537584,R_75,28033.3658
1779537586,R_75,28034.8047
1779537588,R_75,28031.0082
1779537590,R_75,28032.2595
1779537592,R_75,28031.6885
1779537594,R_75,28025.3476
1779537596,R_75,28023.8439
1779537598,R_75,28018.8963
1779537600,R_75,28016.0949
1779537602,R_75,28022.9951
1779537604,R_75,28026.9193
1779537606,R_75,28022.2716
1779537608,R_75,28022.9592
1779537610,R_75,28023.0552
1779537612,R_75,28027.8862
1779537614,R_75,28033.6136
1779537616,R_75,28035.734
1779537618,R_75,28033.1458
1779537620,R_75,28030.9308
1779537622,R_75,28020.7813
1779537624,R_75,28024.3793
1779537626,R_75,28025.5031
1779537628,R_75,28022.532
1779537630,R_75,28013.7459
1779537632,R_75,28016.8233
1779537634,R_75,28013.4703
1779537636,R_75,28023.4627
1779537638,R_75,28036.4261
1779537640,R_75,28030.9857
1779537642,R_75,28035.1244
1779537644,R_75,28035.5558
1779537646,R_75,28026.9021
1779537648,R_75,28022.6076
1779537650,R_75,28022.8371
1779537652,R_75,28024.6662
1779537654,R_75,28017.0262
1779537656,R_75,28023.6989
1779537658,R_75,28019.2796
1779537660,R_75,28022.3151
1779537662,R_75,28028.4134
1779537664,R_75,28031.2761
1779537666,R_75,28035.5316
1779537668,R_75,28030.3125
1779537670,R_75,28026.521
1779537672,R_75,28023.2955
1779537674,R_75,28025.9368
1779537676,R_75,28019.0013
1779537678,R_75,28022.6048
1779537680,R_75,28015.0791
1779537682,R_75,28012.0588
1779537684,R_75,28021.3871
1779537686,R_75,28015.8442
1779537688,R_75,28020.8145
1779537690,R_75,28014.4342
1779537692,R_75,28019.7795
1779537694,R_75,28021.6989
1779537696,R_75,28032.2785
1779537698,R_75,28041.9585
1779537700,R_75,28042.3364
1779537702,R_75,28037.2089
1779537704,R_75,28036.6149
1779537706,R_75,28041.4747
1779537708,R_75,28043.0691
1779537710,R_75,28047.2973
1779537712,R_75,28053.2507
1779537714,R_75,28050.7289
1779537716,R_75,28055.5922
1779537718,R_75,28050.2768
1779537720,R_75,28047.0197
1779537722,R_75,28053.456
1779537724,R_75,28044.6525
1779537726,R_75,28040.3644
1779537728,R_75,28044.5086
1779537730,R_75,28043.3232
1779537732,R_75,28045.2314
1779537734,R_75,28041.7673
1779537736,R_75,28035.1911
1779537738,R_75,28040.2348
1779537740,R_75,28037.5248
1779537742,R_75,28038.8038
1779537744,R_75,28043.1201
1779537746,R_75,28046.1793
1779537748,R_75,28034.7801
1779537750,R_75,28041.0456
1779537752,R_75,28044.2718
1779537754,R_75,28047.2059
1779537756,R_75,28047.6729
1779537758,R_75,28049.8645
1779537760,R_75,28059.2657
1779537762,R_75,28059.8491
1779537764,R_75,28068.2066
1779537766,R_75,28061.126
1779537768,R_75,28058.1589
1779537770,R_75,28055.4393
1779537772,R_75,28052.7025
1779537774,R_75,28051.0279
1779537776,R_75,28043.8826
1779537778,R_75,28030.1452
1779537780,R_75,28029.9384
1779537782,R_75,28031.2066
1779537784,R_75,28038.4131
1779537786,R_75,28031.6318
1779537788,R_75,28037.9615
1779537790,R_75,28036.0684
1779537792,R_75,28042.7023
1779537794,R_75,28042.9578
1779537796,R_75,28044.2633
1779537798,R_75,28047.2854
1779537800,R_75,28047.3693
1779537802,R_75,28042.4185
1779537804,R_75,28040.5278
1779537806,R_75,28044.8501
1779537808,R_75,28036.8988
1779537810,R_75,28036.3173
1779537812,R_75,28043.2528
1779537814,R_75,28032.1202
1779537816,R_75,28029.5114
1779537818,R_75,28029.2929
1779537820,R_75,28025.6392
1779537822,R_75,28024.8527
1779537824,R_75,28018.281
1779537826,R_75,28017.8302
1779537828,R_75,28019.6512
1779537830,R_75,28019.7135
1779537832,R_75,28022.3832
1779537834,R_75,28020.5903
1779537836,R_75,28018.4058
1779537838,R_75,28021.9619
1779537840,R_75,28021.1003
1779537842,R_75,28016.2399
1779537844,R_75,28017.8675
1779537846,R_75,28018.8408
1779537848,R_75,28011.6753
1779537850,R_75,28014.1152
1779537852,R_75,28017.887
1779537854,R_75,28013.0078
1779537856,R_75,28013.8373
1779537858,R_75,28012.4155
1779537860,R_75,28017.9521
1779537862,R_75,28026.4888
1779537864,R_75,28021.4869
1779537866,R_75,28026.6347
1779537868,R_75,28036.5158
1779537870,R_75,28034.7626
1779537872,R_75,28038.9755
1779537874,R_75,28042.3139
1779537876,R_75,28035.8931
1779537878,R_75,28032.5693
1779537880,R_75,28025.7739
1779537882,R_75,28031.0117
1779537884,R_75,28034.8275
1779537886,R_75,28049.0626
1779537888,R_75,28048.3882
1779537890,R_75,28054.5155
1779537892,R_75,28056.718
1779537894,R_75,28053.2196
1779537896,R_75,28056.4205
1779537898,R_75,28062.0391
1779537900,R_75,28062.4548
1779537902,R_75,28056.3743
1779537904,R_75,28061.6908
1779537906,R_75,28061.3357
1779537908,R_75,28063.1344
1779537910,R_75,28058.7238
1779537912,R_75,28062.8412
1779537914,R_75,28066.2548
1779537916,R_75,28073.2451
1779537918,R_75,28071.8854
1779537920,R_75,28064.0444
1779537922,R_75,28068.1962
1779537924,R_75,28071.8483
1779537926,R_75,28070.9872
1779537928,R_75,28077.336
1779537930,R_75,28074.9708
1779537932,R_75,28071.8219
1779537934,R_75,28072.0441
1779537936,R_75,28075.8456
1779537938,R_75,28097.6818
1779537940,R_75,28093.295
1779537942,R_75,28093.4651
1779537944,R_75,28095.2757
1779537946,R_75,28099.3234
1779537948,R_75,28092.7889
1779537950,R_75,28098.738
1779537952,R_75,28099.2371
1779537954,R_75,28096.3707
1779537956,R_75,28102.8837
1779537958,R_75,28106.5571
1779537960,R_75,28108.2935
1779537962,R_75,28112.0064
1779537964,R_75,28113.3508
1779537966,R_75,28106.8507
1779537968,R_75,28109.7355
1779537970,R_75,28114.1146
1779537972,R_75,28106.6301
1779537974,R_75,28110.4815
1779537976,R_75,28101.1656
1779537978,R_75,28104.8943
1779537980,R_75,28099.1642
1779537982,R_75,28107.1797
1779537984,R_75,28114.39
1779537986,R_75,28111.641
1779537988,R_75,28111.1517
1779537990,R_75,28113.611
1779537992,R_75,28114.1229
1779537994,R_75,28114.7316
1779537996,R_75,28103.0535
1779537998,R_75,28102.7587
1779538000,R_75,28108.3711
1779538002,R_75,28113.4839
1779538004,R_75,28117.0854
1779538006,R_75,28122.7473
1779538008,R_75,28126.0527
1779538010,R_75,28130.9364
1779538012,R_75,28127.907
1779538014,R_75,28131.3699
1779538016,R_75,28138.2828
1779538018,R_75,28135.721
1779538020,R_75,28129.3419
1779538022,R_75,28136.2471
1779538024,R_75,28134.7211
1779538026,R_75,28129.2013
1779538028,R_75,28129.272
1779538030,R_75,28127.7255
1779538032,R_75,28119.4309
1779538034,R_75,28114.3529
1779538036,R_75,28113.0838
1779538038,R_75,28114.9185
1779538040,R_75,28114.9935
1779538042,R_75,28111.9475
1779538044,R_75,28107.9553
1779538046,R_75,28114.0744
1779538048,R_75,28111.4092
1779538050,R_75,28118.9652
1779538052,R_75,28115.3584
1779538054,R_75,28118.9837
1779538056,R_75,28118.8965
1779538058,R_75,28113.4395
1779538060,R_75,28109.4222
1779538062,R_75,28110.4783
1779538064,R_75,28102.8349
1779538066,R_75,28091.6328
1779538068,R_75,28095.3752
1779538070,R_75,28092.6198
1779538072,R_75,28095.4523
1779538074,R_75,28091.0505
1779538076,R_75,28086.9662
1779538078,R_75,28079.4447
1779538080,R_75,28088.2608
1779538082,R_75,28100.6024
1779538084,R_75,28097.8623
1779538086,R_75,28102.6252
1779538088,R_75,28118.36
1779538090,R_75,28127.8738
1779538092,R_75,28125.6946
1779538094,R_75,28133.3703
1779538096,R_75,28134.9227
1779538098,R_75,28141.6118
1779538100,R_75,28135.3311
1779538102,R_75,28127.624
1779538104,R_75,28127.6478
1779538106,R_75,28118.1609
1779538108,R_75,28121.5092
1779538110,R_75,28125.8177
1779538112,R_75,28125.7438
1779538114,R_75,28125.9597
1779538116,R_75,28125.1407
1779538118,R_75,28119.7192
1779538120,R_75,28120.6537
1779538122,R_75,28120.3652
1779538124,R_75,28117.4658
1779538126,R_75,28117.5349
1779538128,R_75,28114.7073
1779538130,R_75,28124.4038
1779538132,R_75,28130.5559
1779538134,R_75,28123.9263
1779538136,R_75,28122.5617
1779538138,R_75,28129.1666
1779538140,R_75,28132.1721
1779538142,R_75,28130.4018
1779538144,R_75,28124.4118
1779538146,R_75,28134.6182
1779538148,R_75,28128.2707
1779538150,R_75,28126.6917
1779538152,R_75,28125.5184
1779538154,R_75,28117.8181
1779538156,R_75,28114.1871
1779538158,R_75,28119.3385
1779538160,R_75,28125.3813
1779538162,R_75,28123.5901
1779538164,R_75,28125.9215
1779538166,R_75,28116.5024
1779538168,R_75,28120.8408
1779538170,R_75,28122.5047
1779538172,R_75,28115.0613
1779538174,R_75,28107.3365
1779538176,R_75,28111.5006
1779538178,R_75,28104.6191
1779538180,R_75,28106.8535
1779538182,R_75,28097.1335
1779538184,R_75,28093.8372
1779538186,R_75,28092.7108
1779538188,R_75,28090.3968
1779538190,R_75,28088.6363
1779538192,R_75,28095.3747
1779538194,R_75,28091.9266
1779538196,R_75,28096.6221
1779538198,R_75,28100.8468
1779538200,R_75,28093.8721
1779538202,R_75,28096.9844
1779538204,R_75,28097.3799
1779538206,R_75,28102.6948
1779538208,R_75,28115.8372
1779538210,R_75,28116.4218
1779538212,R_75,28119.8427
1779538214,R_75,28119.3946
1779538216,R_75,28121.2371
1779538218,R_75,28118.4328
1779538220,R_75,28110.3857
1779538222,R_75,28108.1251
1779538224,R_75,28104.4011
1779538226,R_75,28112.5258
1779538228,R_75,28110.4848
1779538230,R_75,28101.7319
1779538232,R_75,28106.9717
1779538234,R_75,28107.2376
1779538236,R_75,28094.2432
1779538238,R_75,28079.423
1779538240,R_75,28091.4618
1779538242,R_75,28099.2738
1779538244,R_75,28093.9182
1779538246,R_75,28094.2227
1779538248,R_75,28096.2678
1779538250,R_75,28099.6972
1779538252,R_75,28099.8698
1779538254,R_75,28098.4289
1779538256,R_75,28106.5648
1779538258,R_75,28107.8492
1779538260,R_75,28103.5693
1779538262,R_75,28103.5075
1779538264,R_75,28099.0537
1779538266,R_75,28095.476
1779538268,R_75,28085.192
1779538270,R_75,28091.3417
1779538272,R_75,28092.3815
1779538274,R_75,28090.5157
1779538276,R_75,28090.917
1779538278,R_75,28094.4857
1779538280,R_75,28087.0068
1779538282,R_75,28088.079
1779538284,R_75,28083.7896
1779538286,R_75,28093.8719
1779538288,R_75,28098.6849
1779538290,R_75,28098.2382
1779538292,R_75,28104.1782
1779538294,R_75,28108.7091
1779538296,R_75,28102.2774
1779538298,R_75,28092.6593
1779538300,R_75,28085.1166
1779538302,R_75,28078.5705
1779538304,R_75,28070.0499
1779538306,R_75,28067.8282
1779538308,R_75,28066.7908
1779538310,R_75,28058.0295
1779538312,R_75,28051.7581
1779538314,R_75,28047.3965
1779538316,R_75,28037.9826
1779538318,R_75,28038.3244
1779538320,R_75,28034.1332
1779538322,R_75,28034.735
1779538324,R_75,28029.1231
1779538326,R_75,28036.4589
1779538328,R_75,28044.2079
1779538330,R_75,28041.2672
1779538332,R_75,28034.6694
1779538334,R_75,28034.1336
1779538336,R_75,28028.99
1779538338,R_75,28030.5993
1779538340,R_75,28029.3648
1779538342,R_75,28033.8079
1779538344,R_75,28025.1874
1779538346,R_75,28032.5207
1779538348,R_75,28032.8377
1779538350,R_75,28035.7859
1779538352,R_75,28040.1914
1779538354,R_75,28048.2008
1779538356,R_75,28049.0818
1779538358,R_75,28043.7569
1779538360,R_75,28050.3469
1779538362,R_75,28044.1126
1779538364,R_75,28044.5498
1779538366,R_75,28042.6768
1779538368,R_75,28033.8876
1779538370,R_75,28035.7997
1779538372,R_75,28044.1358
1779538374,R_75,28042.0926
1779538376,R_75,28033.5312
1779538378,R_75,28027.3704
1779538380,R_75,28030.2336
1779538382,R_75,28035.6041
1779538384,R_75,28027.4415
1779538386,R_75,28029.5949
1779538388,R_75,28033.9543
1779538390,R_75,28040.3715
1779538392,R_75,28042.1084
1779538394,R_75,28051.2078
1779538396,R_75,28055.0561
1779538398,R_75,28046.0291
1779538400,R_75,28046.471
1779538402,R_75,28053.5821
1779538404,R_75,28055.9639
1779538406,R_75,28059.0083
1779538408,R_75,28062.6078
1779538410,R_75,28070.6497
1779538412,R_75,28067.5258
1779538414,R_75,28068.2613
1779538416,R_75,28064.593
1779538418,R_75,28061.44
1779538420,R_75,28061.5903
1779538422,R_75,28059.6833
1779538424,R_75,28060.6268
1779538426,R_75,28059.3627
1779538428,R_75,28065.4132
1779538430,R_75,28070.6864
1779538432,R_75,28077.3956
1779538434,R_75,28069.9968
1779538436,R_75,28067.7564
1779538438,R_75,28076.8845
1779538440,R_75,28072.8015
1779538442,R_75,28067.6188
1779538444,R_75,28064.623
1779538446,R_75,28064.674
1779538448,R_75,28061.3152
1779538450,R_75,28053.4782
1779538452,R_75,28057.5369
1779538454,R_75,28068.1851
1779538456,R_75,28065.8303
1779538458,R_75,28063.8934
1779538460,R_75,28062.2524
1779538462,R_75,28051.328
1779538464,R_75,28047.8863
1779538466,R_75,28057.784
1779538468,R_75,28055.2612
1779538470,R_75,28050.7171
1779538472,R_75,28055.135
1779538474,R_75,28053.1274
1779538476,R_75,28048.0549
1779538478,R_75,28042.8355
1779538480,R_75,28041.5386
1779538482,R_75,28037.1192
1779538484,R_75,28031.7449
1779538486,R_75,28027.2579
1779538488,R_75,28029.022
1779538490,R_75,28032.8462
1779538492,R_75,28039.2478
1779538494,R_75,28040.993
1779538496,R_75,28040.997
1779538498,R_75,28034.838
1779538500,R_75,28032.2681
1779538502,R_75,28023.8291
1779538504,R_75,28033.0393
1779538506,R_75,28031.3513
1779538508,R_75,28032.686
1779538510,R_75,28032.7431
1779538512,R_75,28024.6866
1779538514,R_75,28018.6083
1779538516,R_75,28025.4646
1779538518,R_75,28025.7438
1779538520,R_75,28030.0819
1779538522,R_75,28032.5316
1779538524,R_75,28034.4953
1779538526,R_75,28035.4309
1779538528,R_75,28042.0657
1779538530,R_75,28043.7259
1779538532,R_75,28043.2517
1779538534,R_75,28048.6094
1779538536,R_75,28042.3352
1779538538,R_75,28047.9548
1779538540,R_75,28043.2174
1779538542,R_75,28041.3521
1779538544,R_75,28048.0023
1779538546,R_75,28060.2888
1779538548,R_75,28054.6517
1779538550,R_75,28055.1316
1779538552,R_75,28053.058
1779538554,R_75,28058.9148
1779538556,R_75,28055.0976
1779538558,R_75,28051.624
1779538560,R_75,28048.9379
1779538562,R_75,28051.9754
1779538564,R_75,28057.3936
1779538566,R_75,28060.7576
1779538568,R_75,28064.2011
1779538570,R_75,28062.9691
1779538572,R_75,28069.5031
1779538574,R_75,28081.22
1779538576,R_75,28084.1277
1779538578,R_75,28082.6404
1779538580,R_75,28085.4297
1779538582,R_75,28088.5914
1779538584,R_75,28095.1833
1779538586,R_75,28086.0968
1779538588,R_75,28079.1933
1779538590,R_75,28077.7733
1779538592,R_75,28078.0421
1779538594,R_75,28089.6505
1779538596,R_75,28088.9136
1779538598,R_75,28089.0393
1779538600,R_75,28085.8439
1779538602,R_75,28087.0141
1779538604,R_75,28086.6497
1779538606,R_75,28084.1418
1779538608,R_75,28077.2507
1779538610,R_75,28073.1564
1779538612,R_75,28071.7865
1779538614,R_75,28071.7435
1779538616,R_75,28076.0356
1779538618,R_75,28077.0181
1779538620,R_75,28070.142
1779538622,R_75,28068.6875
1779538624,R_75,28068.4458
1779538626,R_75,28079.7879
1779538628,R_75,28081.0572
1779538630,R_75,28075.9697
1779538632,R_75,28083.1643
1779538634,R_75,28089.7271
1779538636,R_75,28089.6818
1779538638,R_75,28085.6572
1779538640,R_75,28080.3211
1779538642,R_75,28089.5212
1779538644,R_75,28093.1797
1779538646,R_75,28085.2368
1779538648,R_75,28082.1235
1779538650,R_75,28080.2348
1779538652,R_75,28076.833
1779538654,R_75,28074.0071
1779538656,R_75,28055.8792
1779538658,R_75,28059.0516
1779538660,R_75,28066.2647
1779538662,R_75,28069.6953
1779538664,R_75,28068.5728
1779538666,R_75,28065.3306
1779538668,R_75,28061.2301
1779538670,R_75,28062.3426
1779538672,R_75,28060.796
1779538674,R_75,28062.6674
1779538676,R_75,28077.2654
1779538678,R_75,28070.3301
1779538680,R_75,28067.39
1779538682,R_75,28074.6349
1779538684,R_75,28079.6723
1779538686,R_75,28080.7732
1779538688,R_75,28085.4752
1779538690,R_75,28083.5571
1779538692,R_75,28080.6932
1779538694,R_75,28074.9386
1779538696,R_75,28083.0484
1779538698,R_75,28079.5177
1779538700,R_75,28075.5381
1779538702,R_75,28064.1788
1779538704,R_75,28056.428
1779538706,R_75,28065.5412
1779538708,R_75,28067.3767
1779538710,R_75,28057.6751
1779538712,R_75,28054.548
1779538714,R_75,28055.5527
1779538716,R_75,28055.1428
1779538718,R_75,28056.6406
1779538720,R_75,28047.6651
1779538722,R_75,28039.1416
1779538724,R_75,28038.387
1779538726,R_75,28035.5368
1779538728,R_75,28037.225
1779538730,R_75,28030.7515
1779538732,R_75,28034.4929
1779538734,R_75,28035.6713
1779538736,R_75,28033.955
1779538738,R_75,28027.0459
1779538740,R_75,28030.6021
1779538742,R_75,28033.2851
1779538744,R_75,28029.9546
1779538746,R_75,28024.6903
1779538748,R_75,28030.5306
1779538750,R_75,28026.3877
1779538752,R_75,28034.1895
1779538754,R_75,28036.2079
1779538756,R_75,28035.2714
1779538758,R_75,28029.9512
1779538760,R_75,28026.3129
1779538762,R_75,28019.7217
1779538764,R_75,28017.6113
1779538766,R_75,28011.8187
1779538768,R_75,28010.0974
1779538770,R_75,28003.6032
1779538772,R_75,28006.1108
1779538774,R_75,28005.6072
1779538776,R_75,28010.9419
1779538778,R_75,28014.6681
1779538780,R_75,28019.2825
1779538782,R_75,28019.5219
1779538784,R_75,28008.481
1779538786,R_75,28012.3385
1779538788,R_75,28008.9149
1779538790,R_75,28012.3818
1779538792,R_75,28009.0942
1779538794,R_75,28008.7348
1779538796,R_75,28010.622
1779538798,R_75,28020.8963
1779538800,R_75,28024.1866
1779538802,R_75,28018.248
1779538804,R_75,28017.3574
1779538806,R_75,28018.365
1779538808,R_75,28025.1447
1779538810,R_75,28035.5051
1779538812,R_75,28040.8937
1779538814,R_75,28041.5202
1779538816,R_75,28038.4495
1779538818,R_75,28056.4853
1779538820,R_75,28053.7049
1779538822,R_75,28057.3438
1779538824,R_75,28055.6096
1779538826,R_75,28067.5843
1779538828,R_75,28068.5096
1779538830,R_75,28073.0254
1779538832,R_75,28073.0456
1779538834,R_75,28080.3309
1779538836,R_75,28071.0562
1779538838,R_75,28072.5976
1779538840,R_75,28071.2572
1779538842,R_75,28077.5061
1779538844,R_75,28067.0263
1779538846,R_75,28070.8029
1779538848,R_75,28070.7959
1779538850,R_75,28066.2251
1779538852,R_75,28066.2193
1779538854,R_75,28064.4648
1779538856,R_75,28063.547
1779538858,R_75,28068.9837
1779538860,R_75,28066.0241
1779538862,R_75,28057.0082
1779538864,R_75,28045.9741
1779538866,R_75,28043.6333
1779538868,R_75,28044.1588
1779538870,R_75,28046.2795
1779538872,R_75,28051.7225
1779538874,R_75,28053.9491
1779538876,R_75,28063.045
1779538878,R_75,28054.7075
1779538880,R_75,28050.0873
1779538882,R_75,28042.8931
1779538884,R_75,28036.5641
1779538886,R_75,28021.3865
1779538888,R_75,28024.6849
1779538890,R_75,28029.8593
1779538892,R_75,28027.4266
1779538894,R_75,28022.5618
1779538896,R_75,28016.9276
1779538898,R_75,28014.5254
1779538900,R_75,28009.72
1779538902,R_75,28010.5463
1779538904,R_75,28003.3017
1779538906,R_75,28006.4264
1779538908,R_75,27993.1415
1779538910,R_75,27998.5715
1779538912,R_75,27988.1775
1779538914,R_75,27994.9997
1779538916,R_75,28005.05
1779538918,R_75,27999.4086
1779538920,R_75,27993.7546
1779538922,R_75,28005.9148
1779538924,R_75,28006.6876
1779538926,R_75,28010.584
1779538928,R_75,28012.3674
1779538930,R_75,28022.2469
1779538932,R_75,28014.6622
1779538934,R_75,28021.7546
1779538936,R_75,28023.3392
1779538938,R_75,28031.09
1779538940,R_75,28032.6041
1779538942,R_75,28036.8106
1779538944,R_75,28031.7295
1779538946,R_75,28029.6682
1779538948,R_75,28025.3596
1779538950,R_75,28026.1899
1779538952,R_75,28027.1092
1779538954,R_75,28018.3725
1779538956,R_75,28014.7361
1779538958,R_75,28018.1326
1779538960,R_75,28018.4285
1779538962,R_75,28021.0375
1779538964,R_75,28026.3211
1779538966,R_75,28018.8243
1779538968,R_75,28016.9535
1779538970,R_75,28025.3952
1779538972,R_75,28018.2959
1779538974,R_75,28023.2647
1779538976,R_75,28025.8662
1779538978,R_75,28030.5353
1779538980,R_75,28036.1575
1779538982,R_75,28042.5007
1779538984,R_75,28040.6175
1779538986,R_75,28038.4293
1779538988,R_75,28035.665
1779538990,R_75,28026.9323
1779538992,R_75,28031.5363
1779538994,R_75,28036.2419
1779538996,R_75,28043.7015
1779538998,R_75,28036.2762
1779539000,R_75,28031.989
1779539002,R_75,28035.3709
1779539004,R_75,28048.0227
1779539006,R_75,28052.7508
1779539008,R_75,28052.6213
1779539010,R_75,28056.1502
1779539012,R_75,28048.7665
1779539014,R_75,28051.252
1779539016,R_75,28052.1043
1779539018,R_75,28041.6959
1779539020,R_75,28043.432
1779539022,R_75,28039.4082
1779539024,R_75,28035.8672
1779539026,R_75,28033.4716
1779539028,R_75,28041.562
1779539030,R_75,28036.2094
1779539032,R_75,28033.0068
1779539034,R_75,28033.6338
1779539036,R_75,28040.6759
1779539038,R_75,28036.6271
1779539040,R_75,28035.0251
1779539042,R_75,28035.4817
1779539044,R_75,28036.4253
1779539046,R_75,28041.6169
1779539048,R_75,28035.2198
1779539050,R_75,28030.1318
1779539052,R_75,28029.2308
1779539054,R_75,28022.2932
1779539056,R_75,28021.3287
1779539058,R_75,28027.6785
1779539060,R_75,28028.8268
1779539062,R_75,28035.7927
1779539064,R_75,28042.7703
1779539066,R_75,28031.6722
1779539068,R_75,28035.1688
1779539070,R_75,28035.5346
1779539072,R_75,28029.6601
1779539074,R_75,28041.1929
1779539076,R_75,28040.4185
1779539078,R_75,28039.9328
1779539080,R_75,28038.5978
1779539082,R_75,28029.7053
1779539084,R_75,28030.7877
1779539086,R_75,28037.5469
1779539088,R_75,28036.0746
1779539090,R_75,28033.3127
1779539092,R_75,28040.9097
1779539094,R_75,28041.0491
1779539096,R_75,28043.7294
1779539098,R_75,28047.5094
1779539100,R_75,28047.059
1779539102,R_75,28051.5793
1779539104,R_75,28053.3972
1779539106,R_75,28052.2175
1779539108,R_75,28046.4453
1779539110,R_75,28050.895
1779539112,R_75,28048.6399
1779539114,R_75,28048.4054
1779539116,R_75,28045.2771
1779539118,R_75,28057.4213
1779539120,R_75,28054.8979
1779539122,R_75,28046.4118
1779539124,R_75,28054.0905
1779539126,R_75,28055.5125
1779539128,R_75,28053.5271
1779539130,R_75,28044.2618
1779539132,R_75,28041.1572
1779539134,R_75,28049.7667
1779539136,R_75,28056.9388
1779539138,R_75,28061.0458
1779539140,R_75,28055.4717
1779539142,R_75,28063.9538
1779539144,R_75,28060.5662
1779539146,R_75,28060.3971
1779539148,R_75,28062.5889
1779539150,R_75,28061.2884
1779539152,R_75,28057.8723
1779539154,R_75,28057.8819
1779539156,R_75,28053.3354
1779539158,R_75,28047.952
1779539160,R_75,28040.4103
1779539162,R_75,28038.2364
1779539164,R_75,28035.3223
1779539166,R_75,28041.4721
1779539168,R_75,28043.0911
1779539170,R_75,28049.0912
1779539172,R_75,28052.7603
1779539174,R_75,28053.3695
1779539176,R_75,28052.9075
1779539178,R_75,28051.1859
1779539180,R_75,28058.4629
1779539182,R_75,28057.1488
1779539184,R_75,28050.4421
1779539186,R_75,28053.9975
1779539188,R_75,28057.0175
1779539190,R_75,28052.9997
1779539192,R_75,28048.4088
1779539194,R_75,28047.8767
1779539196,R_75,28048.1579
1779539198,R_75,28047.3889
1779539200,R_75,28064.2215
1779539202,R_75,28054.1309
1779539204,R_75,28050.9169
1779539206,R_75,28051.2332
1779539208,R_75,28054.61
1779539210,R_75,28051.3662
1779539212,R_75,28045.2515
1779539214,R_75,28042.2559
1779539216,R_75,28044.9685
1779539218,R_75,28050.2231
1779539220,R_75,28047.9561
1779539222,R_75,28054.7407
1779539224,R_75,28052.5191
1779539226,R_75,28045.5287
1779539228,R_75,28051.6097
1779539230,R_75,28054.8441
1779539232,R_75,28058.1842
1779539234,R_75,28055.5205
1779539236,R_75,28057.0757
1779539238,R_75,28058.5543
1779539240,R_75,28061.7944
1779539242,R_75,28068.7193
1779539244,R_75,28074.9075
1779539246,R_75,28065.878
1779539248,R_75,28060.9527
1779539250,R_75,28060.4734
1779539252,R_75,28065.2891
1779539254,R_75,28076.7048
1779539256,R_75,28077.0838
1779539258,R_75,28069.4231
1779539260,R_75,28073.1083
1779539262,R_75,28076.9293
1779539264,R_75,28076.2735
1779539266,R_75,28075.3355
1779539268,R_75,28079.1143
1779539270,R_75,28076.0463
1779539272,R_75,28073.5269
1779539274,R_75,28075.0067
1779539276,R_75,28062.2183
1779539278,R_75,28072.1442
1779539280,R_75,28076.1698
1779539282,R_75,28077.5773
1779539284,R_75,28079.2639
1779539286,R_75,28080.8472
1779539288,R_75,28084.9577
1779539290,R_75,28093.9528
1779539292,R_75,28090.9295
1779539294,R_75,28098.6628
1779539296,R_75,28099.2984
1779539298,R_75,28110.3103
1779539300,R_75,28106.7305
1779539302,R_75,28107.288
1779539304,R_75,28104.9081
1779539306,R_75,28102.3876
1779539308,R_75,28093.2021
1779539310,R_75,28096.7176
1779539312,R_75,28084.4955
1779539314,R_75,28094.2342
1779539316,R_75,28103.3206
1779539318,R_75,28102.3411
1779539320,R_75,28103.5203
1779539322,R_75,28112.0681
1779539324,R_75,28104.5094
1779539326,R_75,28108.6196
1779539328,R_75,28106.426
1779539330,R_75,28106.258
1779539332,R_75,28118.015
1779539334,R_75,28118.6793
1779539336,R_75,28116.071
1779539338,R_75,28121.6603
1779539340,R_75,28122.4275
1779539342,R_75,28124.6168
1779539344,R_75,28128.5084
1779539346,R_75,28133.0058
1779539348,R_75,28132.6761
1779539350,R_75,28130.4124
1779539352,R_75,28123.3494
1779539354,R_75,28128.5523
1779539356,R_75,28126.6153
1779539358,R_75,28129.4718
1779539360,R_75,28135.306
1779539362,R_75,28138.4189
1779539364,R_75,28130.4113
1779539366,R_75,28136.9685
1779539368,R_75,28142.2626
1779539370,R_75,28138.1438
1779539372,R_75,28132.2944
1779539374,R_75,28131.8624
1779539376,R_75,28130.2057
1779539378,R_75,28123.6651
1779539380,R_75,28134.1262
1779539382,R_75,28137.5342
1779539384,R_75,28130.9515
1779539386,R_75,28126.0806
1779539388,R_75,28132.0947
1779539390,R_75,28132.2177
1779539392,R_75,28138.2794
1779539394,R_75,28135.9511
1779539396,R_75,28132.6291
1779539398,R_75,28138.0124
1779539400,R_75,28135.6075
1779539402,R_75,28134.9943
1779539404,R_75,28140.2199
1779539406,R_75,28147.1142
1779539408,R_75,28142.9853
1779539410,R_75,28152.3508
1779539412,R_75,28159.1879
1779539414,R_75,28156.2014
1779539416,R_75,28163.3616
1779539418,R_75,28164.0988
1779539420,R_75,28170.5345
1779539422,R_75,28164.2372
1779539424,R_75,28162.7286
1779539426,R_75,28169.2069
1779539428,R_75,28169.6306
1779539430,R_75,28176.7183
1779539432,R_75,28174.012
1779539434,R_75,28179.8649
1779539436,R_75,28167.8484
1779539438,R_75,28166.4061
1779539440,R_75,28164.1363
1779539442,R_75,28156.2656
1779539444,R_75,28158.8961
1779539446,R_75,28168.6253
1779539448,R_75,28168.6039
1779539450,R_75,28171.3662
1779539452,R_75,28170.5867
1779539454,R_75,28165.1133
1779539456,R_75,28176.9784
1779539458,R_75,28177.9659
1779539460,R_75,28173.5791
1779539462,R_75,28175.0026
1779539464,R_75,28173.8217
1779539466,R_75,28170.8384
1779539468,R_75,28162.1197
1779539470,R_75,28169.3377
1779539472,R_75,28164.2636
1779539474,R_75,28160.7537
1779539476,R_75,28161.6363
1779539478,R_75,28158.39
1779539480,R_75,28163.4323
1779539482,R_75,28160.8473
1779539484,R_75,28162.5349
1779539486,R_75,28163.8226
1779539488,R_75,28161.0192
1779539490,R_75,28165.4986
1779539492,R_75,28162.9884
1779539494,R_75,28161.109
1779539496,R_75,28151.2918
1779539498,R_75,28152.2946
1779539500,R_75,28153.2392
1779539502,R_75,28147.6144
1779539504,R_75,28150.0637
1779539506,R_75,28149.8481
1779539508,R_75,28148.2238
1779539510,R_75,28148.1648
1779539512,R_75,28148.8686
1779539514,R_75,28147.2722
1779539516,R_75,28136.739
1779539518,R_75,28141.4112
1779539520,R_75,28139.8318
1779539522,R_75,28137.5483
1779539524,R_75,28137.4746
1779539526,R_75,28147.3312
1779539528,R_75,28150.8547
1779539530,R_75,28144.8365
1779539532,R_75,28147.2433
1779539534,R_75,28145.3937
1779539536,R_75,28133.9223
1779539538,R_75,28133.4853
1779539540,R_75,28122.5007
1779539542,R_75,28127.6518
1779539544,R_75,28124.1971
1779539546,R_75,28124.6578
1779539548,R_75,28117.0125
1779539550,R_75,28119.1858
1779539552,R_75,28125.4245
1779539554,R_75,28118.42
1779539556,R_75,28113.5874
1779539558,R_75,28114.9161
1779539560,R_75,28112.735
1779539562,R_75,28111.1204
1779539564,R_75,28127.7982
1779539566,R_75,28127.3395
1779539568,R_75,28124.0543
1779539570,R_75,28122.408
1779539572,R_75,28121.6673
1779539574,R_75,28116.2039
1779539576,R_75,28109.9524
1779539578,R_75,28108.9372
1779539580,R_75,28116.6145
1779539582,R_75,28109.4402
1779539584,R_75,28117.1348
1779539586,R_75,28116.4044
1779539588,R_75,28120.0576
1779539590,R_75,28113.6529
1779539592,R_75,28117.6025
1779539594,R_75,28122.5764
1779539596,R_75,28122.9695
1779539598,R_75,28122.431
1779539600,R_75,28128.4004
1779539602,R_75,28124.1572
1779539604,R_75,28123.6114
1779539606,R_75,28125.3788
1779539608,R_75,28119.831
1779539610,R_75,28112.2731
1779539612,R_75,28105.3188
1779539614,R_75,28095.6973
1779539616,R_75,28095.8747
1779539618,R_75,28087.4936
1779539620,R_75,28093.1537
1779539622,R_75,28094.0034
1779539624,R_75,28094.8178
1779539626,R_75,28095.3082
1779539628,R_75,28084.404
1779539630,R_75,28087.9342
1779539632,R_75,28076.518
1779539634,R_75,28074.0019
1779539636,R_75,28068.713
1779539638,R_75,28072.8753
1779539640,R_75,28068.1163
1779539642,R_75,28068.256
1779539644,R_75,28067.6263
1779539646,R_75,28073.0506
1779539648,R_75,28060.6955
1779539650,R_75,28060.6762
1779539652,R_75,28063.0477
1779539654,R_75,28064.4929
1779539656,R_75,28065.6972
1779539658,R_75,28064.4059
1779539660,R_75,28069.6426
1779539662,R_75,28075.7306
1779539664,R_75,28084.051
1779539666,R_75,28086.2245
1779539668,R_75,28090.7024
1779539670,R_75,28091.6818
1779539672,R_75,28091.2538
1779539674,R_75,28086.9457
1779539676,R_75,28080.06
1779539678,R_75,28077.4196
1779539680,R_75,28076.9163
1779539682,R_75,28079.8916
1779539684,R_75,28082.9754
1779539686,R_75,28082.6915
1779539688,R_75,28085.3265
1779539690,R_75,28082.9216
1779539692,R_75,28077.0983
1779539694,R_75,28077.0589
1779539696,R_75,28081.9243
1779539698,R_75,28083.301
1779539700,R_75,28084.3158
1779539702,R_75,28085.0389
1779539704,R_75,28088.1381
1779539706,R_75,28082.79
1779539708,R_75,28077.7711
1779539710,R_75,28071.9679
1779539712,R_75,28064.1043
1779539714,R_75,28074.8626
1779539716,R_75,28080.0006
1779539718,R_75,28080.9874
1779539720,R_75,28075.1934
1779539722,R_75,28078.1129
1779539724,R_75,28076.4769
1779539726,R_75,28070.3996
1779539728,R_75,28068.6195
1779539730,R_75,28065.932
1779539732,R_75,28063.2118
1779539734,R_75,28057.7369
1779539736,R_75,28063.0687
1779539738,R_75,28058.8103
1779539740,R_75,28056.9485
1779539742,R_75,28060.6413
1779539744,R_75,28059.9454
1779539746,R_75,28057.7956
1779539748,R_75,28059.767
1779539750,R_75,28059.4046
1779539752,R_75,28066.4875
1779539754,R_75,28066.2496
1779539756,R_75,28067.7538
1779539758,R_75,28069.0341
1779539760,R_75,28069.3459
1779539762,R_75,28070.275
1779539764,R_75,28078.3474
1779539766,R_75,28075.1629
1779539768,R_75,28076.8696
1779539770,R_75,28078.7062
1779539772,R_75,28069.201
1779539774,R_75,28074.7295
1779539776,R_75,28069.9954
1779539778,R_75,28069.6654
1779539780,R_75,28064.4696
1779539782,R_75,28065.2015
1779539784,R_75,28068.1622
1779539786,R_75,28068.9714
1779539788,R_75,28069.7096
1779539790,R_75,28066.6994
1779539792,R_75,28066.605
1779539794,R_75,28051.546
1779539796,R_75,28054.1862
1779539798,R_75,28065.9812
1779539800,R_75,28050.759
1779539802,R_75,28058.6435
1779539804,R_75,28060.4798
1779539806,R_75,28059.4829
1779539808,R_75,28058.9009
1779539810,R_75,28062.255
1779539812,R_75,28062.6333
1779539814,R_75,28066.1042
1779539816,R_75,28067.6761
1779539818,R_75,28068.389
1779539820,R_75,28066.133
1779539822,R_75,28068.2372
1779539824,R_75,28063.4443
1779539826,R_75,28067.6144
1779539828,R_75,28063.7413
1779539830,R_75,28069.929
1779539832,R_75,28069.3883
1779539834,R_75,28077.2008
1779539836,R_75,28089.5906
1779539838,R_75,28086.212
1779539840,R_75,28089.6654
1779539842,R_75,28080.3679
1779539844,R_75,28085.4419
1779539846,R_75,28089.4336
1779539848,R_75,28089.6588
1779539850,R_75,28091.5703
1779539852,R_75,28092.7037
1779539854,R_75,28088.8339
1779539856,R_75,28097.578
1779539858,R_75,28105.7661
1779539860,R_75,28107.0277
1779539862,R_75,28112.2113
1779539864,R_75,28107.9702
1779539866,R_75,28105.7813
1779539868,R_75,28099.2894
1779539870,R_75,28101.4856
1779539872,R_75,28100.655
1779539874,R_75,28102.5399
1779539876,R_75,28112.8421
1779539878,R_75,28114.6934
1779539880,R_75,28121.742
1779539882,R_75,28115.0952
1779539884,R_75,28122.942
1779539886,R_75,28119.9376
1779539888,R_75,28130.8104
1779539890,R_75,28133.4266
1779539892,R_75,28135.5049
1779539894,R_75,28139.7963
1779539896,R_75,28137.0271
1779539898,R_75,28139.4225
1779539900,R_75,28130.1263
1779539902,R_75,28136.157
1779539904,R_75,28135.9312
1779539906,R_75,28140.9633
1779539908,R_75,28136.286
1779539910,R_75,28138.9326
1779539912,R_75,28145.7729
1779539914,R_75,28148.3874
1779539916,R_75,28150.0095
1779539918,R_75,28150.1382
1779539920,R_75,28153.6449
1779539922,R_75,28156.1489
1779539924,R_75,28165.0355
1779539926,R_75,28163.682
1779539928,R_75,28164.9787
1779539930,R_75,28164.0431
1779539932,R_75,28167.218
1779539934,R_75,28169.1351
1779539936,R_75,28166.2146
1779539938,R_75,28170.8549
1779539940,R_75,28168.4728
1779539942,R_75,28168.8105
1779539944,R_75,28176.8862
1779539946,R_75,28177.0911
1779539948,R_75,28168.1647
1779539950,R_75,28178.3276
1779539952,R_75,28176.8165
1779539954,R_75,28183.474
1779539956,R_75,28176.3134
1779539958,R_75,28179.6381
1779539960,R_75,28185.2282
1779539962,R_75,28184.6201
1779539964,R_75,28186.1578
1779539966,R_75,28189.3364
1779539968,R_75,28193.2402
1779539970,R_75,28191.5564
1779539972,R_75,28196.2923
1779539974,R_75,28196.7472
1779539976,R_75,28195.5615
1779539978,R_75,28187.6479
1779539980,R_75,28196.4736
1779539982,R_75,28192.3789
1779539984,R_75,28197.3152
1779539986,R_75,28190.3514
1779539988,R_75,28191.2822
1779539990,R_75,28187.1544
1779539992,R_75,28191.1256
1779539994,R_75,28180.7017
1779539996,R_75,28185.072
1779539998,R_75,28182.4999
1779540000,R_75,28180.6685
1779540002,R_75,28168.2349
1779540004,R_75,28163.2723
1779540006,R_75,28159.2995
1779540008,R_75,28170.3088
1779540010,R_75,28177.0133
1779540012,R_75,28185.9879
1779540014,R_75,28191.8062
1779540016,R_75,28204.2902
1779540018,R_75,28209.5225
1779540020,R_75,28198.7918
1779540022,R_75,28194.6164
1779540024,R_75,28193.1724
1779540026,R_75,28196.7448
1779540028,R_75,28200.8486
1779540030,R_75,28207.7983
1779540032,R_75,28212.9395
1779540034,R_75,28213.0907
1779540036,R_75,28218.5001
1779540038,R_75,28215.9266
1779540040,R_75,28217.4348
1779540042,R_75,28215.135
1779540044,R_75,28220.8905
1779540046,R_75,28223.9362
1779540048,R_75,28222.7425
1779540050,R_75,28224.8028
1779540052,R_75,28224.3568
1779540054,R_75,28234.0067
1779540056,R_75,28230.8829
1779540058,R_75,28236.6322
1779540060,R_75,28241.5873
1779540062,R_75,28245.5089
1779540064,R_75,28248.5945
1779540066,R_75,28247.806
1779540068,R_75,28252.1968
1779540070,R_75,28249.2895
1779540072,R_75,28260.3807
1779540074,R_75,28262.4621
1779540076,R_75,28266.1717
1779540078,R_75,28259.1435
1779540080,R_75,28257.334
1779540082,R_75,28260.7857
1779540084,R_75,28266.0992
1779540086,R_75,28273.4079
1779540088,R_75,28282.1992
1779540090,R_75,28278.2906
1779540092,R_75,28279.4393
1779540094,R_75,28269.4216
1779540096,R_75,28265.2067
1779540098,R_75,28267.1535
1779540100,R_75,28267.6307
1779540102,R_75,28264.9791
1779540104,R_75,28263.1617
1779540106,R_75,28267.9164
1779540108,R_75,28275.5832
1779540110,R_75,28268.8638
1779540112,R_75,28266.291
1779540114,R_75,28268.3958
1779540116,R_75,28258.8139
1779540118,R_75,28256.6798
1779540120,R_75,28253.6815
1779540122,R_75,28255.762
1779540124,R_75,28265.6045
1779540126,R_75,28265.9339
1779540128,R_75,28270.2427
1779540130,R_75,28273.3813
1779540132,R_75,28276.7809
1779540134,R_75,28273.0248
1779540136,R_75,28286.0844
1779540138,R_75,28292.9931
1779540140,R_75,28285.2522
1779540142,R_75,28284.1628
1779540144,R_75,28279.9957
1779540146,R_75,28279.3123
1779540148,R_75,28270.9125
1779540150,R_75,28277.1331
1779540152,R_75,28278.5117
1779540154,R_75,28280.2166
1779540156,R_75,28279.4629
1779540158,R_75,28271.0402
1779540160,R_75,28269.0263
1779540162,R_75,28264.6024
1779540164,R_75,28265.2698
1779540166,R_75,28262.6061
1779540168,R_75,28269.2879
1779540170,R_75,28267.4687
1779540172,R_75,28276.9912
1779540174,R_75,28273.8017
1779540176,R_75,28272.9343
1779540178,R_75,28278.5086
1779540180,R_75,28277.1366
1779540182,R_75,28279.3753
1779540184,R_75,28280.2947
1779540186,R_75,28277.048
1779540188,R_75,28268.8776
1779540190,R_75,28272.7752
1779540192,R_75,28283.1662
1779540194,R_75,28274.927
1779540196,R_75,28281.5064
1779540198,R_75,28278.0546
1779540200,R_75,28282.2748
1779540202,R_75,28281.7398
1779540204,R_75,28282.6263
1779540206,R_75,28280.2454
1779540208,R_75,28275.9247
1779540210,R_75,28273.2038
1779540212,R_75,28276.9733
1779540214,R_75,28281.6603
1779540216,R_75,28281.0168
1779540218,R_75,28287.3864
1779540220,R_75,28287.2738
1779540222,R_75,28282.381
1779540224,R_75,28283.0967
1779540226,R_75,28293.5801
1779540228,R_75,28297.3056
1779540230,R_75,28292.8917
1779540232,R_75,28289.3614
1779540234,R_75,28286.1937
1779540236,R_75,28286.4936
1779540238,R_75,28287.8991
1779540240,R_75,28291.6092
1779540242,R_75,28294.5421
1779540244,R_75,28284.9189
1779540246,R_75,28283.0223
1779540248,R_75,28279.7661
1779540250,R_75,28287.7657
1779540252,R_75,28286.1155
1779540254,R_75,28294.549
1779540256,R_75,28298.3121
1779540258,R_75,28302.5264
1779540260,R_75,28311.462
1779540262,R_75,28312.7446
1779540264,R_75,28300.9749
1779540266,R_75,28297.2734
1779540268,R_75,28304.3569
1779540270,R_75,28308.3935
1779540272,R_75,28308.6587
1779540274,R_75,28309.5273
1779540276,R_75,28309.433
1779540278,R_75,28303.3277
1779540280,R_75,28307.6086
1779540282,R_75,28308.5272
1779540284,R_75,28302.2155
1779540286,R_75,28298.5838
1779540288,R_75,28296.5923
1779540290,R_75,28298.1877
1779540292,R_75,28302.6093
1779540294,R_75,28305.3955
1779540296,R_75,28313.4135
1779540298,R_75,28307.7486
1779540300,R_75,28312.5931
1779540302,R_75,28317.1957
1779540304,R_75,28317.1731
1779540306,R_75,28315.124
1779540308,R_75,28317.1231
1779540310,R_75,28326.2646
1779540312,R_75,28333.0498
1779540314,R_75,28332.6677
1779540316,R_75,28338.1516
1779540318,R_75,28335.0743
1779540320,R_75,28340.1517
1779540322,R_75,28346.5843
1779540324,R_75,28333.5331
1779540326,R_75,28336.1402
1779540328,R_75,28333.9286
1779540330,R_75,28340.8524
1779540332,R_75,28338.7769
1779540334,R_75,28351.812
1779540336,R_75,28344.9413
1779540338,R_75,28342.1955
1779540340,R_75,28336.504
1779540342,R_75,28341.4874
1779540344,R_75,28336.8217
1779540346,R_75,28343.1505
1779540348,R_75,28343.3567
1779540350,R_75,28341.4164
1779540352,R_75,28343.2121
1779540354,R_75,28338.9989
1779540356,R_75,28336.2676
1779540358,R_75,28331.1514
1779540360,R_75,28335.4429
1779540362,R_75,28329.3196
1779540364,R_75,28326.8873
1779540366,R_75,28328.6192
1779540368,R_75,28323.8313
1779540370,R_75,28330.4784
1779540372,R_75,28319.5692
1779540374,R_75,28310.4365
1779540376,R_75,28311.2544
1779540378,R_75,28301.8128
1779540380,R_75,28302.9495
1779540382,R_75,28306.412
1779540384,R_75,28309.2982
1779540386,R_75,28300.7871
1779540388,R_75,28301.1513
1779540390,R_75,28301.8588
1779540392,R_75,28295.2764
1779540394,R_75,28297.2294
1779540396,R_75,28292.1623
1779540398,R_75,28292.0002
1779540400,R_75,28289.8666
1779540402,R_75,28288.4538
1779540404,R_75,28289.5483
1779540406,R_75,28290.2599
1779540408,R_75,28281.1187
1779540410,R_75,28275.1382
1779540412,R_75,28272.2631
1779540414,R_75,28273.7786
1779540416,R_75,28271.4554
1779540418,R_75,28271.3246
1779540420,R_75,28270.8132
1779540422,R_75,28265.6071
1779540424,R_75,28268.6244
1779540426,R_75,28271.6388
1779540428,R_75,28271.3148
1779540430,R_75,28264.619
1779540432,R_75,28262.0213
1779540434,R_75,28267.4423
1779540436,R_75,28277.6119
1779540438,R_75,28275.4705
1779540440,R_75,28272.3883
1779540442,R_75,28269.0083
1779540444,R_75,28271.2005
1779540446,R_75,28263.6874
1779540448,R_75,28259.7632
1779540450,R_75,28260.5233
1779540452,R_75,28262.9053
1779540454,R_75,28266.6795
1779540456,R_75,28261.3831
1779540458,R_75,28259.8022
1779540460,R_75,28253.2115
1779540462,R_75,28257.6649
1779540464,R_75,28260.8631
1779540466,R_75,28272.5864
1779540468,R_75,28273.6592
1779540470,R_75,28270.831
1779540472,R_75,28273.6988
1779540474,R_75,28279.6849
1779540476,R_75,28280.5761
1779540478,R_75,28281.977
1779540480,R_75,28277.2035
1779540482,R_75,28278.6956
1779540484,R_75,28273.0241
1779540486,R_75,28265.5495
1779540488,R_75,28264.6404
1779540490,R_75,28259.856
1779540492,R_75,28267.0886
1779540494,R_75,28275.5126
1779540496,R_75,28274.0918
1779540498,R_75,28268.3969
1779540500,R_75,28286.6859
1779540502,R_75,28290.4342
1779540504,R_75,28289.3917
1779540506,R_75,28283.7275
1779540508,R_75,28285.295
1779540510,R_75,28278.402
1779540512,R_75,28276.8377
1779540514,R_75,28278.6581
1779540516,R_75,28289.4061
1779540518,R_75,28294.7837
1779540520,R_75,28294.8218
1779540522,R_75,28308.5061
1779540524,R_75,28302.4029
1779540526,R_75,28303.3127
1779540528,R_75,28304.1399
1779540530,R_75,28302.2173
1779540532,R_75,28313.3683
1779540534,R_75,28311.5429
1779540536,R_75,28307.2769
1779540538,R_75,28318.1883
1779540540,R_75,28318.6095
1779540542,R_75,28324.8101
1779540544,R_75,28327.3087
1779540546,R_75,28319.2237
1779540548,R_75,28306.0459
1779540550,R_75,28311.6127
1779540552,R_75,28309.373
1779540554,R_75,28313.5123
1779540556,R_75,28313.9023
1779540558,R_75,28305.3433
1779540560,R_75,28308.8282
1779540562,R_75,28316.868
1779540564,R_75,28319.4415
1779540566,R_75,28318.1929
1779540568,R_75,28313.1128
1779540570,R_75,28314.0874
1779540572,R_75,28311.2574
1779540574,R_75,28317.0164
1779540576,R_75,28311.0257
1779540578,R_75,28311.1798
1779540580,R_75,28314.4973
1779540582,R_75,28323.3929
1779540584,R_75,28320.5004
1779540586,R_75,28328.7339
1779540588,R_75,28328.6071
1779540590,R_75,28329.1059
1779540592,R_75,28327.3705
1779540594,R_75,28324.1745
1779540596,R_75,28329.317
1779540598,R_75,28327.4352
1779540600,R_75,28334.9949
1779540602,R_75,28340.7001
1779540604,R_75,28335.0859
1779540606,R_75,28335.0222
1779540608,R_75,28333.4663
1779540610,R_75,28337.9319
1779540612,R_75,28345.5984
1779540614,R_75,28350.5891
1779540616,R_75,28354.4729
1779540618,R_75,28349.805
1779540620,R_75,28352.5747
1779540622,R_75,28352.6483
1779540624,R_75,28351.8063
1779540626,R_75,28358.4449
1779540628,R_75,28355.2037
1779540630,R_75,28348.1208
1779540632,R_75,28350.343
1779540634,R_75,28346.845
1779540636,R_75,28352.9551
1779540638,R_75,28356.0553
1779540640,R_75,28355.0862
1779540642,R_75,28356.0054
1779540644,R_75,28359.8721
1779540646,R_75,28364.6037
1779540648,R_75,28371.3215
1779540650,R_75,28384.8417
1779540652,R_75,28391.7976
1779540654,R_75,28383.8207
1779540656,R_75,28380.1641
1779540658,R_75,28375.0169
1779540660,R_75,28371.8385
1779540662,R_75,28364.0842
1779540664,R_75,28369.2515
1779540666,R_75,28370.8282
1779540668,R_75,28373.2083
1779540670,R_75,28379.005
1779540672,R_75,28385.0446
1779540674,R_75,28384.547
1779540676,R_75,28379.7691
1779540678,R_75,28376.9826
1779540680,R_75,28368.8141
1779540682,R_75,28372.5381
1779540684,R_75,28376.4239
1779540686,R_75,28378.8073
1779540688,R_75,28377.7929
1779540690,R_75,28377.0699
1779540692,R_75,28380.3591
1779540694,R_75,28390.9527
1779540696,R_75,28385.4216
1779540698,R_75,28385.41
1779540700,R_75,28382.8625
1779540702,R_75,28388.73
1779540704,R_75,28388.0191
1779540706,R_75,28382.5974
1779540708,R_75,28390.9063
1779540710,R_75,28384.6235
1779540712,R_75,28388.004
1779540714,R_75,28390.2353
1779540716,R_75,28397.2822
1779540718,R_75,28394.9992
1779540720,R_75,28392.6711
1779540722,R_75,28394.643
1779540724,R_75,28391.6261
1779540726,R_75,28391.6341
1779540728,R_75,28394.2466
1779540730,R_75,28395.3986
1779540732,R_75,28398.1278
1779540734,R_75,28404.479
1779540736,R_75,28402.165
1779540738,R_75,28399.9388
1779540740,R_75,28405.5067
1779540742,R_75,28399.2611
1779540744,R_75,28399.6332
1779540746,R_75,28402.3335
1779540748,R_75,28396.7774
1779540750,R_75,28397.723
1779540752,R_75,28403.8853
1779540754,R_75,28406.7582
1779540756,R_75,28410.7506
1779540758,R_75,28403.3603
1779540760,R_75,28399.5642
1779540762,R_75,28395.5333
1779540764,R_75,28389.2547
1779540766,R_75,28404.3365
1779540768,R_75,28412.0403
1779540770,R_75,28405.3205
1779540772,R_75,28406.2654
1779540774,R_75,28401.2425
1779540776,R_75,28408.3445
1779540778,R_75,28402.1428
1779540780,R_75,28413.776
1779540782,R_75,28414.4378
1779540784,R_75,28412.5226
1779540786,R_75,28406.9559
1779540788,R_75,28403.7634
1779540790,R_75,28411.8322
1779540792,R_75,28406.143
1779540794,R_75,28401.1404
1779540796,R_75,28406.0558
1779540798,R_75,28407.0291
1779540800,R_75,28417.7161
1779540802,R_75,28411.1975
1779540804,R_75,28410.1369
1779540806,R_75,28400.006
1779540808,R_75,28401.2047
1779540810,R_75,28399.8727
1779540812,R_75,28408.0043
1779540814,R_75,28420.8192
1779540816,R_75,28427.5507
1779540818,R_75,28432.8781
1779540820,R_75,28425.3777
1779540822,R_75,28427.1951
1779540824,R_75,28432.634
1779540826,R_75,28436.9711
1779540828,R_75,28431.0901
1779540830,R_75,28440.4279
1779540832,R_75,28441.3167
1779540834,R_75,28432.6595
1779540836,R_75,28423.1729
1779540838,R_75,28434.8051
1779540840,R_75,28432.5801
1779540842,R_75,28432.7998
1779540844,R_75,28432.9015
1779540846,R_75,28438.3256
1779540848,R_75,28443.5378
1779540850,R_75,28435.7437
1779540852,R_75,28431.8362
1779540854,R_75,28431.6539
1779540856,R_75,28436.8272
1779540858,R_75,28445.2629
1779540860,R_75,28442.2493
1779540862,R_75,28443.4636
1779540864,R_75,28444.7409
1779540866,R_75,28439.8702
1779540868,R_75,28430.1812
1779540870,R_75,28429.4972
1779540872,R_75,28428.1936
1779540874,R_75,28423.9744
1779540876,R_75,28425.8681
1779540878,R_75,28434.6334
1779540880,R_75,28433.8822
1779540882,R_75,28438.9975
1779540884,R_75,28430.7864
1779540886,R_75,28424.7736
1779540888,R_75,28435.7648
1779540890,R_75,28440.7432
1779540892,R_75,28442.844
1779540894,R_75,28453.1193
1779540896,R_75,28466.2372
1779540898,R_75,28477.2171
1779540900,R_75,28479.7726
1779540902,R_75,28479.1849
1779540904,R_75,28485.1643
1779540906,R_75,28485.6709
1779540908,R_75,28479.7755
1779540910,R_75,28490.4265
1779540912,R_75,28495.2348
1779540914,R_75,28496.3176
1779540916,R_75,28494.7392
1779540918,R_75,28500.1698
1779540920,R_75,28498.4728
1779540922,R_75,28494.9748
1779540924,R_75,28497.4882
1779540926,R_75,28493.111
1779540928,R_75,28501.9062
1779540930,R_75,28503.949
1779540932,R_75,28509.8923
1779540934,R_75,28511.2377
1779540936,R_75,28508.8451
1779540938,R_75,28505.5875
1779540940,R_75,28506.0283
1779540942,R_75,28518.0456
1779540944,R_75,28518.68
1779540946,R_75,28525.4973
1779540948,R_75,28530.5713
1779540950,R_75,28528.3304
1779540952,R_75,28519.3877
1779540954,R_75,28520.953
1779540956,R_75,28524.102
1779540958,R_75,28520.8888
1779540960,R_75,28528.3478
1779540962,R_75,28524.1287
1779540964,R_75,28519.7558
1779540966,R_75,28525.9123
1779540968,R_75,28518.0078
1779540970,R_75,28514.3109
1779540972,R_75,28514.526
1779540974,R_75,28517.9202
1779540976,R_75,28515.5447
1779540978,R_75,28511.099
1779540980,R_75,28522.9811
1779540982,R_75,28515.1723
1779540984,R_75,28503.5483
1779540986,R_75,28510.3676
1779540988,R_75,28517.6296
1779540990,R_75,28520.4022
1779540992,R_75,28523.4556
1779540994,R_75,28528.0543
1779540996,R_75,28528.7523
1779540998,R_75,28538.3961
1779541000,R_75,28549.8521
1779541002,R_75,28559.7138
1779541004,R_75,28556.8822
1779541006,R_75,28559.498
1779541008,R_75,28565.7546
1779541010,R_75,28556.1627
1779541012,R_75,28554.4353
1779541014,R_75,28554.1895
1779541016,R_75,28554.7676
1779541018,R_75,28558.511
1779541020,R_75,28562.2552
1779541022,R_75,28560.1821
1779541024,R_75,28560.201
1779541026,R_75,28567.6984
1779541028,R_75,28564.8338
1779541030,R_75,28567.3872
1779541032,R_75,28573.7362
1779541034,R_75,28574.7835
1779541036,R_75,28570.8344
1779541038,R_75,28573.4942
1779541040,R_75,28569.0142
1779541042,R_75,28566.4574
1779541044,R_75,28570.7714
1779541046,R_75,28568.9913
1779541048,R_75,28564.2015
1779541050,R_75,28559.3978
1779541052,R_75,28563.1177
1779541054,R_75,28551.6835
1779541056,R_75,28567.3293
1779541058,R_75,28581.5899
1779541060,R_75,28590.4703
1779541062,R_75,28586.2272
1779541064,R_75,28597.2003
1779541066,R_75,28593.6935
1779541068,R_75,28592.396
1779541070,R_75,28585.9537
1779541072,R_75,28580.4742
1779541074,R_75,28587.9702
1779541076,R_75,28589.5237
1779541078,R_75,28590.5975
1779541080,R_75,28591.1954
1779541082,R_75,28578.6821
1779541084,R_75,28586.6249
1779541086,R_75,28577.3371
1779541088,R_75,28581.6952
1779541090,R_75,28591.0846
1779541092,R_75,28600.7207
1779541094,R_75,28603.3119
1779541096,R_75,28609.8633
1779541098,R_75,28616.3346
1779541100,R_75,28618.3296
1779541102,R_75,28619.4771
1779541104,R_75,28629.8858
1779541106,R_75,28630.7329
1779541108,R_75,28631.8124
1779541110,R_75,28636.224
1779541112,R_75,28645.6319
1779541114,R_75,28656.3797
1779541116,R_75,28663.6972
1779541118,R_75,28671.7217
1779541120,R_75,28664.5686
1779541122,R_75,28664.3263
1779541124,R_75,28664.0766
1779541126,R_75,28673.817
1779541128,R_75,28674.4404
1779541130,R_75,28676.9519
1779541132,R_75,28678.3606
1779541134,R_75,28694.0604
1779541136,R_75,28689.7581
1779541138,R_75,28699.94
1779541140,R_75,28713.0047
1779541142,R_75,28709.0489
1779541144,R_75,28698.8498
1779541146,R_75,28696.8167
1779541148,R_75,28703.9911
1779541150,R_75,28702.6259
1779541152,R_75,28711.415
1779541154,R_75,28711.64
1779541156,R_75,28716.9684
1779541158,R_75,28713.4267
1779541160,R_75,28709.3692
1779541162,R_75,28713.8719
1779541164,R_75,28716.7962
1779541166,R_75,28717.3073
1779541168,R_75,28716.3826
1779541170,R_75,28713.2134
1779541172,R_75,28713.4945
1779541174,R_75,28715.3839
1779541176,R_75,28711.6163
1779541178,R_75,28713.2548
1779541180,R_75,28708.9578
1779541182,R_75,28697.7298
1779541184,R_75,28698.1716
1779541186,R_75,28694.4771
1779541188,R_75,28691.1357
1779541190,R_75,28697.993
1779541192,R_75,28695.2918
1779541194,R_75,28701.8788
1779541196,R_75,28699.9317
1779541198,R_75,28698.9957
1779541200,R_75,28701.1804
1779541202,R_75,28705.1848
1779541204,R_75,28699.2894
1779541206,R_75,28699.1224
1779541208,R_75,28698.4756
1779541210,R_75,28697.511
1779541212,R_75,28698.6067
1779541214,R_75,28698.202
1779541216,R_75,28700.7176
1779541218,R_75,28704.816
1779541220,R_75,28697.1959
1779541222,R_75,28696.4646
1779541224,R_75,28684.1619
1779541226,R_75,28688.3955
1779541228,R_75,28687.1182
1779541230,R_75,28686.618
1779541232,R_75,28681.2762
1779541234,R_75,28686.5338
1779541236,R_75,28691.7897
1779541238,R_75,28688.3553
1779541240,R_75,28677.1024
1779541242,R_75,28681.689
1779541244,R_75,28678.6996
1779541246,R_75,28686.776
1779541248,R_75,28684.2368
1779541250,R_75,28672.2441
1779541252,R_75,28666.5693
1779541254,R_75,28670.1354
1779541256,R_75,28674.2515
1779541258,R_75,28677.5418
1779541260,R_75,28676.435
1779541262,R_75,28674.0404
1779541264,R_75,28685.711
1779541266,R_75,28683.0808
1779541268,R_75,28681.5494
1779541270,R_75,28680.5018
1779541272,R_75,28680.5253
1779541274,R_75,28677.2649
1779541276,R_75,28681.1227
1779541278,R_75,28683.6527
1779541280,R_75,28686.2979
1779541282,R_75,28682.7992
1779541284,R_75,28677.2617
1779541286,R_75,28673.1903
1779541288,R_75,28672.8354
1779541290,R_75,28669.5427
1779541292,R_75,28669.0878
1779541294,R_75,28671.8302
1779541296,R_75,28655.3123
1779541298,R_75,28660.0037
1779541300,R_75,28655.5019
1779541302,R_75,28657.0817
1779541304,R_75,28654.0648
1779541306,R_75,28665.765
1779541308,R_75,28653.0164
1779541310,R_75,28656.3723
1779541312,R_75,28657.6273
1779541314,R_75,28656.4294
1779541316,R_75,28653.6998
1779541318,R_75,28651.7174
1779541320,R_75,28644.5475
1779541322,R_75,28636.3071
1779541324,R_75,28626.8803
1779541326,R_75,28621.6643
1779541328,R_75,28616.6332
1779541330,R_75,28618.2377
1779541332,R_75,28616.2946
1779541334,R_75,28599.9201
1779541336,R_75,28595.2799
1779541338,R_75,28596.8464
1779541340,R_75,28596.7746
1779541342,R_75,28598.6075
1779541344,R_75,28604.5917
1779541346,R_75,28600.9523
1779541348,R_75,28604.5514
1779541350,R_75,28610.8382
1779541352,R_75,28612.4381
1779541354,R_75,28604.8033
1779541356,R_75,28612.6778
1779541358,R_75,28608.9879
1779541360,R_75,28609.3352
1779541362,R_75,28615.0511
1779541364,R_75,28618.5634
1779541366,R_75,28613.3445
1779541368,R_75,28604.9201
1779541370,R_75,28598.5893
1779541372,R_75,28595.2876
1779541374,R_75,28597.5354
1779541376,R_75,28593.3088
1779541378,R_75,28586.3895
1779541380,R_75,28586.8812
1779541382,R_75,28597.2292
1779541384,R_75,28597.4466
1779541386,R_75,28593.7751
1779541388,R_75,28603.1064
1779541390,R_75,28600.6475
1779541392,R_75,28605.4605
1779541394,R_75,28604.7498
1779541396,R_75,28613.4924
1779541398,R_75,28611.6204
1779541400,R_75,28611.4844
1779541402,R_75,28605.0315
1779541404,R_75,28605.8193
1779541406,R_75,28607.6403
1779541408,R_75,28611.0637
1779541410,R_75,28609.0897
1779541412,R_75,28603.3873
1779541414,R_75,28604.6135
1779541416,R_75,28604.2761
1779541418,R_75,28601.4098
1779541420,R_75,28597.0314
1779541422,R_75,28599.9346
1779541424,R_75,28602.0651
1779541426,R_75,28605.9922
1779541428,R_75,28607.8213
1779541430,R_75,28600.542
1779541432,R_75,28603.6864
1779541434,R_75,28607.5957
1779541436,R_75,28614.8645
1779541438,R_75,28612.0435
1779541440,R_75,28611.4956
1779541442,R_75,28613.7279
1779541444,R_75,28613.0403
1779541446,R_75,28614.0925
1779541448,R_75,28613.2142
1779541450,R_75,28613.9301
1779541452,R_75,28619.5614
1779541454,R_75,28619.9567
1779541456,R_75,28629.9045
1779541458,R_75,28631.4219
1779541460,R_75,28636.1681
1779541462,R_75,28627.8369
1779541464,R_75,28622.5389
1779541466,R_75,28623.8714
1779541468,R_75,28630.6898
1779541470,R_75,28621.0812
1779541472,R_75,28610.5549
1779541474,R_75,28611.776
1779541476,R_75,28601.8134
1779541478,R_75,28604.4113
1779541480,R_75,28607.5342
1779541482,R_75,28604.3864
1779541484,R_75,28583.7455
1779541486,R_75,28584.768
1779541488,R_75,28572.5919
1779541490,R_75,28571.5252
1779541492,R_75,28571.1458
1779541494,R_75,28577.1494
1779541496,R_75,28576.9776
1779541498,R_75,28576.0118
1779541500,R_75,28579.1569
1779541502,R_75,28585.2256
1779541504,R_75,28582.4907
1779541506,R_75,28590.6475
1779541508,R_75,28589.7418
1779541510,R_75,28589.0144
1779541512,R_75,28586.1637
1779541514,R_75,28587.9002
1779541516,R_75,28594.0658
1779541518,R_75,28591.0898
1779541520,R_75,28584.9292
1779541522,R_75,28584.068
1779541524,R_75,28587.4833
1779541526,R_75,28584.9494
1779541528,R_75,28589.7028
1779541530,R_75,28582.5585
1779541532,R_75,28586.3592
1779541534,R_75,28583.1862
1779541536,R_75,28579.2257
1779541538,R_75,28577.8058
1779541540,R_75,28566.9529
1779541542,R_75,28559.5129
1779541544,R_75,28571.7988
1779541546,R_75,28572.6759
1779541548,R_75,28568.1014
1779541550,R_75,28575.0851
1779541552,R_75,28569.4825
1779541554,R_75,28570.987
1779541556,R_75,28566.0929
1779541558,R_75,28562.0647
1779541560,R_75,28558.9521
1779541562,R_75,28554.3139
1779541564,R_75,28553.259
1779541566,R_75,28543.0174
1779541568,R_75,28541.2184
1779541570,R_75,28541.2179
1779541572,R_75,28545.2709
1779541574,R_75,28543.5987
1779541576,R_75,28543.6454
1779541578,R_75,28552.9177
1779541580,R_75,28551.2285
1779541582,R_75,28547.8291
1779541584,R_75,28551.5622
1779541586,R_75,28549.9898
1779541588,R_75,28556.6576
1779541590,R_75,28560.0279
1779541592,R_75,28561.8151
1779541594,R_75,28560.7095
1779541596,R_75,28553.4972
1779541598,R_75,28565.6331
1779541600,R_75,28558.426
1779541602,R_75,28552.5688
1779541604,R_75,28543.6781
1779541606,R_75,28540.5601
1779541608,R_75,28529.7447
1779541610,R_75,28538.2008
1779541612,R_75,28541.1876
1779541614,R_75,28536.0757
1779541616,R_75,28541.5549
1779541618,R_75,28544.4289
1779541620,R_75,28548.7091
1779541622,R_75,28546.6783
1779541624,R_75,28540.0911
1779541626,R_75,28545.09
1779541628,R_75,28536.174
1779541630,R_75,28539.6835
1779541632,R_75,28535.0735
1779541634,R_75,28529.2842
1779541636,R_75,28531.3253
1779541638,R_75,28535.2382
1779541640,R_75,28540.1817
1779541642,R_75,28532.9096
1779541644,R_75,28537.4314
1779541646,R_75,28537.7935
1779541648,R_75,28532.0272
1779541650,R_75,28536.9721
1779541652,R_75,28539.6583
1779541654,R_75,28538.2856
1779541656,R_75,28542.5293
1779541658,R_75,28539.0436
1779541660,R_75,28534.1206
1779541662,R_75,28537.382
1779541664,R_75,28530.2154
1779541666,R_75,28535.4474
1779541668,R_75,28537.001
1779541670,R_75,28546.6815
1779541672,R_75,28550.1991
1779541674,R_75,28547.7822
1779541676,R_75,28551.1595
1779541678,R_75,28546.5787
1779541680,R_75,28547.3248
1779541682,R_75,28545.0057
1779541684,R_75,28549.702
1779541686,R_75,28553.5717
1779541688,R_75,28549.9178
1779541690,R_75,28553.7324
1779541692,R_75,28545.5476
1779541694,R_75,28551.1526
1779541696,R_75,28557.1996
1779541698,R_75,28554.3635
1779541700,R_75,28558.8717
1779541702,R_75,28557.5972
1779541704,R_75,28557.9285
1779541706,R_75,28565.345
1779541708,R_75,28562.4753
1779541710,R_75,28560.9569
1779541712,R_75,28566.2548
1779541714,R_75,28568.0206
1779541716,R_75,28573.9057
1779541718,R_75,28576.2222
1779541720,R_75,28573.4792
1779541722,R_75,28582.8412
1779541724,R_75,28581.4322
1779541726,R_75,28574.4586
1779541728,R_75,28573.447
1779541730,R_75,28587.0327
1779541732,R_75,28585.8095
1779541734,R_75,28569.9078
1779541736,R_75,28574.1078
1779541738,R_75,28576.6622
1779541740,R_75,28574.0523
1779541742,R_75,28576.3518
1779541744,R_75,28572.9644
1779541746,R_75,28578.1434
1779541748,R_75,28590.6608
1779541750,R_75,28597.801
1779541752,R_75,28594.9752
1779541754,R_75,28593.4482
1779541756,R_75,28588.7233
1779541758,R_75,28583.8401
1779541760,R_75,28587.2052
1779541762,R_75,28593.4975
1779541764,R_75,28594.0875
1779541766,R_75,28606.229
1779541768,R_75,28598.4845
1779541770,R_75,28596.0526
1779541772,R_75,28592.9633
1779541774,R_75,28587.6579
1779541776,R_75,28578.9976
1779541778,R_75,28573.5618
1779541780,R_75,28566.7382
1779541782,R_75,28561.7133
1779541784,R_75,28560.1012
1779541786,R_75,28561.3367
1779541788,R_75,28556.1575
1779541790,R_75,28553.8081
1779541792,R_75,28563.0263
1779541794,R_75,28564.2793
1779541796,R_75,28560.0735
1779541798,R_75,28563.0886
1779541800,R_75,28563.3615
1779541802,R_75,28558.2105
1779541804,R_75,28559.8272
1779541806,R_75,28559.7943
1779541808,R_75,28557.0081
1779541810,R_75,28559.0789
1779541812,R_75,28551.9081
1779541814,R_75,28550.7815
1779541816,R_75,28560.0756
1779541818,R_75,28556.4421
1779541820,R_75,28560.0275
1779541822,R_75,28564.9717
1779541824,R_75,28552.6831
1779541826,R_75,28552.8974
1779541828,R_75,28552.7711
1779541830,R_75,28545.126
1779541832,R_75,28544.7109
1779541834,R_75,28550.8187
1779541836,R_75,28546.7751
1779541838,R_75,28535.8966
1779541840,R_75,28543.3999
1779541842,R_75,28539.2224
1779541844,R_75,28541.1524
1779541846,R_75,28537.8324
1779541848,R_75,28533.5636
1779541850,R_75,28527.2861
1779541852,R_75,28531.0923
1779541854,R_75,28530.39
1779541856,R_75,28536.3481
1779541858,R_75,28542.3999
1779541860,R_75,28543.0341
1779541862,R_75,28541.9043
1779541864,R_75,28534.5209
1779541866,R_75,28541.1701
1779541868,R_75,28539.8511
1779541870,R_75,28552.0395
1779541872,R_75,28551.1419
1779541874,R_75,28554.1217
1779541876,R_75,28553.0632
1779541878,R_75,28554.0727
1779541880,R_75,28548.1859
1779541882,R_75,28549.647
1779541884,R_75,28538.5272
1779541886,R_75,28532.6109
1779541888,R_75,28533.0481
1779541890,R_75,28533.8624
1779541892,R_75,28529.6922
1779541894,R_75,28527.4186
1779541896,R_75,28532.7249
1779541898,R_75,28530.3198
1779541900,R_75,28533.4495
1779541902,R_75,28541.6409
1779541904,R_75,28540.9668
1779541906,R_75,28545.8667
1779541908,R_75,28552.0119
1779541910,R_75,28556.2317
1779541912,R_75,28558.8296
1779541914,R_75,28552.5379
1779541916,R_75,28548.9101
1779541918,R_75,28542.5776
1779541920,R_75,28549.7998
1779541922,R_75,28552.7241
1779541924,R_75,28547.6166
1779541926,R_75,28546.4389
1779541928,R_75,28543.4128
1779541930,R_75,28542.8657
1779541932,R_75,28537.3394
1779541934,R_75,28541.0218
1779541936,R_75,28544.9714
1779541938,R_75,28534.4812
1779541940,R_75,28516.1693
1779541942,R_75,28524.0684
1779541944,R_75,28523.3787
1779541946,R_75,28521.431
1779541948,R_75,28517.2772
1779541950,R_75,28510.9543
1779541952,R_75,28497.0149
1779541954,R_75,28498.959
1779541956,R_75,28501.8979
1779541958,R_75,28504.5253
1779541960,R_75,28504.5788
1779541962,R_75,28500.8282
1779541964,R_75,28500.6365
1779541966,R_75,28503.5006
1779541968,R_75,28501.3754
1779541970,R_75,28501.3215
1779541972,R_75,28500.1506
1779541974,R_75,28501.4909
1779541976,R_75,28507.0302
1779541978,R_75,28514.9961
1779541980,R_75,28501.5367
1779541982,R_75,28493.137
1779541984,R_75,28495.7161
1779541986,R_75,28488.2428
1779541988,R_75,28481.2779
1779541990,R_75,28470.2109
1779541992,R_75,28476.7952
1779541994,R_75,28467.0875
1779541996,R_75,28461.9235
1779541998,R_75,28465.5605
1779542000,R_75,28468.9735
1779542002,R_75,28468.3846
1779542004,R_75,28476.1932
1779542006,R_75,28474.1627
1779542008,R_75,28473.1664
1779542010,R_75,28475.5016
1779542012,R_75,28486.5061
1779542014,R_75,28493.4323
1779542016,R_75,28496.9092
1779542018,R_75,28498.1372
1779542020,R_75,28497.5343
1779542022,R_75,28492.5591
1779542024,R_75,28493.5718
1779542026,R_75,28492.7812
1779542028,R_75,28495.0898
1779542030,R_75,28484.5464
1779542032,R_75,28483.0429
1779542034,R_75,28486.7378
1779542036,R_75,28481.619
1779542038,R_75,28476.0645
1779542040,R_75,28484.0543
1779542042,R_75,28478.3763
1779542044,R_75,28477.1466
1779542046,R_75,28475.344
1779542048,R_75,28466.5372
1779542050,R_75,28464.6034
1779542052,R_75,28467.1731
1779542054,R_75,28462.1754
1779542056,R_75,28457.7817
1779542058,R_75,28463.4532
1779542060,R_75,28460.8265
1779542062,R_75,28465.6519
1779542064,R_75,28457.3149
1779542066,R_75,28461.8332
1779542068,R_75,28453.9108
1779542070,R_75,28454.9797
1779542072,R_75,28452.1389
1779542074,R_75,28458.8899
1779542076,R_75,28456.1995
1779542078,R_75,28461.2425
1779542080,R_75,28464.546
1779542082,R_75,28456.9335
1779542084,R_75,28449.3731
1779542086,R_75,28453.8743
1779542088,R_75,28453.4279
1779542090,R_75,28450.2792
1779542092,R_75,28450.0005
1779542094,R_75,28446.7035
1779542096,R_75,28445.6008
1779542098,R_75,28442.4998
1779542100,R_75,28438.8288
1779542102,R_75,28433.9281
1779542104,R_75,28430.1469
1779542106,R_75,28412.5016
1779542108,R_75,28413.3937
1779542110,R_75,28417.1701
1779542112,R_75,28416.6995
1779542114,R_75,28417.6981
1779542116,R_75,28414.7462
1779542118,R_75,28416.4097
1779542120,R_75,28424.0144
1779542122,R_75,28420.1023
1779542124,R_75,28425.4193
1779542126,R_75,28422.532
1779542128,R_75,28430.7075
1779542130,R_75,28417.0423
1779542132,R_75,28419.6512
1779542134,R_75,28426.9687
1779542136,R_75,28434.375
1779542138,R_75,28423.9171
1779542140,R_75,28426.2576
1779542142,R_75,28423.409
1779542144,R_75,28419.7293
1779542146,R_75,28420.244
1779542148,R_75,28416.8327
1779542150,R_75,28416.6204
1779542152,R_75,28417.6113
1779542154,R_75,28420.4734
1779542156,R_75,28421.5107
1779542158,R_75,28416.1748
1779542160,R_75,28429.0296
1779542162,R_75,28435.959
1779542164,R_75,28428.3548
1779542166,R_75,28433.2174
1779542168,R_75,28433.1219
1779542170,R_75,28437.4533
1779542172,R_75,28444.977
1779542174,R_75,28450.3279
1779542176,R_75,28449.7793
1779542178,R_75,28455.7159
1779542180,R_75,28449.4976
1779542182,R_75,28448.1917
1779542184,R_75,28458.4533
1779542186,R_75,28459.4743
1779542188,R_75,28452.9673
1779542190,R_75,28453.3097
1779542192,R_75,28450.3528
1779542194,R_75,28448.6905
1779542196,R_75,28438.6505
1779542198,R_75,28438.5329
1779542200,R_75,28443.1425
1779542202,R_75,28443.2941
1779542204,R_75,28438.8894
1779542206,R_75,28440.6804
1779542208,R_75,28441.4634
1779542210,R_75,28440.4935
1779542212,R_75,28445.1215
1779542214,R_75,28451.2917
1779542216,R_75,28452.7606
1779542218,R_75,28454.6163
1779542220,R_75,28453.774
1779542222,R_75,28449.6348
1779542224,R_75,28456.2092
1779542226,R_75,28457.9887
1779542228,R_75,28463.578
1779542230,R_75,28457.2234
1779542232,R_75,28453.2307
1779542234,R_75,28451.8202
1779542236,R_75,28448.8487
1779542238,R_75,28448.7471
1779542240,R_75,28441.1831
1779542242,R_75,28440.3292
1779542244,R_75,28425.9181
1779542246,R_75,28420.6076
1779542248,R_75,28420.7954
1779542250,R_75,28428.6632
1779542252,R_75,28442.1044
1779542254,R_75,28444.8626
1779542256,R_75,28447.6188
1779542258,R_75,28443.5101
1779542260,R_75,28441.7489
1779542262,R_75,28441.1602
1779542264,R_75,28443.2796
1779542266,R_75,28440.5344
1779542268,R_75,28439.8417
1779542270,R_75,28437.7513
1779542272,R_75,28438.6641
1779542274,R_75,28442.7156
1779542276,R_75,28444.8367
1779542278,R_75,28427.4317
1779542280,R_75,28427.5621
1779542282,R_75,28434.9545
1779542284,R_75,28433.3374
1779542286,R_75,28434.2504
1779542288,R_75,28429.43
1779542290,R_75,28435.1415
1779542292,R_75,28432.2932
1779542294,R_75,28436.1396
1779542296,R_75,28431.491
1779542298,R_75,28425.0979
1779542300,R_75,28426.6678
1779542302,R_75,28428.8296
1779542304,R_75,28433.5942
1779542306,R_75,28434.7017
1779542308,R_75,28435.2796
1779542310,R_75,28436.3855
1779542312,R_75,28430.2145
1779542314,R_75,28431.1019
1779542316,R_75,28433.038
1779542318,R_75,28431.3056
1779542320,R_75,28431.5675
1779542322,R_75,28425.8059
1779542324,R_75,28426.885
1779542326,R_75,28416.703
1779542328,R_75,28417.0347
1779542330,R_75,28417.6446
1779542332,R_75,28414.6084
1779542334,R_75,28413.1136
1779542336,R_75,28413.2593
1779542338,R_75,28413.8417
1779542340,R_75,28407.3558
1779542342,R_75,28407.2993
1779542344,R_75,28406.0295
1779542346,R_75,28409.5575
1779542348,R_75,28404.7152
1779542350,R_75,28406.9471
1779542352,R_75,28400.0707
1779542354,R_75,28404.6155
1779542356,R_75,28412.9588
1779542358,R_75,28408.0269
1779542360,R_75,28409.6281
1779542362,R_75,28404.6794
1779542364,R_75,28410.6429
1779542366,R_75,28412.3105
1779542368,R_75,28413.7483
1779542370,R_75,28408.402
1779542372,R_75,28416.7679
1779542374,R_75,28416.9156
1779542376,R_75,28415.3644
1779542378,R_75,28408.9228
1779542380,R_75,28407.1877
1779542382,R_75,28407.4645
1779542384,R_75,28406.9906
1779542386,R_75,28410.2022
1779542388,R_75,28406.0293
1779542390,R_75,28399.8137
1779542392,R_75,28407.9404
1779542394,R_75,28408.3703
1779542396,R_75,28416.3457
1779542398,R_75,28416.7547
1779542400,R_75,28418.4455
1779542402,R_75,28413.9834
1779542404,R_75,28405.292
1779542406,R_75,28403.4548
1779542408,R_75,28408.3058
1779542410,R_75,28412.1701
1779542412,R_75,28418.5722
1779542414,R_75,28423.574
1779542416,R_75,28425.0206
1779542418,R_75,28430.6263
1779542420,R_75,28428.6773
1779542422,R_75,28436.916
1779542424,R_75,28448.9231
1779542426,R_75,28443.9483
1779542428,R_75,28443.3984
1779542430,R_75,28451.0057
1779542432,R_75,28457.5125
1779542434,R_75,28454.048
1779542436,R_75,28458.893
1779542438,R_75,28469.2246
1779542440,R_75,28473.8505
1779542442,R_75,28458.8274
1779542444,R_75,28470.4795
1779542446,R_75,28464.5647
1779542448,R_75,28450.8842
1779542450,R_75,28445.9204
1779542452,R_75,28448.4331
1779542454,R_75,28452.6637
1779542456,R_75,28442.9394
1779542458,R_75,28436.3366
1779542460,R_75,28434.5465
1779542462,R_75,28430.6292
1779542464,R_75,28427.8465
1779542466,R_75,28427.6644
1779542468,R_75,28433.1379
1779542470,R_75,28435.8124
1779542472,R_75,28442.9522
1779542474,R_75,28456.2257
1779542476,R_75,28463.934
1779542478,R_75,28462.6087
1779542480,R_75,28461.3066
1779542482,R_75,28461.5126
1779542484,R_75,28464.8142
1779542486,R_75,28458.784
1779542488,R_75,28456.5175
1779542490,R_75,28448.8131
1779542492,R_75,28446.7884
1779542494,R_75,28442.4515
1779542496,R_75,28437.4198
1779542498,R_75,28443.1757
1779542500,R_75,28447.6136
1779542502,R_75,28457.0724
1779542504,R_75,28460.3202
1779542506,R_75,28468.1467
1779542508,R_75,28468.4232
1779542510,R_75,28455.6913
1779542512,R_75,28464.6226
1779542514,R_75,28457.4568
1779542516,R_75,28463.3447
1779542518,R_75,28467.6311
1779542520,R_75,28470.7775
1779542522,R_75,28473.5427
1779542524,R_75,28475.9075
1779542526,R_75,28477.5713
1779542528,R_75,28475.1372
1779542530,R_75,28477.6737
1779542532,R_75,28482.463
1779542534,R_75,28486.4728
1779542536,R_75,28484.9405
1779542538,R_75,28487.8454
1779542540,R_75,28486.8822
1779542542,R_75,28489.1773
1779542544,R_75,28490.4234
1779542546,R_75,28488.1918
1779542548,R_75,28497.246
1779542550,R_75,28498.9625
1779542552,R_75,28499.3237
1779542554,R_75,28512.7448
1779542556,R_75,28510.8794
1779542558,R_75,28507.6676
1779542560,R_75,28511.4874
1779542562,R_75,28500.2726
1779542564,R_75,28495.9997
1779542566,R_75,28491.8455
1779542568,R_75,28492.9314
1779542570,R_75,28490.5146
1779542572,R_75,28498.3029
1779542574,R_75,28499.2107
1779542576,R_75,28492.4528
1779542578,R_75,28484.0552
1779542580,R_75,28491.1807
1779542582,R_75,28493.2831
1779542584,R_75,28494.1135
1779542586,R_75,28508.9546
1779542588,R_75,28512.6496
1779542590,R_75,28511.2437
1779542592,R_75,28507.5896
1779542594,R_75,28507.9956
1779542596,R_75,28502.2576
1779542598,R_75,28499.6999
1779542600,R_75,28489.6129
1779542602,R_75,28492.9518
1779542604,R_75,28499.3043
1779542606,R_75,28499.0057
1779542608,R_75,28495.3816
1779542610,R_75,28508.6664
1779542612,R_75,28501.2731
1779542614,R_75,28507.0627
1779542616,R_75,28511.3766
1779542618,R_75,28515.2386
1779542620,R_75,28511.9861
1779542622,R_75,28515.0444
1779542624,R_75,28511.4772
1779542626,R_75,28505.9951
1779542628,R_75,28498.5473
1779542630,R_75,28495.4498
1779542632,R_75,28498.2051
1779542634,R_75,28496.2851
1779542636,R_75,28496.062
1779542638,R_75,28504.3275
1779542640,R_75,28493.6118
1779542642,R_75,28498.1123
1779542644,R_75,28504.4291
1779542646,R_75,28498.2422
1779542648,R_75,28498.0615
1779542650,R_75,28508.3315
1779542652,R_75,28509.3474
1779542654,R_75,28516.7565
1779542656,R_75,28505.8562
1779542658,R_75,28496.8087
1779542660,R_75,28499.2356
1779542662,R_75,28491.4378
1779542664,R_75,28494.2359
1779542666,R_75,28500.2002
1779542668,R_75,28508.3661
1779542670,R_75,28499.9622
1779542672,R_75,28504.1358
1779542674,R_75,28503.3729
1779542676,R_75,28513.534
1779542678,R_75,28511.9635
1779542680,R_75,28513.5977
1779542682,R_75,28509.2041
1779542684,R_75,28518.2151
1779542686,R_75,28511.1477
1779542688,R_75,28514.219
1779542690,R_75,28512.2105
1779542692,R_75,28511.6584
1779542694,R_75,28511.2209
1779542696,R_75,28514.7014
1779542698,R_75,28511.3508
1779542700,R_75,28516.7789
1779542702,R_75,28520.7608
1779542704,R_75,28528.8467
1779542706,R_75,28525.0927
1779542708,R_75,28524.5868
1779542710,R_75,28530.8262
1779542712,R_75,28528.3759
1779542714,R_75,28541.7077
1779542716,R_75,28543.6436
1779542718,R_75,28548.8805
1779542720,R_75,28548.4872
1779542722,R_75,28549.6448
1779542724,R_75,28540.2725
1779542726,R_75,28529.4807
1779542728,R_75,28537.7084
1779542730,R_75,28534.139
1779542732,R_75,28532.2383
1779542734,R_75,28525.5516
1779542736,R_75,28528.053
1779542738,R_75,28516.0505
1779542740,R_75,28515.2589
1779542742,R_75,28509.8748
1779542744,R_75,28507.4539
1779542746,R_75,28498.4144
1779542748,R_75,28503.2356
1779542750,R_75,28506.1461
1779542752,R_75,28501.9478
1779542754,R_75,28513.7462
1779542756,R_75,28504.1524
1779542758,R_75,28508.5486
1779542760,R_75,28516.3535
1779542762,R_75,28515.7793
1779542764,R_75,28515.5784
1779542766,R_75,28513.7981
1779542768,R_75,28513.3601
1779542770,R_75,28509.3213
1779542772,R_75,28507.1647
1779542774,R_75,28513.3471
1779542776,R_75,28502.1491
1779542778,R_75,28501.5466
1779542780,R_75,28504.0959
1779542782,R_75,28504.15
1779542784,R_75,28505.3793
1779542786,R_75,28506.0578
1779542788,R_75,28506.2384
1779542790,R_75,28508.3441
1779542792,R_75,28502.1728
1779542794,R_75,28490.0242
1779542796,R_75,28490.2658
1779542798,R_75,28486.4815
1779542800,R_75,28482.3909
1779542802,R_75,28489.0207
1779542804,R_75,28496.2475
1779542806,R_75,28498.3668
1779542808,R_75,28501.0637
1779542810,R_75,28498.4877
1779542812,R_75,28492.8231
1779542814,R_75,28493.7105
1779542816,R_75,28484.0659
1779542818,R_75,28479.1588
1779542820,R_75,28486.5358
1779542822,R_75,28484.6335
1779542824,R_75,28488.4299
1779542826,R_75,28482.2591
1779542828,R_75,28478.1582
1779542830,R_75,28472.7497
1779542832,R_75,28471.7046
1779542834,R_75,28471.494
1779542836,R_75,28474.5784
1779542838,R_75,28479.569
1779542840,R_75,28478.3959
1779542842,R_75,28478.0823
1779542844,R_75,28471.5272
1779542846,R_75,28472.1132
1779542848,R_75,28474.7961
1779542850,R_75,28469.5417
1779542852,R_75,28464.1356
1779542854,R_75,28464.2741
1779542856,R_75,28464.5924
1779542858,R_75,28466.8981
1779542860,R_75,28459.9431
1779542862,R_75,28452.8063
1779542864,R_75,28450.2833
1779542866,R_75,28447.102
1779542868,R_75,28445.859
1779542870,R_75,28450.9739
1779542872,R_75,28455.2617
1779542874,R_75,28447.5481
1779542876,R_75,28454.2361
1779542878,R_75,28448.5023
1779542880,R_75,28445.4377
1779542882,R_75,28438.1578
1779542884,R_75,28437.0563
1779542886,R_75,28439.6772
1779542888,R_75,28445.0818
1779542890,R_75,28441.8789
1779542892,R_75,28448.9384
1779542894,R_75,28442.5824
1779542896,R_75,28446.5812
1779542898,R_75,28441.385
1779542900,R_75,28449.8456
1779542902,R_75,28441.6657
1779542904,R_75,28437.2229
1779542906,R_75,28433.1839
1779542908,R_75,28436.8385
1779542910,R_75,28437.6992
1779542912,R_75,28430.2878
1779542914,R_75,28430.8489
1779542916,R_75,28438.9305
1779542918,R_75,28451.6799
1779542920,R_75,28456.0175
1779542922,R_75,28451.6293
1779542924,R_75,28450.2195
1779542926,R_75,28441.9264
1779542928,R_75,28434.6348
1779542930,R_75,28436.4862
1779542932,R_75,28434.4289
1779542934,R_75,28415.4657
1779542936,R_75,28411.087
1779542938,R_75,28409.7415
1779542940,R_75,28412.6635
1779542942,R_75,28416.7798
1779542944,R_75,28416.1489
1779542946,R_75,28421.0781
1779542948,R_75,28420.4608
1779542950,R_75,28428.1403
1779542952,R_75,28423.3701
1779542954,R_75,28423.8246
1779542956,R_75,28425.8358
1779542958,R_75,28427.1536
1779542960,R_75,28426.2747
1779542962,R_75,28421.166
1779542964,R_75,28424.658
1779542966,R_75,28421.8633
1779542968,R_75,28420.0066
1779542970,R_75,28419.7375
1779542972,R_75,28425.5419
1779542974,R_75,28421.9238
1779542976,R_75,28423.3127
1779542978,R_75,28425.3568
1779542980,R_75,28426.5196
1779542982,R_75,28432.4328
1779542984,R_75,28426.1231
1779542986,R_75,28421.8206
1779542988,R_75,28427.9513
1779542990,R_75,28426.2983
1779542992,R_75,28432.8091
1779542994,R_75,28435.5544
1779542996,R_75,28436.3612
1779542998,R_75,28433.5166
1779543000,R_75,28447.8828
1779543002,R_75,28449.8933
1779543004,R_75,28452.4899
1779543006,R_75,28443.8729
1779543008,R_75,28439.1924
1779543010,R_75,28429.8947
1779543012,R_75,28433.6713
1779543014,R_75,28438.2547
1779543016,R_75,28437.9876
1779543018,R_75,28435.97
1779543020,R_75,28433.7141
1779543022,R_75,28427.8441
1779543024,R_75,28436.8539
1779543026,R_75,28448.8493
1779543028,R_75,28448.5424
1779543030,R_75,28448.3862
1779543032,R_75,28445.325
1779543034,R_75,28450.359
1779543036,R_75,28446.2828
1779543038,R_75,28444.5261
1779543040,R_75,28448.3957
1779543042,R_75,28451.5109
1779543044,R_75,28460.2536
1779543046,R_75,28459.0946
1779543048,R_75,28455.1297
1779543050,R_75,28472.1241
1779543052,R_75,28474.6205
1779543054,R_75,28471.8972
1779543056,R_75,28470.8518
1779543058,R_75,28473.8446
1779543060,R_75,28470.5384
1779543062,R_75,28474.1868
1779543064,R_75,28482.3262
1779543066,R_75,28477.97
1779543068,R_75,28481.4373
1779543070,R_75,28491.6649
1779543072,R_75,28497.8631
1779543074,R_75,28501.1821
1779543076,R_75,28499.6342
1779543078,R_75,28487.4597
1779543080,R_75,28486.0234
1779543082,R_75,28485.5455
1779543084,R_75,28489.5154
1779543086,R_75,28490.2582
1779543088,R_75,28482.4722
1779543090,R_75,28479.4439
1779543092,R_75,28473.8683
1779543094,R_75,28468.5075
1779543096,R_75,28465.2235
1779543098,R_75,28467.0025
1779543100,R_75,28464.218
1779543102,R_75,28466.5395
1779543104,R_75,28467.6277
1779543106,R_75,28468.4583
1779543108,R_75,28469.9892
1779543110,R_75,28469.468
1779543112,R_75,28458.9551
1779543114,R_75,28456.1725
1779543116,R_75,28465.1391
1779543118,R_75,28464.3859
1779543120,R_75,28466.3588
1779543122,R_75,28465.1445
1779543124,R_75,28464.8278
1779543126,R_75,28463.0177
1779543128,R_75,28452.4545
1779543130,R_75,28455.8946
1779543132,R_75,28460.8012
1779543134,R_75,28468.5141
1779543136,R_75,28469.9415
1779543138,R_75,28461.78
1779543140,R_75,28469.954
1779543142,R_75,28472.1627
1779543144,R_75,28464.1351
1779543146,R_75,28469.1565
1779543148,R_75,28471.7506
1779543150,R_75,28475.4571
1779543152,R_75,28473.086
1779543154,R_75,28472.9645
1779543156,R_75,28473.6173
1779543158,R_75,28475.652
1779543160,R_75,28468.6312
1779543162,R_75,28473.7194
1779543164,R_75,28482.5429
1779543166,R_75,28473.3085
1779543168,R_75,28465.7909
1779543170,R_75,28452.8096
1779543172,R_75,28448.286
1779543174,R_75,28442.7178
1779543176,R_75,28432.3273
1779543178,R_75,28437.6292
1779543180,R_75,28448.0848
1779543182,R_75,28450.1919
1779543184,R_75,28442.0561
1779543186,R_75,28439.1839
1779543188,R_75,28442.1559
1779543190,R_75,28442.1997
1779543192,R_75,28437.8593
1779543194,R_75,28429.8017
1779543196,R_75,28423.6415
1779543198,R_75,28420.0199
1779543200,R_75,28422.6298
1779543202,R_75,28419.2079
1779543204,R_75,28417.909
1779543206,R_75,28416.964
1779543208,R_75,28418.7675
1779543210,R_75,28419.1477
1779543212,R_75,28421.9164
1779543214,R_75,28427.0299
1779543216,R_75,28426.2975
1779543218,R_75,28424.1193
1779543220,R_75,28418.2017
1779543222,R_75,28410.3034
1779543224,R_75,28409.3244
1779543226,R_75,28417.0394
1779543228,R_75,28419.6687
1779543230,R_75,28424.2106
1779543232,R_75,28429.5421
1779543234,R_75,28434.0914
1779543236,R_75,28434.4154
1779543238,R_75,28437.8751
1779543240,R_75,28436.1771
1779543242,R_75,28442.909
1779543244,R_75,28442.9578
1779543246,R_75,28441.2509
1779543248,R_75,28436.9491
1779543250,R_75,28451.4663
1779543252,R_75,28448.8069
1779543254,R_75,28452.5549
1779543256,R_75,28463.2995
1779543258,R_75,28460.921
1779543260,R_75,28446.5513
1779543262,R_75,28448.055
1779543264,R_75,28446.5088
1779543266,R_75,28449.58
1779543268,R_75,28449.4122
1779543270,R_75,28454.7113
1779543272,R_75,28450.5564
1779543274,R_75,28447.7217
1779543276,R_75,28450.0459
1779543278,R_75,28453.9895
1779543280,R_75,28455.1863
1779543282,R_75,28461.1995
1779543284,R_75,28470.7482
1779543286,R_75,28469.9296
1779543288,R_75,28468.7753
1779543290,R_75,28463.5889
1779543292,R_75,28454.3294
1779543294,R_75,28454.5295
1779543296,R_75,28440.5722
1779543298,R_75,28435.0757
1779543300,R_75,28429.5791
1779543302,R_75,28430.9002
1779543304,R_75,28431.5187
1779543306,R_75,28432.6282
1779543308,R_75,28431.4771
1779543310,R_75,28431.614
1779543312,R_75,28422.4752
1779543314,R_75,28423.6529
1779543316,R_75,28422.3169
1779543318,R_75,28421.8086
1779543320,R_75,28426.3124
1779543322,R_75,28444.925
1779543324,R_75,28449.5591
1779543326,R_75,28450.944
1779543328,R_75,28456.4025
1779543330,R_75,28463.4209
1779543332,R_75,28457.4566
1779543334,R_75,28460.6217
1779543336,R_75,28463.3773
1779543338,R_75,28470.6831
1779543340,R_75,28468.0789
1779543342,R_75,28462.2115
1779543344,R_75,28469.9912
1779543346,R_75,28467.4389
1779543348,R_75,28477.2415
1779543350,R_75,28487.1315
1779543352,R_75,28486.922
1779543354,R_75,28491.504
1779543356,R_75,28495.3121
1779543358,R_75,28495.9502
1779543360,R_75,28498.476
1779543362,R_75,28493.4643
1779543364,R_75,28504.4262
1779543366,R_75,28510.7209
1779543368,R_75,28514.4569
1779543370,R_75,28522.7603
1779543372,R_75,28522.0941
1779543374,R_75,28523.5213
1779543376,R_75,28522.717
1779543378,R_75,28518.6034
1779543380,R_75,28514.9354
1779543382,R_75,28517.5004
1779543384,R_75,28520.7379
1779543386,R_75,28522.0965
1779543388,R_75,28525.3887
1779543390,R_75,28528.4041
1779543392,R_75,28528.5634
1779543394,R_75,28530.543
1779543396,R_75,28525.6373
1779543398,R_75,28512.8127
1779543400,R_75,28507.2544
1779543402,R_75,28502.179
1779543404,R_75,28504.1576
1779543406,R_75,28514.011
1779543408,R_75,28511.3308
1779543410,R_75,28514.9275
1779543412,R_75,28515.0819
1779543414,R_75,28507.138
1779543416,R_75,28513.7005
1779543418,R_75,28514.4622
1779543420,R_75,28524.5981
1779543422,R_75,28519.3835
1779543424,R_75,28524.4549
1779543426,R_75,28523.2487
1779543428,R_75,28524.3069
1779543430,R_75,28526.6134
1779543432,R_75,28527.3746
1779543434,R_75,28524.4626
1779543436,R_75,28521.0522
1779543438,R_75,28516.627
1779543440,R_75,28524.1238
1779543442,R_75,28522.6278
1779543444,R_75,28522.7142
1779543446,R_75,28522.0069
1779543448,R_75,28524.6228
1779543450,R_75,28521.9149
1779543452,R_75,28522.4226
1779543454,R_75,28517.1987
1779543456,R_75,28518.8515
1779543458,R_75,28522.3789
1779543460,R_75,28523.0074
1779543462,R_75,28535.0493
1779543464,R_75,28539.1277
1779543466,R_75,28526.8181
1779543468,R_75,28513.9471
1779543470,R_75,28511.6266
1779543472,R_75,28511.5117
1779543474,R_75,28508.0431
1779543476,R_75,28515.4681
1779543478,R_75,28520.6022
1779543480,R_75,28526.1727
1779543482,R_75,28525.84
1779543484,R_75,28522.6464
1779543486,R_75,28513.5627
1779543488,R_75,28512.2061
1779543490,R_75,28508.3555
1779543492,R_75,28509.1863
1779543494,R_75,28514.0345
1779543496,R_75,28509.234
1779543498,R_75,28515.0986
1779543500,R_75,28524.75
1779543502,R_75,28532.8524
1779543504,R_75,28523.1913
1779543506,R_75,28524.8508
1779543508,R_75,28519.5837
1779543510,R_75,28520.9536
1779543512,R_75,28518.2895
1779543514,R_75,28519.8999
1779543516,R_75,28521.7373
1779543518,R_75,28515.9517
1779543520,R_75,28514.8124
1779543522,R_75,28517.1307
1779543524,R_75,28517.4025
1779543526,R_75,28506.6463
1779543528,R_75,28505.747
1779543530,R_75,28512.8924
1779543532,R_75,28510.9596
1779543534,R_75,28511.8465
1779543536,R_75,28515.1044
1779543538,R_75,28531.2473
1779543540,R_75,28534.0672
1779543542,R_75,28535.2769
1779543544,R_75,28540.8579
1779543546,R_75,28539.4336
1779543548,R_75,28538.6085
1779543550,R_75,28535.7
1779543552,R_75,28538.9197
1779543554,R_75,28533.9436
1779543556,R_75,28537.584
1779543558,R_75,28531.94
1779543560,R_75,28532.2101
1779543562,R_75,28536.4381
1779543564,R_75,28533.0042
1779543566,R_75,28532.6752
1779543568,R_75,28534.1537
1779543570,R_75,28527.7633
1779543572,R_75,28522.1715
1779543574,R_75,28528.111
1779543576,R_75,28527.5668
1779543578,R_75,28532.2777
1779543580,R_75,28530.3171
1779543582,R_75,28534.6625
1779543584,R_75,28541.4263
1779543586,R_75,28546.3136
1779543588,R_75,28541.932
1779543590,R_75,28546.5772
1779543592,R_75,28541.8685
1779543594,R_75,28543.8519
1779543596,R_75,28539.1836
1779543598,R_75,28539.6495
1779543600,R_75,28535.5063
1779543602,R_75,28536.7153
1779543604,R_75,28530.9718
1779543606,R_75,28534.2342
1779543608,R_75,28548.0011
1779543610,R_75,28543.2368
1779543612,R_75,28545.9368
1779543614,R_75,28542.1435
1779543616,R_75,28542.7362
1779543618,R_75,28546.5109
1779543620,R_75,28545.7825
1779543622,R_75,28549.6021
1779543624,R_75,28549.4005
1779543626,R_75,28547.7404
1779543628,R_75,28550.6981
1779543630,R_75,28546.5592
1779543632,R_75,28548.6946
1779543634,R_75,28551.9655
1779543636,R_75,28557.7609
1779543638,R_75,28559.8014
1779543640,R_75,28555.2198
1779543642,R_75,28557.264
1779543644,R_75,28558.1934
1779543646,R_75,28559.0848
1779543648,R_75,28555.0582
1779543650,R_75,28551.3859
1779543652,R_75,28557.0182
1779543654,R_75,28547.7089
1779543656,R_75,28540.2246
1779543658,R_75,28540.9189
1779543660,R_75,28543.748
1779543662,R_75,28542.8968
1779543664,R_75,28545.2684
1779543666,R_75,28533.8675
1779543668,R_75,28535.8116
1779543670,R_75,28538.1931
1779543672,R_75,28542.6232
1779543674,R_75,28542.787
1779543676,R_75,28545.6529
1779543678,R_75,28542.4265
1779543680,R_75,28542.3355
1779543682,R_75,28540.2925
1779543684,R_75,28536.7304
1779543686,R_75,28542.0754
1779543688,R_75,28534.8913
1779543690,R_75,28524.4321
1779543692,R_75,28529.6315
1779543694,R_75,28537.7396
1779543696,R_75,28543.5135
1779543698,R_75,28549.0731
1779543700,R_75,28547.6806
1779543702,R_75,28544.7386
1779543704,R_75,28544.7094
1779543706,R_75,28544.3268
1779543708,R_75,28553.0626
1779543710,R_75,28564.7724
1779543712,R_75,28562.0079
1779543714,R_75,28573.3311
1779543716,R_75,28580.9441
1779543718,R_75,28579.1087
1779543720,R_75,28574.9493
1779543722,R_75,28582.3435
1779543724,R_75,28592.6257
1779543726,R_75,28592.8103
1779543728,R_75,28593.1996
1779543730,R_75,28597.5764
1779543732,R_75,28592.6253
1779543734,R_75,28589.6255
1779543736,R_75,28596.0716
1779543738,R_75,28594.1657
1779543740,R_75,28591.8485
1779543742,R_75,28591.4342
1779543744,R_75,28598.8523
1779543746,R_75,28594.6944
1779543748,R_75,28589.2579
1779543750,R_75,28590.5829
1779543752,R_75,28593.7001
1779543754,R_75,28596.6852
1779543756,R_75,28595.9708
1779543758,R_75,28599.9785
1779543760,R_75,28604.5883
1779543762,R_75,28607.8278
1779543764,R_75,28597.8434
1779543766,R_75,28598.8902
1779543768,R_75,28608.973
1779543770,R_75,28612.3155
1779543772,R_75,28622.9826
1779543774,R_75,28619.4734
1779543776,R_75,28623.1901
1779543778,R_75,28624.0348
1779543780,R_75,28624.2365
1779543782,R_75,28622.5452
1779543784,R_75,28620.2347
1779543786,R_75,28626.8072
1779543788,R_75,28622.7737
1779543790,R_75,28623.0241
1779543792,R_75,28619.3753
1779543794,R_75,28624.7234
1779543796,R_75,28623.9157
1779543798,R_75,28631.366
1779543800,R_75,28633.2701
1779543802,R_75,28637.4618
1779543804,R_75,28633.2318
1779543806,R_75,28638.57
1779543808,R_75,28634.383
1779543810,R_75,28635.5636
1779543812,R_75,28638.1037
1779543814,R_75,28641.8584
1779543816,R_75,28642.6537
1779543818,R_75,28643.4158
1779543820,R_75,28640.6245
1779543822,R_75,28646.8105
1779543824,R_75,28648.2902
1779543826,R_75,28643.6219
1779543828,R_75,28645.1061
1779543830,R_75,28640.3629
1779543832,R_75,28633.8899
1779543834,R_75,28638.898
1779543836,R_75,28634.0028
1779543838,R_75,28632.1174
1779543840,R_75,28635.4404
1779543842,R_75,28643.5137
1779543844,R_75,28647.6055
1779543846,R_75,28651.6635
1779543848,R_75,28656.7461
1779543850,R_75,28659.7575
1779543852,R_75,28655.7223
1779543854,R_75,28660.4613
1779543856,R_75,28655.3111
1779543858,R_75,28651.6857
1779543860,R_75,28652.674
1779543862,R_75,28656.2606
1779543864,R_75,28658.9889
1779543866,R_75,28673.8543
1779543868,R_75,28670.0331
1779543870,R_75,28660.5717
1779543872,R_75,28663.5192
1779543874,R_75,28668.6676
1779543876,R_75,28660.3455
1779543878,R_75,28659.8289
1779543880,R_75,28667.3253
1779543882,R_75,28662.7354
1779543884,R_75,28667.5427
1779543886,R_75,28672.9769
1779543888,R_75,28682.1103
1779543890,R_75,28681.8134
1779543892,R_75,28685.1942
1779543894,R_75,28686.9143
1779543896,R_75,28685.6953
1779543898,R_75,28689.5794
1779543900,R_75,28684.8082
1779543902,R_75,28693.2272
1779543904,R_75,28699.8168
1779543906,R_75,28691.2837
1779543908,R_75,28691.8591
1779543910,R_75,28685.383
1779543912,R_75,28682.317
1779543914,R_75,28684.0417
1779543916,R_75,28675.8331
1779543918,R_75,28668.5768
1779543920,R_75,28666.6531
1779543922,R_75,28659.0115
1779543924,R_75,28663.2759
1779543926,R_75,28655.3428
1779543928,R_75,28660.2485
1779543930,R_75,28656.2619
1779543932,R_75,28654.9268
1779543934,R_75,28657.8243
1779543936,R_75,28662.3472
1779543938,R_75,28664.1365
1779543940,R_75,28659.9216
1779543942,R_75,28669.4822
1779543944,R_75,28668.6588
1779543946,R_75,28666.3137
1779543948,R_75,28670.4127
1779543950,R_75,28665.7714
1779543952,R_75,28662.8196
1779543954,R_75,28665.0826
1779543956,R_75,28657.225
1779543958,R_75,28660.372
1779543960,R_75,28664.4143
1779543962,R_75,28656.073
1779543964,R_75,28653.8227
1779543966,R_75,28660.6784
1779543968,R_75,28661.2017
1779543970,R_75,28654.3633
1779543972,R_75,28653.5102
1779543974,R_75,28664.3025
1779543976,R_75,28663.6335
1779543978,R_75,28662.7826
1779543980,R_75,28653.7846
1779543982,R_75,28649.472
1779543984,R_75,28642.3091
1779543986,R_75,28632.7
1779543988,R_75,28635.722
1779543990,R_75,28638.4959
1779543992,R_75,28641.4928
1779543994,R_75,28642.7229
1779543996,R_75,28645.5964
1779543998,R_75,28659.843
1779544000,R_75,28659.3121
1779544002,R_75,28661.9227
1779544004,R_75,28656.2454
1779544006,R_75,28653.4367
1779544008,R_75,28654.128
1779544010,R_75,28646.8424
1779544012,R_75,28647.6411
1779544014,R_75,28645.8251
1779544016,R_75,28646.9127
1779544018,R_75,28646.0064
1779544020,R_75,28650.4394
1779544022,R_75,28650.6803
1779544024,R_75,28639.238
1779544026,R_75,28643.9861
1779544028,R_75,28645.8441
1779544030,R_75,28644.9931
1779544032,R_75,28647.1624
1779544034,R_75,28649.118
1779544036,R_75,28646.2908
1779544038,R_75,28651.5312
1779544040,R_75,28652.6075
1779544042,R_75,28646.1659
1779544044,R_75,28645.8891
1779544046,R_75,28643.0369
1779544048,R_75,28645.583
1779544050,R_75,28644.9552
1779544052,R_75,28655.3755
1779544054,R_75,28660.719
1779544056,R_75,28657.6268
1779544058,R_75,28660.6924
1779544060,R_75,28662.0495
1779544062,R_75,28663.7959
1779544064,R_75,28662.5868
1779544066,R_75,28661.2423
1779544068,R_75,28659.5842
1779544070,R_75,28665.413
1779544072,R_75,28672.755
1779544074,R_75,28666.7648
1779544076,R_75,28672.4583
1779544078,R_75,28667.3592
1779544080,R_75,28665.1822
1779544082,R_75,28666.2741
1779544084,R_75,28659.8617
1779544086,R_75,28664.7364
1779544088,R_75,28671.9197
1779544090,R_75,28674.0368
1779544092,R_75,28673.9842
1779544094,R_75,28671.6584
1779544096,R_75,28684.5119
1779544098,R_75,28688.8289
1779544100,R_75,28691.7277
1779544102,R_75,28690.162
1779544104,R_75,28694.5459
1779544106,R_75,28698.6753
1779544108,R_75,28698.0316
1779544110,R_75,28703.5517
1779544112,R_75,28697.5426
1779544114,R_75,28694.9107
1779544116,R_75,28693.5318
1779544118,R_75,28692.8195
1779544120,R_75,28686.2266
1779544122,R_75,28691.0737
1779544124,R_75,28696.5376
1779544126,R_75,28695.9054
1779544128,R_75,28690.4193
1779544130,R_75,28692.1474
1779544132,R_75,28690.7951
1779544134,R_75,28690.8053
1779544136,R_75,28692.9742
1779544138,R_75,28700.0531
1779544140,R_75,28698.5048
1779544142,R_75,28691.0332
1779544144,R_75,28696.5595
1779544146,R_75,28700.1179
1779544148,R_75,28694.2319
1779544150,R_75,28689.8335
1779544152,R_75,28692.3906
1779544154,R_75,28691.7291
1779544156,R_75,28687.6224
1779544158,R_75,28690.3594
1779544160,R_75,28696.2868
1779544162,R_75,28694.6954
1779544164,R_75,28689.6878
1779544166,R_75,28683.2134
1779544168,R_75,28676.5399
1779544170,R_75,28680.8355
1779544172,R_75,28685.5351
1779544174,R_75,28685.1295
1779544176,R_75,28679.4099
1779544178,R_75,28679.0693
1779544180,R_75,28687.7775
1779544182,R_75,28686.083
1779544184,R_75,28680.8942
1779544186,R_75,28680.1793
1779544188,R_75,28679.401
1779544190,R_75,28682.3445
1779544192,R_75,28676.2635
1779544194,R_75,28681.0037
1779544196,R_75,28690.3487
1779544198,R_75,28684.6834
1779544200,R_75,28685.5411
1779544202,R_75,28687.5515
1779544204,R_75,28681.9761
1779544206,R_75,28687.0682
1779544208,R_75,28686.5124
1779544210,R_75,28676.089
1779544212,R_75,28670.6891
1779544214,R_75,28668.6499
1779544216,R_75,28666.1223
1779544218,R_75,28664.7082
1779544220,R_75,28664.0154
1779544222,R_75,28656.953
1779544224,R_75,28655.1793
1779544226,R_75,28656.2168
1779544228,R_75,28663.9445
1779544230,R_75,28663.8374
1779544232,R_75,28661.2122
1779544234,R_75,28664.1829
1779544236,R_75,28674.4437
1779544238,R_75,28674.5503
1779544240,R_75,28682.8598
1779544242,R_75,28677.3799
1779544244,R_75,28674.3422
1779544246,R_75,28674.822
1779544248,R_75,28688.8854
1779544250,R_75,28696.6866
1779544252,R_75,28700.8598
1779544254,R_75,28699.4738
1779544256,R_75,28699.8184
1779544258,R_75,28700.4933
1779544260,R_75,28701.7462
1779544262,R_75,28698.3282
1779544264,R_75,28703.3252
1779544266,R_75,28714.7634
1779544268,R_75,28712.5214
1779544270,R_75,28707.5816
1779544272,R_75,28710.9184
1779544274,R_75,28705.1784
1779544276,R_75,28704.7057
1779544278,R_75,28696.1991
1779544280,R_75,28691.5067
1779544282,R_75,28690.6645
1779544284,R_75,28690.4465
1779544286,R_75,28688.1184
1779544288,R_75,28696.1611
1779544290,R_75,28698.2771
1779544292,R_75,28703.1653
1779544294,R_75,28712.8324
1779544296,R_75,28703.2397
1779544298,R_75,28708.9513
1779544300,R_75,28701.6772
1779544302,R_75,28707.4842
1779544304,R_75,28709.7766
1779544306,R_75,28715.6787
1779544308,R_75,28713.4082
1779544310,R_75,28717.5446
1779544312,R_75,28714.8954
1779544314,R_75,28722.2
1779544316,R_75,28728.2644
1779544318,R_75,28728.6581
1779544320,R_75,28729.4201
1779544322,R_75,28738.5168
1779544324,R_75,28736.3628
1779544326,R_75,28728.4255
1779544328,R_75,28725.4563
1779544330,R_75,28724.891
1779544332,R_75,28731.4972
1779544334,R_75,28728.4556
1779544336,R_75,28730.8363
1779544338,R_75,28725.8519
1779544340,R_75,28724.7652
1779544342,R_75,28737.9462
1779544344,R_75,28734.0581
1779544346,R_75,28740.7644
1779544348,R_75,28744.3
1779544350,R_75,28741.3257
1779544352,R_75,28730.1611
1779544354,R_75,28722.4255
1779544356,R_75,28726.5413
1779544358,R_75,28723.1721
1779544360,R_75,28736.6794
1779544362,R_75,28737.4779
1779544364,R_75,28736.9312
1779544366,R_75,28740.8448
1779544368,R_75,28737.3757
1779544370,R_75,28744.9326
1779544372,R_75,28751.5354
1779544374,R_75,28745.5016
1779544376,R_75,28743.6026
1779544378,R_75,28746.9579
1779544380,R_75,28750.2105
1779544382,R_75,28747.9662
1779544384,R_75,28753.8521
1779544386,R_75,28762.6664
1779544388,R_75,28755.6211
1779544390,R_75,28753.6544
1779544392,R_75,28754.4412
1779544394,R_75,28751.6646
1779544396,R_75,28751.8797
1779544398,R_75,28754.2219
1779544400,R_75,28750.8939
1779544402,R_75,28751.2493
1779544404,R_75,28746.2548
1779544406,R_75,28739.0706
1779544408,R_75,28730.545
1779544410,R_75,28725.7088
1779544412,R_75,28716.2095
1779544414,R_75,28716.848
1779544416,R_75,28720.1701
1779544418,R_75,28719.8029
1779544420,R_75,28711.1831
1779544422,R_75,28705.812
1779544424,R_75,28709.0279
1779544426,R_75,28705.023
1779544428,R_75,28699.7268
1779544430,R_75,28685.9141
1779544432,R_75,28683.5314
1779544434,R_75,28682.6358
1779544436,R_75,28688.2338
1779544438,R_75,28692.9941
1779544440,R_75,28686.0364
1779544442,R_75,28686.1453
1779544444,R_75,28676.6954
1779544446,R_75,28686.5512
1779544448,R_75,28690.3961
1779544450,R_75,28698.2932
1779544452,R_75,28698.4757
1779544454,R_75,28704.4578
1779544456,R_75,28690.899
1779544458,R_75,28686.8121
1779544460,R_75,28683.3583
1779544462,R_75,28680.7913
1779544464,R_75,28683.8159
1779544466,R_75,28681.5343
1779544468,R_75,28685.827
1779544470,R_75,28686.8093
1779544472,R_75,28699.4692
1779544474,R_75,28696.3994
1779544476,R_75,28696.143
1779544478,R_75,28700.7826
1779544480,R_75,28698.9848
1779544482,R_75,28704.5156
1779544484,R_75,28711.7441
1779544486,R_75,28718.2754
1779544488,R_75,28720.896
1779544490,R_75,28728.0018
1779544492,R_75,28728.4096
1779544494,R_75,28725.7434
1779544496,R_75,28732.327
1779544498,R_75,28737.0657
1779544500,R_75,28735.3583
1779544502,R_75,28734.3599
1779544504,R_75,28738.0801
1779544506,R_75,28736.4103
1779544508,R_75,28740.8417
1779544510,R_75,28745.7722
1779544512,R_75,28749.9884
1779544514,R_75,28752.0339
1779544516,R_75,28753.0166
1779544518,R_75,28755.5032
1779544520,R_75,28764.4727
1779544522,R_75,28776.9305
1779544524,R_75,28779.4313
1779544526,R_75,28781.7624
1779544528,R_75,28773.4301
1779544530,R_75,28770.4352
1779544532,R_75,28777.3781
1779544534,R_75,28777.2861
1779544536,R_75,28770.404
1779544538,R_75,28766.611
1779544540,R_75,28768.0441
1779544542,R_75,28768.9989
1779544544,R_75,28770.344
1779544546,R_75,28775.5179
1779544548,R_75,28774.6589
1779544550,R_75,28772.0005
1779544552,R_75,28768.5172
1779544554,R_75,28756.5456
1779544556,R_75,28762.5021
1779544558,R_75,28762.3217
1779544560,R_75,28747.6382
1779544562,R_75,28748.4109
1779544564,R_75,28741.957
1779544566,R_75,28742.3513
1779544568,R_75,28741.4642
1779544570,R_75,28741.2199
1779544572,R_75,28742.1417
1779544574,R_75,28742.8117
1779544576,R_75,28749.0247
1779544578,R_75,28738.2028
1779544580,R_75,28730.7802
1779544582,R_75,28725.8385
1779544584,R_75,28719.395
1779544586,R_75,28726.4471
1779544588,R_75,28733.8237
1779544590,R_75,28724.4871
1779544592,R_75,28719.3054
1779544594,R_75,28719.2634
1779544596,R_75,28718.1335
1779544598,R_75,28723.4821
1779544600,R_75,28721.423
1779544602,R_75,28722.1549
1779544604,R_75,28718.2571
1779544606,R_75,28715.7529
1779544608,R_75,28713.4265
1779544610,R_75,28708.5178
1779544612,R_75,28719.4379
1779544614,R_75,28727.8858
1779544616,R_75,28729.4002
1779544618,R_75,28728.9317
1779544620,R_75,28724.598
1779544622,R_75,28724.9276
1779544624,R_75,28726.7767
1779544626,R_75,28723.0175
1779544628,R_75,28724.4237
1779544630,R_75,28713.7808
1779544632,R_75,28716.6418
1779544634,R_75,28721.361
1779544636,R_75,28722.2431
1779544638,R_75,28721.066
1779544640,R_75,28718.8633
1779544642,R_75,28726.651
1779544644,R_75,28724.7365
1779544646,R_75,28727.9367
1779544648,R_75,28725.6494
1779544650,R_75,28727.2418
1779544652,R_75,28731.565
1779544654,R_75,28729.5147
1779544656,R_75,28729.7379
1779544658,R_75,28732.8727
1779544660,R_75,28734.7271
1779544662,R_75,28732.5077
1779544664,R_75,28725.8451
1779544666,R_75,28724.7031
1779544668,R_75,28725.6595
1779544670,R_75,28728.8306
1779544672,R_75,28733.9663
1779544674,R_75,28735.1903
1779544676,R_75,28728.7131
1779544678,R_75,28728.9072
1779544680,R_75,28730.8064
1779544682,R_75,28730.423
1779544684,R_75,28735.9776
1779544686,R_75,28732.4438
1779544688,R_75,28737.4155
1779544690,R_75,28731.492
1779544692,R_75,28733.8146
1779544694,R_75,28732.1151
1779544696,R_75,28735.7299
1779544698,R_75,28734.5373
1779544700,R_75,28728.9227
1779544702,R_75,28729.935
1779544704,R_75,28727.7879
1779544706,R_75,28729.9776
1779544708,R_75,28743.7188
1779544710,R_75,28748.1917
1779544712,R_75,28739.0729
1779544714,R_75,28739.9849
1779544716,R_75,28744.6776
1779544718,R_75,28742.9303
1779544720,R_75,28751.9734
1779544722,R_75,28753.9664
1779544724,R_75,28764.9517
1779544726,R_75,28768.8502
1779544728,R_75,28759.2354
1779544730,R_75,28752.1973
1779544732,R_75,28754.0746
1779544734,R_75,28755.4063
1779544736,R_75,28752.4074
1779544738,R_75,28751.7464
1779544740,R_75,28756.7146
1779544742,R_75,28748.0987
1779544744,R_75,28749.888
1779544746,R_75,28749.1227
1779544748,R_75,28741.6657
1779544750,R_75,28740.1662
1779544752,R_75,28737.7356
1779544754,R_75,28744.9357
1779544756,R_75,28750.7496
1779544758,R_75,28748.9763
1779544760,R_75,28746.6427
1779544762,R_75,28751.7936
1779544764,R_75,28751.0014
1779544766,R_75,28758.1705
1779544768,R_75,28755.7367
1779544770,R_75,28750.7634
1779544772,R_75,28752.372
1779544774,R_75,28755.5064
1779544776,R_75,28755.9121
1779544778,R_75,28766.4985
1779544780,R_75,28765.1731
1779544782,R_75,28766.4605
1779544784,R_75,28771.221
1779544786,R_75,28770.384
1779544788,R_75,28773.3304
1779544790,R_75,28778.3693
1779544792,R_75,28779.5361
1779544794,R_75,28787.1008
1779544796,R_75,28776.2911
1779544798,R_75,28776.4241
1779544800,R_75,28769.399
1779544802,R_75,28777.0241
1779544804,R_75,28774.178
1779544806,R_75,28772.4837
1779544808,R_75,28772.551
1779544810,R_75,28764.6544
1779544812,R_75,28755.4516
1779544814,R_75,28757.4173
1779544816,R_75,28751.7215
1779544818,R_75,28737.699
1779544820,R_75,28738.644
1779544822,R_75,28733.4595
1779544824,R_75,28730.2736
1779544826,R_75,28721.3215
1779544828,R_75,28722.5883
1779544830,R_75,28717.5315
1779544832,R_75,28719.6876
1779544834,R_75,28720.3312
1779544836,R_75,28719.9296
1779544838,R_75,28714.9589
1779544840,R_75,28721.8455
1779544842,R_75,28720.8246
1779544844,R_75,28726.9685
1779544846,R_75,28735.622
1779544848,R_75,28747.8163
1779544850,R_75,28734.2596
1779544852,R_75,28727.8044
1779544854,R_75,28723.4623
1779544856,R_75,28718.9436
1779544858,R_75,28718.4151
1779544860,R_75,28726.4464
1779544862,R_75,28720.8339
1779544864,R_75,28719.5846
1779544866,R_75,28719.46
1779544868,R_75,28714.144
1779544870,R_75,28716.6475
1779544872,R_75,28714.2728
1779544874,R_75,28714.7333
1779544876,R_75,28714.5194
1779544878,R_75,28722.947
1779544880,R_75,28719.1402
1779544882,R_75,28722.692
1779544884,R_75,28714.3342
1779544886,R_75,28720.6537
1779544888,R_75,28721.8054
1779544890,R_75,28721.9001
1779544892,R_75,28726.6468
1779544894,R_75,28722.3655
1779544896,R_75,28715.6514
1779544898,R_75,28713.4608
1779544900,R_75,28718.5611
1779544902,R_75,28723.157
1779544904,R_75,28721.3796
1779544906,R_75,28718.8351
1779544908,R_75,28726.5827
1779544910,R_75,28733.2623
1779544912,R_75,28735.1533
1779544914,R_75,28729.723
1779544916,R_75,28724.8315
1779544918,R_75,28718.9692
1779544920,R_75,28722.5997
1779544922,R_75,28722.0534
1779544924,R_75,28720.1574
1779544926,R_75,28711.2233
1779544928,R_75,28704.2695
1779544930,R_75,28694.2423
1779544932,R_75,28701.3529
1779544934,R_75,28702.2522
1779544936,R_75,28686.7891
1779544938,R_75,28692.0405
1779544940,R_75,28691.5759
1779544942,R_75,28699.4534
1779544944,R_75,28699.5713
1779544946,R_75,28690.3301
1779544948,R_75,28686.0849
1779544950,R_75,28671.4799
1779544952,R_75,28670.9934
1779544954,R_75,28672.9431
1779544956,R_75,28664.9865
1779544958,R_75,28658.9541
1779544960,R_75,28658.1142
1779544962,R_75,28657.1382
1779544964,R_75,28649.4782
1779544966,R_75,28654.0856
1779544968,R_75,28645.7048
1779544970,R_75,28648.3085
1779544972,R_75,28649.7978
1779544974,R_75,28637.6664
1779544976,R_75,28638.9808
1779544978,R_75,28645.9269
1779544980,R_75,28645.4371
1779544982,R_75,28650.6318
1779544984,R_75,28654.1106
1779544986,R_75,28645.1185
1779544988,R_75,28644.0456
1779544990,R_75,28642.8558
1779544992,R_75,28643.7695
1779544994,R_75,28645.7665
1779544996,R_75,28652.149
1779544998,R_75,28645.9634
1779545000,R_75,28640.6471
1779545002,R_75,28632.9018
1779545004,R_75,28638.0585
1779545006,R_75,28645.2458
1779545008,R_75,28642.529
1779545010,R_75,28629.854
1779545012,R_75,28634.5283
1779545014,R_75,28628.5184
1779545016,R_75,28640.6164
1779545018,R_75,28643.6905
1779545020,R_75,28642.6086
1779545022,R_75,28641.8193
1779545024,R_75,28634.4376
1779545026,R_75,28626.6563
1779545028,R_75,28624.3492
1779545030,R_75,28621.099
1779545032,R_75,28611.5942
1779545034,R_75,28604.8231
1779545036,R_75,28601.301
1779545038,R_75,28596.4399
1779545040,R_75,28584.8935
1779545042,R_75,28584.2612
1779545044,R_75,28578.1296
1779545046,R_75,28576.9311
1779545048,R_75,28591.2797
1779545050,R_75,28589.6839
1779545052,R_75,28585.4637
1779545054,R_75,28576.384
1779545056,R_75,28577.3798
1779545058,R_75,28568.4432
1779545060,R_75,28568.8548
1779545062,R_75,28575.5804
1779545064,R_75,28569.5304
1779545066,R_75,28561.4408
1779545068,R_75,28565.299
1779545070,R_75,28561.6375
1779545072,R_75,28570.3515
1779545074,R_75,28568.7575
1779545076,R_75,28578.5515
1779545078,R_75,28584.1743
1779545080,R_75,28583.758
1779545082,R_75,28587.8784
1779545084,R_75,28587.4856
1779545086,R_75,28582.1332
1779545088,R_75,28582.1644
1779545090,R_75,28572.1379
1779545092,R_75,28567.372
1779545094,R_75,28556.4783
1779545096,R_75,28552.2862
1779545098,R_75,28556.8877
1779545100,R_75,28554.3566
1779545102,R_75,28545.1021
1779545104,R_75,28544.2971
1779545106,R_75,28539.9666
1779545108,R_75,28529.6133
1779545110,R_75,28531.5102
1779545112,R_75,28534.2754
1779545114,R_75,28532.749
1779545116,R_75,28527.5905
1779545118,R_75,28527.8338
1779545120,R_75,28528.7589
1779545122,R_75,28536.6352
1779545124,R_75,28531.6379
1779545126,R_75,28533.2406
1779545128,R_75,28535.3214
1779545130,R_75,28537.9094
1779545132,R_75,28539.1861
1779545134,R_75,28534.7711
1779545136,R_75,28526.9006
1779545138,R_75,28513.8425
1779545140,R_75,28507.607
1779545142,R_75,28510.4014
1779545144,R_75,28508.9401
1779545146,R_75,28510.6516
1779545148,R_75,28511.2158
1779545150,R_75,28504.3641
1779545152,R_75,28511.6789
1779545154,R_75,28506.9024
1779545156,R_75,28511.5853
1779545158,R_75,28504.6069
1779545160,R_75,28507.9958
1779545162,R_75,28515.5685
1779545164,R_75,28519.6392
1779545166,R_75,28515.5752
1779545168,R_75,28521.0504
1779545170,R_75,28516.53
1779545172,R_75,28518.1535
1779545174,R_75,28515.2469
1779545176,R_75,28518.5838
1779545178,R_75,28525.6794
1779545180,R_75,28521.6232
1779545182,R_75,28525.7394
1779545184,R_75,28528.2862
1779545186,R_75,28523.3067
1779545188,R_75,28517.9053
1779545190,R_75,28511.7668
1779545192,R_75,28510.7139
1779545194,R_75,28518.8351
1779545196,R_75,28525.0706
1779545198,R_75,28523.4614
1779545200,R_75,28524.224
1779545202,R_75,28511.3122
1779545204,R_75,28512.6866
1779545206,R_75,28526.9668
1779545208,R_75,28523.9173
1779545210,R_75,28525.6614
1779545212,R_75,28520.5795
1779545214,R_75,28522.4675
1779545216,R_75,28520.4942
1779545218,R_75,28518.96
1779545220,R_75,28511.6669
1779545222,R_75,28519.996
1779545224,R_75,28522.8845
1779545226,R_75,28521.3592
1779545228,R_75,28529.0693
1779545230,R_75,28527.9354
1779545232,R_75,28523.6945
1779545234,R_75,28530.6565
1779545236,R_75,28535.2035
1779545238,R_75,28542.56
1779545240,R_75,28546.2292
1779545242,R_75,28543.019
1779545244,R_75,28536.6536
1779545246,R_75,28544.5573
1779545248,R_75,28541.056
1779545250,R_75,28541.0957
1779545252,R_75,28534.2429
1779545254,R_75,28532.7197
1779545256,R_75,28527.0024
1779545258,R_75,28532.3052
1779545260,R_75,28528.4733
1779545262,R_75,28533.1078
1779545264,R_75,28535.484
1779545266,R_75,28540.65
1779545268,R_75,28539.8705
1779545270,R_75,28532.1369
1779545272,R_75,28534.9069
1779545274,R_75,28530.4733
1779545276,R_75,28531.6554
1779545278,R_75,28528.5027
1779545280,R_75,28524.5645
1779545282,R_75,28531.7063
1779545284,R_75,28533.3684
1779545286,R_75,28533.45
1779545288,R_75,28536.0153
1779545290,R_75,28545.7358
1779545292,R_75,28547.7944
1779545294,R_75,28541.9781
1779545296,R_75,28528.8515
1779545298,R_75,28533.1231
1779545300,R_75,28533.1232
1779545302,R_75,28541.6563
1779545304,R_75,28532.6714
1779545306,R_75,28521.3847
1779545308,R_75,28520.2881
1779545310,R_75,28514.9083
1779545312,R_75,28519.7531
1779545314,R_75,28524.2363
1779545316,R_75,28531.5333
1779545318,R_75,28527.7021
1779545320,R_75,28531.8945
1779545322,R_75,28538.532
1779545324,R_75,28540.2653
1779545326,R_75,28540.2429
1779545328,R_75,28545.8547
1779545330,R_75,28542.9385
1779545332,R_75,28542.9804
1779545334,R_75,28535.3768
1779545336,R_75,28530.5058
1779545338,R_75,28533.085
1779545340,R_75,28534.0269
1779545342,R_75,28534.4738
1779545344,R_75,28539.0627
1779545346,R_75,28540.5364
1779545348,R_75,28542.5326
1779545350,R_75,28540.7534
1779545352,R_75,28533.6928
1779545354,R_75,28540.5504
1779545356,R_75,28549.2519
1779545358,R_75,28553.8298
1779545360,R_75,28545.1571
1779545362,R_75,28554.6187
1779545364,R_75,28549.5486
1779545366,R_75,28561.2111
1779545368,R_75,28550.4026
1779545370,R_75,28555.5532
1779545372,R_75,28553.7934
1779545374,R_75,28551.2886
1779545376,R_75,28559.6061
1779545378,R_75,28565.5697
1779545380,R_75,28558.1876
1779545382,R_75,28560.7437
1779545384,R_75,28550.776
1779545386,R_75,28546.9326
1779545388,R_75,28538.5692
1779545390,R_75,28539.0054
1779545392,R_75,28527.816
1779545394,R_75,28531.2408
1779545396,R_75,28535.1665
1779545398,R_75,28549.6807
1779545400,R_75,28551.5366
1779545402,R_75,28556.965
1779545404,R_75,28563.0683
1779545406,R_75,28559.018
1779545408,R_75,28561.9352
1779545410,R_75,28564.8193
1779545412,R_75,28555.9358
1779545414,R_75,28554.4945
1779545416,R_75,28562.6386
1779545418,R_75,28559.431
1779545420,R_75,28557.2829
1779545422,R_75,28559.7817
1779545424,R_75,28570.2059
1779545426,R_75,28570.8347
1779545428,R_75,28568.5114
1779545430,R_75,28573.0174
1779545432,R_75,28569.3309
1779545434,R_75,28569.0909
1779545436,R_75,28567.8885
1779545438,R_75,28561.7804
1779545440,R_75,28568.3114
1779545442,R_75,28571.3369
1779545444,R_75,28563.9394
1779545446,R_75,28563.9723
1779545448,R_75,28572.4972
1779545450,R_75,28569.7509
1779545452,R_75,28569.2689
1779545454,R_75,28571.2496
1779545456,R_75,28572.5701
1779545458,R_75,28570.1579
1779545460,R_75,28576.7689
1779545462,R_75,28578.1592
1779545464,R_75,28583.6684
1779545466,R_75,28589.0512
1779545468,R_75,28581.0259
1779545470,R_75,28577.0051
1779545472,R_75,28570.9858
1779545474,R_75,28569.8629
1779545476,R_75,28575.7888
1779545478,R_75,28575.9099
1779545480,R_75,28580.8121
1779545482,R_75,28580.53
1779545484,R_75,28578.4742
1779545486,R_75,28578.7925
1779545488,R_75,28570.4413
1779545490,R_75,28558.9879
1779545492,R_75,28562.4484
1779545494,R_75,28563.1895
1779545496,R_75,28554.638
1779545498,R_75,28554.0755
1779545500,R_75,28559.2294
1779545502,R_75,28556.4689
1779545504,R_75,28551.7046
1779545506,R_75,28552.6402
1779545508,R_75,28563.4502
1779545510,R_75,28566.0911
1779545512,R_75,28561.3023
1779545514,R_75,28562.268
1779545516,R_75,28563.3555
1779545518,R_75,28557.9548
1779545520,R_75,28563.6774
1779545522,R_75,28567.1883
1779545524,R_75,28569.3932
1779545526,R_75,28568.8436
1779545528,R_75,28565.3509
1779545530,R_75,28575.8251
1779545532,R_75,28587.1189
1779545534,R_75,28582.7006
1779545536,R_75,28575.232
1779545538,R_75,28579.2085
1779545540,R_75,28583.0928
1779545542,R_75,28574.1187
1779545544,R_75,28576.0571
1779545546,R_75,28570.3221
1779545548,R_75,28579.5029
1779545550,R_75,28577.0451
1779545552,R_75,28587.7957
1779545554,R_75,28580.6811
1779545556,R_75,28577.9762
1779545558,R_75,28585.4966
1779545560,R_75,28583.6979
1779545562,R_75,28585.9933
1779545564,R_75,28590.3656
1779545566,R_75,28594.4373
1779545568,R_75,28589.3692
1779545570,R_75,28592.354
1779545572,R_75,28591.983
1779545574,R_75,28601.8767
1779545576,R_75,28592.0515
1779545578,R_75,28592.9811
1779545580,R_75,28594.2139
1779545582,R_75,28601.6106
1779545584,R_75,28600.6379
1779545586,R_75,28608.8833
1779545588,R_75,28605.5173
1779545590,R_75,28611.4326
1779545592,R_75,28613.1047
1779545594,R_75,28610.2578
1779545596,R_75,28614.2031
1779545598,R_75,28613.948
1779545600,R_75,28604.521
1779545602,R_75,28603.3309
1779545604,R_75,28601.1482
1779545606,R_75,28596.0483
1779545608,R_75,28590.9503
1779545610,R_75,28591.8267
1779545612,R_75,28577.3929
1779545614,R_75,28577.8457
1779545616,R_75,28578.8819
1779545618,R_75,28574.9397
1779545620,R_75,28567.2032
1779545622,R_75,28564.2644
1779545624,R_75,28566.4681
1779545626,R_75,28566.9143
1779545628,R_75,28570.6416
1779545630,R_75,28565.3277
1779545632,R_75,28562.5155
1779545634,R_75,28543.3025
1779545636,R_75,28545.8374
1779545638,R_75,28558.1738
1779545640,R_75,28562.1962
1779545642,R_75,28559.7179
1779545644,R_75,28556.4032
1779545646,R_75,28557.2728
1779545648,R_75,28545.8088
1779545650,R_75,28542.8587
1779545652,R_75,28537.7776
1779545654,R_75,28531.232
1779545656,R_75,28536.7385
1779545658,R_75,28534.4305
1779545660,R_75,28533.266
1779545662,R_75,28529.4019
1779545664,R_75,28527.3313
1779545666,R_75,28530.9751
1779545668,R_75,28533.7823
1779545670,R_75,28534.2422
1779545672,R_75,28536.3135
1779545674,R_75,28535.7159
1779545676,R_75,28535.5031
1779545678,R_75,28540.5457
1779545680,R_75,28541.4042
1779545682,R_75,28534.398
1779545684,R_75,28538.5932
1779545686,R_75,28544.1209
1779545688,R_75,28539.2259
1779545690,R_75,28544.8257
1779545692,R_75,28541.1758
1779545694,R_75,28535.1722
1779545696,R_75,28529.9202
1779545698,R_75,28519.1012
1779545700,R_75,28522.3108
1779545702,R_75,28521.3926
1779545704,R_75,28514.6572
1779545706,R_75,28516.7515
1779545708,R_75,28511.0627
1779545710,R_75,28518.339
1779545712,R_75,28516.5058
1779545714,R_75,28517.8421
1779545716,R_75,28524.1798
1779545718,R_75,28527.4182
1779545720,R_75,28531.1392
1779545722,R_75,28525.37
1779545724,R_75,28527.5831
1779545726,R_75,28528.2505
1779545728,R_75,28530.7868
1779545730,R_75,28527.027
1779545732,R_75,28527.3742
1779545734,R_75,28529.1976
1779545736,R_75,28524.5081
1779545738,R_75,28522.6276
1779545740,R_75,28513.6396
1779545742,R_75,28513.8705
1779545744,R_75,28507.7275
1779545746,R_75,28506.5357
1779545748,R_75,28508.3467
1779545750,R_75,28515.2901
1779545752,R_75,28521.1486
1779545754,R_75,28517.2473
1779545756,R_75,28517.2827
1779545758,R_75,28516.7678
1779545760,R_75,28515.7559
1779545762,R_75,28522.3079
1779545764,R_75,28523.9869
1779545766,R_75,28528.6122
1779545768,R_75,28530.9994
1779545770,R_75,28535.2886
1779545772,R_75,28535.334
1779545774,R_75,28531.2397
1779545776,R_75,28538.6974
1779545778,R_75,28536.9238
1779545780,R_75,28528.8998
1779545782,R_75,28521.696
1779545784,R_75,28518.3614
1779545786,R_75,28505.1999
1779545788,R_75,28509.2967
1779545790,R_75,28506.1641
1779545792,R_75,28500.8813
1779545794,R_75,28503.3585
1779545796,R_75,28504.4353
1779545798,R_75,28506.329
1779545800,R_75,28505.8152
1779545802,R_75,28509.0254
1779545804,R_75,28516.3388
1779545806,R_75,28513.7706
1779545808,R_75,28512.9086
1779545810,R_75,28511.7407
1779545812,R_75,28507.9479
1779545814,R_75,28501.6362
1779545816,R_75,28493.6234
1779545818,R_75,28501.9123
1779545820,R_75,28498.6453
1779545822,R_75,28496.7345
1779545824,R_75,28497.7389
1779545826,R_75,28496.6538
1779545828,R_75,28505.9181
1779545830,R_75,28505.0637
1779545832,R_75,28506.1444
1779545834,R_75,28501.6639
1779545836,R_75,28495.7432
1779545838,R_75,28493.5434
1779545840,R_75,28496.6038
1779545842,R_75,28494.264
1779545844,R_75,28494.1496
1779545846,R_75,28497.6804
1779545848,R_75,28509.8019
1779545850,R_75,28517.769
1779545852,R_75,28511.4869
1779545854,R_75,28508.9624
1779545856,R_75,28497.938
1779545858,R_75,28495.6289
1779545860,R_75,28504.7934
1779545862,R_75,28505.2125
1779545864,R_75,28501.2316
1779545866,R_75,28495.1311
1779545868,R_75,28491.7999
1779545870,R_75,28488.073
1779545872,R_75,28487.7671
1779545874,R_75,28480.8813
1779545876,R_75,28488.3858
1779545878,R_75,28487.8888
1779545880,R_75,28483.4978
1779545882,R_75,28476.3813
1779545884,R_75,28481.8124
1779545886,R_75,28478.8334
1779545888,R_75,28480.5072
1779545890,R_75,28483.4981
1779545892,R_75,28481.9449
1779545894,R_75,28479.4616
1779545896,R_75,28473.6788
1779545898,R_75,28472.6292
1779545900,R_75,28476.1417
1779545902,R_75,28459.9412
1779545904,R_75,28455.8455
1779545906,R_75,28462.2296
1779545908,R_75,28459.2733
1779545910,R_75,28451.9284
1779545912,R_75,28464.907
1779545914,R_75,28464.9893
1779545916,R_75,28465.8203
1779545918,R_75,28470.073
1779545920,R_75,28474.3847
1779545922,R_75,28472.1195
1779545924,R_75,28471.9586
1779545926,R_75,28474.1561
1779545928,R_75,28465.6324
1779545930,R_75,28458.2195
1779545932,R_75,28466.5954
1779545934,R_75,28452.2056
1779545936,R_75,28450.199
1779545938,R_75,28455.1956
1779545940,R_75,28459.8025
1779545942,R_75,28457.8007
1779545944,R_75,28464.0601
1779545946,R_75,28467.5921
1779545948,R_75,28461.2496
1779545950,R_75,28459.3436
1779545952,R_75,28458.3529
1779545954,R_75,28459.7894
1779545956,R_75,28451.8946
1779545958,R_75,28453.3784
1779545960,R_75,28456.2053
1779545962,R_75,28444.824
1779545964,R_75,28436.156
1779545966,R_75,28440.2234
1779545968,R_75,28439.5109
1779545970,R_75,28434.9779
1779545972,R_75,28437.5217
1779545974,R_75,28435.644
1779545976,R_75,28433.8134
1779545978,R_75,28435.3708
1779545980,R_75,28448.4242
1779545982,R_75,28446.7792
1779545984,R_75,28446.0412
1779545986,R_75,28441.7051
1779545988,R_75,28451.0977
1779545990,R_75,28456.7218
1779545992,R_75,28443.7311
1779545994,R_75,28431.5413
1779545996,R_75,28434.3562
1779545998,R_75,28435.7512
1779546000,R_75,28435.0197
1779546002,R_75,28440.5365
1779546004,R_75,28439.6145
1779546006,R_75,28438.0863
1779546008,R_75,28442.611
1779546010,R_75,28443.1
1779546012,R_75,28446.8563
1779546014,R_75,28447.3289
1779546016,R_75,28439.6992
1779546018,R_75,28436.7737
1779546020,R_75,28438.2715
1779546022,R_75,28435.7544
1779546024,R_75,28435.1995
1779546026,R_75,28442.5683
1779546028,R_75,28442.4005
1779546030,R_75,28442.4014
1779546032,R_75,28443.7923
1779546034,R_75,28447.8222
1779546036,R_75,28448.4263
1779546038,R_75,28445.9585
1779546040,R_75,28444.2709
1779546042,R_75,28449.1877
1779546044,R_75,28449.8852
1779546046,R_75,28454.587
1779546048,R_75,28444.4507
1779546050,R_75,28435.8743
1779546052,R_75,28442.5207
1779546054,R_75,28440.1948
1779546056,R_75,28443.3089
1779546058,R_75,28448.0088
1779546060,R_75,28452.956
1779546062,R_75,28451.8798
1779546064,R_75,28445.7448
1779546066,R_75,28442.8172
1779546068,R_75,28447.3142
1779546070,R_75,28445.1495
1779546072,R_75,28437.5184
1779546074,R_75,28437.4622
1779546076,R_75,28430.322
1779546078,R_75,28422.4766
1779546080,R_75,28419.2298
1779546082,R_75,28430.0597
1779546084,R_75,28426.7971
1779546086,R_75,28420.07
1779546088,R_75,28426.0191
1779546090,R_75,28414.5279
1779546092,R_75,28414.6984
1779546094,R_75,28406.4112
1779546096,R_75,28401.5087
1779546098,R_75,28399.9839
1779546100,R_75,28402.6184
1779546102,R_75,28400.2798
1779546104,R_75,28393.0849
1779546106,R_75,28386.0108
1779546108,R_75,28394.9463
1779546110,R_75,28388.8824
1779546112,R_75,28393.2593
1779546114,R_75,28391.8079
1779546116,R_75,28389.1545
1779546118,R_75,28396.344
1779546120,R_75,28395.7999
1779546122,R_75,28390.87
1779546124,R_75,28383.7918
1779546126,R_75,28381.1607
1779546128,R_75,28375.5378
1779546130,R_75,28374.9548
1779546132,R_75,28379.1892
1779546134,R_75,28370.7789
1779546136,R_75,28366.6852
1779546138,R_75,28374.6342
1779546140,R_75,28370.7634
1779546142,R_75,28376.3053
1779546144,R_75,28380.686
1779546146,R_75,28377.9944
1779546148,R_75,28368.5595
1779546150,R_75,28361.521
1779546152,R_75,28365.7038
1779546154,R_75,28364.5066
1779546156,R_75,28369.7492
1779546158,R_75,28364.6266
1779546160,R_75,28369.5572
1779546162,R_75,28372.3549
1779546164,R_75,28371.7895
1779546166,R_75,28367.9425
1779546168,R_75,28370.3607
1779546170,R_75,28379.9424
1779546172,R_75,28379.6899
1779546174,R_75,28380.4854
1779546176,R_75,28373.6977
1779546178,R_75,28367.4781
1779546180,R_75,28366.0683
1779546182,R_75,28356.718
1779546184,R_75,28356.5278
1779546186,R_75,28350.2585
1779546188,R_75,28352.5809
1779546190,R_75,28344.8512
1779546192,R_75,28338.8746
1779546194,R_75,28334.2585
1779546196,R_75,28332.5722
1779546198,R_75,28328.2772
1779546200,R_75,28338.3319
1779546202,R_75,28331.2828
1779546204,R_75,28334.6207
1779546206,R_75,28335.346
1779546208,R_75,28341.3098
1779546210,R_75,28337.7272
1779546212,R_75,28330.295
1779546214,R_75,28340.6054
1779546216,R_75,28341.0007
1779546218,R_75,28352.0124
1779546220,R_75,28351.2571
1779546222,R_75,28358.5832
1779546224,R_75,28368.2963
1779546226,R_75,28377.1562
1779546228,R_75,28372.2887
1779546230,R_75,28373.4705
1779546232,R_75,28376.354
1779546234,R_75,28374.4327
1779546236,R_75,28361.499
1779546238,R_75,28359.0469
1779546240,R_75,28359.0384
1779546242,R_75,28367.2022
1779546244,R_75,28357.3953
1779546246,R_75,28359.1077
1779546248,R_75,28361.4622
1779546250,R_75,28360.0375
1779546252,R_75,28364.8084
1779546254,R_75,28359.3017
1779546256,R_75,28362.829
1779546258,R_75,28363.3638
1779546260,R_75,28354.5312
1779546262,R_75,28349.328
1779546264,R_75,28342.8939
1779546266,R_75,28339.8285
1779546268,R_75,28335.5893
1779546270,R_75,28333.1873
1779546272,R_75,28344.8989
1779546274,R_75,28346.3775
1779546276,R_75,28343.1662
1779546278,R_75,28351.8521
1779546280,R_75,28346.3444
1779546282,R_75,28347.5458
1779546284,R_75,28348.2307
1779546286,R_75,28345.4471
1779546288,R_75,28340.305
1779546290,R_75,28337.9711
1779546292,R_75,28335.5811
1779546294,R_75,28338.0098
1779546296,R_75,28336.9198
1779546298,R_75,28340.2794
1779546300,R_75,28342.8833
1779546302,R_75,28344.0025
1779546304,R_75,28339.2821
1779546306,R_75,28341.9378
1779546308,R_75,28342.148
1779546310,R_75,28340.4522
1779546312,R_75,28342.3744
1779546314,R_75,28338.2583
1779546316,R_75,28344.3764
1779546318,R_75,28329.2382
1779546320,R_75,28325.4592
1779546322,R_75,28330.896
1779546324,R_75,28328.2068
1779546326,R_75,28329.4178
1779546328,R_75,28325.9792
1779546330,R_75,28322.9323
1779546332,R_75,28314.4497
1779546334,R_75,28313.1976
1779546336,R_75,28315.0791
1779546338,R_75,28318.9131
1779546340,R_75,28321.5026
1779546342,R_75,28322.4965
1779546344,R_75,28324.5936
1779546346,R_75,28324.6233
1779546348,R_75,28327.1954
1779546350,R_75,28322.093
1779546352,R_75,28319.8998
1779546354,R_75,28326.7279
1779546356,R_75,28324.1697
1779546358,R_75,28326.3748
1779546360,R_75,28339.0946
1779546362,R_75,28338.5531
1779546364,R_75,28352.3568
1779546366,R_75,28356.6075
1779546368,R_75,28359.3154
1779546370,R_75,28356.8187
1779546372,R_75,28367.3155
1779546374,R_75,28354.222
1779546376,R_75,28348.4925
1779546378,R_75,28336.6303
1779546380,R_75,28333.7294
1779546382,R_75,28331.7815
1779546384,R_75,28338.2562
1779546386,R_75,28335.9133
1779546388,R_75,28345.9116
1779546390,R_75,28347.5467
1779546392,R_75,28354.8701
1779546394,R_75,28350.7219
1779546396,R_75,28350.784
1779546398,R_75,28354.8213
1779546400,R_75,28364.8102
1779546402,R_75,28365.2767
1779546404,R_75,28365.1648
1779546406,R_75,28368.1853
1779546408,R_75,28364.2308
1779546410,R_75,28359.7129
1779546412,R_75,28357.4705
1779546414,R_75,28361.2171
1779546416,R_75,28359.7259
1779546418,R_75,28367.2476
1779546420,R_75,28366.276
1779546422,R_75,28378.3155
1779546424,R_75,28388.4171
1779546426,R_75,28386.9994
1779546428,R_75,28391.793
1779546430,R_75,28395.2482
1779546432,R_75,28395.7893
1779546434,R_75,28399.3792
1779546436,R_75,28401.7875
1779546438,R_75,28405.4138
1779546440,R_75,28405.1866
1779546442,R_75,28396.1253
1779546444,R_75,28395.4852
1779546446,R_75,28386.163
1779546448,R_75,28373.5973
1779546450,R_75,28381.7547
1779546452,R_75,28378.0179
1779546454,R_75,28368.5405
1779546456,R_75,28363.8339
1779546458,R_75,28367.2645
1779546460,R_75,28356.8075
1779546462,R_75,28347.7734
1779546464,R_75,28340.0653
1779546466,R_75,28338.3592
1779546468,R_75,28342.2958
1779546470,R_75,28340.8103
1779546472,R_75,28342.3614
1779546474,R_75,28340.5372
1779546476,R_75,28338.9435
1779546478,R_75,28335.675
1779546480,R_75,28345.2586
1779546482,R_75,28343.2594
1779546484,R_75,28342.1205
1779546486,R_75,28344.1221
1779546488,R_75,28354.7643
1779546490,R_75,28350.3739
1779546492,R_75,28356.379
1779546494,R_75,28363.7204
1779546496,R_75,28364.9058
1779546498,R_75,28370.9685
1779546500,R_75,28366.0471
1779546502,R_75,28365.4731
1779546504,R_75,28357.9161
1779546506,R_75,28350.2643
1779546508,R_75,28353.392
1779546510,R_75,28351.8927
1779546512,R_75,28357.9345
1779546514,R_75,28359.0443
1779546516,R_75,28351.7789
1779546518,R_75,28351.0049
1779546520,R_75,28350.1071
1779546522,R_75,28349.311
1779546524,R_75,28348.6636
1779546526,R_75,28350.5871
1779546528,R_75,28347.6023
1779546530,R_75,28347.8435
1779546532,R_75,28341.0248
1779546534,R_75,28346.5116
1779546536,R_75,28347.525
1779546538,R_75,28339.5982
1779546540,R_75,28339.878
1779546542,R_75,28342.8059
1779546544,R_75,28335.204
1779546546,R_75,28334.487
1779546548,R_75,28334.1261
1779546550,R_75,28331.3239
1779546552,R_75,28331.4497
1779546554,R_75,28331.2118
1779546556,R_75,28334.0781
1779546558,R_75,28338.6125
1779546560,R_75,28339.3696
1779546562,R_75,28339.0174
1779546564,R_75,28346.3811
1779546566,R_75,28354.786
1779546568,R_75,28346.0332
1779546570,R_75,28342.6747
1779546572,R_75,28339.0922
1779546574,R_75,28343.2656
1779546576,R_75,28347.1357
1779546578,R_75,28345.8895
1779546580,R_75,28330.4283
1779546582,R_75,28343.9426
1779546584,R_75,28344.5429
1779546586,R_75,28347.7658
1779546588,R_75,28343.0886
1779546590,R_75,28345.0794
1779546592,R_75,28338.5204
1779546594,R_75,28344.9025
1779546596,R_75,28341.4193
1779546598,R_75,28341.8845
1779546600,R_75,28334.7005
1779546602,R_75,28341.379
1779546604,R_75,28340.0947
1779546606,R_75,28336.9444
1779546608,R_75,28336.0828
1779546610,R_75,28332.6047
1779546612,R_75,28337.4337
1779546614,R_75,28337.7007
1779546616,R_75,28329.7618
1779546618,R_75,28332.9448
1779546620,R_75,28340.0022
1779546622,R_75,28337.9062
1779546624,R_75,28337.2548
1779546626,R_75,28341.2954
1779546628,R_75,28342.0363
1779546630,R_75,28342.916
1779546632,R_75,28342.5588
1779546634,R_75,28343.4998
1779546636,R_75,28345.786
1779546638,R_75,28340.9885
1779546640,R_75,28341.6498
1779546642,R_75,28337.1055
1779546644,R_75,28348.5326
1779546646,R_75,28355.7494
1779546648,R_75,28349.9013
1779546650,R_75,28356.3831
1779546652,R_75,28349.3348
1779546654,R_75,28337.8976
1779546656,R_75,28335.1424
1779546658,R_75,28335.9914
1779546660,R_75,28335.0769
1779546662,R_75,28339.7138
1779546664,R_75,28343.8382
1779546666,R_75,28339.7839
1779546668,R_75,28334.842
1779546670,R_75,28329.6324
1779546672,R_75,28329.7011
1779546674,R_75,28336.212
1779546676,R_75,28332.1125
1779546678,R_75,28325.827
1779546680,R_75,28319.2758
1779546682,R_75,28313.0512
1779546684,R_75,28311.5689
1779546686,R_75,28309.0231
1779546688,R_75,28308.9175
1779546690,R_75,28308.0714
1779546692,R_75,28313.8345
1779546694,R_75,28316.7832
1779546696,R_75,28316.9089
1779546698,R_75,28322.7277
1779546700,R_75,28322.0387
1779546702,R_75,28320.1275
1779546704,R_75,28325.151
1779546706,R_75,28323.0331
1779546708,R_75,28314.8392
1779546710,R_75,28311.0762
1779546712,R_75,28314.7652
1779546714,R_75,28310.0707
1779546716,R_75,28310.6411
1779546718,R_75,28314.6855
1779546720,R_75,28321.5585
1779546722,R_75,28318.3918
1779546724,R_75,28314.0281
1779546726,R_75,28310.478
1779546728,R_75,28309.7815
1779546730,R_75,28315.1973
1779546732,R_75,28314.3305
1779546734,R_75,28304.6156
1779546736,R_75,28312.0165
1779546738,R_75,28308.0977
1779546740,R_75,28305.4558
1779546742,R_75,28309.5713
1779546744,R_75,28307.0689
1779546746,R_75,28305.4528
1779546748,R_75,28308.9333
1779546750,R_75,28307.5631
1779546752,R_75,28309.3573
1779546754,R_75,28313.4291
1779546756,R_75,28317.5121
1779546758,R_75,28323.3137
1779546760,R_75,28327.4916
1779546762,R_75,28333.5156
1779546764,R_75,28337.5002
1779546766,R_75,28335.1411
1779546768,R_75,28342.8364
1779546770,R_75,28351.1505
1779546772,R_75,28355.2985
1779546774,R_75,28352.1326
1779546776,R_75,28344.0623
1779546778,R_75,28346.7233
1779546780,R_75,28351.7361
1779546782,R_75,28349.9683
1779546784,R_75,28351.4899
1779546786,R_75,28346.5172
1779546788,R_75,28346.9999
1779546790,R_75,28347.2924
1779546792,R_75,28350.0641
1779546794,R_75,28337.5307
1779546796,R_75,28340.4143
1779546798,R_75,28347.3895
1779546800,R_75,28348.5449
1779546802,R_75,28352.8779
1779546804,R_75,28357.0753
1779546806,R_75,28352.2901
1779546808,R_75,28356.1342
1779546810,R_75,28360.1722
1779546812,R_75,28351.243
1779546814,R_75,28341.2809
1779546816,R_75,28345.5928
1779546818,R_75,28356.2551
1779546820,R_75,28349.3817
1779546822,R_75,28337.6998
1779546824,R_75,28344.8582
1779546826,R_75,28340.4878
1779546828,R_75,28331.6419
1779546830,R_75,28329.4138
1779546832,R_75,28327.3203
1779546834,R_75,28326.6245
1779546836,R_75,28328.8644
1779546838,R_75,28330.3094
1779546840,R_75,28331.1725
1779546842,R_75,28325.1863
1779546844,R_75,28319.7396
1779546846,R_75,28317.4669
1779546848,R_75,28324.112
1779546850,R_75,28326.5095
1779546852,R_75,28326.7454
1779546854,R_75,28326.1293
1779546856,R_75,28320.9154
1779546858,R_75,28327.0791
1779546860,R_75,28319.4064
1779546862,R_75,28318.545
1779546864,R_75,28317.8891
1779546866,R_75,28320.2087
1779546868,R_75,28319.7472
1779546870,R_75,28322.2671
1779546872,R_75,28328.4196
1779546874,R_75,28328.501
1779546876,R_75,28323.3647
1779546878,R_75,28325.5289
1779546880,R_75,28320.4263
1779546882,R_75,28320.845
1779546884,R_75,28322.5015
1779546886,R_75,28323.8828
1779546888,R_75,28323.5191
1779546890,R_75,28318.672
1779546892,R_75,28311.765
1779546894,R_75,28308.5881
1779546896,R_75,28308.8204
1779546898,R_75,28309.72
1779546900,R_75,28320.1547
1779546902,R_75,28328.3754
1779546904,R_75,28332.3814
1779546906,R_75,28340.3676
1779546908,R_75,28350.343
1779546910,R_75,28350.39
1779546912,R_75,28340.93
1779546914,R_75,28349.9345
1779546916,R_75,28359.3752
1779546918,R_75,28363.8895
1779546920,R_75,28366.213
1779546922,R_75,28360.1151
1779546924,R_75,28363.581
1779546926,R_75,28371.8514
1779546928,R_75,28374.9733
1779546930,R_75,28371.7347
1779546932,R_75,28373.9975
1779546934,R_75,28379.4997
1779546936,R_75,28381.748
1779546938,R_75,28382.285
1779546940,R_75,28378.32
1779546942,R_75,28367.9842
1779546944,R_75,28366.819
1779546946,R_75,28364.9831
1779546948,R_75,28366.0552
1779546950,R_75,28368.0362
1779546952,R_75,28374.6283
1779546954,R_75,28376.696
1779546956,R_75,28375.4473
1779546958,R_75,28369.2425
1779546960,R_75,28372.1537
1779546962,R_75,28372.0932
1779546964,R_75,28373.7051
1779546966,R_75,28369.1658
1779546968,R_75,28381.0779
1779546970,R_75,28381.5859
1779546972,R_75,28381.0751
1779546974,R_75,28376.1752
1779546976,R_75,28375.5922
1779546978,R_75,28376.6985
1779546980,R_75,28369.7494
1779546982,R_75,28371.6544
1779546984,R_75,28373.1871
1779546986,R_75,28384.1963
1779546988,R_75,28385.8067
1779546990,R_75,28392.5036
1779546992,R_75,28387.6844
1779546994,R_75,28387.4599
1779546996,R_75,28386.1546
1779546998,R_75,28386.5962
1779547000,R_75,28382.0163
1779547002,R_75,28378.9716
1779547004,R_75,28371.6228
1779547006,R_75,28363.9752
1779547008,R_75,28356.6245
1779547010,R_75,28363.9094
1779547012,R_75,28360.8953
1779547014,R_75,28355.1848
1779547016,R_75,28347.0047
1779547018,R_75,28353.5547
1779547020,R_75,28351.8906
1779547022,R_75,28354.6122
1779547024,R_75,28350.5862
1779547026,R_75,28349.1699
1779547028,R_75,28345.3747
1779547030,R_75,28342.5815
1779547032,R_75,28331.3303
1779547034,R_75,28324.7894
1779547036,R_75,28322.6268
1779547038,R_75,28325.0246
1779547040,R_75,28336.8699
1779547042,R_75,28344.2904
1779547044,R_75,28346.4567
1779547046,R_75,28352.2412
1779547048,R_75,28339.3154
1779547050,R_75,28336.4447
1779547052,R_75,28326.7246
1779547054,R_75,28326.0787
1779547056,R_75,28333.0489
1779547058,R_75,28331.6453
1779547060,R_75,28325.8201
1779547062,R_75,28325.312
1779547064,R_75,28317.114
1779547066,R_75,28314.1927
1779547068,R_75,28312.5075
1779547070,R_75,28311.0334
1779547072,R_75,28313.29
1779547074,R_75,28320.3728
1779547076,R_75,28314.6957
1779547078,R_75,28309.3605
1779547080,R_75,28313.5482
1779547082,R_75,28320.7069
1779547084,R_75,28319.94
1779547086,R_75,28312.0292
1779547088,R_75,28309.6473
1779547090,R_75,28302.9472
1779547092,R_75,28311.1661
1779547094,R_75,28301.5422
1779547096,R_75,28303.8386
1779547098,R_75,28295.232
1779547100,R_75,28285.4443
1779547102,R_75,28277.1385
1779547104,R_75,28272.9923
1779547106,R_75,28265.9063
1779547108,R_75,28267.1273
1779547110,R_75,28264.7115
1779547112,R_75,28261.1861
1779547114,R_75,28262.4343
1779547116,R_75,28266.2908
1779547118,R_75,28262.6485
1779547120,R_75,28264.3926
1779547122,R_75,28249.9625
1779547124,R_75,28250.5369
1779547126,R_75,28248.43
1779547128,R_75,28244.8323
1779547130,R_75,28239.5914
1779547132,R_75,28241.6018
1779547134,R_75,28242.8034
1779547136,R_75,28242.4697
1779547138,R_75,28242.7274
1779547140,R_75,28236.8715
1779547142,R_75,28239.2508
1779547144,R_75,28245.1018
1779547146,R_75,28239.6638
1779547148,R_75,28238.8165
1779547150,R_75,28239.04
1779547152,R_75,28239.9531
1779547154,R_75,28235.3535
1779547156,R_75,28235.7528
1779547158,R_75,28234.0843
1779547160,R_75,28239.1476
1779547162,R_75,28234.8155
1779547164,R_75,28229.776
1779547166,R_75,28223.9211
1779547168,R_75,28219.6809
1779547170,R_75,28218.2732
1779547172,R_75,28218.544
1779547174,R_75,28221.9317
1779547176,R_75,28225.7782
1779547178,R_75,28222.2639
1779547180,R_75,28214.2353
1779547182,R_75,28218.1124
1779547184,R_75,28219.9936
1779547186,R_75,28231.2198
1779547188,R_75,28227.0824
1779547190,R_75,28226.9016
1779547192,R_75,28227.1413
1779547194,R_75,28223.7139
1779547196,R_75,28226.9443
1779547198,R_75,28225.1393
1779547200,R_75,28223.4828
1779547202,R_75,28231.4263
1779547204,R_75,28235.5887
1779547206,R_75,28229.8587
1779547208,R_75,28235.8582
1779547210,R_75,28246.9005
1779547212,R_75,28251.3653
1779547214,R_75,28250.3884
1779547216,R_75,28249.5485
1779547218,R_75,28248.1389
1779547220,R_75,28249.0329
1779547222,R_75,28250.921
1779547224,R_75,28254.8562
1779547226,R_75,28249.8001
1779547228,R_75,28258.6854
1779547230,R_75,28252.9413
1779547232,R_75,28253.2031
1779547234,R_75,28265.9183
1779547236,R_75,28261.6193
1779547238,R_75,28256.0856
1779547240,R_75,28249.9076
1779547242,R_75,28251.5127
1779547244,R_75,28252.1771
1779547246,R_75,28258.6456
1779547248,R_75,28252.4847
1779547250,R_75,28263.9653
1779547252,R_75,28266.1133
1779547254,R_75,28266.0968
1779547256,R_75,28272.8758
1779547258,R_75,28283.5615
1779547260,R_75,28290.589
1779547262,R_75,28292.08
1779547264,R_75,28289.6578
1779547266,R_75,28284.5924
1779547268,R_75,28287.1498
1779547270,R_75,28287.9324
1779547272,R_75,28288.662
1779547274,R_75,28288.8618
1779547276,R_75,28293.2314
1779547278,R_75,28292.0339
1779547280,R_75,28288.0607
1779547282,R_75,28279.8253
1779547284,R_75,28273.7504
1779547286,R_75,28269.1342
1779547288,R_75,28271.3764
1779547290,R_75,28281.7248
1779547292,R_75,28287.0729
1779547294,R_75,28288.0899
1779547296,R_75,28294.8066
1779547298,R_75,28300.2639
1779547300,R_75,28295.305
1779547302,R_75,28300.6193
1779547304,R_75,28302.1507
1779547306,R_75,28305.0865
1779547308,R_75,28303.288
1779547310,R_75,28307.173
1779547312,R_75,28312.9383
1779547314,R_75,28314.6262
1779547316,R_75,28312.7186
1779547318,R_75,28311.0144
1779547320,R_75,28311.0572
1779547322,R_75,28302.6283
1779547324,R_75,28306.0612
1779547326,R_75,28304.3419
1779547328,R_75,28300.528
1779547330,R_75,28310.284
1779547332,R_75,28311.6185
1779547334,R_75,28305.1979
1779547336,R_75,28313.5997
1779547338,R_75,28307.741
1779547340,R_75,28310.7532
1779547342,R_75,28315.6568
1779547344,R_75,28319.6155
1779547346,R_75,28315.9856
1779547348,R_75,28316.7736
1779547350,R_75,28312.4669
1779547352,R_75,28310.2642
1779547354,R_75,28310.5715
1779547356,R_75,28307.2404
1779547358,R_75,28301.8973
1779547360,R_75,28310.1167
1779547362,R_75,28323.9502
1779547364,R_75,28328.8928
1779547366,R_75,28321.2918
1779547368,R_75,28322.7961
1779547370,R_75,28325.6203
1779547372,R_75,28327.3117
1779547374,R_75,28326.4914
1779547376,R_75,28321.5142
1779547378,R_75,28315.3784
1779547380,R_75,28317.7086
1779547382,R_75,28318.1104
1779547384,R_75,28315.5077
1779547386,R_75,28319.8524
1779547388,R_75,28322.2088
1779547390,R_75,28322.0543
1779547392,R_75,28314.6707
1779547394,R_75,28316.1028
1779547396,R_75,28308.4522
1779547398,R_75,28310.2021
1779547400,R_75,28314.1845
1779547402,R_75,28312.9008
1779547404,R_75,28304.2173
1779547406,R_75,28310.7015
1779547408,R_75,28315.3436
1779547410,R_75,28317.5519
1779547412,R_75,28327.9917
1779547414,R_75,28330.9001
1779547416,R_75,28324.3112
1779547418,R_75,28328.4924
1779547420,R_75,28335.6535
1779547422,R_75,28330.6849
1779547424,R_75,28326.0665
1779547426,R_75,28326.7329
1779547428,R_75,28326.2027
1779547430,R_75,28332.025
1779547432,R_75,28331.9663
1779547434,R_75,28327.4749
1779547436,R_75,28330.2399
1779547438,R_75,28340.5455
1779547440,R_75,28343.2761
1779547442,R_75,28345.2632
1779547444,R_75,28348.6667
1779547446,R_75,28352.7488
1779547448,R_75,28352.6071
1779547450,R_75,28341.7802
1779547452,R_75,28335.5456
1779547454,R_75,28336.6683
1779547456,R_75,28340.5123
1779547458,R_75,28338.922
1779547460,R_75,28338.0375
1779547462,R_75,28336.202
1779547464,R_75,28343.3033
1779547466,R_75,28339.6779
1779547468,R_75,28336.2892
1779547470,R_75,28337.0196
1779547472,R_75,28335.8064
1779547474,R_75,28334.314
1779547476,R_75,28333.1989
1779547478,R_75,28338.9018
1779547480,R_75,28334.4586
1779547482,R_75,28332.0458
1779547484,R_75,28328.3878
1779547486,R_75,28336.4039
1779547488,R_75,28339.8199
1779547490,R_75,28340.9988
1779547492,R_75,28344.2172
1779547494,R_75,28344.196
1779547496,R_75,28342.5835
1779547498,R_75,28340.2277
1779547500,R_75,28339.2134
1779547502,R_75,28350.8712
1779547504,R_75,28366.4369
1779547506,R_75,28376.571
1779547508,R_75,28380.3956
1779547510,R_75,28382.489
1779547512,R_75,28380.2881
1779547514,R_75,28388.341
1779547516,R_75,28389.6368
1779547518,R_75,28396.9195
1779547520,R_75,28390.5181
1779547522,R_75,28386.3108
1779547524,R_75,28387.5403
1779547526,R_75,28387.593
1779547528,R_75,28387.553
1779547530,R_75,28388.5116
1779547532,R_75,28384.6048
1779547534,R_75,28393.0759
1779547536,R_75,28390.0741
1779547538,R_75,28389.476
1779547540,R_75,28401.17
1779547542,R_75,28406.4971
1779547544,R_75,28404.6383
1779547546,R_75,28403.4438
1779547548,R_75,28411.342
1779547550,R_75,28401.4244
1779547552,R_75,28407.2132
1779547554,R_75,28408.2689
1779547556,R_75,28404.0588
1779547558,R_75,28404.0108
1779547560,R_75,28400.2009
1779547562,R_75,28397.1422
1779547564,R_75,28395.8032
1779547566,R_75,28390.9084
1779547568,R_75,28390.2689
1779547570,R_75,28387.0049
1779547572,R_75,28388.8692
1779547574,R_75,28387.9554
1779547576,R_75,28385.7839
1779547578,R_75,28388.8733
1779547580,R_75,28382.7377
1779547582,R_75,28384.4466
1779547584,R_75,28381.3498
1779547586,R_75,28388.2212
1779547588,R_75,28385.6493
1779547590,R_75,28380.2631
1779547592,R_75,28373.579
1779547594,R_75,28380.2694
1779547596,R_75,28379.7513
1779547598,R_75,28378.017
1779547600,R_75,28379.9882
1779547602,R_75,28380.8739
1779547604,R_75,28383.4867
1779547606,R_75,28391.0868
1779547608,R_75,28382.2585
1779547610,R_75,28382.8819
1779547612,R_75,28383.4507
1779547614,R_75,28374.3805
1779547616,R_75,28367.1422
1779547618,R_75,28374.2209
1779547620,R_75,28374.5859
1779547622,R_75,28371.5263
1779547624,R_75,28375.0711
1779547626,R_75,28365.5861
1779547628,R_75,28369.234
1779547630,R_75,28373.2847
1779547632,R_75,28376.3558
1779547634,R_75,28384.3839
1779547636,R_75,28389.556
1779547638,R_75,28380.2792
1779547640,R_75,28370.4404
1779547642,R_75,28374.8843
1779547644,R_75,28376.2831
1779547646,R_75,28375.0759
1779547648,R_75,28372.7911
1779547650,R_75,28369.9969
1779547652,R_75,28372.7245
1779547654,R_75,28374.2416
1779547656,R_75,28369.2441
1779547658,R_75,28367.4893
1779547660,R_75,28369.2318
1779547662,R_75,28380.555
1779547664,R_75,28374.3502
1779547666,R_75,28372.5355
1779547668,R_75,28373.9365
1779547670,R_75,28368.6228
1779547672,R_75,28372.5457
1779547674,R_75,28365.3149
1779547676,R_75,28365.0084
1779547678,R_75,28369.6062
1779547680,R_75,28377.9491
1779547682,R_75,28379.601
1779547684,R_75,28372.7523
1779547686,R_75,28364.0969
1779547688,R_75,28363.8391
1779547690,R_75,28371.6343
1779547692,R_75,28370.7963
1779547694,R_75,28367.2814
1779547696,R_75,28371.9777
1779547698,R_75,28376.3568
1779547700,R_75,28371.162
1779547702,R_75,28362.5446
1779547704,R_75,28362.9665
1779547706,R_75,28376.3867
1779547708,R_75,28368.2332
1779547710,R_75,28361.5479
1779547712,R_75,28360.0908
1779547714,R_75,28365.7889
1779547716,R_75,28360.6236
1779547718,R_75,28357.1461
1779547720,R_75,28371.0465
1779547722,R_75,28366.7019
1779547724,R_75,28363.8867
1779547726,R_75,28359.9465
1779547728,R_75,28354.8386
1779547730,R_75,28355.919
1779547732,R_75,28352.0189
1779547734,R_75,28356.3626
1779547736,R_75,28352.4
1779547738,R_75,28351.0698
1779547740,R_75,28355.4375
1779547742,R_75,28347.3828
1779547744,R_75,28345.4453
1779547746,R_75,28344.9783
1779547748,R_75,28345.597
1779547750,R_75,28349.1257
1779547752,R_75,28334.4876
1779547754,R_75,28334.4405
1779547756,R_75,28343.3825
1779547758,R_75,28346.2019
1779547760,R_75,28341.2919
1779547762,R_75,28327.7698
1779547764,R_75,28330.9689
1779547766,R_75,28331.7065
1779547768,R_75,28330.3671
1779547770,R_75,28316.8514
1779547772,R_75,28316.8632
1779547774,R_75,28310.699
1779547776,R_75,28310.3036
1779547778,R_75,28304.8071
1779547780,R_75,28293.1344
1779547782,R_75,28286.7462
1779547784,R_75,28286.0564
1779547786,R_75,28295.4992
1779547788,R_75,28292.2069
1779547790,R_75,28298.1898
1779547792,R_75,28297.2228
1779547794,R_75,28303.5963
1779547796,R_75,28303.4436
1779547798,R_75,28293.7312
1779547800,R_75,28299.0397
1779547802,R_75,28305.5732
1779547804,R_75,28304.2544
1779547806,R_75,28301.087
1779547808,R_75,28302.4206
1779547810,R_75,28300.2467
1779547812,R_75,28298.8586
1779547814,R_75,28301.8873
1779547816,R_75,28303.0614
1779547818,R_75,28308.5106
1779547820,R_75,28307.511
1779547822,R_75,28310.2291
1779547824,R_75,28305.4203
1779547826,R_75,28303.7623
1779547828,R_75,28304.3127
1779547830,R_75,28300.4248
1779547832,R_75,28301.4642
1779547834,R_75,28304.4162
1779547836,R_75,28304.3569
1779547838,R_75,28303.2838
1779547840,R_75,28299.9506
1779547842,R_75,28297.8831
1779547844,R_75,28304.2979
1779547846,R_75,28307.686
1779547848,R_75,28308.7761
1779547850,R_75,28314.2155
1779547852,R_75,28309.1812
1779547854,R_75,28310.8714
1779547856,R_75,28300.7741
1779547858,R_75,28302.5467
1779547860,R_75,28302.7241
1779547862,R_75,28292.7986
1779547864,R_75,28291.0054
1779547866,R_75,28278.3819
1779547868,R_75,28279.8202
1779547870,R_75,28281.4847
1779547872,R_75,28276.8936
1779547874,R_75,28274.7201
1779547876,R_75,28272.1821
1779547878,R_75,28270.3929
1779547880,R_75,28273.556
1779547882,R_75,28268.6702
1779547884,R_75,28272.9834
1779547886,R_75,28270.3351
1779547888,R_75,28281.7273
1779547890,R_75,28289.5273
1779547892,R_75,28287.0918
1779547894,R_75,28288.5489
1779547896,R_75,28282.1657
1779547898,R_75,28280.6351
1779547900,R_75,28281.1318
1779547902,R_75,28278.0609
1779547904,R_75,28280.6555
1779547906,R_75,28290.6567
1779547908,R_75,28285.4118
1779547910,R_75,28280.2669
1779547912,R_75,28284.1159
1779547914,R_75,28281.5599
1779547916,R_75,28285.4256
1779547918,R_75,28291.4564
1779547920,R_75,28280.4341
1779547922,R_75,28280.5663
1779547924,R_75,28284.4617
1779547926,R_75,28285.759
1779547928,R_75,28290.1344
1779547930,R_75,28292.7236
1779547932,R_75,28286.9647
1779547934,R_75,28288.4857
1779547936,R_75,28289.7127
1779547938,R_75,28286.0009
1779547940,R_75,28289.899
1779547942,R_75,28288.2101
1779547944,R_75,28285.8125
1779547946,R_75,28280.948
1779547948,R_75,28284.5439
1779547950,R_75,28285.1661
1779547952,R_75,28281.5817
1779547954,R_75,28288.5909
1779547956,R_75,28286.2061
1779547958,R_75,28280.5241
1779547960,R_75,28276.9541
1779547962,R_75,28278.3253
1779547964,R_75,28265.842
1779547966,R_75,28261.9958
1779547968,R_75,28260.2499
1779547970,R_75,28259.7214
1779547972,R_75,28256.8966
1779547974,R_75,28259.3033
1779547976,R_75,28257.7419
1779547978,R_75,28253.4381
1779547980,R_75,28248.007
1779547982,R_75,28251.057
1779547984,R_75,28251.71
1779547986,R_75,28252.813
1779547988,R_75,28252.8256
1779547990,R_75,28249.1162
1779547992,R_75,28252.2065
1779547994,R_75,28254.9416
1779547996,R_75,28243.2947
1779547998,R_75,28242.5558
1779548000,R_75,28240.1135
1779548002,R_75,28244.6891
1779548004,R_75,28247.0895
1779548006,R_75,28241.0553
1779548008,R_75,28241.9577
1779548010,R_75,28242.4423
1779548012,R_75,28242.446
1779548014,R_75,28237.2009
1779548016,R_75,28233.9751
1779548018,R_75,28243.3486
1779548020,R_75,28239.9401
1779548022,R_75,28239.3852
1779548024,R_75,28241.3524
1779548026,R_75,28244.8057
1779548028,R_75,28242.8077
1779548030,R_75,28238.0229
1779548032,R_75,28238.8974
1779548034,R_75,28243.9512
1779548036,R_75,28237.8774
1779548038,R_75,28249.8542
1779548040,R_75,28255.1635
1779548042,R_75,28259.8281
1779548044,R_75,28250.7729
1779548046,R_75,28244.1371
1779548048,R_75,28250.1207
1779548050,R_75,28254.3062
1779548052,R_75,28252.4677
1779548054,R_75,28254.2269
1779548056,R_75,28253.0586
1779548058,R_75,28247.139
1779548060,R_75,28244.1153
1779548062,R_75,28249.5582
1779548064,R_75,28250.9368
1779548066,R_75,28250.8904
1779548068,R_75,28250.8086
1779548070,R_75,28250.5738
1779548072,R_75,28248.498
1779548074,R_75,28245.5039
1779548076,R_75,28254.304
1779548078,R_75,28247.8216
1779548080,R_75,28245.85
1779548082,R_75,28253.6529
1779548084,R_75,28242.5866
1779548086,R_75,28242.8735
1779548088,R_75,28246.7868
1779548090,R_75,28248.6393
1779548092,R_75,28256.167
1779548094,R_75,28263.4757
1779548096,R_75,28267.0787
1779548098,R_75,28269.0701
1779548100,R_75,28266.9629
1779548102,R_75,28267.9564
1779548104,R_75,28268.2561
1779548106,R_75,28264.2705
1779548108,R_75,28259.0196
1779548110,R_75,28261.0763
1779548112,R_75,28255.2132
1779548114,R_75,28260.9982
1779548116,R_75,28265.7997
1779548118,R_75,28270.087
1779548120,R_75,28271.797
1779548122,R_75,28265.9012
1779548124,R_75,28269.4427
1779548126,R_75,28265.9381
1779548128,R_75,28273.8746
1779548130,R_75,28271.6011
1779548132,R_75,28266.7686
1779548134,R_75,28261.541
1779548136,R_75,28259.8109
1779548138,R_75,28263.128
1779548140,R_75,28259.525
1779548142,R_75,28254.6254
1779548144,R_75,28261.9679
1779548146,R_75,28262.5922
1779548148,R_75,28261.7574
1779548150,R_75,28266.4024
1779548152,R_75,28260.0923
1779548154,R_75,28267.3526
1779548156,R_75,28267.452
1779548158,R_75,28272.6426
1779548160,R_75,28268.0323
1779548162,R_75,28264.1085
1779548164,R_75,28260.0872
1779548166,R_75,28259.4204
1779548168,R_75,28256.3764
1779548170,R_75,28273.7329
1779548172,R_75,28280.7065
1779548174,R_75,28277.6519
1779548176,R_75,28269.9653
1779548178,R_75,28264.1824
1779548180,R_75,28270.5894
1779548182,R_75,28264.0136
1779548184,R_75,28268.6284
1779548186,R_75,28270.9901
1779548188,R_75,28273.2761
1779548190,R_75,28272.563
1779548192,R_75,28266.1718
1779548194,R_75,28263.3709
1779548196,R_75,28259.3219
1779548198,R_75,28268.1214
1779548200,R_75,28266.7351
1779548202,R_75,28268.4259
1779548204,R_75,28261.6588
1779548206,R_75,28266.1188
1779548208,R_75,28267.3665
1779548210,R_75,28274.1383
1779548212,R_75,28277.5151
1779548214,R_75,28283.1946
1779548216,R_75,28285.2914
1779548218,R_75,28287.7048
1779548220,R_75,28284.748
1779548222,R_75,28276.2762
1779548224,R_75,28273.8757
1779548226,R_75,28271.6898
1779548228,R_75,28266.5844
1779548230,R_75,28267.4079
1779548232,R_75,28268.2807
1779548234,R_75,28268.2588
1779548236,R_75,28271.2327
1779548238,R_75,28274.1157
1779548240,R_75,28280.7402
1779548242,R_75,28283.3673
1779548244,R_75,28278.8412
1779548246,R_75,28277.3816
1779548248,R_75,28278.2498
1779548250,R_75,28282.7343
1779548252,R_75,28279.3351
1779548254,R_75,28279.104
1779548256,R_75,28279.4555
1779548258,R_75,28266.3872
1779548260,R_75,28271.4009
1779548262,R_75,28273.95
1779548264,R_75,28266.401
1779548266,R_75,28266.8515
1779548268,R_75,28276.7875
1779548270,R_75,28279.8298
1779548272,R_75,28279.5232
1779548274,R_75,28276.3433
1779548276,R_75,28274.038
1779548278,R_75,28280.6759
1779548280,R_75,28282.3882
1779548282,R_75,28285.489
1779548284,R_75,28289.4633
1779548286,R_75,28286.9514
1779548288,R_75,28283.8365
1779548290,R_75,28289.9193
1779548292,R_75,28291.4718
1779548294,R_75,28287.6195
1779548296,R_75,28289.7711
1779548298,R_75,28289.623
1779548300,R_75,28294.809
1779548302,R_75,28299.271
1779548304,R_75,28301.0935
1779548306,R_75,28296.4106
1779548308,R_75,28303.9541
1779548310,R_75,28302.2164
1779548312,R_75,28299.5753
1779548314,R_75,28305.185
1779548316,R_75,28308.2459
1779548318,R_75,28307.0132
1779548320,R_75,28305.3579
1779548322,R_75,28297.2458
1779548324,R_75,28300.9295
1779548326,R_75,28308.3085
1779548328,R_75,28318.0986
1779548330,R_75,28318.37
1779548332,R_75,28326.7235
1779548334,R_75,28316.9599
1779548336,R_75,28313.856
1779548338,R_75,28309.8115
1779548340,R_75,28308.4581
1779548342,R_75,28304.0303
1779548344,R_75,28306.1388
1779548346,R_75,28296.051
1779548348,R_75,28295.4907
1779548350,R_75,28286.9134
1779548352,R_75,28281.2055
1779548354,R_75,28287.7419
1779548356,R_75,28290.9387
1779548358,R_75,28293.284
1779548360,R_75,28283.21
1779548362,R_75,28289.7409
1779548364,R_75,28290.9509
1779548366,R_75,28278.5785
1779548368,R_75,28271.0723
1779548370,R_75,28273.0007
1779548372,R_75,28277.2718
1779548374,R_75,28281.722
1779548376,R_75,28280.6151
1779548378,R_75,28279.6949
1779548380,R_75,28269.2565
1779548382,R_75,28263.1544
1779548384,R_75,28266.7942
1779548386,R_75,28258.5026
1779548388,R_75,28258.7157
1779548390,R_75,28257.1247
1779548392,R_75,28254.0692
1779548394,R_75,28244.6091
1779548396,R_75,28245.735
1779548398,R_75,28242.0277
1779548400,R_75,28234.9143
1779548402,R_75,28230.4766
1779548404,R_75,28232.8465
1779548406,R_75,28238.2245
1779548408,R_75,28238.3628
1779548410,R_75,28245.2477
1779548412,R_75,28248.2014
1779548414,R_75,28240.3309
1779548416,R_75,28237.177
1779548418,R_75,28250.5673
