epoch,symbol,price
1778889722,R_75,29902.1267
1778889724,R_75,29898.2057
1778889726,R_75,29899.5726
1778889728,R_75,29898.1532
1778889730,R_75,29905.799
1778889732,R_75,29910.8151
1778889734,R_75,29909.7285
1778889736,R_75,29911.1177
1778889738,R_75,29904.3422
1778889740,R_75,29909.0526
1778889742,R_75,29903.0453
1778889744,R_75,29898.1753
1778889746,R_75,29897.5516
1778889748,R_75,29904.4752
1778889750,R_75,29916.7902
1778889752,R_75,29916.4582
1778889754,R_75,29921.8392
1778889756,R_75,29917.8553
1778889758,R_75,29921.8686
1778889760,R_75,29913.916
1778889762,R_75,29910.0524
1778889764,R_75,29907.0257
1778889766,R_75,29922.2033
1778889768,R_75,29914.0107
1778889770,R_75,29915.1955
1778889772,R_75,29913.369
1778889774,R_75,29920.2807
1778889776,R_75,29922.6474
1778889778,R_75,29921.345
1778889780,R_75,29914.9646
1778889782,R_75,29922.4114
1778889784,R_75,29929.6487
1778889786,R_75,29930.6858
1778889788,R_75,29932.2727
1778889790,R_75,29926.7992
1778889792,R_75,29924.9649
1778889794,R_75,29924.5845
1778889796,R_75,29921.4411
1778889798,R_75,29919.1144
1778889800,R_75,29918.6772
1778889802,R_75,29931.0036
1778889804,R_75,29927.6622
1778889806,R_75,29943.821
1778889808,R_75,29948.5177
1778889810,R_75,29945.0578
1778889812,R_75,29940.6622
1778889814,R_75,29944.5565
1778889816,R_75,29956.4803
1778889818,R_75,29964.3429
1778889820,R_75,29953.0308
1778889822,R_75,29944.7057
1778889824,R_75,29937.5129
1778889826,R_75,29937.6648
1778889828,R_75,29937.8804
1778889830,R_75,29930.0066
1778889832,R_75,29936.7255
1778889834,R_75,29938.0296
1778889836,R_75,29942.2524
1778889838,R_75,29934.0399
1778889840,R_75,29932.6001
1778889842,R_75,29945.103
1778889844,R_75,29931.8216
1778889846,R_75,29935.0318
1778889848,R_75,29943.6988
1778889850,R_75,29936.2345
1778889852,R_75,29937.7496
1778889854,R_75,29934.9986
1778889856,R_75,29932.854
1778889858,R_75,29937.5978
1778889860,R_75,29936.6476
1778889862,R_75,29943.8656
1778889864,R_75,29939.001
1778889866,R_75,29934.0121
1778889868,R_75,29938.3834
1778889870,R_75,29934.5363
1778889872,R_75,29944.3907
1778889874,R_75,29948.6155
1778889876,R_75,29957.3512
1778889878,R_75,29958.6052
1778889880,R_75,29961.9219
1778889882,R_75,29955.1984
1778889884,R_75,29956.0427
1778889886,R_75,29951.7093
1778889888,R_75,29951.9776
1778889890,R_75,29955.8774
1778889892,R_75,29954.6162
1778889894,R_75,29957.3735
1778889896,R_75,29956.779
1778889898,R_75,29950.8057
1778889900,R_75,29961.128
1778889902,R_75,29974.8527
1778889904,R_75,29985.1264
1778889906,R_75,29983.3366
1778889908,R_75,29989.5834
1778889910,R_75,29983.7766
1778889912,R_75,29980.1757
1778889914,R_75,29979.2491
1778889916,R_75,29976.8765
1778889918,R_75,29979.8718
1778889920,R_75,29979.2333
1778889922,R_75,29975.8097
1778889924,R_75,29981.0249
1778889926,R_75,29964.775
1778889928,R_75,29973.4771
1778889930,R_75,29979.7223
1778889932,R_75,29986.2602
1778889934,R_75,29979.9731
1778889936,R_75,29976.5722
1778889938,R_75,29972.0307
1778889940,R_75,29976.0333
1778889942,R_75,29968.3912
1778889944,R_75,29971.1215
1778889946,R_75,29970.6846
1778889948,R_75,29962.5785
1778889950,R_75,29970.4704
1778889952,R_75,29967.0137
1778889954,R_75,29964.2992
1778889956,R_75,29963.2141
1778889958,R_75,29960.3579
1778889960,R_75,29965.78
1778889962,R_75,29964.2692
1778889964,R_75,29964.2812
1778889966,R_75,29955.5219
1778889968,R_75,29951.07
1778889970,R_75,29952.1383
1778889972,R_75,29949.88
1778889974,R_75,29949.4078
1778889976,R_75,29944.6061
1778889978,R_75,29938.9563
1778889980,R_75,29929.5634
1778889982,R_75,29926.462
1778889984,R_75,29921.3941
1778889986,R_75,29919.9762
1778889988,R_75,29916.233
1778889990,R_75,29909.7118
1778889992,R_75,29907.7938
1778889994,R_75,29910.5988
1778889996,R_75,29909.421
1778889998,R_75,29914.5657
1778890000,R_75,29915.7128
1778890002,R_75,29917.8704
1778890004,R_75,29923.7665
1778890006,R_75,29917.07
1778890008,R_75,29915.223
1778890010,R_75,29913.963
1778890012,R_75,29914.2702
1778890014,R_75,29909.1008
1778890016,R_75,29907.3196
1778890018,R_75,29902.5379
1778890020,R_75,29908.2247
1778890022,R_75,29921.2757
1778890024,R_75,29921.7987
1778890026,R_75,29924.4162
1778890028,R_75,29931.6056
1778890030,R_75,29929.1993
1778890032,R_75,29924.9491
1778890034,R_75,29913.1889
1778890036,R_75,29920.4076
1778890038,R_75,29913.9942
1778890040,R_75,29915.0618
1778890042,R_75,29915.1645
1778890044,R_75,29926.5713
1778890046,R_75,29928.4814
1778890048,R_75,29924.6509
1778890050,R_75,29940.5713
1778890052,R_75,29945.625
1778890054,R_75,29945.0462
1778890056,R_75,29931.2198
1778890058,R_75,29929.8875
1778890060,R_75,29928.7239
1778890062,R_75,29919.663
1778890064,R_75,29926.9811
1778890066,R_75,29926.3926
1778890068,R_75,29933.4666
1778890070,R_75,29936.1925
1778890072,R_75,29932.9617
1778890074,R_75,29935.0023
1778890076,R_75,29932.635
1778890078,R_75,29931.1797
1778890080,R_75,29929.3395
1778890082,R_75,29919.4373
1778890084,R_75,29905.5069
1778890086,R_75,29902.7957
1778890088,R_75,29904.5501
1778890090,R_75,29900.0124
1778890092,R_75,29909.4076
1778890094,R_75,29909.9277
1778890096,R_75,29902.0375
1778890098,R_75,29894.5991
1778890100,R_75,29895.1276
1778890102,R_75,29894.1506
1778890104,R_75,29898.1924
1778890106,R_75,29898.3886
1778890108,R_75,29901.3094
1778890110,R_75,29897.3471
1778890112,R_75,29902.8666
1778890114,R_75,29895.9169
1778890116,R_75,29892.82
1778890118,R_75,29897.5841
1778890120,R_75,29897.8573
1778890122,R_75,29907.1652
1778890124,R_75,29902.4336
1778890126,R_75,29907.8304
1778890128,R_75,29914.4207
1778890130,R_75,29912.0718
1778890132,R_75,29908.8384
1778890134,R_75,29909.2975
1778890136,R_75,29910.7294
1778890138,R_75,29913.8593
1778890140,R_75,29910.2335
1778890142,R_75,29907.2974
1778890144,R_75,29900.4167
1778890146,R_75,29903.3405
1778890148,R_75,29895.2047
1778890150,R_75,29888.5295
1778890152,R_75,29893.4182
1778890154,R_75,29896.6328
1778890156,R_75,29899.8381
1778890158,R_75,29901.6017
1778890160,R_75,29900.6067
1778890162,R_75,29897.93
1778890164,R_75,29890.7347
1778890166,R_75,29890.2517
1778890168,R_75,29887.2157
1778890170,R_75,29896.7232
1778890172,R_75,29887.471
1778890174,R_75,29888.1154
1778890176,R_75,29879.3218
1778890178,R_75,29889.455
1778890180,R_75,29886.1026
1778890182,R_75,29884.4651
1778890184,R_75,29893.1641
1778890186,R_75,29886.0552
1778890188,R_75,29879.4707
1778890190,R_75,29866.9273
1778890192,R_75,29866.6753
1778890194,R_75,29867.0868
1778890196,R_75,29872.2204
1778890198,R_75,29865.3736
1778890200,R_75,29855.2122
1778890202,R_75,29855.8111
1778890204,R_75,29840.3961
1778890206,R_75,29848.0602
1778890208,R_75,29848.7173
1778890210,R_75,29856.7967
1778890212,R_75,29847.7654
1778890214,R_75,29855.5992
1778890216,R_75,29851.4665
1778890218,R_75,29846.3462
1778890220,R_75,29842.7528
1778890222,R_75,29847.4678
1778890224,R_75,29843.5782
1778890226,R_75,29843.9812
1778890228,R_75,29837.2866
1778890230,R_75,29834.3207
1778890232,R_75,29830.8101
1778890234,R_75,29840.4193
1778890236,R_75,29839.1686
1778890238,R_75,29841.9817
1778890240,R_75,29839.1832
1778890242,R_75,29838.8495
1778890244,R_75,29840.0009
1778890246,R_75,29836.4995
1778890248,R_75,29839.292
1778890250,R_75,29841.8032
1778890252,R_75,29843.0035
1778890254,R_75,29843.2008
1778890256,R_75,29835.3265
1778890258,R_75,29848.8613
1778890260,R_75,29845.5663
1778890262,R_75,29849.6093
1778890264,R_75,29852.86
1778890266,R_75,29854.982
1778890268,R_75,29859.2678
1778890270,R_75,29863.2742
1778890272,R_75,29861.5261
1778890274,R_75,29864.5895
1778890276,R_75,29870.4086
1778890278,R_75,29870.4756
1778890280,R_75,29873.9704
1778890282,R_75,29866.8558
1778890284,R_75,29864.5709
1778890286,R_75,29859.5038
1778890288,R_75,29853.6246
1778890290,R_75,29851.1512
1778890292,R_75,29852.7812
1778890294,R_75,29850.7343
1778890296,R_75,29842.9504
1778890298,R_75,29836.825
1778890300,R_75,29841.679
1778890302,R_75,29848.3485
1778890304,R_75,29853.9515
1778890306,R_75,29857.8553
1778890308,R_75,29848.3711
1778890310,R_75,29841.1762
1778890312,R_75,29839.1172
1778890314,R_75,29831.0342
1778890316,R_75,29821.4516
1778890318,R_75,29825.4815
1778890320,R_75,29830.8225
1778890322,R_75,29826.5468
1778890324,R_75,29832.933
1778890326,R_75,29827.1779
1778890328,R_75,29819.5732
1778890330,R_75,29821.7033
1778890332,R_75,29821.6684
1778890334,R_75,29820.6566
1778890336,R_75,29828.3436
1778890338,R_75,29822.41
1778890340,R_75,29819.0244
1778890342,R_75,29821.8547
1778890344,R_75,29814.4949
1778890346,R_75,29831.4279
1778890348,R_75,29840.4961
1778890350,R_75,29837.024
1778890352,R_75,29831.1543
1778890354,R_75,29837.6996
1778890356,R_75,29834.7455
1778890358,R_75,29841.9597
1778890360,R_75,29837.2477
1778890362,R_75,29833.34
1778890364,R_75,29840.5609
1778890366,R_75,29853.6802
1778890368,R_75,29856.0629
1778890370,R_75,29856.6248
1778890372,R_75,29855.7665
1778890374,R_75,29860.104
1778890376,R_75,29859.5586
1778890378,R_75,29854.4718
1778890380,R_75,29868.731
1778890382,R_75,29872.1972
1778890384,R_75,29867.8126
1778890386,R_75,29861.0385
1778890388,R_75,29858.7483
1778890390,R_75,29856.0684
1778890392,R_75,29843.0911
1778890394,R_75,29848.3391
1778890396,R_75,29857.0875
1778890398,R_75,29853.0149
1778890400,R_75,29855.4394
1778890402,R_75,29858.4919
1778890404,R_75,29854.5415
1778890406,R_75,29852.6755
1778890408,R_75,29852.8995
1778890410,R_75,29852.9689
1778890412,R_75,29857.8296
1778890414,R_75,29854.6929
1778890416,R_75,29857.5988
1778890418,R_75,29867.1683
1778890420,R_75,29887.8625
1778890422,R_75,29881.9521
1778890424,R_75,29878.1428
1778890426,R_75,29880.5302
1778890428,R_75,29877.3176
1778890430,R_75,29872.4653
1778890432,R_75,29867.1772
1778890434,R_75,29873.0394
1778890436,R_75,29877.7574
1778890438,R_75,29876.8938
1778890440,R_75,29876.0544
1778890442,R_75,29870.685
1778890444,R_75,29878.1337
1778890446,R_75,29872.7656
1778890448,R_75,29873.381
1778890450,R_75,29881.8258
1778890452,R_75,29881.9455
1778890454,R_75,29880.4108
1778890456,R_75,29877.2465
1778890458,R_75,29877.2708
1778890460,R_75,29875.9548
1778890462,R_75,29867.3166
1778890464,R_75,29864.0773
1778890466,R_75,29863.6326
1778890468,R_75,29860.6462
1778890470,R_75,29858.6493
1778890472,R_75,29864.8378
1778890474,R_75,29873.3897
1778890476,R_75,29877.8052
1778890478,R_75,29881.7629
1778890480,R_75,29886.2095
1778890482,R_75,29883.4817
1778890484,R_75,29890.2022
1778890486,R_75,29881.4959
1778890488,R_75,29886.5498
1778890490,R_75,29887.297
1778890492,R_75,29886.5019
1778890494,R_75,29882.9913
1778890496,R_75,29892.9181
1778890498,R_75,29892.3202
1778890500,R_75,29888.8175
1778890502,R_75,29887.6937
1778890504,R_75,29885.3921
1778890506,R_75,29884.7588
1778890508,R_75,29875.0035
1778890510,R_75,29878.47
1778890512,R_75,29880.558
1778890514,R_75,29878.2765
1778890516,R_75,29884.0416
1778890518,R_75,29887.953
1778890520,R_75,29887.9467
1778890522,R_75,29878.6894
1778890524,R_75,29879.0522
1778890526,R_75,29884.6627
1778890528,R_75,29877.8515
1778890530,R_75,29863.455
1778890532,R_75,29866.8206
1778890534,R_75,29864.1936
1778890536,R_75,29873.9706
1778890538,R_75,29870.3552
1778890540,R_75,29873.093
1778890542,R_75,29871.4911
1778890544,R_75,29880.5143
1778890546,R_75,29880.9876
1778890548,R_75,29880.9682
1778890550,R_75,29883.5932
1778890552,R_75,29873.1052
1778890554,R_75,29874.7812
1778890556,R_75,29878.2163
1778890558,R_75,29874.4527
1778890560,R_75,29879.3301
1778890562,R_75,29881.2044
1778890564,R_75,29879.0869
1778890566,R_75,29876.746
1778890568,R_75,29883.6472
1778890570,R_75,29879.7584
1778890572,R_75,29881.338
1778890574,R_75,29875.05
1778890576,R_75,29873.0444
1778890578,R_75,29868.5308
1778890580,R_75,29867.8356
1778890582,R_75,29875.3709
1778890584,R_75,29876.0333
1778890586,R_75,29871.8914
1778890588,R_75,29868.0755
1778890590,R_75,29864.3435
1778890592,R_75,29861.7382
1778890594,R_75,29861.0698
1778890596,R_75,29854.4039
1778890598,R_75,29861.8659
1778890600,R_75,29862.0541
1778890602,R_75,29862.0575
1778890604,R_75,29857.879
1778890606,R_75,29859.7467
1778890608,R_75,29854.3709
1778890610,R_75,29862.9159
1778890612,R_75,29862.1722
1778890614,R_75,29867.6601
1778890616,R_75,29865.5461
1778890618,R_75,29876.2793
1778890620,R_75,29886.673
1778890622,R_75,29889.0687
1778890624,R_75,29889.6575
1778890626,R_75,29886.3824
1778890628,R_75,29877.4451
1778890630,R_75,29868.2946
1778890632,R_75,29873.0497
1778890634,R_75,29874.0365
1778890636,R_75,29880.0654
1778890638,R_75,29878.3036
1778890640,R_75,29872.6931
1778890642,R_75,29879.6642
1778890644,R_75,29875.3995
1778890646,R_75,29859.3844
1778890648,R_75,29856.3177
1778890650,R_75,29852.9172
1778890652,R_75,29861.2623
1778890654,R_75,29867.9967
1778890656,R_75,29865.8678
1778890658,R_75,29859.8258
1778890660,R_75,29858.4276
1778890662,R_75,29862.0887
1778890664,R_75,29865.9742
1778890666,R_75,29871.8454
1778890668,R_75,29863.2901
1778890670,R_75,29855.9537
1778890672,R_75,29864.0898
1778890674,R_75,29865.0088
1778890676,R_75,29870.9246
1778890678,R_75,29872.7048
1778890680,R_75,29873.9906
1778890682,R_75,29873.1323
1778890684,R_75,29872.2961
1778890686,R_75,29867.9194
1778890688,R_75,29868.1051
1778890690,R_75,29866.9065
1778890692,R_75,29869.9899
1778890694,R_75,29885.7566
1778890696,R_75,29886.6755
1778890698,R_75,29886.114
1778890700,R_75,29885.5716
1778890702,R_75,29888.6821
1778890704,R_75,29880.5618
1778890706,R_75,29881.2639
1778890708,R_75,29891.2952
1778890710,R_75,29892.7268
1778890712,R_75,29885.4051
1778890714,R_75,29876.3057
1778890716,R_75,29879.9318
1778890718,R_75,29880.0137
1778890720,R_75,29874.0378
1778890722,R_75,29873.4628
1778890724,R_75,29871.5597
1778890726,R_75,29866.33
1778890728,R_75,29870.7258
1778890730,R_75,29872.9876
1778890732,R_75,29871.7187
1778890734,R_75,29875.7546
1778890736,R_75,29881.2735
1778890738,R_75,29881.9644
1778890740,R_75,29875.2071
1778890742,R_75,29876.8139
1778890744,R_75,29887.3564
1778890746,R_75,29877.2669
1778890748,R_75,29878.0278
1778890750,R_75,29874.6379
1778890752,R_75,29870.6802
1778890754,R_75,29866.7121
1778890756,R_75,29865.0365
1778890758,R_75,29852.095
1778890760,R_75,29852.7312
1778890762,R_75,29858.9722
1778890764,R_75,29867.44
1778890766,R_75,29861.2178
1778890768,R_75,29864.3527
1778890770,R_75,29865.4598
1778890772,R_75,29876.1267
1778890774,R_75,29877.1231
1778890776,R_75,29867.3434
1778890778,R_75,29862.9799
1778890780,R_75,29859.8236
1778890782,R_75,29856.5788
1778890784,R_75,29869.4706
1778890786,R_75,29869.8589
1778890788,R_75,29859.3834
1778890790,R_75,29863.8596
1778890792,R_75,29858.9442
1778890794,R_75,29862.4046
1778890796,R_75,29861.6371
1778890798,R_75,29866.2291
1778890800,R_75,29872.9733
1778890802,R_75,29873.6497
1778890804,R_75,29872.3328
1778890806,R_75,29870.2989
1778890808,R_75,29866.3425
1778890810,R_75,29860.9608
1778890812,R_75,29853.7426
1778890814,R_75,29853.8637
1778890816,R_75,29860.3572
1778890818,R_75,29850.8556
1778890820,R_75,29860.6764
1778890822,R_75,29867.2032
1778890824,R_75,29864.1619
1778890826,R_75,29860.4992
1778890828,R_75,29858.1262
1778890830,R_75,29865.8305
1778890832,R_75,29864.2699
1778890834,R_75,29883.5302
1778890836,R_75,29875.3438
1778890838,R_75,29870.9262
1778890840,R_75,29868.3856
1778890842,R_75,29862.8942
1778890844,R_75,29864.0426
1778890846,R_75,29869.2548
1778890848,R_75,29867.6702
1778890850,R_75,29865.5794
1778890852,R_75,29856.1858
1778890854,R_75,29854.6466
1778890856,R_75,29850.8522
1778890858,R_75,29853.137
1778890860,R_75,29859.0844
1778890862,R_75,29855.2441
1778890864,R_75,29859.2075
1778890866,R_75,29858.9578
1778890868,R_75,29862.3398
1778890870,R_75,29858.1361
1778890872,R_75,29850.6921
1778890874,R_75,29848.3052
1778890876,R_75,29845.7462
1778890878,R_75,29852.9519
1778890880,R_75,29850.5564
1778890882,R_75,29850.4181
1778890884,R_75,29853.8903
1778890886,R_75,29859.5973
1778890888,R_75,29867.6129
1778890890,R_75,29865.8028
1778890892,R_75,29874.1406
1778890894,R_75,29881.7754
1778890896,R_75,29884.9702
1778890898,R_75,29884.8149
1778890900,R_75,29878.679
1778890902,R_75,29868.0466
1778890904,R_75,29863.8536
1778890906,R_75,29868.7128
1778890908,R_75,29878.2995
1778890910,R_75,29879.2112
1778890912,R_75,29886.2807
1778890914,R_75,29887.3792
1778890916,R_75,29888.2385
1778890918,R_75,29880.9369
1778890920,R_75,29884.0641
1778890922,R_75,29893.5348
1778890924,R_75,29900.6335
1778890926,R_75,29892.2354
1778890928,R_75,29901.5502
1778890930,R_75,29914.2388
1778890932,R_75,29911.8786
1778890934,R_75,29913.8917
1778890936,R_75,29908.7464
1778890938,R_75,29912.876
1778890940,R_75,29915.0866
1778890942,R_75,29908.7636
1778890944,R_75,29901.4965
1778890946,R_75,29901.4911
1778890948,R_75,29901.6791
1778890950,R_75,29901.0592
1778890952,R_75,29898.4045
1778890954,R_75,29903.5498
1778890956,R_75,29912.9013
1778890958,R_75,29920.2148
1778890960,R_75,29920.9664
1778890962,R_75,29921.8609
1778890964,R_75,29919.8549
1778890966,R_75,29915.1606
1778890968,R_75,29919.4274
1778890970,R_75,29924.3807
1778890972,R_75,29915.3305
1778890974,R_75,29914.9964
1778890976,R_75,29923.8948
1778890978,R_75,29934.5676
1778890980,R_75,29931.321
1778890982,R_75,29924.1628
1778890984,R_75,29918.4519
1778890986,R_75,29921.4778
1778890988,R_75,29925.855
1778890990,R_75,29925.3521
1778890992,R_75,29931.822
1778890994,R_75,29915.4968
1778890996,R_75,29922.1723
1778890998,R_75,29916.285
1778891000,R_75,29923.746
1778891002,R_75,29931.946
1778891004,R_75,29941.1285
1778891006,R_75,29949.2526
1778891008,R_75,29944.2298
1778891010,R_75,29943.4198
1778891012,R_75,29949.2366
1778891014,R_75,29957.9991
1778891016,R_75,29960.7338
1778891018,R_75,29962.774
1778891020,R_75,29970.0163
1778891022,R_75,29964.573
1778891024,R_75,29968.1724
1778891026,R_75,29967.0769
1778891028,R_75,29960.9064
1778891030,R_75,29965.1501
1778891032,R_75,29961.7213
1778891034,R_75,29962.8303
1778891036,R_75,29959.8015
1778891038,R_75,29958.3886
1778891040,R_75,29955.9559
1778891042,R_75,29960.5469
1778891044,R_75,29971.2904
1778891046,R_75,29977.2135
1778891048,R_75,29976.7091
1778891050,R_75,29983.9824
1778891052,R_75,29984.0721
1778891054,R_75,29979.9503
1778891056,R_75,29979.4863
1778891058,R_75,29973.0561
1778891060,R_75,29977.4876
1778891062,R_75,29983.0285
1778891064,R_75,29979.4251
1778891066,R_75,29978.7135
1778891068,R_75,29984.6862
1778891070,R_75,29977.3446
1778891072,R_75,29972.545
1778891074,R_75,29968.4419
1778891076,R_75,29964.9505
1778891078,R_75,29959.7877
1778891080,R_75,29958.157
1778891082,R_75,29952.0991
1778891084,R_75,29953.0351
1778891086,R_75,29956.1301
1778891088,R_75,29964.4887
1778891090,R_75,29962.3614
1778891092,R_75,29955.742
1778891094,R_75,29963.1111
1778891096,R_75,29953.0826
1778891098,R_75,29943.5693
1778891100,R_75,29947.0233
1778891102,R_75,29936.7521
1778891104,R_75,29943.2614
1778891106,R_75,29949.1613
1778891108,R_75,29942.5453
1778891110,R_75,29937.5706
1778891112,R_75,29935.6696
1778891114,R_75,29927.685
1778891116,R_75,29926.0932
1778891118,R_75,29923.4825
1778891120,R_75,29930.0891
1778891122,R_75,29927.7512
1778891124,R_75,29929.3061
1778891126,R_75,29926.6758
1778891128,R_75,29926.7084
1778891130,R_75,29928.5529
1778891132,R_75,29930.7941
1778891134,R_75,29924.4092
1778891136,R_75,29928.8818
1778891138,R_75,29929.3483
1778891140,R_75,29928.3891
1778891142,R_75,29925.5978
1778891144,R_75,29926.8391
1778891146,R_75,29933.2227
1778891148,R_75,29932.2691
1778891150,R_75,29935.4155
1778891152,R_75,29947.9984
1778891154,R_75,29944.5945
1778891156,R_75,29948.0987
1778891158,R_75,29934.8205
1778891160,R_75,29943.7402
1778891162,R_75,29939.3081
1778891164,R_75,29939.2202
1778891166,R_75,29939.4123
1778891168,R_75,29929.2386
1778891170,R_75,29926.5348
1778891172,R_75,29925.5675
1778891174,R_75,29933.083
1778891176,R_75,29940.3292
1778891178,R_75,29941.065
1778891180,R_75,29939.2342
1778891182,R_75,29940.1101
1778891184,R_75,29938.2448
1778891186,R_75,29933.4175
1778891188,R_75,29937.239
1778891190,R_75,29940.6595
1778891192,R_75,29938.1866
1778891194,R_75,29946.2262
1778891196,R_75,29952.1539
1778891198,R_75,29951.9919
1778891200,R_75,29947.7015
1778891202,R_75,29940.0905
1778891204,R_75,29939.9961
1778891206,R_75,29935.9243
1778891208,R_75,29941.0576
1778891210,R_75,29938.9754
1778891212,R_75,29944.9197
1778891214,R_75,29948.3396
1778891216,R_75,29957.3954
1778891218,R_75,29955.4986
1778891220,R_75,29951.0812
1778891222,R_75,29948.6651
1778891224,R_75,29960.8009
1778891226,R_75,29958.3635
1778891228,R_75,29956.6655
1778891230,R_75,29956.0783
1778891232,R_75,29955.4909
1778891234,R_75,29952.1344
1778891236,R_75,29960.8459
1778891238,R_75,29950.0426
1778891240,R_75,29959.9733
1778891242,R_75,29950.4047
1778891244,R_75,29948.7139
1778891246,R_75,29957.6471
1778891248,R_75,29956.5693
1778891250,R_75,29957.8583
1778891252,R_75,29968.3969
1778891254,R_75,29967.4625
1778891256,R_75,29962.4701
1778891258,R_75,29964.4086
1778891260,R_75,29967.1055
1778891262,R_75,29957.2626
1778891264,R_75,29953.9045
1778891266,R_75,29955.1021
1778891268,R_75,29959.489
1778891270,R_75,29952.0663
1778891272,R_75,29953.8824
1778891274,R_75,29949.0294
1778891276,R_75,29960.9847
1778891278,R_75,29957.1645
1778891280,R_75,29947.056
1778891282,R_75,29953.9864
1778891284,R_75,29951.9393
1778891286,R_75,29947.3585
1778891288,R_75,29949.7108
1778891290,R_75,29956.3302
1778891292,R_75,29947.7134
1778891294,R_75,29943.8504
1778891296,R_75,29941.6976
1778891298,R_75,29937.1981
1778891300,R_75,29939.8901
1778891302,R_75,29950.7385
1778891304,R_75,29947.775
1778891306,R_75,29937.046
1778891308,R_75,29940.5225
1778891310,R_75,29946.7356
1778891312,R_75,29948.9344
1778891314,R_75,29940.1877
1778891316,R_75,29946.7599
1778891318,R_75,29953.2492
1778891320,R_75,29956.2398
1778891322,R_75,29961.4763
1778891324,R_75,29956.4942
1778891326,R_75,29957.0443
1778891328,R_75,29956.9715
1778891330,R_75,29955.8157
1778891332,R_75,29952.7039
1778891334,R_75,29955.664
1778891336,R_75,29971.1152
1778891338,R_75,29978.8971
1778891340,R_75,29983.2346
1778891342,R_75,29973.3882
1778891344,R_75,29979.4976
1778891346,R_75,29974.341
1778891348,R_75,29971.5191
1778891350,R_75,29972.6756
1778891352,R_75,29977.2333
1778891354,R_75,29976.4043
1778891356,R_75,29964.9204
1778891358,R_75,29956.5864
1778891360,R_75,29955.6572
1778891362,R_75,29957.3032
1778891364,R_75,29954.6843
1778891366,R_75,29950.6473
1778891368,R_75,29952.3979
1778891370,R_75,29951.9239
1778891372,R_75,29954.8612
1778891374,R_75,29950.3608
1778891376,R_75,29948.8921
1778891378,R_75,29952.2887
1778891380,R_75,29944.1985
1778891382,R_75,29939.6508
1778891384,R_75,29941.8395
1778891386,R_75,29943.1534
1778891388,R_75,29943.6407
1778891390,R_75,29950.2112
1778891392,R_75,29961.3778
1778891394,R_75,29957.2389
1778891396,R_75,29951.4522
1778891398,R_75,29948.6476
1778891400,R_75,29949.8948
1778891402,R_75,29946.3413
1778891404,R_75,29945.335
1778891406,R_75,29943.8447
1778891408,R_75,29956.328
1778891410,R_75,29961.7958
1778891412,R_75,29960.4915
1778891414,R_75,29968.9222
1778891416,R_75,29982.4197
1778891418,R_75,29991.2424
1778891420,R_75,29993.4407
1778891422,R_75,30002.1556
1778891424,R_75,30000.734
1778891426,R_75,29993.653
1778891428,R_75,29986.3191
1778891430,R_75,29995.2979
1778891432,R_75,30002.8887
1778891434,R_75,30002.6138
1778891436,R_75,30000.817
1778891438,R_75,30006.3668
1778891440,R_75,30009.8289
1778891442,R_75,30003.2408
1778891444,R_75,30011.2097
1778891446,R_75,30012.3921
1778891448,R_75,30000.5391
1778891450,R_75,29987.3141
1778891452,R_75,29992.3489
1778891454,R_75,30001.5057
1778891456,R_75,30014.9314
1778891458,R_75,30005.7181
1778891460,R_75,30003.6878
1778891462,R_75,30009.9599
1778891464,R_75,30009.3554
1778891466,R_75,30019.7508
1778891468,R_75,30013.7692
1778891470,R_75,30026.4449
1778891472,R_75,30031.9439
1778891474,R_75,30036.1065
1778891476,R_75,30041.4824
1778891478,R_75,30038.7618
1778891480,R_75,30034.3278
1778891482,R_75,30040.3687
1778891484,R_75,30041.8222
1778891486,R_75,30037.74
1778891488,R_75,30042.0434
1778891490,R_75,30047.1027
1778891492,R_75,30053.6305
1778891494,R_75,30058.7157
1778891496,R_75,30054.51
1778891498,R_75,30056.268
1778891500,R_75,30061.6846
1778891502,R_75,30065.191
1778891504,R_75,30065.7807
1778891506,R_75,30071.1777
1778891508,R_75,30069.5977
1778891510,R_75,30074.5712
1778891512,R_75,30074.3964
1778891514,R_75,30061.074
1778891516,R_75,30056.8314
1778891518,R_75,30053.0572
1778891520,R_75,30049.9658
1778891522,R_75,30047.8752
1778891524,R_75,30040.5504
1778891526,R_75,30048.1681
1778891528,R_75,30045.8406
1778891530,R_75,30036.2965
1778891532,R_75,30041.5585
1778891534,R_75,30039.0735
1778891536,R_75,30033.6827
1778891538,R_75,30034.6078
1778891540,R_75,30035.1372
1778891542,R_75,30026.8041
1778891544,R_75,30036.1402
1778891546,R_75,30033.267
1778891548,R_75,30030.0586
1778891550,R_75,30034.7972
1778891552,R_75,30043.1659
1778891554,R_75,30036.4553
1778891556,R_75,30036.4743
1778891558,R_75,30041.3609
1778891560,R_75,30038.7375
1778891562,R_75,30052.6668
1778891564,R_75,30051.6964
1778891566,R_75,30056.6983
1778891568,R_75,30051.6939
1778891570,R_75,30055.464
1778891572,R_75,30052.2621
1778891574,R_75,30051.0527
1778891576,R_75,30058.8045
1778891578,R_75,30064.4764
1778891580,R_75,30065.9515
1778891582,R_75,30063.676
1778891584,R_75,30053.2037
1778891586,R_75,30058.414
1778891588,R_75,30064.4731
1778891590,R_75,30066.5431
1778891592,R_75,30067.9824
1778891594,R_75,30070.8478
1778891596,R_75,30079.7031
1778891598,R_75,30070.6717
1778891600,R_75,30075.4415
1778891602,R_75,30075.8562
1778891604,R_75,30081.3406
1778891606,R_75,30085.5396
1778891608,R_75,30085.6621
1778891610,R_75,30086.4536
1778891612,R_75,30080.47
1778891614,R_75,30080.586
1778891616,R_75,30077.2114
1778891618,R_75,30085.2886
1778891620,R_75,30088.7018
1778891622,R_75,30092.4841
1778891624,R_75,30086.4148
1778891626,R_75,30089.1194
1778891628,R_75,30092.0227
1778891630,R_75,30090.1289
1778891632,R_75,30092.7856
1778891634,R_75,30092.553
1778891636,R_75,30098.5585
1778891638,R_75,30092.7595
1778891640,R_75,30100.8153
1778891642,R_75,30097.0447
1778891644,R_75,30082.4749
1778891646,R_75,30091.4531
1778891648,R_75,30090.3983
1778891650,R_75,30082.5892
1778891652,R_75,30081.7064
1778891654,R_75,30078.6708
1778891656,R_75,30070.4918
1778891658,R_75,30074.6414
1778891660,R_75,30085.1894
1778891662,R_75,30080.1197
1778891664,R_75,30086.7923
1778891666,R_75,30083.5956
1778891668,R_75,30090.3475
1778891670,R_75,30088.4142
1778891672,R_75,30084.7258
1778891674,R_75,30079.8479
1778891676,R_75,30079.7631
1778891678,R_75,30081.437
1778891680,R_75,30078.9602
1778891682,R_75,30074.2054
1778891684,R_75,30081.634
1778891686,R_75,30070.0448
1778891688,R_75,30069.4121
1778891690,R_75,30070.734
1778891692,R_75,30066.7608
1778891694,R_75,30065.4623
1778891696,R_75,30054.2406
1778891698,R_75,30043.2399
1778891700,R_75,30043.0176
1778891702,R_75,30041.8863
1778891704,R_75,30043.8404
1778891706,R_75,30048.2399
1778891708,R_75,30041.663
1778891710,R_75,30054.6067
1778891712,R_75,30049.5775
1778891714,R_75,30045.2605
1778891716,R_75,30042.1136
1778891718,R_75,30039.8245
1778891720,R_75,30035.2255
1778891722,R_75,30031.5447
1778891724,R_75,30029.8207
1778891726,R_75,30025.3659
1778891728,R_75,30028.699
1778891730,R_75,30024.8243
1778891732,R_75,30032.6613
1778891734,R_75,30030.8949
1778891736,R_75,30034.916
1778891738,R_75,30037.8675
1778891740,R_75,30021.9545
1778891742,R_75,30019.9737
1778891744,R_75,30019.582
1778891746,R_75,30017.3403
1778891748,R_75,30021.1699
1778891750,R_75,30021.891
1778891752,R_75,30016.338
1778891754,R_75,30025.782
1778891756,R_75,30019.7294
1778891758,R_75,30017.0896
1778891760,R_75,30014.9848
1778891762,R_75,30012.3613
1778891764,R_75,30012.9437
1778891766,R_75,30022.3826
1778891768,R_75,30020.7068
1778891770,R_75,30016.7987
1778891772,R_75,30022.4121
1778891774,R_75,30024.9263
1778891776,R_75,30018.3856
1778891778,R_75,30030.6871
1778891780,R_75,30038.5168
1778891782,R_75,30039.596
1778891784,R_75,30051.6157
1778891786,R_75,30059.1395
1778891788,R_75,30065.3237
1778891790,R_75,30058.1068
1778891792,R_75,30056.0253
1778891794,R_75,30058.4824
1778891796,R_75,30050.8423
1778891798,R_75,30047.2679
1778891800,R_75,30042.648
1778891802,R_75,30032.1932
1778891804,R_75,30041.694
1778891806,R_75,30036.7985
1778891808,R_75,30027.0781
1778891810,R_75,30038.1591
1778891812,R_75,30036.7764
1778891814,R_75,30033.0395
1778891816,R_75,30035.9775
1778891818,R_75,30029.1746
1778891820,R_75,30023.6407
1778891822,R_75,30023.7473
1778891824,R_75,30024.5751
1778891826,R_75,30026.9765
1778891828,R_75,30025.0152
1778891830,R_75,30027.4046
1778891832,R_75,30037.1358
1778891834,R_75,30040.5768
1778891836,R_75,30046.697
1778891838,R_75,30033.8275
1778891840,R_75,30034.9408
1778891842,R_75,30031.7612
1778891844,R_75,30032.4122
1778891846,R_75,30032.6199
1778891848,R_75,30033.8845
1778891850,R_75,30044.1664
1778891852,R_75,30062.1561
1778891854,R_75,30065.3253
1778891856,R_75,30064.6304
1778891858,R_75,30061.8308
1778891860,R_75,30060.0396
1778891862,R_75,30061.0288
1778891864,R_75,30060.9974
1778891866,R_75,30065.4541
1778891868,R_75,30063.6465
1778891870,R_75,30058.2044
1778891872,R_75,30062.4386
1778891874,R_75,30061.833
1778891876,R_75,30053.5388
1778891878,R_75,30059.4214
1778891880,R_75,30060.8735
1778891882,R_75,30060.7892
1778891884,R_75,30063.6146
1778891886,R_75,30070.8363
1778891888,R_75,30071.8174
1778891890,R_75,30078.644
1778891892,R_75,30077.3165
1778891894,R_75,30074.811
1778891896,R_75,30068.9063
1778891898,R_75,30070.1526
1778891900,R_75,30071.8098
1778891902,R_75,30058.4758
1778891904,R_75,30050.0581
1778891906,R_75,30054.4455
1778891908,R_75,30059.8195
1778891910,R_75,30059.2743
1778891912,R_75,30062.0879
1778891914,R_75,30049.0528
1778891916,R_75,30045.0404
1778891918,R_75,30054.2295
1778891920,R_75,30058.4209
1778891922,R_75,30070.8567
1778891924,R_75,30069.7746
1778891926,R_75,30080.8255
1778891928,R_75,30075.7613
1778891930,R_75,30085.4753
1778891932,R_75,30081.5014
1778891934,R_75,30078.9432
1778891936,R_75,30083.58
1778891938,R_75,30072.1807
1778891940,R_75,30078.2896
1778891942,R_75,30071.5075
1778891944,R_75,30074.0342
1778891946,R_75,30066.9497
1778891948,R_75,30066.022
1778891950,R_75,30064.8444
1778891952,R_75,30060.7053
1778891954,R_75,30055.3139
1778891956,R_75,30060.7359
1778891958,R_75,30062.8325
1778891960,R_75,30065.8254
1778891962,R_75,30069.0593
1778891964,R_75,30057.233
1778891966,R_75,30058.7358
1778891968,R_75,30056.7165
1778891970,R_75,30053.5491
1778891972,R_75,30061.1579
1778891974,R_75,30064.6506
1778891976,R_75,30064.9323
1778891978,R_75,30069.3139
1778891980,R_75,30069.3482
1778891982,R_75,30068.086
1778891984,R_75,30066.7168
1778891986,R_75,30063.0747
1778891988,R_75,30066.3563
1778891990,R_75,30060.9695
1778891992,R_75,30065.1739
1778891994,R_75,30060.0293
1778891996,R_75,30054.3511
1778891998,R_75,30046.262
1778892000,R_75,30042.5035
1778892002,R_75,30050.6922
1778892004,R_75,30059.8996
1778892006,R_75,30065.0535
1778892008,R_75,30067.0782
1778892010,R_75,30064.6731
1778892012,R_75,30068.8636
1778892014,R_75,30075.0068
1778892016,R_75,30082.351
1778892018,R_75,30069.7314
1778892020,R_75,30062.5007
1778892022,R_75,30060.036
1778892024,R_75,30060.1513
1778892026,R_75,30061.7819
1778892028,R_75,30069.9563
1778892030,R_75,30066.1276
1778892032,R_75,30073.7489
1778892034,R_75,30071.2798
1778892036,R_75,30073.7617
1778892038,R_75,30063.5379
1778892040,R_75,30068.4277
1778892042,R_75,30066.4434
1778892044,R_75,30066.3914
1778892046,R_75,30063.687
1778892048,R_75,30059.3272
1778892050,R_75,30061.2645
1778892052,R_75,30062.4957
1778892054,R_75,30063.01
1778892056,R_75,30059.8058
1778892058,R_75,30054.3137
1778892060,R_75,30055.2849
1778892062,R_75,30054.1153
1778892064,R_75,30052.6681
1778892066,R_75,30051.4606
1778892068,R_75,30051.6966
1778892070,R_75,30049.12
1778892072,R_75,30052.1083
1778892074,R_75,30058.8721
1778892076,R_75,30054.8466
1778892078,R_75,30045.4808
1778892080,R_75,30035.4321
1778892082,R_75,30039.4164
1778892084,R_75,30037.911
1778892086,R_75,30042.3733
1778892088,R_75,30037.3665
1778892090,R_75,30036.1397
1778892092,R_75,30032.8021
1778892094,R_75,30032.2327
1778892096,R_75,30038.6982
1778892098,R_75,30034.6179
1778892100,R_75,30040.1294
1778892102,R_75,30040.6338
1778892104,R_75,30042.9756
1778892106,R_75,30040.123
1778892108,R_75,30042.2596
1778892110,R_75,30049.9847
1778892112,R_75,30058.1972
1778892114,R_75,30053.1565
1778892116,R_75,30050.3213
1778892118,R_75,30058.3289
1778892120,R_75,30054.7644
1778892122,R_75,30060.2752
1778892124,R_75,30061.9064
1778892126,R_75,30062.8676
1778892128,R_75,30058.2799
1778892130,R_75,30074.1614
1778892132,R_75,30074.1196
1778892134,R_75,30079.7091
1778892136,R_75,30069.3976
1778892138,R_75,30070.5832
1778892140,R_75,30071.4649
1778892142,R_75,30077.1112
1778892144,R_75,30083.1513
1778892146,R_75,30088.2459
1778892148,R_75,30088.8111
1778892150,R_75,30084.8092
1778892152,R_75,30081.798
1778892154,R_75,30083.4743
1778892156,R_75,30084.0232
1778892158,R_75,30078.5294
1778892160,R_75,30077.0479
1778892162,R_75,30079.5435
1778892164,R_75,30077.4734
1778892166,R_75,30075.6606
1778892168,R_75,30066.7214
1778892170,R_75,30068.6755
1778892172,R_75,30069.3311
1778892174,R_75,30067.522
1778892176,R_75,30070.0556
1778892178,R_75,30064.0106
1778892180,R_75,30068.7453
1778892182,R_75,30076.6267
1778892184,R_75,30078.9496
1778892186,R_75,30082.22
1778892188,R_75,30072.4469
1778892190,R_75,30079.2962
1778892192,R_75,30072.9735
1778892194,R_75,30059.0064
1778892196,R_75,30056.6318
1778892198,R_75,30062.3145
1778892200,R_75,30068.6947
1778892202,R_75,30061.923
1778892204,R_75,30060.4672
1778892206,R_75,30057.8547
1778892208,R_75,30063.0758
1778892210,R_75,30059.0736
1778892212,R_75,30056.5608
1778892214,R_75,30064.8525
1778892216,R_75,30066.3958
1778892218,R_75,30072.4364
1778892220,R_75,30075.026
1778892222,R_75,30073.3736
1778892224,R_75,30074.2097
1778892226,R_75,30077.6535
1778892228,R_75,30073.3631
1778892230,R_75,30086.082
1778892232,R_75,30080.784
1778892234,R_75,30090.4433
1778892236,R_75,30091.4626
1778892238,R_75,30085.4807
1778892240,R_75,30080.3684
1778892242,R_75,30083.5868
1778892244,R_75,30083.4297
1778892246,R_75,30074.52
1778892248,R_75,30069.3238
1778892250,R_75,30076.0781
1778892252,R_75,30073.3038
1778892254,R_75,30072.0656
1778892256,R_75,30072.1284
1778892258,R_75,30066.417
1778892260,R_75,30060.9874
1778892262,R_75,30061.6848
1778892264,R_75,30069.9144
1778892266,R_75,30067.509
1778892268,R_75,30064.7911
1778892270,R_75,30068.4986
1778892272,R_75,30058.3479
1778892274,R_75,30061.3374
1778892276,R_75,30062.5202
1778892278,R_75,30055.9642
1778892280,R_75,30056.2696
1778892282,R_75,30057.548
1778892284,R_75,30052.6929
1778892286,R_75,30047.7537
1778892288,R_75,30052.7888
1778892290,R_75,30041.9776
1778892292,R_75,30035.2946
1778892294,R_75,30029.9858
1778892296,R_75,30031.5456
1778892298,R_75,30031.8819
1778892300,R_75,30042.2343
1778892302,R_75,30040.3615
1778892304,R_75,30034.0663
1778892306,R_75,30035.4585
1778892308,R_75,30036.5381
1778892310,R_75,30033.0145
1778892312,R_75,30042.3779
1778892314,R_75,30035.5365
1778892316,R_75,30034.108
1778892318,R_75,30033.7137
1778892320,R_75,30041.3839
1778892322,R_75,30042.2078
1778892324,R_75,30038.4239
1778892326,R_75,30039.7686
1778892328,R_75,30039.8998
1778892330,R_75,30042.3755
1778892332,R_75,30040.8888
1778892334,R_75,30041.1016
1778892336,R_75,30035.1811
1778892338,R_75,30034.263
1778892340,R_75,30021.1664
1778892342,R_75,30027.6343
1778892344,R_75,30023.8396
1778892346,R_75,30030.3492
1778892348,R_75,30026.7107
1778892350,R_75,30023.1148
1778892352,R_75,30011.6319
1778892354,R_75,30015.8238
1778892356,R_75,30009.9171
1778892358,R_75,30007.3541
1778892360,R_75,30010.4004
1778892362,R_75,30008.0012
1778892364,R_75,30004.8295
1778892366,R_75,30007.0135
1778892368,R_75,30009.6571
1778892370,R_75,30007.0812
1778892372,R_75,30010.1819
1778892374,R_75,30016.2063
1778892376,R_75,30016.9923
1778892378,R_75,30013.8778
1778892380,R_75,30019.8398
1778892382,R_75,30018.6528
1778892384,R_75,30023.4588
1778892386,R_75,30020.8
1778892388,R_75,30019.8801
1778892390,R_75,30023.2975
1778892392,R_75,30013.3287
1778892394,R_75,30021.3759
1778892396,R_75,30014.2812
1778892398,R_75,30004.6542
1778892400,R_75,30004.5647
1778892402,R_75,29998.2274
1778892404,R_75,29997.0428
1778892406,R_75,29994.2707
1778892408,R_75,29992.5842
1778892410,R_75,29986.7843
1778892412,R_75,29989.7429
1778892414,R_75,29987.4336
1778892416,R_75,29989.8274
1778892418,R_75,29992.7694
1778892420,R_75,29985.3103
1778892422,R_75,29989.6456
1778892424,R_75,29991.1906
1778892426,R_75,29991.2901
1778892428,R_75,29996.2773
1778892430,R_75,29991.7111
1778892432,R_75,29984.8289
1778892434,R_75,29991.9069
1778892436,R_75,29989.4985
1778892438,R_75,29995.7867
1778892440,R_75,29998.5139
1778892442,R_75,29990.9069
1778892444,R_75,29985.1181
1778892446,R_75,29993.1461
1778892448,R_75,29996.0011
1778892450,R_75,29990.4381
1778892452,R_75,29992.7498
1778892454,R_75,29993.3506
1778892456,R_75,29991.5117
1778892458,R_75,29989.2754
1778892460,R_75,29991.8625
1778892462,R_75,29987.3916
1778892464,R_75,29989.5253
1778892466,R_75,29986.1986
1778892468,R_75,29984.93
1778892470,R_75,29974.0826
1778892472,R_75,29984.6906
1778892474,R_75,29979.0182
1778892476,R_75,29990.6681
1778892478,R_75,29986.7486
1778892480,R_75,29985.9393
1778892482,R_75,29981.0932
1778892484,R_75,29974.7461
1778892486,R_75,29970.5878
1778892488,R_75,29974.5459
1778892490,R_75,29973.2621
1778892492,R_75,29969.1248
1778892494,R_75,29971.1795
1778892496,R_75,29966.0157
1778892498,R_75,29959.0019
1778892500,R_75,29961.1899
1778892502,R_75,29959.1986
1778892504,R_75,29956.511
1778892506,R_75,29950.5764
1778892508,R_75,29948.3618
1778892510,R_75,29949.1328
1778892512,R_75,29941.1229
1778892514,R_75,29935.7736
1778892516,R_75,29938.7007
1778892518,R_75,29937.7408
1778892520,R_75,29933.5809
1778892522,R_75,29932.4479
1778892524,R_75,29939.4186
1778892526,R_75,29937.4576
1778892528,R_75,29934.7357
1778892530,R_75,29929.7937
1778892532,R_75,29933.0446
1778892534,R_75,29923.1343
1778892536,R_75,29920.2171
1778892538,R_75,29920.3825
1778892540,R_75,29925.5058
1778892542,R_75,29920.2466
1778892544,R_75,29922.5862
1778892546,R_75,29915.2468
1778892548,R_75,29916.7407
1778892550,R_75,29921.3447
1778892552,R_75,29912.9472
1778892554,R_75,29905.2402
1778892556,R_75,29912.2309
1778892558,R_75,29913.253
1778892560,R_75,29911.1383
1778892562,R_75,29900.1519
1778892564,R_75,29902.4804
1778892566,R_75,29903.6987
1778892568,R_75,29900.9496
1778892570,R_75,29899.0668
1778892572,R_75,29907.2382
1778892574,R_75,29911.1836
1778892576,R_75,29917.5902
1778892578,R_75,29912.0232
1778892580,R_75,29912.6157
1778892582,R_75,29902.6904
1778892584,R_75,29901.1424
1778892586,R_75,29889.9413
1778892588,R_75,29902.1886
1778892590,R_75,29906.5311
1778892592,R_75,29907.8749
1778892594,R_75,29912.4619
1778892596,R_75,29916.19
1778892598,R_75,29918.7947
1778892600,R_75,29920.2438
1778892602,R_75,29930.2342
1778892604,R_75,29937.4465
1778892606,R_75,29936.1292
1778892608,R_75,29948.2513
1778892610,R_75,29951.4645
1778892612,R_75,29955.8448
1778892614,R_75,29948.4428
1778892616,R_75,29953.6447
1778892618,R_75,29954.8809
1778892620,R_75,29952.2598
1778892622,R_75,29947.1573
1778892624,R_75,29946.3718
1778892626,R_75,29956.1745
1778892628,R_75,29948.3097
1778892630,R_75,29948.7921
1778892632,R_75,29952.6801
1778892634,R_75,29955.9549
1778892636,R_75,29966.9805
1778892638,R_75,29971.1413
1778892640,R_75,29967.3443
1778892642,R_75,29969.553
1778892644,R_75,29973.4725
1778892646,R_75,29968.6889
1778892648,R_75,29971.1071
1778892650,R_75,29957.9988
1778892652,R_75,29958.1341
1778892654,R_75,29955.5159
1778892656,R_75,29958.4001
1778892658,R_75,29943.8241
1778892660,R_75,29949.4695
1778892662,R_75,29955.9526
1778892664,R_75,29950.5701
1778892666,R_75,29948.6726
1778892668,R_75,29957.0045
1778892670,R_75,29955.655
1778892672,R_75,29957.849
1778892674,R_75,29968.832
1778892676,R_75,29967.7405
1778892678,R_75,29968.689
1778892680,R_75,29974.6488
1778892682,R_75,29986.8978
1778892684,R_75,29984.4977
1778892686,R_75,29980.7748
1778892688,R_75,29980.9266
1778892690,R_75,29978.6591
1778892692,R_75,29976.3964
1778892694,R_75,29980.8927
1778892696,R_75,29982.3017
1778892698,R_75,29981.5311
1778892700,R_75,29974.8724
1778892702,R_75,29975.3234
1778892704,R_75,29971.2205
1778892706,R_75,29965.4553
1778892708,R_75,29965.8086
1778892710,R_75,29971.6416
1778892712,R_75,29975.143
1778892714,R_75,29976.0047
1778892716,R_75,29976.2566
1778892718,R_75,29983.0366
1778892720,R_75,29980.9054
1778892722,R_75,29972.082
1778892724,R_75,29975.4359
1778892726,R_75,29973.6381
1778892728,R_75,29969.2406
1778892730,R_75,29954.1389
1778892732,R_75,29951.6296
1778892734,R_75,29948.0471
1778892736,R_75,29954.7942
1778892738,R_75,29955.5738
1778892740,R_75,29948.8665
1778892742,R_75,29946.2684
1778892744,R_75,29945.9371
1778892746,R_75,29945.9106
1778892748,R_75,29952.2601
1778892750,R_75,29957.251
1778892752,R_75,29956.2744
1778892754,R_75,29951.5376
1778892756,R_75,29952.7976
1778892758,R_75,29960.5608
1778892760,R_75,29958.3321
1778892762,R_75,29959.733
1778892764,R_75,29970.1958
1778892766,R_75,29967.5142
1778892768,R_75,29969.7234
1778892770,R_75,29970.6565
1778892772,R_75,29964.6052
1778892774,R_75,29964.004
1778892776,R_75,29958.8204
1778892778,R_75,29956.5608
1778892780,R_75,29958.6065
1778892782,R_75,29965.5912
1778892784,R_75,29965.192
1778892786,R_75,29967.2241
1778892788,R_75,29968.3522
1778892790,R_75,29974.016
1778892792,R_75,29964.3324
1778892794,R_75,29967.1695
1778892796,R_75,29970.0207
1778892798,R_75,29960.0832
1778892800,R_75,29965.2377
1778892802,R_75,29956.5227
1778892804,R_75,29952.8866
1778892806,R_75,29952.9945
1778892808,R_75,29950.9307
1778892810,R_75,29947.2982
1778892812,R_75,29947.1919
1778892814,R_75,29947.8978
1778892816,R_75,29940.4254
1778892818,R_75,29939.9505
1778892820,R_75,29945.8941
1778892822,R_75,29951.4298
1778892824,R_75,29951.3207
1778892826,R_75,29940.7731
1778892828,R_75,29947.9158
1778892830,R_75,29946.0733
1778892832,R_75,29941.1561
1778892834,R_75,29940.9686
1778892836,R_75,29929.1523
1778892838,R_75,29928.8693
1778892840,R_75,29934.3189
1778892842,R_75,29934.1292
1778892844,R_75,29933.2404
1778892846,R_75,29942.1837
1778892848,R_75,29934.6005
1778892850,R_75,29939.5461
1778892852,R_75,29944.8747
1778892854,R_75,29944.3983
1778892856,R_75,29945.7302
1778892858,R_75,29937.7029
1778892860,R_75,29948.2781
1778892862,R_75,29957.6325
1778892864,R_75,29959.6496
1778892866,R_75,29956.5896
1778892868,R_75,29959.9708
1778892870,R_75,29963.6097
1778892872,R_75,29972.6546
1778892874,R_75,29965.766
1778892876,R_75,29961.0342
1778892878,R_75,29972.2627
1778892880,R_75,29977.4224
1778892882,R_75,29971.7698
1778892884,R_75,29983.237
1778892886,R_75,29983.339
1778892888,R_75,29980.3495
1778892890,R_75,29981.9261
1778892892,R_75,29984.7553
1778892894,R_75,29993.0861
1778892896,R_75,29999.8539
1778892898,R_75,29991.9788
1778892900,R_75,29996.8202
1778892902,R_75,30001.58
1778892904,R_75,30000.5648
1778892906,R_75,30004.1488
1778892908,R_75,30007.4452
1778892910,R_75,30007.1858
1778892912,R_75,30000.7312
1778892914,R_75,29996.9278
1778892916,R_75,29987.0813
1778892918,R_75,29990.0886
1778892920,R_75,29989.9304
1778892922,R_75,29994.421
1778892924,R_75,29994.3147
1778892926,R_75,29987.035
1778892928,R_75,29983.7871
1778892930,R_75,29975.894
1778892932,R_75,29973.7338
1778892934,R_75,29972.7493
1778892936,R_75,29965.2103
1778892938,R_75,29967.0064
1778892940,R_75,29973.6552
1778892942,R_75,29978.0998
1778892944,R_75,29981.6449
1778892946,R_75,29980.5404
1778892948,R_75,29981.4638
1778892950,R_75,29974.9585
1778892952,R_75,29983.7875
1778892954,R_75,29981.5715
1778892956,R_75,29979.7847
1778892958,R_75,29981.3129
1778892960,R_75,29980.4634
1778892962,R_75,29981.1913
1778892964,R_75,29980.1231
1778892966,R_75,29976.3373
1778892968,R_75,29973.9978
1778892970,R_75,29968.8075
1778892972,R_75,29963.9962
1778892974,R_75,29971.766
1778892976,R_75,29961.835
1778892978,R_75,29973.2731
1778892980,R_75,29976.6767
1778892982,R_75,29972.6755
1778892984,R_75,29982.7142
1778892986,R_75,29979.7759
1778892988,R_75,29980.293
1778892990,R_75,29980.3869
1778892992,R_75,29981.2177
1778892994,R_75,29975.8588
1778892996,R_75,29982.6076
1778892998,R_75,29982.1289
1778893000,R_75,29979.4989
1778893002,R_75,29987.005
1778893004,R_75,29981.5769
1778893006,R_75,29990.7182
1778893008,R_75,29989.1731
1778893010,R_75,29986.926
1778893012,R_75,29984.7218
1778893014,R_75,29992.7276
1778893016,R_75,29999.7382
1778893018,R_75,29993.9739
1778893020,R_75,29991.7666
1778893022,R_75,29988.7749
1778893024,R_75,29985.8217
1778893026,R_75,29986.0603
1778893028,R_75,29992.2414
1778893030,R_75,29995.6048
1778893032,R_75,29996.8688
1778893034,R_75,30000.7454
1778893036,R_75,29992.7474
1778893038,R_75,29992.0704
1778893040,R_75,29993.2033
1778893042,R_75,29981.2006
1778893044,R_75,29985.6013
1778893046,R_75,29988.8217
1778893048,R_75,29991.0038
1778893050,R_75,29997.4902
1778893052,R_75,29993.4502
1778893054,R_75,29988.668
1778893056,R_75,30001.2005
1778893058,R_75,29989.58
1778893060,R_75,29991.197
1778893062,R_75,29983.2632
1778893064,R_75,29989.1579
1778893066,R_75,29990.39
1778893068,R_75,29989.6315
1778893070,R_75,29989.956
1778893072,R_75,29983.5258
1778893074,R_75,29996.8013
1778893076,R_75,29997.3976
1778893078,R_75,29994.7166
1778893080,R_75,30003.8895
1778893082,R_75,30001.8168
1778893084,R_75,30001.5908
1778893086,R_75,30000.1328
1778893088,R_75,29996.3011
1778893090,R_75,30002.9547
1778893092,R_75,29995.3874
1778893094,R_75,29993.7174
1778893096,R_75,29993.7581
1778893098,R_75,29991.9901
1778893100,R_75,29987.1984
1778893102,R_75,29982.5318
1778893104,R_75,29987.1316
1778893106,R_75,29988.0999
1778893108,R_75,29989.9422
1778893110,R_75,29993.4664
1778893112,R_75,29990.414
1778893114,R_75,29984.8258
1778893116,R_75,29984.3143
1778893118,R_75,29986.6603
1778893120,R_75,29981.3612
1778893122,R_75,29982.9056
1778893124,R_75,29991.6657
1778893126,R_75,29985.45
1778893128,R_75,29985.8794
1778893130,R_75,29984.7522
1778893132,R_75,29981.5419
1778893134,R_75,29972.26
1778893136,R_75,29975.9641
1778893138,R_75,29979.0393
1778893140,R_75,29967.4564
1778893142,R_75,29970.5365
1778893144,R_75,29974.9603
1778893146,R_75,29979.7254
1778893148,R_75,29985.2981
1778893150,R_75,29982.6547
1778893152,R_75,29984.1455
1778893154,R_75,29985.763
1778893156,R_75,29976.2662
1778893158,R_75,29971.4352
1778893160,R_75,29962.6241
1778893162,R_75,29961.5523
1778893164,R_75,29968.3933
1778893166,R_75,29961.307
1778893168,R_75,29969.9672
1778893170,R_75,29960.5278
1778893172,R_75,29952.3838
1778893174,R_75,29954.1747
1778893176,R_75,29955.0683
1778893178,R_75,29961.6097
1778893180,R_75,29963.2418
1778893182,R_75,29962.3287
1778893184,R_75,29965.5208
1778893186,R_75,29965.874
1778893188,R_75,29956.1623
1778893190,R_75,29958.0381
1778893192,R_75,29953.1816
1778893194,R_75,29951.0111
1778893196,R_75,29952.221
1778893198,R_75,29945.3567
1778893200,R_75,29945.5113
1778893202,R_75,29942.445
1778893204,R_75,29960.7616
1778893206,R_75,29965.5823
1778893208,R_75,29968.1824
1778893210,R_75,29971.5988
1778893212,R_75,29971.4668
1778893214,R_75,29969.4191
1778893216,R_75,29963.9991
1778893218,R_75,29967.8951
1778893220,R_75,29975.7316
1778893222,R_75,29976.0565
1778893224,R_75,29977.2244
1778893226,R_75,29975.4291
1778893228,R_75,29980.9723
1778893230,R_75,29983.2732
1778893232,R_75,29990.4841
1778893234,R_75,29985.1787
1778893236,R_75,29982.5368
1778893238,R_75,29983.9347
1778893240,R_75,29988.7187
1778893242,R_75,29996.8892
1778893244,R_75,30001.8759
1778893246,R_75,29999.9114
1778893248,R_75,29990.4174
1778893250,R_75,29985.3666
1778893252,R_75,29993.2049
1778893254,R_75,29994.9854
1778893256,R_75,30000.3114
1778893258,R_75,29998.3663
1778893260,R_75,29996.0619
1778893262,R_75,29997.8304
1778893264,R_75,30000.721
1778893266,R_75,30003.7308
1778893268,R_75,29995.5299
1778893270,R_75,29994.4798
1778893272,R_75,29994.64
1778893274,R_75,29992.4205
1778893276,R_75,29988.0384
1778893278,R_75,29989.8983
1778893280,R_75,29993.9198
1778893282,R_75,29994.1198
1778893284,R_75,29989.687
1778893286,R_75,29989.7561
1778893288,R_75,29997.8542
1778893290,R_75,29998.9153
1778893292,R_75,29990.4374
1778893294,R_75,29992.5008
1778893296,R_75,29991.7533
1778893298,R_75,29992.2715
1778893300,R_75,29991.9977
1778893302,R_75,29987.6498
1778893304,R_75,29987.3258
1778893306,R_75,29987.2755
1778893308,R_75,29979.8374
1778893310,R_75,29982.4071
1778893312,R_75,29980.2403
1778893314,R_75,29981.0739
1778893316,R_75,29982.5717
1778893318,R_75,29977.4483
1778893320,R_75,29983.1358
1778893322,R_75,29988.3125
1778893324,R_75,29985.4049
1778893326,R_75,29980.5418
1778893328,R_75,29980.9853
1778893330,R_75,29996.3628
1778893332,R_75,29996.779
1778893334,R_75,29995.5982
1778893336,R_75,30001.2905
1778893338,R_75,30002.0261
1778893340,R_75,30000.5358
1778893342,R_75,29993.3692
1778893344,R_75,30004.7697
1778893346,R_75,29997.5126
1778893348,R_75,29992.6089
1778893350,R_75,30002.0716
1778893352,R_75,29998.2261
1778893354,R_75,30003.1262
1778893356,R_75,30003.6256
1778893358,R_75,30004.3825
1778893360,R_75,30005.9011
1778893362,R_75,30003.3207
1778893364,R_75,30001.1194
1778893366,R_75,30012.7256
1778893368,R_75,30020.007
1778893370,R_75,30015.5759
1778893372,R_75,30019.7404
1778893374,R_75,30008.0318
1778893376,R_75,30015.1407
1778893378,R_75,30006.9821
1778893380,R_75,30005.5551
1778893382,R_75,30000.4852
1778893384,R_75,29998.2963
1778893386,R_75,29996.9097
1778893388,R_75,29994.9765
1778893390,R_75,29999.7949
1778893392,R_75,30001.4422
1778893394,R_75,30003.9922
1778893396,R_75,29998.6279
1778893398,R_75,30000.039
1778893400,R_75,30004.4955
1778893402,R_75,30000.1384
1778893404,R_75,29999.5475
1778893406,R_75,30000.6448
1778893408,R_75,30003.2258
1778893410,R_75,30001.069
1778893412,R_75,30000.0808
1778893414,R_75,30002.2919
1778893416,R_75,30002.2231
1778893418,R_75,30010.5627
1778893420,R_75,30015.7078
1778893422,R_75,30028.997
1778893424,R_75,30029.4373
1778893426,R_75,30034.3301
1778893428,R_75,30039.024
1778893430,R_75,30042.0509
1778893432,R_75,30040.8589
1778893434,R_75,30037.7956
1778893436,R_75,30036.9075
1778893438,R_75,30034.1201
1778893440,R_75,30038.1592
1778893442,R_75,30039.2567
1778893444,R_75,30037.1759
1778893446,R_75,30033.7316
1778893448,R_75,30029.8462
1778893450,R_75,30032.9479
1778893452,R_75,30032.9377
1778893454,R_75,30037.3779
1778893456,R_75,30049.5445
1778893458,R_75,30057.4794
1778893460,R_75,30066.9288
1778893462,R_75,30074.4183
1778893464,R_75,30063.0171
1778893466,R_75,30065.3955
1778893468,R_75,30068.442
1778893470,R_75,30056.2981
1778893472,R_75,30064.0895
1778893474,R_75,30064.7892
1778893476,R_75,30068.3688
1778893478,R_75,30075.0376
1778893480,R_75,30079.4379
1778893482,R_75,30078.1738
1778893484,R_75,30081.5148
1778893486,R_75,30089.085
1778893488,R_75,30093.6976
1778893490,R_75,30090.8887
1778893492,R_75,30093.2975
1778893494,R_75,30075.893
1778893496,R_75,30074.1472
1778893498,R_75,30065.8053
1778893500,R_75,30064.4795
1778893502,R_75,30063.7727
1778893504,R_75,30066.2901
1778893506,R_75,30053.6114
1778893508,R_75,30049.3056
1778893510,R_75,30046.2888
1778893512,R_75,30043.6598
1778893514,R_75,30053.38
1778893516,R_75,30052.8333
1778893518,R_75,30061.6984
1778893520,R_75,30059.6903
1778893522,R_75,30061.0494
1778893524,R_75,30056.8728
1778893526,R_75,30054.137
1778893528,R_75,30068.5088
1778893530,R_75,30074.4832
1778893532,R_75,30079.7312
1778893534,R_75,30087.7981
1778893536,R_75,30087.8239
1778893538,R_75,30088.1124
1778893540,R_75,30096.8706
1778893542,R_75,30091.5483
1778893544,R_75,30094.4739
1778893546,R_75,30099.3777
1778893548,R_75,30105.2999
1778893550,R_75,30099.3562
1778893552,R_75,30095.3715
1778893554,R_75,30093.6279
1778893556,R_75,30091.8676
1778893558,R_75,30099.8302
1778893560,R_75,30104.3852
1778893562,R_75,30097.9909
1778893564,R_75,30106.7977
1778893566,R_75,30105.6156
1778893568,R_75,30100.7172
1778893570,R_75,30097.7019
1778893572,R_75,30103.8753
1778893574,R_75,30109.7255
1778893576,R_75,30115.3075
1778893578,R_75,30108.2227
1778893580,R_75,30103.8101
1778893582,R_75,30099.4443
1778893584,R_75,30104.1221
1778893586,R_75,30100.9418
1778893588,R_75,30099.3347
1778893590,R_75,30096.6933
1778893592,R_75,30097.1822
1778893594,R_75,30095.1281
1778893596,R_75,30096.8127
1778893598,R_75,30099.8179
1778893600,R_75,30100.8142
1778893602,R_75,30094.3364
1778893604,R_75,30095.8892
1778893606,R_75,30094.014
1778893608,R_75,30099.0215
1778893610,R_75,30093.1735
1778893612,R_75,30101.0468
1778893614,R_75,30109.928
1778893616,R_75,30102.3857
1778893618,R_75,30099.8654
1778893620,R_75,30094.2248
1778893622,R_75,30089.158
1778893624,R_75,30093.6672
1778893626,R_75,30092.3748
1778893628,R_75,30085.122
1778893630,R_75,30080.8216
1778893632,R_75,30079.6074
1778893634,R_75,30076.0657
1778893636,R_75,30078.392
1778893638,R_75,30079.0977
1778893640,R_75,30085.77
1778893642,R_75,30086.5066
1778893644,R_75,30095.0087
1778893646,R_75,30083.0043
1778893648,R_75,30087.0021
1778893650,R_75,30092.6083
1778893652,R_75,30095.2483
1778893654,R_75,30095.3976
1778893656,R_75,30098.4089
1778893658,R_75,30100.8987
1778893660,R_75,30103.5114
1778893662,R_75,30107.676
1778893664,R_75,30120.3972
1778893666,R_75,30126.9971
1778893668,R_75,30138.0829
1778893670,R_75,30137.3337
1778893672,R_75,30132.7814
1778893674,R_75,30138.0437
1778893676,R_75,30132.6199
1778893678,R_75,30131.3028
1778893680,R_75,30132.2882
1778893682,R_75,30120.8705
1778893684,R_75,30122.7466
1778893686,R_75,30121.5446
1778893688,R_75,30124.7615
1778893690,R_75,30128.8159
1778893692,R_75,30123.903
1778893694,R_75,30123.7803
1778893696,R_75,30123.4972
1778893698,R_75,30124.673
1778893700,R_75,30116.312
1778893702,R_75,30115.1371
1778893704,R_75,30122.5239
1778893706,R_75,30119.895
1778893708,R_75,30114.2187
1778893710,R_75,30112.6588
1778893712,R_75,30102.0426
1778893714,R_75,30102.1979
1778893716,R_75,30111.6708
1778893718,R_75,30105.1119
1778893720,R_75,30100.3695
1778893722,R_75,30099.332
1778893724,R_75,30094.2962
1778893726,R_75,30094.2384
1778893728,R_75,30090.5623
1778893730,R_75,30095.4599
1778893732,R_75,30093.0554
1778893734,R_75,30089.0813
1778893736,R_75,30081.6675
1778893738,R_75,30080.7868
1778893740,R_75,30069.5162
1778893742,R_75,30072.9195
1778893744,R_75,30067.0293
1778893746,R_75,30065.2421
1778893748,R_75,30071.5445
1778893750,R_75,30061.8346
1778893752,R_75,30072.4288
1778893754,R_75,30062.8346
1778893756,R_75,30065.4396
1778893758,R_75,30066.3188
1778893760,R_75,30070.3673
1778893762,R_75,30069.3111
1778893764,R_75,30077.7819
1778893766,R_75,30081.1456
1778893768,R_75,30084.8564
1778893770,R_75,30091.4542
1778893772,R_75,30088.035
1778893774,R_75,30082.4164
1778893776,R_75,30086.9279
1778893778,R_75,30081.9437
1778893780,R_75,30081.3199
1778893782,R_75,30076.2184
1778893784,R_75,30074.0598
1778893786,R_75,30062.5633
1778893788,R_75,30058.7205
1778893790,R_75,30046.728
1778893792,R_75,30055.6245
1778893794,R_75,30059.4669
1778893796,R_75,30061.7916
1778893798,R_75,30051.8473
1778893800,R_75,30062.3333
1778893802,R_75,30057.6046
1778893804,R_75,30054.91
1778893806,R_75,30060.5191
1778893808,R_75,30052.6763
1778893810,R_75,30056.0307
1778893812,R_75,30056.1714
1778893814,R_75,30057.7709
1778893816,R_75,30060.4329
1778893818,R_75,30064.1612
1778893820,R_75,30074.9561
1778893822,R_75,30068.7044
1778893824,R_75,30071.8807
1778893826,R_75,30072.4093
1778893828,R_75,30065.2573
1778893830,R_75,30070.7755
1778893832,R_75,30068.1562
1778893834,R_75,30068.0244
1778893836,R_75,30060.1657
1778893838,R_75,30059.4233
1778893840,R_75,30065.1655
1778893842,R_75,30064.8125
1778893844,R_75,30058.5023
1778893846,R_75,30063.6672
1778893848,R_75,30059.2882
1778893850,R_75,30057.4966
1778893852,R_75,30048.2634
1778893854,R_75,30050.9195
1778893856,R_75,30039.9866
1778893858,R_75,30032.8928
1778893860,R_75,30024.212
1778893862,R_75,30028.0272
1778893864,R_75,30033.6843
1778893866,R_75,30031.5737
1778893868,R_75,30032.596
1778893870,R_75,30028.2816
1778893872,R_75,30034.6741
1778893874,R_75,30029.0635
1778893876,R_75,30036.3099
1778893878,R_75,30029.4608
1778893880,R_75,30026.2099
1778893882,R_75,30019.7216
1778893884,R_75,30012.0042
1778893886,R_75,30006.6654
1778893888,R_75,30009.2442
1778893890,R_75,30001.4865
1778893892,R_75,30001.9446
1778893894,R_75,29997.3327
1778893896,R_75,29995.4407
1778893898,R_75,30004.155
1778893900,R_75,30008.2492
1778893902,R_75,30003.4376
1778893904,R_75,30006.6705
1778893906,R_75,30009.383
1778893908,R_75,30017.4144
1778893910,R_75,30019.9816
1778893912,R_75,30012.3921
1778893914,R_75,30013.1772
1778893916,R_75,30011.4483
1778893918,R_75,30021.7948
1778893920,R_75,30031.4514
1778893922,R_75,30027.0435
1778893924,R_75,30037.3081
1778893926,R_75,30033.5529
1778893928,R_75,30024.7004
1778893930,R_75,30022.7808
1778893932,R_75,30014.155
1778893934,R_75,30010.0336
1778893936,R_75,30003.864
1778893938,R_75,30009.8416
1778893940,R_75,30016.1116
1778893942,R_75,30020.7722
1778893944,R_75,30019.3226
1778893946,R_75,30029.3393
1778893948,R_75,30033.8792
1778893950,R_75,30034.5115
1778893952,R_75,30038.6907
1778893954,R_75,30052.3395
1778893956,R_75,30051.7261
1778893958,R_75,30040.2604
1778893960,R_75,30042.9542
1778893962,R_75,30045.5787
1778893964,R_75,30037.9839
1778893966,R_75,30048.9607
1778893968,R_75,30050.7376
1778893970,R_75,30050.199
1778893972,R_75,30061.2482
1778893974,R_75,30069.8384
1778893976,R_75,30079.0505
1778893978,R_75,30075.6657
1778893980,R_75,30065.9303
1778893982,R_75,30067.172
1778893984,R_75,30074.2481
1778893986,R_75,30074.3033
1778893988,R_75,30066.8553
1778893990,R_75,30061.089
1778893992,R_75,30069.2747
1778893994,R_75,30066.7423
1778893996,R_75,30079.4211
1778893998,R_75,30082.6013
1778894000,R_75,30081.4939
1778894002,R_75,30075.0963
1778894004,R_75,30082.9171
1778894006,R_75,30093.176
1778894008,R_75,30090.2551
1778894010,R_75,30088.9019
1778894012,R_75,30089.5799
1778894014,R_75,30078.2125
1778894016,R_75,30074.7696
1778894018,R_75,30074.9051
1778894020,R_75,30071.025
1778894022,R_75,30068.3812
1778894024,R_75,30079.2786
1778894026,R_75,30073.5548
1778894028,R_75,30072.231
1778894030,R_75,30073.5141
1778894032,R_75,30071.6387
1778894034,R_75,30061.653
1778894036,R_75,30062.919
1778894038,R_75,30074.1389
1778894040,R_75,30078.3101
1778894042,R_75,30075.1053
1778894044,R_75,30081.4899
1778894046,R_75,30086.7448
1778894048,R_75,30076.4527
1778894050,R_75,30072.9712
1778894052,R_75,30066.9645
1778894054,R_75,30065.6758
1778894056,R_75,30065.5601
1778894058,R_75,30061.6842
1778894060,R_75,30067.2208
1778894062,R_75,30061.3187
1778894064,R_75,30065.0502
1778894066,R_75,30072.1138
1778894068,R_75,30069.3295
1778894070,R_75,30073.6748
1778894072,R_75,30074.6624
1778894074,R_75,30073.1245
1778894076,R_75,30068.6503
1778894078,R_75,30071.4379
1778894080,R_75,30066.9281
1778894082,R_75,30057.345
1778894084,R_75,30055.526
1778894086,R_75,30060.1308
1778894088,R_75,30063.0814
1778894090,R_75,30064.8591
1778894092,R_75,30067.6638
1778894094,R_75,30068.5964
1778894096,R_75,30072.2505
1778894098,R_75,30072.7536
1778894100,R_75,30067.9221
1778894102,R_75,30061.3533
1778894104,R_75,30061.6603
1778894106,R_75,30060.746
1778894108,R_75,30060.9543
1778894110,R_75,30062.7215
1778894112,R_75,30065.8963
1778894114,R_75,30071.2674
1778894116,R_75,30066.7731
1778894118,R_75,30063.4709
1778894120,R_75,30065.588
1778894122,R_75,30062.9207
1778894124,R_75,30068.2622
1778894126,R_75,30069.8287
1778894128,R_75,30072.2973
1778894130,R_75,30073.2617
1778894132,R_75,30073.2689
1778894134,R_75,30074.8286
1778894136,R_75,30079.9455
1778894138,R_75,30083.8964
1778894140,R_75,30091.6144
1778894142,R_75,30093.7006
1778894144,R_75,30089.7197
1778894146,R_75,30096.654
1778894148,R_75,30099.6218
1778894150,R_75,30092.7529
1778894152,R_75,30091.3573
1778894154,R_75,30098.1146
1778894156,R_75,30104.5947
1778894158,R_75,30105.4844
1778894160,R_75,30116.4665
1778894162,R_75,30115.5006
1778894164,R_75,30110.7209
1778894166,R_75,30102.8853
1778894168,R_75,30100.1539
1778894170,R_75,30098.8083
1778894172,R_75,30100.4354
1778894174,R_75,30104.5069
1778894176,R_75,30103.2358
1778894178,R_75,30096.1482
1778894180,R_75,30086.103
1778894182,R_75,30094.627
1778894184,R_75,30096.2571
1778894186,R_75,30103.6639
1778894188,R_75,30098.3415
1778894190,R_75,30102.4863
1778894192,R_75,30106.8556
1778894194,R_75,30100.8253
1778894196,R_75,30104.0067
1778894198,R_75,30108.3865
1778894200,R_75,30101.397
1778894202,R_75,30107.4105
1778894204,R_75,30109.126
1778894206,R_75,30110.7857
1778894208,R_75,30104.4209
1778894210,R_75,30107.0363
1778894212,R_75,30103.3784
1778894214,R_75,30102.4073
1778894216,R_75,30104.4021
1778894218,R_75,30106.971
1778894220,R_75,30113.3385
1778894222,R_75,30114.3518
1778894224,R_75,30114.3048
1778894226,R_75,30121.3746
1778894228,R_75,30108.9364
1778894230,R_75,30111.703
1778894232,R_75,30113.4018
1778894234,R_75,30109.8052
1778894236,R_75,30114.1528
1778894238,R_75,30105.0792
1778894240,R_75,30115.3863
1778894242,R_75,30111.4913
1778894244,R_75,30108.3604
1778894246,R_75,30111.7928
1778894248,R_75,30109.5461
1778894250,R_75,30114.7216
1778894252,R_75,30108.776
1778894254,R_75,30109.5967
1778894256,R_75,30107.4344
1778894258,R_75,30102.8798
1778894260,R_75,30101.7971
1778894262,R_75,30102.0376
1778894264,R_75,30099.993
1778894266,R_75,30095.3157
1778894268,R_75,30089.2794
1778894270,R_75,30090.636
1778894272,R_75,30093.5515
1778894274,R_75,30094.1806
1778894276,R_75,30093.9171
1778894278,R_75,30086.9321
1778894280,R_75,30087.1705
1778894282,R_75,30073.9934
1778894284,R_75,30075.0541
1778894286,R_75,30071.8855
1778894288,R_75,30072.6117
1778894290,R_75,30072.1046
1778894292,R_75,30073.2195
1778894294,R_75,30083.6962
1778894296,R_75,30078.9775
1778894298,R_75,30074.6102
1778894300,R_75,30088.8494
1778894302,R_75,30081.229
1778894304,R_75,30080.8397
1778894306,R_75,30084.1034
1778894308,R_75,30079.2897
1778894310,R_75,30077.2361
1778894312,R_75,30078.7729
1778894314,R_75,30078.1778
1778894316,R_75,30076.7844
1778894318,R_75,30068.4172
1778894320,R_75,30067.6917
1778894322,R_75,30066.0903
1778894324,R_75,30075.9586
1778894326,R_75,30069.3509
1778894328,R_75,30071.6607
1778894330,R_75,30067.2054
1778894332,R_75,30068.4899
1778894334,R_75,30069.9972
1778894336,R_75,30068.2089
1778894338,R_75,30065.2282
1778894340,R_75,30069.527
1778894342,R_75,30063.9397
1778894344,R_75,30062.2384
1778894346,R_75,30060.6107
1778894348,R_75,30057.9495
1778894350,R_75,30053.2705
1778894352,R_75,30056.9029
1778894354,R_75,30063.5496
1778894356,R_75,30056.2666
1778894358,R_75,30047.1877
1778894360,R_75,30058.1262
1778894362,R_75,30057.4853
1778894364,R_75,30055.0691
1778894366,R_75,30053.6611
1778894368,R_75,30063.217
1778894370,R_75,30066.0511
1778894372,R_75,30053.7058
1778894374,R_75,30063.385
1778894376,R_75,30065.4018
1778894378,R_75,30073.2153
1778894380,R_75,30074.4636
1778894382,R_75,30068.9367
1778894384,R_75,30071.6314
1778894386,R_75,30072.0391
1778894388,R_75,30070.4709
1778894390,R_75,30064.0253
1778894392,R_75,30067.2611
1778894394,R_75,30076.3559
1778894396,R_75,30066.8762
1778894398,R_75,30057.1732
1778894400,R_75,30070.6719
1778894402,R_75,30066.4406
1778894404,R_75,30059.3514
1778894406,R_75,30053.3334
1778894408,R_75,30041.1743
1778894410,R_75,30039.3541
1778894412,R_75,30038.0302
1778894414,R_75,30031.2915
1778894416,R_75,30027.4654
1778894418,R_75,30032.1951
1778894420,R_75,30024.185
1778894422,R_75,30031.4512
1778894424,R_75,30023.0438
1778894426,R_75,30033.4867
1778894428,R_75,30029.0464
1778894430,R_75,30027.4629
1778894432,R_75,30032.8011
1778894434,R_75,30029.1122
1778894436,R_75,30028.4453
1778894438,R_75,30026.8531
1778894440,R_75,30023.7806
1778894442,R_75,30022.9663
1778894444,R_75,30018.0551
1778894446,R_75,30025.8765
1778894448,R_75,30023.4435
1778894450,R_75,30018.5681
1778894452,R_75,30017.0209
1778894454,R_75,30015.3511
1778894456,R_75,30018.5304
1778894458,R_75,30021.8185
1778894460,R_75,30037.6507
1778894462,R_75,30040.1068
1778894464,R_75,30052.2025
1778894466,R_75,30053.6067
1778894468,R_75,30049.1509
1778894470,R_75,30057.363
1778894472,R_75,30057.3011
1778894474,R_75,30048.5999
1778894476,R_75,30059.4301
1778894478,R_75,30052.8561
1778894480,R_75,30047.5736
1778894482,R_75,30045.8044
1778894484,R_75,30054.2538
1778894486,R_75,30057.8444
1778894488,R_75,30049.1891
1778894490,R_75,30054.1261
1778894492,R_75,30044.7099
1778894494,R_75,30045.5778
1778894496,R_75,30043.0487
1778894498,R_75,30035.2675
1778894500,R_75,30032.2264
1778894502,R_75,30029.1662
1778894504,R_75,30024.7953
1778894506,R_75,30024.9761
1778894508,R_75,30031.1825
1778894510,R_75,30026.0591
1778894512,R_75,30023.8198
1778894514,R_75,30021.468
1778894516,R_75,30021.7697
1778894518,R_75,30026.427
1778894520,R_75,30020.334
1778894522,R_75,30027.2212
1778894524,R_75,30022.8047
1778894526,R_75,30028.2201
1778894528,R_75,30033.4653
1778894530,R_75,30031.8008
1778894532,R_75,30026.7224
1778894534,R_75,30029.4329
1778894536,R_75,30034.7807
1778894538,R_75,30033.6097
1778894540,R_75,30031.1194
1778894542,R_75,30033.9073
1778894544,R_75,30045.3665
1778894546,R_75,30050.07
1778894548,R_75,30051.6309
1778894550,R_75,30056.5724
1778894552,R_75,30053.4747
1778894554,R_75,30052.9299
1778894556,R_75,30050.9167
1778894558,R_75,30049.1443
1778894560,R_75,30036.8754
1778894562,R_75,30037.2115
1778894564,R_75,30041.6325
1778894566,R_75,30045.5654
1778894568,R_75,30047.7165
1778894570,R_75,30044.247
1778894572,R_75,30034.8753
1778894574,R_75,30033.8018
1778894576,R_75,30044.9451
1778894578,R_75,30031.3193
1778894580,R_75,30031.2885
1778894582,R_75,30030.5224
1778894584,R_75,30033.825
1778894586,R_75,30034.3287
1778894588,R_75,30038.6913
1778894590,R_75,30036.0229
1778894592,R_75,30044.0148
1778894594,R_75,30039.6147
1778894596,R_75,30037.0055
1778894598,R_75,30027.4142
1778894600,R_75,30031.2468
1778894602,R_75,30033.8257
1778894604,R_75,30036.3855
1778894606,R_75,30036.2818
1778894608,R_75,30039.2103
1778894610,R_75,30048.8044
1778894612,R_75,30036.4509
1778894614,R_75,30036.2384
1778894616,R_75,30034.8022
1778894618,R_75,30031.7278
1778894620,R_75,30026.6592
1778894622,R_75,30022.4316
1778894624,R_75,30012.8058
1778894626,R_75,30007.8118
1778894628,R_75,30002.4619
1778894630,R_75,30011.0304
1778894632,R_75,30011.3242
1778894634,R_75,30025.3459
1778894636,R_75,30031.2836
1778894638,R_75,30028.733
1778894640,R_75,30035.5998
1778894642,R_75,30036.0154
1778894644,R_75,30046.5337
1778894646,R_75,30047.4222
1778894648,R_75,30045.648
1778894650,R_75,30050.7752
1778894652,R_75,30055.9697
1778894654,R_75,30050.3587
1778894656,R_75,30046.6472
1778894658,R_75,30047.8545
1778894660,R_75,30051.9736
1778894662,R_75,30055.8223
1778894664,R_75,30053.8588
1778894666,R_75,30055.2765
1778894668,R_75,30062.9095
1778894670,R_75,30050.5078
1778894672,R_75,30054.4346
1778894674,R_75,30056.8329
1778894676,R_75,30058.432
1778894678,R_75,30051.1819
1778894680,R_75,30055.3914
1778894682,R_75,30050.2445
1778894684,R_75,30044.6167
1778894686,R_75,30043.1095
1778894688,R_75,30037.2479
1778894690,R_75,30036.5712
1778894692,R_75,30027.2731
1778894694,R_75,30033.3408
1778894696,R_75,30035.7566
1778894698,R_75,30037.7493
1778894700,R_75,30038.6631
1778894702,R_75,30040.7599
1778894704,R_75,30050.0091
1778894706,R_75,30050.4202
1778894708,R_75,30043.5962
1778894710,R_75,30044.6452
1778894712,R_75,30047.3923
1778894714,R_75,30039.2647
1778894716,R_75,30041.0504
1778894718,R_75,30044.0502
1778894720,R_75,30032.7213
1778894722,R_75,30032.7244
1778894724,R_75,30035.0401
1778894726,R_75,30036.584
1778894728,R_75,30035.6978
1778894730,R_75,30030.8427
1778894732,R_75,30026.6782
1778894734,R_75,30041.4042
1778894736,R_75,30041.3412
1778894738,R_75,30038.8871
1778894740,R_75,30034.8573
1778894742,R_75,30031.0764
1778894744,R_75,30035.1775
1778894746,R_75,30030.7881
1778894748,R_75,30031.0593
1778894750,R_75,30029.074
1778894752,R_75,30027.3343
1778894754,R_75,30027.4184
1778894756,R_75,30015.6564
1778894758,R_75,30017.9371
1778894760,R_75,30020.9537
1778894762,R_75,30019.3376
1778894764,R_75,30017.5707
1778894766,R_75,30018.8082
1778894768,R_75,30023.5697
1778894770,R_75,30026.7127
1778894772,R_75,30024.6324
1778894774,R_75,30022.2632
1778894776,R_75,30028.4938
1778894778,R_75,30045.7223
1778894780,R_75,30042.0145
1778894782,R_75,30050.171
1778894784,R_75,30050.4148
1778894786,R_75,30046.1705
1778894788,R_75,30047.8508
1778894790,R_75,30049.1377
1778894792,R_75,30046.0659
1778894794,R_75,30044.0341
1778894796,R_75,30048.692
1778894798,R_75,30053.0148
1778894800,R_75,30050.7328
1778894802,R_75,30047.2206
1778894804,R_75,30049.0938
1778894806,R_75,30045.849
1778894808,R_75,30047.5438
1778894810,R_75,30044.023
1778894812,R_75,30045.242
1778894814,R_75,30050.1687
1778894816,R_75,30049.8434
1778894818,R_75,30058.0358
1778894820,R_75,30054.8526
1778894822,R_75,30059.9079
1778894824,R_75,30058.6622
1778894826,R_75,30060.4189
1778894828,R_75,30055.9971
1778894830,R_75,30045.7393
1778894832,R_75,30055.83
1778894834,R_75,30061.2218
1778894836,R_75,30060.6487
1778894838,R_75,30055.668
1778894840,R_75,30058.3009
1778894842,R_75,30065.1827
1778894844,R_75,30058.0839
1778894846,R_75,30060.3828
1778894848,R_75,30066.8749
1778894850,R_75,30069.3992
1778894852,R_75,30061.6691
1778894854,R_75,30056.4386
1778894856,R_75,30055.6779
1778894858,R_75,30057.6044
1778894860,R_75,30054.0221
1778894862,R_75,30043.5896
1778894864,R_75,30046.6788
1778894866,R_75,30047.3987
1778894868,R_75,30049.7487
1778894870,R_75,30037.5407
1778894872,R_75,30044.4682
1778894874,R_75,30040.1802
1778894876,R_75,30029.8759
1778894878,R_75,30036.8003
1778894880,R_75,30036.3261
1778894882,R_75,30037.7495
1778894884,R_75,30042.5913
1778894886,R_75,30037.5347
1778894888,R_75,30041.8209
1778894890,R_75,30043.0179
1778894892,R_75,30042.9033
1778894894,R_75,30048.9415
1778894896,R_75,30046.6188
1778894898,R_75,30048.6616
1778894900,R_75,30057.0928
1778894902,R_75,30058.8975
1778894904,R_75,30061.8476
1778894906,R_75,30063.5872
1778894908,R_75,30065.632
1778894910,R_75,30071.4976
1778894912,R_75,30074.8813
1778894914,R_75,30078.8205
1778894916,R_75,30073.729
1778894918,R_75,30074.6052
1778894920,R_75,30076.2376
1778894922,R_75,30066.818
1778894924,R_75,30062.8864
1778894926,R_75,30055.5742
1778894928,R_75,30048.321
1778894930,R_75,30047.9061
1778894932,R_75,30044.8297
1778894934,R_75,30049.4891
1778894936,R_75,30059.7621
1778894938,R_75,30065.5322
1778894940,R_75,30056.4379
1778894942,R_75,30054.3836
1778894944,R_75,30049.5163
1778894946,R_75,30048.9835
1778894948,R_75,30044.0665
1778894950,R_75,30046.634
1778894952,R_75,30042.5816
1778894954,R_75,30032.4418
1778894956,R_75,30030.7071
1778894958,R_75,30025.8062
1778894960,R_75,30037.8853
1778894962,R_75,30042.0566
1778894964,R_75,30043.527
1778894966,R_75,30039.2016
1778894968,R_75,30039.5523
1778894970,R_75,30039.1712
1778894972,R_75,30045.3606
1778894974,R_75,30033.4313
1778894976,R_75,30029.417
1778894978,R_75,30022.0954
1778894980,R_75,30018.5181
1778894982,R_75,30011.6218
1778894984,R_75,30008.9391
1778894986,R_75,30000.7455
1778894988,R_75,29992.1788
1778894990,R_75,29985.0991
1778894992,R_75,29988.84
1778894994,R_75,29988.2122
1778894996,R_75,29988.8144
1778894998,R_75,29993.2023
1778895000,R_75,29985.8254
1778895002,R_75,29981.6456
1778895004,R_75,29979.4384
1778895006,R_75,29973.379
1778895008,R_75,29965.8308
1778895010,R_75,29960.8236
1778895012,R_75,29958.0601
1778895014,R_75,29961.5407
1778895016,R_75,29953.0373
1778895018,R_75,29949.4646
1778895020,R_75,29942.6382
1778895022,R_75,29949.1941
1778895024,R_75,29941.5304
1778895026,R_75,29932.1867
1778895028,R_75,29930.097
1778895030,R_75,29938.2811
1778895032,R_75,29930.9542
1778895034,R_75,29934.8794
1778895036,R_75,29940.2106
1778895038,R_75,29928.3593
1778895040,R_75,29921.7026
1778895042,R_75,29937.0835
1778895044,R_75,29941.179
1778895046,R_75,29942.5184
1778895048,R_75,29932.6711
1778895050,R_75,29930.4015
1778895052,R_75,29929.8439
1778895054,R_75,29928.4924
1778895056,R_75,29920.3051
1778895058,R_75,29914.8161
1778895060,R_75,29911.978
1778895062,R_75,29918.3838
1778895064,R_75,29915.594
1778895066,R_75,29915.5112
1778895068,R_75,29911.8158
1778895070,R_75,29918.9008
1778895072,R_75,29931.4735
1778895074,R_75,29933.4317
1778895076,R_75,29936.8388
1778895078,R_75,29928.8988
1778895080,R_75,29925.5124
1778895082,R_75,29918.9791
1778895084,R_75,29932.5061
1778895086,R_75,29932.2547
1778895088,R_75,29933.9142
1778895090,R_75,29930.4178
1778895092,R_75,29924.8301
1778895094,R_75,29924.2924
1778895096,R_75,29920.7998
1778895098,R_75,29930.7846
1778895100,R_75,29934.8556
1778895102,R_75,29944.0563
1778895104,R_75,29951.3347
1778895106,R_75,29948.2568
1778895108,R_75,29944.6761
1778895110,R_75,29942.2775
1778895112,R_75,29942.687
1778895114,R_75,29941.2909
1778895116,R_75,29943.0047
1778895118,R_75,29936.5022
1778895120,R_75,29926.1896
1778895122,R_75,29922.8018
1778895124,R_75,29929.2526
1778895126,R_75,29935.2379
1778895128,R_75,29949.9638
1778895130,R_75,29952.739
1778895132,R_75,29964.1734
1778895134,R_75,29962.2225
1778895136,R_75,29969.348
1778895138,R_75,29965.4362
1778895140,R_75,29958.5137
1778895142,R_75,29956.7747
1778895144,R_75,29962.363
1778895146,R_75,29968.4301
1778895148,R_75,29970.5609
1778895150,R_75,29975.9866
1778895152,R_75,29978.8115
1778895154,R_75,29980.9702
1778895156,R_75,29972.6014
1778895158,R_75,29969.4547
1778895160,R_75,29977.5805
1778895162,R_75,29982.2494
1778895164,R_75,29981.0537
1778895166,R_75,29980.4195
1778895168,R_75,29980.505
1778895170,R_75,29990.518
1778895172,R_75,29987.0583
1778895174,R_75,29984.5921
1778895176,R_75,29974.606
1778895178,R_75,29970.264
1778895180,R_75,29968.6115
1778895182,R_75,29966.3394
1778895184,R_75,29966.8583
1778895186,R_75,29969.2133
1778895188,R_75,29977.0947
1778895190,R_75,29970.8763
1778895192,R_75,29976.273
1778895194,R_75,29977.8995
1778895196,R_75,29978.8378
1778895198,R_75,29982.9719
1778895200,R_75,29986.737
1778895202,R_75,29986.0107
1778895204,R_75,29977.8317
1778895206,R_75,29984.79
1778895208,R_75,29983.7999
1778895210,R_75,29988.1209
1778895212,R_75,29981.1804
1778895214,R_75,29973.2837
1778895216,R_75,29970.4642
1778895218,R_75,29970.3368
1778895220,R_75,29976.3799
1778895222,R_75,29979.8824
1778895224,R_75,29974.5643
1778895226,R_75,29988.3016
1778895228,R_75,29993.8148
1778895230,R_75,29992.1928
1778895232,R_75,29988.0692
1778895234,R_75,29981.2909
1778895236,R_75,29979.9105
1778895238,R_75,29972.5901
1778895240,R_75,29974.9023
1778895242,R_75,29967.9349
1778895244,R_75,29971.4345
1778895246,R_75,29966.9192
1778895248,R_75,29974.611
1778895250,R_75,29980.8279
1778895252,R_75,29982.0391
1778895254,R_75,29979.8047
1778895256,R_75,29984.9504
1778895258,R_75,29991.3281
1778895260,R_75,29988.5367
1778895262,R_75,29992.4064
1778895264,R_75,29993.4601
1778895266,R_75,29996.3767
1778895268,R_75,30000.8044
1778895270,R_75,30002.8534
1778895272,R_75,30000.1389
1778895274,R_75,30002.573
1778895276,R_75,30010.3766
1778895278,R_75,30012.6447
1778895280,R_75,30023.1121
1778895282,R_75,30020.4639
1778895284,R_75,30015.9595
1778895286,R_75,30015.009
1778895288,R_75,30008.4348
1778895290,R_75,30000.9799
1778895292,R_75,30004.4717
1778895294,R_75,30001.1457
1778895296,R_75,30002.7942
1778895298,R_75,29999.2753
1778895300,R_75,30010.9225
1778895302,R_75,30017.7169
1778895304,R_75,30009.6449
1778895306,R_75,30007.9262
1778895308,R_75,30007.7678
1778895310,R_75,30016.1199
1778895312,R_75,30021.6238
1778895314,R_75,30028.1105
1778895316,R_75,30024.2755
1778895318,R_75,30026.568
1778895320,R_75,30029.8225
1778895322,R_75,30032.5867
1778895324,R_75,30038.5759
1778895326,R_75,30043.7793
1778895328,R_75,30040.5079
1778895330,R_75,30031.7705
1778895332,R_75,30037.6877
1778895334,R_75,30039.8934
1778895336,R_75,30032.968
1778895338,R_75,30027.3038
1778895340,R_75,30026.9485
1778895342,R_75,30024.7553
1778895344,R_75,30026.989
1778895346,R_75,30019.5419
1778895348,R_75,30008.5421
1778895350,R_75,30007.5636
1778895352,R_75,30015.1468
1778895354,R_75,30009.4663
1778895356,R_75,30009.5553
1778895358,R_75,30005.0418
1778895360,R_75,30005.328
1778895362,R_75,30012.2163
1778895364,R_75,30015.1914
1778895366,R_75,30015.6557
1778895368,R_75,30014.1961
1778895370,R_75,30005.6081
1778895372,R_75,30006.1693
1778895374,R_75,30003.4315
1778895376,R_75,30008.963
1778895378,R_75,30011.7513
1778895380,R_75,30009.581
1778895382,R_75,30002.901
1778895384,R_75,30004.3748
1778895386,R_75,30007.2764
1778895388,R_75,30004.6121
1778895390,R_75,30005.6508
1778895392,R_75,30011.6038
1778895394,R_75,30009.7336
1778895396,R_75,30005.4015
1778895398,R_75,30000.3335
1778895400,R_75,30003.8698
1778895402,R_75,29995.0754
1778895404,R_75,29998.1573
1778895406,R_75,29997.1312
1778895408,R_75,29998.8911
1778895410,R_75,29993.4284
1778895412,R_75,29993.7122
1778895414,R_75,29994.1622
1778895416,R_75,29992.9621
1778895418,R_75,29988.5246
1778895420,R_75,29978.0008
1778895422,R_75,29970.484
1778895424,R_75,29970.9227
1778895426,R_75,29974.8518
1778895428,R_75,29980.2792
1778895430,R_75,29982.8953
1778895432,R_75,29973.1691
1778895434,R_75,29965.0503
1778895436,R_75,29967.2392
1778895438,R_75,29971.6046
1778895440,R_75,29982.8712
1778895442,R_75,29979.6724
1778895444,R_75,29980.4408
1778895446,R_75,29977.8237
1778895448,R_75,29972.6415
1778895450,R_75,29975.1026
1778895452,R_75,29980.4865
1778895454,R_75,29967.2854
1778895456,R_75,29966.491
1778895458,R_75,29967.0712
1778895460,R_75,29972.2547
1778895462,R_75,29971.5795
1778895464,R_75,29974.8953
1778895466,R_75,29986.2813
1778895468,R_75,29974.9224
1778895470,R_75,29967.1077
1778895472,R_75,29970.4311
1778895474,R_75,29975.3169
1778895476,R_75,29975.9794
1778895478,R_75,29981.3397
1778895480,R_75,29971.7039
1778895482,R_75,29974.5072
1778895484,R_75,29973.6276
1778895486,R_75,29992.4178
1778895488,R_75,29992.8619
1778895490,R_75,30002.0525
1778895492,R_75,30002.3767
1778895494,R_75,30001.9485
1778895496,R_75,29997.3672
1778895498,R_75,30008.5382
1778895500,R_75,30008.5122
1778895502,R_75,30006.7915
1778895504,R_75,30013.2443
1778895506,R_75,30012.974
1778895508,R_75,30015.2584
1778895510,R_75,30019.8691
1778895512,R_75,30010.0923
1778895514,R_75,30010.979
1778895516,R_75,30008.5791
1778895518,R_75,30016.9545
1778895520,R_75,30021.4939
1778895522,R_75,30020.1866
1778895524,R_75,30029.9928
1778895526,R_75,30026.3465
1778895528,R_75,30030.0813
1778895530,R_75,30032.4652
1778895532,R_75,30042.4952
1778895534,R_75,30040.447
1778895536,R_75,30031.2449
1778895538,R_75,30026.1875
1778895540,R_75,30021.9496
1778895542,R_75,30031.1456
1778895544,R_75,30029.5999
1778895546,R_75,30031.3671
1778895548,R_75,30032.6858
1778895550,R_75,30024.6385
1778895552,R_75,30021.3838
1778895554,R_75,30016.576
1778895556,R_75,30017.4759
1778895558,R_75,30012.8808
1778895560,R_75,30018.26
1778895562,R_75,30019.1602
1778895564,R_75,30025.3405
1778895566,R_75,30027.5519
1778895568,R_75,30028.5907
1778895570,R_75,30022.0879
1778895572,R_75,30013.7836
1778895574,R_75,30013.1261
1778895576,R_75,30013.3458
1778895578,R_75,30017.961
1778895580,R_75,30003.0402
1778895582,R_75,30005.2082
1778895584,R_75,30007.4493
1778895586,R_75,29997.5093
1778895588,R_75,29986.115
1778895590,R_75,29985.0643
1778895592,R_75,29986.2415
1778895594,R_75,29989.8229
1778895596,R_75,29985.3284
1778895598,R_75,29974.0331
1778895600,R_75,29967.0387
1778895602,R_75,29973.329
1778895604,R_75,29977.7202
1778895606,R_75,29982.4132
1778895608,R_75,29976.5549
1778895610,R_75,29976.4539
1778895612,R_75,29977.6612
1778895614,R_75,29978.1713
1778895616,R_75,29970.47
1778895618,R_75,29979.301
1778895620,R_75,29990.8888
1778895622,R_75,29993.1705
1778895624,R_75,30001.321
1778895626,R_75,30002.5338
1778895628,R_75,29998.5901
1778895630,R_75,29999.7631
1778895632,R_75,30008.4743
1778895634,R_75,30012.2389
1778895636,R_75,30019.4171
1778895638,R_75,30033.7127
1778895640,R_75,30017.3707
1778895642,R_75,30005.2195
1778895644,R_75,30001.9968
1778895646,R_75,30011.1694
1778895648,R_75,30013.9876
1778895650,R_75,30009.0974
1778895652,R_75,30002.9686
1778895654,R_75,30004.9237
1778895656,R_75,29994.9847
1778895658,R_75,29993.4253
1778895660,R_75,29990.8024
1778895662,R_75,29991.3438
1778895664,R_75,29989.069
1778895666,R_75,29981.666
1778895668,R_75,29976.914
1778895670,R_75,29973.1508
1778895672,R_75,29966.8151
1778895674,R_75,29964.2074
1778895676,R_75,29966.3528
1778895678,R_75,29978.8647
1778895680,R_75,29973.7934
1778895682,R_75,29970.5678
1778895684,R_75,29965.2
1778895686,R_75,29965.4575
1778895688,R_75,29962.3561
1778895690,R_75,29960.4869
1778895692,R_75,29958.3445
1778895694,R_75,29966.6718
1778895696,R_75,29977.1055
1778895698,R_75,29978.2299
1778895700,R_75,29972.6938
1778895702,R_75,29978.6142
1778895704,R_75,29983.7768
1778895706,R_75,29983.0999
1778895708,R_75,29969.0785
1778895710,R_75,29969.3752
1778895712,R_75,29967.0618
1778895714,R_75,29966.421
1778895716,R_75,29967.0319
1778895718,R_75,29977.2634
1778895720,R_75,29978.1933
1778895722,R_75,29977.411
1778895724,R_75,29971.2442
1778895726,R_75,29963.8753
1778895728,R_75,29963.6653
1778895730,R_75,29958.3248
1778895732,R_75,29961.8155
1778895734,R_75,29964.9736
1778895736,R_75,29962.5851
1778895738,R_75,29963.2748
1778895740,R_75,29971.6837
1778895742,R_75,29970.3435
1778895744,R_75,29968.9523
1778895746,R_75,29968.3468
1778895748,R_75,29980.4598
1778895750,R_75,29986.9388
1778895752,R_75,29988.9138
1778895754,R_75,29988.3301
1778895756,R_75,29991.4857
1778895758,R_75,29989.8041
1778895760,R_75,29980.4922
1778895762,R_75,29982.2455
1778895764,R_75,29984.4859
1778895766,R_75,29985.838
1778895768,R_75,29985.7012
1778895770,R_75,29978.619
1778895772,R_75,29978.5112
1778895774,R_75,29974.8261
1778895776,R_75,29974.2551
1778895778,R_75,29969.1397
1778895780,R_75,29974.9254
1778895782,R_75,29969.8366
1778895784,R_75,29968.8637
1778895786,R_75,29957.2092
1778895788,R_75,29955.813
1778895790,R_75,29953.3743
1778895792,R_75,29950.1085
1778895794,R_75,29946.7026
1778895796,R_75,29950.9175
1778895798,R_75,29958.7616
1778895800,R_75,29952.4119
1778895802,R_75,29969.92
1778895804,R_75,29969.8623
1778895806,R_75,29968.427
1778895808,R_75,29975.6033
1778895810,R_75,29982.8013
1778895812,R_75,29984.1327
1778895814,R_75,29983.8712
1778895816,R_75,29985.2095
1778895818,R_75,29980.7939
1778895820,R_75,29979.2798
1778895822,R_75,29981.1027
1778895824,R_75,29978.3766
1778895826,R_75,29978.9201
1778895828,R_75,29987.2717
1778895830,R_75,29985.8694
1778895832,R_75,29988.2048
1778895834,R_75,29979.4149
1778895836,R_75,29980.2723
1778895838,R_75,29978.0988
1778895840,R_75,29978.4269
1778895842,R_75,29978.945
1778895844,R_75,29981.5825
1778895846,R_75,29983.9588
1778895848,R_75,29988.4547
1778895850,R_75,29995.7037
1778895852,R_75,29988.3148
1778895854,R_75,29993.7904
1778895856,R_75,30000.742
1778895858,R_75,30002.2262
1778895860,R_75,29996.8758
1778895862,R_75,29992.7964
1778895864,R_75,29995.0409
1778895866,R_75,29993.8719
1778895868,R_75,29989.1478
1778895870,R_75,29984.4957
1778895872,R_75,29992.7582
1778895874,R_75,30001.2495
1778895876,R_75,30009.0378
1778895878,R_75,30007.4547
1778895880,R_75,30010.2682
1778895882,R_75,30015.6129
1778895884,R_75,30008.1449
1778895886,R_75,30016.4556
1778895888,R_75,30012.4566
1778895890,R_75,30017.13
1778895892,R_75,30004.3078
1778895894,R_75,30004.6416
1778895896,R_75,29994.5914
1778895898,R_75,30002.1306
1778895900,R_75,30008.4797
1778895902,R_75,30003.95
1778895904,R_75,30000.9599
1778895906,R_75,29998.9062
1778895908,R_75,30004.8944
1778895910,R_75,30010.6849
1778895912,R_75,30008.7623
1778895914,R_75,30001.2256
1778895916,R_75,30001.2345
1778895918,R_75,29998.2839
1778895920,R_75,29994.7919
1778895922,R_75,29999.5914
1778895924,R_75,30003.2405
1778895926,R_75,30010.3883
1778895928,R_75,30014.4211
1778895930,R_75,30014.6893
1778895932,R_75,30015.8771
1778895934,R_75,30023.1957
1778895936,R_75,30027.9385
1778895938,R_75,30028.6834
1778895940,R_75,30026.5536
1778895942,R_75,30029.9443
1778895944,R_75,30028.6111
1778895946,R_75,30024.7842
1778895948,R_75,30018.0034
1778895950,R_75,30013.8752
1778895952,R_75,30013.7283
1778895954,R_75,30016.4252
1778895956,R_75,30021.9899
1778895958,R_75,30031.1485
1778895960,R_75,30027.4859
1778895962,R_75,30024.7597
1778895964,R_75,30024.0891
1778895966,R_75,30023.5801
1778895968,R_75,30025.9699
1778895970,R_75,30018.7631
1778895972,R_75,30018.544
1778895974,R_75,30028.8691
1778895976,R_75,30034.3247
1778895978,R_75,30028.9741
1778895980,R_75,30036.1516
1778895982,R_75,30038.5119
1778895984,R_75,30035.5668
1778895986,R_75,30028.1186
1778895988,R_75,30034.7383
1778895990,R_75,30031.9014
1778895992,R_75,30034.7374
1778895994,R_75,30024.2107
1778895996,R_75,30025.1702
1778895998,R_75,30025.0017
1778896000,R_75,30019.8491
1778896002,R_75,30024.5095
1778896004,R_75,30027.07
1778896006,R_75,30018.0529
1778896008,R_75,30007.5689
1778896010,R_75,30003.0167
1778896012,R_75,29996.78
1778896014,R_75,30008.4887
1778896016,R_75,30000.7974
1778896018,R_75,30006.0153
1778896020,R_75,30013.4349
1778896022,R_75,30015.1005
1778896024,R_75,30018.4187
1778896026,R_75,30024.9578
1778896028,R_75,30030.5615
1778896030,R_75,30035.6559
1778896032,R_75,30037.7528
1778896034,R_75,30047.5088
1778896036,R_75,30044.1504
1778896038,R_75,30048.5365
1778896040,R_75,30040.3389
1778896042,R_75,30049.6211
1778896044,R_75,30052.9577
1778896046,R_75,30040.8702
1778896048,R_75,30042.4048
1778896050,R_75,30046.4252
1778896052,R_75,30047.1911
1778896054,R_75,30044.7086
1778896056,R_75,30037.8061
1778896058,R_75,30046.2282
1778896060,R_75,30048.1444
1778896062,R_75,30043.8505
1778896064,R_75,30042.5845
1778896066,R_75,30037.6121
1778896068,R_75,30031.1402
1778896070,R_75,30031.8492
1778896072,R_75,30040.7621
1778896074,R_75,30037.9983
1778896076,R_75,30040.1713
1778896078,R_75,30042.1072
1778896080,R_75,30046.2563
1778896082,R_75,30053.3134
1778896084,R_75,30048.7499
1778896086,R_75,30044.8866
1778896088,R_75,30042.7988
1778896090,R_75,30040.2836
1778896092,R_75,30040.318
1778896094,R_75,30039.0264
1778896096,R_75,30039.9796
1778896098,R_75,30035.8258
1778896100,R_75,30038.139
1778896102,R_75,30041.0063
1778896104,R_75,30046.208
1778896106,R_75,30047.8667
1778896108,R_75,30055.6174
1778896110,R_75,30057.0169
1778896112,R_75,30049.3332
1778896114,R_75,30047.7004
1778896116,R_75,30049.7633
1778896118,R_75,30056.2576
1778896120,R_75,30046.8894
1778896122,R_75,30056.6918
1778896124,R_75,30062.8884
1778896126,R_75,30062.519
1778896128,R_75,30056.6421
1778896130,R_75,30052.9064
1778896132,R_75,30053.7481
1778896134,R_75,30055.6413
1778896136,R_75,30059.2499
1778896138,R_75,30063.6644
1778896140,R_75,30058.9528
1778896142,R_75,30055.4407
1778896144,R_75,30045.0158
1778896146,R_75,30041.9804
1778896148,R_75,30046.9433
1778896150,R_75,30045.3692
1778896152,R_75,30042.3998
1778896154,R_75,30038.0492
1778896156,R_75,30045.478
1778896158,R_75,30044.9625
1778896160,R_75,30036.9156
1778896162,R_75,30043.108
1778896164,R_75,30034.7537
1778896166,R_75,30033.1734
1778896168,R_75,30033.7412
1778896170,R_75,30038.8444
1778896172,R_75,30034.4526
1778896174,R_75,30038.669
1778896176,R_75,30044.6496
1778896178,R_75,30052.0912
1778896180,R_75,30052.118
1778896182,R_75,30056.6391
1778896184,R_75,30047.9098
1778896186,R_75,30043.4757
1778896188,R_75,30042.4931
1778896190,R_75,30038.5715
1778896192,R_75,30039.3345
1778896194,R_75,30032.7264
1778896196,R_75,30034.5133
1778896198,R_75,30035.2004
1778896200,R_75,30028.8985
1778896202,R_75,30034.0219
1778896204,R_75,30026.8238
1778896206,R_75,30032.5736
1778896208,R_75,30041.3117
1778896210,R_75,30053.3202
1778896212,R_75,30052.7352
1778896214,R_75,30044.6143
1778896216,R_75,30049.5542
1778896218,R_75,30056.809
1778896220,R_75,30057.6582
1778896222,R_75,30047.7869
1778896224,R_75,30049.5718
1778896226,R_75,30048.0001
1778896228,R_75,30048.3234
1778896230,R_75,30056.137
1778896232,R_75,30053.7895
1778896234,R_75,30053.1014
1778896236,R_75,30056.8853
1778896238,R_75,30060.5369
1778896240,R_75,30056.886
1778896242,R_75,30054.8461
1778896244,R_75,30050.7287
1778896246,R_75,30054.3792
1778896248,R_75,30058.713
1778896250,R_75,30057.5185
1778896252,R_75,30058.7729
1778896254,R_75,30058.5126
1778896256,R_75,30056.6661
1778896258,R_75,30054.3701
1778896260,R_75,30048.2264
1778896262,R_75,30041.0054
1778896264,R_75,30045.2916
1778896266,R_75,30034.0906
1778896268,R_75,30046.5322
1778896270,R_75,30040.8988
1778896272,R_75,30044.43
1778896274,R_75,30046.8614
1778896276,R_75,30042.9116
1778896278,R_75,30049.9894
1778896280,R_75,30055.3876
1778896282,R_75,30051.6905
1778896284,R_75,30062.0572
1778896286,R_75,30060.4916
1778896288,R_75,30056.1561
1778896290,R_75,30060.7288
1778896292,R_75,30056.9216
1778896294,R_75,30065.6775
1778896296,R_75,30064.8858
1778896298,R_75,30059.752
1778896300,R_75,30063.477
1778896302,R_75,30058.344
1778896304,R_75,30043.2382
1778896306,R_75,30044.404
1778896308,R_75,30050.0111
1778896310,R_75,30050.843
1778896312,R_75,30055.8465
1778896314,R_75,30057.2129
1778896316,R_75,30058.6274
1778896318,R_75,30067.3479
1778896320,R_75,30067.0583
1778896322,R_75,30070.1806
1778896324,R_75,30070.8641
1778896326,R_75,30068.5621
1778896328,R_75,30070.6496
1778896330,R_75,30067.704
1778896332,R_75,30068.0632
1778896334,R_75,30071.2549
1778896336,R_75,30081.7006
1778896338,R_75,30084.9118
1778896340,R_75,30078.2525
1778896342,R_75,30095.8664
1778896344,R_75,30099.5388
1778896346,R_75,30091.8679
1778896348,R_75,30088.0762
1778896350,R_75,30092.3912
1778896352,R_75,30098.0612
1778896354,R_75,30099.4443
1778896356,R_75,30100.2742
1778896358,R_75,30095.6409
1778896360,R_75,30098.3722
1778896362,R_75,30108.0521
1778896364,R_75,30099.7864
1778896366,R_75,30094.0014
1778896368,R_75,30090.2691
1778896370,R_75,30085.9727
1778896372,R_75,30084.1529
1778896374,R_75,30085.5227
1778896376,R_75,30078.6826
1778896378,R_75,30076.3281
1778896380,R_75,30073.6894
1778896382,R_75,30072.6022
1778896384,R_75,30069.7862
1778896386,R_75,30075.4863
1778896388,R_75,30072.9218
1778896390,R_75,30072.096
1778896392,R_75,30073.3725
1778896394,R_75,30073.3909
1778896396,R_75,30085.7333
1778896398,R_75,30086.4947
1778896400,R_75,30073.5399
1778896402,R_75,30064.9587
1778896404,R_75,30073.9073
1778896406,R_75,30077.6152
1778896408,R_75,30081.3806
1778896410,R_75,30084.5181
1778896412,R_75,30077.885
1778896414,R_75,30080.9378
1778896416,R_75,30083.2726
1778896418,R_75,30083.1094
1778896420,R_75,30084.9952
1778896422,R_75,30084.3848
1778896424,R_75,30082.3455
1778896426,R_75,30085.3811
1778896428,R_75,30081.5912
1778896430,R_75,30070.9378
1778896432,R_75,30068.562
1778896434,R_75,30067.0379
1778896436,R_75,30070.8609
1778896438,R_75,30069.6974
1778896440,R_75,30079.7073
1778896442,R_75,30071.4522
1778896444,R_75,30074.5685
1778896446,R_75,30076.9877
1778896448,R_75,30074.5984
1778896450,R_75,30069.717
1778896452,R_75,30064.0736
1778896454,R_75,30066.8159
1778896456,R_75,30062.2122
1778896458,R_75,30066.7623
1778896460,R_75,30072.8574
1778896462,R_75,30073.408
1778896464,R_75,30073.2138
1778896466,R_75,30075.9369
1778896468,R_75,30077.0879
1778896470,R_75,30080.4613
1778896472,R_75,30079.3274
1778896474,R_75,30078.1188
1778896476,R_75,30091.2167
1778896478,R_75,30091.4603
1778896480,R_75,30098.666
1778896482,R_75,30091.0163
1778896484,R_75,30079.5721
1778896486,R_75,30084.1429
1778896488,R_75,30078.9625
1778896490,R_75,30087.9096
1778896492,R_75,30098.989
1778896494,R_75,30093.9696
1778896496,R_75,30097.385
1778896498,R_75,30088.3913
1778896500,R_75,30084.8747
1778896502,R_75,30097.1371
1778896504,R_75,30109.7687
1778896506,R_75,30108.9716
1778896508,R_75,30115.233
1778896510,R_75,30107.65
1778896512,R_75,30111.3796
1778896514,R_75,30106.2628
1778896516,R_75,30111.5469
1778896518,R_75,30113.1339
1778896520,R_75,30098.3956
1778896522,R_75,30097.7489
1778896524,R_75,30091.4708
1778896526,R_75,30091.7228
1778896528,R_75,30097.0835
1778896530,R_75,30097.2523
1778896532,R_75,30098.0818
1778896534,R_75,30097.5527
1778896536,R_75,30096.5919
1778896538,R_75,30087.2864
1778896540,R_75,30083.4315
1778896542,R_75,30072.646
1778896544,R_75,30063.7844
1778896546,R_75,30068.8678
1778896548,R_75,30071.6399
1778896550,R_75,30085.3309
1778896552,R_75,30092.7001
1778896554,R_75,30085.3727
1778896556,R_75,30085.3339
1778896558,R_75,30084.1216
1778896560,R_75,30078.8788
1778896562,R_75,30077.3391
1778896564,R_75,30073.1328
1778896566,R_75,30068.7833
1778896568,R_75,30072.9103
1778896570,R_75,30075.1223
1778896572,R_75,30068.0312
1778896574,R_75,30062.1325
1778896576,R_75,30059.8636
1778896578,R_75,30057.2015
1778896580,R_75,30057.4018
1778896582,R_75,30067.9603
1778896584,R_75,30068.3413
1778896586,R_75,30072.5479
1778896588,R_75,30077.2822
1778896590,R_75,30069.9135
1778896592,R_75,30069.299
1778896594,R_75,30071.6193
1778896596,R_75,30073.216
1778896598,R_75,30081.3271
1778896600,R_75,30083.9564
1778896602,R_75,30073.556
1778896604,R_75,30080.03
1778896606,R_75,30087.9613
1778896608,R_75,30091.532
1778896610,R_75,30087.5923
1778896612,R_75,30080.6181
1778896614,R_75,30068.5131
1778896616,R_75,30061.0365
1778896618,R_75,30065.3815
1778896620,R_75,30060.4464
1778896622,R_75,30062.4704
1778896624,R_75,30052.8334
1778896626,R_75,30050.0956
1778896628,R_75,30056.1685
1778896630,R_75,30046.6341
1778896632,R_75,30045.9612
1778896634,R_75,30050.3599
1778896636,R_75,30046.5927
1778896638,R_75,30049.7209
1778896640,R_75,30045.2371
1778896642,R_75,30042.5905
1778896644,R_75,30039.1047
1778896646,R_75,30029.6668
1778896648,R_75,30020.7279
1778896650,R_75,30019.6458
1778896652,R_75,30022.6392
1778896654,R_75,30022.1288
1778896656,R_75,30019.6888
1778896658,R_75,30029.5444
1778896660,R_75,30023.5089
1778896662,R_75,30019.0367
1778896664,R_75,30020.6847
1778896666,R_75,30017.0807
1778896668,R_75,30009.1549
1778896670,R_75,30006.4105
1778896672,R_75,30006.1191
1778896674,R_75,30003.144
1778896676,R_75,30003.609
1778896678,R_75,29997.5412
1778896680,R_75,29991.0579
1778896682,R_75,29988.496
1778896684,R_75,29989.6429
1778896686,R_75,29984.0735
1778896688,R_75,29983.6972
1778896690,R_75,29985.0801
1778896692,R_75,29978.0501
1778896694,R_75,29981.05
1778896696,R_75,29979.793
1778896698,R_75,29979.1131
1778896700,R_75,29971.1252
1778896702,R_75,29964.7164
1778896704,R_75,29964.174
1778896706,R_75,29961.7504
1778896708,R_75,29961.3288
1778896710,R_75,29960.0553
1778896712,R_75,29960.5399
1778896714,R_75,29966.4583
1778896716,R_75,29963.567
1778896718,R_75,29969.9437
1778896720,R_75,29973.7847
1778896722,R_75,29972.4131
1778896724,R_75,29975.054
1778896726,R_75,29971.3017
1778896728,R_75,29969.1631
1778896730,R_75,29972.7514
1778896732,R_75,29978.9375
1778896734,R_75,29968.4707
1778896736,R_75,29963.7212
1778896738,R_75,29957.1079
1778896740,R_75,29956.1294
1778896742,R_75,29952.6184
1778896744,R_75,29948.9415
1778896746,R_75,29952.2096
1778896748,R_75,29954.4599
1778896750,R_75,29949.398
1778896752,R_75,29952.4695
1778896754,R_75,29952.354
1778896756,R_75,29952.1191
1778896758,R_75,29947.2507
1778896760,R_75,29943.2083
1778896762,R_75,29946.7064
1778896764,R_75,29942.4494
1778896766,R_75,29943.5663
1778896768,R_75,29946.2115
1778896770,R_75,29943.889
1778896772,R_75,29943.6795
1778896774,R_75,29937.8157
1778896776,R_75,29936.7654
1778896778,R_75,29942.3732
1778896780,R_75,29939.1967
1778896782,R_75,29933.5242
1778896784,R_75,29944.9804
1778896786,R_75,29950.4803
1778896788,R_75,29946.9007
1778896790,R_75,29941.5065
1778896792,R_75,29945.6747
1778896794,R_75,29945.4169
1778896796,R_75,29946.8495
1778896798,R_75,29942.7186
1778896800,R_75,29941.8805
1778896802,R_75,29941.3786
1778896804,R_75,29934.7679
1778896806,R_75,29934.2319
1778896808,R_75,29929.7602
1778896810,R_75,29924.4282
1778896812,R_75,29925.1793
1778896814,R_75,29921.2845
1778896816,R_75,29921.3345
1778896818,R_75,29919.9268
1778896820,R_75,29923.9158
1778896822,R_75,29919.3762
1778896824,R_75,29910.9427
1778896826,R_75,29906.8844
1778896828,R_75,29904.9787
1778896830,R_75,29907.4848
1778896832,R_75,29900.6207
1778896834,R_75,29908.3528
1778896836,R_75,29907.8798
1778896838,R_75,29908.9934
1778896840,R_75,29911.9708
1778896842,R_75,29911.6593
1778896844,R_75,29913.2917
1778896846,R_75,29906.5379
1778896848,R_75,29900.127
1778896850,R_75,29903.9725
1778896852,R_75,29896.5113
1778896854,R_75,29900.5963
1778896856,R_75,29903.146
1778896858,R_75,29896.6779
1778896860,R_75,29895.8714
1778896862,R_75,29904.5295
1778896864,R_75,29910.3736
1778896866,R_75,29911.5793
1778896868,R_75,29909.5461
1778896870,R_75,29916.6776
1778896872,R_75,29909.1551
1778896874,R_75,29906.5048
1778896876,R_75,29903.2385
1778896878,R_75,29897.4084
1778896880,R_75,29898.6095
1778896882,R_75,29896.7129
1778896884,R_75,29897.4085
1778896886,R_75,29902.4308
1778896888,R_75,29910.1255
1778896890,R_75,29917.2438
1778896892,R_75,29922.0136
1778896894,R_75,29921.4479
1778896896,R_75,29928.6339
1778896898,R_75,29935.8455
1778896900,R_75,29942.9618
1778896902,R_75,29939.845
1778896904,R_75,29937.2175
1778896906,R_75,29928.1884
1778896908,R_75,29931.4319
1778896910,R_75,29928.2143
1778896912,R_75,29934.5214
1778896914,R_75,29929.5424
1778896916,R_75,29935.4901
1778896918,R_75,29940.1561
1778896920,R_75,29938.4961
1778896922,R_75,29943.5269
1778896924,R_75,29944.4134
1778896926,R_75,29945.1909
1778896928,R_75,29939.7665
1778896930,R_75,29933.3972
1778896932,R_75,29926.052
1778896934,R_75,29924.2
1778896936,R_75,29914.2739
1778896938,R_75,29912.8965
1778896940,R_75,29907.7293
1778896942,R_75,29910.361
1778896944,R_75,29916.5992
1778896946,R_75,29918.1619
1778896948,R_75,29923.3583
1778896950,R_75,29921.3036
1778896952,R_75,29916.504
1778896954,R_75,29917.8645
1778896956,R_75,29925.1307
1778896958,R_75,29924.3314
1778896960,R_75,29922.1719
1778896962,R_75,29928.7421
1778896964,R_75,29926.3318
1778896966,R_75,29938.0264
1778896968,R_75,29935.8457
1778896970,R_75,29935.5
1778896972,R_75,29933.5778
1778896974,R_75,29931.752
1778896976,R_75,29932.7986
1778896978,R_75,29935.0409
1778896980,R_75,29932.6156
1778896982,R_75,29930.3204
1778896984,R_75,29930.077
1778896986,R_75,29928.0979
1778896988,R_75,29925.4233
1778896990,R_75,29927.6535
1778896992,R_75,29924.3026
1778896994,R_75,29926.9924
1778896996,R_75,29926.8119
1778896998,R_75,29928.2317
1778897000,R_75,29918.4203
1778897002,R_75,29919.9276
1778897004,R_75,29927.7231
1778897006,R_75,29930.9974
1778897008,R_75,29938.8034
1778897010,R_75,29940.5663
1778897012,R_75,29938.578
1778897014,R_75,29941.16
1778897016,R_75,29931.6352
1778897018,R_75,29927.6544
1778897020,R_75,29936.3474
1778897022,R_75,29928.3799
1778897024,R_75,29928.4033
1778897026,R_75,29927.6549
1778897028,R_75,29929.645
1778897030,R_75,29930.2746
1778897032,R_75,29932.3748
1778897034,R_75,29936.3314
1778897036,R_75,29929.1789
1778897038,R_75,29927.104
1778897040,R_75,29925.8113
1778897042,R_75,29930.6749
1778897044,R_75,29926.653
1778897046,R_75,29918.854
1778897048,R_75,29908.9695
1778897050,R_75,29908.3436
1778897052,R_75,29909.3888
1778897054,R_75,29914.6495
1778897056,R_75,29920.4363
1778897058,R_75,29925.4918
1778897060,R_75,29924.7867
1778897062,R_75,29921.1735
1778897064,R_75,29921.249
1778897066,R_75,29925.4366
1778897068,R_75,29919.6179
1778897070,R_75,29919.1055
1778897072,R_75,29917.8418
1778897074,R_75,29924.1786
1778897076,R_75,29921.7435
1778897078,R_75,29920.2679
1778897080,R_75,29924.4225
1778897082,R_75,29916.4247
1778897084,R_75,29920.6617
1778897086,R_75,29913.0385
1778897088,R_75,29919.9283
1778897090,R_75,29914.0226
1778897092,R_75,29917.2092
1778897094,R_75,29921.7769
1778897096,R_75,29923.2303
1778897098,R_75,29926.2882
1778897100,R_75,29915.0365
1778897102,R_75,29915.6863
1778897104,R_75,29914.8558
1778897106,R_75,29905.9105
1778897108,R_75,29903.3227
1778897110,R_75,29907.2078
1778897112,R_75,29905.6098
1778897114,R_75,29903.0402
1778897116,R_75,29910.9044
1778897118,R_75,29917.8874
1778897120,R_75,29919.8109
1778897122,R_75,29927.2836
1778897124,R_75,29928.9812
1778897126,R_75,29923.529
1778897128,R_75,29922.5337
1778897130,R_75,29922.4049
1778897132,R_75,29921.4262
1778897134,R_75,29919.1305
1778897136,R_75,29919.1668
1778897138,R_75,29926.8745
1778897140,R_75,29917.0864
1778897142,R_75,29925.752
1778897144,R_75,29922.0689
1778897146,R_75,29915.1754
1778897148,R_75,29918.551
1778897150,R_75,29910.4064
1778897152,R_75,29911.224
1778897154,R_75,29912.5956
1778897156,R_75,29917.4726
1778897158,R_75,29914.2292
1778897160,R_75,29908.8931
1778897162,R_75,29909.9682
1778897164,R_75,29909.0461
1778897166,R_75,29908.4452
1778897168,R_75,29907.9537
1778897170,R_75,29908.1024
1778897172,R_75,29915.7467
1778897174,R_75,29916.6803
1778897176,R_75,29907.0244
1778897178,R_75,29909.036
1778897180,R_75,29902.8958
1778897182,R_75,29911.8021
1778897184,R_75,29916.4365
1778897186,R_75,29906.9516
1778897188,R_75,29910.7678
1778897190,R_75,29920.7138
1778897192,R_75,29923.7717
1778897194,R_75,29922.3482
1778897196,R_75,29924.1434
1778897198,R_75,29913.4219
1778897200,R_75,29913.701
1778897202,R_75,29914.2199
1778897204,R_75,29912.2125
1778897206,R_75,29915.5628
1778897208,R_75,29913.5583
1778897210,R_75,29906.9881
1778897212,R_75,29899.1611
1778897214,R_75,29904.6208
1778897216,R_75,29903.5613
1778897218,R_75,29894.9607
1778897220,R_75,29898.1818
1778897222,R_75,29896.122
1778897224,R_75,29887.8136
1778897226,R_75,29889.6559
1778897228,R_75,29897.5198
1778897230,R_75,29899.2965
1778897232,R_75,29884.544
1778897234,R_75,29884.1118
1778897236,R_75,29884.38
1778897238,R_75,29880.5884
1778897240,R_75,29878.022
1778897242,R_75,29869.6829
1778897244,R_75,29869.2751
1778897246,R_75,29857.4037
1778897248,R_75,29850.8316
1778897250,R_75,29856.6087
1778897252,R_75,29856.4271
1778897254,R_75,29844.7048
1778897256,R_75,29844.4107
1778897258,R_75,29841.1882
1778897260,R_75,29842.9098
1778897262,R_75,29840.8121
1778897264,R_75,29839.5847
1778897266,R_75,29839.944
1778897268,R_75,29847.2554
1778897270,R_75,29843.3965
1778897272,R_75,29842.7334
1778897274,R_75,29845.2723
1778897276,R_75,29857.2625
1778897278,R_75,29849.106
1778897280,R_75,29851.604
1778897282,R_75,29849.7893
1778897284,R_75,29852.0665
1778897286,R_75,29844.322
1778897288,R_75,29841.0802
1778897290,R_75,29843.9833
1778897292,R_75,29839.2518
1778897294,R_75,29833.9459
1778897296,R_75,29839.218
1778897298,R_75,29841.3211
1778897300,R_75,29838.6955
1778897302,R_75,29845.7822
1778897304,R_75,29848.4802
1778897306,R_75,29843.677
1778897308,R_75,29850.7045
1778897310,R_75,29841.5463
1778897312,R_75,29847.1656
1778897314,R_75,29854.779
1778897316,R_75,29864.216
1778897318,R_75,29867.5334
1778897320,R_75,29876.3387
1778897322,R_75,29882.2845
1778897324,R_75,29868.0421
1778897326,R_75,29875.8746
1778897328,R_75,29875.3826
1778897330,R_75,29885.1638
1778897332,R_75,29891.5501
1778897334,R_75,29896.9904
1778897336,R_75,29895.3058
1778897338,R_75,29897.8212
1778897340,R_75,29903.9716
1778897342,R_75,29896.8008
1778897344,R_75,29910.737
1778897346,R_75,29917.2359
1778897348,R_75,29910.9257
1778897350,R_75,29912.2466
1778897352,R_75,29921.5679
1778897354,R_75,29924.1708
1778897356,R_75,29927.358
1778897358,R_75,29924.8273
1778897360,R_75,29925.6051
1778897362,R_75,29921.4931
1778897364,R_75,29923.1276
1778897366,R_75,29924.4058
1778897368,R_75,29919.9944
1778897370,R_75,29927.1855
1778897372,R_75,29923.776
1778897374,R_75,29927.6923
1778897376,R_75,29931.6061
1778897378,R_75,29925.861
1778897380,R_75,29922.7173
1778897382,R_75,29928.8308
1778897384,R_75,29934.0327
1778897386,R_75,29931.8992
1778897388,R_75,29939.2934
1778897390,R_75,29957.0673
1778897392,R_75,29955.7835
1778897394,R_75,29956.4388
1778897396,R_75,29946.9678
1778897398,R_75,29951.0321
1778897400,R_75,29946.1199
1778897402,R_75,29957.1374
1778897404,R_75,29954.4684
1778897406,R_75,29952.1666
1778897408,R_75,29965.936
1778897410,R_75,29964.0587
1778897412,R_75,29966.8445
1778897414,R_75,29968.5941
1778897416,R_75,29975.8841
1778897418,R_75,29973.9014
1778897420,R_75,29976.9217
1778897422,R_75,29981.9258
1778897424,R_75,29968.7685
1778897426,R_75,29964.2272
1778897428,R_75,29972.3912
1778897430,R_75,29979.89
1778897432,R_75,29982.7022
1778897434,R_75,29990.6994
1778897436,R_75,29989.1238
1778897438,R_75,29983.6337
1778897440,R_75,29982.68
1778897442,R_75,29979.8033
1778897444,R_75,29971.4912
1778897446,R_75,29967.0486
1778897448,R_75,29964.5128
1778897450,R_75,29966.9529
1778897452,R_75,29964.0654
1778897454,R_75,29961.7316
1778897456,R_75,29958.0737
1778897458,R_75,29946.5196
1778897460,R_75,29949.1191
1778897462,R_75,29955.4109
1778897464,R_75,29952.0435
1778897466,R_75,29946.3707
1778897468,R_75,29944.6103
1778897470,R_75,29945.3998
1778897472,R_75,29939.2869
1778897474,R_75,29936.907
1778897476,R_75,29944.437
1778897478,R_75,29946.652
1778897480,R_75,29942.9193
1778897482,R_75,29937.8924
1778897484,R_75,29938.2479
1778897486,R_75,29936.727
1778897488,R_75,29938.2687
1778897490,R_75,29930.5005
1778897492,R_75,29924.0524
1778897494,R_75,29924.0983
1778897496,R_75,29930.1117
1778897498,R_75,29936.2743
1778897500,R_75,29929.6692
1778897502,R_75,29929.8219
1778897504,R_75,29935.0903
1778897506,R_75,29928.3857
1778897508,R_75,29921.8819
1778897510,R_75,29927.9901
1778897512,R_75,29931.9836
1778897514,R_75,29937.1659
1778897516,R_75,29933.0723
1778897518,R_75,29932.5826
1778897520,R_75,29939.9231
1778897522,R_75,29942.8976
1778897524,R_75,29944.6231
1778897526,R_75,29952.3204
1778897528,R_75,29943.1715
1778897530,R_75,29944.9227
1778897532,R_75,29944.0617
1778897534,R_75,29940.9983
1778897536,R_75,29941.8741
1778897538,R_75,29935.0879
1778897540,R_75,29926.726
1778897542,R_75,29922.9806
1778897544,R_75,29925.2923
1778897546,R_75,29925.1969
1778897548,R_75,29939.2741
1778897550,R_75,29949.2024
1778897552,R_75,29949.7551
1778897554,R_75,29943.5705
1778897556,R_75,29940.8166
1778897558,R_75,29943.0095
1778897560,R_75,29944.2746
1778897562,R_75,29946.7825
1778897564,R_75,29944.286
1778897566,R_75,29955.2079
1778897568,R_75,29950.8226
1778897570,R_75,29950.0508
1778897572,R_75,29948.2965
1778897574,R_75,29941.0369
1778897576,R_75,29953.3302
1778897578,R_75,29951.889
1778897580,R_75,29957.3507
1778897582,R_75,29952.9333
1778897584,R_75,29964.6865
1778897586,R_75,29960.6153
1778897588,R_75,29957.3255
1778897590,R_75,29959.2916
1778897592,R_75,29959.6872
1778897594,R_75,29959.2191
1778897596,R_75,29964.1907
1778897598,R_75,29967.1315
1778897600,R_75,29967.5511
1778897602,R_75,29965.8463
1778897604,R_75,29969.0587
1778897606,R_75,29970.4953
1778897608,R_75,29966.8723
1778897610,R_75,29976.3874
1778897612,R_75,29986.8693
1778897614,R_75,29989.8182
1778897616,R_75,29988.9103
1778897618,R_75,29992.9042
1778897620,R_75,29983.2535
1778897622,R_75,29973.2959
1778897624,R_75,29971.0545
1778897626,R_75,29964.9499
1778897628,R_75,29968.2921
1778897630,R_75,29973.3408
1778897632,R_75,29973.6942
1778897634,R_75,29978.6264
1778897636,R_75,29982.1482
1778897638,R_75,29983.9329
1778897640,R_75,29984.8725
1778897642,R_75,29997.3174
1778897644,R_75,30001.9878
1778897646,R_75,30006.4748
1778897648,R_75,30003.2453
1778897650,R_75,29999.8083
1778897652,R_75,29998.8412
1778897654,R_75,30007.749
1778897656,R_75,30007.551
1778897658,R_75,30010.6894
1778897660,R_75,30002.5962
1778897662,R_75,30000.0492
1778897664,R_75,29997.5164
1778897666,R_75,30003.3811
1778897668,R_75,30006.3545
1778897670,R_75,30008.8371
1778897672,R_75,30008.2255
1778897674,R_75,30015.8348
1778897676,R_75,30012.1181
1778897678,R_75,30013.1039
1778897680,R_75,30011.7994
1778897682,R_75,30014.0441
1778897684,R_75,30019.2047
1778897686,R_75,30014.1914
1778897688,R_75,30023.4482
1778897690,R_75,30025.5145
1778897692,R_75,30030.4845
1778897694,R_75,30034.1702
1778897696,R_75,30024.5301
1778897698,R_75,30018.1875
1778897700,R_75,30014.061
1778897702,R_75,30014.8218
1778897704,R_75,30025.1308
1778897706,R_75,30022.0327
1778897708,R_75,30013.9979
1778897710,R_75,30011.9268
1778897712,R_75,30023.1759
1778897714,R_75,30031.0092
1778897716,R_75,30035.7497
1778897718,R_75,30038.9522
1778897720,R_75,30048.4413
1778897722,R_75,30056.2694
1778897724,R_75,30068.1662
1778897726,R_75,30072.3163
1778897728,R_75,30078.5293
1778897730,R_75,30073.1586
1778897732,R_75,30069.2259
1778897734,R_75,30069.7934
1778897736,R_75,30069.5967
1778897738,R_75,30065.0586
1778897740,R_75,30065.8001
1778897742,R_75,30068.1867
1778897744,R_75,30071.39
1778897746,R_75,30074.6183
1778897748,R_75,30070.0353
1778897750,R_75,30063.6119
1778897752,R_75,30063.3906
1778897754,R_75,30057.8403
1778897756,R_75,30063.1404
1778897758,R_75,30068.4496
1778897760,R_75,30059.6319
1778897762,R_75,30062.8275
1778897764,R_75,30064.0315
1778897766,R_75,30067.6143
1778897768,R_75,30074.0682
1778897770,R_75,30077.0347
1778897772,R_75,30070.9861
1778897774,R_75,30069.1765
1778897776,R_75,30063.3879
1778897778,R_75,30059.6206
1778897780,R_75,30058.7288
1778897782,R_75,30052.4407
1778897784,R_75,30060.3275
1778897786,R_75,30064.2645
1778897788,R_75,30069.6986
1778897790,R_75,30071.5097
1778897792,R_75,30069.0417
1778897794,R_75,30064.8112
1778897796,R_75,30074.4775
1778897798,R_75,30067.47
1778897800,R_75,30077.238
1778897802,R_75,30082.1846
1778897804,R_75,30079.9374
1778897806,R_75,30083.1555
1778897808,R_75,30078.3706
1778897810,R_75,30078.5896
1778897812,R_75,30083.1222
1778897814,R_75,30085.5223
1778897816,R_75,30088.4536
1778897818,R_75,30089.8454
1778897820,R_75,30091.4644
1778897822,R_75,30097.331
1778897824,R_75,30093.6867
1778897826,R_75,30089.9228
1778897828,R_75,30087.845
1778897830,R_75,30092.5543
1778897832,R_75,30094.6234
1778897834,R_75,30100.7708
1778897836,R_75,30090.5678
1778897838,R_75,30091.008
1778897840,R_75,30087.422
1778897842,R_75,30086.5901
1778897844,R_75,30082.5796
1778897846,R_75,30082.6937
1778897848,R_75,30087.2184
1778897850,R_75,30091.5543
1778897852,R_75,30100.8014
1778897854,R_75,30096.923
1778897856,R_75,30090.1489
1778897858,R_75,30095.3861
1778897860,R_75,30103.9574
1778897862,R_75,30101.7665
1778897864,R_75,30090.5162
1778897866,R_75,30089.0792
1778897868,R_75,30090.1527
1778897870,R_75,30087.4847
1778897872,R_75,30082.2722
1778897874,R_75,30088.7703
1778897876,R_75,30090.0617
1778897878,R_75,30089.8833
1778897880,R_75,30079.5959
1778897882,R_75,30075.7326
1778897884,R_75,30069.0153
1778897886,R_75,30064.7298
1778897888,R_75,30062.6219
1778897890,R_75,30063.3428
1778897892,R_75,30060.5801
1778897894,R_75,30063.0057
1778897896,R_75,30057.7907
1778897898,R_75,30047.8773
1778897900,R_75,30039.3993
1778897902,R_75,30037.5324
1778897904,R_75,30044.9351
1778897906,R_75,30050.4085
1778897908,R_75,30050.6576
1778897910,R_75,30048.3032
1778897912,R_75,30041.487
1778897914,R_75,30041.1503
1778897916,R_75,30037.8748
1778897918,R_75,30043.1667
1778897920,R_75,30046.3978
1778897922,R_75,30047.746
1778897924,R_75,30042.0646
1778897926,R_75,30047.072
1778897928,R_75,30051.2544
1778897930,R_75,30059.881
1778897932,R_75,30057.6643
1778897934,R_75,30054.2603
1778897936,R_75,30058.7977
1778897938,R_75,30056.8296
1778897940,R_75,30054.5711
1778897942,R_75,30047.8544
1778897944,R_75,30038.0319
1778897946,R_75,30023.5003
1778897948,R_75,30024.1396
1778897950,R_75,30024.2164
1778897952,R_75,30024.0691
1778897954,R_75,30023.4883
1778897956,R_75,30029.0851
1778897958,R_75,30038.8793
1778897960,R_75,30041.4246
1778897962,R_75,30039.4408
1778897964,R_75,30032.0881
1778897966,R_75,30033.3877
1778897968,R_75,30032.5805
1778897970,R_75,30032.5099
1778897972,R_75,30030.6618
1778897974,R_75,30031.8428
1778897976,R_75,30037.3422
1778897978,R_75,30037.9119
1778897980,R_75,30045.9833
1778897982,R_75,30044.7943
1778897984,R_75,30050.6967
1778897986,R_75,30058.4174
1778897988,R_75,30056.2925
1778897990,R_75,30061.2801
1778897992,R_75,30048.4767
1778897994,R_75,30040.9224
1778897996,R_75,30029.0327
1778897998,R_75,30028.5612
1778898000,R_75,30031.1846
1778898002,R_75,30033.2197
1778898004,R_75,30036.7586
1778898006,R_75,30041.1434
1778898008,R_75,30046.588
1778898010,R_75,30047.4135
1778898012,R_75,30053.2821
1778898014,R_75,30057.4852
1778898016,R_75,30053.6538
1778898018,R_75,30057.1346
1778898020,R_75,30067.2227
1778898022,R_75,30066.0333
1778898024,R_75,30068.8947
1778898026,R_75,30066.4357
1778898028,R_75,30073.4395
1778898030,R_75,30072.1272
1778898032,R_75,30080.687
1778898034,R_75,30079.1546
1778898036,R_75,30081.9304
1778898038,R_75,30073.7869
1778898040,R_75,30074.4844
1778898042,R_75,30075.6212
1778898044,R_75,30076.9793
1778898046,R_75,30077.898
1778898048,R_75,30085.7303
1778898050,R_75,30092.2937
1778898052,R_75,30093.1943
1778898054,R_75,30089.7575
1778898056,R_75,30089.7122
1778898058,R_75,30094.9927
1778898060,R_75,30099.1035
1778898062,R_75,30101.9831
1778898064,R_75,30102.1307
1778898066,R_75,30101.59
1778898068,R_75,30099.4652
1778898070,R_75,30094.8844
1778898072,R_75,30108.1529
1778898074,R_75,30114.5932
1778898076,R_75,30118.4806
1778898078,R_75,30115.1676
1778898080,R_75,30109.3787
1778898082,R_75,30111.9328
1778898084,R_75,30111.9366
1778898086,R_75,30112.0262
1778898088,R_75,30113.2309
1778898090,R_75,30106.7907
1778898092,R_75,30104.3033
1778898094,R_75,30096.6161
1778898096,R_75,30094.7372
1778898098,R_75,30099.3545
1778898100,R_75,30098.0968
1778898102,R_75,30095.3808
1778898104,R_75,30092.6554
1778898106,R_75,30086.1093
1778898108,R_75,30088.7936
1778898110,R_75,30085.2766
1778898112,R_75,30088.6001
1778898114,R_75,30085.0785
1778898116,R_75,30086.2525
1778898118,R_75,30084.7853
1778898120,R_75,30085.4934
1778898122,R_75,30094.7729
1778898124,R_75,30088.4964
1778898126,R_75,30083.8191
1778898128,R_75,30072.8819
1778898130,R_75,30071.6058
1778898132,R_75,30066.2273
1778898134,R_75,30077.4758
1778898136,R_75,30073.6266
1778898138,R_75,30081.9728
1778898140,R_75,30085.7721
1778898142,R_75,30094.1133
1778898144,R_75,30094.9234
1778898146,R_75,30087
1778898148,R_75,30082.9898
1778898150,R_75,30090.4119
1778898152,R_75,30092.5455
1778898154,R_75,30086.3848
1778898156,R_75,30071.0905
1778898158,R_75,30068.2518
1778898160,R_75,30069.2136
1778898162,R_75,30069.1343
1778898164,R_75,30067.7704
1778898166,R_75,30064.1151
1778898168,R_75,30065.1316
1778898170,R_75,30054.6862
1778898172,R_75,30045.8936
1778898174,R_75,30054.943
1778898176,R_75,30057.5772
1778898178,R_75,30054.2814
1778898180,R_75,30050.6552
1778898182,R_75,30057.0713
1778898184,R_75,30049.2697
1778898186,R_75,30050.8882
1778898188,R_75,30051.1119
1778898190,R_75,30044.2948
1778898192,R_75,30039.4034
1778898194,R_75,30034.1494
1778898196,R_75,30035.072
1778898198,R_75,30028.211
1778898200,R_75,30038.3771
1778898202,R_75,30032.2189
1778898204,R_75,30030.0379
1778898206,R_75,30033.6628
1778898208,R_75,30028.4635
1778898210,R_75,30030.0102
1778898212,R_75,30035.7574
1778898214,R_75,30037.8305
1778898216,R_75,30031.2386
1778898218,R_75,30023.4899
1778898220,R_75,30016.5219
1778898222,R_75,30020.7297
1778898224,R_75,30021.4122
1778898226,R_75,30009.1974
1778898228,R_75,30011.4708
1778898230,R_75,30004.7532
1778898232,R_75,30003.2054
1778898234,R_75,30001.9895
1778898236,R_75,30008.1545
1778898238,R_75,30008.7289
1778898240,R_75,30009.0682
1778898242,R_75,30001.0858
1778898244,R_75,30004.7478
1778898246,R_75,30004.3086
1778898248,R_75,30004.2939
1778898250,R_75,30008.6953
1778898252,R_75,30005.026
1778898254,R_75,30001.3949
1778898256,R_75,30009.6461
1778898258,R_75,30007.7428
1778898260,R_75,30001.8439
1778898262,R_75,30001.7039
1778898264,R_75,29999.581
1778898266,R_75,30007.2726
1778898268,R_75,30016.3857
1778898270,R_75,30007.998
1778898272,R_75,30014.7358
1778898274,R_75,30021.7143
1778898276,R_75,30013.196
1778898278,R_75,30015.2999
1778898280,R_75,30003.7201
1778898282,R_75,30004.2205
1778898284,R_75,30008.6779
1778898286,R_75,30008.7308
1778898288,R_75,30003.1712
1778898290,R_75,30001.3323
1778898292,R_75,29996.9557
1778898294,R_75,30001.5413
1778898296,R_75,29995.1142
1778898298,R_75,30001.5117
1778898300,R_75,30002.4555
1778898302,R_75,29995.1263
1778898304,R_75,29993.0883
1778898306,R_75,29993.2301
1778898308,R_75,29982.6153
1778898310,R_75,29977.8882
1778898312,R_75,29978.4668
1778898314,R_75,29982.6027
1778898316,R_75,29998.214
1778898318,R_75,29998.8693
1778898320,R_75,30007.8728
1778898322,R_75,30015.2412
1778898324,R_75,30018.4662
1778898326,R_75,30015.6629
1778898328,R_75,30002.2927
1778898330,R_75,29995.3595
1778898332,R_75,29981.0063
1778898334,R_75,29974.3074
1778898336,R_75,29974.8544
1778898338,R_75,29978.2117
1778898340,R_75,29977.4231
1778898342,R_75,29980.5064
1778898344,R_75,29979.225
1778898346,R_75,29977.5696
1778898348,R_75,29983.5953
1778898350,R_75,29984.7566
1778898352,R_75,29968.9395
1778898354,R_75,29968.4894
1778898356,R_75,29971.1311
1778898358,R_75,29973.1653
1778898360,R_75,29966.0453
1778898362,R_75,29963.2387
1778898364,R_75,29966.5618
1778898366,R_75,29964.4372
1778898368,R_75,29966.1436
1778898370,R_75,29965.9381
1778898372,R_75,29965.4888
1778898374,R_75,29960.9263
1778898376,R_75,29969.4408
1778898378,R_75,29965.8625
1778898380,R_75,29968.0436
1778898382,R_75,29976.099
1778898384,R_75,29981.9667
1778898386,R_75,29994.7441
1778898388,R_75,29992.3779
1778898390,R_75,29993.2649
1778898392,R_75,29997.3277
1778898394,R_75,29992.1624
1778898396,R_75,29983.4756
1778898398,R_75,29983.3863
1778898400,R_75,29980.9454
1778898402,R_75,29977.6014
1778898404,R_75,29979.2856
1778898406,R_75,29993.9458
1778898408,R_75,30000.1491
1778898410,R_75,30009.362
1778898412,R_75,30002.1785
1778898414,R_75,29991.5397
1778898416,R_75,29982.6488
1778898418,R_75,29983.0055
1778898420,R_75,29984.6517
1778898422,R_75,29992.181
1778898424,R_75,29990.1354
1778898426,R_75,29987.7237
1778898428,R_75,29988.1471
1778898430,R_75,29981.2053
1778898432,R_75,29981.0934
1778898434,R_75,29978.63
1778898436,R_75,29981.4768
1778898438,R_75,29972.5775
1778898440,R_75,29967.1487
1778898442,R_75,29976.4341
1778898444,R_75,29975.6519
1778898446,R_75,29975.0439
1778898448,R_75,29979.0305
1778898450,R_75,29978.427
1778898452,R_75,29978.3391
1778898454,R_75,29981.9811
1778898456,R_75,29979.6216
1778898458,R_75,29977.6199
1778898460,R_75,29980.6801
1778898462,R_75,29982.6048
1778898464,R_75,29988.2058
1778898466,R_75,29975.0436
1778898468,R_75,29982.6924
1778898470,R_75,29984.4042
1778898472,R_75,29992.3034
1778898474,R_75,29999.1735
1778898476,R_75,30004.6833
1778898478,R_75,30007.3825
1778898480,R_75,30000.1335
1778898482,R_75,30001.1866
1778898484,R_75,30008.0418
1778898486,R_75,30009.0627
1778898488,R_75,30005.4819
1778898490,R_75,29998.7864
1778898492,R_75,29993.5449
1778898494,R_75,29993.1177
1778898496,R_75,29983.0829
1778898498,R_75,29972.1207
1778898500,R_75,29972.9216
1778898502,R_75,29973.3561
1778898504,R_75,29976.7437
1778898506,R_75,29980.003
1778898508,R_75,29986.6668
1778898510,R_75,29993.2209
1778898512,R_75,29988.3113
1778898514,R_75,29982.9305
1778898516,R_75,29989.2414
1778898518,R_75,29977.1361
1778898520,R_75,29983.9263
1778898522,R_75,29980.9891
1778898524,R_75,29991.3506
1778898526,R_75,29998.8936
1778898528,R_75,30004.6682
1778898530,R_75,30001.3157
1778898532,R_75,29997.0794
1778898534,R_75,29994.3798
1778898536,R_75,29991.3405
1778898538,R_75,29992.5247
1778898540,R_75,29989.974
1778898542,R_75,29982.2539
1778898544,R_75,29986.2435
1778898546,R_75,29989.4423
1778898548,R_75,29995.8666
1778898550,R_75,30008.1254
1778898552,R_75,29999.8229
1778898554,R_75,29990.4337
1778898556,R_75,29996.8421
1778898558,R_75,29992.6917
1778898560,R_75,29985.7284
1778898562,R_75,29982.11
1778898564,R_75,29981.8786
1778898566,R_75,29976.9875
1778898568,R_75,29983.9417
1778898570,R_75,29981.2712
1778898572,R_75,29983.614
1778898574,R_75,29984.6032
1778898576,R_75,29979.5237
1778898578,R_75,29979.5533
1778898580,R_75,29977.7739
1778898582,R_75,29976.5061
1778898584,R_75,29976.65
1778898586,R_75,29975.3997
1778898588,R_75,29977.9733
1778898590,R_75,29984.452
1778898592,R_75,29978.1326
1778898594,R_75,29982.7539
1778898596,R_75,29974.024
1778898598,R_75,29975.2783
1778898600,R_75,29981.9995
1778898602,R_75,29970.0708
1778898604,R_75,29977.2312
1778898606,R_75,29980.4475
1778898608,R_75,29966.7953
1778898610,R_75,29970.6832
1778898612,R_75,29974.3755
1778898614,R_75,29971.932
1778898616,R_75,29975.825
1778898618,R_75,29978.4812
1778898620,R_75,29981.8038
1778898622,R_75,29981.9245
1778898624,R_75,29973.6997
1778898626,R_75,29966.8757
1778898628,R_75,29970.3672
1778898630,R_75,29967.7224
1778898632,R_75,29970.5499
1778898634,R_75,29968.0383
1778898636,R_75,29962.5576
1778898638,R_75,29964.7648
1778898640,R_75,29964.5075
1778898642,R_75,29960.0165
1778898644,R_75,29959.054
1778898646,R_75,29960.3618
1778898648,R_75,29958.8608
1778898650,R_75,29968.7805
1778898652,R_75,29970.5069
1778898654,R_75,29962.6539
1778898656,R_75,29960.9763
1778898658,R_75,29959.9223
1778898660,R_75,29955.7109
1778898662,R_75,29946.8419
1778898664,R_75,29945.8408
1778898666,R_75,29943.0923
1778898668,R_75,29951.5772
1778898670,R_75,29960.8193
1778898672,R_75,29960.7149
1778898674,R_75,29966.8629
1778898676,R_75,29969.8704
1778898678,R_75,29971.3632
1778898680,R_75,29974.9443
1778898682,R_75,29981.0793
1778898684,R_75,29988.947
1778898686,R_75,29989.9847
1778898688,R_75,29991.8259
1778898690,R_75,30003.2896
1778898692,R_75,30006.5799
1778898694,R_75,30002.4071
1778898696,R_75,29997.7357
1778898698,R_75,29999.8372
1778898700,R_75,29990.4545
1778898702,R_75,29990.7348
1778898704,R_75,29998.893
1778898706,R_75,29991.2274
1778898708,R_75,29987.3293
1778898710,R_75,29982.2258
1778898712,R_75,29982.7412
1778898714,R_75,29980.786
1778898716,R_75,29976.9183
1778898718,R_75,29963.9193
1778898720,R_75,29959.1794
1778898722,R_75,29965.2613
1778898724,R_75,29972.2146
1778898726,R_75,29979.5916
1778898728,R_75,29970.3276
1778898730,R_75,29971.0025
1778898732,R_75,29974.1267
1778898734,R_75,29969.502
1778898736,R_75,29972.5068
1778898738,R_75,29976.5448
1778898740,R_75,29990.9269
1778898742,R_75,29980.9176
1778898744,R_75,29980.3714
1778898746,R_75,29979.988
1778898748,R_75,29978.297
1778898750,R_75,29964.1503
1778898752,R_75,29961.7581
1778898754,R_75,29957.8352
1778898756,R_75,29957.7348
1778898758,R_75,29952.6072
1778898760,R_75,29949.8096
1778898762,R_75,29939.2904
1778898764,R_75,29939.966
1778898766,R_75,29940.0858
1778898768,R_75,29937.1827
1778898770,R_75,29939.4197
1778898772,R_75,29940.9777
1778898774,R_75,29942.1101
1778898776,R_75,29935.2008
1778898778,R_75,29935.5726
1778898780,R_75,29933.9735
1778898782,R_75,29933.3849
1778898784,R_75,29936.3961
1778898786,R_75,29940.2399
1778898788,R_75,29938.8337
1778898790,R_75,29928.8881
1778898792,R_75,29923.5004
1778898794,R_75,29920.1606
1778898796,R_75,29905.5886
1778898798,R_75,29898.1209
1778898800,R_75,29894.4608
1778898802,R_75,29904.3428
1778898804,R_75,29897.5822
1778898806,R_75,29896.1491
1778898808,R_75,29889.4511
1778898810,R_75,29888.242
1778898812,R_75,29898.0275
1778898814,R_75,29902.2428
1778898816,R_75,29906.7513
1778898818,R_75,29906.3938
1778898820,R_75,29903.0581
1778898822,R_75,29898.4136
1778898824,R_75,29899.2624
1778898826,R_75,29903.1843
1778898828,R_75,29895.8246
1778898830,R_75,29899.3258
1778898832,R_75,29900.2288
1778898834,R_75,29907.0039
1778898836,R_75,29916.5343
1778898838,R_75,29914.1649
1778898840,R_75,29903.6171
1778898842,R_75,29901.6243
1778898844,R_75,29906.6608
1778898846,R_75,29900.1739
1778898848,R_75,29898.7116
1778898850,R_75,29890.2156
1778898852,R_75,29884.6346
1778898854,R_75,29895.5384
1778898856,R_75,29891.5776
1778898858,R_75,29899.1064
1778898860,R_75,29901.232
1778898862,R_75,29901.1234
1778898864,R_75,29896.4561
1778898866,R_75,29909.2852
1778898868,R_75,29910.5052
1778898870,R_75,29912.4293
1778898872,R_75,29914.9297
1778898874,R_75,29921.0768
1778898876,R_75,29922.2948
1778898878,R_75,29924.8108
1778898880,R_75,29925.1526
1778898882,R_75,29911.8606
1778898884,R_75,29913.6237
1778898886,R_75,29901.47
1778898888,R_75,29899.9266
1778898890,R_75,29906.5314
1778898892,R_75,29903.3571
1778898894,R_75,29913.1066
1778898896,R_75,29918.3831
1778898898,R_75,29921.1699
1778898900,R_75,29921.3871
1778898902,R_75,29926.1199
1778898904,R_75,29927.9726
1778898906,R_75,29935.5649
1778898908,R_75,29934.0146
1778898910,R_75,29933.3674
1778898912,R_75,29931.4092
1778898914,R_75,29929.2724
1778898916,R_75,29932.0854
1778898918,R_75,29934.0528
1778898920,R_75,29929.461
1778898922,R_75,29937.3104
1778898924,R_75,29936.5308
1778898926,R_75,29930.7553
1778898928,R_75,29936.444
1778898930,R_75,29945.7954
1778898932,R_75,29946.9476
1778898934,R_75,29940.3815
1778898936,R_75,29952.4695
1778898938,R_75,29953.9151
1778898940,R_75,29949.8256
1778898942,R_75,29947.3459
1778898944,R_75,29944.6594
1778898946,R_75,29947.5865
1778898948,R_75,29950.9822
1778898950,R_75,29961.0683
1778898952,R_75,29958.0605
1778898954,R_75,29953.3657
1778898956,R_75,29959.4021
1778898958,R_75,29957.0465
1778898960,R_75,29954.574
1778898962,R_75,29954.056
1778898964,R_75,29949.5649
1778898966,R_75,29945.808
1778898968,R_75,29944.5447
1778898970,R_75,29944.9315
1778898972,R_75,29944.696
1778898974,R_75,29944.7225
1778898976,R_75,29954.372
1778898978,R_75,29962.3028
1778898980,R_75,29955.8109
1778898982,R_75,29962.4396
1778898984,R_75,29968.9901
1778898986,R_75,29967.7748
1778898988,R_75,29967.6893
1778898990,R_75,29962.1096
1778898992,R_75,29962.8645
1778898994,R_75,29963.3962
1778898996,R_75,29964.2919
1778898998,R_75,29956.0547
1778899000,R_75,29958.1769
1778899002,R_75,29955.5514
1778899004,R_75,29948.2898
1778899006,R_75,29948.9608
1778899008,R_75,29951.1037
1778899010,R_75,29955.6875
1778899012,R_75,29952.8327
1778899014,R_75,29954.4817
1778899016,R_75,29956.8792
1778899018,R_75,29954.0483
1778899020,R_75,29957.8619
1778899022,R_75,29955.8925
1778899024,R_75,29958.0721
1778899026,R_75,29950.6049
1778899028,R_75,29947.5187
1778899030,R_75,29954.2039
1778899032,R_75,29955.8493
1778899034,R_75,29953.176
1778899036,R_75,29943.0732
1778899038,R_75,29933.406
1778899040,R_75,29931.1549
1778899042,R_75,29933.4389
1778899044,R_75,29932.3463
1778899046,R_75,29929.5621
1778899048,R_75,29930.1229
1778899050,R_75,29932.1466
1778899052,R_75,29923.9938
1778899054,R_75,29920.0938
1778899056,R_75,29922.51
1778899058,R_75,29924.7884
1778899060,R_75,29933.2997
1778899062,R_75,29920.8739
1778899064,R_75,29921.4787
1778899066,R_75,29921.4632
1778899068,R_75,29927.2068
1778899070,R_75,29925.6283
1778899072,R_75,29922.6855
1778899074,R_75,29913.3479
1778899076,R_75,29915.571
1778899078,R_75,29913.9663
1778899080,R_75,29910.7005
1778899082,R_75,29912.55
1778899084,R_75,29915.5893
1778899086,R_75,29906.0493
1778899088,R_75,29906.0008
1778899090,R_75,29910.2834
1778899092,R_75,29908.5887
1778899094,R_75,29917.1279
1778899096,R_75,29922.6535
1778899098,R_75,29916.802
1778899100,R_75,29918.7629
1778899102,R_75,29908.3441
1778899104,R_75,29899.3437
1778899106,R_75,29909.4232
1778899108,R_75,29912.6906
1778899110,R_75,29912.0576
1778899112,R_75,29901.6863
1778899114,R_75,29899.7499
1778899116,R_75,29888.5031
1778899118,R_75,29887.8553
1778899120,R_75,29888.8143
1778899122,R_75,29885.4482
1778899124,R_75,29881.5578
1778899126,R_75,29886.0828
1778899128,R_75,29878.3406
1778899130,R_75,29880.3855
1778899132,R_75,29889.9924
1778899134,R_75,29892.4304
1778899136,R_75,29897.7797
1778899138,R_75,29895.141
1778899140,R_75,29900.2159
1778899142,R_75,29895.5112
1778899144,R_75,29888.4629
1778899146,R_75,29893.0494
1778899148,R_75,29900.0309
1778899150,R_75,29903.0789
1778899152,R_75,29901.6119
1778899154,R_75,29898.8848
1778899156,R_75,29892.7801
1778899158,R_75,29904.9292
1778899160,R_75,29897.9752
1778899162,R_75,29892.1682
1778899164,R_75,29885.9243
1778899166,R_75,29883.1499
1778899168,R_75,29873.6197
1778899170,R_75,29879.2954
1778899172,R_75,29893.0146
1778899174,R_75,29899.7813
1778899176,R_75,29892.6743
1778899178,R_75,29890.485
1778899180,R_75,29890.174
1778899182,R_75,29886.0602
1778899184,R_75,29899.5939
1778899186,R_75,29892.4594
1778899188,R_75,29894.7215
1778899190,R_75,29898.6524
1778899192,R_75,29894.6863
1778899194,R_75,29889.2454
1778899196,R_75,29896.5103
1778899198,R_75,29898.2711
1778899200,R_75,29898.394
1778899202,R_75,29901.6252
1778899204,R_75,29898.4133
1778899206,R_75,29911.8752
1778899208,R_75,29912.9373
1778899210,R_75,29912.5828
1778899212,R_75,29919.1277
1778899214,R_75,29911.4907
1778899216,R_75,29912.2709
1778899218,R_75,29901.3177
1778899220,R_75,29907.9778
1778899222,R_75,29916.7233
1778899224,R_75,29905.426
1778899226,R_75,29904.5652
1778899228,R_75,29909.3548
1778899230,R_75,29908.8393
1778899232,R_75,29918.7549
1778899234,R_75,29927.1857
1778899236,R_75,29915.7399
1778899238,R_75,29903.9925
1778899240,R_75,29905.6272
1778899242,R_75,29902.3746
1778899244,R_75,29908.1916
1778899246,R_75,29894.4625
1778899248,R_75,29891.571
1778899250,R_75,29895.8845
1778899252,R_75,29897.2836
1778899254,R_75,29904.5728
1778899256,R_75,29900.3504
1778899258,R_75,29904.1906
1778899260,R_75,29905.4193
1778899262,R_75,29911.1561
1778899264,R_75,29914.8564
1778899266,R_75,29921.0462
1778899268,R_75,29927.2477
1778899270,R_75,29923.6154
1778899272,R_75,29925.806
1778899274,R_75,29926.4324
1778899276,R_75,29935.4362
1778899278,R_75,29931.766
1778899280,R_75,29923.4816
1778899282,R_75,29921.4107
1778899284,R_75,29922.1222
1778899286,R_75,29923.9564
1778899288,R_75,29928.7687
1778899290,R_75,29928.0516
1778899292,R_75,29920.1657
1778899294,R_75,29916.2715
1778899296,R_75,29917.6849
1778899298,R_75,29914.4375
1778899300,R_75,29915.0335
1778899302,R_75,29912.8299
1778899304,R_75,29912.413
1778899306,R_75,29917.0675
1778899308,R_75,29909.0537
1778899310,R_75,29913.0173
1778899312,R_75,29909.3774
1778899314,R_75,29916.5725
1778899316,R_75,29914.0717
1778899318,R_75,29906.6802
1778899320,R_75,29901.627
1778899322,R_75,29894.0402
1778899324,R_75,29891.1941
1778899326,R_75,29890.0177
1778899328,R_75,29890.0552
1778899330,R_75,29897.9519
1778899332,R_75,29903.1874
1778899334,R_75,29902.0555
1778899336,R_75,29905.5502
1778899338,R_75,29912.2918
1778899340,R_75,29910.7876
1778899342,R_75,29911.4143
1778899344,R_75,29910.0623
1778899346,R_75,29910.7664
1778899348,R_75,29910.8358
1778899350,R_75,29902.737
1778899352,R_75,29897.0781
1778899354,R_75,29891.8773
1778899356,R_75,29887.878
1778899358,R_75,29882.7691
1778899360,R_75,29891.2092
1778899362,R_75,29897.1734
1778899364,R_75,29897.6913
1778899366,R_75,29895.3814
1778899368,R_75,29892.8387
1778899370,R_75,29888.4421
1778899372,R_75,29882.5792
1778899374,R_75,29885.9993
1778899376,R_75,29879.1957
1778899378,R_75,29879.2606
1778899380,R_75,29877.4668
1778899382,R_75,29871.0888
1778899384,R_75,29864.2914
1778899386,R_75,29862.3953
1778899388,R_75,29866.8878
1778899390,R_75,29872.2044
1778899392,R_75,29870.774
1778899394,R_75,29858.8704
1778899396,R_75,29852.9267
1778899398,R_75,29843.159
1778899400,R_75,29830.1867
1778899402,R_75,29828.2311
1778899404,R_75,29825.5536
1778899406,R_75,29827.3069
1778899408,R_75,29828.8083
1778899410,R_75,29834.7306
1778899412,R_75,29834.0649
1778899414,R_75,29825.5221
1778899416,R_75,29833.6964
1778899418,R_75,29831.6001
1778899420,R_75,29836.8012
1778899422,R_75,29831.4226
1778899424,R_75,29827.8716
1778899426,R_75,29823.1421
1778899428,R_75,29816.4637
1778899430,R_75,29822.4582
1778899432,R_75,29821.0484
1778899434,R_75,29808.9317
1778899436,R_75,29811.8342
1778899438,R_75,29800.1857
1778899440,R_75,29805.5577
1778899442,R_75,29805.3513
1778899444,R_75,29800.0914
1778899446,R_75,29798.1438
1778899448,R_75,29797.4324
1778899450,R_75,29799.6346
1778899452,R_75,29796.713
1778899454,R_75,29791.9618
1778899456,R_75,29790.5744
1778899458,R_75,29797.5562
1778899460,R_75,29790.3273
1778899462,R_75,29795.6914
1778899464,R_75,29793.4285
1778899466,R_75,29792.1985
1778899468,R_75,29799.0044
1778899470,R_75,29805.3989
1778899472,R_75,29801.914
1778899474,R_75,29807.8519
1778899476,R_75,29802.7485
1778899478,R_75,29801.9112
1778899480,R_75,29797.8869
1778899482,R_75,29794.9335
1778899484,R_75,29797.7815
1778899486,R_75,29795.9205
1778899488,R_75,29788.8468
1778899490,R_75,29791.6168
1778899492,R_75,29795.426
1778899494,R_75,29802.7982
1778899496,R_75,29801.434
1778899498,R_75,29796.5384
1778899500,R_75,29786.1326
1778899502,R_75,29779.969
1778899504,R_75,29785.8179
1778899506,R_75,29789.5674
1778899508,R_75,29789.9148
1778899510,R_75,29788.5749
1778899512,R_75,29784.4154
1778899514,R_75,29785.553
1778899516,R_75,29785.8769
1778899518,R_75,29783.6129
1778899520,R_75,29777.7883
1778899522,R_75,29778.2244
1778899524,R_75,29774.1553
1778899526,R_75,29773.5105
1778899528,R_75,29775.3918
1778899530,R_75,29781.7328
1778899532,R_75,29784.6299
1778899534,R_75,29782.6675
1778899536,R_75,29787.6623
1778899538,R_75,29792.9071
1778899540,R_75,29789.8034
1778899542,R_75,29795.2706
1778899544,R_75,29804.4669
1778899546,R_75,29808.9532
1778899548,R_75,29815.8502
1778899550,R_75,29817.459
1778899552,R_75,29817.0829
1778899554,R_75,29811.2829
1778899556,R_75,29823.771
1778899558,R_75,29823.9709
1778899560,R_75,29832.8691
1778899562,R_75,29840.9083
1778899564,R_75,29837.0858
1778899566,R_75,29827.8012
1778899568,R_75,29822.5392
1778899570,R_75,29819.8565
1778899572,R_75,29817.5942
1778899574,R_75,29814.0432
1778899576,R_75,29818.956
1778899578,R_75,29827.4413
1778899580,R_75,29824.6606
1778899582,R_75,29825.6621
1778899584,R_75,29826.5626
1778899586,R_75,29823.3411
1778899588,R_75,29820.7486
1778899590,R_75,29828.5295
1778899592,R_75,29823.7078
1778899594,R_75,29829.5317
1778899596,R_75,29831.3341
1778899598,R_75,29835.8699
1778899600,R_75,29836.9668
1778899602,R_75,29830.4942
1778899604,R_75,29829.755
1778899606,R_75,29825.9413
1778899608,R_75,29816.1167
1778899610,R_75,29809.846
1778899612,R_75,29809.9395
1778899614,R_75,29810.8307
1778899616,R_75,29804.9949
1778899618,R_75,29800.05
1778899620,R_75,29795.1185
1778899622,R_75,29783.058
1778899624,R_75,29783.6269
1778899626,R_75,29777.0469
1778899628,R_75,29777.3406
1778899630,R_75,29783.9547
1778899632,R_75,29780.1209
1778899634,R_75,29788.5678
1778899636,R_75,29796.1485
1778899638,R_75,29796.7989
1778899640,R_75,29795.3282
1778899642,R_75,29803.3552
1778899644,R_75,29798.3032
1778899646,R_75,29796.4479
1778899648,R_75,29803.7826
1778899650,R_75,29811.8407
1778899652,R_75,29811.0571
1778899654,R_75,29811.1635
1778899656,R_75,29807.8739
1778899658,R_75,29798.1911
1778899660,R_75,29800.7188
1778899662,R_75,29798.4926
1778899664,R_75,29808.9548
1778899666,R_75,29808.2155
1778899668,R_75,29810.8451
1778899670,R_75,29811.2235
1778899672,R_75,29816.393
1778899674,R_75,29820.1996
1778899676,R_75,29814.2381
1778899678,R_75,29813.5264
1778899680,R_75,29816.4267
1778899682,R_75,29811.9891
1778899684,R_75,29809.4629
1778899686,R_75,29813.3786
1778899688,R_75,29809.372
1778899690,R_75,29809.3847
1778899692,R_75,29809.8708
1778899694,R_75,29806.914
1778899696,R_75,29813.1842
1778899698,R_75,29812.0225
1778899700,R_75,29813.7873
1778899702,R_75,29814.2723
1778899704,R_75,29796.2917
1778899706,R_75,29789.8252
1778899708,R_75,29779.0236
1778899710,R_75,29782.4373
1778899712,R_75,29774.2708
1778899714,R_75,29776.7523
1778899716,R_75,29781.4704
1778899718,R_75,29789.4257
1778899720,R_75,29786.1451
