epoch,symbol,price
1777594168,R_75,33856.0552
1777594170,R_75,33864.0404
1777594172,R_75,33857.1671
1777594174,R_75,33859.4003
1777594176,R_75,33855.8983
1777594178,R_75,33854.5145
1777594180,R_75,33863.8504
1777594182,R_75,33868.7652
1777594184,R_75,33874.5032
1777594186,R_75,33863.9942
1777594188,R_75,33860.7735
1777594190,R_75,33867.7035
1777594192,R_75,33866.0831
1777594194,R_75,33855.1021
1777594196,R_75,33860.6172
1777594198,R_75,33855.5034
1777594200,R_75,33865.3999
1777594202,R_75,33862.1679
1777594204,R_75,33853.989
1777594206,R_75,33852.177
1777594208,R_75,33849.6769
1777594210,R_75,33846.6523
1777594212,R_75,33842.6645
1777594214,R_75,33831.7192
1777594216,R_75,33843.5353
1777594218,R_75,33846.3737
1777594220,R_75,33845.1412
1777594222,R_75,33844.5635
1777594224,R_75,33843.2096
1777594226,R_75,33833.1807
1777594228,R_75,33841.4519
1777594230,R_75,33846.3739
1777594232,R_75,33835.0593
1777594234,R_75,33833.9224
1777594236,R_75,33825.3913
1777594238,R_75,33811.9993
1777594240,R_75,33812.9454
1777594242,R_75,33811.0584
1777594244,R_75,33813.5017
1777594246,R_75,33807.6852
1777594248,R_75,33819.9777
1777594250,R_75,33805.577
1777594252,R_75,33805.1854
1777594254,R_75,33804.514
1777594256,R_75,33807.3521
1777594258,R_75,33812.8968
1777594260,R_75,33807.841
1777594262,R_75,33814.0792
1777594264,R_75,33818.5216
1777594266,R_75,33807.9561
1777594268,R_75,33809.4992
1777594270,R_75,33807.3404
1777594272,R_75,33810.4035
1777594274,R_75,33825.8138
1777594276,R_75,33828.6532
1777594278,R_75,33830.3748
1777594280,R_75,33829.4735
1777594282,R_75,33823.8755
1777594284,R_75,33836.1338
1777594286,R_75,33840.6128
1777594288,R_75,33847.6391
1777594290,R_75,33848.6433
1777594292,R_75,33848.1881
1777594294,R_75,33845.0478
1777594296,R_75,33844.0952
1777594298,R_75,33846.7974
1777594300,R_75,33851.3972
1777594302,R_75,33847.5033
1777594304,R_75,33844.3156
1777594306,R_75,33846.3561
1777594308,R_75,33842.4782
1777594310,R_75,33841.8548
1777594312,R_75,33840.0488
1777594314,R_75,33830.7646
1777594316,R_75,33826.2185
1777594318,R_75,33821.2997
1777594320,R_75,33820.0475
1777594322,R_75,33812.5112
1777594324,R_75,33812.658
1777594326,R_75,33800.8605
1777594328,R_75,33808.876
1777594330,R_75,33805.372
1777594332,R_75,33815.6204
1777594334,R_75,33807.8089
1777594336,R_75,33818.6495
1777594338,R_75,33802.9884
1777594340,R_75,33804.6485
1777594342,R_75,33805.8806
1777594344,R_75,33810.7877
1777594346,R_75,33814.9063
1777594348,R_75,33821.0967
1777594350,R_75,33812.7862
1777594352,R_75,33814.1686
1777594354,R_75,33809.0615
1777594356,R_75,33824.6592
1777594358,R_75,33815.6642
1777594360,R_75,33814.9794
1777594362,R_75,33823.5128
1777594364,R_75,33818.5808
1777594366,R_75,33822.6975
1777594368,R_75,33820.0055
1777594370,R_75,33822.733
1777594372,R_75,33824.1282
1777594374,R_75,33822.2275
1777594376,R_75,33830.1205
1777594378,R_75,33834.3585
1777594380,R_75,33831.6736
1777594382,R_75,33829.6363
1777594384,R_75,33831.9174
1777594386,R_75,33828.7386
1777594388,R_75,33831.6447
1777594390,R_75,33829.682
1777594392,R_75,33834.1391
1777594394,R_75,33841.7147
1777594396,R_75,33837.386
1777594398,R_75,33840.3514
1777594400,R_75,33838.9842
1777594402,R_75,33832.6102
1777594404,R_75,33820.9861
1777594406,R_75,33821.1231
1777594408,R_75,33813.389
1777594410,R_75,33815.4362
1777594412,R_75,33812.1007
1777594414,R_75,33807.4773
1777594416,R_75,33802.8085
1777594418,R_75,33793.4142
1777594420,R_75,33792.3212
1777594422,R_75,33776.5737
1777594424,R_75,33778.3473
1777594426,R_75,33778.5719
1777594428,R_75,33791.9307
1777594430,R_75,33791.6694
1777594432,R_75,33780.3212
1777594434,R_75,33786.2714
1777594436,R_75,33783.1508
1777594438,R_75,33789.6328
1777594440,R_75,33791.3837
1777594442,R_75,33793.0842
1777594444,R_75,33790.5655
1777594446,R_75,33783.9893
1777594448,R_75,33782.0522
1777594450,R_75,33784.2109
1777594452,R_75,33777.9612
1777594454,R_75,33776.7705
1777594456,R_75,33771.2907
1777594458,R_75,33776.4795
1777594460,R_75,33780.0277
1777594462,R_75,33787.7425
1777594464,R_75,33790.9998
1777594466,R_75,33786.5943
1777594468,R_75,33779.3839
1777594470,R_75,33779.444
1777594472,R_75,33773.1079
1777594474,R_75,33771.2952
1777594476,R_75,33762.4809
1777594478,R_75,33769.3728
1777594480,R_75,33778.8996
1777594482,R_75,33777.6922
1777594484,R_75,33767.359
1777594486,R_75,33773.9945
1777594488,R_75,33778.8273
1777594490,R_75,33787.7113
1777594492,R_75,33792.6725
1777594494,R_75,33782.1652
1777594496,R_75,33773.6909
1777594498,R_75,33777.1647
1777594500,R_75,33782.1079
1777594502,R_75,33779.8328
1777594504,R_75,33767.1802
1777594506,R_75,33763.8318
1777594508,R_75,33758.9158
1777594510,R_75,33748.2722
1777594512,R_75,33747.0979
1777594514,R_75,33746.0987
1777594516,R_75,33744.763
1777594518,R_75,33740.6618
1777594520,R_75,33737.9909
1777594522,R_75,33736.2188
1777594524,R_75,33735.8111
1777594526,R_75,33735.6086
1777594528,R_75,33727.9139
1777594530,R_75,33724.9066
1777594532,R_75,33721.5801
1777594534,R_75,33718.8316
1777594536,R_75,33716.4671
1777594538,R_75,33718.9085
1777594540,R_75,33721.6638
1777594542,R_75,33719.6538
1777594544,R_75,33717.7459
1777594546,R_75,33718.1601
1777594548,R_75,33719.132
1777594550,R_75,33706.9723
1777594552,R_75,33695.8614
1777594554,R_75,33701.9685
1777594556,R_75,33709.6007
1777594558,R_75,33717.2283
1777594560,R_75,33719.8476
1777594562,R_75,33720.9036
1777594564,R_75,33722.0307
1777594566,R_75,33728.2517
1777594568,R_75,33723.3731
1777594570,R_75,33730.0185
1777594572,R_75,33727.6298
1777594574,R_75,33720.5011
1777594576,R_75,33722.5672
1777594578,R_75,33733.9169
1777594580,R_75,33732.8575
1777594582,R_75,33730.9061
1777594584,R_75,33731.0801
1777594586,R_75,33732.5712
1777594588,R_75,33724.108
1777594590,R_75,33719.4267
1777594592,R_75,33713.5565
1777594594,R_75,33706.2575
1777594596,R_75,33706.7302
1777594598,R_75,33705.638
1777594600,R_75,33702.8542
1777594602,R_75,33711.4218
1777594604,R_75,33708.7778
1777594606,R_75,33708.4618
1777594608,R_75,33704.9926
1777594610,R_75,33700.0279
1777594612,R_75,33701.0401
1777594614,R_75,33699.2478
1777594616,R_75,33693.4466
1777594618,R_75,33697.117
1777594620,R_75,33698.1888
1777594622,R_75,33698.4403
1777594624,R_75,33696.1086
1777594626,R_75,33702.0051
1777594628,R_75,33713.4229
1777594630,R_75,33706.2623
1777594632,R_75,33705.9807
1777594634,R_75,33707.7613
1777594636,R_75,33715.6401
1777594638,R_75,33717.206
1777594640,R_75,33722.896
1777594642,R_75,33725.9019
1777594644,R_75,33722.574
1777594646,R_75,33718.1546
1777594648,R_75,33711.2636
1777594650,R_75,33711.9885
1777594652,R_75,33719.0311
1777594654,R_75,33722.0403
1777594656,R_75,33724.7432
1777594658,R_75,33729.8618
1777594660,R_75,33733.8775
1777594662,R_75,33733.5985
1777594664,R_75,33730.083
1777594666,R_75,33733.7141
1777594668,R_75,33728.8268
1777594670,R_75,33718.9608
1777594672,R_75,33718.9982
1777594674,R_75,33734.5032
1777594676,R_75,33736.8638
1777594678,R_75,33741.2819
1777594680,R_75,33734.3371
1777594682,R_75,33730.3799
1777594684,R_75,33729.2283
1777594686,R_75,33738.6483
1777594688,R_75,33736.1506
1777594690,R_75,33730.4633
1777594692,R_75,33730.5383
1777594694,R_75,33730.1973
1777594696,R_75,33720.688
1777594698,R_75,33712.313
1777594700,R_75,33711.113
1777594702,R_75,33718.0542
1777594704,R_75,33723.9208
1777594706,R_75,33722.8144
1777594708,R_75,33724.2195
1777594710,R_75,33721.9554
1777594712,R_75,33726.7607
1777594714,R_75,33715.4139
1777594716,R_75,33717.9607
1777594718,R_75,33720.63
1777594720,R_75,33717.8795
1777594722,R_75,33727.5511
1777594724,R_75,33729.6022
1777594726,R_75,33731.5787
1777594728,R_75,33725.4538
1777594730,R_75,33722.1223
1777594732,R_75,33727.2976
1777594734,R_75,33727.363
1777594736,R_75,33740.1372
1777594738,R_75,33741.5489
1777594740,R_75,33743.2073
1777594742,R_75,33732.8354
1777594744,R_75,33731.4397
1777594746,R_75,33723.7262
1777594748,R_75,33723.5544
1777594750,R_75,33722.6636
1777594752,R_75,33733.0997
1777594754,R_75,33742.17
1777594756,R_75,33753.5366
1777594758,R_75,33753.3377
1777594760,R_75,33756.9721
1777594762,R_75,33761.7708
1777594764,R_75,33770.2847
1777594766,R_75,33770.6176
1777594768,R_75,33775.2408
1777594770,R_75,33771.4794
1777594772,R_75,33772.4285
1777594774,R_75,33775.9984
1777594776,R_75,33769.7976
1777594778,R_75,33776.9246
1777594780,R_75,33768.1023
1777594782,R_75,33770.5213
1777594784,R_75,33772.8822
1777594786,R_75,33771.9686
1777594788,R_75,33764.2201
1777594790,R_75,33772.8054
1777594792,R_75,33766.3513
1777594794,R_75,33765.3241
1777594796,R_75,33752.2378
1777594798,R_75,33760.1962
1777594800,R_75,33762.4913
1777594802,R_75,33776.8041
1777594804,R_75,33776.1296
1777594806,R_75,33780.5673
1777594808,R_75,33774.9316
1777594810,R_75,33784.006
1777594812,R_75,33784.789
1777594814,R_75,33783.8777
1777594816,R_75,33787.4559
1777594818,R_75,33793.4502
1777594820,R_75,33795.018
1777594822,R_75,33786.2849
1777594824,R_75,33788.5581
1777594826,R_75,33786.5468
1777594828,R_75,33775.565
1777594830,R_75,33778.0135
1777594832,R_75,33788.841
1777594834,R_75,33794.7714
1777594836,R_75,33800.5911
1777594838,R_75,33792.1652
1777594840,R_75,33786.9062
1777594842,R_75,33782.5947
1777594844,R_75,33782.1299
1777594846,R_75,33782.7334
1777594848,R_75,33796.3334
1777594850,R_75,33795.6199
1777594852,R_75,33792.2595
1777594854,R_75,33797.6953
1777594856,R_75,33802.7411
1777594858,R_75,33802.9105
1777594860,R_75,33804.9205
1777594862,R_75,33813.5526
1777594864,R_75,33809.0907
1777594866,R_75,33810.9521
1777594868,R_75,33813.5949
1777594870,R_75,33803.9019
1777594872,R_75,33818.8942
1777594874,R_75,33829.6345
1777594876,R_75,33829.6846
1777594878,R_75,33823.8343
1777594880,R_75,33820.7449
1777594882,R_75,33823.9808
1777594884,R_75,33817.4051
1777594886,R_75,33818.986
1777594888,R_75,33827.5585
1777594890,R_75,33820.959
1777594892,R_75,33831.2166
1777594894,R_75,33831.4398
1777594896,R_75,33836.059
1777594898,R_75,33834.5023
1777594900,R_75,33835.907
1777594902,R_75,33836.0086
1777594904,R_75,33844.0234
1777594906,R_75,33841.7324
1777594908,R_75,33846.0268
1777594910,R_75,33849.0284
1777594912,R_75,33846.2625
1777594914,R_75,33844.929
1777594916,R_75,33847.1667
1777594918,R_75,33845.1501
1777594920,R_75,33857.0284
1777594922,R_75,33860.4404
1777594924,R_75,33854.2385
1777594926,R_75,33853.846
1777594928,R_75,33855.5555
1777594930,R_75,33852.7591
1777594932,R_75,33851.4557
1777594934,R_75,33847.7779
1777594936,R_75,33855.9966
1777594938,R_75,33844.482
1777594940,R_75,33850.325
1777594942,R_75,33854.3013
1777594944,R_75,33852.7659
1777594946,R_75,33857.1008
1777594948,R_75,33857.9517
1777594950,R_75,33853.7447
1777594952,R_75,33855.4744
1777594954,R_75,33853.1535
1777594956,R_75,33852.8929
1777594958,R_75,33855.9963
1777594960,R_75,33862.6623
1777594962,R_75,33869.3849
1777594964,R_75,33862.4906
1777594966,R_75,33850.2267
1777594968,R_75,33847.0291
1777594970,R_75,33853.9209
1777594972,R_75,33850.7395
1777594974,R_75,33846.2577
1777594976,R_75,33829.4292
1777594978,R_75,33836.9772
1777594980,R_75,33834.774
1777594982,R_75,33824.9691
1777594984,R_75,33809.549
1777594986,R_75,33811.1097
1777594988,R_75,33819.5081
1777594990,R_75,33832.8206
1777594992,R_75,33843.9036
1777594994,R_75,33837.5107
1777594996,R_75,33838.2064
1777594998,R_75,33835.1359
1777595000,R_75,33825.2646
1777595002,R_75,33826.1181
1777595004,R_75,33826.5233
1777595006,R_75,33835.6686
1777595008,R_75,33834.0041
1777595010,R_75,33836.9206
1777595012,R_75,33834.0853
1777595014,R_75,33840.4473
1777595016,R_75,33838.9288
1777595018,R_75,33855.7831
1777595020,R_75,33849.9623
1777595022,R_75,33851.9538
1777595024,R_75,33846.9846
1777595026,R_75,33849.6315
1777595028,R_75,33850.9798
1777595030,R_75,33866.4367
1777595032,R_75,33877.6019
1777595034,R_75,33876.6013
1777595036,R_75,33876.8659
1777595038,R_75,33871.0032
1777595040,R_75,33877.6821
1777595042,R_75,33873.2838
1777595044,R_75,33869.8602
1777595046,R_75,33872.5786
1777595048,R_75,33865.403
1777595050,R_75,33860.2244
1777595052,R_75,33857.5928
1777595054,R_75,33867.0869
1777595056,R_75,33859.4296
1777595058,R_75,33853.7216
1777595060,R_75,33851.2137
1777595062,R_75,33841.1702
1777595064,R_75,33836.6792
1777595066,R_75,33839.6593
1777595068,R_75,33836.0644
1777595070,R_75,33829.0168
1777595072,R_75,33838.4687
1777595074,R_75,33837.6743
1777595076,R_75,33845.3154
1777595078,R_75,33843.736
1777595080,R_75,33836.8234
1777595082,R_75,33842.666
1777595084,R_75,33832.9946
1777595086,R_75,33828.262
1777595088,R_75,33839.8624
1777595090,R_75,33838.4015
1777595092,R_75,33832.4378
1777595094,R_75,33829.05
1777595096,R_75,33821.5976
1777595098,R_75,33815.8125
1777595100,R_75,33814.9559
1777595102,R_75,33809.6071
1777595104,R_75,33807.3032
1777595106,R_75,33812.8191
1777595108,R_75,33815.5638
1777595110,R_75,33807.9903
1777595112,R_75,33817.0761
1777595114,R_75,33805.1166
1777595116,R_75,33803.8005
1777595118,R_75,33809.2474
1777595120,R_75,33813.1108
1777595122,R_75,33797.7759
1777595124,R_75,33804.2994
1777595126,R_75,33808.9538
1777595128,R_75,33818.802
1777595130,R_75,33822.1881
1777595132,R_75,33824.7079
1777595134,R_75,33824.6857
1777595136,R_75,33816.0361
1777595138,R_75,33817.0054
1777595140,R_75,33824.5281
1777595142,R_75,33809.1887
1777595144,R_75,33812.1752
1777595146,R_75,33819.1663
1777595148,R_75,33820.9156
1777595150,R_75,33823.0112
1777595152,R_75,33828.0079
1777595154,R_75,33827.5291
1777595156,R_75,33825.3911
1777595158,R_75,33819.934
1777595160,R_75,33825.2104
1777595162,R_75,33831.2761
1777595164,R_75,33831.5953
1777595166,R_75,33827.8365
1777595168,R_75,33830.9607
1777595170,R_75,33829.4575
1777595172,R_75,33826.1863
1777595174,R_75,33828.5508
1777595176,R_75,33838.1504
1777595178,R_75,33844.1296
1777595180,R_75,33851.1498
1777595182,R_75,33856.3511
1777595184,R_75,33863.1639
1777595186,R_75,33867.752
1777595188,R_75,33874.1413
1777595190,R_75,33871.9806
1777595192,R_75,33866.7759
1777595194,R_75,33868.2752
1777595196,R_75,33874.9557
1777595198,R_75,33875.8754
1777595200,R_75,33872.1819
1777595202,R_75,33872.7506
1777595204,R_75,33873.1696
1777595206,R_75,33867.7499
1777595208,R_75,33873.6528
1777595210,R_75,33872.4525
1777595212,R_75,33856.3805
1777595214,R_75,33852.2236
1777595216,R_75,33851.0272
1777595218,R_75,33866.4857
1777595220,R_75,33871.1639
1777595222,R_75,33871.4939
1777595224,R_75,33869.0211
1777595226,R_75,33871.287
1777595228,R_75,33871.2677
1777595230,R_75,33874.6505
1777595232,R_75,33877.2178
1777595234,R_75,33879.6869
1777595236,R_75,33882.5357
1777595238,R_75,33884.2408
1777595240,R_75,33883.6597
1777595242,R_75,33886.0878
1777595244,R_75,33885.66
1777595246,R_75,33889.2622
1777595248,R_75,33907.7696
1777595250,R_75,33912.4964
1777595252,R_75,33914.3154
1777595254,R_75,33918.5235
1777595256,R_75,33919.4202
1777595258,R_75,33917.0711
1777595260,R_75,33923.2265
1777595262,R_75,33923.6357
1777595264,R_75,33929.7121
1777595266,R_75,33920.9266
1777595268,R_75,33935.9116
1777595270,R_75,33930.9073
1777595272,R_75,33921.7142
1777595274,R_75,33923.747
1777595276,R_75,33918.9286
1777595278,R_75,33920.6126
1777595280,R_75,33917.5862
1777595282,R_75,33907.1199
1777595284,R_75,33901.1007
1777595286,R_75,33903.3279
1777595288,R_75,33919.4916
1777595290,R_75,33915.4341
1777595292,R_75,33914.8839
1777595294,R_75,33913.9196
1777595296,R_75,33911.9665
1777595298,R_75,33917.4359
1777595300,R_75,33915.7358
1777595302,R_75,33913.4039
1777595304,R_75,33897.1048
1777595306,R_75,33887.4499
1777595308,R_75,33885.4377
1777595310,R_75,33888.4465
1777595312,R_75,33879.275
1777595314,R_75,33869.9457
1777595316,R_75,33871.7205
1777595318,R_75,33880.8839
1777595320,R_75,33885.5902
1777595322,R_75,33900.989
1777595324,R_75,33910.4923
1777595326,R_75,33917.7217
1777595328,R_75,33920.96
1777595330,R_75,33921.4969
1777595332,R_75,33936.426
1777595334,R_75,33933.5642
1777595336,R_75,33929.3082
1777595338,R_75,33930.1231
1777595340,R_75,33941.0893
1777595342,R_75,33950.4149
1777595344,R_75,33956.5065
1777595346,R_75,33955.4239
1777595348,R_75,33946.1858
1777595350,R_75,33941.3387
1777595352,R_75,33947.1043
1777595354,R_75,33951.225
1777595356,R_75,33942.7401
1777595358,R_75,33954.4286
1777595360,R_75,33959.1823
1777595362,R_75,33947.7607
1777595364,R_75,33942.3517
1777595366,R_75,33942.1085
1777595368,R_75,33936.0972
1777595370,R_75,33943.4901
1777595372,R_75,33941.8157
1777595374,R_75,33946.4257
1777595376,R_75,33939.7549
1777595378,R_75,33941.0013
1777595380,R_75,33940.8148
1777595382,R_75,33933.8785
1777595384,R_75,33943.5965
1777595386,R_75,33946.7854
1777595388,R_75,33947.1284
1777595390,R_75,33941.5693
1777595392,R_75,33945.6256
1777595394,R_75,33944.5013
1777595396,R_75,33941.038
1777595398,R_75,33936.3
1777595400,R_75,33945.5158
1777595402,R_75,33940.5002
1777595404,R_75,33937.0149
1777595406,R_75,33940.3178
1777595408,R_75,33943.3934
1777595410,R_75,33931.064
1777595412,R_75,33922.7668
1777595414,R_75,33923.9497
1777595416,R_75,33913.7648
1777595418,R_75,33912.6027
1777595420,R_75,33920.1851
1777595422,R_75,33928.3718
1777595424,R_75,33923.1099
1777595426,R_75,33931.3176
1777595428,R_75,33914.8751
1777595430,R_75,33907.0784
1777595432,R_75,33899.304
1777595434,R_75,33891.9977
1777595436,R_75,33893.946
1777595438,R_75,33902.6757
1777595440,R_75,33907.4477
1777595442,R_75,33912.8037
1777595444,R_75,33912.6516
1777595446,R_75,33917.1267
1777595448,R_75,33910.9856
1777595450,R_75,33911.5615
1777595452,R_75,33906.061
1777595454,R_75,33913.9029
1777595456,R_75,33909.4684
1777595458,R_75,33909.1728
1777595460,R_75,33902.2897
1777595462,R_75,33914.0338
1777595464,R_75,33912.3534
1777595466,R_75,33907.8325
1777595468,R_75,33910.8162
1777595470,R_75,33909.6242
1777595472,R_75,33910.3793
1777595474,R_75,33907.4636
1777595476,R_75,33917.6529
1777595478,R_75,33912.2875
1777595480,R_75,33915.2691
1777595482,R_75,33904.1797
1777595484,R_75,33898.5326
1777595486,R_75,33902.8027
1777595488,R_75,33902.9517
1777595490,R_75,33896.8492
1777595492,R_75,33890.3371
1777595494,R_75,33891.0129
1777595496,R_75,33904.7385
1777595498,R_75,33912.7157
1777595500,R_75,33916.5291
1777595502,R_75,33925.8528
1777595504,R_75,33934.8403
1777595506,R_75,33941.7446
1777595508,R_75,33934.9618
1777595510,R_75,33938.6072
1777595512,R_75,33946.3098
1777595514,R_75,33950.1428
1777595516,R_75,33945.786
1777595518,R_75,33940.8769
1777595520,R_75,33942.7793
1777595522,R_75,33945.4744
1777595524,R_75,33948.597
1777595526,R_75,33956.7499
1777595528,R_75,33957.9519
1777595530,R_75,33941.9498
1777595532,R_75,33932.0341
1777595534,R_75,33933.366
1777595536,R_75,33935.0465
1777595538,R_75,33932.2327
1777595540,R_75,33928.3978
1777595542,R_75,33927.6631
1777595544,R_75,33922.5578
1777595546,R_75,33918.3387
1777595548,R_75,33924.3744
1777595550,R_75,33928.093
1777595552,R_75,33917.2376
1777595554,R_75,33915.7422
1777595556,R_75,33906.9859
1777595558,R_75,33911.4257
1777595560,R_75,33906.098
1777595562,R_75,33913.4235
1777595564,R_75,33909.8456
1777595566,R_75,33907.98
1777595568,R_75,33906.793
1777595570,R_75,33896.7208
1777595572,R_75,33901.297
1777595574,R_75,33892.3881
1777595576,R_75,33883.066
1777595578,R_75,33883.5401
1777595580,R_75,33884.9239
1777595582,R_75,33885.8156
1777595584,R_75,33886.0892
1777595586,R_75,33875.301
1777595588,R_75,33870.5777
1777595590,R_75,33875.4422
1777595592,R_75,33859.0322
1777595594,R_75,33847.2859
1777595596,R_75,33851.2595
1777595598,R_75,33853.4715
1777595600,R_75,33859.7138
1777595602,R_75,33848.3736
1777595604,R_75,33853.1497
1777595606,R_75,33860.7343
1777595608,R_75,33856.9338
1777595610,R_75,33856.1365
1777595612,R_75,33858.6921
1777595614,R_75,33867.0918
1777595616,R_75,33866.0506
1777595618,R_75,33867.4356
1777595620,R_75,33865.8363
1777595622,R_75,33875.9195
1777595624,R_75,33881.3308
1777595626,R_75,33878.3769
1777595628,R_75,33885.3869
1777595630,R_75,33883.3844
1777595632,R_75,33880.2296
1777595634,R_75,33890.4238
1777595636,R_75,33896.7808
1777595638,R_75,33897.1707
1777595640,R_75,33900.2013
1777595642,R_75,33896.8755
1777595644,R_75,33898.9127
1777595646,R_75,33891.4834
1777595648,R_75,33877.8295
1777595650,R_75,33881.8591
1777595652,R_75,33882.5731
1777595654,R_75,33887.5473
1777595656,R_75,33889.2414
1777595658,R_75,33898.8206
1777595660,R_75,33898.4097
1777595662,R_75,33907.361
1777595664,R_75,33908.3893
1777595666,R_75,33897.2768
1777595668,R_75,33907.215
1777595670,R_75,33905.9717
1777595672,R_75,33907.6724
1777595674,R_75,33914.1527
1777595676,R_75,33906.466
1777595678,R_75,33907.4812
1777595680,R_75,33906.0309
1777595682,R_75,33898.3754
1777595684,R_75,33896.8219
1777595686,R_75,33899.8173
1777595688,R_75,33902.7885
1777595690,R_75,33909.1217
1777595692,R_75,33923.0095
1777595694,R_75,33926.9112
1777595696,R_75,33931.5988
1777595698,R_75,33929.1113
1777595700,R_75,33935.4958
1777595702,R_75,33945.5945
1777595704,R_75,33946.6806
1777595706,R_75,33948.6697
1777595708,R_75,33952.6553
1777595710,R_75,33936.9936
1777595712,R_75,33936.3099
1777595714,R_75,33936.1757
1777595716,R_75,33932.9331
1777595718,R_75,33930.3566
1777595720,R_75,33922.88
1777595722,R_75,33928.1936
1777595724,R_75,33935.428
1777595726,R_75,33941.4471
1777595728,R_75,33951.8356
1777595730,R_75,33947.9786
1777595732,R_75,33950.2714
1777595734,R_75,33950.1762
1777595736,R_75,33951.2456
1777595738,R_75,33959.1244
1777595740,R_75,33957.4434
1777595742,R_75,33964.0166
1777595744,R_75,33951.5482
1777595746,R_75,33960.0111
1777595748,R_75,33976.3514
1777595750,R_75,33975.3792
1777595752,R_75,33972.0585
1777595754,R_75,33969.4471
1777595756,R_75,33969.605
1777595758,R_75,33963.2922
1777595760,R_75,33964.1776
1777595762,R_75,33965.165
1777595764,R_75,33957.4531
1777595766,R_75,33971.4102
1777595768,R_75,33959.248
1777595770,R_75,33970.1221
1777595772,R_75,33977.4605
1777595774,R_75,33972.8496
1777595776,R_75,33971.6655
1777595778,R_75,33970.0202
1777595780,R_75,33967.9616
1777595782,R_75,33983.709
1777595784,R_75,33978.8631
1777595786,R_75,33977.9745
1777595788,R_75,33984.4392
1777595790,R_75,33980.7648
1777595792,R_75,33978.0538
1777595794,R_75,33979.0118
1777595796,R_75,33979.8502
1777595798,R_75,33977.3585
1777595800,R_75,33985.0558
1777595802,R_75,33987.949
1777595804,R_75,33997.0282
1777595806,R_75,33987.4142
1777595808,R_75,33988.3139
1777595810,R_75,33995.5492
1777595812,R_75,33999.7795
1777595814,R_75,34002.6175
1777595816,R_75,34005.6057
1777595818,R_75,34008.4053
1777595820,R_75,34002.2683
1777595822,R_75,34002.4061
1777595824,R_75,34008.7873
1777595826,R_75,34008.7894
1777595828,R_75,34005.3249
1777595830,R_75,34014.2913
1777595832,R_75,34013.2312
1777595834,R_75,34007.9107
1777595836,R_75,34008.3039
1777595838,R_75,34004.9282
1777595840,R_75,34003.3705
1777595842,R_75,34000.389
1777595844,R_75,33990.7102
1777595846,R_75,33995.1913
1777595848,R_75,33985.5935
1777595850,R_75,33997.354
1777595852,R_75,34006.386
1777595854,R_75,34014.9894
1777595856,R_75,34016.0774
1777595858,R_75,34001.6827
1777595860,R_75,34007.8758
1777595862,R_75,34012.3444
1777595864,R_75,34016.2579
1777595866,R_75,34009.8476
1777595868,R_75,33998.8496
1777595870,R_75,34009.0113
1777595872,R_75,34021.577
1777595874,R_75,34032.0256
1777595876,R_75,34034.1482
1777595878,R_75,34041.5005
1777595880,R_75,34042.2667
1777595882,R_75,34049.2543
1777595884,R_75,34053.3181
1777595886,R_75,34047.4568
1777595888,R_75,34049.1238
1777595890,R_75,34056.1041
1777595892,R_75,34059.8313
1777595894,R_75,34061.638
1777595896,R_75,34072.8026
1777595898,R_75,34078.3244
1777595900,R_75,34057.9089
1777595902,R_75,34055.2241
1777595904,R_75,34064.0928
1777595906,R_75,34055.525
1777595908,R_75,34060.6796
1777595910,R_75,34065.8271
1777595912,R_75,34062.3932
1777595914,R_75,34058.9234
1777595916,R_75,34055.5774
1777595918,R_75,34051.6834
1777595920,R_75,34055.0292
1777595922,R_75,34050.9233
1777595924,R_75,34054.4719
1777595926,R_75,34051.0087
1777595928,R_75,34050.6528
1777595930,R_75,34044.5494
1777595932,R_75,34047.8851
1777595934,R_75,34056.2569
1777595936,R_75,34062.3396
1777595938,R_75,34055.1861
1777595940,R_75,34060.6258
1777595942,R_75,34065.4198
1777595944,R_75,34055.286
1777595946,R_75,34064.1502
1777595948,R_75,34069.7599
1777595950,R_75,34081.8494
1777595952,R_75,34089.9838
1777595954,R_75,34078.8418
1777595956,R_75,34075.7645
1777595958,R_75,34072.9437
1777595960,R_75,34084.6972
1777595962,R_75,34082.9472
1777595964,R_75,34079.1097
1777595966,R_75,34070.0739
1777595968,R_75,34073.8282
1777595970,R_75,34073.0595
1777595972,R_75,34076.9925
1777595974,R_75,34077.825
1777595976,R_75,34075.9846
1777595978,R_75,34082.1879
1777595980,R_75,34081.3662
1777595982,R_75,34079.3554
1777595984,R_75,34076.5507
1777595986,R_75,34070.0387
1777595988,R_75,34070.8413
1777595990,R_75,34070.8991
1777595992,R_75,34070.2802
1777595994,R_75,34065.1609
1777595996,R_75,34063.7508
1777595998,R_75,34065.6659
1777596000,R_75,34053.805
1777596002,R_75,34056.2565
1777596004,R_75,34062.8419
1777596006,R_75,34072.3358
1777596008,R_75,34069.9845
1777596010,R_75,34073.1254
1777596012,R_75,34066.9955
1777596014,R_75,34056.6217
1777596016,R_75,34062.7827
1777596018,R_75,34042.5537
1777596020,R_75,34049.4036
1777596022,R_75,34055.3295
1777596024,R_75,34053.6127
1777596026,R_75,34037.7337
1777596028,R_75,34038.9331
1777596030,R_75,34048.2895
1777596032,R_75,34038.1202
1777596034,R_75,34043.5549
1777596036,R_75,34042.279
1777596038,R_75,34038.0008
1777596040,R_75,34034.9909
1777596042,R_75,34033.9068
1777596044,R_75,34036.8993
1777596046,R_75,34023.383
1777596048,R_75,34022.2738
1777596050,R_75,34024.0415
1777596052,R_75,34019.4399
1777596054,R_75,34009.9671
1777596056,R_75,34006.2879
1777596058,R_75,34009.8911
1777596060,R_75,34014.2987
1777596062,R_75,34017.7749
1777596064,R_75,34004.5023
1777596066,R_75,34011.6578
1777596068,R_75,33999.2062
1777596070,R_75,33997.3633
1777596072,R_75,34000.5351
1777596074,R_75,33996.3218
1777596076,R_75,33999.162
1777596078,R_75,33999.2638
1777596080,R_75,33999.8315
1777596082,R_75,33991.8986
1777596084,R_75,33984.6196
1777596086,R_75,33991.5685
1777596088,R_75,33988.228
1777596090,R_75,33991.2009
1777596092,R_75,33990.6304
1777596094,R_75,33986.7204
1777596096,R_75,33994.7063
1777596098,R_75,34000.8025
1777596100,R_75,34003.792
1777596102,R_75,34000.7803
1777596104,R_75,33999.3354
1777596106,R_75,34003.6174
1777596108,R_75,34013.9243
1777596110,R_75,34019.353
1777596112,R_75,34023.2965
1777596114,R_75,34026.2417
1777596116,R_75,34028.7386
1777596118,R_75,34036.3948
1777596120,R_75,34042.9162
1777596122,R_75,34057.1427
1777596124,R_75,34056.8857
1777596126,R_75,34057.9122
1777596128,R_75,34053.5422
1777596130,R_75,34066.7027
1777596132,R_75,34062.7234
1777596134,R_75,34057.8122
1777596136,R_75,34061.6272
1777596138,R_75,34058.6795
1777596140,R_75,34058.2883
1777596142,R_75,34058.7486
1777596144,R_75,34058.5
1777596146,R_75,34056.912
1777596148,R_75,34056.9365
1777596150,R_75,34058.0802
1777596152,R_75,34055.2707
1777596154,R_75,34051.7412
1777596156,R_75,34049.0729
1777596158,R_75,34050.0614
1777596160,R_75,34060.0272
1777596162,R_75,34056.8244
1777596164,R_75,34062.0967
1777596166,R_75,34057.7661
1777596168,R_75,34054.9935
1777596170,R_75,34057.2319
1777596172,R_75,34067.5956
1777596174,R_75,34060.4892
1777596176,R_75,34060.1584
1777596178,R_75,34067.0824
1777596180,R_75,34068.7117
1777596182,R_75,34073.1443
1777596184,R_75,34078.5627
1777596186,R_75,34089.1317
1777596188,R_75,34092.1076
1777596190,R_75,34099.5296
1777596192,R_75,34089.3958
1777596194,R_75,34080.6624
1777596196,R_75,34078.5914
1777596198,R_75,34081.8995
1777596200,R_75,34086.9587
1777596202,R_75,34093.6966
1777596204,R_75,34098.8894
1777596206,R_75,34086.423
1777596208,R_75,34085.548
1777596210,R_75,34089.695
1777596212,R_75,34094.7404
1777596214,R_75,34090.2342
1777596216,R_75,34108.1483
1777596218,R_75,34104.7344
1777596220,R_75,34105.0389
1777596222,R_75,34125.7792
1777596224,R_75,34127.8716
1777596226,R_75,34129.0524
1777596228,R_75,34128.4646
1777596230,R_75,34118.6769
1777596232,R_75,34117.7817
1777596234,R_75,34110.1969
1777596236,R_75,34113.0544
1777596238,R_75,34117.2858
1777596240,R_75,34129.0059
1777596242,R_75,34139.4221
1777596244,R_75,34135.2517
1777596246,R_75,34140.7683
1777596248,R_75,34148.9465
1777596250,R_75,34149.0612
1777596252,R_75,34153.026
1777596254,R_75,34157.7698
1777596256,R_75,34149.7386
1777596258,R_75,34141.0542
1777596260,R_75,34141.3137
1777596262,R_75,34147.033
1777596264,R_75,34169.2537
1777596266,R_75,34179.2966
1777596268,R_75,34180.1811
1777596270,R_75,34177.9385
1777596272,R_75,34173.997
1777596274,R_75,34174.9941
1777596276,R_75,34183.3313
1777596278,R_75,34175.835
1777596280,R_75,34175.5175
1777596282,R_75,34167.3583
1777596284,R_75,34173.266
1777596286,R_75,34168.2488
1777596288,R_75,34169.8765
1777596290,R_75,34168.3545
1777596292,R_75,34179.8417
1777596294,R_75,34184.8853
1777596296,R_75,34183.3914
1777596298,R_75,34176.7712
1777596300,R_75,34182.8195
1777596302,R_75,34178.9583
1777596304,R_75,34169.9323
1777596306,R_75,34171.3371
1777596308,R_75,34178.4623
1777596310,R_75,34168.4465
1777596312,R_75,34170.601
1777596314,R_75,34176.3119
1777596316,R_75,34172.844
1777596318,R_75,34176.1038
1777596320,R_75,34175.4583
1777596322,R_75,34185.9375
1777596324,R_75,34190.6621
1777596326,R_75,34191.5865
1777596328,R_75,34194.0316
1777596330,R_75,34205.1566
1777596332,R_75,34218.607
1777596334,R_75,34209.5047
1777596336,R_75,34202.2363
1777596338,R_75,34208.0017
1777596340,R_75,34202.1665
1777596342,R_75,34206.589
1777596344,R_75,34198.1488
1777596346,R_75,34201.3202
1777596348,R_75,34197.5891
1777596350,R_75,34197.1001
1777596352,R_75,34197.5547
1777596354,R_75,34178.5943
1777596356,R_75,34176.2028
1777596358,R_75,34175.3825
1777596360,R_75,34180.319
1777596362,R_75,34181.5093
1777596364,R_75,34197.6909
1777596366,R_75,34196.9247
1777596368,R_75,34198.6031
1777596370,R_75,34201.5437
1777596372,R_75,34205.8327
1777596374,R_75,34209.2715
1777596376,R_75,34210.2124
1777596378,R_75,34200.4344
1777596380,R_75,34196.6519
1777596382,R_75,34194.6797
1777596384,R_75,34200.8133
1777596386,R_75,34195.7492
1777596388,R_75,34199.5857
1777596390,R_75,34198.569
1777596392,R_75,34194.6205
1777596394,R_75,34202.1054
1777596396,R_75,34189.2297
1777596398,R_75,34189.9141
1777596400,R_75,34187.5613
1777596402,R_75,34198.264
1777596404,R_75,34192.1041
1777596406,R_75,34196.0081
1777596408,R_75,34201.3109
1777596410,R_75,34189.7699
1777596412,R_75,34187.2265
1777596414,R_75,34185.8298
1777596416,R_75,34187.5045
1777596418,R_75,34190.2017
1777596420,R_75,34180.4573
1777596422,R_75,34187.1516
1777596424,R_75,34185.2518
1777596426,R_75,34185.4475
1777596428,R_75,34176.1906
1777596430,R_75,34178.0866
1777596432,R_75,34183.6141
1777596434,R_75,34183.5572
1777596436,R_75,34174.7117
1777596438,R_75,34175.4124
1777596440,R_75,34176.2058
1777596442,R_75,34183.362
1777596444,R_75,34178.4469
1777596446,R_75,34182.5466
1777596448,R_75,34189.7008
1777596450,R_75,34191.2603
1777596452,R_75,34196.4349
1777596454,R_75,34190.2482
1777596456,R_75,34184.0094
1777596458,R_75,34192.1995
1777596460,R_75,34196.0223
1777596462,R_75,34199.0939
1777596464,R_75,34192.046
1777596466,R_75,34179.3611
1777596468,R_75,34172.4408
1777596470,R_75,34159.1642
1777596472,R_75,34165.3153
1777596474,R_75,34173.1763
1777596476,R_75,34168.7325
1777596478,R_75,34164.1839
1777596480,R_75,34168.4723
1777596482,R_75,34177.8855
1777596484,R_75,34180.1398
1777596486,R_75,34179.8987
1777596488,R_75,34175.3995
1777596490,R_75,34179.8002
1777596492,R_75,34188.9788
1777596494,R_75,34184.0493
1777596496,R_75,34182.5011
1777596498,R_75,34181.0253
1777596500,R_75,34184.3192
1777596502,R_75,34185.4706
1777596504,R_75,34186.4017
1777596506,R_75,34186.4971
1777596508,R_75,34191.6239
1777596510,R_75,34193.9351
1777596512,R_75,34192.5481
1777596514,R_75,34186.6758
1777596516,R_75,34188.3356
1777596518,R_75,34179.7394
1777596520,R_75,34183.21
1777596522,R_75,34177.8787
1777596524,R_75,34182.5022
1777596526,R_75,34180.1142
1777596528,R_75,34174.8031
1777596530,R_75,34190.1132
1777596532,R_75,34182.3008
1777596534,R_75,34182.9464
1777596536,R_75,34184.4335
1777596538,R_75,34183.4238
1777596540,R_75,34182.6286
1777596542,R_75,34182.1694
1777596544,R_75,34184.7974
1777596546,R_75,34186.7103
1777596548,R_75,34195.8857
1777596550,R_75,34185.4619
1777596552,R_75,34183.4534
1777596554,R_75,34182.7834
1777596556,R_75,34170.0768
1777596558,R_75,34174.3454
1777596560,R_75,34171.5562
1777596562,R_75,34172.0244
1777596564,R_75,34178.606
1777596566,R_75,34184.4262
1777596568,R_75,34188.849
1777596570,R_75,34194.4179
1777596572,R_75,34194.7968
1777596574,R_75,34190.4331
1777596576,R_75,34185.0325
1777596578,R_75,34191.0869
1777596580,R_75,34192.8821
1777596582,R_75,34186.9167
1777596584,R_75,34193.337
1777596586,R_75,34189.979
1777596588,R_75,34194.696
1777596590,R_75,34192.2816
1777596592,R_75,34178.9828
1777596594,R_75,34177.2424
1777596596,R_75,34175.7273
1777596598,R_75,34170.1901
1777596600,R_75,34167.7111
1777596602,R_75,34169.9368
1777596604,R_75,34161.5245
1777596606,R_75,34157.3826
1777596608,R_75,34156.0453
1777596610,R_75,34156.1136
1777596612,R_75,34162.5295
1777596614,R_75,34162.2817
1777596616,R_75,34155.4572
1777596618,R_75,34161.9567
1777596620,R_75,34154.7796
1777596622,R_75,34155.1818
1777596624,R_75,34153.7397
1777596626,R_75,34164.5528
1777596628,R_75,34163.2099
1777596630,R_75,34165.3537
1777596632,R_75,34152.446
1777596634,R_75,34151.3055
1777596636,R_75,34154.8576
1777596638,R_75,34143.1693
1777596640,R_75,34144.473
1777596642,R_75,34135.0603
1777596644,R_75,34150.0415
1777596646,R_75,34142.3218
1777596648,R_75,34144.4316
1777596650,R_75,34140.7347
1777596652,R_75,34148.7097
1777596654,R_75,34141.0932
1777596656,R_75,34139.327
1777596658,R_75,34143.6092
1777596660,R_75,34148.6047
1777596662,R_75,34141.2688
1777596664,R_75,34154.3829
1777596666,R_75,34160.3808
1777596668,R_75,34158.9725
1777596670,R_75,34143.3839
1777596672,R_75,34144.1535
1777596674,R_75,34135.948
1777596676,R_75,34131.5063
1777596678,R_75,34125.6365
1777596680,R_75,34122.4946
1777596682,R_75,34118.125
1777596684,R_75,34126.3223
1777596686,R_75,34123.912
1777596688,R_75,34122.2972
1777596690,R_75,34113.7272
1777596692,R_75,34126.7863
1777596694,R_75,34105.9955
1777596696,R_75,34103.1606
1777596698,R_75,34098.1694
1777596700,R_75,34093.3415
1777596702,R_75,34088.7796
1777596704,R_75,34099.3725
1777596706,R_75,34108.9769
1777596708,R_75,34104.515
1777596710,R_75,34103.4965
1777596712,R_75,34106.0523
1777596714,R_75,34096.6518
1777596716,R_75,34099.9555
1777596718,R_75,34093.6356
1777596720,R_75,34090.3941
1777596722,R_75,34081.1842
1777596724,R_75,34071.7896
1777596726,R_75,34070.0538
1777596728,R_75,34074.9159
1777596730,R_75,34080.0323
1777596732,R_75,34084.6653
1777596734,R_75,34094.1712
1777596736,R_75,34088.9749
1777596738,R_75,34086.0163
1777596740,R_75,34084.7544
1777596742,R_75,34089.0133
1777596744,R_75,34081.555
1777596746,R_75,34078.8803
1777596748,R_75,34076.6459
1777596750,R_75,34069.7328
1777596752,R_75,34068.0607
1777596754,R_75,34077.791
1777596756,R_75,34075.7991
1777596758,R_75,34083.5327
1777596760,R_75,34077.1773
1777596762,R_75,34070.7292
1777596764,R_75,34081.832
1777596766,R_75,34079.1398
1777596768,R_75,34062.8956
1777596770,R_75,34065.6752
1777596772,R_75,34075.664
1777596774,R_75,34072.6782
1777596776,R_75,34071.381
1777596778,R_75,34072.3937
1777596780,R_75,34078.1454
1777596782,R_75,34073.5897
1777596784,R_75,34072.0491
1777596786,R_75,34084.755
1777596788,R_75,34085.632
1777596790,R_75,34083.9477
1777596792,R_75,34074.2189
1777596794,R_75,34078.6551
1777596796,R_75,34073.356
1777596798,R_75,34074.5211
1777596800,R_75,34077.274
1777596802,R_75,34073.7778
1777596804,R_75,34071.4035
1777596806,R_75,34075.4782
1777596808,R_75,34067.7106
1777596810,R_75,34068.2762
1777596812,R_75,34066.6978
1777596814,R_75,34079.3588
1777596816,R_75,34085.0791
1777596818,R_75,34084.1455
1777596820,R_75,34075.9857
1777596822,R_75,34073.5179
1777596824,R_75,34074.4535
1777596826,R_75,34082.8116
1777596828,R_75,34098.6012
1777596830,R_75,34105.0248
1777596832,R_75,34108.635
1777596834,R_75,34109.0385
1777596836,R_75,34119.5659
1777596838,R_75,34114.7831
1777596840,R_75,34120.7627
1777596842,R_75,34124.152
1777596844,R_75,34114.8438
1777596846,R_75,34112.9762
1777596848,R_75,34118.214
1777596850,R_75,34116.7511
1777596852,R_75,34119.3049
1777596854,R_75,34115.78
1777596856,R_75,34131.5431
1777596858,R_75,34136.33
1777596860,R_75,34140.9879
1777596862,R_75,34140.1891
1777596864,R_75,34140.1518
1777596866,R_75,34144.4924
1777596868,R_75,34153.8247
1777596870,R_75,34155.4278
1777596872,R_75,34154.617
1777596874,R_75,34146.1001
1777596876,R_75,34145.0043
1777596878,R_75,34149.0627
1777596880,R_75,34147.254
1777596882,R_75,34148.6895
1777596884,R_75,34150.5735
1777596886,R_75,34155.8502
1777596888,R_75,34156.5992
1777596890,R_75,34158.5465
1777596892,R_75,34154.9
1777596894,R_75,34148.8047
1777596896,R_75,34154.5037
1777596898,R_75,34158.9881
1777596900,R_75,34158.0414
1777596902,R_75,34160.816
1777596904,R_75,34158.6888
1777596906,R_75,34167.3379
1777596908,R_75,34165.8085
1777596910,R_75,34166.643
1777596912,R_75,34168.308
1777596914,R_75,34174.6724
1777596916,R_75,34159.3125
1777596918,R_75,34149.9824
1777596920,R_75,34140.5252
1777596922,R_75,34139.2283
1777596924,R_75,34145.2494
1777596926,R_75,34151.2086
1777596928,R_75,34145.4593
1777596930,R_75,34156.9476
1777596932,R_75,34153.1836
1777596934,R_75,34151.2272
1777596936,R_75,34144.6704
1777596938,R_75,34150.9358
1777596940,R_75,34137.9729
1777596942,R_75,34134.8542
1777596944,R_75,34133.8383
1777596946,R_75,34130.3837
1777596948,R_75,34130.1212
1777596950,R_75,34125.6024
1777596952,R_75,34124.0174
1777596954,R_75,34126.6698
1777596956,R_75,34126.3942
1777596958,R_75,34129.7896
1777596960,R_75,34115.3717
1777596962,R_75,34119.3743
1777596964,R_75,34118.9905
1777596966,R_75,34126.2209
1777596968,R_75,34126.3665
1777596970,R_75,34132.3525
1777596972,R_75,34142.197
1777596974,R_75,34146.5486
1777596976,R_75,34138.3868
1777596978,R_75,34145.1827
1777596980,R_75,34149.6175
1777596982,R_75,34150.7351
1777596984,R_75,34159.5415
1777596986,R_75,34164.224
1777596988,R_75,34162.6497
1777596990,R_75,34159.0971
1777596992,R_75,34152.4498
1777596994,R_75,34153.4638
1777596996,R_75,34157.3428
1777596998,R_75,34166.6116
1777597000,R_75,34163.7224
1777597002,R_75,34163.3869
1777597004,R_75,34163.1897
1777597006,R_75,34176.8249
1777597008,R_75,34176.7576
1777597010,R_75,34176.3989
1777597012,R_75,34174.9764
1777597014,R_75,34171.4617
1777597016,R_75,34171.5724
1777597018,R_75,34174.0566
1777597020,R_75,34174.7538
1777597022,R_75,34184.1348
1777597024,R_75,34181.9781
1777597026,R_75,34176.3555
1777597028,R_75,34166.7297
1777597030,R_75,34160.2999
1777597032,R_75,34161.0878
1777597034,R_75,34165.5855
1777597036,R_75,34155.531
1777597038,R_75,34148.5538
1777597040,R_75,34149.1207
1777597042,R_75,34155.189
1777597044,R_75,34163.2431
1777597046,R_75,34162.5928
1777597048,R_75,34167.0319
1777597050,R_75,34170.231
1777597052,R_75,34184.2423
1777597054,R_75,34177.2355
1777597056,R_75,34181.6079
1777597058,R_75,34186.2993
1777597060,R_75,34184.192
1777597062,R_75,34185.5256
1777597064,R_75,34194.4983
1777597066,R_75,34202.8188
1777597068,R_75,34200.1843
1777597070,R_75,34201.6243
1777597072,R_75,34210.6926
1777597074,R_75,34200.8363
1777597076,R_75,34201.7234
1777597078,R_75,34193.4944
1777597080,R_75,34196.032
1777597082,R_75,34198.0943
1777597084,R_75,34193.7967
1777597086,R_75,34192.7136
1777597088,R_75,34183.2888
1777597090,R_75,34180.2529
1777597092,R_75,34180.3513
1777597094,R_75,34181.4005
1777597096,R_75,34175.7693
1777597098,R_75,34178.7512
1777597100,R_75,34160.8364
1777597102,R_75,34159.6695
1777597104,R_75,34158.3989
1777597106,R_75,34157.709
1777597108,R_75,34154.6553
1777597110,R_75,34148.6494
1777597112,R_75,34148.8628
1777597114,R_75,34149.8447
1777597116,R_75,34152.8976
1777597118,R_75,34154.8636
1777597120,R_75,34154.2339
1777597122,R_75,34155.7032
1777597124,R_75,34156.6264
1777597126,R_75,34145.0889
1777597128,R_75,34139.256
1777597130,R_75,34138.0017
1777597132,R_75,34138.1563
1777597134,R_75,34139.2146
1777597136,R_75,34135.7091
1777597138,R_75,34137.7946
1777597140,R_75,34132.3594
1777597142,R_75,34133.7007
1777597144,R_75,34130.4575
1777597146,R_75,34125.6829
1777597148,R_75,34127.7561
1777597150,R_75,34120.7514
1777597152,R_75,34124.9667
1777597154,R_75,34134.5587
1777597156,R_75,34135.3413
1777597158,R_75,34145.0996
1777597160,R_75,34155.3306
1777597162,R_75,34161.6236
1777597164,R_75,34160.6141
1777597166,R_75,34154.007
1777597168,R_75,34155.3639
1777597170,R_75,34154.4679
1777597172,R_75,34158.6926
1777597174,R_75,34156.3027
1777597176,R_75,34153.9065
1777597178,R_75,34156.5811
1777597180,R_75,34152.4965
1777597182,R_75,34157.0637
1777597184,R_75,34155.4548
1777597186,R_75,34155.9488
1777597188,R_75,34151.6205
1777597190,R_75,34154.1012
1777597192,R_75,34148.8585
1777597194,R_75,34145.2804
1777597196,R_75,34143.0074
1777597198,R_75,34140.5342
1777597200,R_75,34143.5792
1777597202,R_75,34142.6584
1777597204,R_75,34143.3916
1777597206,R_75,34156.6099
1777597208,R_75,34160.5917
1777597210,R_75,34164.6623
1777597212,R_75,34167.9827
1777597214,R_75,34171.6751
1777597216,R_75,34179.6047
1777597218,R_75,34182.3172
1777597220,R_75,34197.3461
1777597222,R_75,34197.9703
1777597224,R_75,34195.8779
1777597226,R_75,34189.9941
1777597228,R_75,34196.3744
1777597230,R_75,34202.4317
1777597232,R_75,34202.9432
1777597234,R_75,34197.5828
1777597236,R_75,34214.4113
1777597238,R_75,34222.7054
1777597240,R_75,34221.1544
1777597242,R_75,34220.4429
1777597244,R_75,34213.2323
1777597246,R_75,34213.5163
1777597248,R_75,34217.8006
1777597250,R_75,34220.3212
1777597252,R_75,34208.4138
1777597254,R_75,34192.8778
1777597256,R_75,34192.0612
1777597258,R_75,34188.9487
1777597260,R_75,34190.8064
1777597262,R_75,34196.2115
1777597264,R_75,34212.323
1777597266,R_75,34210.6504
1777597268,R_75,34200.3681
1777597270,R_75,34198.4365
1777597272,R_75,34190.4919
1777597274,R_75,34187.2671
1777597276,R_75,34185.325
1777597278,R_75,34181.6814
1777597280,R_75,34172.0737
1777597282,R_75,34169.0603
1777597284,R_75,34181.722
1777597286,R_75,34174.6326
1777597288,R_75,34189.0682
1777597290,R_75,34190.0993
1777597292,R_75,34184.3839
1777597294,R_75,34181.6154
1777597296,R_75,34188.0463
1777597298,R_75,34194.8417
1777597300,R_75,34194.2186
1777597302,R_75,34187.721
1777597304,R_75,34179.7318
1777597306,R_75,34189.0016
1777597308,R_75,34184.4536
1777597310,R_75,34189.2155
1777597312,R_75,34188.1927
1777597314,R_75,34185.3029
1777597316,R_75,34185.3108
1777597318,R_75,34189.0654
1777597320,R_75,34202.1395
1777597322,R_75,34198.9091
1777597324,R_75,34204.4074
1777597326,R_75,34203.1888
1777597328,R_75,34210.4682
1777597330,R_75,34207.2102
1777597332,R_75,34196.9373
1777597334,R_75,34207.8611
1777597336,R_75,34215.0294
1777597338,R_75,34213.9088
1777597340,R_75,34221.3351
1777597342,R_75,34218.6035
1777597344,R_75,34220.1444
1777597346,R_75,34227.7295
1777597348,R_75,34242.0959
1777597350,R_75,34246.6535
1777597352,R_75,34248.8034
1777597354,R_75,34245.7618
1777597356,R_75,34245.25
1777597358,R_75,34241.884
1777597360,R_75,34247.7319
1777597362,R_75,34243.5997
1777597364,R_75,34246.3314
1777597366,R_75,34245.2791
1777597368,R_75,34244.199
1777597370,R_75,34246.4101
1777597372,R_75,34245.3048
1777597374,R_75,34248.0934
1777597376,R_75,34248.0337
1777597378,R_75,34252.2633
1777597380,R_75,34261.928
1777597382,R_75,34274.1404
1777597384,R_75,34273.9665
1777597386,R_75,34265.7434
1777597388,R_75,34265.9527
1777597390,R_75,34265.6491
1777597392,R_75,34261.1661
1777597394,R_75,34258.1764
1777597396,R_75,34261.7866
1777597398,R_75,34269.5838
1777597400,R_75,34276.1944
1777597402,R_75,34273.1676
1777597404,R_75,34280.6143
1777597406,R_75,34267.9434
1777597408,R_75,34255.7621
1777597410,R_75,34254.2664
1777597412,R_75,34256.7307
1777597414,R_75,34255.8128
1777597416,R_75,34259.0151
1777597418,R_75,34270.0805
1777597420,R_75,34262.5747
1777597422,R_75,34253.7998
1777597424,R_75,34258.3006
1777597426,R_75,34262.2397
1777597428,R_75,34261.0644
1777597430,R_75,34256.0465
1777597432,R_75,34255.4175
1777597434,R_75,34258.5932
1777597436,R_75,34241.6646
1777597438,R_75,34247.5103
1777597440,R_75,34253.9417
1777597442,R_75,34259.5568
1777597444,R_75,34254.395
1777597446,R_75,34250.6873
1777597448,R_75,34256.2151
1777597450,R_75,34257.2422
1777597452,R_75,34260.064
1777597454,R_75,34260.889
1777597456,R_75,34272.3586
1777597458,R_75,34279.5618
1777597460,R_75,34279.6239
1777597462,R_75,34265.5085
1777597464,R_75,34276.0612
1777597466,R_75,34263.5241
1777597468,R_75,34259.343
1777597470,R_75,34272.5326
1777597472,R_75,34267.414
1777597474,R_75,34269.5923
1777597476,R_75,34266.2928
1777597478,R_75,34273.8187
1777597480,R_75,34273.5711
1777597482,R_75,34276.8237
1777597484,R_75,34269.4813
1777597486,R_75,34277.8023
1777597488,R_75,34269.4805
1777597490,R_75,34275.4548
1777597492,R_75,34273.5617
1777597494,R_75,34278.0947
1777597496,R_75,34265.8384
1777597498,R_75,34251.4722
1777597500,R_75,34252.8624
1777597502,R_75,34270.3516
1777597504,R_75,34281.0071
1777597506,R_75,34279.8635
1777597508,R_75,34279.3815
1777597510,R_75,34279.5624
1777597512,R_75,34277.6079
1777597514,R_75,34273.2475
1777597516,R_75,34268.8319
1777597518,R_75,34272.7953
1777597520,R_75,34271.285
1777597522,R_75,34272.3376
1777597524,R_75,34282.3248
1777597526,R_75,34278.8208
1777597528,R_75,34271.861
1777597530,R_75,34282.652
1777597532,R_75,34290.1179
1777597534,R_75,34294.0657
1777597536,R_75,34296.3846
1777597538,R_75,34301.1563
1777597540,R_75,34302.1912
1777597542,R_75,34308.692
1777597544,R_75,34315.9921
1777597546,R_75,34320.3072
1777597548,R_75,34316.0678
1777597550,R_75,34307.3137
1777597552,R_75,34316.43
1777597554,R_75,34324.5716
1777597556,R_75,34327.8506
1777597558,R_75,34329.218
1777597560,R_75,34328.8839
1777597562,R_75,34325.9365
1777597564,R_75,34329.9587
1777597566,R_75,34329.2708
1777597568,R_75,34335.7858
1777597570,R_75,34341.275
1777597572,R_75,34342.2917
1777597574,R_75,34346.5417
1777597576,R_75,34356.9162
1777597578,R_75,34368.0611
1777597580,R_75,34361.97
1777597582,R_75,34354.6505
1777597584,R_75,34341.1209
1777597586,R_75,34353.4411
1777597588,R_75,34354.5777
1777597590,R_75,34357.2406
1777597592,R_75,34353.1954
1777597594,R_75,34347.0913
1777597596,R_75,34346.3514
1777597598,R_75,34356.3571
1777597600,R_75,34356.4421
1777597602,R_75,34355.3989
1777597604,R_75,34359.9738
1777597606,R_75,34356.6795
1777597608,R_75,34359.2974
1777597610,R_75,34352.8963
1777597612,R_75,34358.6621
1777597614,R_75,34364.7821
1777597616,R_75,34371.0263
1777597618,R_75,34366.311
1777597620,R_75,34359.1084
1777597622,R_75,34357.5792
1777597624,R_75,34352.084
1777597626,R_75,34356.1951
1777597628,R_75,34351.3771
1777597630,R_75,34350.6339
1777597632,R_75,34347.8079
1777597634,R_75,34344.4896
1777597636,R_75,34340.9754
1777597638,R_75,34343.9968
1777597640,R_75,34331.5673
1777597642,R_75,34335.7983
1777597644,R_75,34340.7189
1777597646,R_75,34349.7903
1777597648,R_75,34365.5221
1777597650,R_75,34366.0966
1777597652,R_75,34382.514
1777597654,R_75,34370.2513
1777597656,R_75,34365.2377
1777597658,R_75,34363.4309
1777597660,R_75,34358.2344
1777597662,R_75,34358.7871
1777597664,R_75,34361.5623
1777597666,R_75,34361.2495
1777597668,R_75,34359.9744
1777597670,R_75,34364.3533
1777597672,R_75,34351.345
1777597674,R_75,34351.2679
1777597676,R_75,34360.6964
1777597678,R_75,34363.1796
1777597680,R_75,34368.8734
1777597682,R_75,34373.8303
1777597684,R_75,34373.8484
1777597686,R_75,34368.5925
1777597688,R_75,34367.6483
1777597690,R_75,34368.0348
1777597692,R_75,34358.7956
1777597694,R_75,34372.1201
1777597696,R_75,34357.34
1777597698,R_75,34356.7061
1777597700,R_75,34352.8173
1777597702,R_75,34346.717
1777597704,R_75,34356.3755
1777597706,R_75,34359.1533
1777597708,R_75,34361.5021
1777597710,R_75,34359.4987
1777597712,R_75,34364.7152
1777597714,R_75,34366.6751
1777597716,R_75,34365.9115
1777597718,R_75,34359.2721
1777597720,R_75,34364.8528
1777597722,R_75,34358.4524
1777597724,R_75,34364.598
1777597726,R_75,34370.802
1777597728,R_75,34364.3949
1777597730,R_75,34361.2041
1777597732,R_75,34364.4646
1777597734,R_75,34372.5252
1777597736,R_75,34366.0255
1777597738,R_75,34349.3819
1777597740,R_75,34344.5864
1777597742,R_75,34345.9336
1777597744,R_75,34340.3201
1777597746,R_75,34344.0441
1777597748,R_75,34353.488
1777597750,R_75,34346.8336
1777597752,R_75,34338.3812
1777597754,R_75,34341.6855
1777597756,R_75,34339.8596
1777597758,R_75,34349.7107
1777597760,R_75,34351.7078
1777597762,R_75,34356.3664
1777597764,R_75,34350.6423
1777597766,R_75,34352.3761
1777597768,R_75,34347.8222
1777597770,R_75,34346.6586
1777597772,R_75,34342.9454
1777597774,R_75,34348.9149
1777597776,R_75,34353.9454
1777597778,R_75,34351.1968
1777597780,R_75,34348.4467
1777597782,R_75,34332.5998
1777597784,R_75,34330.4352
1777597786,R_75,34324.7807
1777597788,R_75,34330.0619
1777597790,R_75,34332.833
1777597792,R_75,34327.342
1777597794,R_75,34324.1691
1777597796,R_75,34333.9091
1777597798,R_75,34332.1759
1777597800,R_75,34325.6802
1777597802,R_75,34325.6407
1777597804,R_75,34326.7392
1777597806,R_75,34322.4231
1777597808,R_75,34325.2188
1777597810,R_75,34321.3254
1777597812,R_75,34321.7501
1777597814,R_75,34319.9715
1777597816,R_75,34326.9333
1777597818,R_75,34324.7751
1777597820,R_75,34321.3381
1777597822,R_75,34320.5773
1777597824,R_75,34328.9077
1777597826,R_75,34334.4459
1777597828,R_75,34327.2821
1777597830,R_75,34325.6354
1777597832,R_75,34314.387
1777597834,R_75,34325.1194
1777597836,R_75,34325.389
1777597838,R_75,34331.2227
1777597840,R_75,34341.3555
1777597842,R_75,34338.7065
1777597844,R_75,34343.2312
1777597846,R_75,34346.8523
1777597848,R_75,34356.4958
1777597850,R_75,34356.3909
1777597852,R_75,34356.6947
1777597854,R_75,34360.0129
1777597856,R_75,34354.3338
1777597858,R_75,34353.6531
1777597860,R_75,34352.9569
1777597862,R_75,34337.3051
1777597864,R_75,34342.7513
1777597866,R_75,34352.429
1777597868,R_75,34353.4567
1777597870,R_75,34352.3
1777597872,R_75,34343.3298
1777597874,R_75,34336.0443
1777597876,R_75,34330.8095
1777597878,R_75,34336.6304
1777597880,R_75,34344.3234
1777597882,R_75,34349.3343
1777597884,R_75,34355.8431
1777597886,R_75,34360.2844
1777597888,R_75,34357.1798
1777597890,R_75,34366.1839
1777597892,R_75,34354.9722
1777597894,R_75,34363.8555
1777597896,R_75,34367.5916
1777597898,R_75,34372.3257
1777597900,R_75,34367.9138
1777597902,R_75,34373.0124
1777597904,R_75,34373.5345
1777597906,R_75,34377.5714
1777597908,R_75,34366.6659
1777597910,R_75,34350.6304
1777597912,R_75,34350.667
1777597914,R_75,34350.8013
1777597916,R_75,34356.602
1777597918,R_75,34354.4602
1777597920,R_75,34345.6268
1777597922,R_75,34348.9982
1777597924,R_75,34364.7364
1777597926,R_75,34385.0406
1777597928,R_75,34388.2367
1777597930,R_75,34398.1244
1777597932,R_75,34388.1578
1777597934,R_75,34380.6095
1777597936,R_75,34380.3591
1777597938,R_75,34379.9276
1777597940,R_75,34387.4887
1777597942,R_75,34388.7996
1777597944,R_75,34398.1403
1777597946,R_75,34409.5751
1777597948,R_75,34410.0645
1777597950,R_75,34408.0555
1777597952,R_75,34408.0931
1777597954,R_75,34403.1217
1777597956,R_75,34393.5393
1777597958,R_75,34386.4304
1777597960,R_75,34401.608
1777597962,R_75,34406.2081
1777597964,R_75,34404.6827
1777597966,R_75,34409.7945
1777597968,R_75,34409.9633
1777597970,R_75,34407.4157
1777597972,R_75,34404.4621
1777597974,R_75,34409.0202
1777597976,R_75,34409.7488
1777597978,R_75,34394.3425
1777597980,R_75,34395.2767
1777597982,R_75,34389.4764
1777597984,R_75,34387.8332
1777597986,R_75,34401.7783
1777597988,R_75,34414.8959
1777597990,R_75,34417.9877
1777597992,R_75,34425.6147
1777597994,R_75,34418.773
1777597996,R_75,34415.2217
1777597998,R_75,34408.255
1777598000,R_75,34403.0284
1777598002,R_75,34400.0155
1777598004,R_75,34406.5911
1777598006,R_75,34404.4963
1777598008,R_75,34402.3589
1777598010,R_75,34403.0577
1777598012,R_75,34400.3052
1777598014,R_75,34393.4665
1777598016,R_75,34397.8782
1777598018,R_75,34391.4121
1777598020,R_75,34393.0555
1777598022,R_75,34393.3793
1777598024,R_75,34399.6872
1777598026,R_75,34388.2135
1777598028,R_75,34397.0876
1777598030,R_75,34392.4087
1777598032,R_75,34391.9677
1777598034,R_75,34379.1186
1777598036,R_75,34383.1634
1777598038,R_75,34382.38
1777598040,R_75,34377.6648
1777598042,R_75,34382.9065
1777598044,R_75,34381.7944
1777598046,R_75,34384.6008
1777598048,R_75,34369.2179
1777598050,R_75,34367.3483
1777598052,R_75,34354.248
1777598054,R_75,34349.3205
1777598056,R_75,34358.8046
1777598058,R_75,34344.7478
1777598060,R_75,34355.969
1777598062,R_75,34354.2273
1777598064,R_75,34347.5705
1777598066,R_75,34347.1436
1777598068,R_75,34341.3105
1777598070,R_75,34348.5539
1777598072,R_75,34341.4936
1777598074,R_75,34343.6927
1777598076,R_75,34342.189
1777598078,R_75,34332.8465
1777598080,R_75,34324.573
1777598082,R_75,34326.4751
1777598084,R_75,34328.8008
1777598086,R_75,34328.4459
1777598088,R_75,34327.9986
1777598090,R_75,34326.2827
1777598092,R_75,34331.1321
1777598094,R_75,34327.9016
1777598096,R_75,34329.3254
1777598098,R_75,34330.1814
1777598100,R_75,34334.854
1777598102,R_75,34325.2141
1777598104,R_75,34318.45
1777598106,R_75,34314.5481
1777598108,R_75,34315.2304
1777598110,R_75,34311.6945
1777598112,R_75,34312.0608
1777598114,R_75,34311.8219
1777598116,R_75,34318.0258
1777598118,R_75,34310.7902
1777598120,R_75,34317.7664
1777598122,R_75,34329.1175
1777598124,R_75,34325.3509
1777598126,R_75,34327.9533
1777598128,R_75,34327.3225
1777598130,R_75,34331.9576
1777598132,R_75,34332.6682
1777598134,R_75,34333.6642
1777598136,R_75,34339.636
1777598138,R_75,34332.4086
1777598140,R_75,34330.7253
1777598142,R_75,34332.3775
1777598144,R_75,34331.6905
1777598146,R_75,34327.1534
1777598148,R_75,34332.6544
1777598150,R_75,34341.563
1777598152,R_75,34344.4768
1777598154,R_75,34344.3315
1777598156,R_75,34342.5225
1777598158,R_75,34342.1324
1777598160,R_75,34336.6106
1777598162,R_75,34345.9649
1777598164,R_75,34341.1716
1777598166,R_75,34341.479
1777598168,R_75,34334.7512
1777598170,R_75,34327.317
1777598172,R_75,34330.8016
1777598174,R_75,34330.7913
1777598176,R_75,34333.1293
1777598178,R_75,34341.4493
1777598180,R_75,34343.9081
1777598182,R_75,34342.3739
1777598184,R_75,34352.2014
1777598186,R_75,34360.574
1777598188,R_75,34352.2792
1777598190,R_75,34351.3398
1777598192,R_75,34346.4199
1777598194,R_75,34354.8275
1777598196,R_75,34360.5041
1777598198,R_75,34366.206
1777598200,R_75,34371.2609
1777598202,R_75,34369.5376
1777598204,R_75,34368.9183
1777598206,R_75,34366.8685
1777598208,R_75,34366.1896
1777598210,R_75,34372.6709
1777598212,R_75,34363.8876
1777598214,R_75,34383.4052
1777598216,R_75,34383.1601
1777598218,R_75,34396.0315
1777598220,R_75,34389.5865
1777598222,R_75,34397.2701
1777598224,R_75,34406.7821
1777598226,R_75,34394.6886
1777598228,R_75,34403.8732
1777598230,R_75,34413.3928
1777598232,R_75,34422.6649
1777598234,R_75,34414.0189
1777598236,R_75,34407.8475
1777598238,R_75,34410.0926
1777598240,R_75,34413.8601
1777598242,R_75,34420.0722
1777598244,R_75,34423.7521
1777598246,R_75,34421.1342
1777598248,R_75,34423.8519
1777598250,R_75,34429.8843
1777598252,R_75,34423.054
1777598254,R_75,34419.6878
1777598256,R_75,34421.0143
1777598258,R_75,34420.7593
1777598260,R_75,34426.5911
1777598262,R_75,34423.3329
1777598264,R_75,34420.5562
1777598266,R_75,34414.2165
1777598268,R_75,34427.0273
1777598270,R_75,34434.8366
1777598272,R_75,34429.2203
1777598274,R_75,34425.7678
1777598276,R_75,34421.5711
1777598278,R_75,34427.904
1777598280,R_75,34434.4526
1777598282,R_75,34440.8956
1777598284,R_75,34444.8701
1777598286,R_75,34451.6846
1777598288,R_75,34455.0638
1777598290,R_75,34458.6027
1777598292,R_75,34464.6295
1777598294,R_75,34467.8852
1777598296,R_75,34467.1759
1777598298,R_75,34470.712
1777598300,R_75,34469.576
1777598302,R_75,34462.0091
1777598304,R_75,34461.7612
1777598306,R_75,34466.0073
1777598308,R_75,34464.7942
1777598310,R_75,34461.4791
1777598312,R_75,34462.6127
1777598314,R_75,34469.4993
1777598316,R_75,34463.1827
1777598318,R_75,34471.9109
1777598320,R_75,34472.5427
1777598322,R_75,34481.5932
1777598324,R_75,34487.8654
1777598326,R_75,34480.2156
1777598328,R_75,34489.3698
1777598330,R_75,34488.4906
1777598332,R_75,34482.9619
1777598334,R_75,34477.889
1777598336,R_75,34491.0593
1777598338,R_75,34487.1211
1777598340,R_75,34485.996
1777598342,R_75,34486.5536
1777598344,R_75,34491.7627
1777598346,R_75,34482.7559
1777598348,R_75,34490.0249
1777598350,R_75,34490.4386
1777598352,R_75,34475.8858
1777598354,R_75,34470.6198
1777598356,R_75,34462.3513
1777598358,R_75,34459.1688
1777598360,R_75,34467.4468
1777598362,R_75,34476.4396
1777598364,R_75,34469.5205
1777598366,R_75,34476.44
1777598368,R_75,34475.8684
1777598370,R_75,34480.9159
1777598372,R_75,34481.835
1777598374,R_75,34478.0429
1777598376,R_75,34472.3955
1777598378,R_75,34468.7027
1777598380,R_75,34458.2436
1777598382,R_75,34462.2757
1777598384,R_75,34467.5742
1777598386,R_75,34477.0753
1777598388,R_75,34472.2965
1777598390,R_75,34474.2991
1777598392,R_75,34467.5939
1777598394,R_75,34464.6824
1777598396,R_75,34469.4271
1777598398,R_75,34477.3428
1777598400,R_75,34482.7711
1777598402,R_75,34492.6505
1777598404,R_75,34489.4686
1777598406,R_75,34489.8756
1777598408,R_75,34493.464
1777598410,R_75,34497.5044
1777598412,R_75,34494.5445
1777598414,R_75,34493.3002
1777598416,R_75,34496.3996
1777598418,R_75,34498.632
1777598420,R_75,34505.9737
1777598422,R_75,34519.3281
1777598424,R_75,34523.8986
1777598426,R_75,34514.2678
1777598428,R_75,34514.8638
1777598430,R_75,34508.9501
1777598432,R_75,34510.9847
1777598434,R_75,34511.2613
1777598436,R_75,34524.5188
1777598438,R_75,34532.1392
1777598440,R_75,34529.8067
1777598442,R_75,34528.4123
1777598444,R_75,34536.0375
1777598446,R_75,34543.0822
1777598448,R_75,34546.1818
1777598450,R_75,34547.4252
1777598452,R_75,34547.9316
1777598454,R_75,34551.6766
1777598456,R_75,34546.5594
1777598458,R_75,34558.2976
1777598460,R_75,34558.7349
1777598462,R_75,34561.3433
1777598464,R_75,34559.234
1777598466,R_75,34556.3697
1777598468,R_75,34565.5426
1777598470,R_75,34573.0681
1777598472,R_75,34581.6536
1777598474,R_75,34583.8412
1777598476,R_75,34585.0849
1777598478,R_75,34581.7663
1777598480,R_75,34591.9569
1777598482,R_75,34595.6719
1777598484,R_75,34595.2135
1777598486,R_75,34599.4967
1777598488,R_75,34601.186
1777598490,R_75,34603.8511
1777598492,R_75,34595.3224
1777598494,R_75,34594.4232
1777598496,R_75,34596.1526
1777598498,R_75,34597.2025
1777598500,R_75,34590.7013
1777598502,R_75,34582.302
1777598504,R_75,34585.1381
1777598506,R_75,34598.6555
1777598508,R_75,34602.6098
1777598510,R_75,34602.6088
1777598512,R_75,34604.9872
1777598514,R_75,34607.664
1777598516,R_75,34608.2287
1777598518,R_75,34611.3628
1777598520,R_75,34612.9794
1777598522,R_75,34602.2197
1777598524,R_75,34606.4214
1777598526,R_75,34603.862
1777598528,R_75,34599.5716
1777598530,R_75,34588.3896
1777598532,R_75,34586.8471
1777598534,R_75,34593.0709
1777598536,R_75,34589.2791
1777598538,R_75,34582.9882
1777598540,R_75,34580.5596
1777598542,R_75,34585.8254
1777598544,R_75,34584.8753
1777598546,R_75,34587.4059
1777598548,R_75,34593.7953
1777598550,R_75,34588.6297
1777598552,R_75,34585.4939
1777598554,R_75,34595.9679
1777598556,R_75,34601.9389
1777598558,R_75,34602.0752
1777598560,R_75,34594.4294
1777598562,R_75,34591.126
1777598564,R_75,34587.2132
1777598566,R_75,34592.3664
1777598568,R_75,34588.9419
1777598570,R_75,34584.8624
1777598572,R_75,34598.8716
1777598574,R_75,34604.3642
1777598576,R_75,34595.333
1777598578,R_75,34591.9277
1777598580,R_75,34597.7702
1777598582,R_75,34601.9091
1777598584,R_75,34613.6462
1777598586,R_75,34610.5552
1777598588,R_75,34607.902
1777598590,R_75,34610.3692
1777598592,R_75,34612.1212
1777598594,R_75,34606.8528
1777598596,R_75,34602.2424
1777598598,R_75,34598.3436
1777598600,R_75,34606.1563
1777598602,R_75,34604.6865
1777598604,R_75,34599.9193
1777598606,R_75,34606.9917
1777598608,R_75,34618.1397
1777598610,R_75,34609.2066
1777598612,R_75,34611.4435
1777598614,R_75,34611.2971
1777598616,R_75,34617.2632
1777598618,R_75,34629.6774
1777598620,R_75,34636.3099
1777598622,R_75,34638.5436
1777598624,R_75,34643.8496
1777598626,R_75,34657.0574
1777598628,R_75,34655.7686
1777598630,R_75,34659.0046
1777598632,R_75,34655.6716
1777598634,R_75,34655.8919
1777598636,R_75,34654.202
1777598638,R_75,34662.9637
1777598640,R_75,34668.6025
1777598642,R_75,34663.1535
1777598644,R_75,34672.4391
1777598646,R_75,34679.4887
1777598648,R_75,34680.8717
1777598650,R_75,34683.5489
1777598652,R_75,34684.0106
1777598654,R_75,34687.491
1777598656,R_75,34678.0556
1777598658,R_75,34683.0299
1777598660,R_75,34665.6612
1777598662,R_75,34668.9221
1777598664,R_75,34670.6724
1777598666,R_75,34662.4819
1777598668,R_75,34659.1527
1777598670,R_75,34665.5752
1777598672,R_75,34667.5814
1777598674,R_75,34668.399
1777598676,R_75,34655.6301
1777598678,R_75,34644.5229
1777598680,R_75,34648.0526
1777598682,R_75,34635.3094
1777598684,R_75,34645.5092
1777598686,R_75,34651.5139
1777598688,R_75,34650.7333
1777598690,R_75,34646.2526
1777598692,R_75,34628.9851
1777598694,R_75,34640.605
1777598696,R_75,34641.3093
1777598698,R_75,34649.2565
1777598700,R_75,34656.5972
1777598702,R_75,34667.7332
1777598704,R_75,34657.3113
1777598706,R_75,34652.421
1777598708,R_75,34656.1741
1777598710,R_75,34651.6837
1777598712,R_75,34652.056
1777598714,R_75,34656.5701
1777598716,R_75,34666.5616
1777598718,R_75,34668.8782
1777598720,R_75,34674.015
1777598722,R_75,34670.0233
1777598724,R_75,34671.8878
1777598726,R_75,34666.951
1777598728,R_75,34671.6136
1777598730,R_75,34670.3065
1777598732,R_75,34667.0384
1777598734,R_75,34669.1669
1777598736,R_75,34666.7901
1777598738,R_75,34668.9908
1777598740,R_75,34676.9921
1777598742,R_75,34679.8616
1777598744,R_75,34680.7454
1777598746,R_75,34680.2629
1777598748,R_75,34682.4844
1777598750,R_75,34689.4667
1777598752,R_75,34693.8588
1777598754,R_75,34699.6317
1777598756,R_75,34699.5194
1777598758,R_75,34701.5057
1777598760,R_75,34697.8648
1777598762,R_75,34699.1178
1777598764,R_75,34700.9882
1777598766,R_75,34690.0905
1777598768,R_75,34688.0217
1777598770,R_75,34690.4019
1777598772,R_75,34679.0943
1777598774,R_75,34677.5392
1777598776,R_75,34674.0612
1777598778,R_75,34683.5848
1777598780,R_75,34674.2126
1777598782,R_75,34673.3545
1777598784,R_75,34677.9796
1777598786,R_75,34672.3904
1777598788,R_75,34656.7438
1777598790,R_75,34652.955
1777598792,R_75,34655.2961
1777598794,R_75,34659.4195
1777598796,R_75,34663.1994
1777598798,R_75,34653.5529
1777598800,R_75,34654.0358
1777598802,R_75,34652.5681
1777598804,R_75,34646.3032
1777598806,R_75,34643.5071
1777598808,R_75,34646.0532
1777598810,R_75,34652.546
1777598812,R_75,34644.9645
1777598814,R_75,34650.4158
1777598816,R_75,34645.0662
1777598818,R_75,34650.6231
1777598820,R_75,34645.903
1777598822,R_75,34650.7656
1777598824,R_75,34645.5317
1777598826,R_75,34639.2754
1777598828,R_75,34639.4392
1777598830,R_75,34633.1256
1777598832,R_75,34631.134
1777598834,R_75,34638.2614
1777598836,R_75,34643.2116
1777598838,R_75,34635.4913
1777598840,R_75,34637.7738
1777598842,R_75,34624.9117
1777598844,R_75,34625.4212
1777598846,R_75,34621.3872
1777598848,R_75,34613.1197
1777598850,R_75,34626.5278
1777598852,R_75,34626.9237
1777598854,R_75,34623.2791
1777598856,R_75,34626.8084
1777598858,R_75,34623.2546
1777598860,R_75,34620.6696
1777598862,R_75,34630.8922
1777598864,R_75,34629.1654
1777598866,R_75,34637.1714
1777598868,R_75,34636.358
1777598870,R_75,34644.3182
1777598872,R_75,34641.5435
1777598874,R_75,34650.6506
1777598876,R_75,34658.4487
1777598878,R_75,34660.0193
1777598880,R_75,34662.5187
1777598882,R_75,34651.2942
1777598884,R_75,34658.265
1777598886,R_75,34653.2396
1777598888,R_75,34655.0716
1777598890,R_75,34665.5537
1777598892,R_75,34671.7855
1777598894,R_75,34678.2249
1777598896,R_75,34676.5793
1777598898,R_75,34688.56
1777598900,R_75,34686.3796
1777598902,R_75,34677.792
1777598904,R_75,34692.2198
1777598906,R_75,34679.8241
1777598908,R_75,34666.2233
1777598910,R_75,34666.6304
1777598912,R_75,34671.7471
1777598914,R_75,34673.0456
1777598916,R_75,34673.8585
1777598918,R_75,34661.0696
1777598920,R_75,34661.3265
1777598922,R_75,34665.8194
1777598924,R_75,34655.8123
1777598926,R_75,34649.9771
1777598928,R_75,34646.1238
1777598930,R_75,34656.095
1777598932,R_75,34658.1374
1777598934,R_75,34658.347
1777598936,R_75,34652.7722
1777598938,R_75,34642.1353
1777598940,R_75,34646.3791
1777598942,R_75,34646.5692
1777598944,R_75,34649.5953
1777598946,R_75,34645.9474
1777598948,R_75,34644.574
1777598950,R_75,34647.0358
1777598952,R_75,34642.9746
1777598954,R_75,34647.2131
1777598956,R_75,34652.4124
1777598958,R_75,34657.0527
1777598960,R_75,34651.3397
1777598962,R_75,34651.2642
1777598964,R_75,34640.5661
1777598966,R_75,34644.6637
1777598968,R_75,34638.4252
1777598970,R_75,34641.2507
1777598972,R_75,34640.0376
1777598974,R_75,34622.9762
1777598976,R_75,34616.8008
1777598978,R_75,34619.9411
1777598980,R_75,34614.0508
1777598982,R_75,34613.6869
1777598984,R_75,34622.0311
1777598986,R_75,34628.6906
1777598988,R_75,34636.3629
1777598990,R_75,34643.0023
1777598992,R_75,34644.9176
1777598994,R_75,34647.5722
1777598996,R_75,34650.5588
1777598998,R_75,34661.1501
1777599000,R_75,34661.0886
1777599002,R_75,34667.8125
1777599004,R_75,34662.9494
1777599006,R_75,34670.6245
1777599008,R_75,34666.1626
1777599010,R_75,34651.1263
1777599012,R_75,34644.0899
1777599014,R_75,34655.934
1777599016,R_75,34662.6398
1777599018,R_75,34659.4447
1777599020,R_75,34664.4097
1777599022,R_75,34669.03
1777599024,R_75,34666.0771
1777599026,R_75,34669.8232
1777599028,R_75,34674.2429
1777599030,R_75,34672.3233
1777599032,R_75,34672.9669
1777599034,R_75,34675.6659
1777599036,R_75,34674.5532
1777599038,R_75,34673.2329
1777599040,R_75,34672.8965
1777599042,R_75,34678.0269
1777599044,R_75,34687.0412
1777599046,R_75,34681.1486
1777599048,R_75,34684.3793
1777599050,R_75,34690.7442
1777599052,R_75,34700.2066
1777599054,R_75,34703.8632
1777599056,R_75,34703.0131
1777599058,R_75,34704.0978
1777599060,R_75,34704.257
1777599062,R_75,34707.7051
1777599064,R_75,34701.5519
1777599066,R_75,34699.9321
1777599068,R_75,34700.1386
1777599070,R_75,34700.5461
1777599072,R_75,34701.9614
1777599074,R_75,34694.108
1777599076,R_75,34690.1394
1777599078,R_75,34684.596
1777599080,R_75,34688.1011
1777599082,R_75,34687.2815
1777599084,R_75,34685.612
1777599086,R_75,34676.521
1777599088,R_75,34683.947
1777599090,R_75,34683.9894
1777599092,R_75,34686.7502
1777599094,R_75,34686.6087
1777599096,R_75,34680.6403
1777599098,R_75,34685.9013
1777599100,R_75,34685.2878
1777599102,R_75,34681.1688
1777599104,R_75,34679.1095
1777599106,R_75,34672.3071
1777599108,R_75,34679.9937
1777599110,R_75,34680.1301
1777599112,R_75,34689.8205
1777599114,R_75,34688.2152
1777599116,R_75,34685.9148
1777599118,R_75,34686.0711
1777599120,R_75,34676.5011
1777599122,R_75,34670.5981
1777599124,R_75,34673.4612
1777599126,R_75,34672.222
1777599128,R_75,34678.1806
1777599130,R_75,34678.1396
1777599132,R_75,34673.9409
1777599134,R_75,34667.6458
1777599136,R_75,34661.7546
1777599138,R_75,34663.7419
1777599140,R_75,34658.2891
1777599142,R_75,34658.66
1777599144,R_75,34672.2472
1777599146,R_75,34669.2472
1777599148,R_75,34671.5949
1777599150,R_75,34673.5163
1777599152,R_75,34679.1029
1777599154,R_75,34688.881
1777599156,R_75,34690.1422
1777599158,R_75,34676.9755
1777599160,R_75,34680.636
1777599162,R_75,34673.5497
1777599164,R_75,34669.5746
1777599166,R_75,34668.6041
1777599168,R_75,34671.1283
1777599170,R_75,34677.1444
1777599172,R_75,34668.2298
1777599174,R_75,34669.4828
1777599176,R_75,34670.8901
1777599178,R_75,34675.1771
1777599180,R_75,34664.8175
1777599182,R_75,34669.3827
1777599184,R_75,34669.021
1777599186,R_75,34670.0145
1777599188,R_75,34665.5648
1777599190,R_75,34679.265
1777599192,R_75,34682.8241
1777599194,R_75,34689.3931
1777599196,R_75,34682.016
1777599198,R_75,34675.3654
1777599200,R_75,34676.8994
1777599202,R_75,34680.0418
1777599204,R_75,34677.1862
1777599206,R_75,34689.2825
1777599208,R_75,34681.2054
1777599210,R_75,34684.669
1777599212,R_75,34680.1849
1777599214,R_75,34682.0795
1777599216,R_75,34675.9724
1777599218,R_75,34667.1757
1777599220,R_75,34664.9206
1777599222,R_75,34666.8455
1777599224,R_75,34657.5193
1777599226,R_75,34643.7084
1777599228,R_75,34642.9264
1777599230,R_75,34636.7587
1777599232,R_75,34640.2499
1777599234,R_75,34631.7356
1777599236,R_75,34624.7256
1777599238,R_75,34637.0789
1777599240,R_75,34634.2863
1777599242,R_75,34640.7206
1777599244,R_75,34629.8599
1777599246,R_75,34626.2521
1777599248,R_75,34623.8077
1777599250,R_75,34625.64
1777599252,R_75,34634.1995
1777599254,R_75,34644.8042
1777599256,R_75,34646.6324
1777599258,R_75,34649.3531
1777599260,R_75,34653.6104
1777599262,R_75,34663.235
1777599264,R_75,34665.2862
1777599266,R_75,34671.375
1777599268,R_75,34679.7565
1777599270,R_75,34667.5517
1777599272,R_75,34661.2251
1777599274,R_75,34663.3597
1777599276,R_75,34656.7227
1777599278,R_75,34648.4513
1777599280,R_75,34646.3895
1777599282,R_75,34645.0893
1777599284,R_75,34638.151
1777599286,R_75,34638.4166
1777599288,R_75,34637.148
1777599290,R_75,34638.9204
1777599292,R_75,34638.2366
1777599294,R_75,34636.0259
1777599296,R_75,34635.7743
1777599298,R_75,34638.2194
1777599300,R_75,34645.5072
1777599302,R_75,34646.8273
1777599304,R_75,34653.541
1777599306,R_75,34654.1005
1777599308,R_75,34662.6017
1777599310,R_75,34654.0473
1777599312,R_75,34654.1456
1777599314,R_75,34650.439
1777599316,R_75,34662.5113
1777599318,R_75,34665.0678
1777599320,R_75,34661.414
1777599322,R_75,34652.1822
1777599324,R_75,34646.0582
1777599326,R_75,34628.4008
1777599328,R_75,34628.3113
1777599330,R_75,34626.7162
1777599332,R_75,34628.8941
1777599334,R_75,34632.3762
1777599336,R_75,34624.5431
1777599338,R_75,34629.7644
1777599340,R_75,34635.2082
1777599342,R_75,34645.0339
1777599344,R_75,34644.6364
1777599346,R_75,34646.3632
1777599348,R_75,34642.109
1777599350,R_75,34636.6789
1777599352,R_75,34650.2899
1777599354,R_75,34653.9665
1777599356,R_75,34656.3938
1777599358,R_75,34664.2654
1777599360,R_75,34671.3645
1777599362,R_75,34682.4587
1777599364,R_75,34692.9892
1777599366,R_75,34691.2014
1777599368,R_75,34693.83
1777599370,R_75,34696.6024
1777599372,R_75,34708.1501
1777599374,R_75,34704.3833
1777599376,R_75,34700.6227
1777599378,R_75,34702.08
1777599380,R_75,34698.6195
1777599382,R_75,34686.5668
1777599384,R_75,34684.5064
1777599386,R_75,34689.3844
1777599388,R_75,34695.3367
1777599390,R_75,34698.6298
1777599392,R_75,34698.9105
1777599394,R_75,34715.6449
1777599396,R_75,34716.3781
1777599398,R_75,34721.284
1777599400,R_75,34715.0018
1777599402,R_75,34704.7817
1777599404,R_75,34704.9033
1777599406,R_75,34708.6582
1777599408,R_75,34710.9181
1777599410,R_75,34708.2519
1777599412,R_75,34712.2121
1777599414,R_75,34721.3264
1777599416,R_75,34719.235
1777599418,R_75,34715.1794
1777599420,R_75,34719.9774
1777599422,R_75,34729.9972
1777599424,R_75,34722.614
1777599426,R_75,34727.5607
1777599428,R_75,34737.081
1777599430,R_75,34743.5841
1777599432,R_75,34746.8619
1777599434,R_75,34741.3856
1777599436,R_75,34729.6174
1777599438,R_75,34739.7488
1777599440,R_75,34751.4266
1777599442,R_75,34742.6558
1777599444,R_75,34740.2752
1777599446,R_75,34730.3674
1777599448,R_75,34737.475
1777599450,R_75,34739.9243
1777599452,R_75,34746.7775
1777599454,R_75,34740.315
1777599456,R_75,34746.0936
1777599458,R_75,34757.8997
1777599460,R_75,34757.8705
1777599462,R_75,34763.9329
1777599464,R_75,34764.6512
1777599466,R_75,34768.4418
1777599468,R_75,34769.0811
1777599470,R_75,34761.16
1777599472,R_75,34755.3124
1777599474,R_75,34758.7406
1777599476,R_75,34758.9137
1777599478,R_75,34758.0666
1777599480,R_75,34752.4536
1777599482,R_75,34758.4474
1777599484,R_75,34750.6485
1777599486,R_75,34745.4408
1777599488,R_75,34739.1024
1777599490,R_75,34732.8639
1777599492,R_75,34734.6856
1777599494,R_75,34736.0336
1777599496,R_75,34747.4191
1777599498,R_75,34747.7371
1777599500,R_75,34750.181
1777599502,R_75,34769.9879
1777599504,R_75,34772.5899
1777599506,R_75,34771.7608
1777599508,R_75,34775.9387
1777599510,R_75,34767.6483
1777599512,R_75,34759.5684
1777599514,R_75,34751.6355
1777599516,R_75,34744.283
1777599518,R_75,34745.5875
1777599520,R_75,34746.0169
1777599522,R_75,34751.7917
1777599524,R_75,34754.2108
1777599526,R_75,34748.2073
1777599528,R_75,34737.4095
1777599530,R_75,34737.4181
1777599532,R_75,34740.0467
1777599534,R_75,34748.8595
1777599536,R_75,34746.2102
1777599538,R_75,34746.6556
1777599540,R_75,34737.8231
1777599542,R_75,34732.2101
1777599544,R_75,34730.3828
1777599546,R_75,34733.0698
1777599548,R_75,34736.9901
1777599550,R_75,34735.5958
1777599552,R_75,34734.2738
1777599554,R_75,34734.7859
1777599556,R_75,34738.8538
1777599558,R_75,34747.2025
1777599560,R_75,34742.6199
1777599562,R_75,34740.5266
1777599564,R_75,34729.9434
1777599566,R_75,34732.0973
1777599568,R_75,34737.3721
1777599570,R_75,34741.9972
1777599572,R_75,34738.0061
1777599574,R_75,34730.0001
1777599576,R_75,34734.6404
1777599578,R_75,34736.9065
1777599580,R_75,34736.7133
1777599582,R_75,34752.9544
1777599584,R_75,34751.8729
1777599586,R_75,34751.3969
1777599588,R_75,34743.7939
1777599590,R_75,34741.034
1777599592,R_75,34750.07
1777599594,R_75,34757.4028
1777599596,R_75,34761.8958
1777599598,R_75,34763.081
1777599600,R_75,34760.3081
1777599602,R_75,34762.3138
1777599604,R_75,34753.0736
1777599606,R_75,34755.1336
1777599608,R_75,34756.3134
1777599610,R_75,34757.6853
1777599612,R_75,34764.2492
1777599614,R_75,34745.9689
1777599616,R_75,34743.7156
1777599618,R_75,34749.9482
1777599620,R_75,34755.0876
1777599622,R_75,34755.99
1777599624,R_75,34757.4906
1777599626,R_75,34756.5905
1777599628,R_75,34744.0316
1777599630,R_75,34740.3261
1777599632,R_75,34738.1252
1777599634,R_75,34743.1395
1777599636,R_75,34733.6934
1777599638,R_75,34741.1019
1777599640,R_75,34734.4807
1777599642,R_75,34730.4527
1777599644,R_75,34731.13
1777599646,R_75,34735.0129
1777599648,R_75,34726.0691
1777599650,R_75,34733.5638
1777599652,R_75,34728.9343
1777599654,R_75,34721.4953
1777599656,R_75,34715.9586
1777599658,R_75,34710.7744
1777599660,R_75,34717.9203
1777599662,R_75,34716.3467
1777599664,R_75,34713.2151
1777599666,R_75,34717.6953
1777599668,R_75,34713.9798
1777599670,R_75,34720.2812
1777599672,R_75,34728.2578
1777599674,R_75,34729.8905
1777599676,R_75,34722.631
1777599678,R_75,34714.3818
1777599680,R_75,34708.3676
1777599682,R_75,34708.6294
1777599684,R_75,34714.9431
1777599686,R_75,34715.1373
1777599688,R_75,34714.0837
1777599690,R_75,34720.3599
1777599692,R_75,34718.1244
1777599694,R_75,34722.5415
1777599696,R_75,34718.4789
1777599698,R_75,34710.4427
1777599700,R_75,34705.4763
1777599702,R_75,34708.8294
1777599704,R_75,34700.0024
1777599706,R_75,34709.9452
1777599708,R_75,34700.9302
1777599710,R_75,34710.3316
1777599712,R_75,34723.8904
1777599714,R_75,34721.4784
1777599716,R_75,34717.7903
1777599718,R_75,34722.6565
1777599720,R_75,34730.746
1777599722,R_75,34723.0908
1777599724,R_75,34726.4553
1777599726,R_75,34711.505
1777599728,R_75,34706.1913
1777599730,R_75,34707.2628
1777599732,R_75,34692.0418
1777599734,R_75,34693.4527
1777599736,R_75,34701.3312
1777599738,R_75,34708.4912
1777599740,R_75,34716.0186
1777599742,R_75,34727.0783
1777599744,R_75,34720.6457
1777599746,R_75,34726.6376
1777599748,R_75,34724.3466
1777599750,R_75,34728.3706
1777599752,R_75,34736.3432
1777599754,R_75,34743.1526
1777599756,R_75,34740.5949
1777599758,R_75,34737.0909
1777599760,R_75,34737.2094
1777599762,R_75,34734.3926
1777599764,R_75,34734.08
1777599766,R_75,34742.1336
1777599768,R_75,34729.4558
1777599770,R_75,34727.4112
1777599772,R_75,34727.2461
1777599774,R_75,34712.5549
1777599776,R_75,34707.0272
1777599778,R_75,34688.383
1777599780,R_75,34685.4556
1777599782,R_75,34686.937
1777599784,R_75,34683.4685
1777599786,R_75,34682.4067
1777599788,R_75,34682.4225
1777599790,R_75,34668.1825
1777599792,R_75,34662.8034
1777599794,R_75,34657.1043
1777599796,R_75,34655.4707
1777599798,R_75,34654.4674
1777599800,R_75,34655.221
1777599802,R_75,34650.7854
1777599804,R_75,34646.0097
1777599806,R_75,34631.5297
1777599808,R_75,34635.4961
1777599810,R_75,34638.8818
1777599812,R_75,34636.5664
1777599814,R_75,34627.491
1777599816,R_75,34631.8296
1777599818,R_75,34625.2242
1777599820,R_75,34611.0089
1777599822,R_75,34605.799
1777599824,R_75,34615.6318
1777599826,R_75,34613.7646
1777599828,R_75,34614.4345
1777599830,R_75,34616.2428
1777599832,R_75,34619.4907
1777599834,R_75,34618.796
1777599836,R_75,34610.8122
1777599838,R_75,34611.7777
1777599840,R_75,34613.4973
1777599842,R_75,34613.098
1777599844,R_75,34616.3236
1777599846,R_75,34622.4808
1777599848,R_75,34622.4785
1777599850,R_75,34630.6859
1777599852,R_75,34638.4969
1777599854,R_75,34639.513
1777599856,R_75,34646.768
1777599858,R_75,34634.9647
1777599860,R_75,34638.3963
1777599862,R_75,34636.9118
1777599864,R_75,34626.8211
1777599866,R_75,34625.7596
1777599868,R_75,34633.0494
1777599870,R_75,34642.0813
1777599872,R_75,34643.7408
1777599874,R_75,34639.7893
1777599876,R_75,34641.5371
1777599878,R_75,34639.5137
1777599880,R_75,34643.6862
1777599882,R_75,34638.4034
1777599884,R_75,34639.213
1777599886,R_75,34644.9941
1777599888,R_75,34645.7664
1777599890,R_75,34643.3133
1777599892,R_75,34652.5611
1777599894,R_75,34658.6344
1777599896,R_75,34660.5097
1777599898,R_75,34654.1141
1777599900,R_75,34636.6838
1777599902,R_75,34643.0678
1777599904,R_75,34642.3
1777599906,R_75,34644.2348
1777599908,R_75,34644.2918
1777599910,R_75,34628.3423
1777599912,R_75,34630.8595
1777599914,R_75,34631.7575
1777599916,R_75,34625.0066
1777599918,R_75,34617.8128
1777599920,R_75,34626.598
1777599922,R_75,34630.548
1777599924,R_75,34620.4241
1777599926,R_75,34614.954
1777599928,R_75,34612.3096
1777599930,R_75,34612.3726
1777599932,R_75,34614.8658
1777599934,R_75,34611.4214
1777599936,R_75,34607.2708
1777599938,R_75,34605.3951
1777599940,R_75,34603.1459
1777599942,R_75,34601.3315
1777599944,R_75,34587.3916
1777599946,R_75,34585.833
1777599948,R_75,34579.5985
1777599950,R_75,34574.5136
1777599952,R_75,34582.5732
1777599954,R_75,34579.9979
1777599956,R_75,34582.5806
1777599958,R_75,34585.0688
1777599960,R_75,34582.9865
1777599962,R_75,34579.8906
1777599964,R_75,34576.8868
1777599966,R_75,34581.8141
1777599968,R_75,34580.1372
1777599970,R_75,34571.3515
1777599972,R_75,34565.6736
1777599974,R_75,34556.7969
1777599976,R_75,34560.585
1777599978,R_75,34567.2491
1777599980,R_75,34574.8211
1777599982,R_75,34573.0317
1777599984,R_75,34583.4984
1777599986,R_75,34587.707
1777599988,R_75,34580.9943
1777599990,R_75,34571.6289
1777599992,R_75,34579.7951
1777599994,R_75,34580.6417
1777599996,R_75,34578.3304
1777599998,R_75,34579.6105
1777600000,R_75,34579.0177
1777600002,R_75,34582.2037
1777600004,R_75,34575.2048
1777600006,R_75,34580.948
1777600008,R_75,34582.4306
1777600010,R_75,34581.6434
1777600012,R_75,34588.1014
1777600014,R_75,34592.6548
1777600016,R_75,34599.3903
1777600018,R_75,34598.2261
1777600020,R_75,34595.8641
1777600022,R_75,34594.7326
1777600024,R_75,34592.7994
1777600026,R_75,34593.7749
1777600028,R_75,34593.6969
1777600030,R_75,34590.3838
1777600032,R_75,34600.7898
1777600034,R_75,34597.1398
1777600036,R_75,34602.9706
1777600038,R_75,34594.9443
1777600040,R_75,34607.4623
1777600042,R_75,34612.0592
1777600044,R_75,34611.3394
1777600046,R_75,34611.5158
1777600048,R_75,34621.768
1777600050,R_75,34618.1377
1777600052,R_75,34623.3601
1777600054,R_75,34619.4052
1777600056,R_75,34624.5668
1777600058,R_75,34616.2392
1777600060,R_75,34619.4782
1777600062,R_75,34620.5031
1777600064,R_75,34624.6331
1777600066,R_75,34627.8779
1777600068,R_75,34634.3088
1777600070,R_75,34630.2493
1777600072,R_75,34631.2549
1777600074,R_75,34632.1938
1777600076,R_75,34620.1791
1777600078,R_75,34615.9706
1777600080,R_75,34611.3737
1777600082,R_75,34608.7359
1777600084,R_75,34607.0729
1777600086,R_75,34607.2752
1777600088,R_75,34605.7763
1777600090,R_75,34599.0147
1777600092,R_75,34589.8939
1777600094,R_75,34587.4252
1777600096,R_75,34587.7764
1777600098,R_75,34578.72
1777600100,R_75,34580.6394
1777600102,R_75,34575.7322
1777600104,R_75,34586.6974
1777600106,R_75,34598.8979
1777600108,R_75,34610.1334
1777600110,R_75,34615.6073
1777600112,R_75,34615.0003
1777600114,R_75,34620.5085
1777600116,R_75,34615.7668
1777600118,R_75,34613.3436
1777600120,R_75,34620.7021
1777600122,R_75,34616.0939
1777600124,R_75,34625.571
1777600126,R_75,34629.4837
1777600128,R_75,34628.9024
1777600130,R_75,34634.6984
1777600132,R_75,34637.5409
1777600134,R_75,34629.6456
1777600136,R_75,34631.5858
1777600138,R_75,34632.8992
1777600140,R_75,34641.7155
1777600142,R_75,34638.6037
1777600144,R_75,34635.8429
1777600146,R_75,34633.7675
1777600148,R_75,34636.3795
1777600150,R_75,34628.8023
1777600152,R_75,34641.7331
1777600154,R_75,34640.0631
1777600156,R_75,34639.2945
1777600158,R_75,34642.0818
1777600160,R_75,34635.0307
1777600162,R_75,34638.0473
1777600164,R_75,34635.0507
1777600166,R_75,34630.3133
1777600168,R_75,34629.1955
1777600170,R_75,34632.0447
1777600172,R_75,34644.6496
1777600174,R_75,34637.8657
1777600176,R_75,34641.0477
1777600178,R_75,34633.3387
1777600180,R_75,34629.4325
1777600182,R_75,34627.4275
1777600184,R_75,34628.5994
1777600186,R_75,34621.3703
1777600188,R_75,34630.0772
1777600190,R_75,34640.7211
1777600192,R_75,34632.6189
1777600194,R_75,34636.8995
1777600196,R_75,34644.1017
1777600198,R_75,34651.3666
1777600200,R_75,34656.9842
1777600202,R_75,34652.3999
1777600204,R_75,34648.2167
1777600206,R_75,34651.3894
1777600208,R_75,34658.3869
1777600210,R_75,34655.6907
1777600212,R_75,34660.2015
1777600214,R_75,34657.8474
1777600216,R_75,34653.1679
1777600218,R_75,34647.9927
1777600220,R_75,34646.7744
1777600222,R_75,34645.9184
1777600224,R_75,34639.4081
1777600226,R_75,34645.6921
1777600228,R_75,34647.1821
1777600230,R_75,34645.5632
1777600232,R_75,34641.708
1777600234,R_75,34632.3291
1777600236,R_75,34635.5526
1777600238,R_75,34634.2685
1777600240,R_75,34645.2256
1777600242,R_75,34645.6096
1777600244,R_75,34638.4882
1777600246,R_75,34629.2357
1777600248,R_75,34625.5008
1777600250,R_75,34614.0051
1777600252,R_75,34628.1709
1777600254,R_75,34632.4147
1777600256,R_75,34631.709
1777600258,R_75,34626.9842
1777600260,R_75,34624.1255
1777600262,R_75,34613.2179
1777600264,R_75,34610.3949
1777600266,R_75,34608.3236
1777600268,R_75,34602.0063
1777600270,R_75,34588.6686
1777600272,R_75,34591.1303
1777600274,R_75,34587.4888
1777600276,R_75,34582.8898
1777600278,R_75,34583.99
1777600280,R_75,34590.0959
1777600282,R_75,34588.8553
1777600284,R_75,34591.3175
1777600286,R_75,34590.6484
1777600288,R_75,34580.6202
1777600290,R_75,34580.8671
1777600292,R_75,34577.8206
1777600294,R_75,34576.3368
1777600296,R_75,34562.5896
1777600298,R_75,34561.7868
1777600300,R_75,34575.2308
1777600302,R_75,34576.3243
1777600304,R_75,34572.2759
1777600306,R_75,34573.1078
1777600308,R_75,34574.1885
1777600310,R_75,34570.4546
1777600312,R_75,34564.395
1777600314,R_75,34556.8973
1777600316,R_75,34562.6065
1777600318,R_75,34558.9913
1777600320,R_75,34559.2834
1777600322,R_75,34545.9184
1777600324,R_75,34552.2885
1777600326,R_75,34553.4686
1777600328,R_75,34550.4128
1777600330,R_75,34554.6507
1777600332,R_75,34556.4988
1777600334,R_75,34567.5443
1777600336,R_75,34573.2748
1777600338,R_75,34586.4457
1777600340,R_75,34588.6577
1777600342,R_75,34584.6505
1777600344,R_75,34577.9434
1777600346,R_75,34580.8732
1777600348,R_75,34584.9685
1777600350,R_75,34580.8879
1777600352,R_75,34581.9141
1777600354,R_75,34577.1783
1777600356,R_75,34580.6376
1777600358,R_75,34585.7365
1777600360,R_75,34596.287
1777600362,R_75,34598.8228
1777600364,R_75,34595.6729
1777600366,R_75,34582.7041
1777600368,R_75,34585.4127
1777600370,R_75,34576.421
1777600372,R_75,34566.6525
1777600374,R_75,34569.7641
1777600376,R_75,34572.9291
1777600378,R_75,34575.178
1777600380,R_75,34582.6336
1777600382,R_75,34591.721
1777600384,R_75,34586.7568
1777600386,R_75,34586.7449
1777600388,R_75,34597.9708
1777600390,R_75,34605.4292
1777600392,R_75,34597.9153
1777600394,R_75,34597.4377
1777600396,R_75,34596.123
1777600398,R_75,34594.6475
1777600400,R_75,34605.6452
1777600402,R_75,34608.7837
1777600404,R_75,34609.3025
1777600406,R_75,34604.1078
1777600408,R_75,34594.0747
1777600410,R_75,34605.3682
1777600412,R_75,34602.6673
1777600414,R_75,34602.9433
1777600416,R_75,34598.8817
1777600418,R_75,34604.1827
1777600420,R_75,34603.9996
1777600422,R_75,34609.4941
1777600424,R_75,34612.7147
1777600426,R_75,34614.9299
1777600428,R_75,34608.9758
1777600430,R_75,34615.4353
1777600432,R_75,34616.9963
1777600434,R_75,34622.4717
1777600436,R_75,34611.4731
1777600438,R_75,34603.066
1777600440,R_75,34602.7381
1777600442,R_75,34603.1396
1777600444,R_75,34618.4678
1777600446,R_75,34618.8857
1777600448,R_75,34613.0181
1777600450,R_75,34625.0854
1777600452,R_75,34625.6224
1777600454,R_75,34630.8134
1777600456,R_75,34633.5857
1777600458,R_75,34631.4318
1777600460,R_75,34639.7548
1777600462,R_75,34642.0546
1777600464,R_75,34641.0904
1777600466,R_75,34640.2208
1777600468,R_75,34638.777
1777600470,R_75,34637.0657
1777600472,R_75,34646.0104
1777600474,R_75,34650.5327
1777600476,R_75,34651.3376
1777600478,R_75,34643.8035
1777600480,R_75,34646.0005
1777600482,R_75,34655.5769
1777600484,R_75,34663.8334
1777600486,R_75,34677.0884
1777600488,R_75,34670.1621
1777600490,R_75,34658.5031
1777600492,R_75,34669.2193
1777600494,R_75,34661.3849
1777600496,R_75,34674.5029
1777600498,R_75,34680.3133
1777600500,R_75,34680.0567
1777600502,R_75,34689.4115
1777600504,R_75,34690.1708
1777600506,R_75,34691.6908
1777600508,R_75,34682.3449
1777600510,R_75,34681.325
1777600512,R_75,34674.619
1777600514,R_75,34675.6994
1777600516,R_75,34678.989
1777600518,R_75,34676.9575
1777600520,R_75,34675.3273
1777600522,R_75,34682.8382
1777600524,R_75,34678.3923
1777600526,R_75,34676.6648
1777600528,R_75,34687.1045
1777600530,R_75,34695.9094
1777600532,R_75,34695.9263
1777600534,R_75,34689.5897
1777600536,R_75,34697.3312
1777600538,R_75,34699.8387
1777600540,R_75,34697.4877
1777600542,R_75,34704.2371
1777600544,R_75,34711.3343
1777600546,R_75,34706.9088
1777600548,R_75,34704.2137
1777600550,R_75,34715.5549
1777600552,R_75,34724.8829
1777600554,R_75,34719.1265
1777600556,R_75,34709.6605
1777600558,R_75,34696.2997
1777600560,R_75,34701.2504
1777600562,R_75,34700.6975
1777600564,R_75,34692.3449
1777600566,R_75,34698.4386
1777600568,R_75,34696.6554
1777600570,R_75,34694.5182
1777600572,R_75,34695.4583
1777600574,R_75,34696.441
1777600576,R_75,34692.87
1777600578,R_75,34685.5299
1777600580,R_75,34681.7498
1777600582,R_75,34694.8736
1777600584,R_75,34697.9223
1777600586,R_75,34689.7641
1777600588,R_75,34689.3448
1777600590,R_75,34688.1996
1777600592,R_75,34687.9247
1777600594,R_75,34686.3204
1777600596,R_75,34681.1163
1777600598,R_75,34674.3286
1777600600,R_75,34674.0748
1777600602,R_75,34677.2888
1777600604,R_75,34671.13
1777600606,R_75,34650.2615
1777600608,R_75,34646.6057
1777600610,R_75,34651.9058
1777600612,R_75,34649.4157
1777600614,R_75,34642.4767
1777600616,R_75,34653.694
1777600618,R_75,34659.2373
1777600620,R_75,34663.0297
1777600622,R_75,34665.9246
1777600624,R_75,34663.802
1777600626,R_75,34665.0238
1777600628,R_75,34672.2449
1777600630,R_75,34661.4032
1777600632,R_75,34662.04
1777600634,R_75,34662.9443
1777600636,R_75,34652.8261
1777600638,R_75,34645.952
1777600640,R_75,34644.0161
1777600642,R_75,34652.4935
1777600644,R_75,34657.9018
1777600646,R_75,34664.167
1777600648,R_75,34660.3295
1777600650,R_75,34659.0911
1777600652,R_75,34651.864
1777600654,R_75,34659.3462
1777600656,R_75,34653.0312
1777600658,R_75,34651.8664
1777600660,R_75,34656.5758
1777600662,R_75,34650.3368
1777600664,R_75,34648.4468
1777600666,R_75,34657.2056
1777600668,R_75,34650.9152
1777600670,R_75,34659.6199
1777600672,R_75,34668.1518
1777600674,R_75,34676.4789
1777600676,R_75,34669.5073
1777600678,R_75,34661.2963
1777600680,R_75,34654.1546
1777600682,R_75,34649.3636
1777600684,R_75,34657.2586
1777600686,R_75,34672.5911
1777600688,R_75,34666.6211
1777600690,R_75,34679.2007
1777600692,R_75,34676.7883
1777600694,R_75,34680.4059
1777600696,R_75,34684.2282
1777600698,R_75,34687.3821
1777600700,R_75,34682.7857
1777600702,R_75,34687.216
1777600704,R_75,34687.0249
1777600706,R_75,34684.5056
1777600708,R_75,34688.2139
1777600710,R_75,34693.2697
1777600712,R_75,34701.88
1777600714,R_75,34697.1269
1777600716,R_75,34686.7125
1777600718,R_75,34686.6934
1777600720,R_75,34698.9812
1777600722,R_75,34702.6187
1777600724,R_75,34705.1329
1777600726,R_75,34703.9914
1777600728,R_75,34700.7661
1777600730,R_75,34698.4766
1777600732,R_75,34693.9049
1777600734,R_75,34695.4421
1777600736,R_75,34698.5503
1777600738,R_75,34701.7046
1777600740,R_75,34696.2523
1777600742,R_75,34695.4682
1777600744,R_75,34695.6522
1777600746,R_75,34695.2894
1777600748,R_75,34688.7744
1777600750,R_75,34692.1863
1777600752,R_75,34688.3715
1777600754,R_75,34683.5605
1777600756,R_75,34682.6334
1777600758,R_75,34680.4294
1777600760,R_75,34681.2346
1777600762,R_75,34687.3489
1777600764,R_75,34697.3909
1777600766,R_75,34695.6758
1777600768,R_75,34701.9018
1777600770,R_75,34708.8993
1777600772,R_75,34714.766
1777600774,R_75,34725.4267
1777600776,R_75,34726.7186
1777600778,R_75,34714.8634
1777600780,R_75,34709.4998
1777600782,R_75,34717.9358
1777600784,R_75,34713.7945
1777600786,R_75,34698.3632
1777600788,R_75,34692.8279
1777600790,R_75,34693.3069
1777600792,R_75,34687.6514
1777600794,R_75,34680.712
1777600796,R_75,34688.4077
1777600798,R_75,34690.2181
1777600800,R_75,34685.6595
1777600802,R_75,34682.2414
1777600804,R_75,34674.437
1777600806,R_75,34687.4957
1777600808,R_75,34689.6537
1777600810,R_75,34683.6431
1777600812,R_75,34685.5406
1777600814,R_75,34679.9766
1777600816,R_75,34679.3069
1777600818,R_75,34687.6972
1777600820,R_75,34681.0123
1777600822,R_75,34693.5235
1777600824,R_75,34688.7107
1777600826,R_75,34702.9141
1777600828,R_75,34704.5318
1777600830,R_75,34708.4076
1777600832,R_75,34706.8881
1777600834,R_75,34704.8419
1777600836,R_75,34699.6986
1777600838,R_75,34701.4011
1777600840,R_75,34703.6209
1777600842,R_75,34696.4344
1777600844,R_75,34703.8345
1777600846,R_75,34708.1468
1777600848,R_75,34713.9225
1777600850,R_75,34724.2284
1777600852,R_75,34726.9705
1777600854,R_75,34728.5236
1777600856,R_75,34731.196
1777600858,R_75,34735.7666
1777600860,R_75,34730.7405
1777600862,R_75,34730.574
1777600864,R_75,34732.9121
1777600866,R_75,34728.7556
1777600868,R_75,34738.8732
1777600870,R_75,34741.6667
1777600872,R_75,34749.7345
1777600874,R_75,34746.8686
1777600876,R_75,34752.7776
1777600878,R_75,34753.0467
1777600880,R_75,34754.7648
1777600882,R_75,34752.2841
1777600884,R_75,34754.5656
1777600886,R_75,34749.2837
1777600888,R_75,34747.1733
1777600890,R_75,34748.083
1777600892,R_75,34733.1495
1777600894,R_75,34737.7201
1777600896,R_75,34734.7692
1777600898,R_75,34732.2948
1777600900,R_75,34732.4854
1777600902,R_75,34726.5431
1777600904,R_75,34727.3244
1777600906,R_75,34725.9552
1777600908,R_75,34732.0724
1777600910,R_75,34731.8945
1777600912,R_75,34729.5064
1777600914,R_75,34741.8502
1777600916,R_75,34746.6701
1777600918,R_75,34757.4016
1777600920,R_75,34750.5881
1777600922,R_75,34751.9282
1777600924,R_75,34758.4851
1777600926,R_75,34757.5127
1777600928,R_75,34750.694
1777600930,R_75,34743.3661
1777600932,R_75,34747.1943
1777600934,R_75,34748.1347
1777600936,R_75,34758.3365
1777600938,R_75,34766.9751
1777600940,R_75,34767.7167
1777600942,R_75,34770.37
1777600944,R_75,34772.341
1777600946,R_75,34772.9564
1777600948,R_75,34781.2168
1777600950,R_75,34789.4202
1777600952,R_75,34789.6889
1777600954,R_75,34796.0041
1777600956,R_75,34807.3683
1777600958,R_75,34805.5138
1777600960,R_75,34807.4447
1777600962,R_75,34793.5941
1777600964,R_75,34783.8567
1777600966,R_75,34773.7754
1777600968,R_75,34768.3818
1777600970,R_75,34770.3696
1777600972,R_75,34783.0482
1777600974,R_75,34789.4332
1777600976,R_75,34780.7047
1777600978,R_75,34778.3002
1777600980,R_75,34774.0718
1777600982,R_75,34783.7079
1777600984,R_75,34784.7666
1777600986,R_75,34787.3216
1777600988,R_75,34787.2207
1777600990,R_75,34798.8207
1777600992,R_75,34787.64
1777600994,R_75,34786.6143
1777600996,R_75,34786.2606
1777600998,R_75,34785.9676
1777601000,R_75,34784.2595
1777601002,R_75,34798.6684
1777601004,R_75,34790.0406
1777601006,R_75,34785.3338
1777601008,R_75,34780.6366
1777601010,R_75,34778.9681
1777601012,R_75,34775.2589
1777601014,R_75,34765.859
1777601016,R_75,34767.0031
1777601018,R_75,34777.5659
1777601020,R_75,34778.3658
1777601022,R_75,34784.8675
1777601024,R_75,34785.7505
1777601026,R_75,34786.2915
1777601028,R_75,34788.5505
1777601030,R_75,34798.0615
1777601032,R_75,34801.1219
1777601034,R_75,34811.3356
1777601036,R_75,34807.3608
1777601038,R_75,34809.6498
1777601040,R_75,34812.7297
1777601042,R_75,34797.3039
1777601044,R_75,34796.5136
1777601046,R_75,34803.3473
1777601048,R_75,34804.7726
1777601050,R_75,34810.3448
1777601052,R_75,34811.4634
1777601054,R_75,34816.3978
1777601056,R_75,34815.7412
1777601058,R_75,34816.8357
1777601060,R_75,34816.4948
1777601062,R_75,34807.095
1777601064,R_75,34806.4627
1777601066,R_75,34814.7733
1777601068,R_75,34811.5767
1777601070,R_75,34812.7628
1777601072,R_75,34814.8988
1777601074,R_75,34816.2343
1777601076,R_75,34818.3713
1777601078,R_75,34807.3742
1777601080,R_75,34801.7726
1777601082,R_75,34796.7765
1777601084,R_75,34794.5114
1777601086,R_75,34791.8563
1777601088,R_75,34796.7009
1777601090,R_75,34790.4714
1777601092,R_75,34780.7007
1777601094,R_75,34787.5277
1777601096,R_75,34783.5792
1777601098,R_75,34784.6571
1777601100,R_75,34782.9301
1777601102,R_75,34774.6605
1777601104,R_75,34774.3173
1777601106,R_75,34763.2543
1777601108,R_75,34768.5713
1777601110,R_75,34771.3544
1777601112,R_75,34768.711
1777601114,R_75,34766.414
1777601116,R_75,34761.1063
1777601118,R_75,34765.8358
1777601120,R_75,34763.4336
1777601122,R_75,34762.0241
1777601124,R_75,34755.7489
1777601126,R_75,34747.609
1777601128,R_75,34754.373
1777601130,R_75,34757.531
1777601132,R_75,34758.3418
1777601134,R_75,34768.6275
1777601136,R_75,34776.2452
1777601138,R_75,34777.3219
1777601140,R_75,34767.8281
1777601142,R_75,34770.8111
1777601144,R_75,34777.6365
1777601146,R_75,34786.0412
1777601148,R_75,34791.7019
1777601150,R_75,34782.0677
1777601152,R_75,34778.994
1777601154,R_75,34783.254
1777601156,R_75,34788.9711
1777601158,R_75,34785.1913
1777601160,R_75,34783.7745
1777601162,R_75,34791.5034
1777601164,R_75,34799.8095
1777601166,R_75,34804.745
1777601168,R_75,34806.0842
1777601170,R_75,34810.7324
1777601172,R_75,34812.5318
1777601174,R_75,34808.5022
1777601176,R_75,34806.0946
1777601178,R_75,34805.4923
1777601180,R_75,34807.0633
1777601182,R_75,34816.824
1777601184,R_75,34812.2699
1777601186,R_75,34814.695
1777601188,R_75,34811.7198
1777601190,R_75,34807.9752
1777601192,R_75,34819.1924
1777601194,R_75,34820.7913
1777601196,R_75,34817.5634
1777601198,R_75,34818.631
1777601200,R_75,34823.7353
1777601202,R_75,34817.3116
1777601204,R_75,34819.4715
1777601206,R_75,34829.433
1777601208,R_75,34827.7807
1777601210,R_75,34832.911
1777601212,R_75,34833.6713
1777601214,R_75,34839.2161
1777601216,R_75,34840.3508
1777601218,R_75,34839.2951
1777601220,R_75,34846.6949
1777601222,R_75,34849.6997
1777601224,R_75,34854.5793
1777601226,R_75,34847.5704
1777601228,R_75,34853.6261
1777601230,R_75,34866.0809
1777601232,R_75,34868.2917
1777601234,R_75,34857.3083
1777601236,R_75,34862.328
1777601238,R_75,34853.5702
1777601240,R_75,34862.4759
1777601242,R_75,34857.824
1777601244,R_75,34855.4495
1777601246,R_75,34861.4457
1777601248,R_75,34848.0839
1777601250,R_75,34851.9958
1777601252,R_75,34851.9397
1777601254,R_75,34857.5882
1777601256,R_75,34844.5556
1777601258,R_75,34852.9406
1777601260,R_75,34840.852
1777601262,R_75,34848.4665
1777601264,R_75,34857.4627
1777601266,R_75,34854.8614
1777601268,R_75,34858.6999
1777601270,R_75,34865.6483
1777601272,R_75,34853.7379
1777601274,R_75,34855.3431
1777601276,R_75,34845.1706
1777601278,R_75,34843.2647
1777601280,R_75,34845.1538
1777601282,R_75,34833.8258
1777601284,R_75,34842.3883
1777601286,R_75,34839.8992
1777601288,R_75,34838.2739
1777601290,R_75,34836.4213
1777601292,R_75,34833.9323
1777601294,R_75,34824.9615
1777601296,R_75,34818.3748
1777601298,R_75,34810.7048
1777601300,R_75,34813.0652
1777601302,R_75,34805.2585
1777601304,R_75,34794.5058
1777601306,R_75,34794.5864
1777601308,R_75,34789.5001
1777601310,R_75,34793.4396
1777601312,R_75,34795.8201
1777601314,R_75,34796.7254
1777601316,R_75,34777.2045
1777601318,R_75,34768.8304
1777601320,R_75,34767.796
1777601322,R_75,34770.8923
1777601324,R_75,34765.8188
1777601326,R_75,34758.655
1777601328,R_75,34762.2663
1777601330,R_75,34756.5598
1777601332,R_75,34759.6627
1777601334,R_75,34757.3476
1777601336,R_75,34747.1714
1777601338,R_75,34751.9711
1777601340,R_75,34745.3953
1777601342,R_75,34744.9614
1777601344,R_75,34745.9161
1777601346,R_75,34742.5055
1777601348,R_75,34753.1768
1777601350,R_75,34749.2682
1777601352,R_75,34756.4421
1777601354,R_75,34758.1877
1777601356,R_75,34758.8126
1777601358,R_75,34756.3577
1777601360,R_75,34757.6367
1777601362,R_75,34768.0882
1777601364,R_75,34768.5428
1777601366,R_75,34769.2192
1777601368,R_75,34768.5033
1777601370,R_75,34769.6824
1777601372,R_75,34762.0662
1777601374,R_75,34751.9541
1777601376,R_75,34747.7188
1777601378,R_75,34765.1073
1777601380,R_75,34767.2635
1777601382,R_75,34757.6894
1777601384,R_75,34760.3114
1777601386,R_75,34755.8172
1777601388,R_75,34757.2653
1777601390,R_75,34761.6557
1777601392,R_75,34759.2648
1777601394,R_75,34765.2336
1777601396,R_75,34771.5651
1777601398,R_75,34780.6907
1777601400,R_75,34785.4532
1777601402,R_75,34781.7838
1777601404,R_75,34781.0489
1777601406,R_75,34783.7145
1777601408,R_75,34787.1549
1777601410,R_75,34795.5614
1777601412,R_75,34799.5448
1777601414,R_75,34806.5855
1777601416,R_75,34799.8414
1777601418,R_75,34791.7694
1777601420,R_75,34790.009
1777601422,R_75,34785.179
1777601424,R_75,34791.4866
1777601426,R_75,34783.0611
1777601428,R_75,34775.5677
1777601430,R_75,34783.1684
1777601432,R_75,34784.8863
1777601434,R_75,34776.1849
1777601436,R_75,34770.9312
1777601438,R_75,34767.4564
1777601440,R_75,34765.477
1777601442,R_75,34776.7227
1777601444,R_75,34799.1778
1777601446,R_75,34810.4156
1777601448,R_75,34818.0162
1777601450,R_75,34808.4369
1777601452,R_75,34810.8264
1777601454,R_75,34806.1748
1777601456,R_75,34801.7535
1777601458,R_75,34803.3183
1777601460,R_75,34796.1059
1777601462,R_75,34784.8619
1777601464,R_75,34785.6145
1777601466,R_75,34784.0181
1777601468,R_75,34783.3162
1777601470,R_75,34800.3942
1777601472,R_75,34809.9161
1777601474,R_75,34806.8187
1777601476,R_75,34803.8435
1777601478,R_75,34804.3507
1777601480,R_75,34801.0026
1777601482,R_75,34794.9116
1777601484,R_75,34794.746
1777601486,R_75,34790.1836
1777601488,R_75,34788.0406
1777601490,R_75,34787.7594
1777601492,R_75,34787.3044
1777601494,R_75,34788.8153
1777601496,R_75,34785.6021
1777601498,R_75,34783.7635
1777601500,R_75,34780.7639
1777601502,R_75,34790.3954
1777601504,R_75,34786.1675
1777601506,R_75,34787.5976
1777601508,R_75,34775.6524
1777601510,R_75,34777.9945
1777601512,R_75,34771.6591
1777601514,R_75,34766.5952
1777601516,R_75,34767.7435
1777601518,R_75,34765.7546
1777601520,R_75,34770.3473
1777601522,R_75,34751.4953
1777601524,R_75,34737.8459
1777601526,R_75,34739.3622
1777601528,R_75,34731.8038
1777601530,R_75,34744.7416
1777601532,R_75,34743.781
1777601534,R_75,34737.7641
1777601536,R_75,34726.9958
1777601538,R_75,34727.0786
1777601540,R_75,34726.8512
1777601542,R_75,34725.4201
1777601544,R_75,34727.4566
1777601546,R_75,34724.6999
1777601548,R_75,34721.8686
1777601550,R_75,34731.9328
1777601552,R_75,34730.7528
1777601554,R_75,34734.2037
1777601556,R_75,34742.1651
1777601558,R_75,34741.9986
1777601560,R_75,34744.3386
1777601562,R_75,34743.6237
1777601564,R_75,34745.3025
1777601566,R_75,34730.9012
1777601568,R_75,34727.5844
1777601570,R_75,34730.1793
1777601572,R_75,34729.2822
1777601574,R_75,34739.0028
1777601576,R_75,34732.8182
1777601578,R_75,34720.3718
1777601580,R_75,34709.0405
1777601582,R_75,34702.7527
1777601584,R_75,34707.2094
1777601586,R_75,34710.814
1777601588,R_75,34707.3712
1777601590,R_75,34710.2773
1777601592,R_75,34717.6396
1777601594,R_75,34719.9062
1777601596,R_75,34720.2887
1777601598,R_75,34708.1354
1777601600,R_75,34711.6372
1777601602,R_75,34715.2765
1777601604,R_75,34712.9551
1777601606,R_75,34720.9795
1777601608,R_75,34719.2635
1777601610,R_75,34723.6574
1777601612,R_75,34722.2434
1777601614,R_75,34732.65
1777601616,R_75,34727.3008
1777601618,R_75,34740.9604
1777601620,R_75,34741.465
1777601622,R_75,34746.8198
1777601624,R_75,34738.9343
1777601626,R_75,34727.7917
1777601628,R_75,34715.7236
1777601630,R_75,34714.137
1777601632,R_75,34712.247
1777601634,R_75,34709.566
1777601636,R_75,34704.7963
1777601638,R_75,34709.4773
1777601640,R_75,34708.7818
1777601642,R_75,34708.991
1777601644,R_75,34702.1334
1777601646,R_75,34708.298
1777601648,R_75,34695.8975
1777601650,R_75,34700.7945
1777601652,R_75,34711.1863
1777601654,R_75,34707.9429
1777601656,R_75,34696.9098
1777601658,R_75,34704.3244
1777601660,R_75,34710.8608
1777601662,R_75,34718.7817
1777601664,R_75,34721.3319
1777601666,R_75,34730.4318
1777601668,R_75,34725.377
1777601670,R_75,34716.9665
1777601672,R_75,34707.975
1777601674,R_75,34718.6342
1777601676,R_75,34725.6633
1777601678,R_75,34728.9087
1777601680,R_75,34740.0571
1777601682,R_75,34743.2127
1777601684,R_75,34741.2496
1777601686,R_75,34742.8082
1777601688,R_75,34743.0614
1777601690,R_75,34737.1885
1777601692,R_75,34741.2727
1777601694,R_75,34750.6702
1777601696,R_75,34756.1191
1777601698,R_75,34772.6154
1777601700,R_75,34768.3698
1777601702,R_75,34772.7228
1777601704,R_75,34780.2817
1777601706,R_75,34787.6024
1777601708,R_75,34789.4356
1777601710,R_75,34787.5218
1777601712,R_75,34784.6516
1777601714,R_75,34786.7129
1777601716,R_75,34784.8693
1777601718,R_75,34787.2075
1777601720,R_75,34792.228
1777601722,R_75,34798.3659
1777601724,R_75,34806.1938
1777601726,R_75,34803.5165
1777601728,R_75,34804.4965
1777601730,R_75,34808.502
1777601732,R_75,34812.2842
1777601734,R_75,34812.7829
1777601736,R_75,34819.4094
1777601738,R_75,34825.7091
1777601740,R_75,34826.2435
1777601742,R_75,34826.0919
1777601744,R_75,34819.3144
1777601746,R_75,34825.3033
1777601748,R_75,34823.9485
1777601750,R_75,34822.6045
1777601752,R_75,34827.5723
1777601754,R_75,34836.353
1777601756,R_75,34822.6736
1777601758,R_75,34828.3998
1777601760,R_75,34836.6553
1777601762,R_75,34831.7197
1777601764,R_75,34827.185
1777601766,R_75,34833.4178
1777601768,R_75,34843.3749
1777601770,R_75,34841.6872
1777601772,R_75,34841.8977
1777601774,R_75,34837.9649
1777601776,R_75,34842.9597
1777601778,R_75,34845.1365
1777601780,R_75,34852.8123
1777601782,R_75,34846.9993
1777601784,R_75,34848.1565
1777601786,R_75,34839.53
1777601788,R_75,34843.6048
1777601790,R_75,34845.3657
1777601792,R_75,34846.5385
1777601794,R_75,34842.4616
1777601796,R_75,34852.986
1777601798,R_75,34849.3471
1777601800,R_75,34859.0344
1777601802,R_75,34865.291
1777601804,R_75,34861.233
1777601806,R_75,34864.7138
1777601808,R_75,34874.5673
1777601810,R_75,34870.6102
1777601812,R_75,34865.7505
1777601814,R_75,34844.005
1777601816,R_75,34841.4477
1777601818,R_75,34846.4455
1777601820,R_75,34834.0079
1777601822,R_75,34844.3438
1777601824,R_75,34842.1758
1777601826,R_75,34833.7449
1777601828,R_75,34830.6417
1777601830,R_75,34838.8511
1777601832,R_75,34833.7534
1777601834,R_75,34832.5949
1777601836,R_75,34838.2549
1777601838,R_75,34838.3567
1777601840,R_75,34833.6112
1777601842,R_75,34829.3011
1777601844,R_75,34822.1357
1777601846,R_75,34819.2358
1777601848,R_75,34817.8919
1777601850,R_75,34802.8295
1777601852,R_75,34794.2545
1777601854,R_75,34795.6827
1777601856,R_75,34798.2207
1777601858,R_75,34788.509
1777601860,R_75,34788.7706
1777601862,R_75,34783.4852
1777601864,R_75,34770.1861
1777601866,R_75,34766.6316
1777601868,R_75,34773.0795
1777601870,R_75,34779.0867
1777601872,R_75,34781.1456
1777601874,R_75,34775.4828
1777601876,R_75,34766.1677
1777601878,R_75,34765.4589
1777601880,R_75,34760.9401
1777601882,R_75,34760.203
1777601884,R_75,34754.651
1777601886,R_75,34749.8768
1777601888,R_75,34756.7335
1777601890,R_75,34770.3989
1777601892,R_75,34764.0941
1777601894,R_75,34761.2815
1777601896,R_75,34763.1705
1777601898,R_75,34771.618
1777601900,R_75,34783.9212
1777601902,R_75,34785.7581
1777601904,R_75,34787.1001
1777601906,R_75,34781.6675
1777601908,R_75,34780.8252
1777601910,R_75,34783.8164
1777601912,R_75,34788.2274
1777601914,R_75,34783.6318
1777601916,R_75,34788.4074
1777601918,R_75,34778.6224
1777601920,R_75,34782.0981
1777601922,R_75,34787.3298
1777601924,R_75,34793.4674
1777601926,R_75,34799.3033
1777601928,R_75,34791.489
1777601930,R_75,34786.1448
1777601932,R_75,34777.6996
1777601934,R_75,34776.9874
1777601936,R_75,34777.9654
1777601938,R_75,34782.5248
1777601940,R_75,34788.8651
1777601942,R_75,34784.7058
1777601944,R_75,34787.9959
1777601946,R_75,34790.7111
1777601948,R_75,34793.7893
1777601950,R_75,34785.5459
1777601952,R_75,34787.7023
1777601954,R_75,34784.4707
1777601956,R_75,34784.2647
1777601958,R_75,34778.8315
1777601960,R_75,34770.7192
1777601962,R_75,34765.5039
1777601964,R_75,34764.2309
1777601966,R_75,34772.7798
1777601968,R_75,34773.235
1777601970,R_75,34769.0946
1777601972,R_75,34755.243
1777601974,R_75,34760.1482
1777601976,R_75,34748.7728
1777601978,R_75,34743.2078
1777601980,R_75,34737.8446
1777601982,R_75,34737.9957
1777601984,R_75,34738.6425
1777601986,R_75,34742.4603
1777601988,R_75,34741.5062
1777601990,R_75,34750.2587
1777601992,R_75,34746.6368
1777601994,R_75,34749.711
1777601996,R_75,34750.3724
1777601998,R_75,34742.8554
1777602000,R_75,34749.1282
1777602002,R_75,34755.5423
1777602004,R_75,34751.5069
1777602006,R_75,34756.4599
1777602008,R_75,34760.8081
1777602010,R_75,34759.6183
1777602012,R_75,34754.1973
1777602014,R_75,34759.8673
1777602016,R_75,34757.6267
1777602018,R_75,34751.7458
1777602020,R_75,34757.6244
1777602022,R_75,34759.5649
1777602024,R_75,34761.4416
1777602026,R_75,34755.6635
1777602028,R_75,34753.8271
1777602030,R_75,34757.8478
1777602032,R_75,34763.7411
1777602034,R_75,34760.6537
1777602036,R_75,34753.2648
1777602038,R_75,34744.5036
1777602040,R_75,34733.536
1777602042,R_75,34725.0272
1777602044,R_75,34729.682
1777602046,R_75,34719.2289
1777602048,R_75,34713.1292
1777602050,R_75,34706.5714
1777602052,R_75,34720.8678
1777602054,R_75,34720.4847
1777602056,R_75,34724.0121
1777602058,R_75,34730.1351
1777602060,R_75,34733.2129
1777602062,R_75,34738.693
1777602064,R_75,34745.3586
1777602066,R_75,34750.4868
1777602068,R_75,34751.2582
1777602070,R_75,34754.3059
1777602072,R_75,34765.9781
1777602074,R_75,34763.844
1777602076,R_75,34773.6072
1777602078,R_75,34774.6501
1777602080,R_75,34763.6023
1777602082,R_75,34762.1704
1777602084,R_75,34775.3989
1777602086,R_75,34772.3027
1777602088,R_75,34780.3484
1777602090,R_75,34782.3017
1777602092,R_75,34779.3992
1777602094,R_75,34785.0256
1777602096,R_75,34785.0987
1777602098,R_75,34777.0917
1777602100,R_75,34773.9186
1777602102,R_75,34776.3798
1777602104,R_75,34766.4503
1777602106,R_75,34771.2893
1777602108,R_75,34782.897
1777602110,R_75,34791.7714
1777602112,R_75,34780.4327
1777602114,R_75,34794.7421
1777602116,R_75,34796.4099
1777602118,R_75,34798.7745
1777602120,R_75,34811.5687
1777602122,R_75,34807.4448
1777602124,R_75,34807.624
1777602126,R_75,34799.2309
1777602128,R_75,34797.1594
1777602130,R_75,34800.4825
1777602132,R_75,34805.3333
1777602134,R_75,34802.0418
1777602136,R_75,34792.6175
1777602138,R_75,34793.9104
1777602140,R_75,34786.9633
1777602142,R_75,34786.8361
1777602144,R_75,34791.2321
1777602146,R_75,34790.0263
1777602148,R_75,34793.4479
1777602150,R_75,34802.6114
1777602152,R_75,34812.5399
1777602154,R_75,34802.5621
1777602156,R_75,34800.1433
1777602158,R_75,34792.232
1777602160,R_75,34791.7652
1777602162,R_75,34800.0131
1777602164,R_75,34802.1333
1777602166,R_75,34806.5504
1777602168,R_75,34801.3478
1777602170,R_75,34812.857
1777602172,R_75,34802.9317
1777602174,R_75,34813.1757
1777602176,R_75,34809.5045
1777602178,R_75,34816.6521
1777602180,R_75,34821.7796
1777602182,R_75,34810.8758
1777602184,R_75,34807.0663
1777602186,R_75,34807.2437
1777602188,R_75,34816.796
1777602190,R_75,34811.1387
1777602192,R_75,34812.8128
1777602194,R_75,34806.1396
1777602196,R_75,34799.2467
1777602198,R_75,34799.9274
1777602200,R_75,34800.0336
1777602202,R_75,34796.9587
1777602204,R_75,34799.9248
1777602206,R_75,34793.098
1777602208,R_75,34796.4574
1777602210,R_75,34783.4432
1777602212,R_75,34784.0007
1777602214,R_75,34791.5901
1777602216,R_75,34787.9615
1777602218,R_75,34765.9116
1777602220,R_75,34763.5324
1777602222,R_75,34756.3479
1777602224,R_75,34765.0554
1777602226,R_75,34765.9757
1777602228,R_75,34767.9214
1777602230,R_75,34761.5232
1777602232,R_75,34772.9411
1777602234,R_75,34771.8192
1777602236,R_75,34780.0385
1777602238,R_75,34783.9945
1777602240,R_75,34775.3958
1777602242,R_75,34782.3538
1777602244,R_75,34783.4349
1777602246,R_75,34784.7565
1777602248,R_75,34785.0573
1777602250,R_75,34793.0015
1777602252,R_75,34797.4227
1777602254,R_75,34800.7505
1777602256,R_75,34798.7132
1777602258,R_75,34802.9244
1777602260,R_75,34827.355
1777602262,R_75,34815.9923
1777602264,R_75,34818.9336
1777602266,R_75,34828.138
1777602268,R_75,34826.0912
1777602270,R_75,34824.8295
1777602272,R_75,34826.1458
1777602274,R_75,34829.8808
1777602276,R_75,34828.6765
1777602278,R_75,34836.1483
1777602280,R_75,34835.0878
1777602282,R_75,34836.9645
1777602284,R_75,34833.3873
1777602286,R_75,34826.8531
1777602288,R_75,34828.6252
1777602290,R_75,34823.8848
1777602292,R_75,34817.634
1777602294,R_75,34822.8964
1777602296,R_75,34818.1597
1777602298,R_75,34824.2297
1777602300,R_75,34835.0055
1777602302,R_75,34834.826
1777602304,R_75,34830.0833
1777602306,R_75,34831.5542
1777602308,R_75,34827.2539
1777602310,R_75,34835.4255
1777602312,R_75,34836.7911
1777602314,R_75,34851.7867
1777602316,R_75,34854.9687
1777602318,R_75,34855.7125
1777602320,R_75,34859.3215
1777602322,R_75,34860.2184
1777602324,R_75,34860.268
1777602326,R_75,34852.5169
1777602328,R_75,34843.2197
1777602330,R_75,34833.0929
1777602332,R_75,34834.3982
1777602334,R_75,34838.5321
1777602336,R_75,34852.3507
1777602338,R_75,34862.5856
1777602340,R_75,34870.3455
1777602342,R_75,34881.1693
1777602344,R_75,34886.2575
1777602346,R_75,34880.1375
1777602348,R_75,34874.5599
1777602350,R_75,34877.6639
1777602352,R_75,34878.2588
1777602354,R_75,34874.8378
1777602356,R_75,34874.089
1777602358,R_75,34880.6608
1777602360,R_75,34881.1123
1777602362,R_75,34881.5714
1777602364,R_75,34891.7532
1777602366,R_75,34885.394
1777602368,R_75,34883.1286
1777602370,R_75,34884.339
1777602372,R_75,34891.2178
1777602374,R_75,34881.0944
1777602376,R_75,34883.4972
1777602378,R_75,34889.17
1777602380,R_75,34890.6964
1777602382,R_75,34886.6907
1777602384,R_75,34894.4393
1777602386,R_75,34883.9993
1777602388,R_75,34882.3653
1777602390,R_75,34893.0647
1777602392,R_75,34891.9346
1777602394,R_75,34895.1787
1777602396,R_75,34892.813
1777602398,R_75,34892.6594
1777602400,R_75,34890.0602
1777602402,R_75,34878.4018
1777602404,R_75,34875.2716
1777602406,R_75,34877.4217
1777602408,R_75,34881.7185
1777602410,R_75,34885.7953
1777602412,R_75,34888.2469
1777602414,R_75,34883.47
1777602416,R_75,34887.5149
1777602418,R_75,34888.5262
1777602420,R_75,34887.8562
1777602422,R_75,34897.1261
1777602424,R_75,34886.9596
1777602426,R_75,34894.0791
1777602428,R_75,34883.1086
1777602430,R_75,34891.0257
1777602432,R_75,34887.4758
1777602434,R_75,34893.5016
1777602436,R_75,34892.2556
1777602438,R_75,34888.3517
1777602440,R_75,34891.6571
1777602442,R_75,34890.5778
1777602444,R_75,34889.8772
1777602446,R_75,34890.4191
1777602448,R_75,34896.4967
1777602450,R_75,34890.0891
1777602452,R_75,34885.9
1777602454,R_75,34890.9451
1777602456,R_75,34891.4213
1777602458,R_75,34893.0211
1777602460,R_75,34888.6828
1777602462,R_75,34892.8708
1777602464,R_75,34897.7821
1777602466,R_75,34891.9421
1777602468,R_75,34876.3814
1777602470,R_75,34874.0303
1777602472,R_75,34875.1781
1777602474,R_75,34877.7166
1777602476,R_75,34871.1101
1777602478,R_75,34872.1008
1777602480,R_75,34866.6498
1777602482,R_75,34868.148
1777602484,R_75,34866.4392
1777602486,R_75,34867.5447
1777602488,R_75,34862.0753
1777602490,R_75,34859.0581
1777602492,R_75,34859.1108
1777602494,R_75,34856.9401
1777602496,R_75,34848.8479
1777602498,R_75,34851.4454
1777602500,R_75,34848.5403
1777602502,R_75,34860.2932
1777602504,R_75,34851.6564
1777602506,R_75,34859.4102
1777602508,R_75,34865.2964
1777602510,R_75,34874.6926
1777602512,R_75,34865.3247
1777602514,R_75,34866.7859
1777602516,R_75,34861.6679
1777602518,R_75,34848.527
1777602520,R_75,34848.3177
1777602522,R_75,34852.6542
1777602524,R_75,34851.9089
1777602526,R_75,34867.2482
1777602528,R_75,34871.9793
1777602530,R_75,34870.8398
1777602532,R_75,34878.5741
1777602534,R_75,34888.3088
1777602536,R_75,34889.3631
1777602538,R_75,34896.0258
1777602540,R_75,34900.5018
1777602542,R_75,34892.0172
1777602544,R_75,34893.0848
1777602546,R_75,34885.3913
1777602548,R_75,34887.9134
1777602550,R_75,34890.1381
1777602552,R_75,34876.6999
1777602554,R_75,34873.8652
1777602556,R_75,34864.9589
1777602558,R_75,34859.3136
1777602560,R_75,34851.7476
1777602562,R_75,34858.033
1777602564,R_75,34861.4633
1777602566,R_75,34869.3765
1777602568,R_75,34861.7525
1777602570,R_75,34861.6069
1777602572,R_75,34873.3245
1777602574,R_75,34871.2792
1777602576,R_75,34875.283
1777602578,R_75,34878.7429
1777602580,R_75,34879.9377
1777602582,R_75,34883.7389
1777602584,R_75,34887.3232
1777602586,R_75,34880.0344
1777602588,R_75,34898.04
1777602590,R_75,34906.152
1777602592,R_75,34896.4291
1777602594,R_75,34890.8919
1777602596,R_75,34897.0973
1777602598,R_75,34907.8408
1777602600,R_75,34902.6889
1777602602,R_75,34912.4998
1777602604,R_75,34900.3001
1777602606,R_75,34906.9193
1777602608,R_75,34899.4004
1777602610,R_75,34896.0812
1777602612,R_75,34896.6546
1777602614,R_75,34892.0636
1777602616,R_75,34893.5322
1777602618,R_75,34913.1565
1777602620,R_75,34917.4322
1777602622,R_75,34911.8182
1777602624,R_75,34909.7228
1777602626,R_75,34912.7727
1777602628,R_75,34921.7218
1777602630,R_75,34924.5159
1777602632,R_75,34927.3488
1777602634,R_75,34921.283
1777602636,R_75,34930.5398
1777602638,R_75,34920.1629
1777602640,R_75,34926.4577
1777602642,R_75,34931.883
1777602644,R_75,34934.4005
1777602646,R_75,34930.7801
1777602648,R_75,34930.7366
1777602650,R_75,34934.8575
1777602652,R_75,34928.7382
1777602654,R_75,34927.5439
1777602656,R_75,34928.8541
1777602658,R_75,34931.7783
1777602660,R_75,34925.9117
1777602662,R_75,34924.1862
1777602664,R_75,34912.8321
1777602666,R_75,34919.3132
1777602668,R_75,34925.5845
1777602670,R_75,34925.9707
1777602672,R_75,34927.8781
1777602674,R_75,34945.837
1777602676,R_75,34953.6671
1777602678,R_75,34939.087
1777602680,R_75,34935.9568
1777602682,R_75,34937.9369
1777602684,R_75,34926.4444
1777602686,R_75,34919.7797
1777602688,R_75,34915.7753
1777602690,R_75,34915.0552
1777602692,R_75,34902.9315
1777602694,R_75,34903.8743
1777602696,R_75,34901.9769
1777602698,R_75,34899.3608
1777602700,R_75,34903.3614
1777602702,R_75,34903.2004
1777602704,R_75,34896.2277
1777602706,R_75,34891.0362
1777602708,R_75,34881.564
1777602710,R_75,34879.1364
1777602712,R_75,34874.1232
1777602714,R_75,34882.1037
1777602716,R_75,34874.068
1777602718,R_75,34869.5525
1777602720,R_75,34869.0983
1777602722,R_75,34876.6394
1777602724,R_75,34881.3411
1777602726,R_75,34888.2326
1777602728,R_75,34888.9852
1777602730,R_75,34881.0716
1777602732,R_75,34888.7885
1777602734,R_75,34895.0648
1777602736,R_75,34899.5428
1777602738,R_75,34895.9534
1777602740,R_75,34884.0595
1777602742,R_75,34883.3018
1777602744,R_75,34887.8728
1777602746,R_75,34882.8897
1777602748,R_75,34886.4661
1777602750,R_75,34887.7506
1777602752,R_75,34881.2367
1777602754,R_75,34884.3131
1777602756,R_75,34883.5423
1777602758,R_75,34881.8973
1777602760,R_75,34883.5939
1777602762,R_75,34885.2209
1777602764,R_75,34880.2945
1777602766,R_75,34874.8074
1777602768,R_75,34871.9493
1777602770,R_75,34884.3178
1777602772,R_75,34885.1313
1777602774,R_75,34886.8475
1777602776,R_75,34891.7442
1777602778,R_75,34895.0053
1777602780,R_75,34906.6103
1777602782,R_75,34907.3582
1777602784,R_75,34906.2322
1777602786,R_75,34904.1011
1777602788,R_75,34908.3916
1777602790,R_75,34900.9662
1777602792,R_75,34896.5262
1777602794,R_75,34905.9706
1777602796,R_75,34902.2971
1777602798,R_75,34921.6893
1777602800,R_75,34919.017
1777602802,R_75,34916.8046
1777602804,R_75,34915.8729
1777602806,R_75,34915.1595
1777602808,R_75,34910.8286
1777602810,R_75,34911.2112
1777602812,R_75,34922.3365
1777602814,R_75,34929.0349
1777602816,R_75,34925.3841
1777602818,R_75,34916.707
1777602820,R_75,34919.7359
1777602822,R_75,34924.8945
1777602824,R_75,34933.1423
1777602826,R_75,34926.271
1777602828,R_75,34921.7454
1777602830,R_75,34934.2569
1777602832,R_75,34947.9997
1777602834,R_75,34963.5283
1777602836,R_75,34957.9565
1777602838,R_75,34952.6611
1777602840,R_75,34945.9227
1777602842,R_75,34930.2126
1777602844,R_75,34922.5533
1777602846,R_75,34920.6442
1777602848,R_75,34926.318
1777602850,R_75,34935.539
1777602852,R_75,34933.311
1777602854,R_75,34929.2796
1777602856,R_75,34922.973
1777602858,R_75,34914.2028
1777602860,R_75,34907.5633
1777602862,R_75,34906.4623
1777602864,R_75,34899.3671
1777602866,R_75,34894.7551
1777602868,R_75,34908.5357
1777602870,R_75,34910.8179
1777602872,R_75,34920.0278
1777602874,R_75,34922.9805
1777602876,R_75,34929.0489
1777602878,R_75,34934.5181
1777602880,R_75,34921.8926
1777602882,R_75,34915.9935
1777602884,R_75,34913.263
1777602886,R_75,34910.5402
1777602888,R_75,34913.6954
1777602890,R_75,34909.2811
1777602892,R_75,34910.7453
1777602894,R_75,34899.0509
1777602896,R_75,34903.0499
1777602898,R_75,34899.0049
1777602900,R_75,34906.831
1777602902,R_75,34917.9702
1777602904,R_75,34914.6119
1777602906,R_75,34914.2207
1777602908,R_75,34914.6507
1777602910,R_75,34900.1856
1777602912,R_75,34896.0594
1777602914,R_75,34900.9085
1777602916,R_75,34893.881
1777602918,R_75,34888.565
1777602920,R_75,34894.0128
1777602922,R_75,34898.6406
1777602924,R_75,34888.6627
1777602926,R_75,34887.5614
1777602928,R_75,34883.6339
1777602930,R_75,34889.3325
1777602932,R_75,34892.2215
1777602934,R_75,34894.2997
1777602936,R_75,34891.8052
1777602938,R_75,34887.8241
1777602940,R_75,34897.5931
1777602942,R_75,34897.8594
1777602944,R_75,34893.4981
1777602946,R_75,34902.1742
1777602948,R_75,34910.9187
1777602950,R_75,34925.5657
1777602952,R_75,34906.7606
1777602954,R_75,34899.589
1777602956,R_75,34902.5661
1777602958,R_75,34903.5997
1777602960,R_75,34911.2287
1777602962,R_75,34922.5192
1777602964,R_75,34917.4444
1777602966,R_75,34914.4761
1777602968,R_75,34922.2502
1777602970,R_75,34922.7322
1777602972,R_75,34920.0587
1777602974,R_75,34925.1153
1777602976,R_75,34911.077
1777602978,R_75,34905.5696
1777602980,R_75,34909.9271
1777602982,R_75,34902.4004
1777602984,R_75,34899.3074
1777602986,R_75,34899.3915
1777602988,R_75,34902.8339
1777602990,R_75,34911.5699
1777602992,R_75,34911.2277
1777602994,R_75,34910.5414
1777602996,R_75,34905.5411
1777602998,R_75,34899.649
1777603000,R_75,34901.2633
1777603002,R_75,34899.5866
1777603004,R_75,34894.328
1777603006,R_75,34896.2708
1777603008,R_75,34898.1569
1777603010,R_75,34896.6024
1777603012,R_75,34897.17
1777603014,R_75,34896.8593
1777603016,R_75,34905.3228
1777603018,R_75,34905.6453
1777603020,R_75,34911.6672
1777603022,R_75,34906.2993
1777603024,R_75,34899.0472
1777603026,R_75,34902.2996
1777603028,R_75,34904.2839
1777603030,R_75,34899.0929
1777603032,R_75,34897.5078
1777603034,R_75,34896.2541
1777603036,R_75,34901.9998
1777603038,R_75,34910.3276
1777603040,R_75,34889.9633
1777603042,R_75,34886.7455
1777603044,R_75,34896.8889
1777603046,R_75,34884.3081
1777603048,R_75,34883.617
1777603050,R_75,34887.8133
1777603052,R_75,34890.7629
1777603054,R_75,34894.9537
1777603056,R_75,34880.3908
1777603058,R_75,34882.4
1777603060,R_75,34875.2554
1777603062,R_75,34877.0438
1777603064,R_75,34871.3385
1777603066,R_75,34870.953
1777603068,R_75,34873.0794
1777603070,R_75,34864.8462
1777603072,R_75,34873.3701
1777603074,R_75,34872.0204
1777603076,R_75,34873.4066
1777603078,R_75,34883.8489
1777603080,R_75,34886.5912
1777603082,R_75,34885.4243
1777603084,R_75,34890.119
1777603086,R_75,34895.0749
1777603088,R_75,34899.874
1777603090,R_75,34916.1544
1777603092,R_75,34914.2036
1777603094,R_75,34912.1282
1777603096,R_75,34919.2902
1777603098,R_75,34920.0186
1777603100,R_75,34922.0397
1777603102,R_75,34916.7954
1777603104,R_75,34919.8556
1777603106,R_75,34921.6374
1777603108,R_75,34909.7844
1777603110,R_75,34913.5046
1777603112,R_75,34910.305
1777603114,R_75,34919.8404
1777603116,R_75,34922.9842
1777603118,R_75,34925.4872
1777603120,R_75,34924.1393
1777603122,R_75,34923.6455
1777603124,R_75,34926.3118
1777603126,R_75,34917.6844
1777603128,R_75,34918.7162
1777603130,R_75,34916.5693
1777603132,R_75,34914.7401
1777603134,R_75,34911.4704
1777603136,R_75,34905.2975
1777603138,R_75,34891.924
1777603140,R_75,34890.917
1777603142,R_75,34901.6749
1777603144,R_75,34899.1707
1777603146,R_75,34884.8076
1777603148,R_75,34902.5332
1777603150,R_75,34882.583
1777603152,R_75,34873.9331
1777603154,R_75,34876.8993
1777603156,R_75,34891.158
1777603158,R_75,34891.3676
1777603160,R_75,34895.2761
1777603162,R_75,34895.9692
1777603164,R_75,34892.9872
1777603166,R_75,34890.3278
1777603168,R_75,34897.4903
1777603170,R_75,34892.9935
1777603172,R_75,34886.8225
1777603174,R_75,34888.4646
1777603176,R_75,34895.5891
1777603178,R_75,34898.5138
1777603180,R_75,34903.5705
1777603182,R_75,34899.8097
1777603184,R_75,34910.7841
1777603186,R_75,34907.3044
1777603188,R_75,34903.9332
1777603190,R_75,34909.4403
1777603192,R_75,34913.9626
1777603194,R_75,34907.9558
1777603196,R_75,34894.384
1777603198,R_75,34898.153
1777603200,R_75,34901.753
1777603202,R_75,34904.6042
1777603204,R_75,34906.8196
1777603206,R_75,34907.1194
1777603208,R_75,34900.4793
1777603210,R_75,34903.2679
1777603212,R_75,34902.9383
1777603214,R_75,34899.823
1777603216,R_75,34900.6659
1777603218,R_75,34897.7051
1777603220,R_75,34892.7258
1777603222,R_75,34890.3689
1777603224,R_75,34890.7
1777603226,R_75,34890.8037
1777603228,R_75,34886.0039
1777603230,R_75,34893.063
1777603232,R_75,34890.0079
1777603234,R_75,34888.8591
1777603236,R_75,34888.5229
1777603238,R_75,34881.4578
1777603240,R_75,34890.0643
1777603242,R_75,34890.3175
1777603244,R_75,34884.5494
1777603246,R_75,34883.6082
1777603248,R_75,34882.8087
1777603250,R_75,34885.4478
1777603252,R_75,34890.8543
1777603254,R_75,34888.9929
1777603256,R_75,34891.1915
1777603258,R_75,34892.5619
1777603260,R_75,34883.9138
1777603262,R_75,34888.6005
1777603264,R_75,34886.4723
1777603266,R_75,34882.5836
1777603268,R_75,34879.4497
1777603270,R_75,34869.3785
1777603272,R_75,34880.6632
1777603274,R_75,34870.1036
1777603276,R_75,34867.877
1777603278,R_75,34858.1398
1777603280,R_75,34856.4491
1777603282,R_75,34851.592
1777603284,R_75,34854.1602
1777603286,R_75,34855.7895
1777603288,R_75,34862.9523
1777603290,R_75,34867.8847
1777603292,R_75,34867.832
1777603294,R_75,34869.671
1777603296,R_75,34867.8135
1777603298,R_75,34861.607
1777603300,R_75,34862.4738
1777603302,R_75,34862.8464
1777603304,R_75,34872.2079
1777603306,R_75,34861.3125
1777603308,R_75,34857.3871
1777603310,R_75,34852.5614
1777603312,R_75,34855.9604
1777603314,R_75,34848.0523
1777603316,R_75,34859.0473
1777603318,R_75,34854.1414
1777603320,R_75,34858.0478
1777603322,R_75,34854.6049
1777603324,R_75,34865.7417
1777603326,R_75,34864.1237
1777603328,R_75,34868.6832
1777603330,R_75,34878.2586
1777603332,R_75,34873.8347
1777603334,R_75,34875.7371
1777603336,R_75,34873.2955
1777603338,R_75,34862.0244
1777603340,R_75,34869.091
1777603342,R_75,34874.5672
1777603344,R_75,34867.9245
1777603346,R_75,34869.3233
1777603348,R_75,34864.42
1777603350,R_75,34867.4022
1777603352,R_75,34864.4971
1777603354,R_75,34859.016
1777603356,R_75,34864.0451
1777603358,R_75,34862.8516
1777603360,R_75,34857.0298
1777603362,R_75,34848.4056
1777603364,R_75,34840.7767
1777603366,R_75,34835.162
1777603368,R_75,34839.3361
1777603370,R_75,34844.5435
1777603372,R_75,34847.6485
1777603374,R_75,34843.0801
1777603376,R_75,34847.4749
1777603378,R_75,34852.2121
1777603380,R_75,34853.5878
1777603382,R_75,34839.5844
1777603384,R_75,34847.4573
1777603386,R_75,34851.4377
1777603388,R_75,34842.5424
1777603390,R_75,34837.7889
1777603392,R_75,34826.9798
1777603394,R_75,34827.9527
1777603396,R_75,34823.443
1777603398,R_75,34828.0299
1777603400,R_75,34822.454
1777603402,R_75,34825.0475
1777603404,R_75,34836.9151
1777603406,R_75,34826.9387
1777603408,R_75,34824.2015
1777603410,R_75,34824.6612
1777603412,R_75,34820.8963
1777603414,R_75,34809.5682
1777603416,R_75,34806.798
1777603418,R_75,34817.5418
1777603420,R_75,34819.0083
1777603422,R_75,34823.7233
1777603424,R_75,34825.136
1777603426,R_75,34820.0678
1777603428,R_75,34827.4177
1777603430,R_75,34824.4476
1777603432,R_75,34831.3323
1777603434,R_75,34820.8612
1777603436,R_75,34816.0549
1777603438,R_75,34814.8886
1777603440,R_75,34812.6981
1777603442,R_75,34809.171
1777603444,R_75,34804.231
1777603446,R_75,34817.7105
1777603448,R_75,34815.9873
1777603450,R_75,34830.7844
1777603452,R_75,34819.4977
1777603454,R_75,34825.3055
1777603456,R_75,34829.9835
1777603458,R_75,34817.1753
1777603460,R_75,34826.9353
1777603462,R_75,34828.9668
1777603464,R_75,34831.3198
1777603466,R_75,34829.7392
1777603468,R_75,34825.5653
1777603470,R_75,34824.9455
1777603472,R_75,34835.5493
1777603474,R_75,34835.5754
1777603476,R_75,34850.7402
1777603478,R_75,34848.0869
1777603480,R_75,34851.8784
1777603482,R_75,34852.2906
1777603484,R_75,34841.2058
1777603486,R_75,34844.5702
1777603488,R_75,34837.4685
1777603490,R_75,34834.801
1777603492,R_75,34831.8523
1777603494,R_75,34828.2084
1777603496,R_75,34833.1473
1777603498,R_75,34838.5702
1777603500,R_75,34834.2018
1777603502,R_75,34832.9397
1777603504,R_75,34831.1342
1777603506,R_75,34827.5306
1777603508,R_75,34831.9044
1777603510,R_75,34834.9991
1777603512,R_75,34838.1325
1777603514,R_75,34833.8807
1777603516,R_75,34840.0976
1777603518,R_75,34835.0392
1777603520,R_75,34817.6168
1777603522,R_75,34808.4433
1777603524,R_75,34812.3826
1777603526,R_75,34814.1552
1777603528,R_75,34813.5896
1777603530,R_75,34818.6851
1777603532,R_75,34826.2257
1777603534,R_75,34822.3796
1777603536,R_75,34816.8118
1777603538,R_75,34819.207
1777603540,R_75,34824.4189
1777603542,R_75,34819.1439
1777603544,R_75,34813.7692
1777603546,R_75,34811.2403
1777603548,R_75,34809.279
1777603550,R_75,34818.7872
1777603552,R_75,34826.6761
1777603554,R_75,34839.4636
1777603556,R_75,34831.9175
1777603558,R_75,34825.1079
1777603560,R_75,34827.2988
1777603562,R_75,34828.0854
1777603564,R_75,34838.7638
1777603566,R_75,34835.3725
1777603568,R_75,34840.7863
1777603570,R_75,34851.1532
1777603572,R_75,34851.3374
1777603574,R_75,34845.4017
1777603576,R_75,34840.1958
1777603578,R_75,34838.5387
1777603580,R_75,34833.15
1777603582,R_75,34834.6019
1777603584,R_75,34831.9342
1777603586,R_75,34835.9499
1777603588,R_75,34836.119
1777603590,R_75,34835.1276
1777603592,R_75,34827.6184
1777603594,R_75,34833.7352
1777603596,R_75,34828.6679
1777603598,R_75,34831.7613
1777603600,R_75,34833.7607
1777603602,R_75,34836.0758
1777603604,R_75,34839.3383
1777603606,R_75,34836.6111
1777603608,R_75,34849.477
1777603610,R_75,34850.7688
1777603612,R_75,34840.3993
1777603614,R_75,34845.982
1777603616,R_75,34848.5353
1777603618,R_75,34857.4147
1777603620,R_75,34855.9006
1777603622,R_75,34863.3766
1777603624,R_75,34867.2702
1777603626,R_75,34866.2356
1777603628,R_75,34856.7055
1777603630,R_75,34854.8919
1777603632,R_75,34842.8502
1777603634,R_75,34850.1322
1777603636,R_75,34853.76
1777603638,R_75,34855.0288
1777603640,R_75,34854.194
1777603642,R_75,34844.5529
1777603644,R_75,34854.1187
1777603646,R_75,34851.6437
1777603648,R_75,34854.5544
1777603650,R_75,34844.5802
1777603652,R_75,34846.5996
1777603654,R_75,34837.4828
1777603656,R_75,34838.9976
1777603658,R_75,34821.8797
1777603660,R_75,34828.3414
1777603662,R_75,34833.518
1777603664,R_75,34835.9475
1777603666,R_75,34822.7046
1777603668,R_75,34823.3668
1777603670,R_75,34823.69
1777603672,R_75,34823.4239
1777603674,R_75,34828.8817
1777603676,R_75,34827.8597
1777603678,R_75,34831.7398
1777603680,R_75,34842.8059
1777603682,R_75,34845.4641
1777603684,R_75,34847.5753
1777603686,R_75,34851.967
1777603688,R_75,34843.6363
1777603690,R_75,34856.2697
1777603692,R_75,34861.4147
1777603694,R_75,34859.5312
1777603696,R_75,34872.9582
1777603698,R_75,34871.2497
1777603700,R_75,34872.5913
1777603702,R_75,34868.1132
1777603704,R_75,34871.6651
1777603706,R_75,34875.8793
1777603708,R_75,34878.8174
1777603710,R_75,34877.5249
1777603712,R_75,34871.2467
1777603714,R_75,34872.6087
1777603716,R_75,34861.9501
1777603718,R_75,34862.9315
1777603720,R_75,34866.5072
1777603722,R_75,34873.2587
1777603724,R_75,34876.9746
1777603726,R_75,34879.0574
1777603728,R_75,34873.6345
1777603730,R_75,34875.5916
1777603732,R_75,34868.2143
1777603734,R_75,34869.1315
1777603736,R_75,34874.894
1777603738,R_75,34884.0328
1777603740,R_75,34896.3986
1777603742,R_75,34894.1936
1777603744,R_75,34884.2531
1777603746,R_75,34879.4692
1777603748,R_75,34885.2344
1777603750,R_75,34894.807
1777603752,R_75,34897.3012
1777603754,R_75,34901.8366
1777603756,R_75,34902.5742
1777603758,R_75,34899.6959
1777603760,R_75,34894.6715
1777603762,R_75,34900.7485
1777603764,R_75,34898.2359
1777603766,R_75,34899.3707
1777603768,R_75,34896.216
1777603770,R_75,34901.4263
1777603772,R_75,34893.8384
1777603774,R_75,34897.1864
1777603776,R_75,34886.2594
1777603778,R_75,34890.0473
1777603780,R_75,34883.5615
1777603782,R_75,34884.0542
1777603784,R_75,34896.0624
1777603786,R_75,34886.7613
1777603788,R_75,34874.6643
1777603790,R_75,34882.0778
1777603792,R_75,34882.2641
1777603794,R_75,34875.7176
1777603796,R_75,34883.5988
1777603798,R_75,34869.5456
1777603800,R_75,34872.5114
1777603802,R_75,34876.5345
1777603804,R_75,34873.3
1777603806,R_75,34871.2613
1777603808,R_75,34857.0765
1777603810,R_75,34859.9316
1777603812,R_75,34877.1131
1777603814,R_75,34871.5562
1777603816,R_75,34867.3887
1777603818,R_75,34867.7075
1777603820,R_75,34861.8204
1777603822,R_75,34856.7032
1777603824,R_75,34849.5268
1777603826,R_75,34849.8533
1777603828,R_75,34857.5014
1777603830,R_75,34850.962
1777603832,R_75,34837.0404
1777603834,R_75,34837.7759
1777603836,R_75,34827.9012
1777603838,R_75,34827.2859
1777603840,R_75,34830.086
1777603842,R_75,34824.1241
1777603844,R_75,34823.2483
1777603846,R_75,34828.2278
1777603848,R_75,34823.408
1777603850,R_75,34829.5152
1777603852,R_75,34825.4872
1777603854,R_75,34820.706
1777603856,R_75,34820.6512
1777603858,R_75,34827.7849
1777603860,R_75,34826.9417
1777603862,R_75,34817.6828
1777603864,R_75,34820.0133
1777603866,R_75,34817.0488
1777603868,R_75,34817.1932
1777603870,R_75,34825.8877
1777603872,R_75,34822.0807
1777603874,R_75,34825.4966
1777603876,R_75,34827.112
1777603878,R_75,34823.4761
1777603880,R_75,34821.5483
1777603882,R_75,34821.837
1777603884,R_75,34824.4826
1777603886,R_75,34832.3247
1777603888,R_75,34827.0669
1777603890,R_75,34840.297
1777603892,R_75,34834.1025
1777603894,R_75,34827.4553
1777603896,R_75,34820.5285
1777603898,R_75,34817.0162
1777603900,R_75,34814.6898
1777603902,R_75,34811.7143
1777603904,R_75,34809.2437
1777603906,R_75,34812.941
1777603908,R_75,34810.6708
1777603910,R_75,34814.6876
1777603912,R_75,34809.6893
1777603914,R_75,34808.0266
1777603916,R_75,34799.9511
1777603918,R_75,34797.748
1777603920,R_75,34807.9118
1777603922,R_75,34806.0628
1777603924,R_75,34800.3953
1777603926,R_75,34792.2192
1777603928,R_75,34793.0637
1777603930,R_75,34783.9533
1777603932,R_75,34784.4335
1777603934,R_75,34778.9504
1777603936,R_75,34779.4178
1777603938,R_75,34777.4842
1777603940,R_75,34766.9845
1777603942,R_75,34765.4248
1777603944,R_75,34766.8115
1777603946,R_75,34772.7495
1777603948,R_75,34762.2475
1777603950,R_75,34767.8767
1777603952,R_75,34769.1326
1777603954,R_75,34761.1056
1777603956,R_75,34762.461
1777603958,R_75,34772.5581
1777603960,R_75,34779.0921
1777603962,R_75,34787.9312
1777603964,R_75,34779.721
1777603966,R_75,34789.0951
1777603968,R_75,34787.5932
1777603970,R_75,34784.931
1777603972,R_75,34780.9399
1777603974,R_75,34775.0958
1777603976,R_75,34771.3286
1777603978,R_75,34770.5492
1777603980,R_75,34775.5044
1777603982,R_75,34777.6917
1777603984,R_75,34784.6818
1777603986,R_75,34789.7908
1777603988,R_75,34792.7203
1777603990,R_75,34792.0386
1777603992,R_75,34794.1614
1777603994,R_75,34799.3287
1777603996,R_75,34797.9909
1777603998,R_75,34788.3753
1777604000,R_75,34786.406
1777604002,R_75,34777.7664
1777604004,R_75,34786.1623
1777604006,R_75,34790.8633
1777604008,R_75,34778.7933
1777604010,R_75,34792.1724
1777604012,R_75,34785.1842
1777604014,R_75,34784.8987
1777604016,R_75,34775.4811
1777604018,R_75,34778.3302
1777604020,R_75,34773.0059
1777604022,R_75,34781.9323
1777604024,R_75,34785.397
1777604026,R_75,34788.5226
1777604028,R_75,34796.3053
1777604030,R_75,34796.0777
1777604032,R_75,34799.0209
1777604034,R_75,34798.3425
1777604036,R_75,34800.0099
1777604038,R_75,34790.2121
1777604040,R_75,34789.349
1777604042,R_75,34781.1013
1777604044,R_75,34781.2843
1777604046,R_75,34783.9627
1777604048,R_75,34782.0016
1777604050,R_75,34776.8992
1777604052,R_75,34781.0733
1777604054,R_75,34785.5104
1777604056,R_75,34781.1152
1777604058,R_75,34795.0287
1777604060,R_75,34797.983
1777604062,R_75,34813.2711
1777604064,R_75,34801.0172
1777604066,R_75,34801.9981
1777604068,R_75,34807.8014
1777604070,R_75,34802.7678
1777604072,R_75,34797.2708
1777604074,R_75,34792.9518
1777604076,R_75,34797.7264
1777604078,R_75,34801.4322
1777604080,R_75,34798.8544
1777604082,R_75,34776.7541
1777604084,R_75,34766.6411
1777604086,R_75,34762.1061
1777604088,R_75,34771.9163
1777604090,R_75,34770.4909
1777604092,R_75,34768.4164
1777604094,R_75,34768.0904
1777604096,R_75,34776.0332
1777604098,R_75,34781.1614
1777604100,R_75,34781.0321
1777604102,R_75,34781.5581
1777604104,R_75,34794.6479
1777604106,R_75,34777.5056
1777604108,R_75,34769.8833
1777604110,R_75,34762.9481
1777604112,R_75,34762.1013
1777604114,R_75,34765.6889
1777604116,R_75,34761.5542
1777604118,R_75,34761.8364
1777604120,R_75,34765.947
1777604122,R_75,34758.5286
1777604124,R_75,34748.8017
1777604126,R_75,34738.0672
1777604128,R_75,34732.8311
1777604130,R_75,34726.0117
1777604132,R_75,34728.4849
1777604134,R_75,34725.1604
1777604136,R_75,34723.3611
1777604138,R_75,34729.0257
1777604140,R_75,34723.2632
1777604142,R_75,34716.2149
1777604144,R_75,34726.4344
1777604146,R_75,34729.0826
1777604148,R_75,34726.4118
1777604150,R_75,34729.6619
1777604152,R_75,34727.2803
1777604154,R_75,34726.1578
1777604156,R_75,34720.8338
1777604158,R_75,34708.1553
1777604160,R_75,34703.8202
1777604162,R_75,34702.561
1777604164,R_75,34697.9675
1777604166,R_75,34696.2866
