epoch,symbol,price
1778976636,R_75,26603.9206
1778976638,R_75,26610.3481
1778976640,R_75,26617.5443
1778976642,R_75,26612.6977
1778976644,R_75,26611.5056
1778976646,R_75,26607.2199
1778976648,R_75,26605.9161
1778976650,R_75,26614.0658
1778976652,R_75,26618.5371
1778976654,R_75,26618.6165
1778976656,R_75,26622.1394
1778976658,R_75,26623.6773
1778976660,R_75,26625.8768
1778976662,R_75,26623.1075
1778976664,R_75,26624.1508
1778976666,R_75,26620.1543
1778976668,R_75,26614.0387
1778976670,R_75,26619.344
1778976672,R_75,26620.4927
1778976674,R_75,26623.0314
1778976676,R_75,26626.3862
1778976678,R_75,26624.1987
1778976680,R_75,26618.5838
1778976682,R_75,26618.0952
1778976684,R_75,26615.8113
1778976686,R_75,26621.4815
1778976688,R_75,26620.4237
1778976690,R_75,26619.5696
1778976692,R_75,26620.964
1778976694,R_75,26614.7289
1778976696,R_75,26610.1531
1778976698,R_75,26601.2423
1778976700,R_75,26602.3923
1778976702,R_75,26600.3158
1778976704,R_75,26603.384
1778976706,R_75,26612.503
1778976708,R_75,26612.2781
1778976710,R_75,26611.9934
1778976712,R_75,26608.9449
1778976714,R_75,26613.2435
1778976716,R_75,26607.2421
1778976718,R_75,26609.3574
1778976720,R_75,26609.1844
1778976722,R_75,26606.4712
1778976724,R_75,26608.1345
1778976726,R_75,26601.9972
1778976728,R_75,26608.5675
1778976730,R_75,26605.1781
1778976732,R_75,26609.9169
1778976734,R_75,26608.1463
1778976736,R_75,26607.3655
1778976738,R_75,26602.5994
1778976740,R_75,26595.3136
1778976742,R_75,26595.2837
1778976744,R_75,26596.4814
1778976746,R_75,26596.864
1778976748,R_75,26602.3369
1778976750,R_75,26598.3698
1778976752,R_75,26597.4952
1778976754,R_75,26593.8042
1778976756,R_75,26597.1772
1778976758,R_75,26592.0682
1778976760,R_75,26593.2643
1778976762,R_75,26600.7664
1778976764,R_75,26600.5967
1778976766,R_75,26604.4627
1778976768,R_75,26608.2379
1778976770,R_75,26607.8525
1778976772,R_75,26608.6848
1778976774,R_75,26610.0739
1778976776,R_75,26611.3528
1778976778,R_75,26615.6081
1778976780,R_75,26629.9534
1778976782,R_75,26634.6156
1778976784,R_75,26642.3318
1778976786,R_75,26649.5684
1778976788,R_75,26639.6155
1778976790,R_75,26624.5877
1778976792,R_75,26633.0398
1778976794,R_75,26627.5456
1778976796,R_75,26630.7399
1778976798,R_75,26632.6872
1778976800,R_75,26631.831
1778976802,R_75,26642.4537
1778976804,R_75,26642.3237
1778976806,R_75,26641.8353
1778976808,R_75,26642.8949
1778976810,R_75,26649.9165
1778976812,R_75,26645.4213
1778976814,R_75,26648.7704
1778976816,R_75,26648.591
1778976818,R_75,26650.8347
1778976820,R_75,26654.4113
1778976822,R_75,26654.7427
1778976824,R_75,26655.0131
1778976826,R_75,26661.4129
1778976828,R_75,26662.2003
1778976830,R_75,26662.7855
1778976832,R_75,26661.762
1778976834,R_75,26660.5966
1778976836,R_75,26664.5298
1778976838,R_75,26663.5154
1778976840,R_75,26669.9371
1778976842,R_75,26663.5499
1778976844,R_75,26663.958
1778976846,R_75,26665.0978
1778976848,R_75,26666.8686
1778976850,R_75,26668.4787
1778976852,R_75,26668.2524
1778976854,R_75,26665.2856
1778976856,R_75,26662.03
1778976858,R_75,26655.2462
1778976860,R_75,26658.0289
1778976862,R_75,26667.978
1778976864,R_75,26673.4385
1778976866,R_75,26668.7012
1778976868,R_75,26668.1243
1778976870,R_75,26668.3657
1778976872,R_75,26671.9667
1778976874,R_75,26670.0311
1778976876,R_75,26667.6216
1778976878,R_75,26667.1031
1778976880,R_75,26664.8909
1778976882,R_75,26660.9727
1778976884,R_75,26654.5617
1778976886,R_75,26649.5033
1778976888,R_75,26654.1335
1778976890,R_75,26654.2408
1778976892,R_75,26660.3364
1778976894,R_75,26656.8885
1778976896,R_75,26654.8928
1778976898,R_75,26658.751
1778976900,R_75,26655.2614
1778976902,R_75,26650.6767
1778976904,R_75,26646.4524
1778976906,R_75,26649.4326
1778976908,R_75,26653.5907
1778976910,R_75,26649.7071
1778976912,R_75,26646.787
1778976914,R_75,26650.4765
1778976916,R_75,26656.4125
1778976918,R_75,26652.9825
1778976920,R_75,26658.6219
1778976922,R_75,26655.8792
1778976924,R_75,26655.2932
1778976926,R_75,26653.7379
1778976928,R_75,26659.531
1778976930,R_75,26667.3578
1778976932,R_75,26665.4936
1778976934,R_75,26665.0863
1778976936,R_75,26660.9176
1778976938,R_75,26655.7415
1778976940,R_75,26648.3581
1778976942,R_75,26653.8071
1778976944,R_75,26651.7066
1778976946,R_75,26648.2972
1778976948,R_75,26641.1147
1778976950,R_75,26637.9323
1778976952,R_75,26635.0654
1778976954,R_75,26636.9961
1778976956,R_75,26635.6947
1778976958,R_75,26635.8791
1778976960,R_75,26636.5812
1778976962,R_75,26632.6478
1778976964,R_75,26637.3684
1778976966,R_75,26643.8659
1778976968,R_75,26645.0773
1778976970,R_75,26646.2997
1778976972,R_75,26652.6978
1778976974,R_75,26650.0904
1778976976,R_75,26647.9028
1778976978,R_75,26651.7528
1778976980,R_75,26648.2302
1778976982,R_75,26648.2279
1778976984,R_75,26642.4845
1778976986,R_75,26643.7768
1778976988,R_75,26635.6699
1778976990,R_75,26632.4971
1778976992,R_75,26629.2104
1778976994,R_75,26625.6179
1778976996,R_75,26629.1665
1778976998,R_75,26624.5387
1778977000,R_75,26625.3934
1778977002,R_75,26628.2624
1778977004,R_75,26632.2432
1778977006,R_75,26639.5292
1778977008,R_75,26650.9935
1778977010,R_75,26647.3147
1778977012,R_75,26645.885
1778977014,R_75,26646.9889
1778977016,R_75,26652.6205
1778977018,R_75,26655.2615
1778977020,R_75,26650.9592
1778977022,R_75,26653.7764
1778977024,R_75,26651.2953
1778977026,R_75,26650.3795
1778977028,R_75,26650.3281
1778977030,R_75,26655.8355
1778977032,R_75,26648.9564
1778977034,R_75,26646.8436
1778977036,R_75,26647.7284
1778977038,R_75,26650.8954
1778977040,R_75,26651.466
1778977042,R_75,26648.6131
1778977044,R_75,26640.3181
1778977046,R_75,26639.7269
1778977048,R_75,26641.4512
1778977050,R_75,26647.649
1778977052,R_75,26648.1431
1778977054,R_75,26646.9875
1778977056,R_75,26647.3305
1778977058,R_75,26643.3301
1778977060,R_75,26645.5302
1778977062,R_75,26634.8813
1778977064,R_75,26637.8634
1778977066,R_75,26635.5663
1778977068,R_75,26628.0859
1778977070,R_75,26624.4771
1778977072,R_75,26623.6142
1778977074,R_75,26616.243
1778977076,R_75,26619.7834
1778977078,R_75,26617.5349
1778977080,R_75,26616.0614
1778977082,R_75,26611.795
1778977084,R_75,26609.6875
1778977086,R_75,26614.7766
1778977088,R_75,26612.3421
1778977090,R_75,26617.537
1778977092,R_75,26615.8484
1778977094,R_75,26613.9574
1778977096,R_75,26606.878
1778977098,R_75,26603.7584
1778977100,R_75,26597.8944
1778977102,R_75,26611.6826
1778977104,R_75,26609.2835
1778977106,R_75,26609.2301
1778977108,R_75,26599.1009
1778977110,R_75,26610.664
1778977112,R_75,26613.2911
1778977114,R_75,26613.9866
1778977116,R_75,26612.7096
1778977118,R_75,26612.5717
1778977120,R_75,26604.4037
1778977122,R_75,26615.0763
1778977124,R_75,26613.1921
1778977126,R_75,26612.8719
1778977128,R_75,26609.924
1778977130,R_75,26616.5245
1778977132,R_75,26622.5247
1778977134,R_75,26623.9886
1778977136,R_75,26626.5463
1778977138,R_75,26627.1934
1778977140,R_75,26633.0066
1778977142,R_75,26634.8489
1778977144,R_75,26629.4888
1778977146,R_75,26629.8471
1778977148,R_75,26637.8999
1778977150,R_75,26638.2525
1778977152,R_75,26644.3071
1778977154,R_75,26648.5557
1778977156,R_75,26645.8721
1778977158,R_75,26645.606
1778977160,R_75,26636.875
1778977162,R_75,26634.3422
1778977164,R_75,26645.368
1778977166,R_75,26647.4945
1778977168,R_75,26640.6849
1778977170,R_75,26634.6281
1778977172,R_75,26632.0156
1778977174,R_75,26638.4859
1778977176,R_75,26639.2509
1778977178,R_75,26637.8952
1778977180,R_75,26633.0227
1778977182,R_75,26635.7627
1778977184,R_75,26635.2415
1778977186,R_75,26628.8853
1778977188,R_75,26626.8215
1778977190,R_75,26627.432
1778977192,R_75,26621.2412
1778977194,R_75,26617.6895
1778977196,R_75,26621.0835
1778977198,R_75,26614.8821
1778977200,R_75,26615.5795
1778977202,R_75,26611.7977
1778977204,R_75,26613.0422
1778977206,R_75,26617.3561
1778977208,R_75,26612.8876
1778977210,R_75,26606.7513
1778977212,R_75,26599.9886
1778977214,R_75,26596.1874
1778977216,R_75,26590.1869
1778977218,R_75,26589.074
1778977220,R_75,26593.8826
1778977222,R_75,26596.6173
1778977224,R_75,26592.3487
1778977226,R_75,26590.3716
1778977228,R_75,26590.5453
1778977230,R_75,26585.4732
1778977232,R_75,26589.9036
1778977234,R_75,26587.6286
1778977236,R_75,26585.8702
1778977238,R_75,26580.8506
1778977240,R_75,26578.6607
1778977242,R_75,26574.371
1778977244,R_75,26568.8933
1778977246,R_75,26566.321
1778977248,R_75,26571.9432
1778977250,R_75,26586.6436
1778977252,R_75,26596.0365
1778977254,R_75,26591.5925
1778977256,R_75,26593.1508
1778977258,R_75,26596.1175
1778977260,R_75,26590.7444
1778977262,R_75,26596.9527
1778977264,R_75,26598.2199
1778977266,R_75,26597.4466
1778977268,R_75,26598.8666
1778977270,R_75,26604.8897
1778977272,R_75,26608.332
1778977274,R_75,26618.4971
1778977276,R_75,26626.2092
1778977278,R_75,26617.865
1778977280,R_75,26614.3081
1778977282,R_75,26614.1564
1778977284,R_75,26609.2586
1778977286,R_75,26606.7393
1778977288,R_75,26611.6659
1778977290,R_75,26609.727
1778977292,R_75,26609.3169
1778977294,R_75,26617.398
1778977296,R_75,26620.5209
1778977298,R_75,26623.8282
1778977300,R_75,26625.563
1778977302,R_75,26626.8696
1778977304,R_75,26627.2481
1778977306,R_75,26624.9792
1778977308,R_75,26619.43
1778977310,R_75,26631.5034
1778977312,R_75,26631.2161
1778977314,R_75,26632.5427
1778977316,R_75,26638.1228
1778977318,R_75,26639.085
1778977320,R_75,26644.1024
1778977322,R_75,26644.6047
1778977324,R_75,26644.5997
1778977326,R_75,26639.6241
1778977328,R_75,26646.4385
1778977330,R_75,26654.3532
1778977332,R_75,26656.6947
1778977334,R_75,26662.0919
1778977336,R_75,26664.6793
1778977338,R_75,26656.082
1778977340,R_75,26652.489
1778977342,R_75,26655.3789
1778977344,R_75,26652.378
1778977346,R_75,26650.605
1778977348,R_75,26646.8643
1778977350,R_75,26636.9882
1778977352,R_75,26645.7695
1778977354,R_75,26653.9292
1778977356,R_75,26655.7996
1778977358,R_75,26661.3921
1778977360,R_75,26669.4936
1778977362,R_75,26661.3476
1778977364,R_75,26659.5611
1778977366,R_75,26662.5428
1778977368,R_75,26662.8661
1778977370,R_75,26669.5328
1778977372,R_75,26661.0787
1778977374,R_75,26662.6462
1778977376,R_75,26665.5745
1778977378,R_75,26663.1956
1778977380,R_75,26663.641
1778977382,R_75,26663.8061
1778977384,R_75,26658.9343
1778977386,R_75,26662.0421
1778977388,R_75,26660.5688
1778977390,R_75,26666.6889
1778977392,R_75,26667.9638
1778977394,R_75,26665.6963
1778977396,R_75,26668.5477
1778977398,R_75,26668.181
1778977400,R_75,26658.7229
1778977402,R_75,26660.918
1778977404,R_75,26663.9606
1778977406,R_75,26659.8827
1778977408,R_75,26660.3821
1778977410,R_75,26664.3248
1778977412,R_75,26657.9764
1778977414,R_75,26656.7604
1778977416,R_75,26663.6711
1778977418,R_75,26654.297
1778977420,R_75,26658.2379
1778977422,R_75,26642.5981
1778977424,R_75,26639.0588
1778977426,R_75,26638.7223
1778977428,R_75,26636.7469
1778977430,R_75,26638.2609
1778977432,R_75,26642.0403
1778977434,R_75,26637.0781
1778977436,R_75,26634.1236
1778977438,R_75,26641.5851
1778977440,R_75,26637.9078
1778977442,R_75,26638.1815
1778977444,R_75,26638.3655
1778977446,R_75,26640.8309
1778977448,R_75,26643.7104
1778977450,R_75,26636.6774
1778977452,R_75,26629.3202
1778977454,R_75,26629.7955
1778977456,R_75,26639.8368
1778977458,R_75,26636.8757
1778977460,R_75,26636.414
1778977462,R_75,26642.3136
1778977464,R_75,26648.3825
1778977466,R_75,26648.4623
1778977468,R_75,26653.1546
1778977470,R_75,26648.1152
1778977472,R_75,26644.976
1778977474,R_75,26644.2003
1778977476,R_75,26644.2446
1778977478,R_75,26640.0039
1778977480,R_75,26642.6192
1778977482,R_75,26635.7399
1778977484,R_75,26636.1977
1778977486,R_75,26637.5626
1778977488,R_75,26646.0426
1778977490,R_75,26641.5548
1778977492,R_75,26631.8116
1778977494,R_75,26634.291
1778977496,R_75,26634.8067
1778977498,R_75,26633.5457
1778977500,R_75,26634.0995
1778977502,R_75,26635.378
1778977504,R_75,26633.7601
1778977506,R_75,26631.0681
1778977508,R_75,26628.3389
1778977510,R_75,26641.3933
1778977512,R_75,26640.1816
1778977514,R_75,26633.8717
1778977516,R_75,26629.9107
1778977518,R_75,26631.1337
1778977520,R_75,26633.9
1778977522,R_75,26628.1038
1778977524,R_75,26632.7035
1778977526,R_75,26634.1181
1778977528,R_75,26634.3767
1778977530,R_75,26638.4089
1778977532,R_75,26637.0246
1778977534,R_75,26630.9656
1778977536,R_75,26624.0444
1778977538,R_75,26622.8933
1778977540,R_75,26620.9615
1778977542,R_75,26618.3939
1778977544,R_75,26617.5634
1778977546,R_75,26620.633
1778977548,R_75,26615.577
1778977550,R_75,26612.0027
1778977552,R_75,26624.4087
1778977554,R_75,26617.4914
1778977556,R_75,26612.1288
1778977558,R_75,26609.6418
1778977560,R_75,26606.8533
1778977562,R_75,26608.0193
1778977564,R_75,26609.7293
1778977566,R_75,26606.6471
1778977568,R_75,26611.9947
1778977570,R_75,26614.8535
1778977572,R_75,26619.7184
1778977574,R_75,26623.6755
1778977576,R_75,26621.2791
1778977578,R_75,26618.9087
1778977580,R_75,26625.6286
1778977582,R_75,26618.1798
1778977584,R_75,26622.0332
1778977586,R_75,26627.4681
1778977588,R_75,26624.5079
1778977590,R_75,26628.2348
1778977592,R_75,26629.2153
1778977594,R_75,26625.151
1778977596,R_75,26622.8584
1778977598,R_75,26623.3353
1778977600,R_75,26622.3635
1778977602,R_75,26617.4316
1778977604,R_75,26618.981
1778977606,R_75,26623.4129
1778977608,R_75,26617.02
1778977610,R_75,26615.9792
1778977612,R_75,26614.0908
1778977614,R_75,26609.5255
1778977616,R_75,26603.8609
1778977618,R_75,26603.8981
1778977620,R_75,26600.5816
1778977622,R_75,26600.0376
1778977624,R_75,26605.5828
1778977626,R_75,26607.0248
1778977628,R_75,26604.175
1778977630,R_75,26602.2762
1778977632,R_75,26608.5632
1778977634,R_75,26608.5483
1778977636,R_75,26603.4842
1778977638,R_75,26601.3856
1778977640,R_75,26608.8773
1778977642,R_75,26598.2318
1778977644,R_75,26596.6403
1778977646,R_75,26595.9359
1778977648,R_75,26591.1728
1778977650,R_75,26594.6937
1778977652,R_75,26589.6679
1778977654,R_75,26582.1534
1778977656,R_75,26586.3324
1778977658,R_75,26579.5266
1778977660,R_75,26572.1551
1778977662,R_75,26576.6663
1778977664,R_75,26572.7523
1778977666,R_75,26577.3747
1778977668,R_75,26576.52
1778977670,R_75,26578.8996
1778977672,R_75,26578.0575
1778977674,R_75,26571.6962
1778977676,R_75,26574.0668
1778977678,R_75,26569.0488
1778977680,R_75,26581.8965
1778977682,R_75,26584.5851
1778977684,R_75,26578.9728
1778977686,R_75,26583.0067
1778977688,R_75,26579.4456
1778977690,R_75,26584.0099
1778977692,R_75,26581.8059
1778977694,R_75,26579.3007
1778977696,R_75,26582.2069
1778977698,R_75,26586.2606
1778977700,R_75,26593.5055
1778977702,R_75,26604.2923
1778977704,R_75,26598.6332
1778977706,R_75,26604.5966
1778977708,R_75,26598.7281
1778977710,R_75,26592.077
1778977712,R_75,26595.2646
1778977714,R_75,26585.1828
1778977716,R_75,26583.762
1778977718,R_75,26583.4292
1778977720,R_75,26586.6319
1778977722,R_75,26568.3899
1778977724,R_75,26569.0532
1778977726,R_75,26562.3858
1778977728,R_75,26574.1231
1778977730,R_75,26572.3643
1778977732,R_75,26577.9059
1778977734,R_75,26577.3406
1778977736,R_75,26570.2073
1778977738,R_75,26572.5265
1778977740,R_75,26573.4943
1778977742,R_75,26576.9923
1778977744,R_75,26584.3292
1778977746,R_75,26589.7341
1778977748,R_75,26589.4689
1778977750,R_75,26580.2922
1778977752,R_75,26579.7633
1778977754,R_75,26578.9137
1778977756,R_75,26578.0842
1778977758,R_75,26575.7803
1778977760,R_75,26575.1979
1778977762,R_75,26574.0311
1778977764,R_75,26576.3747
1778977766,R_75,26568.0723
1778977768,R_75,26577.0347
1778977770,R_75,26578.0581
1778977772,R_75,26586.2134
1778977774,R_75,26589.854
1778977776,R_75,26588.8837
1778977778,R_75,26587.3853
1778977780,R_75,26581.8333
1778977782,R_75,26579.1977
1778977784,R_75,26586.4531
1778977786,R_75,26582.9171
1778977788,R_75,26584.0739
1778977790,R_75,26583.4281
1778977792,R_75,26592.7868
1778977794,R_75,26591.733
1778977796,R_75,26592.7197
1778977798,R_75,26595.5926
1778977800,R_75,26603.0946
1778977802,R_75,26595.7883
1778977804,R_75,26600.5043
1778977806,R_75,26599.797
1778977808,R_75,26595.9437
1778977810,R_75,26591.1094
1778977812,R_75,26586.0354
1778977814,R_75,26583.5598
1778977816,R_75,26592.6099
1778977818,R_75,26586.282
1778977820,R_75,26586.1421
1778977822,R_75,26586.0505
1778977824,R_75,26584.7163
1778977826,R_75,26589.2193
1778977828,R_75,26589.731
1778977830,R_75,26589.0241
1778977832,R_75,26601.6095
1778977834,R_75,26601.4721
1778977836,R_75,26599.7804
1778977838,R_75,26592.3166
1778977840,R_75,26587.6377
1778977842,R_75,26591.9988
1778977844,R_75,26588.2002
1778977846,R_75,26591.2419
1778977848,R_75,26595.5447
1778977850,R_75,26589.4151
1778977852,R_75,26589.0851
1778977854,R_75,26587.4927
1778977856,R_75,26583.0486
1778977858,R_75,26582.3729
1778977860,R_75,26576.5389
1778977862,R_75,26573.346
1778977864,R_75,26570.5572
1778977866,R_75,26566.076
1778977868,R_75,26562.2047
1778977870,R_75,26553.2129
1778977872,R_75,26547.4882
1778977874,R_75,26543.609
1778977876,R_75,26539.9818
1778977878,R_75,26538.0372
1778977880,R_75,26538.691
1778977882,R_75,26546.1702
1778977884,R_75,26537.7967
1778977886,R_75,26537.5062
1778977888,R_75,26538.1756
1778977890,R_75,26548.3617
1778977892,R_75,26549.478
1778977894,R_75,26554.5771
1778977896,R_75,26550.8517
1778977898,R_75,26552.7201
1778977900,R_75,26559.5428
1778977902,R_75,26555.5732
1778977904,R_75,26550.7609
1778977906,R_75,26551.3855
1778977908,R_75,26540.7316
1778977910,R_75,26545.358
1778977912,R_75,26549.776
1778977914,R_75,26554.4772
1778977916,R_75,26560.1146
1778977918,R_75,26553.4916
1778977920,R_75,26553.1653
1778977922,R_75,26550.9867
1778977924,R_75,26550.473
1778977926,R_75,26550.9139
1778977928,R_75,26551.4127
1778977930,R_75,26557.9339
1778977932,R_75,26565.4313
1778977934,R_75,26563.8065
1778977936,R_75,26564.2796
1778977938,R_75,26566.652
1778977940,R_75,26560.4981
1778977942,R_75,26554.6768
1778977944,R_75,26555.5343
1778977946,R_75,26557.7303
1778977948,R_75,26550.9181
1778977950,R_75,26548.2681
1778977952,R_75,26547.9035
1778977954,R_75,26541.5526
1778977956,R_75,26539.0177
1778977958,R_75,26542.5553
1778977960,R_75,26548.2056
1778977962,R_75,26546.565
1778977964,R_75,26548.7028
1778977966,R_75,26550.5
1778977968,R_75,26539.4168
1778977970,R_75,26538.2689
1778977972,R_75,26538.5435
1778977974,R_75,26534.8175
1778977976,R_75,26534.6823
1778977978,R_75,26532.0469
1778977980,R_75,26525.6075
1778977982,R_75,26516.7809
1778977984,R_75,26519.3705
1778977986,R_75,26516.4576
1778977988,R_75,26513.9092
1778977990,R_75,26510.5889
1778977992,R_75,26506.0955
1778977994,R_75,26507.1393
1778977996,R_75,26511.8068
1778977998,R_75,26514.4003
1778978000,R_75,26519.3183
1778978002,R_75,26524.4908
1778978004,R_75,26529.0432
1778978006,R_75,26517.2288
1778978008,R_75,26508.7206
1778978010,R_75,26506.9058
1778978012,R_75,26508.381
1778978014,R_75,26507.4126
1778978016,R_75,26507.1425
1778978018,R_75,26503.0883
1778978020,R_75,26502.4005
1778978022,R_75,26488.027
1778978024,R_75,26492.6707
1778978026,R_75,26494.5755
1778978028,R_75,26497.3335
1778978030,R_75,26493.5758
1778978032,R_75,26498.4152
1778978034,R_75,26510.6019
1778978036,R_75,26517.7524
1778978038,R_75,26518.537
1778978040,R_75,26522.3275
1778978042,R_75,26517.1525
1778978044,R_75,26519.3441
1778978046,R_75,26519.3714
1778978048,R_75,26513.4731
1778978050,R_75,26514.1404
1778978052,R_75,26513.6471
1778978054,R_75,26511.2241
1778978056,R_75,26505.098
1778978058,R_75,26505.9223
1778978060,R_75,26514.2144
1778978062,R_75,26514.9546
1778978064,R_75,26511.7904
1778978066,R_75,26518.9329
1778978068,R_75,26525.1092
1778978070,R_75,26523.4523
1778978072,R_75,26522.1256
1778978074,R_75,26519.4182
1778978076,R_75,26517.7019
1778978078,R_75,26523.7115
1778978080,R_75,26522.7165
1778978082,R_75,26518.6778
1778978084,R_75,26520.5903
1778978086,R_75,26527.2984
1778978088,R_75,26535.8547
1778978090,R_75,26532.2648
1778978092,R_75,26545.1342
1778978094,R_75,26549.0831
1778978096,R_75,26550.4871
1778978098,R_75,26555.1144
1778978100,R_75,26556.4989
1778978102,R_75,26562.7782
1778978104,R_75,26559.4019
1778978106,R_75,26560.5136
1778978108,R_75,26566.2041
1778978110,R_75,26572.2282
1778978112,R_75,26573.3357
1778978114,R_75,26577.4635
1778978116,R_75,26586.5526
1778978118,R_75,26588.0379
1778978120,R_75,26602.052
1778978122,R_75,26598.4843
1778978124,R_75,26602.8545
1778978126,R_75,26605.8189
1778978128,R_75,26600.9372
1778978130,R_75,26597.3499
1778978132,R_75,26595.0565
1778978134,R_75,26595.7784
1778978136,R_75,26598.8545
1778978138,R_75,26600.728
1778978140,R_75,26593.1226
1778978142,R_75,26592.3848
1778978144,R_75,26582.1896
1778978146,R_75,26582.4592
1778978148,R_75,26577.2078
1778978150,R_75,26577.9717
1778978152,R_75,26582.8562
1778978154,R_75,26577.0603
1778978156,R_75,26565.1352
1778978158,R_75,26567.8824
1778978160,R_75,26567.4926
1778978162,R_75,26556.3601
1778978164,R_75,26559.3739
1778978166,R_75,26553.2341
1778978168,R_75,26556.5881
1778978170,R_75,26557.2779
1778978172,R_75,26559.3394
1778978174,R_75,26557.942
1778978176,R_75,26548.7105
1778978178,R_75,26555.2006
1778978180,R_75,26553.7621
1778978182,R_75,26552.5569
1778978184,R_75,26553.4417
1778978186,R_75,26555.3384
1778978188,R_75,26552.6274
1778978190,R_75,26550.965
1778978192,R_75,26551.8693
1778978194,R_75,26553.8337
1778978196,R_75,26554.1537
1778978198,R_75,26542.1517
1778978200,R_75,26542.7487
1778978202,R_75,26535.8243
1778978204,R_75,26532.1697
1778978206,R_75,26531.4158
1778978208,R_75,26526.0281
1778978210,R_75,26527.8234
1778978212,R_75,26529.0018
1778978214,R_75,26521.8297
1778978216,R_75,26522.9253
1778978218,R_75,26532.4677
1778978220,R_75,26524.555
1778978222,R_75,26516.7976
1778978224,R_75,26512.662
1778978226,R_75,26515.813
1778978228,R_75,26507.9767
1778978230,R_75,26518.969
1778978232,R_75,26519.3357
1778978234,R_75,26524.4989
1778978236,R_75,26525.7506
1778978238,R_75,26527.8307
1778978240,R_75,26530.2847
1778978242,R_75,26533.7445
1778978244,R_75,26535.2122
1778978246,R_75,26526.6694
1778978248,R_75,26527.5512
1778978250,R_75,26530.3692
1778978252,R_75,26533.1376
1778978254,R_75,26523.7764
1778978256,R_75,26536.7151
1778978258,R_75,26534.5091
1778978260,R_75,26536.5681
1778978262,R_75,26540.3768
1778978264,R_75,26534.9734
1778978266,R_75,26537.1659
1778978268,R_75,26532.1008
1778978270,R_75,26531.3874
1778978272,R_75,26533.4969
1778978274,R_75,26528.64
1778978276,R_75,26527.8507
1778978278,R_75,26526.5299
1778978280,R_75,26523.6822
1778978282,R_75,26517.5392
1778978284,R_75,26522.756
1778978286,R_75,26518.75
1778978288,R_75,26516.7706
1778978290,R_75,26521.108
1778978292,R_75,26519.9534
1778978294,R_75,26516.4131
1778978296,R_75,26521.8298
1778978298,R_75,26524.837
1778978300,R_75,26529.5837
1778978302,R_75,26533.8799
1778978304,R_75,26533.2659
1778978306,R_75,26527.3408
1778978308,R_75,26519.6352
1778978310,R_75,26521.1553
1778978312,R_75,26519.2088
1778978314,R_75,26518.4631
1778978316,R_75,26523.6115
1778978318,R_75,26516.6009
1778978320,R_75,26518.9857
1778978322,R_75,26522.3553
1778978324,R_75,26519.2486
1778978326,R_75,26522.569
1778978328,R_75,26520.7942
1778978330,R_75,26515.9418
1778978332,R_75,26516.4388
1778978334,R_75,26515.6134
1778978336,R_75,26515.869
1778978338,R_75,26516.5797
1778978340,R_75,26518.2171
1778978342,R_75,26513.9865
1778978344,R_75,26508.8453
1778978346,R_75,26513.3286
1778978348,R_75,26518.0859
1778978350,R_75,26518.9701
1778978352,R_75,26516.3758
1778978354,R_75,26511.3163
1778978356,R_75,26516.6534
1778978358,R_75,26508.156
1778978360,R_75,26513.6277
1778978362,R_75,26518.3424
1778978364,R_75,26518.1774
1778978366,R_75,26520.7907
1778978368,R_75,26522.3541
1778978370,R_75,26523.9428
1778978372,R_75,26526.744
1778978374,R_75,26528.8673
1778978376,R_75,26523.3881
1778978378,R_75,26521.1558
1778978380,R_75,26519.606
1778978382,R_75,26524.2831
1778978384,R_75,26523.0714
1778978386,R_75,26521.3577
1778978388,R_75,26517.8677
1778978390,R_75,26513.6887
1778978392,R_75,26510.1328
1778978394,R_75,26507.4363
1778978396,R_75,26507.862
1778978398,R_75,26513.2238
1778978400,R_75,26514.584
1778978402,R_75,26512.3124
1778978404,R_75,26514.3574
1778978406,R_75,26513.0577
1778978408,R_75,26507.873
1778978410,R_75,26514.6904
1778978412,R_75,26504.5145
1778978414,R_75,26508.8816
1778978416,R_75,26510.8492
1778978418,R_75,26513.6617
1778978420,R_75,26511.0746
1778978422,R_75,26507.3762
1778978424,R_75,26509.2696
1778978426,R_75,26506.8448
1778978428,R_75,26506.6398
1778978430,R_75,26506.9506
1778978432,R_75,26506.7115
1778978434,R_75,26512.352
1778978436,R_75,26507.7321
1778978438,R_75,26497.8113
1778978440,R_75,26492.6151
1778978442,R_75,26497.8247
1778978444,R_75,26500.8582
1778978446,R_75,26502.7948
1778978448,R_75,26503.9824
1778978450,R_75,26503.9641
1778978452,R_75,26503.2276
1778978454,R_75,26500.4926
1778978456,R_75,26501.4832
1778978458,R_75,26501.2975
1778978460,R_75,26496.0776
1778978462,R_75,26502.1579
1778978464,R_75,26507.8952
1778978466,R_75,26509.4551
1778978468,R_75,26516.1597
1778978470,R_75,26509.4722
1778978472,R_75,26506.9576
1778978474,R_75,26503.8341
1778978476,R_75,26506.4566
1778978478,R_75,26501.3546
1778978480,R_75,26506.9342
1778978482,R_75,26508.3456
1778978484,R_75,26509.4943
1778978486,R_75,26505.0907
1778978488,R_75,26506.0937
1778978490,R_75,26506.3108
1778978492,R_75,26505.6451
1778978494,R_75,26509.4598
1778978496,R_75,26502.8106
1778978498,R_75,26497.993
1778978500,R_75,26498.4718
1778978502,R_75,26505.3037
1778978504,R_75,26509.6955
1778978506,R_75,26516.0024
1778978508,R_75,26514.6026
1778978510,R_75,26512.6741
1778978512,R_75,26521.7092
1778978514,R_75,26517.3821
1778978516,R_75,26518.7333
1778978518,R_75,26514.313
1778978520,R_75,26520.2212
1778978522,R_75,26519.7588
1778978524,R_75,26513.7293
1778978526,R_75,26508.1883
1778978528,R_75,26509.4173
1778978530,R_75,26509.1378
1778978532,R_75,26499.5463
1778978534,R_75,26506.951
1778978536,R_75,26507.5491
1778978538,R_75,26506.5591
1778978540,R_75,26508.9102
1778978542,R_75,26504.5528
1778978544,R_75,26508.2182
1778978546,R_75,26507.2076
1778978548,R_75,26503.1275
1778978550,R_75,26505.6103
1778978552,R_75,26500.4373
1778978554,R_75,26503.3995
1778978556,R_75,26503.2673
1778978558,R_75,26499.3149
1778978560,R_75,26500.3733
1778978562,R_75,26495.9819
1778978564,R_75,26499.9695
1778978566,R_75,26491.7377
1778978568,R_75,26491.5556
1778978570,R_75,26498.0884
1778978572,R_75,26501.7787
1778978574,R_75,26501.2395
1778978576,R_75,26495.8766
1778978578,R_75,26498.7896
1778978580,R_75,26496.7183
1778978582,R_75,26495.4571
1778978584,R_75,26490.3184
1778978586,R_75,26489.6314
1778978588,R_75,26485.0694
1778978590,R_75,26488.0454
1778978592,R_75,26489.9351
1778978594,R_75,26489.6731
1778978596,R_75,26488.7281
1778978598,R_75,26487.7853
1778978600,R_75,26496.1691
1778978602,R_75,26496.4938
1778978604,R_75,26500.5531
1778978606,R_75,26495.4502
1778978608,R_75,26502.7352
1778978610,R_75,26507.8103
1778978612,R_75,26504.0883
1778978614,R_75,26507.8645
1778978616,R_75,26515.5423
1778978618,R_75,26513.3756
1778978620,R_75,26519.1233
1778978622,R_75,26519.2473
1778978624,R_75,26507.0525
1778978626,R_75,26510.4447
1778978628,R_75,26510.9904
1778978630,R_75,26520.4118
1778978632,R_75,26516.1
1778978634,R_75,26514.9422
1778978636,R_75,26521.7799
1778978638,R_75,26518.2738
1778978640,R_75,26522.1144
1778978642,R_75,26519.0019
1778978644,R_75,26520.2204
1778978646,R_75,26520.1924
1778978648,R_75,26521.1259
1778978650,R_75,26518.3511
1778978652,R_75,26513.1355
1778978654,R_75,26507.4059
1778978656,R_75,26507.2089
1778978658,R_75,26510.8844
1778978660,R_75,26511.4061
1778978662,R_75,26514.2043
1778978664,R_75,26506.2237
1778978666,R_75,26511.023
1778978668,R_75,26511.2391
1778978670,R_75,26517.4263
1778978672,R_75,26517.7878
1778978674,R_75,26515.7516
1778978676,R_75,26525.9861
1778978678,R_75,26525.5311
1778978680,R_75,26519.5685
1778978682,R_75,26513.0556
1778978684,R_75,26514.3639
1778978686,R_75,26520.3451
1778978688,R_75,26524.8769
1778978690,R_75,26524.2798
1778978692,R_75,26518.7252
1778978694,R_75,26516.6899
1778978696,R_75,26519.6842
1778978698,R_75,26522.665
1778978700,R_75,26515.4753
1778978702,R_75,26519.3932
1778978704,R_75,26514.038
1778978706,R_75,26509.8208
1778978708,R_75,26507.4354
1778978710,R_75,26514.1632
1778978712,R_75,26519.6392
1778978714,R_75,26520.2636
1778978716,R_75,26517.7348
1778978718,R_75,26522.7481
1778978720,R_75,26527.2049
1778978722,R_75,26530.159
1778978724,R_75,26529.575
1778978726,R_75,26535.7866
1778978728,R_75,26528.6101
1778978730,R_75,26530.1661
1778978732,R_75,26533.3601
1778978734,R_75,26538.7669
1778978736,R_75,26543.5678
1778978738,R_75,26545.3772
1778978740,R_75,26549.1127
1778978742,R_75,26548.0608
1778978744,R_75,26550.7418
1778978746,R_75,26553.0922
1778978748,R_75,26557.2585
1778978750,R_75,26553.6905
1778978752,R_75,26553.6009
1778978754,R_75,26551.3451
1778978756,R_75,26547.641
1778978758,R_75,26552.5864
1778978760,R_75,26555.3494
1778978762,R_75,26552.5224
1778978764,R_75,26551.9856
1778978766,R_75,26560.6869
1778978768,R_75,26557.7746
1778978770,R_75,26558.1606
1778978772,R_75,26559.1435
1778978774,R_75,26557.9086
1778978776,R_75,26556.4538
1778978778,R_75,26558.7269
1778978780,R_75,26555.6422
1778978782,R_75,26558.132
1778978784,R_75,26557.7607
1778978786,R_75,26564.7626
1778978788,R_75,26573.7453
1778978790,R_75,26576.0749
1778978792,R_75,26576.4472
1778978794,R_75,26576.6935
1778978796,R_75,26575.2093
1778978798,R_75,26579.0313
1778978800,R_75,26572.6118
1778978802,R_75,26569.4431
1778978804,R_75,26569.2135
1778978806,R_75,26566.8395
1778978808,R_75,26569.3829
1778978810,R_75,26567.3637
1778978812,R_75,26567.9021
1778978814,R_75,26565.8993
1778978816,R_75,26574.1493
1778978818,R_75,26579.8609
1778978820,R_75,26578.2117
1778978822,R_75,26577.2639
1778978824,R_75,26576.9088
1778978826,R_75,26572.7228
1778978828,R_75,26570.6548
1778978830,R_75,26566.0683
1778978832,R_75,26566.6499
1778978834,R_75,26563.1169
1778978836,R_75,26561.4539
1778978838,R_75,26561.8108
1778978840,R_75,26558.486
1778978842,R_75,26556.1118
1778978844,R_75,26561.4168
1778978846,R_75,26565.9523
1778978848,R_75,26574.7869
1778978850,R_75,26576.8399
1778978852,R_75,26579.1871
1778978854,R_75,26577.3813
1778978856,R_75,26575.3493
1778978858,R_75,26573.3646
1778978860,R_75,26572.727
1778978862,R_75,26576.925
1778978864,R_75,26577.8855
1778978866,R_75,26571.1047
1778978868,R_75,26568.1499
1778978870,R_75,26572.0944
1778978872,R_75,26579.7664
1778978874,R_75,26570.7093
1778978876,R_75,26568.1897
1778978878,R_75,26562.5666
1778978880,R_75,26564.0593
1778978882,R_75,26557.5699
1778978884,R_75,26551.6806
1778978886,R_75,26546.6944
1778978888,R_75,26554.5004
1778978890,R_75,26551.0307
1778978892,R_75,26547.7766
1778978894,R_75,26549.1007
1778978896,R_75,26543.0748
1778978898,R_75,26546.0661
1778978900,R_75,26544.7255
1778978902,R_75,26543.2656
1778978904,R_75,26552.87
1778978906,R_75,26559.2555
1778978908,R_75,26548.8605
1778978910,R_75,26553.908
1778978912,R_75,26563.1814
1778978914,R_75,26561.173
1778978916,R_75,26554.4865
1778978918,R_75,26558.0412
1778978920,R_75,26561.7789
1778978922,R_75,26567.5005
1778978924,R_75,26572.5385
1778978926,R_75,26570.9312
1778978928,R_75,26578.6315
1778978930,R_75,26578.8467
1778978932,R_75,26582.7392
1778978934,R_75,26589.0627
1778978936,R_75,26593.3602
1778978938,R_75,26599.4978
1778978940,R_75,26598.8196
1778978942,R_75,26596.761
1778978944,R_75,26607.2224
1778978946,R_75,26602.2379
1778978948,R_75,26602.7709
1778978950,R_75,26603.7784
1778978952,R_75,26604.9632
1778978954,R_75,26602.737
1778978956,R_75,26605.5401
1778978958,R_75,26604.3318
1778978960,R_75,26601.1078
1778978962,R_75,26596.5573
1778978964,R_75,26595.057
1778978966,R_75,26592.1736
1778978968,R_75,26600.1634
1778978970,R_75,26606.1082
1778978972,R_75,26608.2727
1778978974,R_75,26611.6108
1778978976,R_75,26606.4409
1778978978,R_75,26605.6644
1778978980,R_75,26609.3517
1778978982,R_75,26606.2832
1778978984,R_75,26603.1311
1778978986,R_75,26608.7175
1778978988,R_75,26609.7171
1778978990,R_75,26612.0456
1778978992,R_75,26616.1302
1778978994,R_75,26610.6712
1778978996,R_75,26602.5522
1778978998,R_75,26608.7933
1778979000,R_75,26608.431
1778979002,R_75,26606.7797
1778979004,R_75,26601.8292
1778979006,R_75,26605.699
1778979008,R_75,26609.1899
1778979010,R_75,26599.4342
1778979012,R_75,26599.9417
1778979014,R_75,26595.037
1778979016,R_75,26607.4575
1778979018,R_75,26610.4984
1778979020,R_75,26609.9641
1778979022,R_75,26612.0213
1778979024,R_75,26610.0795
1778979026,R_75,26605.5597
1778979028,R_75,26605.2718
1778979030,R_75,26597.7588
1778979032,R_75,26597.7149
1778979034,R_75,26591.2772
1778979036,R_75,26584.2401
1778979038,R_75,26581.7013
1778979040,R_75,26578.1478
1778979042,R_75,26578.3309
1778979044,R_75,26580.611
1778979046,R_75,26572.559
1778979048,R_75,26578.1091
1778979050,R_75,26582.8683
1778979052,R_75,26578.3413
1778979054,R_75,26574.8518
1778979056,R_75,26585.0688
1778979058,R_75,26588.2061
1778979060,R_75,26591.5733
1778979062,R_75,26594.809
1778979064,R_75,26594.4614
1778979066,R_75,26590.7899
1778979068,R_75,26594.4324
1778979070,R_75,26590.071
1778979072,R_75,26589.7236
1778979074,R_75,26583.3675
1778979076,R_75,26574.2432
1778979078,R_75,26573.366
1778979080,R_75,26574.4642
1778979082,R_75,26574.0165
1778979084,R_75,26581.0514
1778979086,R_75,26578.954
1778979088,R_75,26582.9819
1778979090,R_75,26588.8615
1778979092,R_75,26583.2068
1778979094,R_75,26574.4776
1778979096,R_75,26575.5549
1778979098,R_75,26577.9566
1778979100,R_75,26579.8391
1778979102,R_75,26578.18
1778979104,R_75,26579.8308
1778979106,R_75,26578.7616
1778979108,R_75,26576.9958
1778979110,R_75,26580.23
1778979112,R_75,26581.8506
1778979114,R_75,26583.9687
1778979116,R_75,26575.6373
1778979118,R_75,26566.9245
1778979120,R_75,26562.7946
1778979122,R_75,26560.2149
1778979124,R_75,26556.1287
1778979126,R_75,26552.101
1778979128,R_75,26556.4086
1778979130,R_75,26557.9571
1778979132,R_75,26555.7933
1778979134,R_75,26556.483
1778979136,R_75,26559.6047
1778979138,R_75,26562.2647
1778979140,R_75,26555.9578
1778979142,R_75,26555.0427
1778979144,R_75,26554.8876
1778979146,R_75,26549.2006
1778979148,R_75,26539.317
1778979150,R_75,26534.6208
1778979152,R_75,26525.5907
1778979154,R_75,26522.8439
1778979156,R_75,26516.893
1778979158,R_75,26512.7621
1778979160,R_75,26521.2106
1778979162,R_75,26526.1167
1778979164,R_75,26537.3775
1778979166,R_75,26543.1207
1778979168,R_75,26542.7929
1778979170,R_75,26533.8306
1778979172,R_75,26539.2317
1778979174,R_75,26546.7418
1778979176,R_75,26544.7145
1778979178,R_75,26547.7274
1778979180,R_75,26546.6502
1778979182,R_75,26556.2271
1778979184,R_75,26551.7221
1778979186,R_75,26552.1798
1778979188,R_75,26551.7476
1778979190,R_75,26556.6499
1778979192,R_75,26572.0587
1778979194,R_75,26572.4246
1778979196,R_75,26569.3845
1778979198,R_75,26572.4496
1778979200,R_75,26564.8338
1778979202,R_75,26561.2479
1778979204,R_75,26559.9467
1778979206,R_75,26567.991
1778979208,R_75,26570.9882
1778979210,R_75,26566.1752
1778979212,R_75,26567.1655
1778979214,R_75,26571.9106
1778979216,R_75,26571.1149
1778979218,R_75,26577.1046
1778979220,R_75,26578.0159
1778979222,R_75,26580.2482
1778979224,R_75,26569.2251
1778979226,R_75,26569.614
1778979228,R_75,26570.732
1778979230,R_75,26575.2654
1778979232,R_75,26573.0585
1778979234,R_75,26576.7583
1778979236,R_75,26586.4794
1778979238,R_75,26589.742
1778979240,R_75,26598.9441
1778979242,R_75,26599.6463
1778979244,R_75,26596.1323
1778979246,R_75,26600.4517
1778979248,R_75,26610.9063
1778979250,R_75,26612.3974
1778979252,R_75,26611.9338
1778979254,R_75,26617.3627
1778979256,R_75,26621.8695
1778979258,R_75,26622.632
1778979260,R_75,26628.3342
1778979262,R_75,26620.8023
1778979264,R_75,26616.8425
1778979266,R_75,26612.774
1778979268,R_75,26615.9206
1778979270,R_75,26616.7741
1778979272,R_75,26612.5457
1778979274,R_75,26603.6926
1778979276,R_75,26601.9453
1778979278,R_75,26607.1416
1778979280,R_75,26608.7446
1778979282,R_75,26613.6399
1778979284,R_75,26613.9347
1778979286,R_75,26625.6832
1778979288,R_75,26634.708
1778979290,R_75,26639.6659
1778979292,R_75,26630.0982
1778979294,R_75,26628.0771
1778979296,R_75,26626.7513
1778979298,R_75,26627.1589
1778979300,R_75,26628.6842
1778979302,R_75,26631.6924
1778979304,R_75,26628.8653
1778979306,R_75,26615.6662
1778979308,R_75,26617.7639
1778979310,R_75,26617.0251
1778979312,R_75,26613.1187
1778979314,R_75,26614.6803
1778979316,R_75,26619.2632
1778979318,R_75,26620.4132
1778979320,R_75,26623.3951
1778979322,R_75,26624.9647
1778979324,R_75,26622.4553
1778979326,R_75,26627.4418
1778979328,R_75,26629.1196
1778979330,R_75,26629.7621
1778979332,R_75,26627.4759
1778979334,R_75,26626.0006
1778979336,R_75,26628.0095
1778979338,R_75,26629.6756
1778979340,R_75,26626.3718
1778979342,R_75,26631.9423
1778979344,R_75,26623.2135
1778979346,R_75,26625.5886
1778979348,R_75,26616.9112
1778979350,R_75,26613.3908
1778979352,R_75,26617.5594
1778979354,R_75,26612.7062
1778979356,R_75,26614.8427
1778979358,R_75,26618.611
1778979360,R_75,26612.4738
1778979362,R_75,26609.3398
1778979364,R_75,26607.287
1778979366,R_75,26602.1591
1778979368,R_75,26608.7195
1778979370,R_75,26616.1266
1778979372,R_75,26615.24
1778979374,R_75,26613.5883
1778979376,R_75,26608.9566
1778979378,R_75,26610.4574
1778979380,R_75,26604.7845
1778979382,R_75,26609.6582
1778979384,R_75,26608.1299
1778979386,R_75,26609.3918
1778979388,R_75,26597.5957
1778979390,R_75,26594.0474
1778979392,R_75,26584.6058
1778979394,R_75,26595.3671
1778979396,R_75,26601.3927
1778979398,R_75,26604.7005
1778979400,R_75,26599.4022
1778979402,R_75,26600.0713
1778979404,R_75,26602.5905
1778979406,R_75,26605.3473
1778979408,R_75,26606.5477
1778979410,R_75,26604.8449
1778979412,R_75,26594.2021
1778979414,R_75,26595.8894
1778979416,R_75,26595.6055
1778979418,R_75,26589.4279
1778979420,R_75,26591.2006
1778979422,R_75,26594.5032
1778979424,R_75,26601.4695
1778979426,R_75,26605.3042
1778979428,R_75,26604.29
1778979430,R_75,26607.7814
1778979432,R_75,26604.1499
1778979434,R_75,26605.134
1778979436,R_75,26607.4431
1778979438,R_75,26615.9257
1778979440,R_75,26614.3119
1778979442,R_75,26620.0532
1778979444,R_75,26617.1147
1778979446,R_75,26609.8488
1778979448,R_75,26603.2307
1778979450,R_75,26608.3626
1778979452,R_75,26612.1736
1778979454,R_75,26612.1831
1778979456,R_75,26617.3984
1778979458,R_75,26614.5045
1778979460,R_75,26611.3757
1778979462,R_75,26615.8332
1778979464,R_75,26617.5373
1778979466,R_75,26610.8712
1778979468,R_75,26611.5881
1778979470,R_75,26613.2473
1778979472,R_75,26614.1347
1778979474,R_75,26616.5151
1778979476,R_75,26609.8822
1778979478,R_75,26601.2993
1778979480,R_75,26595.667
1778979482,R_75,26597.2681
1778979484,R_75,26592.9324
1778979486,R_75,26594.9566
1778979488,R_75,26589.5076
1778979490,R_75,26583.9931
1778979492,R_75,26583.5199
1778979494,R_75,26585.1089
1778979496,R_75,26585.4629
1778979498,R_75,26588.3235
1778979500,R_75,26586.506
1778979502,R_75,26589.3981
1778979504,R_75,26579.6984
1778979506,R_75,26577.8201
1778979508,R_75,26577.4342
1778979510,R_75,26581.029
1778979512,R_75,26582.6372
1778979514,R_75,26582.7989
1778979516,R_75,26584.4145
1778979518,R_75,26579.4023
1778979520,R_75,26583.9956
1778979522,R_75,26591.5169
1778979524,R_75,26590.8078
1778979526,R_75,26588.7078
1778979528,R_75,26591.7365
1778979530,R_75,26592.4015
1778979532,R_75,26596.0577
1778979534,R_75,26598.9278
1778979536,R_75,26597.7148
1778979538,R_75,26588.6769
1778979540,R_75,26599.1835
1778979542,R_75,26597.7529
1778979544,R_75,26598.7414
1778979546,R_75,26599.107
1778979548,R_75,26601.0186
1778979550,R_75,26590.8942
1778979552,R_75,26595.1285
1778979554,R_75,26595.2476
1778979556,R_75,26597.0645
1778979558,R_75,26601.8326
1778979560,R_75,26592.4661
1778979562,R_75,26596.5214
1778979564,R_75,26586.6206
1778979566,R_75,26588.3316
1778979568,R_75,26579.1822
1778979570,R_75,26578.232
1778979572,R_75,26584.1118
1778979574,R_75,26589.8074
1778979576,R_75,26595.231
1778979578,R_75,26593.6684
1778979580,R_75,26584.7557
1778979582,R_75,26589.7888
1778979584,R_75,26594.9536
1778979586,R_75,26599.1609
1778979588,R_75,26601.0363
1778979590,R_75,26594.9339
1778979592,R_75,26583.885
1778979594,R_75,26580.8442
1778979596,R_75,26577.3715
1778979598,R_75,26582.4071
1778979600,R_75,26581.0112
1778979602,R_75,26574.908
1778979604,R_75,26586.8498
1778979606,R_75,26584.1475
1778979608,R_75,26585.6836
1778979610,R_75,26593.6706
1778979612,R_75,26586.5142
1778979614,R_75,26592.2612
1778979616,R_75,26600.5073
1778979618,R_75,26603.2867
1778979620,R_75,26608.4393
1778979622,R_75,26610.5902
1778979624,R_75,26613.906
1778979626,R_75,26613.4744
1778979628,R_75,26605.4635
1778979630,R_75,26602.8181
1778979632,R_75,26602.7729
1778979634,R_75,26603.7681
1778979636,R_75,26607.0647
1778979638,R_75,26607.1249
1778979640,R_75,26607.9722
1778979642,R_75,26606.6913
1778979644,R_75,26613.5803
1778979646,R_75,26610.8653
1778979648,R_75,26615.9487
1778979650,R_75,26623.4603
1778979652,R_75,26620.3739
1778979654,R_75,26614.7937
1778979656,R_75,26605.7544
1778979658,R_75,26602.4529
1778979660,R_75,26597.5581
1778979662,R_75,26599.3516
1778979664,R_75,26599.687
1778979666,R_75,26592.0142
1778979668,R_75,26594.6866
1778979670,R_75,26597.6503
1778979672,R_75,26603.5038
1778979674,R_75,26606.817
1778979676,R_75,26616.3513
1778979678,R_75,26619.694
1778979680,R_75,26616.8965
1778979682,R_75,26622.1925
1778979684,R_75,26623.8395
1778979686,R_75,26630.307
1778979688,R_75,26639.9444
1778979690,R_75,26630.9695
1778979692,R_75,26630.1615
1778979694,R_75,26625.1317
1778979696,R_75,26630.0786
1778979698,R_75,26635.1962
1778979700,R_75,26638.2613
1778979702,R_75,26632.136
1778979704,R_75,26631.0752
1778979706,R_75,26638.5938
1778979708,R_75,26635.0664
1778979710,R_75,26641.7331
1778979712,R_75,26640.6702
1778979714,R_75,26642.6425
1778979716,R_75,26638.798
1778979718,R_75,26639.9346
1778979720,R_75,26635.2214
1778979722,R_75,26638.233
1778979724,R_75,26631.9303
1778979726,R_75,26631.8079
1778979728,R_75,26622.95
1778979730,R_75,26622.6027
1778979732,R_75,26617.9817
1778979734,R_75,26616.6457
1778979736,R_75,26616.3289
1778979738,R_75,26612.1536
1778979740,R_75,26600.9434
1778979742,R_75,26597.5585
1778979744,R_75,26607.7048
1778979746,R_75,26609.4555
1778979748,R_75,26613.5529
1778979750,R_75,26620.0851
1778979752,R_75,26620.3183
1778979754,R_75,26627.0425
1778979756,R_75,26618.3929
1778979758,R_75,26615.0725
1778979760,R_75,26605.7581
1778979762,R_75,26609.1291
1778979764,R_75,26608.7452
1778979766,R_75,26596.3076
1778979768,R_75,26600.2142
1778979770,R_75,26606.3278
1778979772,R_75,26604.4817
1778979774,R_75,26610.0927
1778979776,R_75,26617.8655
1778979778,R_75,26623.0821
1778979780,R_75,26627.2468
1778979782,R_75,26624.6391
1778979784,R_75,26628.2639
1778979786,R_75,26632.636
1778979788,R_75,26630.7187
1778979790,R_75,26633.2084
1778979792,R_75,26630.5229
1778979794,R_75,26631.3356
1778979796,R_75,26639.7143
1778979798,R_75,26639.6455
1778979800,R_75,26638.511
1778979802,R_75,26642.4243
1778979804,R_75,26645.7269
1778979806,R_75,26643.2573
1778979808,R_75,26641.8227
1778979810,R_75,26649.4148
1778979812,R_75,26651.2873
1778979814,R_75,26646.3063
1778979816,R_75,26647.1114
1778979818,R_75,26647.9749
1778979820,R_75,26643.42
1778979822,R_75,26640.4976
1778979824,R_75,26638.8724
1778979826,R_75,26641.1567
1778979828,R_75,26641.0099
1778979830,R_75,26626.5587
1778979832,R_75,26627.6371
1778979834,R_75,26617.7129
1778979836,R_75,26617.6001
1778979838,R_75,26615.1631
1778979840,R_75,26604.7926
1778979842,R_75,26603.9134
1778979844,R_75,26598.5748
1778979846,R_75,26603.1098
1778979848,R_75,26602.7279
1778979850,R_75,26604.3936
1778979852,R_75,26600.6558
1778979854,R_75,26600.9347
1778979856,R_75,26600.1187
1778979858,R_75,26598.4681
1778979860,R_75,26595.6895
1778979862,R_75,26597.2827
1778979864,R_75,26595.7137
1778979866,R_75,26593.4415
1778979868,R_75,26603.3023
1778979870,R_75,26602.7719
1778979872,R_75,26606.9943
1778979874,R_75,26609.7681
1778979876,R_75,26612.1503
1778979878,R_75,26616.3568
1778979880,R_75,26621.9605
1778979882,R_75,26621.6731
1778979884,R_75,26616.8771
1778979886,R_75,26616.2437
1778979888,R_75,26619.9771
1778979890,R_75,26620.3365
1778979892,R_75,26625.89
1778979894,R_75,26627.1531
1778979896,R_75,26635.3672
1778979898,R_75,26630.5954
1778979900,R_75,26635.2971
1778979902,R_75,26646.4291
1778979904,R_75,26645.0327
1778979906,R_75,26632.8223
1778979908,R_75,26629.8345
1778979910,R_75,26626.3277
1778979912,R_75,26633.1093
1778979914,R_75,26640.827
1778979916,R_75,26643.423
1778979918,R_75,26637.1448
1778979920,R_75,26625.0154
1778979922,R_75,26626.3318
1778979924,R_75,26633.5967
1778979926,R_75,26636.1901
1778979928,R_75,26638.6438
1778979930,R_75,26639.9362
1778979932,R_75,26629.7904
1778979934,R_75,26628.1045
1778979936,R_75,26634.1844
1778979938,R_75,26637.5525
1778979940,R_75,26636.2033
1778979942,R_75,26638.2002
1778979944,R_75,26643.1792
1778979946,R_75,26638.0685
1778979948,R_75,26640.4787
1778979950,R_75,26638.6224
1778979952,R_75,26635.264
1778979954,R_75,26626.7226
1778979956,R_75,26630.1736
1778979958,R_75,26634.6304
1778979960,R_75,26633.6288
1778979962,R_75,26638.8938
1778979964,R_75,26636.6126
1778979966,R_75,26644.9888
1778979968,R_75,26645.9423
1778979970,R_75,26634.7299
1778979972,R_75,26636.6002
1778979974,R_75,26633.1376
1778979976,R_75,26644.1852
1778979978,R_75,26642.5257
1778979980,R_75,26638.1316
1778979982,R_75,26642.4422
1778979984,R_75,26641.7623
1778979986,R_75,26637.9553
1778979988,R_75,26638.7082
1778979990,R_75,26643.5269
1778979992,R_75,26637.6929
1778979994,R_75,26631.9432
1778979996,R_75,26631.59
1778979998,R_75,26638.8605
1778980000,R_75,26637.911
1778980002,R_75,26642.6466
1778980004,R_75,26636.5552
1778980006,R_75,26630.0735
1778980008,R_75,26637.2825
1778980010,R_75,26630.6535
1778980012,R_75,26628.1336
1778980014,R_75,26629.2631
1778980016,R_75,26630.242
1778980018,R_75,26625.2894
1778980020,R_75,26621.2612
1778980022,R_75,26613.0076
1778980024,R_75,26612.385
1778980026,R_75,26607.8488
1778980028,R_75,26614.0141
1778980030,R_75,26606.6955
1778980032,R_75,26610.3576
1778980034,R_75,26601.8832
1778980036,R_75,26597.9397
1778980038,R_75,26595.2373
1778980040,R_75,26592.9599
1778980042,R_75,26585.348
1778980044,R_75,26589.2983
1778980046,R_75,26593.9693
1778980048,R_75,26595.1097
1778980050,R_75,26599.1378
1778980052,R_75,26601.1351
1778980054,R_75,26600.4431
1778980056,R_75,26599.15
1778980058,R_75,26593.1892
1778980060,R_75,26603.9505
1778980062,R_75,26601.9608
1778980064,R_75,26598.5181
1778980066,R_75,26599.8119
1778980068,R_75,26603.7725
1778980070,R_75,26606.4716
1778980072,R_75,26597.6818
1778980074,R_75,26600.177
1778980076,R_75,26596.6266
1778980078,R_75,26592.0269
1778980080,R_75,26586.5336
1778980082,R_75,26590.4399
1778980084,R_75,26581.403
1778980086,R_75,26578.7055
1778980088,R_75,26581.6061
1778980090,R_75,26585.4084
1778980092,R_75,26578.4963
1778980094,R_75,26572.2484
1778980096,R_75,26573.4409
1778980098,R_75,26573.068
1778980100,R_75,26571.0612
1778980102,R_75,26572.2606
1778980104,R_75,26568.8668
1778980106,R_75,26567.4263
1778980108,R_75,26564.9741
1778980110,R_75,26572.4402
1778980112,R_75,26570.9676
1778980114,R_75,26570.2407
1778980116,R_75,26573.3766
1778980118,R_75,26574.6152
1778980120,R_75,26563.3145
1778980122,R_75,26568.4151
1778980124,R_75,26563.4343
1778980126,R_75,26565.4041
1778980128,R_75,26566.9875
1778980130,R_75,26564.9349
1778980132,R_75,26559.2035
1778980134,R_75,26562.6751
1778980136,R_75,26557.0688
1778980138,R_75,26557.094
1778980140,R_75,26557.6896
1778980142,R_75,26564.608
1778980144,R_75,26566.5176
1778980146,R_75,26558.9043
1778980148,R_75,26565.1053
1778980150,R_75,26560.4406
1778980152,R_75,26559.716
1778980154,R_75,26554.1737
1778980156,R_75,26556.7036
1778980158,R_75,26553.8107
1778980160,R_75,26547.7526
1778980162,R_75,26545.9436
1778980164,R_75,26541.3654
1778980166,R_75,26544.2535
1778980168,R_75,26538.2634
1778980170,R_75,26540.4215
1778980172,R_75,26547.9437
1778980174,R_75,26549.5693
1778980176,R_75,26556.8515
1778980178,R_75,26563.2236
1778980180,R_75,26558.2992
1778980182,R_75,26557.5211
1778980184,R_75,26557.5679
1778980186,R_75,26548.3823
1778980188,R_75,26545.9171
1778980190,R_75,26536.3043
1778980192,R_75,26530.3165
1778980194,R_75,26535.5747
1778980196,R_75,26533.2862
1778980198,R_75,26528.1229
1778980200,R_75,26526.2384
1778980202,R_75,26527.8044
1778980204,R_75,26526.784
1778980206,R_75,26527.0872
1778980208,R_75,26533.2615
1778980210,R_75,26521.4741
1778980212,R_75,26526.4202
1778980214,R_75,26520.9272
1778980216,R_75,26526.8462
1778980218,R_75,26528.723
1778980220,R_75,26524.1104
1778980222,R_75,26526.2449
1778980224,R_75,26529.4374
1778980226,R_75,26535.7587
1778980228,R_75,26531.109
1778980230,R_75,26531.2916
1778980232,R_75,26530.5645
1778980234,R_75,26527.4112
1778980236,R_75,26522.0226
1778980238,R_75,26521
1778980240,R_75,26527.1564
1778980242,R_75,26533.6241
1778980244,R_75,26525.3176
1778980246,R_75,26526.2496
1778980248,R_75,26526.5899
1778980250,R_75,26527.8967
1778980252,R_75,26526.7028
1778980254,R_75,26526.9893
1778980256,R_75,26529.7887
1778980258,R_75,26528.5584
1778980260,R_75,26530.0693
1778980262,R_75,26530.713
1778980264,R_75,26532.7959
1778980266,R_75,26518.3417
1778980268,R_75,26524.008
1778980270,R_75,26518.0557
1778980272,R_75,26517.7339
1778980274,R_75,26528.6004
1778980276,R_75,26525.2128
1778980278,R_75,26521.4039
1778980280,R_75,26525.4484
1778980282,R_75,26524.8811
1778980284,R_75,26525.2444
1778980286,R_75,26526.301
1778980288,R_75,26522.8353
1778980290,R_75,26526.4329
1778980292,R_75,26527.2081
1778980294,R_75,26535.8468
1778980296,R_75,26540.11
1778980298,R_75,26541.3412
1778980300,R_75,26538.7269
1778980302,R_75,26536.3261
1778980304,R_75,26533.5028
1778980306,R_75,26535.4754
1778980308,R_75,26543.1462
1778980310,R_75,26538.9615
1778980312,R_75,26546.8229
1778980314,R_75,26543.8699
1778980316,R_75,26538.6198
1778980318,R_75,26541.1408
1778980320,R_75,26546.8247
1778980322,R_75,26541.8578
1778980324,R_75,26543.5237
1778980326,R_75,26543.4168
1778980328,R_75,26539.6742
1778980330,R_75,26540.4255
1778980332,R_75,26536.0071
1778980334,R_75,26538.0585
1778980336,R_75,26537.7669
1778980338,R_75,26534.538
1778980340,R_75,26528.1056
1778980342,R_75,26543.4348
1778980344,R_75,26544.6076
1778980346,R_75,26539.0084
1778980348,R_75,26534.3887
1778980350,R_75,26537.4631
1778980352,R_75,26539.1503
1778980354,R_75,26551.9651
1778980356,R_75,26557.3942
1778980358,R_75,26549.6469
1778980360,R_75,26553.9119
1778980362,R_75,26562.7568
1778980364,R_75,26562.1147
1778980366,R_75,26569.5334
1778980368,R_75,26568.4607
1778980370,R_75,26569.5356
1778980372,R_75,26571.9042
1778980374,R_75,26577.4823
1778980376,R_75,26574.739
1778980378,R_75,26573.4977
1778980380,R_75,26572.1056
1778980382,R_75,26577.2628
1778980384,R_75,26578.8169
1778980386,R_75,26570.9974
1778980388,R_75,26580.2434
1778980390,R_75,26577.8056
1778980392,R_75,26571.1889
1778980394,R_75,26572.2119
1778980396,R_75,26572.2067
1778980398,R_75,26576.7861
1778980400,R_75,26580.093
1778980402,R_75,26576.0969
1778980404,R_75,26579.9293
1778980406,R_75,26578.2852
1778980408,R_75,26572.852
1778980410,R_75,26576.3845
1778980412,R_75,26576.1331
1778980414,R_75,26581.1969
1778980416,R_75,26580.1689
1778980418,R_75,26583.9837
1778980420,R_75,26583.7398
1778980422,R_75,26587.6217
1778980424,R_75,26587.0499
1778980426,R_75,26580.7796
1778980428,R_75,26580.3416
1778980430,R_75,26588.7707
1778980432,R_75,26592.0797
1778980434,R_75,26589.9717
1778980436,R_75,26587.0834
1778980438,R_75,26593.477
1778980440,R_75,26587.7607
1778980442,R_75,26582.5856
1778980444,R_75,26580.037
1778980446,R_75,26577.0304
1778980448,R_75,26573.5134
1778980450,R_75,26577.0673
1778980452,R_75,26570.5036
1778980454,R_75,26561.9917
1778980456,R_75,26552.0487
1778980458,R_75,26547.1299
1778980460,R_75,26547.4164
1778980462,R_75,26548.8811
1778980464,R_75,26550.2979
1778980466,R_75,26550.6975
1778980468,R_75,26542.0802
1778980470,R_75,26546.1257
1778980472,R_75,26544.6401
1778980474,R_75,26549.6538
1778980476,R_75,26550.2837
1778980478,R_75,26558.1272
1778980480,R_75,26557.6581
1778980482,R_75,26556.4092
1778980484,R_75,26560.7955
1778980486,R_75,26560.4591
1778980488,R_75,26569.433
1778980490,R_75,26573.8608
1778980492,R_75,26576.6148
1778980494,R_75,26577.0714
1778980496,R_75,26584.1999
1778980498,R_75,26589.5162
1778980500,R_75,26587.3854
1778980502,R_75,26580.7994
1778980504,R_75,26581.1738
1778980506,R_75,26581.8347
1778980508,R_75,26593.5064
1778980510,R_75,26608.1159
1778980512,R_75,26616.8312
1778980514,R_75,26616.8582
1778980516,R_75,26620.0789
1778980518,R_75,26619.2164
1778980520,R_75,26616.1683
1778980522,R_75,26616.7789
1778980524,R_75,26616.6066
1778980526,R_75,26615.7219
1778980528,R_75,26619.6552
1778980530,R_75,26625.1425
1778980532,R_75,26626.0285
1778980534,R_75,26630.097
1778980536,R_75,26637.9123
1778980538,R_75,26637.7634
1778980540,R_75,26628.8773
1778980542,R_75,26614.5101
1778980544,R_75,26617.6208
1778980546,R_75,26617.9493
1778980548,R_75,26616.8573
1778980550,R_75,26616.805
1778980552,R_75,26613.635
1778980554,R_75,26613.1614
1778980556,R_75,26608.7783
1778980558,R_75,26623.627
1778980560,R_75,26621.8946
1778980562,R_75,26618.3598
1778980564,R_75,26618.7653
1778980566,R_75,26617.9752
1778980568,R_75,26621.2195
1778980570,R_75,26615.219
1778980572,R_75,26609.4241
1778980574,R_75,26604.9051
1778980576,R_75,26606.5225
1778980578,R_75,26600.8907
1778980580,R_75,26606.9146
1778980582,R_75,26607.6962
1778980584,R_75,26601.6904
1778980586,R_75,26605.0323
1778980588,R_75,26614.8878
1778980590,R_75,26608.8467
1778980592,R_75,26602.6325
1778980594,R_75,26589.9617
1778980596,R_75,26588.7075
1778980598,R_75,26584.9923
1778980600,R_75,26580.2367
1778980602,R_75,26575.3888
1778980604,R_75,26565.2267
1778980606,R_75,26572.0147
1778980608,R_75,26572.6942
1778980610,R_75,26577.9947
1778980612,R_75,26583.0211
1778980614,R_75,26583.9198
1778980616,R_75,26587.7374
1778980618,R_75,26587.8648
1778980620,R_75,26589.4934
1778980622,R_75,26591.7698
1778980624,R_75,26594.9771
1778980626,R_75,26595.2998
1778980628,R_75,26598.1745
1778980630,R_75,26596.2064
1778980632,R_75,26598.4426
1778980634,R_75,26593.075
1778980636,R_75,26596.6136
1778980638,R_75,26588.3379
1778980640,R_75,26591.0504
1778980642,R_75,26586.7254
1778980644,R_75,26584.1526
1778980646,R_75,26569.052
1778980648,R_75,26567.1997
1778980650,R_75,26565.6514
1778980652,R_75,26565.0591
1778980654,R_75,26570.3397
1778980656,R_75,26574.0673
1778980658,R_75,26560.3914
1778980660,R_75,26565.4631
1778980662,R_75,26565.6187
1778980664,R_75,26560.676
1778980666,R_75,26557.4482
1778980668,R_75,26549.9415
1778980670,R_75,26549.8008
1778980672,R_75,26548.6314
1778980674,R_75,26547.4826
1778980676,R_75,26549.4077
1778980678,R_75,26552.2238
1778980680,R_75,26549.0839
1778980682,R_75,26544.4461
1778980684,R_75,26536.3138
1778980686,R_75,26540.4303
1778980688,R_75,26546.2021
1778980690,R_75,26542.4943
1778980692,R_75,26538.9978
1778980694,R_75,26538.1993
1778980696,R_75,26544.9772
1778980698,R_75,26544.9968
1778980700,R_75,26539.0352
1778980702,R_75,26539.3964
1778980704,R_75,26536.4418
1778980706,R_75,26535.9003
1778980708,R_75,26526.587
1778980710,R_75,26525.4671
1778980712,R_75,26529.5842
1778980714,R_75,26542.282
1778980716,R_75,26539.2155
1778980718,R_75,26540.4802
1778980720,R_75,26537.114
1778980722,R_75,26533.3398
1778980724,R_75,26535.1122
1778980726,R_75,26528.0418
1778980728,R_75,26533.6952
1778980730,R_75,26536.175
1778980732,R_75,26548.0395
1778980734,R_75,26547.7022
1778980736,R_75,26539.8691
1778980738,R_75,26549.3034
1778980740,R_75,26541.494
1778980742,R_75,26532.8591
1778980744,R_75,26531.182
1778980746,R_75,26539.2612
1778980748,R_75,26547.9429
1778980750,R_75,26546.0602
1778980752,R_75,26546.8791
1778980754,R_75,26547.7036
1778980756,R_75,26550.5799
1778980758,R_75,26557.5168
1778980760,R_75,26561.642
1778980762,R_75,26551.9367
1778980764,R_75,26552.4557
1778980766,R_75,26556.2289
1778980768,R_75,26557.027
1778980770,R_75,26562.4262
1778980772,R_75,26566.3284
1778980774,R_75,26565.8672
1778980776,R_75,26566.7643
1778980778,R_75,26563.9566
1778980780,R_75,26559.577
1778980782,R_75,26555.0802
1778980784,R_75,26551.3354
1778980786,R_75,26546.3264
1778980788,R_75,26544.6084
1778980790,R_75,26547.6036
1778980792,R_75,26557.331
1778980794,R_75,26558.1175
1778980796,R_75,26562.6355
1778980798,R_75,26563.1735
1778980800,R_75,26567.9212
1778980802,R_75,26568.3342
1778980804,R_75,26571.0692
1778980806,R_75,26568.9591
1778980808,R_75,26568.8692
1778980810,R_75,26570.1357
1778980812,R_75,26572.712
1778980814,R_75,26574.1841
1778980816,R_75,26569.4236
1778980818,R_75,26562.1184
1778980820,R_75,26555.9
1778980822,R_75,26566.3538
1778980824,R_75,26560.2702
1778980826,R_75,26564.033
1778980828,R_75,26564.4121
1778980830,R_75,26557.2281
1778980832,R_75,26557.2438
1778980834,R_75,26560.1826
1778980836,R_75,26561.5814
1778980838,R_75,26550.0081
1778980840,R_75,26546.7336
1778980842,R_75,26552.718
1778980844,R_75,26549.214
1778980846,R_75,26554.0898
1778980848,R_75,26553.3788
1778980850,R_75,26551.4957
1778980852,R_75,26552.9589
1778980854,R_75,26547.0473
1778980856,R_75,26541.1328
1778980858,R_75,26540.2814
1778980860,R_75,26543.9562
1778980862,R_75,26546.4689
1778980864,R_75,26548.3881
1778980866,R_75,26545.3606
1778980868,R_75,26541.3386
1778980870,R_75,26543.7243
1778980872,R_75,26542.1833
1778980874,R_75,26546.1357
1778980876,R_75,26542.1687
1778980878,R_75,26544.4371
1778980880,R_75,26537.5569
1778980882,R_75,26539.9386
1778980884,R_75,26541.2198
1778980886,R_75,26546.3425
1778980888,R_75,26552.6034
1778980890,R_75,26547.7617
1778980892,R_75,26555.2733
1778980894,R_75,26553.5546
1778980896,R_75,26556.6205
1778980898,R_75,26555.7951
1778980900,R_75,26554.8126
1778980902,R_75,26558.0444
1778980904,R_75,26553.7103
1778980906,R_75,26552.3869
1778980908,R_75,26558.9948
1778980910,R_75,26562.9923
1778980912,R_75,26566.1925
1778980914,R_75,26568.3984
1778980916,R_75,26580.7452
1778980918,R_75,26577.5934
1778980920,R_75,26575.2818
1778980922,R_75,26569.9917
1778980924,R_75,26573.55
1778980926,R_75,26573.14
1778980928,R_75,26571.5212
1778980930,R_75,26563.4996
1778980932,R_75,26560.8368
1778980934,R_75,26563.6509
1778980936,R_75,26567.3447
1778980938,R_75,26561.5003
1778980940,R_75,26559.458
1778980942,R_75,26555.6981
1778980944,R_75,26556.3076
1778980946,R_75,26560.7584
1778980948,R_75,26567.2155
1778980950,R_75,26568.6016
1778980952,R_75,26563.3994
1778980954,R_75,26566.4977
1778980956,R_75,26555.6027
1778980958,R_75,26550.0969
1778980960,R_75,26548.9326
1778980962,R_75,26543.268
1778980964,R_75,26543.8646
1778980966,R_75,26549.0047
1778980968,R_75,26547.5072
1778980970,R_75,26553.6204
1778980972,R_75,26547.1315
1778980974,R_75,26543.3682
1778980976,R_75,26549.3034
1778980978,R_75,26546.7245
1778980980,R_75,26561.1263
1778980982,R_75,26560.6848
1778980984,R_75,26557.054
1778980986,R_75,26563.2439
1778980988,R_75,26572.6865
1778980990,R_75,26569.0228
1778980992,R_75,26568.5915
1778980994,R_75,26569.4614
1778980996,R_75,26560.2673
1778980998,R_75,26566.5047
1778981000,R_75,26566.4903
1778981002,R_75,26561.9238
1778981004,R_75,26564.8896
1778981006,R_75,26563.7186
1778981008,R_75,26568.2273
1778981010,R_75,26573.8363
1778981012,R_75,26571.9113
1778981014,R_75,26576.1931
1778981016,R_75,26567.5543
1778981018,R_75,26562.8408
1778981020,R_75,26567.3271
1778981022,R_75,26559.5002
1778981024,R_75,26564.1067
1778981026,R_75,26564.8736
1778981028,R_75,26571.5496
1778981030,R_75,26567.3236
1778981032,R_75,26564.5414
1778981034,R_75,26574.2546
1778981036,R_75,26581.2257
1778981038,R_75,26577.8016
1778981040,R_75,26564.843
1778981042,R_75,26565.0244
1778981044,R_75,26564.676
1778981046,R_75,26553.937
1778981048,R_75,26563.5106
1778981050,R_75,26567.9374
1778981052,R_75,26559.3221
1778981054,R_75,26555.5571
1778981056,R_75,26550.2437
1778981058,R_75,26550.8446
1778981060,R_75,26546.555
1778981062,R_75,26547.994
1778981064,R_75,26547.5243
1778981066,R_75,26544.5688
1778981068,R_75,26544.7852
1778981070,R_75,26540.6057
1778981072,R_75,26538.0862
1778981074,R_75,26541.163
1778981076,R_75,26535.4079
1778981078,R_75,26534.1135
1778981080,R_75,26538.1457
1778981082,R_75,26544.2972
1778981084,R_75,26549.0993
1778981086,R_75,26546.0511
1778981088,R_75,26542.5892
1778981090,R_75,26543.9392
1778981092,R_75,26536.2253
1778981094,R_75,26534.5733
1778981096,R_75,26533.9448
1778981098,R_75,26530.304
1778981100,R_75,26535.7116
1778981102,R_75,26536.0834
1778981104,R_75,26527.9612
1778981106,R_75,26527.2325
1778981108,R_75,26526.9149
1778981110,R_75,26522.0383
1778981112,R_75,26524.9764
1778981114,R_75,26519.4813
1778981116,R_75,26512.7698
1778981118,R_75,26513.1137
1778981120,R_75,26511.4016
1778981122,R_75,26511.1669
1778981124,R_75,26507.0933
1778981126,R_75,26496.7411
1778981128,R_75,26499.9154
1778981130,R_75,26501.9269
1778981132,R_75,26491.0202
1778981134,R_75,26490.8942
1778981136,R_75,26488.5623
1778981138,R_75,26487.6721
1778981140,R_75,26486.5604
1778981142,R_75,26492.2047
1778981144,R_75,26490.3274
1778981146,R_75,26486.7608
1778981148,R_75,26499.7004
1778981150,R_75,26493.8235
1778981152,R_75,26504.1317
1778981154,R_75,26509.2195
1778981156,R_75,26509.6034
1778981158,R_75,26515.7084
1778981160,R_75,26522.4246
1778981162,R_75,26521.7504
1778981164,R_75,26519.1441
1778981166,R_75,26521.079
1778981168,R_75,26521.4294
1778981170,R_75,26520.8905
1778981172,R_75,26526.2143
1778981174,R_75,26534.4084
1778981176,R_75,26535.1386
1778981178,R_75,26533.3365
1778981180,R_75,26535.6817
1778981182,R_75,26542.6338
1778981184,R_75,26545.221
1778981186,R_75,26544.9976
1778981188,R_75,26545.444
1778981190,R_75,26548.2701
1778981192,R_75,26547.6553
1778981194,R_75,26559.9238
1778981196,R_75,26557.8852
1778981198,R_75,26562.3633
1778981200,R_75,26565.7079
1778981202,R_75,26558.1566
1778981204,R_75,26559.4905
1778981206,R_75,26562.7455
1778981208,R_75,26564.04
1778981210,R_75,26566.3968
1778981212,R_75,26564.1619
1778981214,R_75,26555.4151
1778981216,R_75,26556.359
1778981218,R_75,26550.6002
1778981220,R_75,26534.4221
1778981222,R_75,26543.358
1778981224,R_75,26545.9813
1778981226,R_75,26543.2985
1778981228,R_75,26539.2017
1778981230,R_75,26535.7885
1778981232,R_75,26532.3407
1778981234,R_75,26536.8923
1778981236,R_75,26544.9154
1778981238,R_75,26548.6293
1778981240,R_75,26553.7574
1778981242,R_75,26556.4831
1778981244,R_75,26556.1337
1778981246,R_75,26559.0843
1778981248,R_75,26552.566
1778981250,R_75,26555.8715
1778981252,R_75,26553.2795
1778981254,R_75,26550.9528
1778981256,R_75,26558.1656
1778981258,R_75,26563.7513
1778981260,R_75,26562.0672
1778981262,R_75,26565.8409
1778981264,R_75,26570.22
1778981266,R_75,26567.4838
1778981268,R_75,26564.3032
1778981270,R_75,26563.0114
1778981272,R_75,26564.7468
1778981274,R_75,26562.8659
1778981276,R_75,26576.2868
1778981278,R_75,26575.8996
1778981280,R_75,26578.4725
1778981282,R_75,26586.2886
1778981284,R_75,26587.1249
1778981286,R_75,26584.7032
1778981288,R_75,26582.552
1778981290,R_75,26571.2043
1778981292,R_75,26576.8427
1778981294,R_75,26581.1297
1778981296,R_75,26581.771
1778981298,R_75,26582.5963
1778981300,R_75,26586.5087
1778981302,R_75,26579.9782
1778981304,R_75,26568.8183
1778981306,R_75,26567.7458
1778981308,R_75,26562.0927
1778981310,R_75,26566.2308
1778981312,R_75,26573.1049
1778981314,R_75,26567.0417
1778981316,R_75,26568.4203
1778981318,R_75,26563.1586
1778981320,R_75,26568.4097
1778981322,R_75,26576.2471
1778981324,R_75,26577.4634
1778981326,R_75,26570.8031
1778981328,R_75,26575.0098
1778981330,R_75,26568.1775
1778981332,R_75,26564.6049
1778981334,R_75,26563.5732
1778981336,R_75,26561.4349
1778981338,R_75,26569.8229
1778981340,R_75,26573.0048
1778981342,R_75,26572.5201
1778981344,R_75,26577.9053
1778981346,R_75,26579.1621
1778981348,R_75,26584.8651
1778981350,R_75,26577.0405
1778981352,R_75,26573.9978
1778981354,R_75,26570.8225
1778981356,R_75,26563.5324
1778981358,R_75,26561.6287
1778981360,R_75,26556.8535
1778981362,R_75,26552.0214
1778981364,R_75,26555.0381
1778981366,R_75,26555.8158
1778981368,R_75,26560.7043
1778981370,R_75,26569.7109
1778981372,R_75,26576.2876
1778981374,R_75,26567.9857
1778981376,R_75,26568.2094
1778981378,R_75,26567.3501
1778981380,R_75,26573.9647
1778981382,R_75,26578.8387
1778981384,R_75,26580.087
1778981386,R_75,26575.914
1778981388,R_75,26581.7225
1778981390,R_75,26572.8775
1778981392,R_75,26578.8534
1778981394,R_75,26576.6571
1778981396,R_75,26579.7237
1778981398,R_75,26587.0605
1778981400,R_75,26590.7433
1778981402,R_75,26594.207
1778981404,R_75,26593.3239
1778981406,R_75,26597.775
1778981408,R_75,26600.0932
1778981410,R_75,26597.3105
1778981412,R_75,26596.6321
1778981414,R_75,26597.3101
1778981416,R_75,26591.7379
1778981418,R_75,26593.5844
1778981420,R_75,26592.6996
1778981422,R_75,26590.1913
1778981424,R_75,26589.7501
1778981426,R_75,26583.8686
1778981428,R_75,26587.0437
1778981430,R_75,26579.4744
1778981432,R_75,26584.5333
1778981434,R_75,26588.27
1778981436,R_75,26585.551
1778981438,R_75,26591.7073
1778981440,R_75,26584.3036
1778981442,R_75,26587.5011
1778981444,R_75,26594.7177
1778981446,R_75,26592.9844
1778981448,R_75,26598.834
1778981450,R_75,26595.874
1778981452,R_75,26597.7432
1778981454,R_75,26606.8085
1778981456,R_75,26607.444
1778981458,R_75,26604.3654
1778981460,R_75,26598.0431
1778981462,R_75,26600.5246
1778981464,R_75,26601.8446
1778981466,R_75,26596.5241
1778981468,R_75,26603.8496
1778981470,R_75,26599.073
1778981472,R_75,26590.3877
1778981474,R_75,26582.3583
1778981476,R_75,26580.5384
1778981478,R_75,26580.5131
1778981480,R_75,26589.9387
1778981482,R_75,26586.0382
1778981484,R_75,26580.8196
1778981486,R_75,26583.9219
1778981488,R_75,26584.4668
1778981490,R_75,26582.6961
1778981492,R_75,26578.0493
1778981494,R_75,26580.811
1778981496,R_75,26581.2003
1778981498,R_75,26585.4168
1778981500,R_75,26587.0897
1778981502,R_75,26591.5184
1778981504,R_75,26589.2632
1778981506,R_75,26583.9596
1778981508,R_75,26586.9053
1778981510,R_75,26593.9337
1778981512,R_75,26599.2659
1778981514,R_75,26599.3126
1778981516,R_75,26601.2066
1778981518,R_75,26603.5161
1778981520,R_75,26606.1182
1778981522,R_75,26593.174
1778981524,R_75,26595.6698
1778981526,R_75,26592.7365
1778981528,R_75,26596.1387
1778981530,R_75,26603.5905
1778981532,R_75,26607.8805
1778981534,R_75,26612.0768
1778981536,R_75,26618.1866
1778981538,R_75,26621.6572
1778981540,R_75,26617.4688
1778981542,R_75,26613.7955
1778981544,R_75,26614.6811
1778981546,R_75,26607.6587
1778981548,R_75,26605.9701
1778981550,R_75,26609.8158
1778981552,R_75,26607.409
1778981554,R_75,26616.4447
1778981556,R_75,26611.3507
1778981558,R_75,26609.7529
1778981560,R_75,26617.7307
1778981562,R_75,26620.6104
1778981564,R_75,26621.0874
1778981566,R_75,26619.8851
1778981568,R_75,26622.1416
1778981570,R_75,26626.7532
1778981572,R_75,26617.7659
1778981574,R_75,26616.3701
1778981576,R_75,26609.1776
1778981578,R_75,26609.9505
1778981580,R_75,26607.774
1778981582,R_75,26617.5295
1778981584,R_75,26614.6898
1778981586,R_75,26621.9147
1778981588,R_75,26618.5228
1778981590,R_75,26619.6958
1778981592,R_75,26615.1028
1778981594,R_75,26626.2436
1778981596,R_75,26626.7615
1778981598,R_75,26624.4217
1778981600,R_75,26618.033
1778981602,R_75,26618.6796
1778981604,R_75,26623.3368
1778981606,R_75,26625.7166
1778981608,R_75,26619.2326
1778981610,R_75,26623.9964
1778981612,R_75,26625.933
1778981614,R_75,26623.3785
1778981616,R_75,26626.9659
1778981618,R_75,26625.1196
1778981620,R_75,26633.0357
1778981622,R_75,26633.9714
1778981624,R_75,26628.3699
1778981626,R_75,26631.7345
1778981628,R_75,26633.7628
1778981630,R_75,26636.1944
1778981632,R_75,26640.9224
1778981634,R_75,26644.6824
1778981636,R_75,26638.3598
1778981638,R_75,26634.274
1778981640,R_75,26633.7647
1778981642,R_75,26632.2918
1778981644,R_75,26633.3494
1778981646,R_75,26627.1748
1778981648,R_75,26624.1613
1778981650,R_75,26626.1747
1778981652,R_75,26620.138
1778981654,R_75,26627.1013
1778981656,R_75,26621.3462
1778981658,R_75,26623.9201
1778981660,R_75,26628.4348
1778981662,R_75,26634.5475
1778981664,R_75,26623.5694
1778981666,R_75,26625.6591
1778981668,R_75,26620.8774
1778981670,R_75,26614.9753
1778981672,R_75,26616.7465
1778981674,R_75,26621.6043
1778981676,R_75,26622.3622
1778981678,R_75,26617.2293
1778981680,R_75,26613.1421
1778981682,R_75,26618.3668
1778981684,R_75,26618.9443
1778981686,R_75,26612.9953
1778981688,R_75,26613.4242
1778981690,R_75,26603.9886
1778981692,R_75,26610.1295
1778981694,R_75,26606.8864
1778981696,R_75,26610.5085
1778981698,R_75,26610.8927
1778981700,R_75,26620.1788
1778981702,R_75,26616.2137
1778981704,R_75,26613.6091
1778981706,R_75,26615.6253
1778981708,R_75,26620.6974
1778981710,R_75,26623.7952
1778981712,R_75,26624.4718
1778981714,R_75,26617.814
1778981716,R_75,26613.2734
1778981718,R_75,26625.6717
1778981720,R_75,26627.8301
1778981722,R_75,26627.1712
1778981724,R_75,26623.3559
1778981726,R_75,26624.8574
1778981728,R_75,26624.2377
1778981730,R_75,26635.5959
1778981732,R_75,26636.0094
1778981734,R_75,26632.4077
1778981736,R_75,26627.8473
1778981738,R_75,26623.9467
1778981740,R_75,26623.0551
1778981742,R_75,26628.309
1778981744,R_75,26631.5392
1778981746,R_75,26620.894
1778981748,R_75,26615.1265
1778981750,R_75,26619.8358
1778981752,R_75,26622.9542
1778981754,R_75,26628.0321
1778981756,R_75,26628.5228
1778981758,R_75,26614.5163
1778981760,R_75,26618.521
1778981762,R_75,26627.1022
1778981764,R_75,26630.0441
1778981766,R_75,26637.4408
1778981768,R_75,26646.79
1778981770,R_75,26647.9402
1778981772,R_75,26640.3154
1778981774,R_75,26644.2221
1778981776,R_75,26643.6497
1778981778,R_75,26650.415
1778981780,R_75,26645.8485
1778981782,R_75,26640.8174
1778981784,R_75,26649.4864
1778981786,R_75,26657.5322
1778981788,R_75,26648.9788
1778981790,R_75,26644.4222
1778981792,R_75,26644.9394
1778981794,R_75,26641.6973
1778981796,R_75,26647.1936
1778981798,R_75,26649.526
1778981800,R_75,26648.1896
1778981802,R_75,26640.0302
1778981804,R_75,26645.2397
1778981806,R_75,26645.2708
1778981808,R_75,26647.5459
1778981810,R_75,26641.3567
1778981812,R_75,26639.7415
1778981814,R_75,26641.1648
1778981816,R_75,26642.243
1778981818,R_75,26644.89
1778981820,R_75,26645.5345
1778981822,R_75,26645.9399
1778981824,R_75,26657.1972
1778981826,R_75,26657.8087
1778981828,R_75,26653.8032
1778981830,R_75,26655.955
1778981832,R_75,26666.6125
1778981834,R_75,26667.9129
1778981836,R_75,26664.1964
1778981838,R_75,26668.4901
1778981840,R_75,26671.5874
1778981842,R_75,26670.7779
1778981844,R_75,26673.6811
1778981846,R_75,26675.6552
1778981848,R_75,26669.7069
1778981850,R_75,26677.8954
1778981852,R_75,26675.0077
1778981854,R_75,26667.0621
1778981856,R_75,26666.7673
1778981858,R_75,26666.4885
1778981860,R_75,26677.0638
1778981862,R_75,26673.8971
1778981864,R_75,26671.7709
1778981866,R_75,26672.0203
1778981868,R_75,26664.9712
1778981870,R_75,26669.441
1778981872,R_75,26670.9935
1778981874,R_75,26668.7413
1778981876,R_75,26668.7823
1778981878,R_75,26674.354
1778981880,R_75,26677.0987
1778981882,R_75,26683.7756
1778981884,R_75,26681.8011
1778981886,R_75,26677.7409
1778981888,R_75,26675.4839
1778981890,R_75,26676.4495
1778981892,R_75,26677.2367
1778981894,R_75,26678.3567
1778981896,R_75,26673.6024
1778981898,R_75,26671.5667
1778981900,R_75,26671.199
1778981902,R_75,26672.8811
1778981904,R_75,26670.8243
1778981906,R_75,26668.1457
1778981908,R_75,26669.1431
1778981910,R_75,26673.7124
1778981912,R_75,26672.1794
1778981914,R_75,26668.9959
1778981916,R_75,26672.0144
1778981918,R_75,26671.6073
1778981920,R_75,26673.4647
1778981922,R_75,26675.0225
1778981924,R_75,26673.0019
1778981926,R_75,26677.5508
1778981928,R_75,26676.5897
1778981930,R_75,26676.4381
1778981932,R_75,26680.0126
1778981934,R_75,26680.9957
1778981936,R_75,26695.9877
1778981938,R_75,26693.2021
1778981940,R_75,26689.4942
1778981942,R_75,26685.9343
1778981944,R_75,26691.4338
1778981946,R_75,26690.7563
1778981948,R_75,26693.8376
1778981950,R_75,26698.2901
1778981952,R_75,26703.7168
1778981954,R_75,26709.3597
1778981956,R_75,26710.4152
1778981958,R_75,26709.5587
1778981960,R_75,26707.8788
1778981962,R_75,26706.1654
1778981964,R_75,26716.1954
1778981966,R_75,26715.5139
1778981968,R_75,26711.7045
1778981970,R_75,26713.213
1778981972,R_75,26712.4198
1778981974,R_75,26716.7535
1778981976,R_75,26711.5473
1778981978,R_75,26706.511
1778981980,R_75,26704.7611
1778981982,R_75,26691.3783
1778981984,R_75,26694.1267
1778981986,R_75,26696.956
1778981988,R_75,26692.5803
1778981990,R_75,26696.8651
1778981992,R_75,26706.5137
1778981994,R_75,26714.5132
1778981996,R_75,26718.1183
1778981998,R_75,26709.8617
1778982000,R_75,26715.4241
1778982002,R_75,26715.3957
1778982004,R_75,26720.0274
1778982006,R_75,26719.171
1778982008,R_75,26711.9679
1778982010,R_75,26709.4364
1778982012,R_75,26705.6223
1778982014,R_75,26711.9998
1778982016,R_75,26708.275
1778982018,R_75,26699.8781
1778982020,R_75,26701.8293
1778982022,R_75,26704.0358
1778982024,R_75,26705.5786
1778982026,R_75,26704.0187
1778982028,R_75,26710.9981
1778982030,R_75,26712.6871
1778982032,R_75,26714.8083
1778982034,R_75,26714.3017
1778982036,R_75,26715.0674
1778982038,R_75,26723.4476
1778982040,R_75,26730.6184
1778982042,R_75,26727.5536
1778982044,R_75,26718.6546
1778982046,R_75,26713.5298
1778982048,R_75,26713.9323
1778982050,R_75,26716.2187
1778982052,R_75,26718.5805
1778982054,R_75,26714.5027
1778982056,R_75,26713.7959
1778982058,R_75,26717.3277
1778982060,R_75,26718.4234
1778982062,R_75,26714.368
1778982064,R_75,26703.923
1778982066,R_75,26697.1995
1778982068,R_75,26705.4154
1778982070,R_75,26700.4822
1778982072,R_75,26708.1278
1778982074,R_75,26708.0406
1778982076,R_75,26707.3137
1778982078,R_75,26711.4335
1778982080,R_75,26711.2419
1778982082,R_75,26706.7132
1778982084,R_75,26700.1523
1778982086,R_75,26701.4827
1778982088,R_75,26703.6172
1778982090,R_75,26694.7302
1778982092,R_75,26691.2023
1778982094,R_75,26695.5865
1778982096,R_75,26695.9894
1778982098,R_75,26701.4508
1778982100,R_75,26701.7365
1778982102,R_75,26707.6117
1778982104,R_75,26707.5899
1778982106,R_75,26705.8277
1778982108,R_75,26700.3867
1778982110,R_75,26701.8065
1778982112,R_75,26701.29
1778982114,R_75,26706.523
1778982116,R_75,26714.8632
1778982118,R_75,26711.9506
1778982120,R_75,26705.4459
1778982122,R_75,26709.2653
1778982124,R_75,26709.3513
1778982126,R_75,26723.856
1778982128,R_75,26720.0976
1778982130,R_75,26719.0865
1778982132,R_75,26715.2558
1778982134,R_75,26716.6709
1778982136,R_75,26711.6256
1778982138,R_75,26714.5408
1778982140,R_75,26717.3668
1778982142,R_75,26712.8527
1778982144,R_75,26713.7686
1778982146,R_75,26718.305
1778982148,R_75,26720.0027
1778982150,R_75,26718.9216
1778982152,R_75,26724.3962
1778982154,R_75,26715.8833
1778982156,R_75,26717.5292
1778982158,R_75,26722.1698
1778982160,R_75,26723.8273
1778982162,R_75,26725.3472
1778982164,R_75,26721.8182
1778982166,R_75,26727.4079
1778982168,R_75,26719.2921
1778982170,R_75,26719.78
1778982172,R_75,26721.0021
1778982174,R_75,26713.4221
1778982176,R_75,26716.4828
1778982178,R_75,26714.7941
1778982180,R_75,26721.7479
1778982182,R_75,26723.598
1778982184,R_75,26721.4478
1778982186,R_75,26717.3643
1778982188,R_75,26711.4092
1778982190,R_75,26712.6629
1778982192,R_75,26704.9253
1778982194,R_75,26707.0479
1778982196,R_75,26704.6267
1778982198,R_75,26704.1048
1778982200,R_75,26705.1411
1778982202,R_75,26715.74
1778982204,R_75,26718.4392
1778982206,R_75,26723.3435
1778982208,R_75,26716.9044
1778982210,R_75,26711.4991
1778982212,R_75,26709.615
1778982214,R_75,26704.0944
1778982216,R_75,26709.5264
1778982218,R_75,26705.488
1778982220,R_75,26704.3876
1778982222,R_75,26709.2146
1778982224,R_75,26707.5518
1778982226,R_75,26710.5801
1778982228,R_75,26715.3626
1778982230,R_75,26719.5564
1778982232,R_75,26718.7449
1778982234,R_75,26727.3904
1778982236,R_75,26731.8696
1778982238,R_75,26734.7915
1778982240,R_75,26739.1484
1778982242,R_75,26745.5752
1778982244,R_75,26741.8627
1778982246,R_75,26736.7987
1778982248,R_75,26739.0075
1778982250,R_75,26732.279
1778982252,R_75,26734.4125
1778982254,R_75,26735.3
1778982256,R_75,26735.0023
1778982258,R_75,26732.197
1778982260,R_75,26738.4541
1778982262,R_75,26744.851
1778982264,R_75,26743.9573
1778982266,R_75,26744.1137
1778982268,R_75,26734.5517
1778982270,R_75,26731.403
1778982272,R_75,26729.0006
1778982274,R_75,26735.3664
1778982276,R_75,26735.3665
1778982278,R_75,26730.5893
1778982280,R_75,26727.5917
1778982282,R_75,26725.8472
1778982284,R_75,26720.7497
1778982286,R_75,26725.7554
1778982288,R_75,26721.9007
1778982290,R_75,26721.9791
1778982292,R_75,26729.8427
1778982294,R_75,26737.8834
1778982296,R_75,26740.5511
1778982298,R_75,26747.193
1778982300,R_75,26747.5404
1778982302,R_75,26738.2736
1778982304,R_75,26729.1482
1778982306,R_75,26723.4106
1778982308,R_75,26728.2093
1778982310,R_75,26717.8488
1778982312,R_75,26721.9331
1778982314,R_75,26714.572
1778982316,R_75,26713.7984
1778982318,R_75,26708.4838
1778982320,R_75,26712.317
1778982322,R_75,26708.2576
1778982324,R_75,26711.742
1778982326,R_75,26705.033
1778982328,R_75,26710.6019
1778982330,R_75,26709.6578
1778982332,R_75,26704.7295
1778982334,R_75,26709.2055
1778982336,R_75,26707.6457
1778982338,R_75,26705.7908
1778982340,R_75,26699.0249
1778982342,R_75,26692.7794
1778982344,R_75,26696.9018
1778982346,R_75,26693.7416
1778982348,R_75,26686.2253
1778982350,R_75,26684.3924
1778982352,R_75,26689.2346
1778982354,R_75,26695.326
1778982356,R_75,26698.7471
1778982358,R_75,26702.195
1778982360,R_75,26712.6715
1778982362,R_75,26712.6426
1778982364,R_75,26710.8298
1778982366,R_75,26710.123
1778982368,R_75,26706.6689
1778982370,R_75,26697.3256
1778982372,R_75,26695.5795
1778982374,R_75,26689.6147
1778982376,R_75,26687.4189
1778982378,R_75,26674.9206
1778982380,R_75,26680.3948
1778982382,R_75,26685.2195
1778982384,R_75,26689.5379
1778982386,R_75,26692.0889
1778982388,R_75,26694.0178
1778982390,R_75,26703.6693
1778982392,R_75,26709.0269
1778982394,R_75,26705.9771
1778982396,R_75,26706.1876
1778982398,R_75,26704.3105
1778982400,R_75,26711.7593
1778982402,R_75,26711.4921
1778982404,R_75,26711.4732
1778982406,R_75,26721.5512
1778982408,R_75,26721.3248
1778982410,R_75,26718.4427
1778982412,R_75,26724.0069
1778982414,R_75,26719.9636
1778982416,R_75,26713.1443
1778982418,R_75,26710.4889
1778982420,R_75,26711.043
1778982422,R_75,26708.3349
1778982424,R_75,26707.1266
1778982426,R_75,26706.2467
1778982428,R_75,26709.8444
1778982430,R_75,26710.7419
1778982432,R_75,26706.7946
1778982434,R_75,26709.5236
1778982436,R_75,26702.9937
1778982438,R_75,26710.9681
1778982440,R_75,26715.1614
1778982442,R_75,26714.3513
1778982444,R_75,26712.457
1778982446,R_75,26709.3643
1778982448,R_75,26703.8871
1778982450,R_75,26696.0911
1778982452,R_75,26686.9268
1778982454,R_75,26685.3116
1778982456,R_75,26685.7102
1778982458,R_75,26689.6251
1778982460,R_75,26691.1378
1778982462,R_75,26692.3442
1778982464,R_75,26696.3488
1778982466,R_75,26700.6259
1778982468,R_75,26700.8419
1778982470,R_75,26703.7648
1778982472,R_75,26697.3395
1778982474,R_75,26702.2426
1778982476,R_75,26698.6482
1778982478,R_75,26700.3487
1778982480,R_75,26703.2684
1778982482,R_75,26700.028
1778982484,R_75,26701.989
1778982486,R_75,26697.2682
1778982488,R_75,26698.2417
1778982490,R_75,26688.5869
1778982492,R_75,26695.8299
1778982494,R_75,26693.7329
1778982496,R_75,26693.3739
1778982498,R_75,26697.4755
1778982500,R_75,26701.1441
1778982502,R_75,26708.1342
1778982504,R_75,26708.9633
1778982506,R_75,26710.0418
1778982508,R_75,26710.0809
1778982510,R_75,26706.1151
1778982512,R_75,26707.2569
1778982514,R_75,26712.0678
1778982516,R_75,26713.0619
1778982518,R_75,26712.7637
1778982520,R_75,26701.0377
1778982522,R_75,26695.1283
1778982524,R_75,26698.2951
1778982526,R_75,26704.4576
1778982528,R_75,26697.6593
1778982530,R_75,26706.3361
1778982532,R_75,26707.1742
1778982534,R_75,26700.2616
1778982536,R_75,26702.695
1778982538,R_75,26701.1036
1778982540,R_75,26710.1263
1778982542,R_75,26707.8447
1778982544,R_75,26706.7357
1778982546,R_75,26704.2398
1778982548,R_75,26704.8318
1778982550,R_75,26704.9285
1778982552,R_75,26705.534
1778982554,R_75,26704.359
1778982556,R_75,26709.3307
1778982558,R_75,26716.3049
1778982560,R_75,26717.8819
1778982562,R_75,26707.1925
1778982564,R_75,26702.3589
1778982566,R_75,26707.7609
1778982568,R_75,26706.8969
1778982570,R_75,26709.901
1778982572,R_75,26719.4387
1778982574,R_75,26723.1342
1778982576,R_75,26722.0665
1778982578,R_75,26714.6916
1778982580,R_75,26716.5679
1778982582,R_75,26710.5924
1778982584,R_75,26706.9773
1778982586,R_75,26707.2111
1778982588,R_75,26713.4655
1778982590,R_75,26716.8163
1778982592,R_75,26715.7718
1778982594,R_75,26721.8416
1778982596,R_75,26725.6324
1778982598,R_75,26726.3889
1778982600,R_75,26723.0103
1778982602,R_75,26718.6551
1778982604,R_75,26718.0781
1778982606,R_75,26714.8775
1778982608,R_75,26710.9784
1778982610,R_75,26717.7393
1778982612,R_75,26718.2662
1778982614,R_75,26726.5039
1778982616,R_75,26730.6574
1778982618,R_75,26733.237
1778982620,R_75,26737.9828
1778982622,R_75,26726.7398
1778982624,R_75,26717.9294
1778982626,R_75,26712.5242
1778982628,R_75,26709.4059
1778982630,R_75,26705.4804
1778982632,R_75,26695.3702
1778982634,R_75,26685.8299
1778982636,R_75,26688.5791
1778982638,R_75,26687.6823
1778982640,R_75,26684.5251
1778982642,R_75,26676.1734
1778982644,R_75,26671.8086
1778982646,R_75,26666.4606
1778982648,R_75,26672.491
1778982650,R_75,26672.0027
1778982652,R_75,26677.5302
1778982654,R_75,26673.9717
1778982656,R_75,26666.9304
1778982658,R_75,26670.6588
1778982660,R_75,26669.0429
1778982662,R_75,26662.9179
1778982664,R_75,26659.273
1778982666,R_75,26650.648
1778982668,R_75,26660.5765
1778982670,R_75,26655.8636
1778982672,R_75,26656.2347
1778982674,R_75,26659.1086
1778982676,R_75,26655.0897
1778982678,R_75,26651.1468
1778982680,R_75,26647.4273
1778982682,R_75,26643.3504
1778982684,R_75,26640.1069
1778982686,R_75,26644.2273
1778982688,R_75,26651.0312
1778982690,R_75,26654.0754
1778982692,R_75,26653.7913
1778982694,R_75,26655.4213
1778982696,R_75,26642.2971
1778982698,R_75,26642.9384
1778982700,R_75,26641.5767
1778982702,R_75,26639.5461
1778982704,R_75,26641.3669
1778982706,R_75,26634.1731
1778982708,R_75,26635.0149
1778982710,R_75,26645.8875
1778982712,R_75,26648.0388
1778982714,R_75,26644.3554
1778982716,R_75,26640.7252
1778982718,R_75,26642.8148
1778982720,R_75,26643.0665
1778982722,R_75,26644.4708
1778982724,R_75,26650.7224
1778982726,R_75,26652.6662
1778982728,R_75,26650.8711
1778982730,R_75,26647.5057
1778982732,R_75,26643.8578
1778982734,R_75,26643.6621
1778982736,R_75,26648.4962
1778982738,R_75,26644.3297
1778982740,R_75,26638.9471
1778982742,R_75,26635.5059
1778982744,R_75,26636.8889
1778982746,R_75,26641.3851
1778982748,R_75,26639.7943
1778982750,R_75,26636.3348
1778982752,R_75,26639.7724
1778982754,R_75,26639.2478
1778982756,R_75,26634.44
1778982758,R_75,26631.7077
1778982760,R_75,26639.5317
1778982762,R_75,26635.4626
1778982764,R_75,26642.2621
1778982766,R_75,26624.8579
1778982768,R_75,26628.8215
1778982770,R_75,26625.826
1778982772,R_75,26630.042
1778982774,R_75,26639.8708
1778982776,R_75,26642.1668
1778982778,R_75,26642.6507
1778982780,R_75,26639.3928
1778982782,R_75,26632.6128
1778982784,R_75,26632.6633
1778982786,R_75,26630.0439
1778982788,R_75,26629.1401
1778982790,R_75,26626.0953
1778982792,R_75,26622.6005
1778982794,R_75,26617.2355
1778982796,R_75,26618.2364
1778982798,R_75,26611.5442
1778982800,R_75,26606.998
1778982802,R_75,26608.2977
1778982804,R_75,26609.1981
1778982806,R_75,26610.6775
1778982808,R_75,26607.2923
1778982810,R_75,26605.6055
1778982812,R_75,26604.8215
1778982814,R_75,26598.2053
1778982816,R_75,26595.9172
1778982818,R_75,26589.1306
1778982820,R_75,26597.5797
1778982822,R_75,26594.5227
1778982824,R_75,26595.5965
1778982826,R_75,26601.0511
1778982828,R_75,26603.6942
1778982830,R_75,26611.7128
1778982832,R_75,26610.9384
1778982834,R_75,26607.481
1778982836,R_75,26610.4283
1778982838,R_75,26601.2557
1778982840,R_75,26606.7203
1778982842,R_75,26603.2756
1778982844,R_75,26603.8848
1778982846,R_75,26608.7656
1778982848,R_75,26601.6671
1778982850,R_75,26596.7855
1778982852,R_75,26589.7971
1778982854,R_75,26580.8148
1778982856,R_75,26584.7395
1778982858,R_75,26589.4554
1778982860,R_75,26595.6454
1778982862,R_75,26598.6363
1778982864,R_75,26602.4956
1778982866,R_75,26604.6713
1778982868,R_75,26604.8443
1778982870,R_75,26599.5609
1778982872,R_75,26602.5757
1778982874,R_75,26611.6206
1778982876,R_75,26618.5654
1778982878,R_75,26611.5649
1778982880,R_75,26615.4028
1778982882,R_75,26613.2277
1778982884,R_75,26608.2629
1778982886,R_75,26607.5869
1778982888,R_75,26598.9631
1778982890,R_75,26597.653
1778982892,R_75,26603.4298
1778982894,R_75,26598.9622
1778982896,R_75,26595.4319
1778982898,R_75,26588.1589
1778982900,R_75,26581.9453
1778982902,R_75,26582.5932
1778982904,R_75,26586.9807
1778982906,R_75,26590.5369
1778982908,R_75,26588.5325
1778982910,R_75,26583.115
1778982912,R_75,26580.6255
1778982914,R_75,26580.8634
1778982916,R_75,26582.3636
1778982918,R_75,26586.0433
1778982920,R_75,26585.3282
1778982922,R_75,26587.4156
1778982924,R_75,26587.9075
1778982926,R_75,26580.2302
1778982928,R_75,26579.8816
1778982930,R_75,26583.662
1778982932,R_75,26582.8816
1778982934,R_75,26580.1811
1778982936,R_75,26577.3981
1778982938,R_75,26576.1183
1778982940,R_75,26577.2561
1778982942,R_75,26576.7718
1778982944,R_75,26575.2395
1778982946,R_75,26581.3345
1778982948,R_75,26577.5421
1778982950,R_75,26585.2172
1778982952,R_75,26580.5435
1778982954,R_75,26576.0788
1778982956,R_75,26575.5698
1778982958,R_75,26568.6218
1778982960,R_75,26561.5337
1778982962,R_75,26555.1523
1778982964,R_75,26563.3705
1778982966,R_75,26566.8662
1778982968,R_75,26572.1291
1778982970,R_75,26570.7052
1778982972,R_75,26564.8293
1778982974,R_75,26569.2418
1778982976,R_75,26574.0076
1778982978,R_75,26574.7161
1778982980,R_75,26568.7494
1778982982,R_75,26574.2254
1778982984,R_75,26577.1376
1778982986,R_75,26570.2643
1778982988,R_75,26570.7249
1778982990,R_75,26566.0012
1778982992,R_75,26568.133
1778982994,R_75,26570.4781
1778982996,R_75,26564.2143
1778982998,R_75,26564.7659
1778983000,R_75,26564.0896
1778983002,R_75,26568.7478
1778983004,R_75,26574.6078
1778983006,R_75,26578.8209
1778983008,R_75,26576.7448
1778983010,R_75,26576.4676
1778983012,R_75,26583.1447
1778983014,R_75,26579.7261
1778983016,R_75,26585.5315
1778983018,R_75,26578.4536
1778983020,R_75,26587.5549
1778983022,R_75,26593.3472
1778983024,R_75,26599.2385
1778983026,R_75,26599.1511
1778983028,R_75,26610.4341
1778983030,R_75,26609.0358
1778983032,R_75,26618.7905
1778983034,R_75,26627.9054
1778983036,R_75,26624.0416
1778983038,R_75,26613.4434
1778983040,R_75,26610.9217
1778983042,R_75,26609.8093
1778983044,R_75,26611.1542
1778983046,R_75,26612.8362
1778983048,R_75,26616.7243
1778983050,R_75,26615.0211
1778983052,R_75,26607.8275
1778983054,R_75,26604.8956
1778983056,R_75,26598.6459
1778983058,R_75,26595.5436
1778983060,R_75,26600.8121
1778983062,R_75,26603.3124
1778983064,R_75,26599.9746
1778983066,R_75,26600.9201
1778983068,R_75,26596.3814
1778983070,R_75,26591.5282
1778983072,R_75,26582.1445
1778983074,R_75,26582.5657
1778983076,R_75,26583.7347
1778983078,R_75,26575.7731
1778983080,R_75,26579.199
1778983082,R_75,26585.3642
1778983084,R_75,26587.264
1778983086,R_75,26578.9079
1778983088,R_75,26581.2753
1778983090,R_75,26587.5348
1778983092,R_75,26584.5235
1778983094,R_75,26582.5367
1778983096,R_75,26576.0661
1778983098,R_75,26576.3919
1778983100,R_75,26574.312
1778983102,R_75,26573.8768
1778983104,R_75,26577.0754
1778983106,R_75,26583.5863
1778983108,R_75,26579.8134
1778983110,R_75,26583.556
1778983112,R_75,26582.8539
1778983114,R_75,26579.6743
1778983116,R_75,26579.042
1778983118,R_75,26572.6487
1778983120,R_75,26579.3343
1778983122,R_75,26581.6318
1778983124,R_75,26575.6636
1778983126,R_75,26580.9954
1778983128,R_75,26574.0327
1778983130,R_75,26579.6508
1778983132,R_75,26572.1455
1778983134,R_75,26576.9176
1778983136,R_75,26580.2265
1778983138,R_75,26580.0239
1778983140,R_75,26580.3643
1778983142,R_75,26581.9602
1778983144,R_75,26581.7861
1778983146,R_75,26581.0657
1778983148,R_75,26576.2264
1778983150,R_75,26576.3044
1778983152,R_75,26578.6117
1778983154,R_75,26582.4429
1778983156,R_75,26586.3885
1778983158,R_75,26589.5837
1778983160,R_75,26590.7785
1778983162,R_75,26599.9505
1778983164,R_75,26610.1912
1778983166,R_75,26603.9716
1778983168,R_75,26601.1945
1778983170,R_75,26601.3253
1778983172,R_75,26601.5597
1778983174,R_75,26601.9525
1778983176,R_75,26595.992
1778983178,R_75,26597.0614
1778983180,R_75,26601.6973
1778983182,R_75,26595.2535
1778983184,R_75,26588.9291
1778983186,R_75,26586.7751
1778983188,R_75,26581.794
1778983190,R_75,26580.8559
1778983192,R_75,26583.9942
1778983194,R_75,26585.2894
1778983196,R_75,26589.6038
1778983198,R_75,26587.8503
1778983200,R_75,26594.0722
1778983202,R_75,26595.6927
1778983204,R_75,26592.7335
1778983206,R_75,26600.3664
1778983208,R_75,26606.4235
1778983210,R_75,26612.553
1778983212,R_75,26620.3598
1778983214,R_75,26621.3182
1778983216,R_75,26621.1189
1778983218,R_75,26622.9525
1778983220,R_75,26622.2366
1778983222,R_75,26621.7739
1778983224,R_75,26628.1354
1778983226,R_75,26636.7881
1778983228,R_75,26636.4438
1778983230,R_75,26648.3411
1778983232,R_75,26644.6583
1778983234,R_75,26644.3564
1778983236,R_75,26648.2728
1778983238,R_75,26658.8126
1778983240,R_75,26659.9812
1778983242,R_75,26652.0474
1778983244,R_75,26646.7751
1778983246,R_75,26651.8116
1778983248,R_75,26640.0866
1778983250,R_75,26640.3817
1778983252,R_75,26640.5652
1778983254,R_75,26643.4143
1778983256,R_75,26644.045
1778983258,R_75,26642.4398
1778983260,R_75,26643.1891
1778983262,R_75,26649.9983
1778983264,R_75,26651.2778
1778983266,R_75,26647.8992
1778983268,R_75,26643.3165
1778983270,R_75,26650.8812
1778983272,R_75,26644.4139
1778983274,R_75,26636.256
1778983276,R_75,26640.7297
1778983278,R_75,26644.4696
1778983280,R_75,26635.8637
1778983282,R_75,26636.7755
1778983284,R_75,26641.1955
1778983286,R_75,26640.9581
1778983288,R_75,26634.9155
1778983290,R_75,26642.2384
1778983292,R_75,26643.6949
1778983294,R_75,26646.8139
1778983296,R_75,26648.3532
1778983298,R_75,26648.329
1778983300,R_75,26648.398
1778983302,R_75,26641.67
1778983304,R_75,26637.6073
1778983306,R_75,26637.3906
1778983308,R_75,26638.29
1778983310,R_75,26642.2265
1778983312,R_75,26644.4695
1778983314,R_75,26642.6357
1778983316,R_75,26652.2204
1778983318,R_75,26647.8041
1778983320,R_75,26651.0273
1778983322,R_75,26649.74
1778983324,R_75,26645.2187
1778983326,R_75,26640.796
1778983328,R_75,26645.6708
1778983330,R_75,26636.9813
1778983332,R_75,26633.2113
1778983334,R_75,26630.5411
1778983336,R_75,26638.8047
1778983338,R_75,26645.7237
1778983340,R_75,26642.1811
1778983342,R_75,26646.1674
1778983344,R_75,26642.6215
1778983346,R_75,26643.0792
1778983348,R_75,26638.3376
1778983350,R_75,26634.4575
1778983352,R_75,26629.3951
1778983354,R_75,26635.4481
1778983356,R_75,26629.0753
1778983358,R_75,26627.3085
1778983360,R_75,26620.4699
1778983362,R_75,26619.565
1778983364,R_75,26614.1609
1778983366,R_75,26609.9343
1778983368,R_75,26613.3637
1778983370,R_75,26612.4266
1778983372,R_75,26608.3939
1778983374,R_75,26608.6467
1778983376,R_75,26601.8135
1778983378,R_75,26598.2051
1778983380,R_75,26592.8742
1778983382,R_75,26593.1657
1778983384,R_75,26599.2526
1778983386,R_75,26599.7743
1778983388,R_75,26596.6749
1778983390,R_75,26597.921
1778983392,R_75,26598.7644
1778983394,R_75,26598.1694
1778983396,R_75,26606.2866
1778983398,R_75,26600.6203
1778983400,R_75,26599.3989
1778983402,R_75,26599.9065
1778983404,R_75,26597.1568
1778983406,R_75,26596.6304
1778983408,R_75,26594.69
1778983410,R_75,26586.8606
1778983412,R_75,26588.389
1778983414,R_75,26579.0462
1778983416,R_75,26579.4629
1778983418,R_75,26578.7363
1778983420,R_75,26590.498
1778983422,R_75,26590.6009
1778983424,R_75,26584.1483
1778983426,R_75,26591.0102
1778983428,R_75,26583.344
1778983430,R_75,26582.2657
1778983432,R_75,26587.692
1778983434,R_75,26582.3556
1778983436,R_75,26583.4422
1778983438,R_75,26581.0309
1778983440,R_75,26585.0795
1778983442,R_75,26591.2072
1778983444,R_75,26590.2404
1778983446,R_75,26585.3546
1778983448,R_75,26592.8045
1778983450,R_75,26592.2985
1778983452,R_75,26582.5235
1778983454,R_75,26585.2272
1778983456,R_75,26583.5407
1778983458,R_75,26583.3162
1778983460,R_75,26576.3476
1778983462,R_75,26576.44
1778983464,R_75,26578.5678
1778983466,R_75,26571.9077
1778983468,R_75,26571.6415
1778983470,R_75,26573.3636
1778983472,R_75,26575.0812
1778983474,R_75,26570.9845
1778983476,R_75,26575.8245
1778983478,R_75,26573.9131
1778983480,R_75,26580.9298
1778983482,R_75,26584.377
1778983484,R_75,26578.3652
1778983486,R_75,26578.6666
1778983488,R_75,26570.1637
1778983490,R_75,26578.8187
1778983492,R_75,26571.0887
1778983494,R_75,26581.1451
1778983496,R_75,26586.3863
1778983498,R_75,26584.8925
1778983500,R_75,26587.3884
1778983502,R_75,26590.099
1778983504,R_75,26595.0474
1778983506,R_75,26590.2621
1778983508,R_75,26584.1624
1778983510,R_75,26591.8779
1778983512,R_75,26601.2557
1778983514,R_75,26598.8115
1778983516,R_75,26601.3303
1778983518,R_75,26610.505
1778983520,R_75,26607.8257
1778983522,R_75,26607.9117
1778983524,R_75,26608.3384
1778983526,R_75,26612.8363
1778983528,R_75,26621.5435
1778983530,R_75,26617.8497
1778983532,R_75,26616.1562
1778983534,R_75,26623.5788
1778983536,R_75,26625.7594
1778983538,R_75,26622.9412
1778983540,R_75,26617.9515
1778983542,R_75,26621.8466
1778983544,R_75,26622.9043
1778983546,R_75,26610.5978
1778983548,R_75,26620.5108
1778983550,R_75,26623.4999
1778983552,R_75,26629.1994
1778983554,R_75,26633.4755
1778983556,R_75,26630.307
1778983558,R_75,26622.4152
1778983560,R_75,26622.2803
1778983562,R_75,26618.8104
1778983564,R_75,26624.4741
1778983566,R_75,26620.5593
1778983568,R_75,26621.4817
1778983570,R_75,26615.7404
1778983572,R_75,26624.4687
1778983574,R_75,26632.8583
1778983576,R_75,26628.4947
1778983578,R_75,26627.8373
1778983580,R_75,26628.0774
1778983582,R_75,26631.8996
1778983584,R_75,26628.3821
1778983586,R_75,26621.8178
1778983588,R_75,26607.6255
1778983590,R_75,26605.6303
1778983592,R_75,26598.7305
1778983594,R_75,26596.8386
1778983596,R_75,26588.4012
1778983598,R_75,26590.3582
1778983600,R_75,26587.5516
1778983602,R_75,26583.9859
1778983604,R_75,26585.9183
1778983606,R_75,26590.4437
1778983608,R_75,26580.0114
1778983610,R_75,26572.2582
1778983612,R_75,26572.3197
1778983614,R_75,26571.2995
1778983616,R_75,26572.9745
1778983618,R_75,26575.2056
1778983620,R_75,26580.6924
1778983622,R_75,26581.7098
1778983624,R_75,26589.2063
1778983626,R_75,26590.9025
1778983628,R_75,26595.232
1778983630,R_75,26593.0195
1778983632,R_75,26597.6801
1778983634,R_75,26593.1814
1778983636,R_75,26590.5964
1778983638,R_75,26598.1749
1778983640,R_75,26601.35
1778983642,R_75,26602.2522
1778983644,R_75,26596.95
1778983646,R_75,26596.7947
1778983648,R_75,26601.7182
1778983650,R_75,26599.9459
1778983652,R_75,26599.4809
1778983654,R_75,26597.2014
1778983656,R_75,26597.2446
1778983658,R_75,26601.7871
1778983660,R_75,26600.475
1778983662,R_75,26594.616
1778983664,R_75,26593.6198
1778983666,R_75,26591.039
1778983668,R_75,26600.3482
1778983670,R_75,26599.6805
1778983672,R_75,26604.6287
1778983674,R_75,26610.0431
1778983676,R_75,26614.0714
1778983678,R_75,26623.0677
1778983680,R_75,26621.3924
1778983682,R_75,26611.9433
1778983684,R_75,26621.5691
1778983686,R_75,26624.7788
1778983688,R_75,26635.6839
1778983690,R_75,26634.3628
1778983692,R_75,26636.4944
1778983694,R_75,26629.7756
1778983696,R_75,26631.2597
1778983698,R_75,26628.7178
1778983700,R_75,26626.3577
1778983702,R_75,26624.3302
1778983704,R_75,26622.7974
1778983706,R_75,26629.4454
1778983708,R_75,26633.0626
1778983710,R_75,26635.0492
1778983712,R_75,26633.5399
1778983714,R_75,26646.9815
1778983716,R_75,26648.9575
1778983718,R_75,26654.2061
1778983720,R_75,26662.7593
1778983722,R_75,26662.6527
1778983724,R_75,26658.1552
1778983726,R_75,26663.8708
1778983728,R_75,26660.0243
1778983730,R_75,26654.4871
1778983732,R_75,26649.6776
1778983734,R_75,26652.4297
1778983736,R_75,26650.9197
1778983738,R_75,26654.1442
1778983740,R_75,26656.8615
1778983742,R_75,26655.6946
1778983744,R_75,26660.7353
1778983746,R_75,26664.4888
1778983748,R_75,26667.4537
1778983750,R_75,26668.9536
1778983752,R_75,26670.7463
1778983754,R_75,26676.5672
1778983756,R_75,26681.5374
1778983758,R_75,26686.6587
1778983760,R_75,26682.7002
1778983762,R_75,26677.499
1778983764,R_75,26678.0911
1778983766,R_75,26677.7347
1778983768,R_75,26674.6885
1778983770,R_75,26671.6661
1778983772,R_75,26668.0386
1778983774,R_75,26679.7533
1778983776,R_75,26671.9821
1778983778,R_75,26677.1488
1778983780,R_75,26676.7295
1778983782,R_75,26675.9822
1778983784,R_75,26670.6424
1778983786,R_75,26670.2342
1778983788,R_75,26670.0899
1778983790,R_75,26677.4186
1778983792,R_75,26679.605
1778983794,R_75,26687.2004
1778983796,R_75,26688.9538
1778983798,R_75,26701.9843
1778983800,R_75,26704.3246
1778983802,R_75,26702.7728
1778983804,R_75,26709.4116
1778983806,R_75,26705.4326
1778983808,R_75,26705.696
1778983810,R_75,26708.1271
1778983812,R_75,26706.9622
1778983814,R_75,26702.6185
1778983816,R_75,26698.2334
1778983818,R_75,26702.8828
1778983820,R_75,26703.9162
1778983822,R_75,26705.5189
1778983824,R_75,26707.7597
1778983826,R_75,26706.2771
1778983828,R_75,26709.7908
1778983830,R_75,26707.0144
1778983832,R_75,26700.9469
1778983834,R_75,26702.6715
1778983836,R_75,26716.8137
1778983838,R_75,26723.4046
1778983840,R_75,26718.2287
1778983842,R_75,26716.8209
1778983844,R_75,26715.4719
1778983846,R_75,26717.8027
1778983848,R_75,26707.3228
1778983850,R_75,26709.2386
1778983852,R_75,26706.7205
1778983854,R_75,26700.6934
1778983856,R_75,26699.4079
1778983858,R_75,26701.0463
1778983860,R_75,26706.9338
1778983862,R_75,26711.6918
1778983864,R_75,26707.7776
1778983866,R_75,26702.6898
1778983868,R_75,26704.6448
1778983870,R_75,26704.1483
1778983872,R_75,26701.7101
1778983874,R_75,26703.0863
1778983876,R_75,26702.454
1778983878,R_75,26705.87
1778983880,R_75,26704.9153
1778983882,R_75,26705.2198
1778983884,R_75,26705.4513
1778983886,R_75,26710.6852
1778983888,R_75,26708.4111
1778983890,R_75,26708.3504
1778983892,R_75,26707.4493
1778983894,R_75,26710.061
1778983896,R_75,26713.9941
1778983898,R_75,26720.9641
1778983900,R_75,26720.3545
1778983902,R_75,26709.7589
1778983904,R_75,26714.748
1778983906,R_75,26707.3466
1778983908,R_75,26712.6058
1778983910,R_75,26714.5639
1778983912,R_75,26714.9717
1778983914,R_75,26709.8902
1778983916,R_75,26704.2858
1778983918,R_75,26702.3596
1778983920,R_75,26696.4379
1778983922,R_75,26694.013
1778983924,R_75,26692.5135
1778983926,R_75,26686.4859
1778983928,R_75,26684.7737
1778983930,R_75,26692.0199
1778983932,R_75,26694.4075
1778983934,R_75,26689.6901
1778983936,R_75,26695.6958
1778983938,R_75,26684.8604
1778983940,R_75,26687.4069
1778983942,R_75,26686.7651
1778983944,R_75,26676.4579
1778983946,R_75,26673.4961
1778983948,R_75,26673.1324
1778983950,R_75,26670.3773
1778983952,R_75,26670.3376
1778983954,R_75,26667.266
1778983956,R_75,26672.912
1778983958,R_75,26675.6825
1778983960,R_75,26670.5522
1778983962,R_75,26666.4529
1778983964,R_75,26666.2294
1778983966,R_75,26658.8697
1778983968,R_75,26653.1676
1778983970,R_75,26657.8924
1778983972,R_75,26666.149
1778983974,R_75,26659.8056
1778983976,R_75,26667.1059
1778983978,R_75,26663.2009
1778983980,R_75,26670.2005
1778983982,R_75,26662.8011
1778983984,R_75,26663.0539
1778983986,R_75,26666.5716
1778983988,R_75,26668.8903
1778983990,R_75,26664.1004
1778983992,R_75,26661.2399
1778983994,R_75,26658.907
1778983996,R_75,26658.4068
1778983998,R_75,26661.1471
1778984000,R_75,26659.3405
1778984002,R_75,26663.7543
1778984004,R_75,26670.0196
1778984006,R_75,26668.0615
1778984008,R_75,26671.8746
1778984010,R_75,26673.5845
1778984012,R_75,26669.4698
1778984014,R_75,26673.2102
1778984016,R_75,26669.3145
1778984018,R_75,26665.6317
1778984020,R_75,26673.7709
1778984022,R_75,26666.9443
1778984024,R_75,26661.4723
1778984026,R_75,26662.493
1778984028,R_75,26667.2715
1778984030,R_75,26663.9318
1778984032,R_75,26669.3337
1778984034,R_75,26664.3533
1778984036,R_75,26663.0163
1778984038,R_75,26666.2004
1778984040,R_75,26655.8498
1778984042,R_75,26657.537
1778984044,R_75,26656.9833
1778984046,R_75,26660.4055
1778984048,R_75,26665.9938
1778984050,R_75,26666.8694
1778984052,R_75,26677.4547
1778984054,R_75,26684.4109
1778984056,R_75,26681.358
1778984058,R_75,26686.9493
1778984060,R_75,26688.5741
1778984062,R_75,26684.1785
1778984064,R_75,26690.8875
1778984066,R_75,26688.1363
1778984068,R_75,26693.9882
1778984070,R_75,26690.2094
1778984072,R_75,26682.7725
1778984074,R_75,26682.1845
1778984076,R_75,26684.0665
1778984078,R_75,26682.1727
1778984080,R_75,26691.7357
1778984082,R_75,26689.9976
1778984084,R_75,26685.1424
1778984086,R_75,26693.7226
1778984088,R_75,26685.7525
1778984090,R_75,26684.586
1778984092,R_75,26689.8514
1778984094,R_75,26694.3673
1778984096,R_75,26691.5605
1778984098,R_75,26693.6329
1778984100,R_75,26692.4816
1778984102,R_75,26688.8096
1778984104,R_75,26687.299
1778984106,R_75,26681.7234
1778984108,R_75,26690.1433
1778984110,R_75,26695.3394
1778984112,R_75,26696.9902
1778984114,R_75,26696.8434
1778984116,R_75,26696.7789
1778984118,R_75,26695.2207
1778984120,R_75,26695.8402
1778984122,R_75,26688.984
1778984124,R_75,26683.9537
1778984126,R_75,26690.6266
1778984128,R_75,26696.4985
1778984130,R_75,26698.0419
1778984132,R_75,26693.3164
1778984134,R_75,26688.2685
1778984136,R_75,26692.6582
1778984138,R_75,26702.7834
1778984140,R_75,26709.6395
1778984142,R_75,26706.725
1778984144,R_75,26705.6489
1778984146,R_75,26702.2253
1778984148,R_75,26705.2545
1778984150,R_75,26702.8068
1778984152,R_75,26709.7945
1778984154,R_75,26708.6606
1778984156,R_75,26711.6003
1778984158,R_75,26714.9346
1778984160,R_75,26717.0091
1778984162,R_75,26719.6047
1778984164,R_75,26715.3804
1778984166,R_75,26708.6001
1778984168,R_75,26709.1631
1778984170,R_75,26710.9534
1778984172,R_75,26716.8431
1778984174,R_75,26703.7869
1778984176,R_75,26708.7505
1778984178,R_75,26702.6331
1778984180,R_75,26689.849
1778984182,R_75,26698.0051
1778984184,R_75,26700.835
1778984186,R_75,26704.2713
1778984188,R_75,26703.9321
1778984190,R_75,26705.4357
1778984192,R_75,26706.1982
1778984194,R_75,26714.1504
1778984196,R_75,26705.1622
1778984198,R_75,26698.7794
1778984200,R_75,26697.127
1778984202,R_75,26699.3674
1778984204,R_75,26694.4352
1778984206,R_75,26694.4888
1778984208,R_75,26695.1544
1778984210,R_75,26701.1277
1778984212,R_75,26699.2805
1778984214,R_75,26703.4055
1778984216,R_75,26698.4062
1778984218,R_75,26700.6236
1778984220,R_75,26694.1278
1778984222,R_75,26685.3953
1778984224,R_75,26680.2096
1778984226,R_75,26683.5206
1778984228,R_75,26683.9139
1778984230,R_75,26681.8577
1778984232,R_75,26680.3306
1778984234,R_75,26680.5099
1778984236,R_75,26679.7448
1778984238,R_75,26683.5989
1778984240,R_75,26680.3148
1778984242,R_75,26684.7165
1778984244,R_75,26686.1556
1778984246,R_75,26680.7145
1778984248,R_75,26679.7621
1778984250,R_75,26685.921
1778984252,R_75,26692.2834
1778984254,R_75,26693.0137
1778984256,R_75,26701.255
1778984258,R_75,26705.4571
1778984260,R_75,26708.7923
1778984262,R_75,26707.3881
1778984264,R_75,26705.0245
1778984266,R_75,26698.0329
1778984268,R_75,26697.2104
1778984270,R_75,26699.108
1778984272,R_75,26693.4727
1778984274,R_75,26704.657
1778984276,R_75,26709.0664
1778984278,R_75,26702.5819
1778984280,R_75,26701.1269
1778984282,R_75,26699.4143
1778984284,R_75,26695.3035
1778984286,R_75,26692.138
1778984288,R_75,26683.6668
1778984290,R_75,26684.9999
1778984292,R_75,26685.1547
1778984294,R_75,26685.6284
1778984296,R_75,26688.7044
1778984298,R_75,26681.8763
1778984300,R_75,26689.9726
1778984302,R_75,26689.8725
1778984304,R_75,26694.2122
1778984306,R_75,26689.9021
1778984308,R_75,26690.78
1778984310,R_75,26691.2825
1778984312,R_75,26691.2547
1778984314,R_75,26689.4489
1778984316,R_75,26689.9923
1778984318,R_75,26683.5631
1778984320,R_75,26685.3079
1778984322,R_75,26687.7924
1778984324,R_75,26680.499
1778984326,R_75,26682.9252
1778984328,R_75,26686.0253
1778984330,R_75,26680.7674
1778984332,R_75,26675.5234
1778984334,R_75,26671.1844
1778984336,R_75,26669.2508
1778984338,R_75,26667.8985
1778984340,R_75,26663.7249
1778984342,R_75,26659.5934
1778984344,R_75,26669.4362
1778984346,R_75,26674.9652
1778984348,R_75,26678.2759
1778984350,R_75,26674.2169
1778984352,R_75,26681.1409
1778984354,R_75,26680.2096
1778984356,R_75,26682.5247
1778984358,R_75,26676.9772
1778984360,R_75,26671.9078
1778984362,R_75,26668.3322
1778984364,R_75,26669.6243
1778984366,R_75,26669.9202
1778984368,R_75,26676.1543
1778984370,R_75,26670.0793
1778984372,R_75,26671.163
1778984374,R_75,26671.9076
1778984376,R_75,26667.595
1778984378,R_75,26666.8434
1778984380,R_75,26666.6917
1778984382,R_75,26663.5679
1778984384,R_75,26672.0276
1778984386,R_75,26662.7537
1778984388,R_75,26666.2377
1778984390,R_75,26663.3983
1778984392,R_75,26665.8599
1778984394,R_75,26663.9182
1778984396,R_75,26659.835
1778984398,R_75,26664.8316
1778984400,R_75,26668.8168
1778984402,R_75,26666.7684
1778984404,R_75,26670.8125
1778984406,R_75,26660.0582
1778984408,R_75,26657.2331
1778984410,R_75,26653.362
1778984412,R_75,26652.1691
1778984414,R_75,26655.0712
1778984416,R_75,26655.2354
1778984418,R_75,26640.3716
1778984420,R_75,26642.3685
1778984422,R_75,26646.4732
1778984424,R_75,26645.944
1778984426,R_75,26653.9131
1778984428,R_75,26644.4281
1778984430,R_75,26635.8395
1778984432,R_75,26624.5626
1778984434,R_75,26622.2766
1778984436,R_75,26623.5328
1778984438,R_75,26618.3462
1778984440,R_75,26627.4151
1778984442,R_75,26631.8057
1778984444,R_75,26635.1142
1778984446,R_75,26637.098
1778984448,R_75,26632.8724
1778984450,R_75,26637.4627
1778984452,R_75,26631.4796
1778984454,R_75,26627.7161
1778984456,R_75,26627.4915
1778984458,R_75,26633.4114
1778984460,R_75,26634.8237
1778984462,R_75,26623.2065
1778984464,R_75,26626.0541
1778984466,R_75,26630.2271
1778984468,R_75,26625.9342
1778984470,R_75,26630.5234
1778984472,R_75,26635.0872
1778984474,R_75,26648.2994
1778984476,R_75,26653.3752
1778984478,R_75,26650.5848
1778984480,R_75,26651.0874
1778984482,R_75,26645.914
1778984484,R_75,26651.3469
1778984486,R_75,26646.8296
1778984488,R_75,26647.1125
1778984490,R_75,26659.3316
1778984492,R_75,26656.9367
1778984494,R_75,26657.5216
1778984496,R_75,26655.4617
1778984498,R_75,26660.5855
1778984500,R_75,26661.2407
1778984502,R_75,26656.3801
1778984504,R_75,26657.4388
1778984506,R_75,26652.5166
1778984508,R_75,26651.8816
1778984510,R_75,26648.2832
1778984512,R_75,26655.2661
1778984514,R_75,26645.817
1778984516,R_75,26647.7562
1778984518,R_75,26649.4849
1778984520,R_75,26652.9072
1778984522,R_75,26652.5059
1778984524,R_75,26645.5658
1778984526,R_75,26651.9338
1778984528,R_75,26649.4854
1778984530,R_75,26648.1008
1778984532,R_75,26653.485
1778984534,R_75,26653.674
1778984536,R_75,26651.4987
1778984538,R_75,26656.7109
1778984540,R_75,26652.5707
1778984542,R_75,26650.0273
1778984544,R_75,26652.8296
1778984546,R_75,26657.9571
1778984548,R_75,26661.1497
1778984550,R_75,26657.4343
1778984552,R_75,26659.4588
1778984554,R_75,26668.2387
1778984556,R_75,26667.8857
1778984558,R_75,26659.152
1778984560,R_75,26666.75
1778984562,R_75,26669.81
1778984564,R_75,26676.556
1778984566,R_75,26678.5767
1778984568,R_75,26686.6613
1778984570,R_75,26685.7137
1778984572,R_75,26689.9337
1778984574,R_75,26696.1329
1778984576,R_75,26694.5787
1778984578,R_75,26702.5014
1778984580,R_75,26700.3578
1778984582,R_75,26705.6304
1778984584,R_75,26711.0735
1778984586,R_75,26716.0444
1778984588,R_75,26721.0847
1778984590,R_75,26719.6427
1778984592,R_75,26714.7143
1778984594,R_75,26711.3987
1778984596,R_75,26703.3159
1778984598,R_75,26705.0813
1778984600,R_75,26694.0366
1778984602,R_75,26688.0086
1778984604,R_75,26697.2383
1778984606,R_75,26695.181
1778984608,R_75,26694.8695
1778984610,R_75,26691.9347
1778984612,R_75,26693.5976
1778984614,R_75,26695.3786
1778984616,R_75,26699.7918
1778984618,R_75,26704.531
1778984620,R_75,26715.9516
1778984622,R_75,26718.3313
1778984624,R_75,26713.6426
1778984626,R_75,26715.8049
1778984628,R_75,26716.1187
1778984630,R_75,26708.5123
1778984632,R_75,26700.1692
1778984634,R_75,26696.9829
1778984636,R_75,26698.2545
1778984638,R_75,26696.3503
1778984640,R_75,26687.7942
1778984642,R_75,26689.8029
1778984644,R_75,26696.4762
1778984646,R_75,26687.4468
1778984648,R_75,26696.0268
1778984650,R_75,26706.3771
1778984652,R_75,26712.2362
1778984654,R_75,26718.4193
1778984656,R_75,26710.5669
1778984658,R_75,26709.2688
1778984660,R_75,26715.135
1778984662,R_75,26714.6353
1778984664,R_75,26710.9163
1778984666,R_75,26705.6822
1778984668,R_75,26706.9119
1778984670,R_75,26720.9386
1778984672,R_75,26718.3937
1778984674,R_75,26719.4396
1778984676,R_75,26722.4134
1778984678,R_75,26715.255
1778984680,R_75,26710.4393
1778984682,R_75,26712.9507
1778984684,R_75,26714.589
1778984686,R_75,26713.8743
1778984688,R_75,26715.0999
1778984690,R_75,26709.3309
1778984692,R_75,26706.5698
1778984694,R_75,26707.117
1778984696,R_75,26707.0773
1778984698,R_75,26708.6055
1778984700,R_75,26709.8288
1778984702,R_75,26715.5173
1778984704,R_75,26721.6719
1778984706,R_75,26717.1087
1778984708,R_75,26715.6414
1778984710,R_75,26710.4199
1778984712,R_75,26713.8719
1778984714,R_75,26714.9172
1778984716,R_75,26720.6311
1778984718,R_75,26720.8772
1778984720,R_75,26708.6353
1778984722,R_75,26702.4267
1778984724,R_75,26705.2911
1778984726,R_75,26705.6797
1778984728,R_75,26702.5703
1778984730,R_75,26697.4184
1778984732,R_75,26694.0996
1778984734,R_75,26693.0642
1778984736,R_75,26691.407
1778984738,R_75,26695.8223
1778984740,R_75,26693.2371
1778984742,R_75,26690.0393
1778984744,R_75,26694.8909
1778984746,R_75,26688.7691
1778984748,R_75,26688.1344
1778984750,R_75,26688.4395
1778984752,R_75,26693.7358
1778984754,R_75,26686.3542
1778984756,R_75,26688.8973
1778984758,R_75,26687.8345
1778984760,R_75,26681.1614
1778984762,R_75,26684.3897
1778984764,R_75,26682.7197
1778984766,R_75,26678.3186
1778984768,R_75,26676.6557
1778984770,R_75,26673.3877
1778984772,R_75,26674.0648
1778984774,R_75,26673.6911
1778984776,R_75,26671.6024
1778984778,R_75,26670.4602
1778984780,R_75,26668.7906
1778984782,R_75,26673.736
1778984784,R_75,26672.0585
1778984786,R_75,26666.4504
1778984788,R_75,26668.4843
1778984790,R_75,26674.1249
1778984792,R_75,26672.5322
1778984794,R_75,26666.5306
1778984796,R_75,26671.1432
1778984798,R_75,26675.244
1778984800,R_75,26680.0061
1778984802,R_75,26675.4499
1778984804,R_75,26672.552
1778984806,R_75,26678.3535
1778984808,R_75,26676.6699
1778984810,R_75,26678.7342
1778984812,R_75,26678.7284
1778984814,R_75,26675.0019
1778984816,R_75,26677.7111
1778984818,R_75,26675.4793
1778984820,R_75,26678.8661
1778984822,R_75,26686.1488
1778984824,R_75,26684.5887
1778984826,R_75,26689.6211
1778984828,R_75,26686.3038
1778984830,R_75,26696.9364
1778984832,R_75,26697.225
1778984834,R_75,26702.9157
1778984836,R_75,26706.6294
1778984838,R_75,26711.0895
1778984840,R_75,26719.6593
1778984842,R_75,26709.1592
1778984844,R_75,26708.3614
1778984846,R_75,26703.775
1778984848,R_75,26703.5213
1778984850,R_75,26705.6615
1778984852,R_75,26713.7301
1778984854,R_75,26721.1223
1778984856,R_75,26723.9218
1778984858,R_75,26724.6714
1778984860,R_75,26718.3762
1778984862,R_75,26730.6285
1778984864,R_75,26727.6697
1778984866,R_75,26740.9497
1778984868,R_75,26746.2452
1778984870,R_75,26740.934
1778984872,R_75,26743.9062
1778984874,R_75,26739.7568
1778984876,R_75,26741.2702
1778984878,R_75,26746.7549
1778984880,R_75,26746.5254
1778984882,R_75,26740.5757
1778984884,R_75,26738.1975
1778984886,R_75,26740.7366
1778984888,R_75,26748.2474
1778984890,R_75,26747.5605
1778984892,R_75,26753.8923
1778984894,R_75,26750.7581
1778984896,R_75,26744.1189
1778984898,R_75,26746.0792
1778984900,R_75,26753.5859
1778984902,R_75,26746.1587
1778984904,R_75,26754.617
1778984906,R_75,26750.5849
1778984908,R_75,26761.2778
1778984910,R_75,26764.1049
1778984912,R_75,26755.4397
1778984914,R_75,26756.3464
1778984916,R_75,26753.9338
1778984918,R_75,26758.1876
1778984920,R_75,26757.0678
1778984922,R_75,26762.2235
1778984924,R_75,26766.5239
1778984926,R_75,26772.0734
1778984928,R_75,26772.403
1778984930,R_75,26774.9425
1778984932,R_75,26773.2641
1778984934,R_75,26776.5672
1778984936,R_75,26772.3208
1778984938,R_75,26775.7266
1778984940,R_75,26781.4693
1778984942,R_75,26783.1254
1778984944,R_75,26786.6017
1778984946,R_75,26794.9085
1778984948,R_75,26791.8871
1778984950,R_75,26789.9495
1778984952,R_75,26790.2818
1778984954,R_75,26796.5682
1778984956,R_75,26793.6152
1778984958,R_75,26782.5708
1778984960,R_75,26786.5377
1778984962,R_75,26789.1852
1778984964,R_75,26787.007
1778984966,R_75,26786.0704
1778984968,R_75,26785.7817
1778984970,R_75,26783.0569
1778984972,R_75,26790.1207
1778984974,R_75,26794.9254
1778984976,R_75,26796.8385
1778984978,R_75,26788.766
1778984980,R_75,26788.259
1778984982,R_75,26789.458
1778984984,R_75,26796.7335
1778984986,R_75,26795.4521
1778984988,R_75,26797.8677
1778984990,R_75,26796.4896
1778984992,R_75,26796.6228
1778984994,R_75,26794.02
1778984996,R_75,26802.2028
1778984998,R_75,26799.4993
1778985000,R_75,26806.6714
1778985002,R_75,26807.3474
1778985004,R_75,26795.6679
1778985006,R_75,26803.3405
1778985008,R_75,26807.8788
1778985010,R_75,26811.3186
1778985012,R_75,26809.3308
1778985014,R_75,26814.667
1778985016,R_75,26811.1441
1778985018,R_75,26820.2442
1778985020,R_75,26820.3382
1778985022,R_75,26816.119
1778985024,R_75,26820.5618
1778985026,R_75,26811.6007
1778985028,R_75,26808.1239
1778985030,R_75,26809.3801
1778985032,R_75,26809.3152
1778985034,R_75,26804.6969
1778985036,R_75,26808.6617
1778985038,R_75,26809.9778
1778985040,R_75,26815.709
1778985042,R_75,26814.5221
1778985044,R_75,26821.6657
1778985046,R_75,26808.7125
1778985048,R_75,26809.0367
1778985050,R_75,26810.8078
1778985052,R_75,26810.6649
1778985054,R_75,26813.3667
1778985056,R_75,26809.6124
1778985058,R_75,26802.3353
1778985060,R_75,26799.2647
1778985062,R_75,26796.6506
1778985064,R_75,26803.3798
1778985066,R_75,26803.78
1778985068,R_75,26801.886
1778985070,R_75,26808.0934
1778985072,R_75,26817.2193
1778985074,R_75,26820.1632
1778985076,R_75,26809.3895
1778985078,R_75,26811.4272
1778985080,R_75,26812.3885
1778985082,R_75,26808.4403
1778985084,R_75,26816.2701
1778985086,R_75,26815.3269
1778985088,R_75,26816.3695
1778985090,R_75,26823.0219
1778985092,R_75,26836.4057
1778985094,R_75,26844.0357
1778985096,R_75,26841.1173
1778985098,R_75,26838.6362
1778985100,R_75,26835.0712
1778985102,R_75,26834.1282
1778985104,R_75,26832.2144
1778985106,R_75,26827.0318
1778985108,R_75,26828.0984
1778985110,R_75,26824.2001
1778985112,R_75,26823.347
1778985114,R_75,26810.3531
1778985116,R_75,26809.2813
1778985118,R_75,26814.8452
1778985120,R_75,26808.1005
1778985122,R_75,26804.4203
1778985124,R_75,26805.5412
1778985126,R_75,26801.5854
1778985128,R_75,26796.0395
1778985130,R_75,26797.8378
1778985132,R_75,26793.2388
1778985134,R_75,26797.5865
1778985136,R_75,26796.0822
1778985138,R_75,26795.3556
1778985140,R_75,26787.9904
1778985142,R_75,26783.7724
1778985144,R_75,26782.9573
1778985146,R_75,26781.3517
1778985148,R_75,26782.3441
1778985150,R_75,26777.7263
1778985152,R_75,26768.5267
1778985154,R_75,26767.1273
1778985156,R_75,26760.1042
1778985158,R_75,26761.2291
1778985160,R_75,26760.0258
1778985162,R_75,26756.7505
1778985164,R_75,26746.6449
1778985166,R_75,26737.3837
1778985168,R_75,26742.6338
1778985170,R_75,26750.2996
1778985172,R_75,26752.1153
1778985174,R_75,26758.8124
1778985176,R_75,26769.0321
1778985178,R_75,26771.8665
1778985180,R_75,26768.5235
1778985182,R_75,26776.3244
1778985184,R_75,26773.5019
1778985186,R_75,26777.2352
1778985188,R_75,26786.007
1778985190,R_75,26789.8008
1778985192,R_75,26783.0093
1778985194,R_75,26785.5967
1778985196,R_75,26786.9526
1778985198,R_75,26784.5141
1778985200,R_75,26779.5085
1778985202,R_75,26789.5958
1778985204,R_75,26789.208
1778985206,R_75,26790.0447
1778985208,R_75,26787.2369
1778985210,R_75,26790.1357
1778985212,R_75,26791.9694
1778985214,R_75,26799.3655
1778985216,R_75,26801.2841
1778985218,R_75,26803.4703
1778985220,R_75,26798.5244
1778985222,R_75,26792.8911
1778985224,R_75,26781.3723
1778985226,R_75,26792.6319
1778985228,R_75,26794.5873
1778985230,R_75,26782.1568
1778985232,R_75,26784.8274
1778985234,R_75,26789.1786
1778985236,R_75,26791.1379
1778985238,R_75,26796.4133
1778985240,R_75,26797.6414
1778985242,R_75,26791.3888
1778985244,R_75,26792.9373
1778985246,R_75,26787.7842
1778985248,R_75,26789.4316
1778985250,R_75,26787.3485
1778985252,R_75,26773.5237
1778985254,R_75,26772.4331
1778985256,R_75,26773.2106
1778985258,R_75,26778.6161
1778985260,R_75,26775.7047
1778985262,R_75,26780.6156
1778985264,R_75,26776.5738
1778985266,R_75,26775.5071
1778985268,R_75,26770.4062
1778985270,R_75,26769.5062
1778985272,R_75,26766.1434
1778985274,R_75,26769.1117
1778985276,R_75,26775.3547
1778985278,R_75,26768.726
1778985280,R_75,26764.5777
1778985282,R_75,26758.6749
1778985284,R_75,26764.6255
1778985286,R_75,26771.9845
1778985288,R_75,26766.2318
1778985290,R_75,26763.8704
1778985292,R_75,26756.9488
1778985294,R_75,26753.7105
1778985296,R_75,26753.1012
1778985298,R_75,26740.6242
1778985300,R_75,26743.2295
1778985302,R_75,26740.0324
1778985304,R_75,26739.0347
1778985306,R_75,26741.2799
1778985308,R_75,26735.514
1778985310,R_75,26733.4159
1778985312,R_75,26738.5465
1778985314,R_75,26744.4677
1778985316,R_75,26749.6145
1778985318,R_75,26756.3188
1778985320,R_75,26752.8259
1778985322,R_75,26746.8046
1778985324,R_75,26742.9966
1778985326,R_75,26748.9218
1778985328,R_75,26740.5801
1778985330,R_75,26730.3399
1778985332,R_75,26727.3098
1778985334,R_75,26732.1327
1778985336,R_75,26736.1428
1778985338,R_75,26738.842
1778985340,R_75,26737.2701
1778985342,R_75,26732.7855
1778985344,R_75,26736.8515
1778985346,R_75,26734.9458
1778985348,R_75,26739.5053
1778985350,R_75,26742.5832
1778985352,R_75,26733.2938
1778985354,R_75,26740.5523
1778985356,R_75,26739.1063
1778985358,R_75,26730.0631
1778985360,R_75,26735.6072
1778985362,R_75,26738.5902
1778985364,R_75,26744.9968
1778985366,R_75,26754.0707
1778985368,R_75,26762.0997
1778985370,R_75,26766.2338
1778985372,R_75,26773.8866
1778985374,R_75,26773.4978
1778985376,R_75,26772.3494
1778985378,R_75,26778.3778
1778985380,R_75,26778.6552
1778985382,R_75,26777.1545
1778985384,R_75,26774.4824
1778985386,R_75,26764.1817
1778985388,R_75,26761.8159
1778985390,R_75,26760.612
1778985392,R_75,26766.9706
1778985394,R_75,26767.3738
1778985396,R_75,26763.9137
1778985398,R_75,26763.8795
1778985400,R_75,26772.1455
1778985402,R_75,26761.4902
1778985404,R_75,26773.2854
1778985406,R_75,26781.5697
1778985408,R_75,26786.0245
1778985410,R_75,26782.2581
1778985412,R_75,26779.4873
1778985414,R_75,26775.6729
1778985416,R_75,26784.3637
1778985418,R_75,26790.3732
1778985420,R_75,26787.6244
1778985422,R_75,26787.6649
1778985424,R_75,26792.8006
1778985426,R_75,26796.4485
1778985428,R_75,26784.6304
1778985430,R_75,26783.9085
1778985432,R_75,26782.5082
1778985434,R_75,26782.053
1778985436,R_75,26788.8626
1778985438,R_75,26785.0633
1778985440,R_75,26783.0409
1778985442,R_75,26790.7573
1778985444,R_75,26784.3426
1778985446,R_75,26785.5527
1778985448,R_75,26776.7392
1778985450,R_75,26785.3054
1778985452,R_75,26781.3372
1778985454,R_75,26785.0207
1778985456,R_75,26774.9896
1778985458,R_75,26777.1721
1778985460,R_75,26780.7725
1778985462,R_75,26777.1711
1778985464,R_75,26787.9171
1778985466,R_75,26789.0997
1778985468,R_75,26783.6176
1778985470,R_75,26793.1881
1778985472,R_75,26807.1944
1778985474,R_75,26819.4451
1778985476,R_75,26818.502
1778985478,R_75,26812.9752
1778985480,R_75,26814.6997
1778985482,R_75,26809.3633
1778985484,R_75,26809.763
1778985486,R_75,26815.7963
1778985488,R_75,26807.6409
1778985490,R_75,26811.7218
1778985492,R_75,26809.103
1778985494,R_75,26809.2331
1778985496,R_75,26808.6631
1778985498,R_75,26810.2804
1778985500,R_75,26808.5484
1778985502,R_75,26809.9316
1778985504,R_75,26802.5118
1778985506,R_75,26805.1944
1778985508,R_75,26803.2135
1778985510,R_75,26798.9403
1778985512,R_75,26777.9765
1778985514,R_75,26774.9846
1778985516,R_75,26777.4891
1778985518,R_75,26772.2793
1778985520,R_75,26767.7634
1778985522,R_75,26764.6859
1778985524,R_75,26761.6199
1778985526,R_75,26756.5626
1778985528,R_75,26766.1356
1778985530,R_75,26754.2673
1778985532,R_75,26752.3078
1778985534,R_75,26754.4734
1778985536,R_75,26757.6232
1778985538,R_75,26756.4387
1778985540,R_75,26745.6079
1778985542,R_75,26757.3721
1778985544,R_75,26753.526
1778985546,R_75,26743.7945
1778985548,R_75,26752.4379
1778985550,R_75,26755.8377
1778985552,R_75,26762.9021
1778985554,R_75,26761.4797
1778985556,R_75,26757.5349
1778985558,R_75,26756.9228
1778985560,R_75,26764.6119
1778985562,R_75,26758.7573
1778985564,R_75,26764.9826
1778985566,R_75,26760.3488
1778985568,R_75,26767.5104
1778985570,R_75,26774.8355
1778985572,R_75,26765.0329
1778985574,R_75,26764.6359
1778985576,R_75,26760.0745
1778985578,R_75,26751.5227
1778985580,R_75,26756.6344
1778985582,R_75,26754.7637
1778985584,R_75,26756.1835
1778985586,R_75,26759.9428
1778985588,R_75,26766.128
1778985590,R_75,26768.0477
1778985592,R_75,26780.7389
1778985594,R_75,26775.2076
1778985596,R_75,26776.599
1778985598,R_75,26776.8994
1778985600,R_75,26778.1252
1778985602,R_75,26765.6965
1778985604,R_75,26764.4767
1778985606,R_75,26760.2391
1778985608,R_75,26753.7692
1778985610,R_75,26750.2392
1778985612,R_75,26751.9408
1778985614,R_75,26752.7478
1778985616,R_75,26755.6768
1778985618,R_75,26758.5119
1778985620,R_75,26750.1924
1778985622,R_75,26753.1371
1778985624,R_75,26753.222
1778985626,R_75,26752.703
1778985628,R_75,26744.6075
1778985630,R_75,26743.8615
1778985632,R_75,26745.0719
1778985634,R_75,26753.1134
1778985636,R_75,26752.2244
1778985638,R_75,26756.5529
1778985640,R_75,26758.997
1778985642,R_75,26754.2442
1778985644,R_75,26750.1195
1778985646,R_75,26750.9716
1778985648,R_75,26744.8092
1778985650,R_75,26742.9617
1778985652,R_75,26742.2332
1778985654,R_75,26739.0053
1778985656,R_75,26744.0648
1778985658,R_75,26743.5194
1778985660,R_75,26736.0755
1778985662,R_75,26736.1926
1778985664,R_75,26727.0146
1778985666,R_75,26724.73
1778985668,R_75,26724.5026
1778985670,R_75,26722.2085
1778985672,R_75,26717.9965
1778985674,R_75,26715.3002
1778985676,R_75,26712.1678
1778985678,R_75,26712.4584
1778985680,R_75,26701.4166
1778985682,R_75,26698.2286
1778985684,R_75,26701.0593
1778985686,R_75,26697.058
1778985688,R_75,26706.2778
1778985690,R_75,26706.3694
1778985692,R_75,26707.8278
1778985694,R_75,26702.0977
1778985696,R_75,26706.1448
1778985698,R_75,26709.388
1778985700,R_75,26708.842
1778985702,R_75,26707.1873
1778985704,R_75,26707.3859
1778985706,R_75,26712.0606
1778985708,R_75,26717.5211
1778985710,R_75,26718.6432
1778985712,R_75,26719.3198
1778985714,R_75,26722.6663
1778985716,R_75,26722.2477
1778985718,R_75,26722.1098
1778985720,R_75,26719.5873
1778985722,R_75,26725.0773
1778985724,R_75,26721.5508
1778985726,R_75,26726.1535
1778985728,R_75,26721.3108
1778985730,R_75,26723.1066
1778985732,R_75,26723.2461
1778985734,R_75,26723.824
1778985736,R_75,26726.6633
1778985738,R_75,26727.6247
1778985740,R_75,26735.0808
1778985742,R_75,26740.2593
1778985744,R_75,26740.4537
1778985746,R_75,26742.1832
1778985748,R_75,26745.0722
1778985750,R_75,26748.9005
1778985752,R_75,26754.8366
1778985754,R_75,26756.0987
1778985756,R_75,26760.7317
1778985758,R_75,26760.8541
1778985760,R_75,26755.4698
1778985762,R_75,26749.8714
1778985764,R_75,26752.0833
1778985766,R_75,26753.8385
1778985768,R_75,26759.6422
1778985770,R_75,26756.8143
1778985772,R_75,26749.5065
1778985774,R_75,26752.8918
1778985776,R_75,26759.0819
1778985778,R_75,26756.8123
1778985780,R_75,26760.1066
1778985782,R_75,26760.5883
1778985784,R_75,26760.9008
1778985786,R_75,26756.7433
1778985788,R_75,26750.3771
1778985790,R_75,26753.3234
1778985792,R_75,26755.4945
1778985794,R_75,26751.5004
1778985796,R_75,26758.852
1778985798,R_75,26754.1001
1778985800,R_75,26745.7045
1778985802,R_75,26742.7467
1778985804,R_75,26746.1494
1778985806,R_75,26750.176
1778985808,R_75,26744.2952
1778985810,R_75,26744.7204
1778985812,R_75,26749.1044
1778985814,R_75,26754.383
1778985816,R_75,26759.3719
1778985818,R_75,26753.7951
1778985820,R_75,26758.0314
1778985822,R_75,26770.2225
1778985824,R_75,26775.2211
1778985826,R_75,26775.0058
1778985828,R_75,26764.2947
1778985830,R_75,26758.984
1778985832,R_75,26761.5177
1778985834,R_75,26767.4948
1778985836,R_75,26770.9502
1778985838,R_75,26771.4915
1778985840,R_75,26764.3339
1778985842,R_75,26763.8435
1778985844,R_75,26766.4484
1778985846,R_75,26760.6386
1778985848,R_75,26769.3196
1778985850,R_75,26766.8221
1778985852,R_75,26766.8326
1778985854,R_75,26765.8701
1778985856,R_75,26761.8631
1778985858,R_75,26763.2361
1778985860,R_75,26764.8638
1778985862,R_75,26760.4803
1778985864,R_75,26760.4172
1778985866,R_75,26758.5573
1778985868,R_75,26761.3534
1778985870,R_75,26759.1024
1778985872,R_75,26756.9603
1778985874,R_75,26756.6452
1778985876,R_75,26760.8517
1778985878,R_75,26767.1342
1778985880,R_75,26758.5901
1778985882,R_75,26753.825
1778985884,R_75,26750.3969
1778985886,R_75,26747.3112
1778985888,R_75,26747.9692
1778985890,R_75,26751.5458
1778985892,R_75,26749.7577
1778985894,R_75,26747.6729
1778985896,R_75,26748.2185
1778985898,R_75,26750.3311
1778985900,R_75,26741.3112
1778985902,R_75,26751.132
1778985904,R_75,26754.3372
1778985906,R_75,26753.6583
1778985908,R_75,26758.9915
1778985910,R_75,26768.6342
1778985912,R_75,26770.7325
1778985914,R_75,26769.6137
1778985916,R_75,26773.0118
1778985918,R_75,26771.0732
1778985920,R_75,26769.2153
1778985922,R_75,26760.7917
1778985924,R_75,26754.7825
1778985926,R_75,26747.8805
1778985928,R_75,26745.0537
1778985930,R_75,26742.3369
1778985932,R_75,26746.8895
1778985934,R_75,26750.5208
1778985936,R_75,26747.5916
1778985938,R_75,26744.9173
1778985940,R_75,26749.4087
1778985942,R_75,26743.7609
1778985944,R_75,26733.6487
1778985946,R_75,26729.0029
1778985948,R_75,26719.6331
1778985950,R_75,26717.9249
1778985952,R_75,26712.6125
1778985954,R_75,26714.3838
1778985956,R_75,26716.2601
1778985958,R_75,26714.0499
1778985960,R_75,26716.451
1778985962,R_75,26716.5031
1778985964,R_75,26716.109
1778985966,R_75,26706.2899
1778985968,R_75,26696.6619
1778985970,R_75,26700.3998
1778985972,R_75,26698.9911
1778985974,R_75,26698.7979
1778985976,R_75,26695.8369
1778985978,R_75,26691.1968
1778985980,R_75,26691.4044
1778985982,R_75,26694.6172
1778985984,R_75,26697.5821
1778985986,R_75,26688.5394
1778985988,R_75,26692.3412
1778985990,R_75,26689.4571
1778985992,R_75,26693.6052
1778985994,R_75,26693.1215
1778985996,R_75,26696.2556
1778985998,R_75,26693.0858
1778986000,R_75,26693.6742
1778986002,R_75,26690.7976
1778986004,R_75,26688.9673
1778986006,R_75,26683.1502
1778986008,R_75,26683.01
1778986010,R_75,26681.9849
1778986012,R_75,26682.437
1778986014,R_75,26684.8141
1778986016,R_75,26683.0895
1778986018,R_75,26677.6376
1778986020,R_75,26671.2001
1778986022,R_75,26680.1367
1778986024,R_75,26678.1287
1778986026,R_75,26682.3826
1778986028,R_75,26682.2035
1778986030,R_75,26681.1829
1778986032,R_75,26687.2653
1778986034,R_75,26686.1062
1778986036,R_75,26683.1528
1778986038,R_75,26682.7069
1778986040,R_75,26686.1318
1778986042,R_75,26691.475
1778986044,R_75,26689.6566
1778986046,R_75,26696.695
1778986048,R_75,26702.8165
1778986050,R_75,26706.399
1778986052,R_75,26707.3539
1778986054,R_75,26707.651
1778986056,R_75,26708.509
1778986058,R_75,26706.5979
1778986060,R_75,26714.9486
1778986062,R_75,26713.8587
1778986064,R_75,26712.5573
1778986066,R_75,26718.8508
1778986068,R_75,26722.7671
1778986070,R_75,26717.6032
1778986072,R_75,26710.4951
1778986074,R_75,26716.0574
1778986076,R_75,26717.9747
1778986078,R_75,26724.5344
1778986080,R_75,26715.6006
1778986082,R_75,26717.0838
1778986084,R_75,26718.4513
1778986086,R_75,26716.2197
1778986088,R_75,26718.8803
1778986090,R_75,26714.2262
1778986092,R_75,26720.6793
1778986094,R_75,26717.6033
1778986096,R_75,26718.2997
1778986098,R_75,26720.3677
1778986100,R_75,26712.3806
1778986102,R_75,26714.6441
1778986104,R_75,26706.2592
1778986106,R_75,26710.4104
1778986108,R_75,26718.3054
1778986110,R_75,26723.0317
1778986112,R_75,26725.9449
1778986114,R_75,26726.8915
1778986116,R_75,26731.0383
1778986118,R_75,26736.5943
1778986120,R_75,26736.3395
1778986122,R_75,26732.7276
1778986124,R_75,26735.7145
1778986126,R_75,26739.0859
1778986128,R_75,26742.9739
1778986130,R_75,26747.4588
1778986132,R_75,26749.0295
1778986134,R_75,26748.4205
1778986136,R_75,26752.5786
1778986138,R_75,26753.6802
1778986140,R_75,26756.249
1778986142,R_75,26764.9685
1778986144,R_75,26759.6554
1778986146,R_75,26755.6478
1778986148,R_75,26744.6347
1778986150,R_75,26750.1113
1778986152,R_75,26749.2004
1778986154,R_75,26750.7
1778986156,R_75,26758.2734
1778986158,R_75,26753.1261
1778986160,R_75,26754.5464
1778986162,R_75,26759.1039
1778986164,R_75,26761.6445
1778986166,R_75,26770.6304
1778986168,R_75,26770.043
1778986170,R_75,26767.1254
1778986172,R_75,26767.0642
1778986174,R_75,26763.2602
1778986176,R_75,26762.5018
1778986178,R_75,26764.2626
1778986180,R_75,26761.4166
1778986182,R_75,26762.4981
1778986184,R_75,26765.085
1778986186,R_75,26766.2783
1778986188,R_75,26761.7883
1778986190,R_75,26769.6566
1778986192,R_75,26761.3597
1778986194,R_75,26766.1477
1778986196,R_75,26770.5911
1778986198,R_75,26763.7453
1778986200,R_75,26759.1158
1778986202,R_75,26760.3615
1778986204,R_75,26755.8446
1778986206,R_75,26754.2105
1778986208,R_75,26752.1014
1778986210,R_75,26749.7747
1778986212,R_75,26737.4589
1778986214,R_75,26741.6494
1778986216,R_75,26737.1262
1778986218,R_75,26737.6845
1778986220,R_75,26736.7883
1778986222,R_75,26733.5947
1778986224,R_75,26733.4441
1778986226,R_75,26742.0331
1778986228,R_75,26742.2592
1778986230,R_75,26748.0356
1778986232,R_75,26741.7513
1778986234,R_75,26742.0536
1778986236,R_75,26740.2428
1778986238,R_75,26749.7881
1778986240,R_75,26751.2886
1778986242,R_75,26744.234
1778986244,R_75,26742.3577
1778986246,R_75,26742.6188
1778986248,R_75,26740.7423
1778986250,R_75,26747.3068
1778986252,R_75,26759.9851
1778986254,R_75,26764.8801
1778986256,R_75,26763.6687
1778986258,R_75,26762.079
1778986260,R_75,26757.9587
1778986262,R_75,26767.9934
1778986264,R_75,26767.7085
1778986266,R_75,26772.1467
1778986268,R_75,26767.2583
1778986270,R_75,26766.3527
1778986272,R_75,26775.4752
1778986274,R_75,26774.6198
1778986276,R_75,26781.0499
1778986278,R_75,26789.9713
1778986280,R_75,26792.9978
1778986282,R_75,26791.8774
1778986284,R_75,26788.9722
1778986286,R_75,26779.8181
1778986288,R_75,26774.5248
1778986290,R_75,26766.3127
1778986292,R_75,26769.6393
1778986294,R_75,26765.4842
1778986296,R_75,26770.3172
1778986298,R_75,26767.5072
1778986300,R_75,26764.576
1778986302,R_75,26755.915
1778986304,R_75,26756.7303
1778986306,R_75,26747.3788
1778986308,R_75,26745.6878
1778986310,R_75,26742.6648
1778986312,R_75,26740.5971
1778986314,R_75,26736.1074
1778986316,R_75,26735.5428
1778986318,R_75,26746.9595
1778986320,R_75,26743.7818
1778986322,R_75,26741.8406
1778986324,R_75,26731.0445
1778986326,R_75,26735.0058
1778986328,R_75,26738.5943
1778986330,R_75,26737.0924
1778986332,R_75,26734.157
1778986334,R_75,26739.307
1778986336,R_75,26744.0307
1778986338,R_75,26740.241
1778986340,R_75,26741.1941
1778986342,R_75,26744.3371
1778986344,R_75,26751.4141
1778986346,R_75,26749.5471
1778986348,R_75,26744.5259
1778986350,R_75,26745.7052
1778986352,R_75,26756.1678
1778986354,R_75,26755.1055
1778986356,R_75,26752.3983
1778986358,R_75,26757.6619
1778986360,R_75,26757.2725
1778986362,R_75,26754.7447
1778986364,R_75,26752.4399
1778986366,R_75,26749.0063
1778986368,R_75,26749.8855
1778986370,R_75,26744.545
1778986372,R_75,26743.2158
1778986374,R_75,26736.7713
1778986376,R_75,26738.1694
1778986378,R_75,26736.336
1778986380,R_75,26733.9832
1778986382,R_75,26721.8377
1778986384,R_75,26724.0002
1778986386,R_75,26718.0262
1778986388,R_75,26720.9252
1778986390,R_75,26720.1789
1778986392,R_75,26715.7899
1778986394,R_75,26711.461
1778986396,R_75,26716.668
1778986398,R_75,26717.2166
1778986400,R_75,26715.5369
1778986402,R_75,26708.6421
1778986404,R_75,26708.3823
1778986406,R_75,26710.1503
1778986408,R_75,26715.9442
1778986410,R_75,26715.5364
1778986412,R_75,26722.0413
1778986414,R_75,26711.9807
1778986416,R_75,26708.8678
1778986418,R_75,26717.2204
1778986420,R_75,26719.1493
1778986422,R_75,26720.8444
1778986424,R_75,26722.1337
1778986426,R_75,26722.2574
1778986428,R_75,26731.4936
1778986430,R_75,26728.6212
1778986432,R_75,26727.602
1778986434,R_75,26724.0918
1778986436,R_75,26716.4976
1778986438,R_75,26725.8132
1778986440,R_75,26724.3453
1778986442,R_75,26710.6223
1778986444,R_75,26717.0521
1778986446,R_75,26727.8537
1778986448,R_75,26723.0757
1778986450,R_75,26719.1983
1778986452,R_75,26723.332
1778986454,R_75,26723.2377
1778986456,R_75,26727.3161
1778986458,R_75,26719.0118
1778986460,R_75,26721.4596
1778986462,R_75,26729.4558
1778986464,R_75,26725.6389
1778986466,R_75,26724.0433
1778986468,R_75,26728.9986
1778986470,R_75,26733.2384
1778986472,R_75,26723.9166
1778986474,R_75,26722.8862
1778986476,R_75,26731.9222
1778986478,R_75,26723.5872
1778986480,R_75,26721.9451
1778986482,R_75,26722.9641
1778986484,R_75,26722.0303
1778986486,R_75,26724.4423
1778986488,R_75,26715.2506
1778986490,R_75,26724.652
1778986492,R_75,26721.9591
1778986494,R_75,26724.5564
1778986496,R_75,26726.2173
1778986498,R_75,26727.3241
1778986500,R_75,26731.9488
1778986502,R_75,26723.8265
1778986504,R_75,26730.6305
1778986506,R_75,26726.4277
1778986508,R_75,26734.1861
1778986510,R_75,26738.0136
1778986512,R_75,26744.5045
1778986514,R_75,26752.3631
1778986516,R_75,26749.1811
1778986518,R_75,26745.1072
1778986520,R_75,26752.7661
1778986522,R_75,26750.6481
1778986524,R_75,26754.5651
1778986526,R_75,26749.6887
1778986528,R_75,26749.1243
1778986530,R_75,26752.0986
1778986532,R_75,26753.3361
1778986534,R_75,26747.9528
1778986536,R_75,26750.5745
1778986538,R_75,26745.2583
1778986540,R_75,26739.4011
1778986542,R_75,26738.7544
1778986544,R_75,26727.3492
1778986546,R_75,26724.8676
1778986548,R_75,26722.1119
1778986550,R_75,26728.7665
1778986552,R_75,26724.5866
1778986554,R_75,26731.1345
1778986556,R_75,26731.8247
1778986558,R_75,26733.2095
1778986560,R_75,26727.9181
1778986562,R_75,26724.9663
1778986564,R_75,26723.462
1778986566,R_75,26720.6054
1778986568,R_75,26716.5
1778986570,R_75,26718.3748
1778986572,R_75,26714.3594
1778986574,R_75,26708.1535
1778986576,R_75,26703.2357
1778986578,R_75,26705.15
1778986580,R_75,26696.2304
1778986582,R_75,26694.8415
1778986584,R_75,26681.3988
1778986586,R_75,26679.9901
1778986588,R_75,26663.6261
1778986590,R_75,26658.3243
1778986592,R_75,26657.8226
1778986594,R_75,26658.8495
1778986596,R_75,26664.3399
1778986598,R_75,26667.569
1778986600,R_75,26666.1162
1778986602,R_75,26668.1443
1778986604,R_75,26677.5876
1778986606,R_75,26675.3212
1778986608,R_75,26674.8414
1778986610,R_75,26685.3748
1778986612,R_75,26691.2352
1778986614,R_75,26684.0426
1778986616,R_75,26681.0148
1778986618,R_75,26680.1483
1778986620,R_75,26678.5136
1778986622,R_75,26673.8561
1778986624,R_75,26675.6497
1778986626,R_75,26675.566
1778986628,R_75,26675.864
1778986630,R_75,26687.6979
1778986632,R_75,26686.6914
1778986634,R_75,26687.018
1778990222,R_75,26749.1974
1778990224,R_75,26746.2768
1778990226,R_75,26746.2441
1778990228,R_75,26745.1719
1778990230,R_75,26740.2018
1778990232,R_75,26740.0153
1778990234,R_75,26736.0381
1778990236,R_75,26735.3512
1778990238,R_75,26729.6733
1778990240,R_75,26722.9382
1778990242,R_75,26728.0443
1778990244,R_75,26729.5861
1778990246,R_75,26733.0771
1778990248,R_75,26726.4718
1778990250,R_75,26721.8244
1778990252,R_75,26715.2904
1778990254,R_75,26716.6141
1778990256,R_75,26725.0413
1778990258,R_75,26734.6512
1778990260,R_75,26727.7016
1778990262,R_75,26723.3509
1778990264,R_75,26718.8248
1778990266,R_75,26723.836
1778990268,R_75,26731.9429
1778990270,R_75,26728.0492
1778990272,R_75,26726.4735
1778990274,R_75,26730.7631
1778990276,R_75,26730.7908
1778990278,R_75,26739.4575
1778990280,R_75,26734.6229
1778990282,R_75,26729.9953
1778990284,R_75,26736.1305
1778990286,R_75,26740.3476
1778990288,R_75,26739.8289
1778990290,R_75,26741.2037
1778990292,R_75,26742.3549
1778990294,R_75,26745.5829
1778990296,R_75,26742.0064
1778990298,R_75,26742.5757
1778990300,R_75,26746.6856
1778990302,R_75,26746.2784
1778990304,R_75,26737.9889
1778990306,R_75,26739.3216
1778990308,R_75,26752.6631
1778990310,R_75,26753.8465
1778990312,R_75,26748.79
1778990314,R_75,26747.4301
1778990316,R_75,26744.1373
1778990318,R_75,26745.4868
1778990320,R_75,26743.6134
1778990322,R_75,26744.8096
1778990324,R_75,26734.962
1778990326,R_75,26734.2493
1778990328,R_75,26734.3256
1778990330,R_75,26731.2768
1778990332,R_75,26729.5089
1778990334,R_75,26734.0776
1778990336,R_75,26734.3616
1778990338,R_75,26734.3684
1778990340,R_75,26729.7987
1778990342,R_75,26731.4285
1778990344,R_75,26732.4372
1778990346,R_75,26737.9369
1778990348,R_75,26735.5372
1778990350,R_75,26740.4043
1778990352,R_75,26739.1931
1778990354,R_75,26745.428
1778990356,R_75,26746.4137
1778990358,R_75,26740.1459
1778990360,R_75,26749.1551
1778990362,R_75,26747.5399
1778990364,R_75,26741.8271
1778990366,R_75,26749.1261
1778990368,R_75,26740.5266
1778990370,R_75,26737.201
1778990372,R_75,26734.6441
1778990374,R_75,26733.5319
1778990376,R_75,26737.2511
1778990378,R_75,26741.564
1778990380,R_75,26746.7894
1778990382,R_75,26746.9009
1778990384,R_75,26752.7177
1778990386,R_75,26749.3108
1778990388,R_75,26743.3602
1778990390,R_75,26745.5333
1778990392,R_75,26749.0304
1778990394,R_75,26742.5854
1778990396,R_75,26742.7637
1778990398,R_75,26745.2291
1778990400,R_75,26743.3475
1778990402,R_75,26745.9724
1778990404,R_75,26749.2716
1778990406,R_75,26750.6756
1778990408,R_75,26755.4389
1778990410,R_75,26759.3922
1778990412,R_75,26756.2387
1778990414,R_75,26751.3325
1778990416,R_75,26759.7866
1778990418,R_75,26755.4481
1778990420,R_75,26756.7638
1778990422,R_75,26752.0364
1778990424,R_75,26749.7469
1778990426,R_75,26749.7576
1778990428,R_75,26760.313
1778990430,R_75,26756.7202
1778990432,R_75,26753.5954
1778990434,R_75,26753.592
1778990436,R_75,26757.1322
1778990438,R_75,26754.9462
1778990440,R_75,26746.9417
1778990442,R_75,26750.2421
1778990444,R_75,26742.7367
1778990446,R_75,26737.1701
1778990448,R_75,26743.2637
1778990450,R_75,26751.708
1778990452,R_75,26755.1119
1778990454,R_75,26753.1872
1778990456,R_75,26749.2529
1778990458,R_75,26755.944
1778990460,R_75,26752.489
1778990462,R_75,26750.4006
1778990464,R_75,26753.5268
1778990466,R_75,26757.2636
1778990468,R_75,26753.647
1778990470,R_75,26750.3371
1778990472,R_75,26742.2785
1778990474,R_75,26741.1615
1778990476,R_75,26743.3769
1778990478,R_75,26745.6632
1778990480,R_75,26747.2965
1778990482,R_75,26745.044
1778990484,R_75,26744.6007
1778990486,R_75,26745.7006
1778990488,R_75,26750.4427
1778990490,R_75,26748.9967
1778990492,R_75,26755.6221
1778990494,R_75,26756.9718
1778990496,R_75,26763.3724
1778990498,R_75,26758.8262
1778990500,R_75,26764.1836
1778990502,R_75,26772.936
1778990504,R_75,26775.3347
1778990506,R_75,26767.9221
1778990508,R_75,26765.4248
1778990510,R_75,26763.8144
1778990512,R_75,26767.8693
1778990514,R_75,26765.5268
1778990516,R_75,26770.0012
1778990518,R_75,26771.2206
1778990520,R_75,26773.326
1778990522,R_75,26778.216
1778990524,R_75,26793.1272
1778990526,R_75,26794.6786
1778990528,R_75,26793.3741
1778990530,R_75,26793.6434
1778990532,R_75,26806.8001
1778990534,R_75,26798.7081
1778990536,R_75,26790.9533
1778990538,R_75,26788.9783
1778990540,R_75,26793.1373
1778990542,R_75,26793.419
1778990544,R_75,26794.7854
1778990546,R_75,26795.19
1778990548,R_75,26797.4994
1778990550,R_75,26795.942
1778990552,R_75,26800.0205
1778990554,R_75,26792.9783
1778990556,R_75,26794.5336
1778990558,R_75,26793.0726
1778990560,R_75,26797.4259
1778990562,R_75,26798.4452
1778990564,R_75,26798.9726
1778990566,R_75,26796.2835
1778990568,R_75,26797.0456
1778990570,R_75,26803.9177
1778990572,R_75,26808.8455
1778990574,R_75,26802.28
1778990576,R_75,26802.7445
1778990578,R_75,26803.0931
1778990580,R_75,26808.8637
1778990582,R_75,26815.4888
1778990584,R_75,26811.9947
1778990586,R_75,26816.207
1778990588,R_75,26816.7724
1778990590,R_75,26821.9502
1778990592,R_75,26820.1459
1778990594,R_75,26812.1857
1778990596,R_75,26809.6872
1778990598,R_75,26817.2989
1778990600,R_75,26817.8276
1778990602,R_75,26823.4668
1778990604,R_75,26816.6979
1778990606,R_75,26811.5891
1778990608,R_75,26812.5343
1778990610,R_75,26822.356
1778990612,R_75,26828.0046
1778990614,R_75,26831.5712
1778990616,R_75,26822.7148
1778990618,R_75,26835.7702
1778990620,R_75,26838.041
1778990622,R_75,26835.8136
1778990624,R_75,26830.7856
1778990626,R_75,26829.2744
1778990628,R_75,26826.9448
1778990630,R_75,26832.8182
1778990632,R_75,26831.5616
1778990634,R_75,26839.3893
1778990636,R_75,26834.7213
1778990638,R_75,26835.4298
1778990640,R_75,26827.1119
1778990642,R_75,26828.0694
1778990644,R_75,26835.7006
1778990646,R_75,26833.8201
1778990648,R_75,26835.6031
1778990650,R_75,26824.0639
1778990652,R_75,26817.7462
1778990654,R_75,26820.7899
1778990656,R_75,26819.2011
1778990658,R_75,26829.2869
1778990660,R_75,26827.2485
1778990662,R_75,26840.9319
1778990664,R_75,26845.7387
1778990666,R_75,26836.7798
1778990668,R_75,26832.9594
1778990670,R_75,26826.4375
1778990672,R_75,26817.1027
1778990674,R_75,26825.3553
1778990676,R_75,26831.9491
1778990678,R_75,26837.5717
1778990680,R_75,26836.072
1778990682,R_75,26846.0646
1778990684,R_75,26843.13
1778990686,R_75,26848.1925
1778990688,R_75,26843.9741
1778990690,R_75,26838.4971
1778990692,R_75,26843.1625
1778990694,R_75,26843.2231
1778990696,R_75,26841.635
1778990698,R_75,26841.257
1778990700,R_75,26840.629
1778990702,R_75,26842.1985
1778990704,R_75,26840.8154
1778990706,R_75,26839.6062
1778990708,R_75,26855.46
1778990710,R_75,26860.2136
1778990712,R_75,26865.9097
1778990714,R_75,26862.4156
1778990716,R_75,26861.6425
1778990718,R_75,26858.8845
1778990720,R_75,26863.1481
1778990722,R_75,26868.8328
1778990724,R_75,26872.6655
1778990726,R_75,26867.6148
1778990728,R_75,26878.6207
1778990730,R_75,26881.5087
1778990732,R_75,26882.9577
1778990734,R_75,26883.3628
1778990736,R_75,26890.6848
1778990738,R_75,26884.0313
1778990740,R_75,26883.0971
1778990742,R_75,26886.9484
1778990744,R_75,26882.6335
1778990746,R_75,26880.2566
1778990748,R_75,26882.2039
1778990750,R_75,26878.2222
1778990752,R_75,26875.0291
1778990754,R_75,26879.9275
1778990756,R_75,26880.2495
1778990758,R_75,26881.6688
1778990760,R_75,26884.7379
1778990762,R_75,26891.9122
1778990764,R_75,26890.1344
1778990766,R_75,26893.4459
1778990768,R_75,26898.0736
1778990770,R_75,26902.0141
1778990772,R_75,26903.0421
1778990774,R_75,26901.2059
1778990776,R_75,26904.3765
1778990778,R_75,26904.431
1778990780,R_75,26911.3371
1778990782,R_75,26908.6791
1778990784,R_75,26901.5584
1778990786,R_75,26900.7104
1778990788,R_75,26903.0757
1778990790,R_75,26907.6832
1778990792,R_75,26901.6303
1778990794,R_75,26899.1788
1778990796,R_75,26894.8698
1778990798,R_75,26888.4237
1778990800,R_75,26887.2289
1778990802,R_75,26886.6262
1778990804,R_75,26892.3939
1778990806,R_75,26882.5421
1778990808,R_75,26891.6815
1778990810,R_75,26890.5449
1778990812,R_75,26895.5852
1778990814,R_75,26893.0046
1778990816,R_75,26900.4348
1778990818,R_75,26897.0592
1778990820,R_75,26896.8882
1778990822,R_75,26899.6872
1778990824,R_75,26899.7987
1778990826,R_75,26898.6421
1778990828,R_75,26898.5486
1778990830,R_75,26899.749
1778990832,R_75,26904.5719
1778990834,R_75,26901.974
1778990836,R_75,26897.8754
1778990838,R_75,26897.7784
1778990840,R_75,26905.6151
1778990842,R_75,26907.981
1778990844,R_75,26916.1532
1778990846,R_75,26916.7723
1778990848,R_75,26920.3342
1778990850,R_75,26927.2306
1778990852,R_75,26926.2757
1778990854,R_75,26926.9189
1778990856,R_75,26938.8392
1778990858,R_75,26939.6536
1778990860,R_75,26945.867
1778990862,R_75,26945.2881
1778990864,R_75,26941.269
1778990866,R_75,26930.9364
1778990868,R_75,26939.8453
1778990870,R_75,26945.5769
1778990872,R_75,26939.0318
1778990874,R_75,26944.1191
1778990876,R_75,26941.111
1778990878,R_75,26941.4344
1778990880,R_75,26945.431
1778990882,R_75,26946.9737
1778990884,R_75,26948.5271
1778990886,R_75,26951.5955
1778990888,R_75,26950.5444
1778990890,R_75,26958.1716
1778990892,R_75,26959.4208
1778990894,R_75,26955.45
1778990896,R_75,26966.3118
1778990898,R_75,26967.5666
1778990900,R_75,26968.1487
1778990902,R_75,26972.2531
1778990904,R_75,26973.6726
1778990906,R_75,26979.24
1778990908,R_75,26972.9039
1778990910,R_75,26976.8044
1778990912,R_75,26976.0696
1778990914,R_75,26968.5103
1778990916,R_75,26962.1018
1778990918,R_75,26954.5958
1778990920,R_75,26948.7349
1778990922,R_75,26940.06
1778990924,R_75,26941.6591
1778990926,R_75,26953.7771
1778990928,R_75,26952.1748
1778990930,R_75,26953.6738
1778990932,R_75,26964.2527
1778990934,R_75,26957.5225
1778990936,R_75,26953.3573
1778990938,R_75,26962.5
1778990940,R_75,26961.8903
1778990942,R_75,26955.0221
1778990944,R_75,26954.088
1778990946,R_75,26956.5016
1778990948,R_75,26957.6281
1778990950,R_75,26960.2903
1778990952,R_75,26953.0339
1778990954,R_75,26943.5887
1778990956,R_75,26937.3355
1778990958,R_75,26947.1753
1778990960,R_75,26951.6915
1778990962,R_75,26958.9436
1778990964,R_75,26955.9853
1778990966,R_75,26957.9295
1778990968,R_75,26963.5633
1778990970,R_75,26972.1264
1778990972,R_75,26973.5733
1778990974,R_75,26982.4853
1778990976,R_75,26981.2593
1778990978,R_75,26988.7951
1778990980,R_75,26985.3861
1778990982,R_75,26988.0352
1778990984,R_75,26988.2971
1778990986,R_75,26997.2094
1778990988,R_75,27002.5989
1778990990,R_75,26998.5766
1778990992,R_75,27002.6871
1778990994,R_75,26998.9837
1778990996,R_75,26997.4274
1778990998,R_75,26996.363
1778991000,R_75,26988.1041
1778991002,R_75,26989.5825
1778991004,R_75,26985.4938
1778991006,R_75,26986.5115
1778991008,R_75,26992.6582
1778991010,R_75,26991.0793
1778991012,R_75,26988.0231
1778991014,R_75,26990.4088
1778991016,R_75,26997.4755
1778991018,R_75,26992.7583
1778991020,R_75,26992.4147
1778991022,R_75,26986.0159
1778991024,R_75,26981.2876
1778991026,R_75,26984.4292
1778991028,R_75,26992.1824
1778991030,R_75,26991.6611
1778991032,R_75,26993.8237
1778991034,R_75,26997.8374
1778991036,R_75,26993.8319
1778991038,R_75,26986.4404
1778991040,R_75,26989.2782
1778991042,R_75,26985.033
1778991044,R_75,26983.2432
1778991046,R_75,26986.5134
1778991048,R_75,26992.6538
1778991050,R_75,26985.9409
1778991052,R_75,26985.0591
1778991054,R_75,26980.6979
1778991056,R_75,26980.7936
1778991058,R_75,26985.4471
1778991060,R_75,26984.0021
1778991062,R_75,26991.1763
1778991064,R_75,26987.3352
1778991066,R_75,26987.183
1778991068,R_75,26993.6686
1778991070,R_75,26997.6336
1778991072,R_75,26996.331
1778991074,R_75,27002.0687
1778991076,R_75,27004.6253
1778991078,R_75,27007.0329
1778991080,R_75,27001.6037
1778991082,R_75,27006.3243
1778991084,R_75,27004.8683
1778991086,R_75,26994.73
1778991088,R_75,26990.9348
1778991090,R_75,26993.477
1778991092,R_75,26990.1955
1778991094,R_75,26990.3003
1778991096,R_75,26980.6674
1778991098,R_75,26984.2691
1778991100,R_75,26981.4141
1778991102,R_75,26984.5488
1778991104,R_75,26985.614
1778991106,R_75,26991.6223
1778991108,R_75,26987.6287
1778991110,R_75,26990.3629
1778991112,R_75,26984.1646
1778991114,R_75,26978.3303
1778991116,R_75,26971.592
1778991118,R_75,26977.3198
1778991120,R_75,26966.4044
1778991122,R_75,26970.7797
1778991124,R_75,26973.0648
1778991126,R_75,26968.934
1778991128,R_75,26969.6038
1778991130,R_75,26964.9562
1778991132,R_75,26959.541
1778991134,R_75,26954.5289
1778991136,R_75,26952.6713
1778991138,R_75,26948.8756
1778991140,R_75,26947.3398
1778991142,R_75,26945.1015
1778991144,R_75,26949.2447
1778991146,R_75,26948.773
1778991148,R_75,26957.3413
1778991150,R_75,26954.4715
1778991152,R_75,26947.0239
1778991154,R_75,26949.5868
1778991156,R_75,26944.5865
1778991158,R_75,26950.6026
1778991160,R_75,26946.1274
1778991162,R_75,26946.5147
1778991164,R_75,26938.005
1778991166,R_75,26936.6225
1778991168,R_75,26930.05
1778991170,R_75,26930.1423
1778991172,R_75,26925.3512
1778991174,R_75,26920.7339
1778991176,R_75,26928.7851
1778991178,R_75,26931.5933
1778991180,R_75,26926.1987
1778991182,R_75,26929.2901
1778991184,R_75,26935.8704
1778991186,R_75,26948.6032
1778991188,R_75,26945.3205
1778991190,R_75,26947.2165
1778991192,R_75,26942.6706
1778991194,R_75,26937.1873
1778991196,R_75,26940.02
1778991198,R_75,26947.0159
1778991200,R_75,26940.0069
1778991202,R_75,26938.1535
1778991204,R_75,26928.985
1778991206,R_75,26928.9688
1778991208,R_75,26922.9866
1778991210,R_75,26917.453
1778991212,R_75,26911.8605
1778991214,R_75,26903.6295
1778991216,R_75,26906.5273
1778991218,R_75,26908.6867
1778991220,R_75,26900.5804
1778991222,R_75,26897.6374
1778991224,R_75,26898.7316
1778991226,R_75,26897.7144
1778991228,R_75,26888.7111
1778991230,R_75,26888.1945
1778991232,R_75,26885.7954
1778991234,R_75,26885.6066
1778991236,R_75,26880.5658
1778991238,R_75,26875.8493
1778991240,R_75,26876.1497
1778991242,R_75,26877.1448
1778991244,R_75,26876.6842
1778991246,R_75,26869.4228
1778991248,R_75,26876.9322
1778991250,R_75,26884.8183
1778991252,R_75,26886.4508
1778991254,R_75,26887.6286
1778991256,R_75,26881.7125
1778991258,R_75,26871.5782
1778991260,R_75,26874.5924
1778991262,R_75,26868.8217
1778991264,R_75,26869.5554
1778991266,R_75,26866.7252
1778991268,R_75,26866.7422
1778991270,R_75,26875.7607
1778991272,R_75,26871.4132
1778991274,R_75,26874.6722
1778991276,R_75,26879.582
1778991278,R_75,26877.8734
1778991280,R_75,26885.9318
1778991282,R_75,26891.5136
1778991284,R_75,26893.6858
1778991286,R_75,26887.3612
1778991288,R_75,26887.1267
1778991290,R_75,26887.628
1778991292,R_75,26887.3034
1778991294,R_75,26890.6443
1778991296,R_75,26896.3124
1778991298,R_75,26884.5644
1778991300,R_75,26880.5031
1778991302,R_75,26885.6012
1778991304,R_75,26888.5586
1778991306,R_75,26887.8042
1778991308,R_75,26893.0927
1778991310,R_75,26890.0199
1778991312,R_75,26891.7373
1778991314,R_75,26895.5751
1778991316,R_75,26890.3383
1778991318,R_75,26887.5546
1778991320,R_75,26884.4024
1778991322,R_75,26889.7593
1778991324,R_75,26888.1189
1778991326,R_75,26888.6304
1778991328,R_75,26890.0059
1778991330,R_75,26890.4364
1778991332,R_75,26889.2585
1778991334,R_75,26880.9888
1778991336,R_75,26890.0767
1778991338,R_75,26891.0984
1778991340,R_75,26887.0596
1778991342,R_75,26887.4471
1778991344,R_75,26893.0776
1778991346,R_75,26892.1359
1778991348,R_75,26896.328
1778991350,R_75,26900.8619
1778991352,R_75,26901.5562
1778991354,R_75,26914.5938
1778991356,R_75,26922.3252
1778991358,R_75,26924.4707
1778991360,R_75,26919.8529
1778991362,R_75,26918.0849
1778991364,R_75,26916.5329
1778991366,R_75,26911.9353
1778991368,R_75,26919.3545
1778991370,R_75,26917.3646
1778991372,R_75,26919.8151
1778991374,R_75,26925.86
1778991376,R_75,26922.1633
1778991378,R_75,26921.7823
1778991380,R_75,26918.5273
1778991382,R_75,26915.1505
1778991384,R_75,26926.2763
1778991386,R_75,26929.6894
1778991388,R_75,26918.0432
1778991390,R_75,26922.3689
1778991392,R_75,26909.779
1778991394,R_75,26923.0317
1778991396,R_75,26917.4164
1778991398,R_75,26911.608
1778991400,R_75,26910.1619
1778991402,R_75,26902.0287
1778991404,R_75,26898.8028
1778991406,R_75,26906.4574
1778991408,R_75,26898.162
1778991410,R_75,26898.3571
1778991412,R_75,26899.9212
1778991414,R_75,26902.9474
1778991416,R_75,26890.914
1778991418,R_75,26886.8858
1778991420,R_75,26877.3808
1778991422,R_75,26882.1385
1778991424,R_75,26877.7141
1778991426,R_75,26883.4256
1778991428,R_75,26881.3441
1778991430,R_75,26882.9667
1778991432,R_75,26884.1734
1778991434,R_75,26891.1138
1778991436,R_75,26892.6028
1778991438,R_75,26886.7165
1778991440,R_75,26881.5078
1778991442,R_75,26877.9149
1778991444,R_75,26879.8417
1778991446,R_75,26887.6379
1778991448,R_75,26891.1309
1778991450,R_75,26887.5694
1778991452,R_75,26887.0768
1778991454,R_75,26886.3711
1778991456,R_75,26886.6774
1778991458,R_75,26887.2268
1778991460,R_75,26875.8165
1778991462,R_75,26880.9643
1778991464,R_75,26883.3392
1778991466,R_75,26897.5322
1778991468,R_75,26902.609
1778991470,R_75,26896.7679
1778991472,R_75,26896.8102
1778991474,R_75,26902.9903
1778991476,R_75,26906.0814
1778991478,R_75,26905.3599
1778991480,R_75,26906.5268
1778991482,R_75,26903.1078
1778991484,R_75,26907.1572
1778991486,R_75,26910.4695
1778991488,R_75,26908.7963
1778991490,R_75,26910.048
1778991492,R_75,26922.8642
1778991494,R_75,26927.4593
1778991496,R_75,26931.3661
1778991498,R_75,26931.5846
1778991500,R_75,26924.318
1778991502,R_75,26925.3791
1778991504,R_75,26932.497
1778991506,R_75,26929.2288
1778991508,R_75,26921.6528
1778991510,R_75,26925.2282
1778991512,R_75,26929.4268
1778991514,R_75,26928.8063
1778991516,R_75,26929.3036
1778991518,R_75,26928.8124
1778991520,R_75,26923.5058
1778991522,R_75,26922.7098
1778991524,R_75,26910.7782
1778991526,R_75,26915.0758
1778991528,R_75,26912.9079
1778991530,R_75,26918.2745
1778991532,R_75,26922.6681
1778991534,R_75,26928.3704
1778991536,R_75,26928.7111
1778991538,R_75,26933.1658
1778991540,R_75,26932.296
1778991542,R_75,26920.3254
1778991544,R_75,26916.271
1778991546,R_75,26914.2691
1778991548,R_75,26920.906
1778991550,R_75,26924.1242
1778991552,R_75,26917.549
1778991554,R_75,26914.3566
1778991556,R_75,26914.506
1778991558,R_75,26914.6719
1778991560,R_75,26917.7984
1778991562,R_75,26912.3156
1778991564,R_75,26906.9894
1778991566,R_75,26907.3101
1778991568,R_75,26905.3082
1778991570,R_75,26901.7468
1778991572,R_75,26904.9018
1778991574,R_75,26908.1763
1778991576,R_75,26914.0742
1778991578,R_75,26927.2263
1778991580,R_75,26921.4534
1778991582,R_75,26922.799
1778991584,R_75,26916.0848
1778991586,R_75,26913.4552
1778991588,R_75,26915.9204
1778991590,R_75,26916.0942
1778991592,R_75,26911.7602
1778991594,R_75,26902.2955
1778991596,R_75,26894.9639
1778991598,R_75,26890.8538
1778991600,R_75,26892.6426
1778991602,R_75,26887.2819
1778991604,R_75,26889.4428
1778991606,R_75,26884.1846
1778991608,R_75,26885.7147
1778991610,R_75,26890.0517
1778991612,R_75,26893.5428
1778991614,R_75,26889.3294
1778991616,R_75,26892.1028
1778991618,R_75,26894.6913
1778991620,R_75,26894.2185
1778991622,R_75,26890.5005
1778991624,R_75,26892.2105
1778991626,R_75,26897.7666
1778991628,R_75,26896.9053
1778991630,R_75,26902.1081
1778991632,R_75,26912.4924
1778991634,R_75,26922.5231
1778991636,R_75,26917.038
1778991638,R_75,26914.5819
1778991640,R_75,26897.4717
1778991642,R_75,26899.3856
1778991644,R_75,26899.0385
1778991646,R_75,26887.2634
1778991648,R_75,26891.5556
1778991650,R_75,26896.1816
1778991652,R_75,26894.6949
1778991654,R_75,26894.1532
1778991656,R_75,26901.1328
1778991658,R_75,26903.8644
1778991660,R_75,26901.2621
1778991662,R_75,26907.0505
1778991664,R_75,26904.6063
1778991666,R_75,26902.4568
1778991668,R_75,26887.9312
1778991670,R_75,26893.6776
1778991672,R_75,26902.4483
1778991674,R_75,26901.9676
1778991676,R_75,26910.1991
1778991678,R_75,26915.1128
1778991680,R_75,26914.7149
1778991682,R_75,26919.2823
1778991684,R_75,26920.6203
1778991686,R_75,26919.2239
1778991688,R_75,26918.5661
1778991690,R_75,26916.365
1778991692,R_75,26917.9695
1778991694,R_75,26917.11
1778991696,R_75,26915.5509
1778991698,R_75,26911.4032
1778991700,R_75,26910.3802
1778991702,R_75,26917.0452
1778991704,R_75,26919.9136
1778991706,R_75,26920.8648
1778991708,R_75,26919.4442
1778991710,R_75,26922.2256
1778991712,R_75,26916.7864
1778991714,R_75,26922.3934
1778991716,R_75,26923.5081
1778991718,R_75,26921.2354
1778991720,R_75,26920.1666
1778991722,R_75,26919.6308
1778991724,R_75,26919.6583
1778991726,R_75,26915.4458
1778991728,R_75,26919.4968
1778991730,R_75,26916.2888
1778991732,R_75,26919.9863
1778991734,R_75,26911.8239
1778991736,R_75,26917.2181
1778991738,R_75,26919.822
1778991740,R_75,26913.4072
1778991742,R_75,26915.0229
1778991744,R_75,26922.8876
1778991746,R_75,26926.2948
1778991748,R_75,26919.7788
1778991750,R_75,26918.2404
1778991752,R_75,26920.9623
1778991754,R_75,26927.7258
1778991756,R_75,26930.4134
1778991758,R_75,26933.642
1778991760,R_75,26927.6839
1778991762,R_75,26920.8103
1778991764,R_75,26918.4457
1778991766,R_75,26919.3356
1778991768,R_75,26924.5158
1778991770,R_75,26929.7326
1778991772,R_75,26927.935
1778991774,R_75,26924.718
1778991776,R_75,26918.182
1778991778,R_75,26921.012
1778991780,R_75,26911.3227
1778991782,R_75,26923.3727
1778991784,R_75,26925.0562
1778991786,R_75,26934.6963
1778991788,R_75,26932.5061
1778991790,R_75,26924.9151
1778991792,R_75,26922.9148
1778991794,R_75,26925.7377
1778991796,R_75,26929.7619
1778991798,R_75,26933.0566
1778991800,R_75,26947.1036
1778991802,R_75,26939.6748
1778991804,R_75,26936.1282
1778991806,R_75,26935.4245
1778991808,R_75,26934.9894
1778991810,R_75,26935.7313
1778991812,R_75,26939.3105
1778991814,R_75,26950.1703
1778991816,R_75,26941.3196
1778991818,R_75,26935.5185
1778991820,R_75,26933.865
1778991822,R_75,26932.501
1778991824,R_75,26936.4626
1778991826,R_75,26945.0387
1778991828,R_75,26952.1802
1778991830,R_75,26956.4326
1778991832,R_75,26954.6605
1778991834,R_75,26951.0636
1778991836,R_75,26957.4161
1778991838,R_75,26954.7457
1778991840,R_75,26950.757
1778991842,R_75,26949.8322
1778991844,R_75,26948.5975
1778991846,R_75,26944.1901
1778991848,R_75,26941.8638
1778991850,R_75,26942.5078
1778991852,R_75,26941.1422
1778991854,R_75,26945.1348
1778991856,R_75,26953.1634
1778991858,R_75,26951.3198
1778991860,R_75,26941.5155
1778991862,R_75,26940.9497
1778991864,R_75,26944.4201
1778991866,R_75,26938.3283
1778991868,R_75,26948.4853
1778991870,R_75,26946.4321
1778991872,R_75,26946.5559
1778991874,R_75,26946.761
1778991876,R_75,26948.3094
1778991878,R_75,26943.6813
1778991880,R_75,26953.1121
1778991882,R_75,26949.0819
1778991884,R_75,26949.22
1778991886,R_75,26952.646
1778991888,R_75,26943.7306
1778991890,R_75,26943.2758
1778991892,R_75,26942.8243
1778991894,R_75,26943.586
1778991896,R_75,26940.2567
1778991898,R_75,26943.4718
1778991900,R_75,26938.561
1778991902,R_75,26929.5607
1778991904,R_75,26923.9885
1778991906,R_75,26926.1707
1778991908,R_75,26931.807
1778991910,R_75,26935.7451
1778991912,R_75,26939.0328
1778991914,R_75,26939.0167
1778991916,R_75,26933.5039
1778991918,R_75,26937.464
1778991920,R_75,26939.6873
1778991922,R_75,26944.0223
1778991924,R_75,26940.9723
1778991926,R_75,26946.3709
1778991928,R_75,26939.8122
1778991930,R_75,26945.0627
1778991932,R_75,26946.3333
1778991934,R_75,26940.0748
1778991936,R_75,26947.065
1778991938,R_75,26951.6496
1778991940,R_75,26951.6688
1778991942,R_75,26956.609
1778991944,R_75,26957.02
1778991946,R_75,26957.4065
1778991948,R_75,26954.3632
1778991950,R_75,26959.7072
1778991952,R_75,26961.7684
1778991954,R_75,26956.6847
1778991956,R_75,26948.7685
1778991958,R_75,26954.9752
1778991960,R_75,26947.8379
1778991962,R_75,26949.5437
1778991964,R_75,26953.6266
1778991966,R_75,26961.757
1778991968,R_75,26958.8491
1778991970,R_75,26957.2258
1778991972,R_75,26957.4988
1778991974,R_75,26944.4183
1778991976,R_75,26944.8984
1778991978,R_75,26949.4994
1778991980,R_75,26946.2111
1778991982,R_75,26948.1738
1778991984,R_75,26947.3218
1778991986,R_75,26945.4387
1778991988,R_75,26945.8644
1778991990,R_75,26941.3563
1778991992,R_75,26951.137
1778991994,R_75,26957.3322
1778991996,R_75,26960.3698
1778991998,R_75,26957.9966
1778992000,R_75,26951.9826
1778992002,R_75,26951.6913
1778992004,R_75,26956.4872
1778992006,R_75,26959.5642
1778992008,R_75,26959.2269
1778992010,R_75,26953.6663
1778992012,R_75,26955.9853
1778992014,R_75,26966.4122
1778992016,R_75,26970.711
1778992018,R_75,26974.6566
1778992020,R_75,26974.5688
1778992022,R_75,26968.9601
1778992024,R_75,26973.1077
1778992026,R_75,26971.8368
1778992028,R_75,26976.0696
1778992030,R_75,26983.45
1778992032,R_75,26978.9042
1778992034,R_75,26969.254
1778992036,R_75,26966.8924
1778992038,R_75,26975.4889
1778992040,R_75,26972.4602
1778992042,R_75,26971.728
1778992044,R_75,26964.7372
1778992046,R_75,26957.9422
1778992048,R_75,26962.4889
1778992050,R_75,26958.9251
1778992052,R_75,26959.6499
1778992054,R_75,26961.1582
1778992056,R_75,26962.3024
1778992058,R_75,26962.9174
1778992060,R_75,26970.9208
1778992062,R_75,26967.6726
1778992064,R_75,26961.607
1778992066,R_75,26955.7687
1778992068,R_75,26958.1461
1778992070,R_75,26951.2981
1778992072,R_75,26955.3012
1778992074,R_75,26960.4856
1778992076,R_75,26955.526
1778992078,R_75,26953.4949
1778992080,R_75,26949.0253
1778992082,R_75,26952.0701
1778992084,R_75,26957.6257
1778992086,R_75,26959.0003
1778992088,R_75,26951.8425
1778992090,R_75,26944.6659
1778992092,R_75,26949.1791
1778992094,R_75,26953.7186
1778992096,R_75,26956.5046
1778992098,R_75,26955.1826
1778992100,R_75,26955.6601
1778992102,R_75,26958.3509
1778992104,R_75,26958.6086
1778992106,R_75,26963.2426
1778992108,R_75,26957.4103
1778992110,R_75,26957.4658
1778992112,R_75,26948.9013
1778992114,R_75,26942.4344
1778992116,R_75,26943.6492
1778992118,R_75,26936.7667
1778992120,R_75,26935.3046
1778992122,R_75,26932.0336
1778992124,R_75,26928.1887
1778992126,R_75,26920.8412
1778992128,R_75,26922.7377
1778992130,R_75,26916.0446
1778992132,R_75,26917.8881
1778992134,R_75,26914.5364
1778992136,R_75,26916.1497
1778992138,R_75,26921.4433
1778992140,R_75,26918.3555
1778992142,R_75,26919.4197
1778992144,R_75,26919.761
1778992146,R_75,26920.6129
1778992148,R_75,26918.5347
1778992150,R_75,26920.3245
1778992152,R_75,26928.1606
1778992154,R_75,26932.8352
1778992156,R_75,26933.6355
1778992158,R_75,26937.2524
1778992160,R_75,26936.8863
1778992162,R_75,26937.6255
1778992164,R_75,26944.4462
1778992166,R_75,26942.7965
1778992168,R_75,26937.872
1778992170,R_75,26927.1788
1778992172,R_75,26931.7611
1778992174,R_75,26934.7859
1778992176,R_75,26927.3238
1778992178,R_75,26928.7465
1778992180,R_75,26935.3471
1778992182,R_75,26932.6833
1778992184,R_75,26930.5809
1778992186,R_75,26931.5959
1778992188,R_75,26923.8219
1778992190,R_75,26922.7656
1778992192,R_75,26921.0872
1778992194,R_75,26920.1058
1778992196,R_75,26924.8755
1778992198,R_75,26923.965
1778992200,R_75,26930.436
1778992202,R_75,26932.2455
1778992204,R_75,26928.1082
1778992206,R_75,26933.5657
1778992208,R_75,26934.6309
1778992210,R_75,26932.6922
1778992212,R_75,26932.629
1778992214,R_75,26930.6275
1778992216,R_75,26929.5395
1778992218,R_75,26934.4123
1778992220,R_75,26929.0905
1778992222,R_75,26927.887
1778992224,R_75,26924.4634
1778992226,R_75,26923.6584
1778992228,R_75,26924.5555
1778992230,R_75,26926.1662
1778992232,R_75,26929.9651
1778992234,R_75,26931.2803
1778992236,R_75,26938.4944
1778992238,R_75,26931.7879
1778992240,R_75,26936.3267
1778992242,R_75,26938.0692
1778992244,R_75,26932.0249
1778992246,R_75,26930.2713
1778992248,R_75,26927.0406
1778992250,R_75,26932.7148
1778992252,R_75,26934.9267
1778992254,R_75,26936.7292
1778992256,R_75,26941.154
1778992258,R_75,26931.6456
1778992260,R_75,26926.3915
1778992262,R_75,26926.829
1778992264,R_75,26923.255
1778992266,R_75,26919.2254
1778992268,R_75,26920.2993
1778992270,R_75,26922.0861
1778992272,R_75,26917.451
1778992274,R_75,26915.323
1778992276,R_75,26909.5541
1778992278,R_75,26900.4747
1778992280,R_75,26903.5281
1778992282,R_75,26906.6756
1778992284,R_75,26910.2752
1778992286,R_75,26913.8098
1778992288,R_75,26917.8885
1778992290,R_75,26925.9207
1778992292,R_75,26929.1722
1778992294,R_75,26923.9367
1778992296,R_75,26927.4393
1778992298,R_75,26929.3659
1778992300,R_75,26922.3843
1778992302,R_75,26929.1862
1778992304,R_75,26921.69
1778992306,R_75,26919.7229
1778992308,R_75,26927.8553
1778992310,R_75,26934.7335
1778992312,R_75,26928.6054
1778992314,R_75,26910.5102
1778992316,R_75,26907.9099
1778992318,R_75,26910.82
1778992320,R_75,26911.9214
1778992322,R_75,26916.5158
1778992324,R_75,26914.0997
1778992326,R_75,26918.6162
1778992328,R_75,26917.6454
1778992330,R_75,26926.8943
1778992332,R_75,26923.7998
1778992334,R_75,26922.6091
1778992336,R_75,26926.972
1778992338,R_75,26923.2021
1778992340,R_75,26924.2046
1778992342,R_75,26928.8606
1778992344,R_75,26931.6313
1778992346,R_75,26925.2699
1778992348,R_75,26923.9793
1778992350,R_75,26922.8855
1778992352,R_75,26923.0156
1778992354,R_75,26927.4249
1778992356,R_75,26928.1405
1778992358,R_75,26930.4268
1778992360,R_75,26931.7225
1778992362,R_75,26927.194
1778992364,R_75,26929.1711
1778992366,R_75,26934.8392
1778992368,R_75,26943.2617
1778992370,R_75,26943.7138
1778992372,R_75,26944.7261
1778992374,R_75,26946.9834
1778992376,R_75,26946.2357
1778992378,R_75,26945.3026
1778992380,R_75,26933.4126
1778992382,R_75,26927.5064
1778992384,R_75,26922.3145
1778992386,R_75,26924.5239
1778992388,R_75,26924.716
1778992390,R_75,26925.7745
1778992392,R_75,26917.316
1778992394,R_75,26917.5737
1778992396,R_75,26917.5142
1778992398,R_75,26929.9816
1778992400,R_75,26927.8995
1778992402,R_75,26923.45
1778992404,R_75,26917.9488
1778992406,R_75,26913.175
1778992408,R_75,26908.9182
1778992410,R_75,26909.6595
1778992412,R_75,26914.0077
1778992414,R_75,26911.2924
1778992416,R_75,26920.7234
1778992418,R_75,26915.9047
1778992420,R_75,26910.0044
1778992422,R_75,26913.2287
1778992424,R_75,26913.5629
1778992426,R_75,26912.1556
1778992428,R_75,26914.3266
1778992430,R_75,26907.2677
1778992432,R_75,26907.7048
1778992434,R_75,26912.3956
1778992436,R_75,26911.2862
1778992438,R_75,26903.3411
1778992440,R_75,26905.7001
1778992442,R_75,26912.062
1778992444,R_75,26912.8242
1778992446,R_75,26913.8206
1778992448,R_75,26919.8795
1778992450,R_75,26917.9309
1778992452,R_75,26915.1388
1778992454,R_75,26912.6595
1778992456,R_75,26918.4944
1778992458,R_75,26919.7997
1778992460,R_75,26914.7607
1778992462,R_75,26916.4725
1778992464,R_75,26915.955
1778992466,R_75,26926.7931
1778992468,R_75,26927.4828
1778992470,R_75,26935.0695
1778992472,R_75,26932.1732
1778992474,R_75,26926.7848
1778992476,R_75,26927.9584
1778992478,R_75,26930.8832
1778992480,R_75,26929.2066
1778992482,R_75,26933.5287
1778992484,R_75,26938.3511
1778992486,R_75,26928.8061
1778992488,R_75,26922.5227
1778992490,R_75,26925.3014
1778992492,R_75,26921.8383
1778992494,R_75,26915.842
1778992496,R_75,26926.4095
1778992498,R_75,26917.0582
1778992500,R_75,26923.9807
1778992502,R_75,26924.504
1778992504,R_75,26929.7699
1778992506,R_75,26927.5521
1778992508,R_75,26922.4248
1778992510,R_75,26927.2787
1778992512,R_75,26920.9461
1778992514,R_75,26920.273
1778992516,R_75,26923.1158
1778992518,R_75,26924.474
1778992520,R_75,26928.0276
1778992522,R_75,26930.819
1778992524,R_75,26937.0525
1778992526,R_75,26935.2907
1778992528,R_75,26931.5707
1778992530,R_75,26924.9651
1778992532,R_75,26924.1317
1778992534,R_75,26923.0857
1778992536,R_75,26931.7842
1778992538,R_75,26934.0731
1778992540,R_75,26943.8308
1778992542,R_75,26945.0262
1778992544,R_75,26942.2906
1778992546,R_75,26935.3636
1778992548,R_75,26933.6296
1778992550,R_75,26933.5704
1778992552,R_75,26930.8525
1778992554,R_75,26936.6365
1778992556,R_75,26935.0049
1778992558,R_75,26931.0481
1778992560,R_75,26926.8262
1778992562,R_75,26927.2789
1778992564,R_75,26924.0608
1778992566,R_75,26927.1079
1778992568,R_75,26921.1598
1778992570,R_75,26922.516
1778992572,R_75,26925.2477
1778992574,R_75,26924.5854
1778992576,R_75,26922.0601
1778992578,R_75,26921.4172
1778992580,R_75,26925.6566
1778992582,R_75,26927.3902
1778992584,R_75,26920.2782
1778992586,R_75,26917.4912
1778992588,R_75,26921.9983
1778992590,R_75,26924.7589
1778992592,R_75,26926.4822
1778992594,R_75,26938.7424
1778992596,R_75,26934.4645
1778992598,R_75,26942.2133
1778992600,R_75,26937.8358
1778992602,R_75,26943.9239
1778992604,R_75,26951.6747
1778992606,R_75,26940.3767
1778992608,R_75,26940.0174
1778992610,R_75,26927.9206
1778992612,R_75,26923.614
1778992614,R_75,26926.3135
1778992616,R_75,26916.2141
1778992618,R_75,26918.5376
1778992620,R_75,26918.4818
1778992622,R_75,26924.9011
1778992624,R_75,26925.2955
1778992626,R_75,26924.5032
1778992628,R_75,26913.7243
1778992630,R_75,26909.7218
1778992632,R_75,26908.071
1778992634,R_75,26906.297
1778992636,R_75,26911.1406
1778992638,R_75,26917.251
1778992640,R_75,26915.5944
1778992642,R_75,26923.6032
1778992644,R_75,26923.9638
1778992646,R_75,26925.8343
1778992648,R_75,26919.4404
1778992650,R_75,26922.6162
1778992652,R_75,26914.6435
1778992654,R_75,26907.9528
1778992656,R_75,26901.3463
1778992658,R_75,26894.5476
1778992660,R_75,26909.4848
1778992662,R_75,26912.489
1778992664,R_75,26912.3544
1778992666,R_75,26906.9241
1778992668,R_75,26907.3261
1778992670,R_75,26908.3359
1778992672,R_75,26915.7032
1778992674,R_75,26909.7193
1778992676,R_75,26911.2755
1778992678,R_75,26907.0325
1778992680,R_75,26913.713
1778992682,R_75,26912.6182
1778992684,R_75,26916.5456
1778992686,R_75,26920.7248
1778992688,R_75,26917.3038
1778992690,R_75,26921.4417
1778992692,R_75,26921.7473
1778992694,R_75,26914.1994
1778992696,R_75,26920.5252
1778992698,R_75,26921.9337
1778992700,R_75,26920.0579
1778992702,R_75,26918.4299
1778992704,R_75,26911.9865
1778992706,R_75,26914.7489
1778992708,R_75,26915.153
1778992710,R_75,26918.4565
1778992712,R_75,26920.0707
1778992714,R_75,26919.3778
1778992716,R_75,26922.622
1778992718,R_75,26926.3293
1778992720,R_75,26919.362
1778992722,R_75,26915.2269
1778992724,R_75,26917.5177
1778992726,R_75,26918.6986
1778992728,R_75,26918.2513
1778992730,R_75,26918.0935
1778992732,R_75,26924.5726
1778992734,R_75,26922.9827
1778992736,R_75,26919.3285
1778992738,R_75,26922.193
1778992740,R_75,26920.864
1778992742,R_75,26927.1363
1778992744,R_75,26930.1528
1778992746,R_75,26931.745
1778992748,R_75,26927.9871
1778992750,R_75,26930.4303
1778992752,R_75,26924.679
1778992754,R_75,26927.2681
1778992756,R_75,26924.0666
1778992758,R_75,26927.374
1778992760,R_75,26921.2008
1778992762,R_75,26912.6288
1778992764,R_75,26917.4479
1778992766,R_75,26916.2301
1778992768,R_75,26913.4444
1778992770,R_75,26915.2101
1778992772,R_75,26914.6558
1778992774,R_75,26921.5057
1778992776,R_75,26919.605
1778992778,R_75,26915.3123
1778992780,R_75,26911.4007
1778992782,R_75,26909.3015
1778992784,R_75,26906.2061
1778992786,R_75,26906.1564
1778992788,R_75,26906.8149
1778992790,R_75,26907.7055
1778992792,R_75,26910.6525
1778992794,R_75,26906.4422
1778992796,R_75,26917.2069
1778992798,R_75,26919.9971
1778992800,R_75,26917.7918
1778992802,R_75,26926.8625
1778992804,R_75,26927.7028
1778992806,R_75,26920.1043
1778992808,R_75,26922.0147
1778992810,R_75,26933.5839
1778992812,R_75,26937.9928
1778992814,R_75,26938.1388
1778992816,R_75,26941.445
1778992818,R_75,26942.0533
1778992820,R_75,26942.7728
1778992822,R_75,26934.9661
1778992824,R_75,26935.091
1778992826,R_75,26929.9373
1778992828,R_75,26933.0906
1778992830,R_75,26936.3142
1778992832,R_75,26936.9757
1778992834,R_75,26930.6811
1778992836,R_75,26933.0124
1778992838,R_75,26931.4481
1778992840,R_75,26926.0856
1778992842,R_75,26929.2615
1778992844,R_75,26917.9464
1778992846,R_75,26915.7367
1778992848,R_75,26915.7769
1778992850,R_75,26922.5919
1778992852,R_75,26925.4778
1778992854,R_75,26921.1287
1778992856,R_75,26923.5223
1778992858,R_75,26919.2046
1778992860,R_75,26914.0762
1778992862,R_75,26913.5155
1778992864,R_75,26918.6361
1778992866,R_75,26904.1649
1778992868,R_75,26904.5555
1778992870,R_75,26911.1796
1778992872,R_75,26905.2733
1778992874,R_75,26905.907
1778992876,R_75,26908.0343
1778992878,R_75,26901.6551
1778992880,R_75,26895.221
1778992882,R_75,26899.1294
1778992884,R_75,26905.5459
1778992886,R_75,26914.7882
1778992888,R_75,26907.366
1778992890,R_75,26908.6497
1778992892,R_75,26903.9447
1778992894,R_75,26906.2743
1778992896,R_75,26912.2581
1778992898,R_75,26909.0073
1778992900,R_75,26903.0946
1778992902,R_75,26904.1013
1778992904,R_75,26898.6708
1778992906,R_75,26901.3033
1778992908,R_75,26900.4097
1778992910,R_75,26905.28
1778992912,R_75,26910.293
1778992914,R_75,26911.6929
1778992916,R_75,26905.8829
1778992918,R_75,26907.0034
1778992920,R_75,26899.4221
1778992922,R_75,26902.0245
1778992924,R_75,26903.6373
1778992926,R_75,26901.9992
1778992928,R_75,26893.3796
1778992930,R_75,26897.5304
1778992932,R_75,26889.0928
1778992934,R_75,26880.7896
1778992936,R_75,26882.4853
1778992938,R_75,26881.9622
1778992940,R_75,26886.3569
1778992942,R_75,26880.7308
1778992944,R_75,26876.3447
1778992946,R_75,26883.0595
1778992948,R_75,26887.4914
1778992950,R_75,26887.8899
1778992952,R_75,26888.4241
1778992954,R_75,26890.5363
1778992956,R_75,26885.754
1778992958,R_75,26887.5218
1778992960,R_75,26890.8396
1778992962,R_75,26886.1017
1778992964,R_75,26885.9537
1778992966,R_75,26885.2678
1778992968,R_75,26876.5479
1778992970,R_75,26878.4972
1778992972,R_75,26868.9709
1778992974,R_75,26865.1649
1778992976,R_75,26865.5056
1778992978,R_75,26857.1101
1778992980,R_75,26855.2742
1778992982,R_75,26854.381
1778992984,R_75,26857.3362
1778992986,R_75,26853.4683
1778992988,R_75,26858.127
1778992990,R_75,26863.6831
1778992992,R_75,26864.0113
1778992994,R_75,26862.9881
1778992996,R_75,26865.732
1778992998,R_75,26859.3481
1778993000,R_75,26859.853
1778993002,R_75,26864.8392
1778993004,R_75,26873.7982
1778993006,R_75,26878.4212
1778993008,R_75,26873.9636
1778993010,R_75,26877.0151
1778993012,R_75,26885.6389
1778993014,R_75,26889.2077
1778993016,R_75,26896.4956
1778993018,R_75,26895.357
1778993020,R_75,26899.3097
1778993022,R_75,26908.8626
1778993024,R_75,26908.3193
1778993026,R_75,26906.0345
1778993028,R_75,26908.5221
1778993030,R_75,26909.7602
1778993032,R_75,26908.8229
1778993034,R_75,26905.1329
1778993036,R_75,26909.4108
1778993038,R_75,26913.1126
1778993040,R_75,26915.4315
1778993042,R_75,26909.7914
1778993044,R_75,26909.8075
1778993046,R_75,26904.3059
1778993048,R_75,26907.0659
1778993050,R_75,26909.5307
1778993052,R_75,26912.6644
1778993054,R_75,26913.7222
1778993056,R_75,26924.7896
1778993058,R_75,26925.3325
1778993060,R_75,26921.6452
1778993062,R_75,26921.386
1778993064,R_75,26923.7325
1778993066,R_75,26922.8628
1778993068,R_75,26914.687
1778993070,R_75,26914.9877
1778993072,R_75,26918.1463
1778993074,R_75,26918.5567
1778993076,R_75,26911.4445
1778993078,R_75,26906.072
1778993080,R_75,26903.476
1778993082,R_75,26906.083
1778993084,R_75,26908.8642
1778993086,R_75,26905.6434
1778993088,R_75,26912.742
1778993090,R_75,26914.1255
1778993092,R_75,26921.2952
1778993094,R_75,26918.401
1778993096,R_75,26919.376
1778993098,R_75,26923.6738
1778993100,R_75,26924.4926
1778993102,R_75,26929.99
1778993104,R_75,26921.1442
1778993106,R_75,26919.1534
1778993108,R_75,26921.6944
1778993110,R_75,26928.8178
1778993112,R_75,26928.4394
1778993114,R_75,26933.0314
1778993116,R_75,26939.5644
1778993118,R_75,26951.126
1778993120,R_75,26952.8931
1778993122,R_75,26947.3059
1778993124,R_75,26940.2339
1778993126,R_75,26939.605
1778993128,R_75,26934.8624
1778993130,R_75,26936.8744
1778993132,R_75,26924.5149
1778993134,R_75,26922.4703
1778993136,R_75,26918.6188
1778993138,R_75,26916.4724
1778993140,R_75,26915.6297
1778993142,R_75,26910.7388
1778993144,R_75,26908.9124
1778993146,R_75,26912.5097
1778993148,R_75,26903.6869
1778993150,R_75,26902.1962
1778993152,R_75,26906.0195
1778993154,R_75,26909.6034
1778993156,R_75,26905.5347
1778993158,R_75,26903.1813
1778993160,R_75,26901.0422
1778993162,R_75,26907.0346
1778993164,R_75,26908.3905
1778993166,R_75,26905.6028
1778993168,R_75,26904.3595
1778993170,R_75,26902.0874
1778993172,R_75,26903.8743
1778993174,R_75,26908.6678
1778993176,R_75,26907.2077
1778993178,R_75,26902.8037
1778993180,R_75,26903.8855
1778993182,R_75,26905.7296
1778993184,R_75,26913.3112
1778993186,R_75,26912.1673
1778993188,R_75,26910.4327
1778993190,R_75,26917.9491
1778993192,R_75,26913.2603
1778993194,R_75,26917.8041
1778993196,R_75,26916.392
1778993198,R_75,26916.1765
1778993200,R_75,26914.1367
1778993202,R_75,26905.0713
1778993204,R_75,26907.3515
1778993206,R_75,26911.5877
1778993208,R_75,26909.9816
1778993210,R_75,26917.2153
1778993212,R_75,26921.6669
1778993214,R_75,26914.8805
1778993216,R_75,26919.1048
1778993218,R_75,26925.4576
1778993220,R_75,26926.6443
1778993222,R_75,26925.2371
1778993224,R_75,26926.3669
1778993226,R_75,26933.032
1778993228,R_75,26936.3552
1778993230,R_75,26941.5614
1778993232,R_75,26933.8689
1778993234,R_75,26929.4205
1778993236,R_75,26928.1015
1778993238,R_75,26933.2464
1778993240,R_75,26942.0585
1778993242,R_75,26938.078
1778993244,R_75,26927.2329
1778993246,R_75,26926.3278
1778993248,R_75,26934.9748
1778993250,R_75,26940.4689
1778993252,R_75,26923.2455
1778993254,R_75,26921.5125
1778993256,R_75,26929.8813
1778993258,R_75,26935.3654
1778993260,R_75,26936.5268
1778993262,R_75,26930.9785
1778993264,R_75,26926.2176
1778993266,R_75,26930.2494
1778993268,R_75,26940.2942
1778993270,R_75,26950.6372
1778993272,R_75,26950.901
1778993274,R_75,26952.0969
1778993276,R_75,26950.3151
1778993278,R_75,26956.5213
1778993280,R_75,26961.8267
1778993282,R_75,26967.2977
1778993284,R_75,26965.0408
1778993286,R_75,26968.1435
1778993288,R_75,26956.7111
1778993290,R_75,26959.1154
1778993292,R_75,26955.3341
1778993294,R_75,26956.4188
1778993296,R_75,26956.2863
1778993298,R_75,26953.1597
1778993300,R_75,26949.9284
1778993302,R_75,26954.402
1778993304,R_75,26960.5674
1778993306,R_75,26964.836
1778993308,R_75,26975.4227
1778993310,R_75,26967.7627
1778993312,R_75,26952.4717
1778993314,R_75,26948.1521
1778993316,R_75,26946.6879
1778993318,R_75,26938.228
1778993320,R_75,26940.2113
1778993322,R_75,26941.968
1778993324,R_75,26938.9256
1778993326,R_75,26947.6601
1778993328,R_75,26944.7478
1778993330,R_75,26947.5295
1778993332,R_75,26941.2299
1778993334,R_75,26934.3963
1778993336,R_75,26933.6822
1778993338,R_75,26936.3754
1778993340,R_75,26926.9647
1778993342,R_75,26933.4021
1778993344,R_75,26922.6906
1778993346,R_75,26924.5445
1778993348,R_75,26923.2178
1778993350,R_75,26922.6345
1778993352,R_75,26918.9429
1778993354,R_75,26917.0122
1778993356,R_75,26915.3647
1778993358,R_75,26918.5951
1778993360,R_75,26923.4998
1778993362,R_75,26925.5558
1778993364,R_75,26915.431
1778993366,R_75,26909.9147
1778993368,R_75,26909.9186
1778993370,R_75,26908.9852
1778993372,R_75,26901.9378
1778993374,R_75,26905.8504
1778993376,R_75,26903.9831
1778993378,R_75,26899.1315
1778993380,R_75,26895.3378
1778993382,R_75,26892.141
1778993384,R_75,26882.9809
1778993386,R_75,26884.9503
1778993388,R_75,26882.9414
1778993390,R_75,26884.2923
1778993392,R_75,26886.6812
1778993394,R_75,26890.1718
1778993396,R_75,26889.0667
1778993398,R_75,26893.8713
1778993400,R_75,26885.5718
1778993402,R_75,26883.7008
1778993404,R_75,26886.5724
1778993406,R_75,26886.7769
1778993408,R_75,26891.3404
1778993410,R_75,26893.3747
1778993412,R_75,26886.8922
1778993414,R_75,26896.7343
1778993416,R_75,26896.5043
1778993418,R_75,26905.9043
1778993420,R_75,26905.1916
1778993422,R_75,26900.025
1778993424,R_75,26893.6401
1778993426,R_75,26895.2048
1778993428,R_75,26897.9592
1778993430,R_75,26897.4565
1778993432,R_75,26896.8412
1778993434,R_75,26909.4406
1778993436,R_75,26919.078
1778993438,R_75,26929.0108
1778993440,R_75,26932.606
1778993442,R_75,26932.6093
1778993444,R_75,26925.2262
1778993446,R_75,26930.1085
1778993448,R_75,26934.5828
1778993450,R_75,26937.5997
1778993452,R_75,26934.826
1778993454,R_75,26940.7231
1778993456,R_75,26938.8464
1778993458,R_75,26934.9946
1778993460,R_75,26931.0031
1778993462,R_75,26933.1927
1778993464,R_75,26923.3107
1778993466,R_75,26919.662
1778993468,R_75,26918.2392
1778993470,R_75,26916.7042
1778993472,R_75,26915.5707
1778993474,R_75,26915.077
1778993476,R_75,26929.0429
1778993478,R_75,26917.6665
1778993480,R_75,26919.4558
1778993482,R_75,26910.9082
1778993484,R_75,26901.6369
1778993486,R_75,26898.1825
1778993488,R_75,26898.6155
1778993490,R_75,26896.9852
1778993492,R_75,26904.5441
1778993494,R_75,26910.7648
1778993496,R_75,26903.4019
1778993498,R_75,26908.639
1778993500,R_75,26904.3725
1778993502,R_75,26895.8187
1778993504,R_75,26884.0496
1778993506,R_75,26890.9101
1778993508,R_75,26902.2856
1778993510,R_75,26905.0434
1778993512,R_75,26902.6842
1778993514,R_75,26895.8232
1778993516,R_75,26898.0376
1778993518,R_75,26892.5474
1778993520,R_75,26900.0783
1778993522,R_75,26895.0023
1778993524,R_75,26891.4648
1778993526,R_75,26889.7304
1778993528,R_75,26896.6798
1778993530,R_75,26891.084
1778993532,R_75,26892.3405
1778993534,R_75,26898.9377
1778993536,R_75,26895.9441
1778993538,R_75,26897.3432
1778993540,R_75,26895.8513
1778993542,R_75,26899.3425
1778993544,R_75,26894.0491
1778993546,R_75,26894.3259
1778993548,R_75,26890.8049
1778993550,R_75,26886.0677
1778993552,R_75,26886.403
1778993554,R_75,26887.4916
1778993556,R_75,26890.5958
1778993558,R_75,26887.92
1778993560,R_75,26888.6054
1778993562,R_75,26884.1185
1778993564,R_75,26890.5336
1778993566,R_75,26887.5517
1778993568,R_75,26896.5264
1778993570,R_75,26897.6556
1778993572,R_75,26900.1547
1778993574,R_75,26905.0001
1778993576,R_75,26899.3245
1778993578,R_75,26888.4778
1778993580,R_75,26887.5572
1778993582,R_75,26884.2393
1778993584,R_75,26889.288
1778993586,R_75,26890.0944
1778993588,R_75,26885.474
1778993590,R_75,26881.4401
1778993592,R_75,26879.1782
1778993594,R_75,26871.5689
1778993596,R_75,26868.3592
1778993598,R_75,26867.72
1778993600,R_75,26857.0359
1778993602,R_75,26854.9224
1778993604,R_75,26857.829
1778993606,R_75,26855.3387
1778993608,R_75,26854.508
1778993610,R_75,26847.7826
1778993612,R_75,26840.4068
1778993614,R_75,26839.3666
1778993616,R_75,26849.5865
1778993618,R_75,26855.1622
1778993620,R_75,26852.7144
1778993622,R_75,26842.2522
1778993624,R_75,26839.5391
1778993626,R_75,26836.0614
1778993628,R_75,26832.5729
1778993630,R_75,26836.9114
1778993632,R_75,26840.5296
1778993634,R_75,26836.4787
1778993636,R_75,26835.6086
1778993638,R_75,26833.4751
1778993640,R_75,26831.5708
1778993642,R_75,26824.9597
1778993644,R_75,26839.8846
1778993646,R_75,26835.1878
1778993648,R_75,26828.1809
1778993650,R_75,26831.3502
1778993652,R_75,26828.8752
1778993654,R_75,26830.4778
1778993656,R_75,26838.9288
1778993658,R_75,26846.6675
1778993660,R_75,26846.7602
1778993662,R_75,26850.8275
1778993664,R_75,26848.3921
1778993666,R_75,26847.0155
1778993668,R_75,26840.4948
1778993670,R_75,26839.2131
1778993672,R_75,26836.9787
1778993674,R_75,26838.2213
1778993676,R_75,26842.2422
1778993678,R_75,26837.8965
1778993680,R_75,26829.9198
1778993682,R_75,26834.6438
1778993684,R_75,26834.921
1778993686,R_75,26832.331
1778993688,R_75,26827.3315
1778993690,R_75,26826.1986
1778993692,R_75,26816.4944
1778993694,R_75,26816.5654
1778993696,R_75,26823.4395
1778993698,R_75,26831.5294
1778993700,R_75,26834.2644
1778993702,R_75,26829.622
1778993704,R_75,26833.1072
1778993706,R_75,26833.9552
1778993708,R_75,26834.4057
1778993710,R_75,26846.9751
1778993712,R_75,26843.4818
1778993714,R_75,26849.1072
1778993716,R_75,26849.5925
1778993718,R_75,26851.256
1778993720,R_75,26850.3377
1778993722,R_75,26852.0763
1778993724,R_75,26854.4433
1778993726,R_75,26855.3634
1778993728,R_75,26855.3825
1778993730,R_75,26857.5597
1778993732,R_75,26865.6338
1778993734,R_75,26856.2508
1778993736,R_75,26861.0818
1778993738,R_75,26845.1286
1778993740,R_75,26848.6059
1778993742,R_75,26842.1543
1778993744,R_75,26845.7094
1778993746,R_75,26838.3844
1778993748,R_75,26843.199
1778993750,R_75,26855.3979
1778993752,R_75,26860.354
1778993754,R_75,26868.6685
1778993756,R_75,26877.5308
1778993758,R_75,26871.8944
1778993760,R_75,26866.1217
1778993762,R_75,26859.4124
1778993764,R_75,26857.9781
1778993766,R_75,26861.4459
1778993768,R_75,26858.8795
1778993770,R_75,26860.5485
1778993772,R_75,26854.7765
1778993774,R_75,26862.9682
1778993776,R_75,26872.9977
1778993778,R_75,26864.5219
1778993780,R_75,26859.5693
1778993782,R_75,26860.7907
1778993784,R_75,26864.0021
1778993786,R_75,26861.7888
1778993788,R_75,26864.2184
1778993790,R_75,26871.0731
1778993792,R_75,26858.9921
1778993794,R_75,26863.3241
1778993796,R_75,26861.9182
1778993798,R_75,26852.6115
1778993800,R_75,26857.5678
1778993802,R_75,26854.5939
1778993804,R_75,26859.2139
1778993806,R_75,26863.2478
1778993808,R_75,26862.0152
1778993810,R_75,26861.729
1778993812,R_75,26864.7502
1778993814,R_75,26867.0034
1778993816,R_75,26863.7359
1778993818,R_75,26868.2207
1778993820,R_75,26872.2795
1778993822,R_75,26870.0751
1778993824,R_75,26868.575
1778993826,R_75,26867.2494
1778993828,R_75,26875.6143
1778993830,R_75,26878.6623
1778993832,R_75,26873.7214
1778993834,R_75,26874.6796
1778993836,R_75,26878.5357
1778993838,R_75,26879.3231
1778993840,R_75,26882.0564
1778993842,R_75,26887.5504
1778993844,R_75,26884.124
1778993846,R_75,26879.4318
1778993848,R_75,26880.7752
1778993850,R_75,26881.0208
1778993852,R_75,26878.8603
1778993854,R_75,26886.7773
1778993856,R_75,26887.1985
1778993858,R_75,26881.7841
1778993860,R_75,26882.5143
1778993862,R_75,26880.7577
1778993864,R_75,26873.9442
1778993866,R_75,26870.9873
1778993868,R_75,26865.5714
1778993870,R_75,26863.2452
1778993872,R_75,26865.8375
1778993874,R_75,26867.596
1778993876,R_75,26866.6696
1778993878,R_75,26866.3745
1778993880,R_75,26866.0538
1778993882,R_75,26864.1916
1778993884,R_75,26864.6427
1778993886,R_75,26867.9131
1778993888,R_75,26873.9926
1778993890,R_75,26884.1782
1778993892,R_75,26875.5088
1778993894,R_75,26876.6875
1778993896,R_75,26879.6706
1778993898,R_75,26877.2769
1778993900,R_75,26878.5129
1778993902,R_75,26884.5474
1778993904,R_75,26877.8201
1778993906,R_75,26875.3036
1778993908,R_75,26870.3731
1778993910,R_75,26866.9111
1778993912,R_75,26864.1419
1778993914,R_75,26860.4264
1778993916,R_75,26861.2815
1778993918,R_75,26858.6677
1778993920,R_75,26859.6137
1778993922,R_75,26852.4247
1778993924,R_75,26859.3317
1778993926,R_75,26865.1099
1778993928,R_75,26860.9624
1778993930,R_75,26854.615
1778993932,R_75,26850.9231
1778993934,R_75,26844.4687
1778993936,R_75,26839.4681
1778993938,R_75,26837.1598
1778993940,R_75,26825.0151
1778993942,R_75,26828.0656
1778993944,R_75,26826.9008
1778993946,R_75,26831.4888
1778993948,R_75,26836.4305
1778993950,R_75,26825.5007
1778993952,R_75,26826.2123
1778993954,R_75,26815.3513
1778993956,R_75,26809.2035
1778993958,R_75,26817.2741
1778993960,R_75,26819.4516
1778993962,R_75,26817.7436
1778993964,R_75,26815.8648
1778993966,R_75,26805.9877
1778993968,R_75,26804.8934
1778993970,R_75,26808.2234
1778993972,R_75,26801.4855
1778993974,R_75,26800.2915
1778993976,R_75,26800.9469
1778993978,R_75,26792.142
1778993980,R_75,26791.3494
1778993982,R_75,26790.4581
1778993984,R_75,26786.6626
1778993986,R_75,26786.6001
1778993988,R_75,26788.6558
1778993990,R_75,26794.438
1778993992,R_75,26794.2858
1778993994,R_75,26792.9829
1778993996,R_75,26792.7361
1778993998,R_75,26789.5258
1778994000,R_75,26789.295
1778994002,R_75,26788.8884
1778994004,R_75,26788.9981
1778994006,R_75,26791.1701
1778994008,R_75,26804.7249
1778994010,R_75,26802.1777
1778994012,R_75,26799.4022
1778994014,R_75,26806.8364
1778994016,R_75,26796.6562
1778994018,R_75,26800.5064
1778994020,R_75,26796.0052
1778994022,R_75,26789.846
1778994024,R_75,26787.6617
1778994026,R_75,26788.1406
1778994028,R_75,26795.385
1778994030,R_75,26801.4319
1778994032,R_75,26800.7242
1778994034,R_75,26799.9013
1778994036,R_75,26796.5591
1778994038,R_75,26796.539
1778994040,R_75,26794.0445
1778994042,R_75,26787.4404
1778994044,R_75,26777.7497
1778994046,R_75,26783.0521
1778994048,R_75,26792.9448
1778994050,R_75,26791.498
1778994052,R_75,26788.9644
1778994054,R_75,26787.8897
1778994056,R_75,26786.9679
1778994058,R_75,26781.5116
1778994060,R_75,26779.8906
1778994062,R_75,26787.968
1778994064,R_75,26783.9039
1778994066,R_75,26777.9959
1778994068,R_75,26780.5654
1778994070,R_75,26785.1454
1778994072,R_75,26792.2712
1778994074,R_75,26781.2542
1778994076,R_75,26777.4587
1778994078,R_75,26785.5472
1778994080,R_75,26786.4032
1778994082,R_75,26794.4669
1778994084,R_75,26794.7613
1778994086,R_75,26792.2592
1778994088,R_75,26789.7254
1778994090,R_75,26783.5344
1778994092,R_75,26791.2731
1778994094,R_75,26796.9881
1778994096,R_75,26802.6594
1778994098,R_75,26802.5405
1778994100,R_75,26796.8003
1778994102,R_75,26802.2757
1778994104,R_75,26801.139
1778994106,R_75,26804.3794
1778994108,R_75,26809.5587
1778994110,R_75,26802.4582
1778994112,R_75,26806.5849
1778994114,R_75,26806.3464
1778994116,R_75,26806.8175
1778994118,R_75,26808.2384
1778994120,R_75,26807.9024
1778994122,R_75,26814.1064
1778994124,R_75,26811.2444
1778994126,R_75,26812.0024
1778994128,R_75,26810.0365
1778994130,R_75,26809.714
1778994132,R_75,26810.4993
1778994134,R_75,26811.4866
1778994136,R_75,26812.5017
1778994138,R_75,26811.7436
1778994140,R_75,26804.7965
1778994142,R_75,26805.9845
1778994144,R_75,26806.4293
1778994146,R_75,26807.937
1778994148,R_75,26818.774
1778994150,R_75,26814.4854
1778994152,R_75,26815.2157
1778994154,R_75,26819.0988
1778994156,R_75,26819.695
1778994158,R_75,26810.6459
1778994160,R_75,26817.2639
1778994162,R_75,26828.7816
1778994164,R_75,26825.1033
1778994166,R_75,26826.8833
1778994168,R_75,26831.1601
1778994170,R_75,26829.3636
1778994172,R_75,26833.2486
1778994174,R_75,26839.5027
1778994176,R_75,26835.1544
1778994178,R_75,26838.4037
1778994180,R_75,26839.1232
1778994182,R_75,26840.9437
1778994184,R_75,26843.804
1778994186,R_75,26843.724
1778994188,R_75,26839.6831
1778994190,R_75,26847.8265
1778994192,R_75,26832.8656
1778994194,R_75,26833.916
1778994196,R_75,26841.2484
1778994198,R_75,26842.8751
1778994200,R_75,26835.1942
1778994202,R_75,26833.811
1778994204,R_75,26826.9634
1778994206,R_75,26825.3545
1778994208,R_75,26837.5139
1778994210,R_75,26828.8198
1778994212,R_75,26839.1618
1778994214,R_75,26844.3217
1778994216,R_75,26845.0738
1778994218,R_75,26841.2139
1778994220,R_75,26835.1894
1778994222,R_75,26839.659
1778994224,R_75,26844.1168
1778994226,R_75,26851.6387
1778994228,R_75,26843.6509
1778994230,R_75,26853.435
1778994232,R_75,26852.1551
1778994234,R_75,26857.6141
1778994236,R_75,26866.1876
1778994238,R_75,26861.6243
1778994240,R_75,26864.2154
1778994242,R_75,26856.4481
1778994244,R_75,26852.2961
1778994246,R_75,26849.8502
1778994248,R_75,26855.5095
1778994250,R_75,26851.5642
1778994252,R_75,26850.2728
1778994254,R_75,26856.5661
1778994256,R_75,26856.0468
1778994258,R_75,26861.1706
1778994260,R_75,26857.9341
1778994262,R_75,26857.7065
1778994264,R_75,26862.5935
1778994266,R_75,26854.7819
1778994268,R_75,26860.215
1778994270,R_75,26863.8642
1778994272,R_75,26865.1843
1778994274,R_75,26863.2862
1778994276,R_75,26855.8577
1778994278,R_75,26858.4454
1778994280,R_75,26859.2587
1778994282,R_75,26862.2047
1778994284,R_75,26849.4112
1778994286,R_75,26854.7956
1778994288,R_75,26857.202
1778994290,R_75,26861.4596
1778994292,R_75,26861.658
1778994294,R_75,26866.7649
1778994296,R_75,26867.4264
1778994298,R_75,26858.9057
1778994300,R_75,26862.5231
1778994302,R_75,26863.4511
1778994304,R_75,26855.9007
1778994306,R_75,26849.7999
1778994308,R_75,26850.8836
1778994310,R_75,26851.5487
1778994312,R_75,26852.8442
1778994314,R_75,26852.4289
1778994316,R_75,26861.6696
1778994318,R_75,26858.2411
1778994320,R_75,26869.6406
1778994322,R_75,26864.1748
1778994324,R_75,26862.8111
1778994326,R_75,26864.1758
1778994328,R_75,26871.3577
1778994330,R_75,26872.165
1778994332,R_75,26869.3579
1778994334,R_75,26861.8512
1778994336,R_75,26865.4149
1778994338,R_75,26867.6593
1778994340,R_75,26861.0842
1778994342,R_75,26857.8911
1778994344,R_75,26858.1978
1778994346,R_75,26865.2044
1778994348,R_75,26867.0606
1778994350,R_75,26875.069
1778994352,R_75,26868.5916
1778994354,R_75,26868.3405
1778994356,R_75,26872.6236
1778994358,R_75,26869.6502
1778994360,R_75,26865.9823
1778994362,R_75,26869.5822
1778994364,R_75,26848.664
1778994366,R_75,26854.5186
1778994368,R_75,26862.1347
1778994370,R_75,26863.7544
1778994372,R_75,26860.6329
1778994374,R_75,26857.7027
1778994376,R_75,26856.3309
1778994378,R_75,26861.2629
1778994380,R_75,26868.6363
1778994382,R_75,26866.0405
1778994384,R_75,26858.7056
1778994386,R_75,26858.7047
1778994388,R_75,26865.8028
1778994390,R_75,26866.9433
1778994392,R_75,26871.2495
1778994394,R_75,26870.1895
1778994396,R_75,26873.2407
1778994398,R_75,26872.4785
1778994400,R_75,26871.9269
1778994402,R_75,26880.8441
1778994404,R_75,26874.2748
1778994406,R_75,26877.7129
1778994408,R_75,26880.5945
1778994410,R_75,26876.5176
1778994412,R_75,26872.0108
1778994414,R_75,26875.1905
1778994416,R_75,26875.872
1778994418,R_75,26869.9156
1778994420,R_75,26869.2172
1778994422,R_75,26872.7397
1778994424,R_75,26870.3214
1778994426,R_75,26879.9076
1778994428,R_75,26876.446
1778994430,R_75,26886.6358
1778994432,R_75,26890.8852
1778994434,R_75,26892.6414
1778994436,R_75,26889.8165
1778994438,R_75,26891.5436
1778994440,R_75,26887.622
1778994442,R_75,26886.6875
1778994444,R_75,26885.0339
1778994446,R_75,26879.3063
1778994448,R_75,26882.5236
1778994450,R_75,26881.377
1778994452,R_75,26882.8197
1778994454,R_75,26884.0214
1778994456,R_75,26886.1291
1778994458,R_75,26895.575
1778994460,R_75,26894.852
1778994462,R_75,26904.3917
1778994464,R_75,26894.752
1778994466,R_75,26898.424
1778994468,R_75,26892.1887
1778994470,R_75,26895.4746
1778994472,R_75,26894.9938
1778994474,R_75,26896.3344
1778994476,R_75,26895.547
1778994478,R_75,26898.9309
1778994480,R_75,26888.7823
1778994482,R_75,26886.7432
1778994484,R_75,26881.2039
1778994486,R_75,26876.5533
1778994488,R_75,26867.2713
1778994490,R_75,26860.5031
1778994492,R_75,26862.5365
1778994494,R_75,26864.275
1778994496,R_75,26846.5349
1778994498,R_75,26841.3602
1778994500,R_75,26840.6276
1778994502,R_75,26835.646
1778994504,R_75,26830.685
1778994506,R_75,26832.258
1778994508,R_75,26830.4034
1778994510,R_75,26826.8205
1778994512,R_75,26831.1119
1778994514,R_75,26832.1368
1778994516,R_75,26833.6992
1778994518,R_75,26838.3294
1778994520,R_75,26836.2697
1778994522,R_75,26835.4376
1778994524,R_75,26829.5213
1778994526,R_75,26830.8278
1778994528,R_75,26826.689
1778994530,R_75,26828.8448
1778994532,R_75,26827.8601
1778994534,R_75,26830.7459
1778994536,R_75,26839.0626
1778994538,R_75,26846.3025
1778994540,R_75,26849.1985
1778994542,R_75,26842.9154
1778994544,R_75,26838.6731
1778994546,R_75,26843.5104
1778994548,R_75,26837.821
1778994550,R_75,26835.8634
1778994552,R_75,26837.2823
1778994554,R_75,26836.6645
1778994556,R_75,26839.9547
1778994558,R_75,26846.289
1778994560,R_75,26842.6108
1778994562,R_75,26843.5007
1778994564,R_75,26843.7369
1778994566,R_75,26849.3398
1778994568,R_75,26854.7754
1778994570,R_75,26863.6898
1778994572,R_75,26865.1386
1778994574,R_75,26871.9056
1778994576,R_75,26867.8333
1778994578,R_75,26867.5352
1778994580,R_75,26867.557
1778994582,R_75,26864.4823
1778994584,R_75,26862.2298
1778994586,R_75,26870.0358
1778994588,R_75,26874.7823
1778994590,R_75,26877.5547
1778994592,R_75,26875.5148
1778994594,R_75,26875.924
1778994596,R_75,26869.8198
1778994598,R_75,26870.6104
1778994600,R_75,26873.6346
1778994602,R_75,26874.9362
1778994604,R_75,26890.7247
1778994606,R_75,26893.4712
1778994608,R_75,26889.8789
1778994610,R_75,26891.7949
1778994612,R_75,26896.2208
1778994614,R_75,26893.1135
1778994616,R_75,26904.9554
1778994618,R_75,26906.5727
1778994620,R_75,26897.6875
1778994622,R_75,26898.595
1778994624,R_75,26900.3675
1778994626,R_75,26902.2781
1778994628,R_75,26904.0302
1778994630,R_75,26911.9373
1778994632,R_75,26910.6802
1778994634,R_75,26902.3182
1778994636,R_75,26890.6763
1778994638,R_75,26897.0245
1778994640,R_75,26897.7396
1778994642,R_75,26892.8722
1778994644,R_75,26884.0828
1778994646,R_75,26883.8373
1778994648,R_75,26888.6029
1778994650,R_75,26890.3618
1778994652,R_75,26890.0354
1778994654,R_75,26893.7967
1778994656,R_75,26895.9952
1778994658,R_75,26892.3494
1778994660,R_75,26887.4429
1778994662,R_75,26888.5703
1778994664,R_75,26887.8072
1778994666,R_75,26883.7167
1778994668,R_75,26886.5599
1778994670,R_75,26889.7068
1778994672,R_75,26880.2003
1778994674,R_75,26875.3062
1778994676,R_75,26873.9622
1778994678,R_75,26877.1394
1778994680,R_75,26881.309
1778994682,R_75,26880.3258
1778994684,R_75,26886.5934
1778994686,R_75,26890.6284
1778994688,R_75,26893.06
1778994690,R_75,26889.5073
1778994692,R_75,26895.0294
1778994694,R_75,26896.9966
1778994696,R_75,26905.0601
1778994698,R_75,26903.9665
1778994700,R_75,26905.0624
1778994702,R_75,26906.8188
1778994704,R_75,26909.3171
1778994706,R_75,26904.2083
1778994708,R_75,26902.3574
1778994710,R_75,26906.0518
1778994712,R_75,26906.1501
1778994714,R_75,26907.4231
1778994716,R_75,26907.4547
1778994718,R_75,26906.2104
1778994720,R_75,26904.9331
1778994722,R_75,26912.597
1778994724,R_75,26912.4736
1778994726,R_75,26911.6236
1778994728,R_75,26913.1935
1778994730,R_75,26915.5718
1778994732,R_75,26910.2702
1778994734,R_75,26915.1509
1778994736,R_75,26908.7667
1778994738,R_75,26911.3446
1778994740,R_75,26914.0787
1778994742,R_75,26919.8719
1778994744,R_75,26920.2711
1778994746,R_75,26924.7034
1778994748,R_75,26913.9632
1778994750,R_75,26920.6094
1778994752,R_75,26920.2353
1778994754,R_75,26912.1695
1778994756,R_75,26911.2283
1778994758,R_75,26896.6712
1778994760,R_75,26887.809
1778994762,R_75,26883.0193
1778994764,R_75,26889.7349
1778994766,R_75,26895.3462
1778994768,R_75,26895.5997
1778994770,R_75,26894.731
1778994772,R_75,26885.8117
1778994774,R_75,26879.993
1778994776,R_75,26881.4221
1778994778,R_75,26879.3073
1778994780,R_75,26881.1537
1778994782,R_75,26875.9289
1778994784,R_75,26883.6362
1778994786,R_75,26886.4971
1778994788,R_75,26888.9297
1778994790,R_75,26884.9699
1778994792,R_75,26892.6916
1778994794,R_75,26888.9344
1778994796,R_75,26887.8685
1778994798,R_75,26890.895
1778994800,R_75,26886.598
1778994802,R_75,26878.7203
1778994804,R_75,26881.1818
1778994806,R_75,26876.2665
1778994808,R_75,26880.8567
1778994810,R_75,26876.1113
1778994812,R_75,26887.1244
1778994814,R_75,26879.9314
1778994816,R_75,26879.6921
1778994818,R_75,26878.9223
1778994820,R_75,26869.2144
1778994822,R_75,26869.4249
1778994824,R_75,26875.7853
1778994826,R_75,26873.8316
1778994828,R_75,26877.837
1778994830,R_75,26875.939
1778994832,R_75,26873.3007
1778994834,R_75,26874.1545
1778994836,R_75,26868.0995
1778994838,R_75,26874.1648
1778994840,R_75,26871.0982
1778994842,R_75,26869.5205
1778994844,R_75,26868.4764
1778994846,R_75,26863.2409
1778994848,R_75,26865.326
1778994850,R_75,26858.9591
1778994852,R_75,26857.7313
1778994854,R_75,26854.7211
1778994856,R_75,26858.912
1778994858,R_75,26862.2362
1778994860,R_75,26863.1117
1778994862,R_75,26875.9396
1778994864,R_75,26873.6203
1778994866,R_75,26864.2038
1778994868,R_75,26865.854
1778994870,R_75,26873.003
1778994872,R_75,26876.3744
1778994874,R_75,26876.9226
1778994876,R_75,26867.6404
1778994878,R_75,26865.2685
1778994880,R_75,26863.9686
1778994882,R_75,26864.0187
1778994884,R_75,26866.3036
1778994886,R_75,26867.0008
1778994888,R_75,26876.3678
1778994890,R_75,26876.2415
1778994892,R_75,26877.2887
1778994894,R_75,26874.5214
1778994896,R_75,26870.583
1778994898,R_75,26873.7352
1778994900,R_75,26872.6866
1778994902,R_75,26883.3563
1778994904,R_75,26887.6289
1778994906,R_75,26883.43
1778994908,R_75,26878.5869
1778994910,R_75,26878.8937
1778994912,R_75,26878.3948
1778994914,R_75,26884.8864
1778994916,R_75,26888.7725
1778994918,R_75,26892.0779
1778994920,R_75,26891.016
1778994922,R_75,26884.1791
1778994924,R_75,26886.3329
1778994926,R_75,26884.4195
1778994928,R_75,26889.9554
1778994930,R_75,26890.976
1778994932,R_75,26890.1502
1778994934,R_75,26892.2577
1778994936,R_75,26899.2513
1778994938,R_75,26897.6754
1778994940,R_75,26895.7667
1778994942,R_75,26907.5592
1778994944,R_75,26915.5538
1778994946,R_75,26920.3967
1778994948,R_75,26923.7433
1778994950,R_75,26926.3424
1778994952,R_75,26927.1491
1778994954,R_75,26928.1951
1778994956,R_75,26926.5216
1778994958,R_75,26915.2154
1778994960,R_75,26922.2115
1778994962,R_75,26915.9828
1778994964,R_75,26924.4845
1778994966,R_75,26921.5709
1778994968,R_75,26925.4916
1778994970,R_75,26922.5181
1778994972,R_75,26927.4127
1778994974,R_75,26940.2949
1778994976,R_75,26946.5443
1778994978,R_75,26951.0955
1778994980,R_75,26956.3922
1778994982,R_75,26962.3629
1778994984,R_75,26969.612
1778994986,R_75,26969.3054
1778994988,R_75,26971.0515
1778994990,R_75,26968.6294
1778994992,R_75,26963.0043
1778994994,R_75,26964.4158
1778994996,R_75,26962.5535
1778994998,R_75,26967.5518
1778995000,R_75,26963.2457
1778995002,R_75,26968.7747
1778995004,R_75,26977.5241
1778995006,R_75,26977.4885
1778995008,R_75,26979.1194
1778995010,R_75,26980.2558
1778995012,R_75,26984.6451
1778995014,R_75,26982.6508
1778995016,R_75,26988.5626
1778995018,R_75,26989.3052
1778995020,R_75,26989.0928
1778995022,R_75,26978.8467
1778995024,R_75,26979.4854
1778995026,R_75,26981.2357
1778995028,R_75,26979.9682
1778995030,R_75,26975.5715
1778995032,R_75,26972.5418
1778995034,R_75,26966.254
1778995036,R_75,26976.6863
1778995038,R_75,26983.4551
1778995040,R_75,26990.2084
1778995042,R_75,26983.8876
1778995044,R_75,26974.3089
1778995046,R_75,26970.6817
1778995048,R_75,26971.2463
1778995050,R_75,26977.3821
1778995052,R_75,26973.6884
1778995054,R_75,26977.4545
1778995056,R_75,26957.7287
1778995058,R_75,26961.3041
1778995060,R_75,26958.0703
1778995062,R_75,26947.971
1778995064,R_75,26953.4448
1778995066,R_75,26948.1385
1778995068,R_75,26948.0121
1778995070,R_75,26949.9199
1778995072,R_75,26951.622
1778995074,R_75,26957.365
1778995076,R_75,26952.5861
1778995078,R_75,26950.6789
1778995080,R_75,26958.2365
1778995082,R_75,26952.6308
1778995084,R_75,26957.4596
1778995086,R_75,26945.5717
1778995088,R_75,26944.7491
1778995090,R_75,26945.3897
1778995092,R_75,26948.5737
1778995094,R_75,26956.7481
1778995096,R_75,26960.6747
1778995098,R_75,26966.3122
1778995100,R_75,26974.1364
1778995102,R_75,26976.8031
1778995104,R_75,26970.0221
1778995106,R_75,26965.7522
1778995108,R_75,26976.7358
1778995110,R_75,26978.0081
1778995112,R_75,26978.978
1778995114,R_75,26979.7625
1778995116,R_75,26976.7874
1778995118,R_75,26979.9926
1778995120,R_75,26975.5535
1778995122,R_75,26973.4085
1778995124,R_75,26973.4076
1778995126,R_75,26976.6063
1778995128,R_75,26975.0155
1778995130,R_75,26989.8466
1778995132,R_75,26985.3299
1778995134,R_75,26991.6711
1778995136,R_75,26996.2535
1778995138,R_75,26988.2503
1778995140,R_75,26986.677
1778995142,R_75,26979.5574
1778995144,R_75,26978.1497
1778995146,R_75,26966.9986
1778995148,R_75,26970.9983
1778995150,R_75,26974.8481
1778995152,R_75,26967.7342
1778995154,R_75,26970.4484
1778995156,R_75,26973.5904
1778995158,R_75,26978.0618
1778995160,R_75,26966.4552
1778995162,R_75,26959.7938
1778995164,R_75,26956.914
1778995166,R_75,26946.3135
1778995168,R_75,26941.1275
1778995170,R_75,26948.1718
1778995172,R_75,26947.2318
1778995174,R_75,26947.3659
1778995176,R_75,26946.9799
1778995178,R_75,26939.2406
1778995180,R_75,26941.0503
1778995182,R_75,26933.0195
1778995184,R_75,26937.6365
1778995186,R_75,26933.3764
1778995188,R_75,26935.3924
1778995190,R_75,26936.4048
1778995192,R_75,26929.4698
1778995194,R_75,26934.3974
1778995196,R_75,26931.9469
1778995198,R_75,26930.6451
1778995200,R_75,26932.0213
1778995202,R_75,26929.1006
1778995204,R_75,26930.6975
1778995206,R_75,26925.0666
1778995208,R_75,26923.3074
1778995210,R_75,26928.2008
1778995212,R_75,26921.6824
1778995214,R_75,26920.8376
1778995216,R_75,26921.0675
1778995218,R_75,26918.7415
1778995220,R_75,26916.0886
1778995222,R_75,26911.5625
1778995224,R_75,26913.0064
1778995226,R_75,26919.9988
1778995228,R_75,26921.8421
1778995230,R_75,26920.9595
1778995232,R_75,26924.4363
1778995234,R_75,26926.9692
1778995236,R_75,26922.4381
1778995238,R_75,26925.7988
1778995240,R_75,26919.6222
1778995242,R_75,26913.1288
1778995244,R_75,26914.5538
1778995246,R_75,26907.736
1778995248,R_75,26905.424
1778995250,R_75,26905.9088
1778995252,R_75,26910.9844
1778995254,R_75,26907.8253
1778995256,R_75,26912.509
1778995258,R_75,26902.8445
1778995260,R_75,26907.7721
1778995262,R_75,26914.6891
1778995264,R_75,26904.5391
1778995266,R_75,26907.0214
1778995268,R_75,26906.5306
1778995270,R_75,26901.9938
1778995272,R_75,26898.1198
1778995274,R_75,26898.2035
1778995276,R_75,26888.6422
1778995278,R_75,26882.0584
1778995280,R_75,26880.1885
1778995282,R_75,26878.523
1778995284,R_75,26883.4663
1778995286,R_75,26888.6969
1778995288,R_75,26883.319
1778995290,R_75,26887.2263
1778995292,R_75,26895.4901
1778995294,R_75,26903.3787
1778995296,R_75,26898.5236
1778995298,R_75,26900.3565
1778995300,R_75,26900.535
1778995302,R_75,26905.9307
1778995304,R_75,26907.0201
1778995306,R_75,26905.0949
1778995308,R_75,26911.8213
1778995310,R_75,26913.621
1778995312,R_75,26916.0822
1778995314,R_75,26917.7816
1778995316,R_75,26927.89
1778995318,R_75,26935.0987
1778995320,R_75,26932.4623
1778995322,R_75,26936.952
1778995324,R_75,26945.5952
1778995326,R_75,26936.4445
1778995328,R_75,26940.6528
1778995330,R_75,26940.3744
1778995332,R_75,26929.743
1778995334,R_75,26929.2624
1778995336,R_75,26925.9286
1778995338,R_75,26929.3854
1778995340,R_75,26927.3937
1778995342,R_75,26924.765
1778995344,R_75,26922.8548
1778995346,R_75,26920.2201
1778995348,R_75,26918.1004
1778995350,R_75,26921.8329
1778995352,R_75,26921.9868
1778995354,R_75,26914.9657
1778995356,R_75,26911.8825
1778995358,R_75,26916.4747
1778995360,R_75,26907.5554
1778995362,R_75,26897.1753
1778995364,R_75,26899.7199
1778995366,R_75,26893.6835
1778995368,R_75,26899.3088
1778995370,R_75,26902.2576
1778995372,R_75,26902.9814
1778995374,R_75,26901.3358
1778995376,R_75,26903.5307
1778995378,R_75,26909.0886
1778995380,R_75,26913.4501
1778995382,R_75,26917.2819
1778995384,R_75,26916.8409
1778995386,R_75,26915.9076
1778995388,R_75,26920.5445
1778995390,R_75,26924.0094
1778995392,R_75,26924.94
1778995394,R_75,26925.6791
1778995396,R_75,26920.6677
1778995398,R_75,26923.7517
1778995400,R_75,26924.8531
1778995402,R_75,26926.7783
1778995404,R_75,26932.5276
1778995406,R_75,26926.6089
1778995408,R_75,26928.7472
1778995410,R_75,26929.825
1778995412,R_75,26938.1783
1778995414,R_75,26935.6448
1778995416,R_75,26937.2184
1778995418,R_75,26933.2016
1778995420,R_75,26935.6497
1778995422,R_75,26930.3795
1778995424,R_75,26925.1772
1778995426,R_75,26922.0824
1778995428,R_75,26922.9689
1778995430,R_75,26924.1945
1778995432,R_75,26923.0098
1778995434,R_75,26919.1642
1778995436,R_75,26925.8897
1778995438,R_75,26928.5025
1778995440,R_75,26919.1202
1778995442,R_75,26914.5261
1778995444,R_75,26906.6718
1778995446,R_75,26900.3129
1778995448,R_75,26894.9568
1778995450,R_75,26896.1886
1778995452,R_75,26892.6953
1778995454,R_75,26890.1832
1778995456,R_75,26894.0136
1778995458,R_75,26896.6691
1778995460,R_75,26897.062
1778995462,R_75,26892.1211
1778995464,R_75,26886.4921
1778995466,R_75,26874.5954
1778995468,R_75,26870.9517
1778995470,R_75,26871.7955
1778995472,R_75,26867.4282
1778995474,R_75,26864.1823
1778995476,R_75,26867.8587
1778995478,R_75,26865.1884
1778995480,R_75,26866.2888
1778995482,R_75,26867.9082
1778995484,R_75,26869.0914
1778995486,R_75,26866.6832
1778995488,R_75,26869.508
1778995490,R_75,26865.8883
1778995492,R_75,26858.8452
1778995494,R_75,26855.793
1778995496,R_75,26848.0427
1778995498,R_75,26843.664
1778995500,R_75,26840.9346
1778995502,R_75,26846.1213
1778995504,R_75,26855.1577
1778995506,R_75,26862.4084
1778995508,R_75,26869.0055
1778995510,R_75,26868.8124
1778995512,R_75,26873.5092
1778995514,R_75,26877.1398
1778995516,R_75,26875.8012
1778995518,R_75,26870.3527
1778995520,R_75,26871.5105
1778995522,R_75,26866.9261
1778995524,R_75,26861.9269
1778995526,R_75,26852.9833
1778995528,R_75,26855.7497
1778995530,R_75,26863.2684
1778995532,R_75,26860.9579
1778995534,R_75,26869.0625
1778995536,R_75,26866.1498
1778995538,R_75,26865.0222
1778995540,R_75,26865.9938
1778995542,R_75,26868.3025
1778995544,R_75,26873.4367
1778995546,R_75,26872.819
1778995548,R_75,26879.3125
1778995550,R_75,26880.0596
1778995552,R_75,26880.0171
1778995554,R_75,26884.9511
1778995556,R_75,26886.0776
1778995558,R_75,26889.7896
1778995560,R_75,26891.6265
1778995562,R_75,26898.3792
1778995564,R_75,26897.1252
1778995566,R_75,26897.147
1778995568,R_75,26894.0733
1778995570,R_75,26896.0274
1778995572,R_75,26891.9094
1778995574,R_75,26892.9817
1778995576,R_75,26904.1923
1778995578,R_75,26910.6245
1778995580,R_75,26909.282
1778995582,R_75,26903.834
1778995584,R_75,26901.1957
1778995586,R_75,26889.5442
1778995588,R_75,26895.2401
1778995590,R_75,26890.6664
1778995592,R_75,26890.4683
1778995594,R_75,26884.3465
1778995596,R_75,26886.7206
1778995598,R_75,26870.4758
1778995600,R_75,26874.3501
1778995602,R_75,26871.5749
1778995604,R_75,26876.1559
1778995606,R_75,26879.1662
1778995608,R_75,26877.8042
1778995610,R_75,26880.3043
1778995612,R_75,26890.7903
1778995614,R_75,26877.0719
1778995616,R_75,26877.5035
1778995618,R_75,26877.4698
1778995620,R_75,26875.8006
1778995622,R_75,26874.4863
1778995624,R_75,26873.3461
1778995626,R_75,26877.7575
1778995628,R_75,26879.4155
1778995630,R_75,26878.7821
1778995632,R_75,26875.3715
1778995634,R_75,26872.0024
1778995636,R_75,26866.8302
1778995638,R_75,26859.8486
1778995640,R_75,26855.0331
1778995642,R_75,26855.8373
1778995644,R_75,26855.7136
1778995646,R_75,26853.955
1778995648,R_75,26852.8406
1778995650,R_75,26848.3789
1778995652,R_75,26848.8222
1778995654,R_75,26850.9669
1778995656,R_75,26842.3582
1778995658,R_75,26838.5135
1778995660,R_75,26836.2395
1778995662,R_75,26834.7297
1778995664,R_75,26821.5203
1778995666,R_75,26816.1598
1778995668,R_75,26822.4796
1778995670,R_75,26819.4392
1778995672,R_75,26820.5371
1778995674,R_75,26821.5128
1778995676,R_75,26820.7628
1778995678,R_75,26812.1077
1778995680,R_75,26811.5867
1778995682,R_75,26803.9187
1778995684,R_75,26807.6673
1778995686,R_75,26804.9363
1778995688,R_75,26798.2805
1778995690,R_75,26794.4236
1778995692,R_75,26799.5784
1778995694,R_75,26797.2261
1778995696,R_75,26797.8519
1778995698,R_75,26794.6596
1778995700,R_75,26791.6043
1778995702,R_75,26796.2732
1778995704,R_75,26797.7404
1778995706,R_75,26798.4624
1778995708,R_75,26802.5713
1778995710,R_75,26803.2726
1778995712,R_75,26794.9252
1778995714,R_75,26788.7696
1778995716,R_75,26777.6553
1778995718,R_75,26777.7894
1778995720,R_75,26778.0229
1778995722,R_75,26785.6729
1778995724,R_75,26791.1269
1778995726,R_75,26789.6107
1778995728,R_75,26781.6905
1778995730,R_75,26778.0624
1778995732,R_75,26772.9742
1778995734,R_75,26772.4654
1778995736,R_75,26768.814
1778995738,R_75,26772.8488
1778995740,R_75,26771.2173
1778995742,R_75,26768.8492
1778995744,R_75,26777.289
1778995746,R_75,26769.9656
1778995748,R_75,26770.7123
1778995750,R_75,26772.4985
1778995752,R_75,26769.2458
1778995754,R_75,26779.6129
1778995756,R_75,26782.3853
1778995758,R_75,26780.6573
1778995760,R_75,26778.5641
1778995762,R_75,26783.4059
1778995764,R_75,26783.3973
1778995766,R_75,26777.615
1778995768,R_75,26773.7717
1778995770,R_75,26772.1733
1778995772,R_75,26765.2731
1778995774,R_75,26770.237
1778995776,R_75,26768.1269
1778995778,R_75,26770.3796
1778995780,R_75,26765.6037
1778995782,R_75,26765.1089
1778995784,R_75,26769.3742
1778995786,R_75,26774.3725
1778995788,R_75,26772.7945
1778995790,R_75,26782.3156
1778995792,R_75,26788.969
1778995794,R_75,26793.7622
1778995796,R_75,26787.7881
1778995798,R_75,26793.5866
1778995800,R_75,26798.827
1778995802,R_75,26794.318
1778995804,R_75,26796.3244
1778995806,R_75,26806.2128
1778995808,R_75,26809.9645
1778995810,R_75,26810.2407
1778995812,R_75,26816.5042
1778995814,R_75,26809.2186
1778995816,R_75,26803.6231
1778995818,R_75,26809.7403
1778995820,R_75,26812.7961
1778995822,R_75,26813.0661
1778995824,R_75,26815.0882
1778995826,R_75,26822.8016
1778995828,R_75,26818.1038
1778995830,R_75,26815.2648
1778995832,R_75,26823.3395
1778995834,R_75,26826.0164
1778995836,R_75,26824.4861
1778995838,R_75,26823.0615
1778995840,R_75,26824.761
1778995842,R_75,26828.1927
1778995844,R_75,26834.5187
1778995846,R_75,26832.6255
1778995848,R_75,26836.1579
1778995850,R_75,26832.4626
1778995852,R_75,26836.1361
1778995854,R_75,26834.1624
1778995856,R_75,26831.1931
1778995858,R_75,26829.2475
1778995860,R_75,26830.5429
1778995862,R_75,26838.1835
1778995864,R_75,26841.8973
1778995866,R_75,26846.6178
1778995868,R_75,26849.6663
1778995870,R_75,26847.3749
1778995872,R_75,26852.9186
1778995874,R_75,26856.654
1778995876,R_75,26860.6263
1778995878,R_75,26861.8698
1778995880,R_75,26851.5388
1778995882,R_75,26857.2141
1778995884,R_75,26860.18
1778995886,R_75,26857.3283
1778995888,R_75,26860.9867
1778995890,R_75,26860.119
1778995892,R_75,26858.6414
1778995894,R_75,26861.1739
1778995896,R_75,26862.807
1778995898,R_75,26857.9617
1778995900,R_75,26859.1033
1778995902,R_75,26858.309
1778995904,R_75,26857.2971
1778995906,R_75,26852.9708
1778995908,R_75,26855.5846
1778995910,R_75,26850.8722
1778995912,R_75,26854.6413
1778995914,R_75,26854.2239
1778995916,R_75,26851.6338
1778995918,R_75,26848.4149
1778995920,R_75,26848.9496
1778995922,R_75,26848.0139
1778995924,R_75,26841.8311
1778995926,R_75,26843.1967
1778995928,R_75,26843.3114
1778995930,R_75,26835.5776
1778995932,R_75,26844.0027
1778995934,R_75,26843.7053
1778995936,R_75,26837.6945
1778995938,R_75,26839.9054
1778995940,R_75,26839.0415
1778995942,R_75,26839.4189
1778995944,R_75,26834.2499
1778995946,R_75,26839.5958
1778995948,R_75,26847.4571
1778995950,R_75,26842.552
1778995952,R_75,26843.7559
1778995954,R_75,26838.3809
1778995956,R_75,26834.5557
1778995958,R_75,26827.7323
1778995960,R_75,26829.8824
1778995962,R_75,26840.2158
1778995964,R_75,26834.0415
1778995966,R_75,26832.9347
1778995968,R_75,26826.535
1778995970,R_75,26824.5129
1778995972,R_75,26828.9598
1778995974,R_75,26838.8174
1778995976,R_75,26832.2224
1778995978,R_75,26830.862
1778995980,R_75,26831.7436
1778995982,R_75,26831.5849
1778995984,R_75,26828.8688
1778995986,R_75,26828.3611
1778995988,R_75,26825.4314
1778995990,R_75,26835.7554
1778995992,R_75,26838.8065
1778995994,R_75,26842.8206
1778995996,R_75,26848.4049
1778995998,R_75,26856.3652
1778996000,R_75,26856.8835
1778996002,R_75,26865.1568
1778996004,R_75,26861.7028
1778996006,R_75,26865.1602
1778996008,R_75,26868.9741
1778996010,R_75,26867.4904
1778996012,R_75,26858.9049
1778996014,R_75,26863.7067
1778996016,R_75,26868.8855
1778996018,R_75,26867.56
1778996020,R_75,26863.9236
1778996022,R_75,26867.7782
1778996024,R_75,26863.9322
1778996026,R_75,26869.3089
1778996028,R_75,26867.2886
1778996030,R_75,26872.1815
1778996032,R_75,26871.3702
1778996034,R_75,26869.368
1778996036,R_75,26865.0375
1778996038,R_75,26862.1913
1778996040,R_75,26860.1107
1778996042,R_75,26859.1798
1778996044,R_75,26856.1591
1778996046,R_75,26860.6402
1778996048,R_75,26859.6645
1778996050,R_75,26864.9192
1778996052,R_75,26866.9383
1778996054,R_75,26874.7242
1778996056,R_75,26876.113
1778996058,R_75,26881.0888
1778996060,R_75,26877.9866
1778996062,R_75,26883.4432
1778996064,R_75,26882.4041
1778996066,R_75,26881.9852
1778996068,R_75,26887.3563
1778996070,R_75,26892.1108
1778996072,R_75,26892.6116
1778996074,R_75,26882.9564
1778996076,R_75,26885.8109
1778996078,R_75,26880.4167
1778996080,R_75,26873.4942
1778996082,R_75,26877.3947
1778996084,R_75,26882.9976
1778996086,R_75,26893.0447
1778996088,R_75,26881.1076
1778996090,R_75,26882.9916
1778996092,R_75,26881.8384
1778996094,R_75,26876.1483
1778996096,R_75,26873.7128
1778996098,R_75,26875.6585
1778996100,R_75,26879.0508
1778996102,R_75,26877.622
1778996104,R_75,26879.4569
1778996106,R_75,26876.6492
1778996108,R_75,26874.5379
1778996110,R_75,26874.6031
1778996112,R_75,26867.9667
1778996114,R_75,26863.1946
1778996116,R_75,26869.607
1778996118,R_75,26867.4318
1778996120,R_75,26868.7734
1778996122,R_75,26870.5067
1778996124,R_75,26868.0397
1778996126,R_75,26867.9443
1778996128,R_75,26868.8088
1778996130,R_75,26865.3664
1778996132,R_75,26869.4188
1778996134,R_75,26869.3589
1778996136,R_75,26872.1897
1778996138,R_75,26867.6735
1778996140,R_75,26870.4195
1778996142,R_75,26876.0661
1778996144,R_75,26877.0087
1778996146,R_75,26872.6794
1778996148,R_75,26868.4246
1778996150,R_75,26861.9373
1778996152,R_75,26866.9621
1778996154,R_75,26865.5129
1778996156,R_75,26865.2226
1778996158,R_75,26859.4858
1778996160,R_75,26853.1911
1778996162,R_75,26857.2023
1778996164,R_75,26852.48
1778996166,R_75,26862.3
1778996168,R_75,26866.0927
1778996170,R_75,26868.4175
1778996172,R_75,26869.9626
1778996174,R_75,26867.8354
1778996176,R_75,26871.9728
1778996178,R_75,26869.9657
1778996180,R_75,26868.9859
1778996182,R_75,26869.5762
1778996184,R_75,26871.0114
1778996186,R_75,26868.2292
1778996188,R_75,26862.2268
1778996190,R_75,26854.499
1778996192,R_75,26848.6252
1778996194,R_75,26839.0731
1778996196,R_75,26844.012
1778996198,R_75,26836.2327
1778996200,R_75,26840.9532
1778996202,R_75,26836.9586
1778996204,R_75,26832.4644
1778996206,R_75,26828.9845
1778996208,R_75,26832.6469
1778996210,R_75,26830.7644
1778996212,R_75,26832.297
1778996214,R_75,26833.0702
1778996216,R_75,26826.0975
1778996218,R_75,26828.9581
1778996220,R_75,26831.3636
1778996222,R_75,26829.6936
1778996224,R_75,26833.3678
1778996226,R_75,26834.0438
1778996228,R_75,26833.8581
1778996230,R_75,26838.3288
1778996232,R_75,26835.2583
1778996234,R_75,26835.5959
1778996236,R_75,26829.5015
1778996238,R_75,26824.2666
1778996240,R_75,26827.3258
1778996242,R_75,26830.336
1778996244,R_75,26830.4648
1778996246,R_75,26827.3696
1778996248,R_75,26834.8762
1778996250,R_75,26840.3667
1778996252,R_75,26830.5
1778996254,R_75,26834.1446
1778996256,R_75,26843.3579
1778996258,R_75,26842.1727
1778996260,R_75,26841.437
1778996262,R_75,26848.5908
1778996264,R_75,26848.9978
1778996266,R_75,26857.437
1778996268,R_75,26863.8251
1778996270,R_75,26867.541
1778996272,R_75,26870.0038
1778996274,R_75,26871.6598
1778996276,R_75,26868.6498
1778996278,R_75,26872.7201
1778996280,R_75,26869.8324
1778996282,R_75,26868.2728
1778996284,R_75,26871.3705
1778996286,R_75,26874.3057
1778996288,R_75,26873.6649
1778996290,R_75,26875.1883
1778996292,R_75,26877.5821
1778996294,R_75,26875.5267
1778996296,R_75,26870.731
1778996298,R_75,26869.4936
1778996300,R_75,26870.0297
1778996302,R_75,26865.1954
1778996304,R_75,26872.2933
1778996306,R_75,26871.0645
1778996308,R_75,26867.9539
1778996310,R_75,26874.9399
1778996312,R_75,26873.5404
1778996314,R_75,26870.2581
1778996316,R_75,26866.4569
1778996318,R_75,26873.2226
1778996320,R_75,26860.9676
1778996322,R_75,26858.3783
1778996324,R_75,26864.3596
1778996326,R_75,26871.1075
1778996328,R_75,26869.5195
1778996330,R_75,26874.6814
1778996332,R_75,26875.3851
1778996334,R_75,26877.453
1778996336,R_75,26870.8412
1778996338,R_75,26876.161
1778996340,R_75,26876.9101
1778996342,R_75,26872.4579
1778996344,R_75,26864.2796
1778996346,R_75,26855.1619
1778996348,R_75,26854.5877
1778996350,R_75,26858.4105
1778996352,R_75,26856.9572
1778996354,R_75,26865.2318
1778996356,R_75,26863.0353
1778996358,R_75,26858.1551
1778996360,R_75,26862.6081
1778996362,R_75,26855.4611
1778996364,R_75,26858.9897
1778996366,R_75,26857.4708
1778996368,R_75,26861.4685
1778996370,R_75,26860.5469
1778996372,R_75,26858.0019
1778996374,R_75,26858.5952
1778996376,R_75,26863.4683
1778996378,R_75,26853.738
1778996380,R_75,26851.8599
1778996382,R_75,26853.0529
1778996384,R_75,26856.6839
1778996386,R_75,26858.0571
1778996388,R_75,26851.4061
1778996390,R_75,26854.941
1778996392,R_75,26846.0844
1778996394,R_75,26846.8447
1778996396,R_75,26850.3034
1778996398,R_75,26852.3592
1778996400,R_75,26835.8757
1778996402,R_75,26837.6581
1778996404,R_75,26828.0614
1778996406,R_75,26835.4384
1778996408,R_75,26837.195
1778996410,R_75,26844.7729
1778996412,R_75,26847.7491
1778996414,R_75,26840.886
1778996416,R_75,26841.8563
1778996418,R_75,26839.9915
1778996420,R_75,26840.6598
1778996422,R_75,26831.2976
1778996424,R_75,26823.4226
1778996426,R_75,26834.69
1778996428,R_75,26839.6517
1778996430,R_75,26846.1788
1778996432,R_75,26840.1246
1778996434,R_75,26837.7347
1778996436,R_75,26835.2371
1778996438,R_75,26838.0839
1778996440,R_75,26838.0211
1778996442,R_75,26833.1769
1778996444,R_75,26836.4901
1778996446,R_75,26835.2647
1778996448,R_75,26830.1371
1778996450,R_75,26835.9134
1778996452,R_75,26829.6113
1778996454,R_75,26826.7264
1778996456,R_75,26828.5908
1778996458,R_75,26819.5058
1778996460,R_75,26827.6475
1778996462,R_75,26828.0499
1778996464,R_75,26835.8106
1778996466,R_75,26833.8671
1778996468,R_75,26826.1538
1778996470,R_75,26830.1754
1778996472,R_75,26826.278
1778996474,R_75,26830.7545
1778996476,R_75,26838.8983
1778996478,R_75,26834.6747
1778996480,R_75,26833.3312
1778996482,R_75,26837.7182
1778996484,R_75,26829.262
1778996486,R_75,26825.867
1778996488,R_75,26823.0961
1778996490,R_75,26824.7779
1778996492,R_75,26820.763
1778996494,R_75,26819.0236
1778996496,R_75,26834.4134
1778996498,R_75,26834.4081
1778996500,R_75,26837.312
1778996502,R_75,26839.3626
1778996504,R_75,26831.9495
1778996506,R_75,26824.7043
1778996508,R_75,26827.6563
1778996510,R_75,26829.0698
1778996512,R_75,26830.4383
1778996514,R_75,26827.43
1778996516,R_75,26826.0402
1778996518,R_75,26825.6621
1778996520,R_75,26832.7101
1778996522,R_75,26826.4138
1778996524,R_75,26824.1103
1778996526,R_75,26818.0889
1778996528,R_75,26821.9702
1778996530,R_75,26817.8854
1778996532,R_75,26812.7048
1778996534,R_75,26819.4511
1778996536,R_75,26815.3705
1778996538,R_75,26817.0091
1778996540,R_75,26817.4813
1778996542,R_75,26816.3817
1778996544,R_75,26816.901
1778996546,R_75,26820.3449
1778996548,R_75,26823.1043
1778996550,R_75,26828.8325
1778996552,R_75,26821.0558
1778996554,R_75,26822.3775
1778996556,R_75,26813.9997
1778996558,R_75,26808.4048
1778996560,R_75,26804.3004
1778996562,R_75,26811.453
1778996564,R_75,26809.6025
1778996566,R_75,26809.4544
1778996568,R_75,26812.8972
1778996570,R_75,26817.0328
1778996572,R_75,26827.766
1778996574,R_75,26820.7849
1778996576,R_75,26810.5175
1778996578,R_75,26811.7835
1778996580,R_75,26813.8659
1778996582,R_75,26816.051
1778996584,R_75,26812.6263
1778996586,R_75,26821.5308
1778996588,R_75,26817.9469
1778996590,R_75,26822.7252
1778996592,R_75,26832.7228
1778996594,R_75,26826.8693
1778996596,R_75,26833.4001
1778996598,R_75,26827.1028
1778996600,R_75,26826.7254
1778996602,R_75,26820.1554
1778996604,R_75,26816.1566
1778996606,R_75,26816.4977
1778996608,R_75,26816.5107
1778996610,R_75,26817.2253
1778996612,R_75,26813.4266
1778996614,R_75,26817.845
1778996616,R_75,26821.558
1778996618,R_75,26820.1091
1778996620,R_75,26813.5177
1778996622,R_75,26810.591
1778996624,R_75,26812.5471
1778996626,R_75,26806.2246
1778996628,R_75,26799.6045
1778996630,R_75,26802.4613
1778996632,R_75,26801.606
1778996634,R_75,26794.2491
1778996636,R_75,26794.3936
1778996638,R_75,26788.8289
1778996640,R_75,26792.099
1778996642,R_75,26792.7856
1778996644,R_75,26795.4847
1778996646,R_75,26802.4337
1778996648,R_75,26798.0457
1778996650,R_75,26799.7422
1778996652,R_75,26804.8664
1778996654,R_75,26795.8869
1778996656,R_75,26799.6391
1778996658,R_75,26799.2439
1778996660,R_75,26808.1817
1778996662,R_75,26800.1715
1778996664,R_75,26804.2396
1778996666,R_75,26801.9711
1778996668,R_75,26801.815
1778996670,R_75,26804.1781
1778996672,R_75,26802.9667
1778996674,R_75,26797.0817
1778996676,R_75,26793.9718
1778996678,R_75,26795.4856
1778996680,R_75,26808.1398
1778996682,R_75,26816.0518
1778996684,R_75,26819.5751
1778996686,R_75,26815.9248
1778996688,R_75,26819.601
1778996690,R_75,26822.4072
1778996692,R_75,26829.5758
1778996694,R_75,26829.7605
1778996696,R_75,26822.689
1778996698,R_75,26833.4551
1778996700,R_75,26837.9628
1778996702,R_75,26839.3141
1778996704,R_75,26835.5227
1778996706,R_75,26833.7666
1778996708,R_75,26838.8776
1778996710,R_75,26843.3967
1778996712,R_75,26845.3909
1778996714,R_75,26850.6924
1778996716,R_75,26861.4058
1778996718,R_75,26863.9318
1778996720,R_75,26863.5981
1778996722,R_75,26860.6026
1778996724,R_75,26871.9347
1778996726,R_75,26869.8859
1778996728,R_75,26872.1966
1778996730,R_75,26877.4125
1778996732,R_75,26885.5347
1778996734,R_75,26880.2183
1778996736,R_75,26875.1374
1778996738,R_75,26876.656
1778996740,R_75,26875.5821
1778996742,R_75,26882.3213
1778996744,R_75,26887.819
1778996746,R_75,26890.2833
1778996748,R_75,26893.83
1778996750,R_75,26894.7556
1778996752,R_75,26893.4161
1778996754,R_75,26892.677
1778996756,R_75,26894.2406
1778996758,R_75,26902.5799
1778996760,R_75,26899.8892
1778996762,R_75,26907.3785
1778996764,R_75,26902.7933
1778996766,R_75,26908.3329
1778996768,R_75,26909.2289
1778996770,R_75,26912.2839
1778996772,R_75,26905.3
1778996774,R_75,26912.7859
1778996776,R_75,26921.4974
1778996778,R_75,26920.2201
1778996780,R_75,26927.5366
1778996782,R_75,26923.5356
1778996784,R_75,26918.6217
1778996786,R_75,26918.791
1778996788,R_75,26913.9458
1778996790,R_75,26919.1039
1778996792,R_75,26930.0842
1778996794,R_75,26931.5388
1778996796,R_75,26933.9809
1778996798,R_75,26932.8404
1778996800,R_75,26934.2862
1778996802,R_75,26932.8109
1778996804,R_75,26925.9023
1778996806,R_75,26932.1907
1778996808,R_75,26937.5716
1778996810,R_75,26929.3464
1778996812,R_75,26928.5449
1778996814,R_75,26931.2495
1778996816,R_75,26928.6157
1778996818,R_75,26931.7256
1778996820,R_75,26932.8697
1778996822,R_75,26929.618
1778996824,R_75,26930.473
1778996826,R_75,26937.4746
1778996828,R_75,26938.5289
1778996830,R_75,26935.139
1778996832,R_75,26939.7183
1778996834,R_75,26943.2424
1778996836,R_75,26948.2144
1778996838,R_75,26954.6481
1778996840,R_75,26959.0046
1778996842,R_75,26954.8371
1778996844,R_75,26949.1987
1778996846,R_75,26948.3999
1778996848,R_75,26949.0473
1778996850,R_75,26945.563
1778996852,R_75,26949.7896
1778996854,R_75,26949.8891
1778996856,R_75,26954.7246
1778996858,R_75,26960.4144
1778996860,R_75,26964.8574
1778996862,R_75,26967.2024
1778996864,R_75,26963.1893
1778996866,R_75,26957.2933
1778996868,R_75,26958.49
1778996870,R_75,26961.5829
1778996872,R_75,26963.7634
1778996874,R_75,26964.7643
1778996876,R_75,26965.4353
1778996878,R_75,26972.5755
1778996880,R_75,26976.2402
1778996882,R_75,26974.2996
1778996884,R_75,26964.0972
1778996886,R_75,26964.0631
1778996888,R_75,26961.191
1778996890,R_75,26951.6593
1778996892,R_75,26947.5812
1778996894,R_75,26951.8177
1778996896,R_75,26948.5501
1778996898,R_75,26951.9194
1778996900,R_75,26958.5608
1778996902,R_75,26957.8315
1778996904,R_75,26959.7434
1778996906,R_75,26951.9098
1778996908,R_75,26949.8611
1778996910,R_75,26960.2619
1778996912,R_75,26960.2636
1778996914,R_75,26961.1132
1778996916,R_75,26964.2769
1778996918,R_75,26965.8889
1778996920,R_75,26969.5049
1778996922,R_75,26968.6374
1778996924,R_75,26968.4454
1778996926,R_75,26967.9545
1778996928,R_75,26970.3264
1778996930,R_75,26974.4847
1778996932,R_75,26979.4504
1778996934,R_75,26984.7739
1778996936,R_75,26993.8854
1778996938,R_75,26995.1424
1778996940,R_75,26994.7512
1778996942,R_75,26988.2543
1778996944,R_75,26983.6258
1778996946,R_75,26981.892
1778996948,R_75,26981.7674
1778996950,R_75,26986.6414
1778996952,R_75,26985.8216
1778996954,R_75,26986.9794
1778996956,R_75,26993.1452
1778996958,R_75,26991.8391
1778996960,R_75,26992.7225
1778996962,R_75,26983.2147
1778996964,R_75,26981.4244
1778996966,R_75,26985.3474
1778996968,R_75,26986.8757
1778996970,R_75,26999.0591
1778996972,R_75,26998.9521
1778996974,R_75,26999.7235
1778996976,R_75,26990.6924
1778996978,R_75,26999.3016
1778996980,R_75,26998.9538
1778996982,R_75,27003.4757
1778996984,R_75,26995.9738
1778996986,R_75,26992.659
1778996988,R_75,26993.1663
1778996990,R_75,26990.4898
1778996992,R_75,27004.7488
1778996994,R_75,27011.7208
1778996996,R_75,27016.8571
1778996998,R_75,27018.9696
1778997000,R_75,27015.0596
1778997002,R_75,27022.2187
1778997004,R_75,27020.7434
1778997006,R_75,27016.9511
1778997008,R_75,27003.0358
1778997010,R_75,27003.8477
1778997012,R_75,26996.1652
1778997014,R_75,26982.3376
1778997016,R_75,26982.1927
1778997018,R_75,26980.4532
1778997020,R_75,26978.2666
1778997022,R_75,26972.1205
1778997024,R_75,26967.0567
1778997026,R_75,26968.1136
1778997028,R_75,26979.4036
1778997030,R_75,26973.7556
1778997032,R_75,26987.0279
1778997034,R_75,26982.5102
1778997036,R_75,26984.0265
1778997038,R_75,26987.0321
1778997040,R_75,26983.5612
1778997042,R_75,26973.405
1778997044,R_75,26966.2457
1778997046,R_75,26970.5746
1778997048,R_75,26970.8474
1778997050,R_75,26963.5111
1778997052,R_75,26969.5118
1778997054,R_75,26966.7388
1778997056,R_75,26962.0749
1778997058,R_75,26967.5229
1778997060,R_75,26963.9901
1778997062,R_75,26963.8965
1778997064,R_75,26971.5666
1778997066,R_75,26966.0155
1778997068,R_75,26970.751
1778997070,R_75,26976.4788
1778997072,R_75,26979.4758
1778997074,R_75,26981.4519
1778997076,R_75,26973.9398
1778997078,R_75,26971.5082
1778997080,R_75,26966.9407
1778997082,R_75,26965.5563
1778997084,R_75,26968.2997
1778997086,R_75,26973.0454
1778997088,R_75,26975.746
1778997090,R_75,26981.3411
1778997092,R_75,26989.448
1778997094,R_75,26986.4313
1778997096,R_75,26988.1739
1778997098,R_75,26985.4625
1778997100,R_75,26988.4146
1778997102,R_75,26992.465
1778997104,R_75,26995.2176
1778997106,R_75,27004.828
1778997108,R_75,27007.2668
1778997110,R_75,27011.9037
1778997112,R_75,27014.8021
1778997114,R_75,27009.4242
1778997116,R_75,27011.0716
1778997118,R_75,27024.7685
1778997120,R_75,27036.0413
1778997122,R_75,27044.0502
1778997124,R_75,27048.7196
1778997126,R_75,27055.1843
1778997128,R_75,27052.3738
1778997130,R_75,27055.1483
1778997132,R_75,27051.7336
1778997134,R_75,27048.2354
1778997136,R_75,27044.9172
1778997138,R_75,27044.3121
1778997140,R_75,27038.4398
1778997142,R_75,27040.942
1778997144,R_75,27040.9709
1778997146,R_75,27042.9356
1778997148,R_75,27031.7425
1778997150,R_75,27037.6121
1778997152,R_75,27047.1716
1778997154,R_75,27061.806
1778997156,R_75,27055.5007
1778997158,R_75,27050.854
1778997160,R_75,27054.7581
1778997162,R_75,27059.8117
1778997164,R_75,27065.5076
1778997166,R_75,27067.0977
1778997168,R_75,27066.774
1778997170,R_75,27068.1281
1778997172,R_75,27069.7732
1778997174,R_75,27074.7795
1778997176,R_75,27078.4198
1778997178,R_75,27076.6125
1778997180,R_75,27074.9961
1778997182,R_75,27082.1
1778997184,R_75,27080.9909
1778997186,R_75,27081.5414
1778997188,R_75,27089.0676
1778997190,R_75,27090.1916
1778997192,R_75,27090.3466
1778997194,R_75,27083.0154
1778997196,R_75,27084.4293
1778997198,R_75,27084.9202
1778997200,R_75,27091.9835
1778997202,R_75,27095.7604
1778997204,R_75,27090.8581
1778997206,R_75,27095.7671
1778997208,R_75,27095.0565
1778997210,R_75,27100.9448
1778997212,R_75,27098.5326
1778997214,R_75,27099.6904
1778997216,R_75,27098.0927
1778997218,R_75,27100.6578
1778997220,R_75,27102.4523
1778997222,R_75,27100.8446
1778997224,R_75,27108.1984
1778997226,R_75,27106.2477
1778997228,R_75,27102.9558
1778997230,R_75,27108.1424
1778997232,R_75,27108.453
1778997234,R_75,27107.6568
1778997236,R_75,27102.2786
1778997238,R_75,27102.8332
1778997240,R_75,27100.4578
1778997242,R_75,27099.7092
1778997244,R_75,27097.4352
1778997246,R_75,27103.9523
1778997248,R_75,27096.25
1778997250,R_75,27086.9115
1778997252,R_75,27091.883
1778997254,R_75,27092.6286
1778997256,R_75,27093.7243
1778997258,R_75,27083.3604
1778997260,R_75,27087.4428
1778997262,R_75,27091.4069
1778997264,R_75,27092.1132
1778997266,R_75,27099.728
1778997268,R_75,27098.1818
1778997270,R_75,27096.2176
1778997272,R_75,27093.5328
1778997274,R_75,27099.8473
1778997276,R_75,27100.5579
1778997278,R_75,27102.0265
1778997280,R_75,27099.5218
1778997282,R_75,27104.7351
1778997284,R_75,27109.2829
1778997286,R_75,27113.3725
1778997288,R_75,27114.2445
1778997290,R_75,27115.4973
1778997292,R_75,27111.4302
1778997294,R_75,27107.6409
1778997296,R_75,27101.2498
1778997298,R_75,27101.8348
1778997300,R_75,27094.7185
1778997302,R_75,27097.8844
1778997304,R_75,27102.8153
1778997306,R_75,27098.1074
1778997308,R_75,27100.1545
1778997310,R_75,27095.0106
1778997312,R_75,27096.5569
1778997314,R_75,27103.7521
1778997316,R_75,27104.1538
1778997318,R_75,27105.272
1778997320,R_75,27105.6886
1778997322,R_75,27108.3317
1778997324,R_75,27112.7412
1778997326,R_75,27111.5806
1778997328,R_75,27116.0017
1778997330,R_75,27123.2415
1778997332,R_75,27124.3034
1778997334,R_75,27117.5446
1778997336,R_75,27120.1638
1778997338,R_75,27119.2659
1778997340,R_75,27121.8618
1778997342,R_75,27110.1553
1778997344,R_75,27108.5831
1778997346,R_75,27111.3935
1778997348,R_75,27115.7137
1778997350,R_75,27110.6816
1778997352,R_75,27101.6836
1778997354,R_75,27101.9732
1778997356,R_75,27106.2573
1778997358,R_75,27108.4654
1778997360,R_75,27112.2103
1778997362,R_75,27124.2715
1778997364,R_75,27122.0937
1778997366,R_75,27130.4678
1778997368,R_75,27130.7727
1778997370,R_75,27130.7545
1778997372,R_75,27141.6959
1778997374,R_75,27140.2353
1778997376,R_75,27142.7162
1778997378,R_75,27141.6714
1778997380,R_75,27136.1146
1778997382,R_75,27138.0557
1778997384,R_75,27133.4173
1778997386,R_75,27133.6747
1778997388,R_75,27131.8606
1778997390,R_75,27128.5256
1778997392,R_75,27125.1695
1778997394,R_75,27127.7562
1778997396,R_75,27135.2635
1778997398,R_75,27138.3636
1778997400,R_75,27134.4005
1778997402,R_75,27133.5648
1778997404,R_75,27129.9533
1778997406,R_75,27134.6337
1778997408,R_75,27130.9634
1778997410,R_75,27133.0506
1778997412,R_75,27130.2183
1778997414,R_75,27130.2828
1778997416,R_75,27130.7462
1778997418,R_75,27133.201
1778997420,R_75,27133.1705
1778997422,R_75,27132.9039
1778997424,R_75,27137.0433
1778997426,R_75,27127.9943
1778997428,R_75,27128.013
1778997430,R_75,27135.5264
1778997432,R_75,27132.0265
1778997434,R_75,27129.7114
1778997436,R_75,27131.8968
1778997438,R_75,27125.5585
1778997440,R_75,27136.2777
1778997442,R_75,27129.4435
1778997444,R_75,27125.7691
1778997446,R_75,27126.9809
1778997448,R_75,27125.5107
1778997450,R_75,27122.4162
1778997452,R_75,27132.2295
1778997454,R_75,27129.77
1778997456,R_75,27126.9624
1778997458,R_75,27131.0712
1778997460,R_75,27134.5284
1778997462,R_75,27133.4443
1778997464,R_75,27133.8689
1778997466,R_75,27137.5065
1778997468,R_75,27138.9728
1778997470,R_75,27135.2755
1778997472,R_75,27136.5996
1778997474,R_75,27139.6074
1778997476,R_75,27140.4552
1778997478,R_75,27141.6804
1778997480,R_75,27136.5547
1778997482,R_75,27128.7815
1778997484,R_75,27128.1607
1778997486,R_75,27127.5254
1778997488,R_75,27124.8967
1778997490,R_75,27127.5972
1778997492,R_75,27124.2134
1778997494,R_75,27133.0415
1778997496,R_75,27135.3909
1778997498,R_75,27144.838
1778997500,R_75,27149.6391
1778997502,R_75,27149.5429
1778997504,R_75,27158.2069
1778997506,R_75,27149.724
1778997508,R_75,27144.8287
1778997510,R_75,27143.7224
1778997512,R_75,27142.1657
1778997514,R_75,27136.6781
1778997516,R_75,27139.7642
1778997518,R_75,27144.9326
1778997520,R_75,27145.0357
1778997522,R_75,27139.7094
1778997524,R_75,27138.4295
1778997526,R_75,27134.5606
1778997528,R_75,27127.7365
1778997530,R_75,27126.1223
1778997532,R_75,27125.0329
1778997534,R_75,27127.5162
1778997536,R_75,27129.8491
1778997538,R_75,27118.4183
1778997540,R_75,27118.5328
1778997542,R_75,27110.5717
1778997544,R_75,27107.8667
1778997546,R_75,27121.1948
1778997548,R_75,27130.3913
1778997550,R_75,27127.2782
1778997552,R_75,27124.4124
1778997554,R_75,27120.2112
1778997556,R_75,27125.3662
1778997558,R_75,27127.5211
1778997560,R_75,27121.3241
1778997562,R_75,27129.0265
1778997564,R_75,27132.7092
1778997566,R_75,27135.3828
1778997568,R_75,27128.5746
1778997570,R_75,27126.5568
1778997572,R_75,27131.3175
1778997574,R_75,27123.984
1778997576,R_75,27131.3707
1778997578,R_75,27131.3905
1778997580,R_75,27126.5824
1778997582,R_75,27122.7251
1778997584,R_75,27125.1819
1778997586,R_75,27133.0258
1778997588,R_75,27129.7934
1778997590,R_75,27117.2714
1778997592,R_75,27120.6466
1778997594,R_75,27119.0952
1778997596,R_75,27123.1216
1778997598,R_75,27127.1428
1778997600,R_75,27118.4182
1778997602,R_75,27116.6771
1778997604,R_75,27114.7121
1778997606,R_75,27113.2242
1778997608,R_75,27113.1201
1778997610,R_75,27122.1051
1778997612,R_75,27123.6968
1778997614,R_75,27121.2846
1778997616,R_75,27121.4011
1778997618,R_75,27122.4585
1778997620,R_75,27128.2306
1778997622,R_75,27134.2464
1778997624,R_75,27131.4478
1778997626,R_75,27133.4212
1778997628,R_75,27128.1559
1778997630,R_75,27135.3716
1778997632,R_75,27138.0084
1778997634,R_75,27137.1668
1778997636,R_75,27135.3225
1778997638,R_75,27139.1817
1778997640,R_75,27132.0155
1778997642,R_75,27130.5347
1778997644,R_75,27134.898
1778997646,R_75,27136.684
1778997648,R_75,27132.7441
1778997650,R_75,27119.8983
1778997652,R_75,27123.9938
1778997654,R_75,27129.9279
1778997656,R_75,27125.3717
1778997658,R_75,27125.2319
1778997660,R_75,27123.0591
1778997662,R_75,27128.8224
1778997664,R_75,27128.1073
1778997666,R_75,27123.7528
1778997668,R_75,27128.9514
1778997670,R_75,27129.7201
1778997672,R_75,27134.7966
1778997674,R_75,27129.8224
1778997676,R_75,27135.0046
1778997678,R_75,27140.5114
1778997680,R_75,27145.7095
1778997682,R_75,27148.6398
1778997684,R_75,27145.3002
1778997686,R_75,27145.5813
1778997688,R_75,27146.5603
1778997690,R_75,27152.8836
1778997692,R_75,27161.7299
1778997694,R_75,27156.206
1778997696,R_75,27160.4077
1778997698,R_75,27160.4308
1778997700,R_75,27153.9811
1778997702,R_75,27152.0336
1778997704,R_75,27162.3657
1778997706,R_75,27169.1848
1778997708,R_75,27166.3891
1778997710,R_75,27159.0405
1778997712,R_75,27156.3424
1778997714,R_75,27151.714
1778997716,R_75,27150.193
1778997718,R_75,27157.5039
1778997720,R_75,27147.8981
1778997722,R_75,27149.7137
1778997724,R_75,27152.6735
1778997726,R_75,27152.4242
1778997728,R_75,27152.8823
1778997730,R_75,27150.6701
1778997732,R_75,27153.1525
1778997734,R_75,27153.9299
1778997736,R_75,27151.0533
1778997738,R_75,27153.8323
1778997740,R_75,27140.2922
1778997742,R_75,27134.2893
1778997744,R_75,27131.4537
1778997746,R_75,27124.6879
1778997748,R_75,27125.7651
1778997750,R_75,27122.2827
1778997752,R_75,27124.4765
1778997754,R_75,27130.7511
1778997756,R_75,27125.163
1778997758,R_75,27118.3525
1778997760,R_75,27121.2873
1778997762,R_75,27124.5172
1778997764,R_75,27127.7874
1778997766,R_75,27125.6541
1778997768,R_75,27127.1474
1778997770,R_75,27122.5402
1778997772,R_75,27121.9631
1778997774,R_75,27127.5771
1778997776,R_75,27128.5168
1778997778,R_75,27135.5966
1778997780,R_75,27133.4353
1778997782,R_75,27134.8074
1778997784,R_75,27136.5026
1778997786,R_75,27144.2008
1778997788,R_75,27145.985
1778997790,R_75,27147.8283
1778997792,R_75,27152.7594
1778997794,R_75,27157.741
1778997796,R_75,27143.5407
1778997798,R_75,27129.7536
1778997800,R_75,27124.298
1778997802,R_75,27117.0136
1778997804,R_75,27118.4273
1778997806,R_75,27116.4155
1778997808,R_75,27125.0288
1778997810,R_75,27128.9391
1778997812,R_75,27125.6078
1778997814,R_75,27124.9476
1778997816,R_75,27123.4238
1778997818,R_75,27130.408
1778997820,R_75,27135.4588
1778997822,R_75,27141.2774
1778997824,R_75,27139.4616
1778997826,R_75,27138.9986
1778997828,R_75,27140.3126
1778997830,R_75,27149.2741
1778997832,R_75,27153.5455
1778997834,R_75,27158.8433
1778997836,R_75,27159.2277
1778997838,R_75,27159.9013
1778997840,R_75,27161.6306
1778997842,R_75,27168.0693
1778997844,R_75,27168.2378
1778997846,R_75,27171.6149
1778997848,R_75,27171.3837
1778997850,R_75,27173.3556
1778997852,R_75,27165.8325
1778997854,R_75,27161.2481
1778997856,R_75,27160.224
1778997858,R_75,27156.1325
1778997860,R_75,27155.1594
1778997862,R_75,27156.6555
1778997864,R_75,27162.2073
1778997866,R_75,27156.9624
1778997868,R_75,27151.087
1778997870,R_75,27148.7747
1778997872,R_75,27141.5647
1778997874,R_75,27141.032
1778997876,R_75,27140.4016
1778997878,R_75,27142.5501
1778997880,R_75,27138.0908
1778997882,R_75,27146.2201
1778997884,R_75,27149.4531
1778997886,R_75,27159.5882
1778997888,R_75,27157.9611
1778997890,R_75,27157.6314
1778997892,R_75,27163.61
1778997894,R_75,27160.8668
1778997896,R_75,27166.2738
1778997898,R_75,27164.1338
1778997900,R_75,27167.312
1778997902,R_75,27157.1011
1778997904,R_75,27160.4312
1778997906,R_75,27158.3497
1778997908,R_75,27163.996
1778997910,R_75,27164.1274
1778997912,R_75,27154.0207
1778997914,R_75,27152.6567
1778997916,R_75,27150.7128
1778997918,R_75,27145.0372
1778997920,R_75,27152.3164
1778997922,R_75,27162.9919
1778997924,R_75,27161.3992
1778997926,R_75,27164.6463
1778997928,R_75,27168.4943
1778997930,R_75,27169.5079
1778997932,R_75,27171.892
1778997934,R_75,27177.7381
1778997936,R_75,27181.0105
1778997938,R_75,27182.4808
1778997940,R_75,27180.4769
1778997942,R_75,27183.1065
1778997944,R_75,27176.721
1778997946,R_75,27169.5469
1778997948,R_75,27174.7919
1778997950,R_75,27180.8116
1778997952,R_75,27181.221
1778997954,R_75,27182.7987
1778997956,R_75,27178.725
1778997958,R_75,27180.5742
1778997960,R_75,27185.3266
1778997962,R_75,27193.1913
1778997964,R_75,27183.143
1778997966,R_75,27175.5127
1778997968,R_75,27174.482
1778997970,R_75,27170.8301
1778997972,R_75,27174.5455
1778997974,R_75,27176.8466
1778997976,R_75,27173.8153
1778997978,R_75,27178.3241
1778997980,R_75,27171.3226
1778997982,R_75,27171.4274
1778997984,R_75,27171.2994
1778997986,R_75,27171.0498
1778997988,R_75,27168.4992
1778997990,R_75,27166.5975
1778997992,R_75,27163.9131
1778997994,R_75,27160.5409
1778997996,R_75,27165.0863
1778997998,R_75,27165.8509
1778998000,R_75,27171.4509
1778998002,R_75,27169.6883
1778998004,R_75,27172.086
1778998006,R_75,27176.1029
1778998008,R_75,27180.0758
1778998010,R_75,27191.6122
1778998012,R_75,27193.8513
1778998014,R_75,27197.4606
1778998016,R_75,27200.5086
1778998018,R_75,27200.3111
1778998020,R_75,27195.7673
1778998022,R_75,27191.2358
1778998024,R_75,27185.7877
1778998026,R_75,27188.0052
1778998028,R_75,27190.2935
1778998030,R_75,27187.8594
1778998032,R_75,27183.3299
1778998034,R_75,27175.4257
1778998036,R_75,27175.6506
1778998038,R_75,27178.5007
1778998040,R_75,27185.1052
1778998042,R_75,27187.6574
1778998044,R_75,27190.7968
1778998046,R_75,27182.4796
1778998048,R_75,27181.2973
1778998050,R_75,27179.0389
1778998052,R_75,27181.8148
1778998054,R_75,27179.7017
1778998056,R_75,27171.4451
1778998058,R_75,27173.0012
1778998060,R_75,27171.4917
1778998062,R_75,27165.3612
1778998064,R_75,27162.3751
1778998066,R_75,27162.7859
1778998068,R_75,27165.498
1778998070,R_75,27168.9255
1778998072,R_75,27160.8407
1778998074,R_75,27158.2955
1778998076,R_75,27159.8942
1778998078,R_75,27157.6059
1778998080,R_75,27168.3802
1778998082,R_75,27171.9897
1778998084,R_75,27168.3909
1778998086,R_75,27173.3989
1778998088,R_75,27169.3092
1778998090,R_75,27171.6202
1778998092,R_75,27175.6659
1778998094,R_75,27170.3459
1778998096,R_75,27169.0373
1778998098,R_75,27163.8204
1778998100,R_75,27157.4828
1778998102,R_75,27159.7355
1778998104,R_75,27162.2159
1778998106,R_75,27173.5173
1778998108,R_75,27172.0181
1778998110,R_75,27168.5157
1778998112,R_75,27169.878
1778998114,R_75,27172.9409
1778998116,R_75,27177.1482
1778998118,R_75,27177.5436
1778998120,R_75,27174.4644
1778998122,R_75,27173.8557
1778998124,R_75,27174.0865
1778998126,R_75,27179.0113
1778998128,R_75,27176.8178
1778998130,R_75,27164.4517
1778998132,R_75,27167.652
1778998134,R_75,27174.9294
1778998136,R_75,27170.5307
1778998138,R_75,27164.3455
1778998140,R_75,27158.5137
1778998142,R_75,27159.6434
1778998144,R_75,27159.2259
1778998146,R_75,27159.7354
1778998148,R_75,27156.0447
1778998150,R_75,27151.9138
1778998152,R_75,27151.5472
1778998154,R_75,27148.4178
1778998156,R_75,27151.0966
1778998158,R_75,27152.4898
1778998160,R_75,27148.2949
1778998162,R_75,27147.5011
1778998164,R_75,27148.1881
1778998166,R_75,27140.0321
1778998168,R_75,27145.1758
1778998170,R_75,27137.2059
1778998172,R_75,27139.3312
1778998174,R_75,27134.742
1778998176,R_75,27134.2357
1778998178,R_75,27129.2112
1778998180,R_75,27122.6154
1778998182,R_75,27122.3985
1778998184,R_75,27121.4222
1778998186,R_75,27121.5144
1778998188,R_75,27126.3637
1778998190,R_75,27131.8593
1778998192,R_75,27126.2012
1778998194,R_75,27126.9663
1778998196,R_75,27129.0374
1778998198,R_75,27128.2798
1778998200,R_75,27126.5625
1778998202,R_75,27120.724
1778998204,R_75,27117.8107
1778998206,R_75,27121.6135
1778998208,R_75,27120.2954
1778998210,R_75,27114.3771
1778998212,R_75,27118.6804
1778998214,R_75,27115.5215
1778998216,R_75,27113.9262
1778998218,R_75,27115.8354
1778998220,R_75,27123.6008
1778998222,R_75,27123.7406
1778998224,R_75,27125.6194
1778998226,R_75,27127.9541
1778998228,R_75,27136.5669
1778998230,R_75,27131.0227
1778998232,R_75,27125.2762
1778998234,R_75,27124.3895
1778998236,R_75,27119.8152
1778998238,R_75,27117.8796
1778998240,R_75,27116.7049
1778998242,R_75,27112.9233
1778998244,R_75,27109.3781
1778998246,R_75,27111.436
1778998248,R_75,27113
1778998250,R_75,27116.5809
1778998252,R_75,27118.6816
1778998254,R_75,27126.7169
1778998256,R_75,27124.7628
1778998258,R_75,27119.6068
1778998260,R_75,27122.4809
1778998262,R_75,27122.7585
1778998264,R_75,27125.3198
1778998266,R_75,27117.1144
1778998268,R_75,27119.128
1778998270,R_75,27112.843
1778998272,R_75,27119.525
1778998274,R_75,27117.1904
1778998276,R_75,27111.5235
1778998278,R_75,27106.9333
1778998280,R_75,27104.0449
1778998282,R_75,27108.4455
1778998284,R_75,27114.057
1778998286,R_75,27108.4208
1778998288,R_75,27107.605
1778998290,R_75,27102.9402
1778998292,R_75,27097.0211
1778998294,R_75,27108.3619
1778998296,R_75,27106.6139
1778998298,R_75,27106.9263
1778998300,R_75,27102.9367
1778998302,R_75,27111.6765
1778998304,R_75,27106.3691
1778998306,R_75,27107.0392
1778998308,R_75,27112.5043
1778998310,R_75,27113.6785
1778998312,R_75,27115.8112
1778998314,R_75,27112.5173
1778998316,R_75,27108.4839
1778998318,R_75,27112.8569
1778998320,R_75,27103.51
1778998322,R_75,27102.3003
1778998324,R_75,27101.8302
1778998326,R_75,27103.7361
1778998328,R_75,27103.824
1778998330,R_75,27109.2703
1778998332,R_75,27103.5083
1778998334,R_75,27110.7207
1778998336,R_75,27115.3764
1778998338,R_75,27107.9649
1778998340,R_75,27111.3069
1778998342,R_75,27104.1771
1778998344,R_75,27107.3054
1778998346,R_75,27114.8341
1778998348,R_75,27116.3056
1778998350,R_75,27118.3041
1778998352,R_75,27118.0826
1778998354,R_75,27113.2832
1778998356,R_75,27102.9506
1778998358,R_75,27114.9206
1778998360,R_75,27121.5226
1778998362,R_75,27126.4339
1778998364,R_75,27128.8535
1778998366,R_75,27129.0939
1778998368,R_75,27129.5233
1778998370,R_75,27127.2394
1778998372,R_75,27128.4149
1778998374,R_75,27126.7408
1778998376,R_75,27128.3867
1778998378,R_75,27121.9143
1778998380,R_75,27110.6168
1778998382,R_75,27108.4686
1778998384,R_75,27106.1282
1778998386,R_75,27105.3593
1778998388,R_75,27102.8916
1778998390,R_75,27099.348
1778998392,R_75,27098.4882
1778998394,R_75,27099.643
1778998396,R_75,27108.1899
1778998398,R_75,27112.6971
1778998400,R_75,27105.5703
1778998402,R_75,27113.3781
1778998404,R_75,27125.2752
1778998406,R_75,27114.5182
1778998408,R_75,27117.5139
1778998410,R_75,27114.8722
1778998412,R_75,27117.1621
1778998414,R_75,27116.2124
1778998416,R_75,27109.7275
1778998418,R_75,27114.1951
1778998420,R_75,27110.8658
1778998422,R_75,27106.4533
1778998424,R_75,27107.5519
1778998426,R_75,27107.9878
1778998428,R_75,27105.0165
1778998430,R_75,27104.1442
1778998432,R_75,27111.1681
1778998434,R_75,27112.442
1778998436,R_75,27120.9183
1778998438,R_75,27125.7391
1778998440,R_75,27130.8637
1778998442,R_75,27122.2316
1778998444,R_75,27120.1294
1778998446,R_75,27115.8411
1778998448,R_75,27114.7791
1778998450,R_75,27112.939
1778998452,R_75,27112.6373
1778998454,R_75,27114.8451
1778998456,R_75,27120.5844
1778998458,R_75,27127.2275
1778998460,R_75,27126.3014
1778998462,R_75,27118.9434
1778998464,R_75,27121.0784
1778998466,R_75,27124.8686
1778998468,R_75,27121.3109
1778998470,R_75,27125.0941
1778998472,R_75,27127.8314
1778998474,R_75,27137.4703
1778998476,R_75,27137.4825
1778998478,R_75,27139.5227
1778998480,R_75,27134.2445
1778998482,R_75,27127.6812
1778998484,R_75,27123.1687
1778998486,R_75,27123.9493
1778998488,R_75,27119.3633
1778998490,R_75,27121.741
1778998492,R_75,27121.3047
1778998494,R_75,27120.6616
1778998496,R_75,27122.0744
1778998498,R_75,27120.3869
1778998500,R_75,27118.1313
1778998502,R_75,27119.403
1778998504,R_75,27120.3626
1778998506,R_75,27126.4837
1778998508,R_75,27120.2777
1778998510,R_75,27115.8865
1778998512,R_75,27110.6961
1778998514,R_75,27108.2764
1778998516,R_75,27111.5047
1778998518,R_75,27109.6337
1778998520,R_75,27112.0438
1778998522,R_75,27105.8805
1778998524,R_75,27105.8188
1778998526,R_75,27109.8749
1778998528,R_75,27105.2811
1778998530,R_75,27105.1276
1778998532,R_75,27103.5997
1778998534,R_75,27092.4332
1778998536,R_75,27089.4641
1778998538,R_75,27091.8289
1778998540,R_75,27089.2346
1778998542,R_75,27086.5523
1778998544,R_75,27092.435
1778998546,R_75,27092.0052
1778998548,R_75,27100.012
1778998550,R_75,27103.3014
1778998552,R_75,27105.6454
1778998554,R_75,27109.1346
1778998556,R_75,27108.6428
1778998558,R_75,27108.1162
1778998560,R_75,27102.4755
1778998562,R_75,27105.4041
1778998564,R_75,27099.2096
1778998566,R_75,27095.1165
1778998568,R_75,27098.2357
1778998570,R_75,27104.7051
1778998572,R_75,27115.7348
1778998574,R_75,27123.9518
1778998576,R_75,27130.1468
1778998578,R_75,27125.9824
1778998580,R_75,27125.8106
1778998582,R_75,27119.2711
1778998584,R_75,27114.5243
1778998586,R_75,27111.0559
1778998588,R_75,27113.4055
1778998590,R_75,27116.6454
1778998592,R_75,27104.7183
1778998594,R_75,27101.3891
1778998596,R_75,27099.3727
1778998598,R_75,27105.9551
1778998600,R_75,27102.8684
1778998602,R_75,27100.9005
1778998604,R_75,27106.7213
1778998606,R_75,27107.9155
1778998608,R_75,27103.5992
1778998610,R_75,27104.3341
1778998612,R_75,27096.0455
1778998614,R_75,27105.0598
1778998616,R_75,27106.4676
1778998618,R_75,27100.2974
1778998620,R_75,27106.856
1778998622,R_75,27116.0632
1778998624,R_75,27108.3786
1778998626,R_75,27103.7522
1778998628,R_75,27092.7688
1778998630,R_75,27091.1312
1778998632,R_75,27091.8931
1778998634,R_75,27094.4071
1778998636,R_75,27093.605
1778998638,R_75,27099.7445
1778998640,R_75,27103.3524
1778998642,R_75,27095.4611
1778998644,R_75,27098.8015
1778998646,R_75,27098.2161
1778998648,R_75,27105.51
1778998650,R_75,27106.0389
1778998652,R_75,27118.0712
1778998654,R_75,27121.2944
1778998656,R_75,27131.0623
1778998658,R_75,27131.573
1778998660,R_75,27132.6458
1778998662,R_75,27130.3489
1778998664,R_75,27128.8297
1778998666,R_75,27134.6673
1778998668,R_75,27130.9405
1778998670,R_75,27125.6472
1778998672,R_75,27124.4737
1778998674,R_75,27128.7486
1778998676,R_75,27122.1841
1778998678,R_75,27123.2745
1778998680,R_75,27117.1987
1778998682,R_75,27115.5544
1778998684,R_75,27114.79
1778998686,R_75,27111.6157
1778998688,R_75,27105.4977
1778998690,R_75,27098.3447
1778998692,R_75,27102.0749
1778998694,R_75,27098.5145
1778998696,R_75,27101.0022
1778998698,R_75,27102.3133
1778998700,R_75,27099.5949
1778998702,R_75,27101.5606
1778998704,R_75,27102.9111
1778998706,R_75,27105.1045
1778998708,R_75,27106.7653
1778998710,R_75,27110.2541
1778998712,R_75,27107.8988
1778998714,R_75,27113.6144
1778998716,R_75,27113.802
1778998718,R_75,27114.282
1778998720,R_75,27113.9512
1778998722,R_75,27115.9277
1778998724,R_75,27122.8704
1778998726,R_75,27115.1752
1778998728,R_75,27117.8952
1778998730,R_75,27116.0363
1778998732,R_75,27113.3919
1778998734,R_75,27114.5331
1778998736,R_75,27120.6498
1778998738,R_75,27116.469
1778998740,R_75,27107.811
1778998742,R_75,27114.9755
1778998744,R_75,27115.1059
1778998746,R_75,27114.0494
1778998748,R_75,27108.2193
1778998750,R_75,27106.4262
1778998752,R_75,27107.5652
1778998754,R_75,27100.4551
1778998756,R_75,27104.5136
1778998758,R_75,27106.2955
1778998760,R_75,27113.1411
1778998762,R_75,27121.0486
1778998764,R_75,27131.7317
1778998766,R_75,27130.0165
1778998768,R_75,27139.9341
1778998770,R_75,27144.0893
1778998772,R_75,27143.2135
1778998774,R_75,27136.7788
1778998776,R_75,27131.655
1778998778,R_75,27126.388
1778998780,R_75,27124.0985
1778998782,R_75,27124.9573
1778998784,R_75,27122.3793
1778998786,R_75,27112.224
1778998788,R_75,27098.8629
1778998790,R_75,27108.5768
1778998792,R_75,27114.075
1778998794,R_75,27113.4193
1778998796,R_75,27120.107
1778998798,R_75,27116.4509
1778998800,R_75,27118.6011
1778998802,R_75,27110.1228
1778998804,R_75,27113.8943
1778998806,R_75,27121.9231
1778998808,R_75,27115.3482
1778998810,R_75,27111.0543
1778998812,R_75,27106.1316
1778998814,R_75,27112.9358
1778998816,R_75,27120.1616
1778998818,R_75,27120.4943
1778998820,R_75,27121.7369
1778998822,R_75,27116.3678
1778998824,R_75,27116.3248
1778998826,R_75,27108.0292
1778998828,R_75,27106.7695
1778998830,R_75,27109.018
1778998832,R_75,27106.8355
1778998834,R_75,27110.9484
1778998836,R_75,27105.7856
1778998838,R_75,27097.4234
1778998840,R_75,27091.9716
1778998842,R_75,27095.1539
1778998844,R_75,27097.4755
1778998846,R_75,27092.6003
1778998848,R_75,27095.0498
1778998850,R_75,27099.1324
1778998852,R_75,27100.5623
1778998854,R_75,27087.7755
1778998856,R_75,27087.9688
1778998858,R_75,27090.7388
1778998860,R_75,27093.926
1778998862,R_75,27097.725
1778998864,R_75,27101.8924
1778998866,R_75,27110.8455
1778998868,R_75,27115.6506
1778998870,R_75,27118.6995
1778998872,R_75,27121.4653
1778998874,R_75,27113.4957
1778998876,R_75,27113.7848
1778998878,R_75,27114.4437
1778998880,R_75,27119.8239
1778998882,R_75,27118.1967
1778998884,R_75,27121.7617
1778998886,R_75,27117.8583
1778998888,R_75,27113.484
1778998890,R_75,27115.9613
1778998892,R_75,27110.9114
1778998894,R_75,27108.4265
1778998896,R_75,27119.4946
1778998898,R_75,27114.4779
1778998900,R_75,27116.2616
1778998902,R_75,27114.4658
1778998904,R_75,27114.6519
1778998906,R_75,27114.3428
1778998908,R_75,27120.4095
1778998910,R_75,27117.5872
1778998912,R_75,27114.5178
1778998914,R_75,27118.2789
1778998916,R_75,27114.2609
1778998918,R_75,27115.526
1778998920,R_75,27123.3149
1778998922,R_75,27124.2775
1778998924,R_75,27118.3917
1778998926,R_75,27108.57
1778998928,R_75,27109.9048
1778998930,R_75,27104.9422
1778998932,R_75,27105.8778
1778998934,R_75,27107.6639
1778998936,R_75,27110.6299
1778998938,R_75,27104.5057
1778998940,R_75,27109.6353
1778998942,R_75,27110.2845
1778998944,R_75,27121.1248
1778998946,R_75,27130.1724
1778998948,R_75,27140.6313
1778998950,R_75,27142.4282
1778998952,R_75,27149.0977
1778998954,R_75,27146.038
1778998956,R_75,27146.1941
1778998958,R_75,27133.8684
1778998960,R_75,27131.7342
1778998962,R_75,27128.0374
1778998964,R_75,27131.7248
1778998966,R_75,27129.9022
1778998968,R_75,27131.772
1778998970,R_75,27124.522
1778998972,R_75,27125.8558
1778998974,R_75,27125.4025
1778998976,R_75,27119.7279
1778998978,R_75,27124.1612
1778998980,R_75,27131.4582
1778998982,R_75,27129.2446
1778998984,R_75,27131.0057
1778998986,R_75,27137.8359
1778998988,R_75,27139.6002
1778998990,R_75,27129.2196
1778998992,R_75,27127.9103
1778998994,R_75,27123.1233
1778998996,R_75,27114.2812
1778998998,R_75,27115.1853
1778999000,R_75,27112.7905
1778999002,R_75,27113.4368
1778999004,R_75,27104.2056
1778999006,R_75,27098.6265
1778999008,R_75,27106.4136
1778999010,R_75,27108.1281
1778999012,R_75,27115.1622
1778999014,R_75,27114.3815
1778999016,R_75,27113.2038
1778999018,R_75,27115.7714
1778999020,R_75,27110.1354
1778999022,R_75,27107.8265
1778999024,R_75,27104.4795
1778999026,R_75,27097.7721
1778999028,R_75,27090.3307
1778999030,R_75,27083.4199
1778999032,R_75,27085.9249
1778999034,R_75,27079.7925
1778999036,R_75,27083.0664
1778999038,R_75,27093.598
1778999040,R_75,27099.7138
1778999042,R_75,27100.4296
1778999044,R_75,27095.5038
1778999046,R_75,27102.1788
1778999048,R_75,27104.9325
1778999050,R_75,27103.1665
1778999052,R_75,27105.7196
1778999054,R_75,27108.3159
1778999056,R_75,27109.2806
1778999058,R_75,27111.8745
1778999060,R_75,27115.632
1778999062,R_75,27109.786
1778999064,R_75,27103.2309
1778999066,R_75,27105.0633
1778999068,R_75,27099.4023
1778999070,R_75,27103.8776
1778999072,R_75,27099.8642
1778999074,R_75,27093.2475
1778999076,R_75,27100.3653
1778999078,R_75,27088.2637
1778999080,R_75,27084.7417
1778999082,R_75,27083.5551
1778999084,R_75,27083.941
1778999086,R_75,27080.9526
1778999088,R_75,27077.1575
1778999090,R_75,27077.2808
1778999092,R_75,27078.6312
1778999094,R_75,27076.7781
1778999096,R_75,27086.2122
1778999098,R_75,27084.7226
1778999100,R_75,27078.4232
1778999102,R_75,27088.1723
1778999104,R_75,27090.071
1778999106,R_75,27093.9542
1778999108,R_75,27090.267
1778999110,R_75,27095.2564
1778999112,R_75,27089.1591
1778999114,R_75,27087.6005
1778999116,R_75,27091.2264
1778999118,R_75,27092.8519
1778999120,R_75,27091.0111
1778999122,R_75,27080.1499
1778999124,R_75,27084.0166
1778999126,R_75,27083.4154
1778999128,R_75,27075.058
1778999130,R_75,27087.4489
1778999132,R_75,27087.0077
1778999134,R_75,27086.2532
1778999136,R_75,27086.3933
1778999138,R_75,27082.6187
1778999140,R_75,27080.3123
1778999142,R_75,27084.6204
1778999144,R_75,27075.2362
1778999146,R_75,27072.8137
1778999148,R_75,27069.9086
1778999150,R_75,27075.8721
1778999152,R_75,27075.8685
1778999154,R_75,27083.3844
1778999156,R_75,27086.7959
1778999158,R_75,27095.3537
1778999160,R_75,27087.6112
1778999162,R_75,27096.312
1778999164,R_75,27090.0501
1778999166,R_75,27089.3335
1778999168,R_75,27091.0241
1778999170,R_75,27088.0681
1778999172,R_75,27092.9334
1778999174,R_75,27083.6661
1778999176,R_75,27088.4168
1778999178,R_75,27085.2024
1778999180,R_75,27088.7019
1778999182,R_75,27094.3373
1778999184,R_75,27096.9472
1778999186,R_75,27102.4839
1778999188,R_75,27102.9787
1778999190,R_75,27095.0497
1778999192,R_75,27099.0214
1778999194,R_75,27105.3189
1778999196,R_75,27096.8396
1778999198,R_75,27097.0367
1778999200,R_75,27099.6274
1778999202,R_75,27101.9134
1778999204,R_75,27092.1674
1778999206,R_75,27091.7267
1778999208,R_75,27090.0018
1778999210,R_75,27086.2078
1778999212,R_75,27076.7974
1778999214,R_75,27074.7972
1778999216,R_75,27071.6276
1778999218,R_75,27069.7124
1778999220,R_75,27068.8869
1778999222,R_75,27072.8142
1778999224,R_75,27064.0334
1778999226,R_75,27058.9796
1778999228,R_75,27055.0319
1778999230,R_75,27058.7024
1778999232,R_75,27052.7439
1778999234,R_75,27051.5956
1778999236,R_75,27056.5901
1778999238,R_75,27065.242
1778999240,R_75,27063.1113
1778999242,R_75,27060.7652
1778999244,R_75,27065.0622
1778999246,R_75,27068.7764
1778999248,R_75,27067.1937
1778999250,R_75,27070.7767
1778999252,R_75,27064.5154
1778999254,R_75,27070.6361
1778999256,R_75,27068.6262
1778999258,R_75,27070.3659
1778999260,R_75,27064.4869
1778999262,R_75,27066.3145
1778999264,R_75,27069.7065
1778999266,R_75,27051.9453
1778999268,R_75,27051.3557
1778999270,R_75,27060.4205
1778999272,R_75,27057.1072
1778999274,R_75,27053.7186
1778999276,R_75,27055.8343
1778999278,R_75,27066.3227
1778999280,R_75,27069.197
1778999282,R_75,27077.7227
1778999284,R_75,27078.8732
1778999286,R_75,27088.01
1778999288,R_75,27090.1693
1778999290,R_75,27096.6167
1778999292,R_75,27096.925
1778999294,R_75,27098.5742
1778999296,R_75,27101.7518
1778999298,R_75,27099.7224
1778999300,R_75,27097.0881
1778999302,R_75,27096.6621
1778999304,R_75,27103.5082
1778999306,R_75,27102.3875
1778999308,R_75,27105.9514
1778999310,R_75,27106.1379
1778999312,R_75,27112.595
1778999314,R_75,27105.4278
1778999316,R_75,27104.216
1778999318,R_75,27099.9635
1778999320,R_75,27096.9334
1778999322,R_75,27100.1486
1778999324,R_75,27097.7707
1778999326,R_75,27100.1112
1778999328,R_75,27092.7818
1778999330,R_75,27096.0331
1778999332,R_75,27099.7883
1778999334,R_75,27093.554
1778999336,R_75,27097.1529
1778999338,R_75,27095.3723
1778999340,R_75,27099.2639
1778999342,R_75,27109.6314
1778999344,R_75,27118.3596
1778999346,R_75,27112.2274
1778999348,R_75,27109.5455
1778999350,R_75,27110.507
1778999352,R_75,27113.3414
1778999354,R_75,27108.3056
1778999356,R_75,27104.8137
1778999358,R_75,27106.5354
1778999360,R_75,27106.5998
1778999362,R_75,27115.082
1778999364,R_75,27112.4801
1778999366,R_75,27112.7126
1778999368,R_75,27116.832
1778999370,R_75,27111.5763
1778999372,R_75,27119.6583
1778999374,R_75,27124.4315
1778999376,R_75,27130.5615
1778999378,R_75,27126.8925
1778999380,R_75,27123.2334
1778999382,R_75,27128.0302
1778999384,R_75,27135.1574
1778999386,R_75,27136.4121
1778999388,R_75,27142.4339
1778999390,R_75,27139.8821
1778999392,R_75,27144.0511
1778999394,R_75,27146.7542
1778999396,R_75,27155.4967
1778999398,R_75,27160.1078
1778999400,R_75,27171.6398
1778999402,R_75,27172.1891
1778999404,R_75,27174.1648
1778999406,R_75,27174.0703
1778999408,R_75,27175.1903
1778999410,R_75,27170.909
1778999412,R_75,27163.6427
1778999414,R_75,27159.7044
1778999416,R_75,27162.2563
1778999418,R_75,27166.7819
1778999420,R_75,27179.4963
1778999422,R_75,27178.6975
1778999424,R_75,27166.211
1778999426,R_75,27163.6363
1778999428,R_75,27171.4329
1778999430,R_75,27160.1561
1778999432,R_75,27159.1448
1778999434,R_75,27162.8777
1778999436,R_75,27167.7006
1778999438,R_75,27168.1919
1778999440,R_75,27171.8712
1778999442,R_75,27177.6556
1778999444,R_75,27182.9485
1778999446,R_75,27180.4968
1778999448,R_75,27178.1326
1778999450,R_75,27175.5069
1778999452,R_75,27176.8159
1778999454,R_75,27173.7026
1778999456,R_75,27175.0819
1778999458,R_75,27171.8735
1778999460,R_75,27168.4292
1778999462,R_75,27165.7451
1778999464,R_75,27168.5013
1778999466,R_75,27173.6477
1778999468,R_75,27173.1296
1778999470,R_75,27179.0827
1778999472,R_75,27179.0685
1778999474,R_75,27183.5265
1778999476,R_75,27181.9701
1778999478,R_75,27182.4964
1778999480,R_75,27174.5414
1778999482,R_75,27175.4061
1778999484,R_75,27176.4061
1778999486,R_75,27174.6274
1778999488,R_75,27176.5308
1778999490,R_75,27176.6574
1778999492,R_75,27175.2256
1778999494,R_75,27172.1155
1778999496,R_75,27170.7408
1778999498,R_75,27167.0114
1778999500,R_75,27167.7282
1778999502,R_75,27166.8749
1778999504,R_75,27156.6413
1778999506,R_75,27154.2938
1778999508,R_75,27159.2813
1778999510,R_75,27159.5066
1778999512,R_75,27162.7873
1778999514,R_75,27158.553
1778999516,R_75,27165.0936
1778999518,R_75,27161.4949
1778999520,R_75,27159.4819
1778999522,R_75,27158.4846
1778999524,R_75,27155.7681
1778999526,R_75,27155.9163
1778999528,R_75,27151.1095
1778999530,R_75,27152.7227
1778999532,R_75,27144.5675
1778999534,R_75,27145.624
1778999536,R_75,27149.5144
1778999538,R_75,27151.9051
1778999540,R_75,27152.3605
1778999542,R_75,27153.7603
1778999544,R_75,27157.6858
1778999546,R_75,27162.7042
1778999548,R_75,27162.2197
1778999550,R_75,27162.2736
1778999552,R_75,27168.679
1778999554,R_75,27164.4884
1778999556,R_75,27168.588
1778999558,R_75,27161.2901
1778999560,R_75,27167.4817
1778999562,R_75,27166.241
1778999564,R_75,27164.403
1778999566,R_75,27158.2272
1778999568,R_75,27158.1183
1778999570,R_75,27166.4677
1778999572,R_75,27149.9039
1778999574,R_75,27153.9694
1778999576,R_75,27153.0881
1778999578,R_75,27159.5193
1778999580,R_75,27158.0326
1778999582,R_75,27177.3564
1778999584,R_75,27170.3199
1778999586,R_75,27166.2328
1778999588,R_75,27169.3713
1778999590,R_75,27168.8268
1778999592,R_75,27166.1404
1778999594,R_75,27164.4037
1778999596,R_75,27171.2061
1778999598,R_75,27167.798
1778999600,R_75,27158.852
1778999602,R_75,27158.4241
1778999604,R_75,27154.6785
1778999606,R_75,27152.0489
1778999608,R_75,27154.4763
1778999610,R_75,27150.7038
1778999612,R_75,27147.3749
1778999614,R_75,27140.8505
1778999616,R_75,27140.2221
1778999618,R_75,27130.686
1778999620,R_75,27133.6802
1778999622,R_75,27135.0608
1778999624,R_75,27138.3711
1778999626,R_75,27139.153
1778999628,R_75,27142.1303
1778999630,R_75,27137.2046
1778999632,R_75,27122.3635
1778999634,R_75,27115.2152
1778999636,R_75,27110.7272
1778999638,R_75,27113.2613
1778999640,R_75,27110.3817
1778999642,R_75,27110.3323
1778999644,R_75,27110.8002
1778999646,R_75,27108.5968
1778999648,R_75,27104.2435
1778999650,R_75,27102.0899
1778999652,R_75,27109.2757
1778999654,R_75,27115.1853
1778999656,R_75,27116.2604
1778999658,R_75,27117.0657
1778999660,R_75,27113.285
1778999662,R_75,27116.3043
1778999664,R_75,27117.094
1778999666,R_75,27126.2154
1778999668,R_75,27121.7462
1778999670,R_75,27121.5166
1778999672,R_75,27119.959
1778999674,R_75,27128.8091
1778999676,R_75,27126.8084
1778999678,R_75,27134.7959
1778999680,R_75,27128.2883
1778999682,R_75,27122.8324
1778999684,R_75,27133.3228
1778999686,R_75,27133.5524
1778999688,R_75,27138.9029
1778999690,R_75,27136.0639
1778999692,R_75,27146.962
1778999694,R_75,27158.3441
1778999696,R_75,27167.6027
1778999698,R_75,27166.1884
1778999700,R_75,27163.0945
1778999702,R_75,27160.5465
1778999704,R_75,27155.2789
1778999706,R_75,27157.0187
1778999708,R_75,27154.9695
1778999710,R_75,27159.8507
1778999712,R_75,27167.5467
1778999714,R_75,27168.9271
1778999716,R_75,27177.0478
1778999718,R_75,27179.2018
1778999720,R_75,27179.1248
1778999722,R_75,27179.8416
1778999724,R_75,27176.6261
1778999726,R_75,27170.523
1778999728,R_75,27164.9943
1778999730,R_75,27164.4755
1778999732,R_75,27156.8887
1778999734,R_75,27167.7978
1778999736,R_75,27161.3567
1778999738,R_75,27151.7981
1778999740,R_75,27158.0592
1778999742,R_75,27170.0379
1778999744,R_75,27161.6885
1778999746,R_75,27163.3203
1778999748,R_75,27164.9013
1778999750,R_75,27157.1475
1778999752,R_75,27156.944
1778999754,R_75,27161.8364
1778999756,R_75,27166.7149
1778999758,R_75,27162.4003
1778999760,R_75,27162.9696
1778999762,R_75,27158.9333
1778999764,R_75,27167.697
1778999766,R_75,27175.4707
1778999768,R_75,27179.8628
1778999770,R_75,27176.086
1778999772,R_75,27182.4481
1778999774,R_75,27183.8447
1778999776,R_75,27174.233
1778999778,R_75,27170.0442
1778999780,R_75,27163.3063
1778999782,R_75,27172.0064
1778999784,R_75,27164.0879
1778999786,R_75,27168.525
1778999788,R_75,27161.7566
1778999790,R_75,27160.2659
1778999792,R_75,27153.6923
1778999794,R_75,27155.2915
1778999796,R_75,27162.9715
1778999798,R_75,27160.4318
1778999800,R_75,27148.0914
1778999802,R_75,27147.0782
1778999804,R_75,27140.6993
1778999806,R_75,27140.7205
1778999808,R_75,27142.3312
1778999810,R_75,27142.2512
1778999812,R_75,27138.1506
1778999814,R_75,27132.8391
1778999816,R_75,27131.2356
1778999818,R_75,27123.631
1778999820,R_75,27124.3466
1778999822,R_75,27116.2328
1778999824,R_75,27118.4173
1778999826,R_75,27112.8569
1778999828,R_75,27102.356
1778999830,R_75,27093.7839
1778999832,R_75,27088.8382
1778999834,R_75,27088.3443
1778999836,R_75,27095.089
1778999838,R_75,27093.6026
1778999840,R_75,27098.1084
1778999842,R_75,27094.1721
1778999844,R_75,27093.073
1778999846,R_75,27104.3674
1778999848,R_75,27107.0254
1778999850,R_75,27102.4835
1778999852,R_75,27103.3443
1778999854,R_75,27104.2635
1778999856,R_75,27111.6433
1778999858,R_75,27113.2948
1778999860,R_75,27116.0058
1778999862,R_75,27118.9632
1778999864,R_75,27129.0722
1778999866,R_75,27131.7643
1778999868,R_75,27135.5204
1778999870,R_75,27131.5643
1778999872,R_75,27124.7583
1778999874,R_75,27125.3058
1778999876,R_75,27116.14
1778999878,R_75,27120.998
1778999880,R_75,27113.9244
1778999882,R_75,27112.2343
1778999884,R_75,27115.3111
1778999886,R_75,27116.9636
1778999888,R_75,27123.9299
1778999890,R_75,27125.6421
1778999892,R_75,27124.1592
1778999894,R_75,27120.2362
1778999896,R_75,27119.0046
1778999898,R_75,27117.255
1778999900,R_75,27104.6449
1778999902,R_75,27095.7937
1778999904,R_75,27096.1306
1778999906,R_75,27093.2388
1778999908,R_75,27095.6658
1778999910,R_75,27094.9469
1778999912,R_75,27090.6218
1778999914,R_75,27091.6009
1778999916,R_75,27091.8841
1778999918,R_75,27091.4081
1778999920,R_75,27092.3601
1778999922,R_75,27090.6268
1778999924,R_75,27084.5738
1778999926,R_75,27081.2408
1778999928,R_75,27086.5339
1778999930,R_75,27082.8344
1778999932,R_75,27078.6428
1778999934,R_75,27086.2405
1778999936,R_75,27089.1399
1778999938,R_75,27082.8664
1778999940,R_75,27087.2607
1778999942,R_75,27083.5961
1778999944,R_75,27082.9824
1778999946,R_75,27088.5672
1778999948,R_75,27092.6148
1778999950,R_75,27091.148
1778999952,R_75,27085.762
1778999954,R_75,27078.8525
1778999956,R_75,27079.1314
1778999958,R_75,27075.2029
1778999960,R_75,27078.0482
1778999962,R_75,27075.3934
1778999964,R_75,27071.4214
1778999966,R_75,27071.0426
1778999968,R_75,27068.57
1778999970,R_75,27068.7084
1778999972,R_75,27074.1722
1778999974,R_75,27077.5395
1778999976,R_75,27085.5609
1778999978,R_75,27083.954
1778999980,R_75,27088.2932
1778999982,R_75,27088.1902
1778999984,R_75,27090.0348
1778999986,R_75,27091.7461
1778999988,R_75,27085.1087
1778999990,R_75,27083.314
1778999992,R_75,27078.628
1778999994,R_75,27086.4507
1778999996,R_75,27099.6087
1778999998,R_75,27106.8814
1779000000,R_75,27102.5034
1779000002,R_75,27101.6634
1779000004,R_75,27096.4134
1779000006,R_75,27105.6743
1779000008,R_75,27100.7757
1779000010,R_75,27101.1195
1779000012,R_75,27106.4936
1779000014,R_75,27105.536
1779000016,R_75,27103.3026
1779000018,R_75,27099.7848
1779000020,R_75,27110.4031
1779000022,R_75,27109.2159
1779000024,R_75,27102.4169
1779000026,R_75,27109.0067
1779000028,R_75,27107.1581
1779000030,R_75,27108.2992
1779000032,R_75,27112.2026
1779000034,R_75,27111.8134
1779000036,R_75,27109.8449
1779000038,R_75,27115.2913
1779000040,R_75,27117.482
1779000042,R_75,27112.196
1779000044,R_75,27113.8742
1779000046,R_75,27113.0517
1779000048,R_75,27115.9575
1779000050,R_75,27115.7972
1779000052,R_75,27106.8467
1779000054,R_75,27101.9334
1779000056,R_75,27106.4569
1779000058,R_75,27111.1023
1779000060,R_75,27111.3348
1779000062,R_75,27117.4931
1779000064,R_75,27116.1519
1779000066,R_75,27110.376
1779000068,R_75,27107.7405
1779000070,R_75,27115.0681
1779000072,R_75,27115.9837
1779000074,R_75,27113.4011
1779000076,R_75,27110.0422
1779000078,R_75,27114.2513
1779000080,R_75,27117.7555
1779000082,R_75,27121.3812
1779000084,R_75,27119.5073
1779000086,R_75,27115.9629
1779000088,R_75,27112.0258
1779000090,R_75,27107.9263
1779000092,R_75,27110.9083
1779000094,R_75,27122.929
1779000096,R_75,27127.1005
1779000098,R_75,27123.8027
1779000100,R_75,27122.7709
1779000102,R_75,27119.364
1779000104,R_75,27118.8967
1779000106,R_75,27124.7184
1779000108,R_75,27123.1405
1779000110,R_75,27132.1274
1779000112,R_75,27132.8183
1779000114,R_75,27127.9176
1779000116,R_75,27128.3772
1779000118,R_75,27135.9198
1779000120,R_75,27134.3471
1779000122,R_75,27133.9121
1779000124,R_75,27135.2668
1779000126,R_75,27128.9337
1779000128,R_75,27127.6134
1779000130,R_75,27130.1815
1779000132,R_75,27134.0319
1779000134,R_75,27138.5978
1779000136,R_75,27143.8093
1779000138,R_75,27132.9057
1779000140,R_75,27132.116
1779000142,R_75,27127.8085
1779000144,R_75,27126.5294
1779000146,R_75,27119.9821
1779000148,R_75,27112.7354
1779000150,R_75,27109.8594
1779000152,R_75,27114.5147
1779000154,R_75,27115.413
1779000156,R_75,27111.6269
1779000158,R_75,27116.1499
1779000160,R_75,27123.403
1779000162,R_75,27116.5113
1779000164,R_75,27112.2831
1779000166,R_75,27108.3004
1779000168,R_75,27110.947
1779000170,R_75,27117.2817
1779000172,R_75,27121.8599
1779000174,R_75,27108.9103
1779000176,R_75,27105.3413
1779000178,R_75,27102.6657
1779000180,R_75,27111.534
1779000182,R_75,27111.4941
1779000184,R_75,27113.2237
1779000186,R_75,27123.0592
1779000188,R_75,27114.1092
1779000190,R_75,27114.3805
1779000192,R_75,27117.1822
1779000194,R_75,27124.6836
1779000196,R_75,27117.5804
1779000198,R_75,27124.3266
1779000200,R_75,27128.812
1779000202,R_75,27127.7874
1779000204,R_75,27126.4559
1779000206,R_75,27125.4484
1779000208,R_75,27121.5582
1779000210,R_75,27111.8662
1779000212,R_75,27122.6208
1779000214,R_75,27117.901
1779000216,R_75,27128.7881
1779000218,R_75,27127.0302
1779000220,R_75,27131.2971
1779001188,R_75,27160.6174
1779001190,R_75,27168.0901
1779001192,R_75,27164.6336
1779001194,R_75,27178.4296
1779001196,R_75,27181.9371
1779001198,R_75,27175.0521
1779001200,R_75,27171.6233
1779001202,R_75,27169.032
1779001204,R_75,27164.4544
1779001206,R_75,27172.3112
1779001208,R_75,27172.8067
1779001210,R_75,27169.7741
1779001212,R_75,27174.7063
1779001214,R_75,27172.7425
1779001216,R_75,27171.7674
1779001218,R_75,27184.1343
1779001220,R_75,27185.0169
1779001222,R_75,27184.0134
1779001224,R_75,27175.9877
1779001226,R_75,27174.8351
1779001228,R_75,27174.4732
1779001230,R_75,27171.7
1779001232,R_75,27182.9156
1779001234,R_75,27180.5663
1779001236,R_75,27179.3109
1779001238,R_75,27182.4194
1779001240,R_75,27181.2128
1779001242,R_75,27180.884
1779001244,R_75,27180.59
1779001246,R_75,27171.3436
1779001248,R_75,27163.6438
1779001250,R_75,27163.6009
1779001252,R_75,27162.0824
1779001254,R_75,27164.7104
1779001256,R_75,27165.4313
1779001258,R_75,27162.2132
1779001260,R_75,27164.0426
1779001262,R_75,27157.2865
1779001264,R_75,27151.7829
1779001266,R_75,27162.1376
1779001268,R_75,27160.168
1779001270,R_75,27161.5748
1779001272,R_75,27162.6169
1779001274,R_75,27168.252
1779001276,R_75,27164.2352
1779001278,R_75,27163.6553
1779001280,R_75,27156.3542
1779001282,R_75,27153.0602
1779001284,R_75,27146.3398
1779001286,R_75,27145.0109
1779001288,R_75,27144.7361
1779001290,R_75,27147.9878
1779001292,R_75,27156.4538
1779001294,R_75,27156.5504
1779001296,R_75,27157.7189
1779001298,R_75,27148.8608
1779001300,R_75,27145.0854
1779001302,R_75,27134.8956
1779001304,R_75,27137.4575
1779001306,R_75,27128.5749
1779001308,R_75,27124.8501
1779001310,R_75,27117.14
1779001312,R_75,27113.0624
1779001314,R_75,27108.7176
1779001316,R_75,27105.5765
1779001318,R_75,27100.8752
1779001320,R_75,27104.7224
1779001322,R_75,27108.4197
1779001324,R_75,27100.5132
1779001326,R_75,27104.1889
1779001328,R_75,27087.5802
1779001330,R_75,27092.4106
1779001332,R_75,27084.009
1779001334,R_75,27082.8651
1779001336,R_75,27083.8694
1779001338,R_75,27082.1407
1779001340,R_75,27080.4579
1779001342,R_75,27079.7915
1779001344,R_75,27079.5261
1779001346,R_75,27086.2625
1779001348,R_75,27086.2088
1779001350,R_75,27084.6839
1779001352,R_75,27082.817
1779001354,R_75,27086.1612
1779001356,R_75,27090.973
1779001358,R_75,27092.8303
1779001360,R_75,27087.481
1779001362,R_75,27082.5384
1779001364,R_75,27083.4766
1779001366,R_75,27079.3034
1779001368,R_75,27082.904
1779001370,R_75,27078.9661
1779001372,R_75,27081.7527
1779001374,R_75,27081.3901
1779001376,R_75,27079.5969
1779001378,R_75,27079.8355
1779001380,R_75,27088.4597
1779001382,R_75,27079.9931
1779001384,R_75,27082.7687
1779001386,R_75,27088.6875
1779001388,R_75,27090.5711
1779001390,R_75,27092.1163
1779001392,R_75,27093.6833
1779001394,R_75,27093.3381
1779001396,R_75,27083.3036
1779001398,R_75,27077.2778
1779001400,R_75,27085.5127
1779001402,R_75,27088.1768
1779001404,R_75,27089.7887
1779001406,R_75,27085.7381
1779001408,R_75,27078.4198
1779001410,R_75,27087.2789
1779001412,R_75,27088.818
1779001414,R_75,27085.5753
1779001416,R_75,27084.6619
1779001418,R_75,27073.4254
1779001420,R_75,27066.3341
1779001422,R_75,27060.0497
1779001424,R_75,27051.7506
1779001426,R_75,27047.9213
1779001428,R_75,27051.1758
1779001430,R_75,27055.2199
1779001432,R_75,27053.3955
1779001434,R_75,27051.4576
1779001436,R_75,27048.4848
1779001438,R_75,27045.925
1779001440,R_75,27053.0285
1779001442,R_75,27054.6955
1779001444,R_75,27053.1805
1779001446,R_75,27049.9304
1779001448,R_75,27048.0113
1779001450,R_75,27035.5298
1779001452,R_75,27035.981
1779001454,R_75,27027.8936
1779001456,R_75,27024.4951
1779001458,R_75,27021.8194
1779001460,R_75,27022.8864
1779001462,R_75,27026.1169
1779001464,R_75,27025.0154
1779001466,R_75,27021.4695
1779001468,R_75,27024.2995
1779001470,R_75,27029.3491
1779001472,R_75,27031.0912
1779001474,R_75,27028.7674
1779001476,R_75,27037.7018
1779001478,R_75,27041.1288
1779001480,R_75,27040.2843
1779001482,R_75,27037.6692
1779001484,R_75,27043.2717
1779001486,R_75,27049.5028
1779001488,R_75,27053.4948
1779001490,R_75,27047.8218
1779001492,R_75,27052.1632
1779001494,R_75,27055.3436
1779001496,R_75,27062.2586
1779001498,R_75,27058.2394
1779001500,R_75,27058.9073
1779001502,R_75,27059.2473
1779001504,R_75,27057.5866
1779001506,R_75,27065.276
1779001508,R_75,27077.7119
1779001510,R_75,27079.5306
1779001512,R_75,27084.4619
1779001514,R_75,27081.4883
1779001516,R_75,27076.2945
1779001518,R_75,27072.5857
1779001520,R_75,27068.2346
1779001522,R_75,27072.8775
1779001524,R_75,27075.4328
1779001526,R_75,27076.9402
1779001528,R_75,27070.1294
1779001530,R_75,27069.5852
1779001532,R_75,27070.3671
1779001534,R_75,27071.3704
1779001536,R_75,27079.5297
1779001538,R_75,27079.516
1779001540,R_75,27077.7829
1779001542,R_75,27076.6896
1779001544,R_75,27077.2745
1779001546,R_75,27081.139
1779001548,R_75,27082.3514
1779001550,R_75,27087.4121
1779001552,R_75,27077.5936
1779001554,R_75,27087.1469
1779001556,R_75,27081.7754
1779001558,R_75,27076.3341
1779001560,R_75,27073.9111
1779001562,R_75,27071.3607
1779001564,R_75,27073.9728
1779001566,R_75,27072.2394
1779001568,R_75,27068.1101
1779001570,R_75,27071.0482
1779001572,R_75,27067.4449
1779001574,R_75,27073.0065
1779001576,R_75,27070.6525
1779001578,R_75,27076.1543
1779001580,R_75,27076.4864
1779001582,R_75,27071.5219
1779001584,R_75,27081.8928
1779001586,R_75,27084.209
1779001588,R_75,27086.2961
1779001590,R_75,27073.564
1779001592,R_75,27064.846
1779001594,R_75,27066.8456
1779001596,R_75,27052.2725
1779001598,R_75,27053.3789
1779001600,R_75,27058.4347
1779001602,R_75,27058.7924
1779001604,R_75,27061.4992
1779001606,R_75,27063.0683
1779001608,R_75,27065.2874
1779001610,R_75,27070.57
1779001612,R_75,27067.7369
1779001614,R_75,27081.3038
1779001616,R_75,27090.6304
1779001618,R_75,27094.1997
1779001620,R_75,27096.1567
1779001622,R_75,27098.3578
1779001624,R_75,27094.5671
1779001626,R_75,27087.1172
1779001628,R_75,27093.0746
1779001630,R_75,27099.9852
1779001632,R_75,27092.8736
1779001634,R_75,27094.5866
1779001636,R_75,27091.3475
1779001638,R_75,27083.1726
1779001640,R_75,27084.1793
1779001642,R_75,27082.2012
1779001644,R_75,27073.7993
1779001646,R_75,27073.1694
1779001648,R_75,27076.1485
1779001650,R_75,27072.8805
1779001652,R_75,27073.3814
1779001654,R_75,27070.0043
1779001656,R_75,27076.1393
1779001658,R_75,27070.0565
1779001660,R_75,27078.8759
1779001662,R_75,27083.7523
1779001664,R_75,27083.847
1779001666,R_75,27077.6998
1779001668,R_75,27074.5459
1779001670,R_75,27071.5992
1779001672,R_75,27077.5165
1779001674,R_75,27075.4628
1779001676,R_75,27067.5722
1779001678,R_75,27075.4232
1779001680,R_75,27075.8119
1779001682,R_75,27075.1536
1779001684,R_75,27066.2836
1779001686,R_75,27070.7099
1779001688,R_75,27078.1281
1779001690,R_75,27079.067
1779001692,R_75,27071.7434
1779001694,R_75,27068.2578
1779001696,R_75,27059.1942
1779001698,R_75,27064.7355
1779001700,R_75,27059.0429
1779001702,R_75,27057.7603
1779001704,R_75,27061.7088
1779001706,R_75,27058.9647
1779001708,R_75,27056.7849
1779001710,R_75,27055.3533
1779001712,R_75,27058.4053
1779001714,R_75,27054.736
1779001716,R_75,27052.8451
1779001718,R_75,27051.2843
1779001720,R_75,27034.8291
1779001722,R_75,27040.4687
1779001724,R_75,27034.155
1779001726,R_75,27030.3007
1779001728,R_75,27026.677
1779001730,R_75,27033.7273
1779001732,R_75,27035.9122
1779001734,R_75,27036.2349
1779001736,R_75,27030.8035
1779001738,R_75,27034.0941
1779001740,R_75,27029.7412
1779001742,R_75,27034.1427
1779001744,R_75,27032.5348
1779001746,R_75,27030.9587
1779001748,R_75,27030.1505
1779001750,R_75,27025.9949
1779001752,R_75,27026.5324
1779001754,R_75,27022.1261
1779001756,R_75,27024.9372
1779001758,R_75,27030.1192
1779001760,R_75,27027.0344
1779001762,R_75,27025.8977
1779001764,R_75,27025.292
1779001766,R_75,27024.5982
1779001768,R_75,27017.4616
1779001770,R_75,27012.5048
1779001772,R_75,27009.9311
1779001774,R_75,27011.4181
1779001776,R_75,27007.5836
1779001778,R_75,27017.1296
1779001780,R_75,27024.9634
1779001782,R_75,27021.8627
1779001784,R_75,27020.6962
1779001786,R_75,27020.8064
1779001788,R_75,27010.8912
1779001790,R_75,27007.8954
1779001792,R_75,27012.1845
1779001794,R_75,27013.9619
1779001796,R_75,27010.9083
1779001798,R_75,27003.3107
1779001800,R_75,26994.5216
1779001802,R_75,26984.4426
1779001804,R_75,26980.3055
1779001806,R_75,26979.7235
1779001808,R_75,26978.8094
1779001810,R_75,26976.3713
1779001812,R_75,26980.1629
1779001814,R_75,26972.7682
1779001816,R_75,26971.4289
1779001818,R_75,26974.1317
1779001820,R_75,26973.7557
1779001822,R_75,26976.1672
1779001824,R_75,26978.4931
1779001826,R_75,26981.8024
1779001828,R_75,26992.945
1779001830,R_75,26994.4372
1779001832,R_75,26996.1897
1779001834,R_75,26998.4661
1779001836,R_75,26999.9597
1779001838,R_75,26989.6137
1779001840,R_75,26995.2751
1779001842,R_75,27004.5906
1779001844,R_75,27007.3614
1779001846,R_75,27009.4849
1779001848,R_75,27012.3603
1779001850,R_75,27017.2929
1779001852,R_75,27025.2314
1779001854,R_75,27022.6012
1779001856,R_75,27031.5118
1779001858,R_75,27023.6007
1779001860,R_75,27027.4289
1779001862,R_75,27023.8391
1779001864,R_75,27023.8463
1779001866,R_75,27017.8226
1779001868,R_75,27004.4945
1779001870,R_75,26998.6222
1779001872,R_75,27003.3987
1779001874,R_75,26998.6024
1779001876,R_75,27005.2085
1779001878,R_75,27003.7123
1779001880,R_75,27011.4014
1779001882,R_75,27009.1779
1779001884,R_75,27005.8974
1779001886,R_75,27005.6296
1779001888,R_75,27010.3695
1779001890,R_75,27010.7262
1779001892,R_75,27010.4892
1779001894,R_75,27016.1651
1779001896,R_75,27020.7322
1779001898,R_75,27013.7241
1779001900,R_75,27011.9537
1779001902,R_75,27020.9182
1779001904,R_75,27020.1667
1779001906,R_75,27018.4033
1779001908,R_75,27018.4993
1779001910,R_75,27017.3696
1779001912,R_75,27017.5609
1779001914,R_75,27009.4962
1779001916,R_75,27009.2716
1779001918,R_75,27010.6938
1779001920,R_75,27012.3428
1779001922,R_75,27018.7353
1779001924,R_75,27022.4462
1779001926,R_75,27024.3037
1779001928,R_75,27023.9502
1779001930,R_75,27029.233
1779001932,R_75,27036.1545
1779001934,R_75,27036.8234
1779001936,R_75,27041.5308
1779001938,R_75,27026.9381
1779001940,R_75,27028.7012
1779001942,R_75,27026.0597
1779001944,R_75,27029.5932
1779001946,R_75,27033.0842
1779001948,R_75,27025.7743
1779001950,R_75,27032.8623
1779001952,R_75,27038.4878
1779001954,R_75,27041.0477
1779001956,R_75,27032.9433
1779001958,R_75,27033.5208
1779001960,R_75,27031.4067
1779001962,R_75,27028.6513
1779001964,R_75,27029.4423
1779001966,R_75,27033.5296
1779001968,R_75,27029.9908
1779001970,R_75,27028.8656
1779001972,R_75,27034.1792
1779001974,R_75,27033.4992
1779001976,R_75,27033.3012
1779001978,R_75,27030.144
1779001980,R_75,27026.9741
1779001982,R_75,27030.338
1779001984,R_75,27028.8512
1779001986,R_75,27030.4548
1779001988,R_75,27029.2262
1779001990,R_75,27019.6654
1779001992,R_75,27018.2237
1779001994,R_75,27015.0167
1779001996,R_75,27019.6786
1779001998,R_75,27021.8194
1779002000,R_75,27022.9697
1779002002,R_75,27022.7589
1779002004,R_75,27025.3055
1779002006,R_75,27030.6122
1779002008,R_75,27044.8767
1779002010,R_75,27053.1096
1779002012,R_75,27051.1619
1779002014,R_75,27044.6351
1779002016,R_75,27045.2606
1779002018,R_75,27049.8954
1779002020,R_75,27054.7148
1779002022,R_75,27056.613
1779002024,R_75,27057.4993
1779002026,R_75,27056.9974
1779002028,R_75,27063.5766
1779002030,R_75,27065.899
1779002032,R_75,27060.4399
1779002034,R_75,27056.8889
1779002036,R_75,27059.4754
1779002038,R_75,27068.8519
1779002040,R_75,27066.2963
1779002042,R_75,27061.7888
1779002044,R_75,27058.581
1779002046,R_75,27054.3988
1779002048,R_75,27057.2598
1779002050,R_75,27059.8241
1779002052,R_75,27059.1322
1779002054,R_75,27055.0173
1779002056,R_75,27047.8165
1779002058,R_75,27042.4717
1779002060,R_75,27040.4536
1779002062,R_75,27038.4923
1779002064,R_75,27036.997
1779002066,R_75,27037.1088
1779002068,R_75,27038.028
1779002070,R_75,27038.9968
1779002072,R_75,27049.713
1779002074,R_75,27056.1483
1779002076,R_75,27058.7389
1779002078,R_75,27052.8967
1779002080,R_75,27058.3489
1779002082,R_75,27053.8435
1779002084,R_75,27051.1807
1779002086,R_75,27057.1444
1779002088,R_75,27066.1965
1779002090,R_75,27074.3175
1779002092,R_75,27065.9912
1779002094,R_75,27073.0272
1779002096,R_75,27075.7397
1779002098,R_75,27079.9838
1779002100,R_75,27080.8177
1779002102,R_75,27081.7564
1779002104,R_75,27086.316
1779002106,R_75,27081.2985
1779002108,R_75,27072.358
1779002110,R_75,27064.9462
1779002112,R_75,27067.0524
1779002114,R_75,27061.1697
1779002116,R_75,27073.8837
1779002118,R_75,27071.6971
1779002120,R_75,27068.5881
1779002122,R_75,27065.3401
1779002124,R_75,27060.7361
1779002126,R_75,27064.6591
1779002128,R_75,27069.8384
1779002130,R_75,27077.4422
1779002132,R_75,27082.0586
1779002134,R_75,27082.7854
1779002136,R_75,27080.1863
1779002138,R_75,27085.4596
1779002140,R_75,27084.2168
1779002142,R_75,27083.4495
1779002144,R_75,27085.9466
1779002146,R_75,27087.8569
1779002148,R_75,27083.9043
1779002150,R_75,27083.5745
1779002152,R_75,27086.8737
1779002154,R_75,27079.16
1779002156,R_75,27070.8863
1779002158,R_75,27070.6669
1779002160,R_75,27075.3283
1779002162,R_75,27074.3064
1779002164,R_75,27076.0217
1779002166,R_75,27069.5055
1779002168,R_75,27073.1511
1779002170,R_75,27070.2258
1779002172,R_75,27071.7949
1779002174,R_75,27076.3582
1779002176,R_75,27069.6241
1779002178,R_75,27074.5672
1779002180,R_75,27078.3041
1779002182,R_75,27073.6493
1779002184,R_75,27069.7114
1779002186,R_75,27065.9501
1779002188,R_75,27069.2849
1779002190,R_75,27082.6755
1779002192,R_75,27090.7363
1779002194,R_75,27089.7436
1779002196,R_75,27097.1367
1779002198,R_75,27095.6453
1779002200,R_75,27106.2241
1779002202,R_75,27111.8258
1779002204,R_75,27120.0439
1779002206,R_75,27126.1315
1779002208,R_75,27116.9519
1779002210,R_75,27109.3789
1779002212,R_75,27114.3877
1779002214,R_75,27111.6346
1779002216,R_75,27107.1259
1779002218,R_75,27112.2919
1779002220,R_75,27117.3152
1779002222,R_75,27116.2788
1779002224,R_75,27118.3416
1779002226,R_75,27117.2886
1779002228,R_75,27102.841
1779002230,R_75,27107.0845
1779002232,R_75,27099.5559
1779002234,R_75,27106.852
1779002236,R_75,27102.9264
1779002238,R_75,27111.8624
1779002240,R_75,27118.2382
1779002242,R_75,27123.1987
1779002244,R_75,27115.2468
1779002246,R_75,27118.3019
1779002248,R_75,27118.9026
1779002250,R_75,27122.0082
1779002252,R_75,27116.2973
1779002254,R_75,27110.8697
1779002256,R_75,27111.3804
1779002258,R_75,27114.8158
1779002260,R_75,27117.8808
1779002262,R_75,27123.5895
1779002264,R_75,27114.9275
1779002266,R_75,27115.1897
1779002268,R_75,27112.2552
1779002270,R_75,27105.1795
1779002272,R_75,27104.4691
1779002274,R_75,27097.518
1779002276,R_75,27095.5572
1779002278,R_75,27094.6701
1779002280,R_75,27097.7504
1779002282,R_75,27094.1407
1779002284,R_75,27091.5779
1779002286,R_75,27088.9925
1779002288,R_75,27081.7025
1779002290,R_75,27085.1615
1779002292,R_75,27079.8075
1779002294,R_75,27081.3349
1779002296,R_75,27085.485
1779002298,R_75,27080.3714
1779002300,R_75,27075.1646
1779002302,R_75,27076.9183
1779002304,R_75,27080.1702
1779002306,R_75,27084.457
1779002308,R_75,27086.286
1779002310,R_75,27082.6361
1779002312,R_75,27075.4466
1779002314,R_75,27069.2893
1779002316,R_75,27077.3151
1779002318,R_75,27079.7764
1779002320,R_75,27078.5901
1779002322,R_75,27071.0142
1779002324,R_75,27073.569
1779002326,R_75,27065.953
1779002328,R_75,27076.2259
1779002330,R_75,27067.5621
1779002332,R_75,27064.7648
1779002334,R_75,27064.6695
1779002336,R_75,27063.1783
1779002338,R_75,27064.0035
1779002340,R_75,27055.2002
1779002342,R_75,27063.3196
1779002344,R_75,27060.1922
1779002346,R_75,27069.0086
1779002348,R_75,27066.5826
1779002350,R_75,27066.2956
1779002352,R_75,27058.8482
1779002354,R_75,27050.6416
1779002356,R_75,27054.8075
1779002358,R_75,27061.7236
1779002360,R_75,27065.3225
1779002362,R_75,27063.0169
1779002364,R_75,27059.7541
1779002366,R_75,27060.9358
1779002368,R_75,27058.7343
1779002370,R_75,27047.1993
1779002372,R_75,27049.4194
1779002374,R_75,27056.9351
1779002376,R_75,27051.134
1779002378,R_75,27046.5745
1779002380,R_75,27046.3504
1779002382,R_75,27045.6701
1779002384,R_75,27055.4473
1779002386,R_75,27056.3727
1779002388,R_75,27056.4951
1779002390,R_75,27060.701
1779002392,R_75,27064.3234
1779002394,R_75,27070.5991
1779002396,R_75,27070.0721
1779002398,R_75,27070.3039
1779002400,R_75,27082.4208
1779002402,R_75,27085.4511
1779002404,R_75,27089.3817
1779002406,R_75,27084.6579
1779002408,R_75,27087.32
1779002410,R_75,27088.0703
1779002412,R_75,27090.165
1779002414,R_75,27096.3568
1779002416,R_75,27104.5029
1779002418,R_75,27104.0523
1779002420,R_75,27107.8769
1779002422,R_75,27111.4141
1779002424,R_75,27113.9662
1779002426,R_75,27112.6708
1779002428,R_75,27105.2518
1779002430,R_75,27109.6874
1779002432,R_75,27120.3536
1779002434,R_75,27115.4526
1779002436,R_75,27115.4773
1779002438,R_75,27114.3809
1779002440,R_75,27116.6377
1779002442,R_75,27120.4812
1779002444,R_75,27115.2516
1779002446,R_75,27115.6128
1779002448,R_75,27113.5045
1779002450,R_75,27112.4247
1779002452,R_75,27114.5407
1779002454,R_75,27112.4275
1779002456,R_75,27116.1653
1779002458,R_75,27119.1491
1779002460,R_75,27113.8911
1779002462,R_75,27112.8038
1779002464,R_75,27119.2893
1779002466,R_75,27115.047
1779002468,R_75,27103.1837
1779002470,R_75,27099.0775
1779002472,R_75,27099.5761
1779002474,R_75,27103.0533
1779002476,R_75,27094.922
1779002478,R_75,27094.4173
1779002480,R_75,27097.42
1779002482,R_75,27099.3093
1779002484,R_75,27102.4581
1779002486,R_75,27095.9591
1779002488,R_75,27099.6788
1779002490,R_75,27098.8907
1779002492,R_75,27107.9906
1779002494,R_75,27102.6059
1779002496,R_75,27106.2912
1779002498,R_75,27104.4347
1779002500,R_75,27097.6316
1779002502,R_75,27096.9981
1779002504,R_75,27100.2954
1779002506,R_75,27098.9527
1779002508,R_75,27102.2027
1779002510,R_75,27107.1222
1779002512,R_75,27098.8175
1779002514,R_75,27097.0595
1779002516,R_75,27096.6082
1779002518,R_75,27090.8396
1779002520,R_75,27085.9003
1779002522,R_75,27088.9286
1779002524,R_75,27093.4722
1779002526,R_75,27099.0997
1779002528,R_75,27110.3942
1779002530,R_75,27104.4659
1779002532,R_75,27112.8571
1779002534,R_75,27110.0386
1779002536,R_75,27113.9118
1779002538,R_75,27111.3113
1779002540,R_75,27104.4847
1779002542,R_75,27104.9121
1779002544,R_75,27102.6429
1779002546,R_75,27105.6906
1779002548,R_75,27107.8011
1779002550,R_75,27106.5503
1779002552,R_75,27106.0728
1779002554,R_75,27107.3792
1779002556,R_75,27098.898
1779002558,R_75,27101.9341
1779002560,R_75,27111.2214
1779002562,R_75,27102.0944
1779002564,R_75,27101.274
1779002566,R_75,27092.8257
1779002568,R_75,27085.5441
1779002570,R_75,27086.0046
1779002572,R_75,27088.909
1779002574,R_75,27091.8596
1779002576,R_75,27091.3222
1779002578,R_75,27085.0215
1779002580,R_75,27086.6188
1779002582,R_75,27090.9172
1779002584,R_75,27092.1261
1779002586,R_75,27092.9465
1779002588,R_75,27096.7582
1779002590,R_75,27099.2976
1779002592,R_75,27096.3577
1779002594,R_75,27095.813
1779002596,R_75,27099.0372
1779002598,R_75,27091.9044
1779002600,R_75,27084.7717
1779002602,R_75,27081.2726
1779002604,R_75,27087.8647
1779002606,R_75,27089.857
1779002608,R_75,27085.2848
1779002610,R_75,27090.9374
1779002612,R_75,27092.5433
1779002614,R_75,27093.1806
1779002616,R_75,27095.0109
1779002618,R_75,27095.9521
1779002620,R_75,27103.1087
1779002622,R_75,27113.6696
1779002624,R_75,27119.6389
1779002626,R_75,27119.5959
1779002628,R_75,27114.3662
1779002630,R_75,27108.9899
1779002632,R_75,27097.2033
1779002634,R_75,27105.5723
1779002636,R_75,27107.6339
1779002638,R_75,27113.2675
1779002640,R_75,27110.6718
1779002642,R_75,27114.199
1779002644,R_75,27099.3874
1779002646,R_75,27100.8625
1779002648,R_75,27110.4514
1779002650,R_75,27108.8688
1779002652,R_75,27100.8863
1779002654,R_75,27104.524
1779002656,R_75,27096.2468
1779002658,R_75,27093.3665
1779002660,R_75,27093.2579
1779002662,R_75,27093.6571
1779002664,R_75,27093.8183
1779002666,R_75,27093.4161
1779002668,R_75,27093.761
1779002670,R_75,27092.857
1779002672,R_75,27087.1581
1779002674,R_75,27078.379
1779002676,R_75,27069.626
1779002678,R_75,27064.9687
1779002680,R_75,27068.1847
1779002682,R_75,27076.4713
1779002684,R_75,27076.7432
1779002686,R_75,27082.7902
1779002688,R_75,27071.9395
1779002690,R_75,27074.0396
1779002692,R_75,27072.7088
1779002694,R_75,27071.4371
1779002696,R_75,27075.9734
1779002698,R_75,27082.5446
1779002700,R_75,27084.9151
1779002702,R_75,27088.5392
1779002704,R_75,27087.3358
1779002706,R_75,27092.7601
1779002708,R_75,27092.7597
1779002710,R_75,27092.6002
1779002712,R_75,27089.5772
1779002714,R_75,27085.5501
1779002716,R_75,27084.7714
1779002718,R_75,27089.8895
1779002720,R_75,27082.1299
1779002722,R_75,27090.0244
1779002724,R_75,27085.4923
1779002726,R_75,27087.027
1779002728,R_75,27096.9185
1779002730,R_75,27101.8368
1779002732,R_75,27097.5137
1779002734,R_75,27099.6839
1779002736,R_75,27101.6342
1779002738,R_75,27099.5669
1779002740,R_75,27104.18
1779002742,R_75,27106.5256
1779002744,R_75,27094.7505
1779002746,R_75,27095.5226
1779002748,R_75,27094.7566
1779002750,R_75,27098.0118
1779002752,R_75,27097.287
1779002754,R_75,27097.7873
1779002756,R_75,27097.2471
1779002758,R_75,27094.2649
1779002760,R_75,27100.3809
1779002762,R_75,27103.0194
1779002764,R_75,27103.1926
1779002766,R_75,27092.7479
1779002768,R_75,27081.1975
1779002770,R_75,27076.1736
1779002772,R_75,27078.0323
1779002774,R_75,27080.9923
1779002776,R_75,27074.3684
1779002778,R_75,27077.8249
1779002780,R_75,27067.8193
1779002782,R_75,27075.5896
1779002784,R_75,27075.925
1779002786,R_75,27071.4239
1779002788,R_75,27077.9059
1779002790,R_75,27083.3753
1779002792,R_75,27085.3867
1779002794,R_75,27094.6366
1779002796,R_75,27089.3225
1779002798,R_75,27095.8893
1779002800,R_75,27089.606
1779002802,R_75,27085.8283
1779002804,R_75,27090.4679
1779002806,R_75,27086.3736
1779002808,R_75,27087.9468
1779002810,R_75,27084.3568
1779002812,R_75,27093.1729
1779002814,R_75,27098.5323
1779002816,R_75,27102.5169
1779002818,R_75,27092.3556
1779002820,R_75,27094.2364
1779002822,R_75,27092.0502
1779002824,R_75,27091.537
1779002826,R_75,27095.3606
1779002828,R_75,27096.1452
1779002830,R_75,27105.3604
1779002832,R_75,27097.6824
1779002834,R_75,27101.2883
1779002836,R_75,27099.4162
1779002838,R_75,27107.7422
1779002840,R_75,27105.8362
1779002842,R_75,27100.2877
1779002844,R_75,27084.6314
1779002846,R_75,27091.4621
1779002848,R_75,27093.7305
1779002850,R_75,27095.8958
1779002852,R_75,27091.5019
1779002854,R_75,27089.2761
1779002856,R_75,27093.4122
1779002858,R_75,27086.5226
1779002860,R_75,27087.8603
1779002862,R_75,27084.1436
1779002864,R_75,27087.0472
1779002866,R_75,27082.0946
1779002868,R_75,27087.6315
1779002870,R_75,27083.4537
1779002872,R_75,27081.3343
1779002874,R_75,27076.8375
1779002876,R_75,27073.9295
1779002878,R_75,27070.9439
1779002880,R_75,27064.6796
1779002882,R_75,27057.365
1779002884,R_75,27052.5143
1779002886,R_75,27055.5349
1779002888,R_75,27051.3553
1779002890,R_75,27055.4133
1779002892,R_75,27058.0543
1779002894,R_75,27055.1276
1779002896,R_75,27048.3778
1779002898,R_75,27040.0735
1779002900,R_75,27042.6327
1779002902,R_75,27043.3447
1779002904,R_75,27048.2404
1779002906,R_75,27060.3226
1779002908,R_75,27064.5692
1779002910,R_75,27057.3992
1779002912,R_75,27056.9571
1779002914,R_75,27057.9727
1779002916,R_75,27059.2065
1779002918,R_75,27066.9518
1779002920,R_75,27070.7547
1779002922,R_75,27072.5661
1779002924,R_75,27072.0583
1779002926,R_75,27068.2306
1779002928,R_75,27064.714
1779002930,R_75,27066.4936
1779002932,R_75,27071.0402
1779002934,R_75,27066.2368
1779002936,R_75,27065.3408
1779002938,R_75,27068.8677
1779002940,R_75,27078.0121
1779002942,R_75,27078.6669
1779002944,R_75,27081.924
1779002946,R_75,27082.3668
1779002948,R_75,27084.406
1779002950,R_75,27078.1888
1779002952,R_75,27077.5393
1779002954,R_75,27083.567
1779002956,R_75,27083.1911
1779002958,R_75,27079.063
1779002960,R_75,27059.651
1779002962,R_75,27054.9822
1779002964,R_75,27062.0134
1779002966,R_75,27064.8306
1779002968,R_75,27061.3894
1779002970,R_75,27055.4409
1779002972,R_75,27057.0183
1779002974,R_75,27052.3862
1779002976,R_75,27052.95
1779002978,R_75,27041.4365
1779002980,R_75,27043.7717
1779002982,R_75,27042.6616
1779002984,R_75,27035.0675
1779002986,R_75,27033.2432
1779002988,R_75,27032.9831
1779002990,R_75,27027.9517
1779002992,R_75,27030.9343
1779002994,R_75,27033.1872
1779002996,R_75,27037.473
1779002998,R_75,27035.3664
1779003000,R_75,27038.7173
1779003002,R_75,27036.0046
1779003004,R_75,27045.4283
1779003006,R_75,27055.9908
1779003008,R_75,27059.6696
1779003010,R_75,27067.4336
1779003012,R_75,27074.8795
1779003014,R_75,27070.8494
1779003016,R_75,27066.3896
1779003018,R_75,27065.4367
1779003020,R_75,27062.6629
1779003022,R_75,27062.5928
1779003024,R_75,27051.9123
1779003026,R_75,27047.0889
1779003028,R_75,27054.3754
1779003030,R_75,27046.2068
1779003032,R_75,27057.066
1779003034,R_75,27052.7101
1779003036,R_75,27047.2067
1779003038,R_75,27051.5493
1779003040,R_75,27044.0439
1779003042,R_75,27053.4673
1779003044,R_75,27056.0652
1779003046,R_75,27050.2166
1779003048,R_75,27050.4049
1779003050,R_75,27061.3423
1779003052,R_75,27060.0273
1779003054,R_75,27059.1821
1779003056,R_75,27068.2306
1779003058,R_75,27065.3933
1779003060,R_75,27062.2449
1779003062,R_75,27069.282
1779003064,R_75,27066.52
1779003066,R_75,27060.9048
1779003068,R_75,27064.947
1779003070,R_75,27060.5717
1779003072,R_75,27057.3438
1779003074,R_75,27056.8504
1779003076,R_75,27060.506
1779003078,R_75,27061.6586
1779003080,R_75,27060.0906
1779003082,R_75,27054.4946
1779003084,R_75,27060.3611
1779003086,R_75,27053.1152
1779003088,R_75,27053.1483
1779003090,R_75,27048.1605
1779003092,R_75,27037.5735
1779003094,R_75,27046.0051
1779003096,R_75,27048.8083
1779003098,R_75,27052.0745
1779003100,R_75,27055.3274
1779003102,R_75,27052.5394
1779003104,R_75,27053.1465
1779003106,R_75,27049.4897
1779003108,R_75,27061.629
1779003110,R_75,27063.798
1779003112,R_75,27057.9429
1779003114,R_75,27061.9128
1779003116,R_75,27069.9236
1779003118,R_75,27077.6193
1779003120,R_75,27072.2714
1779003122,R_75,27069.738
1779003124,R_75,27074.8291
1779003126,R_75,27075.9179
1779003128,R_75,27081.8071
1779003130,R_75,27079.4692
1779003132,R_75,27081.208
1779003134,R_75,27080.8733
1779003136,R_75,27087.2657
1779003138,R_75,27084.3971
1779003140,R_75,27086.5351
1779003142,R_75,27085.2517
1779003144,R_75,27099.1688
1779003146,R_75,27100.3701
1779003148,R_75,27103.684
1779003150,R_75,27100.3776
1779003152,R_75,27102.0872
1779003154,R_75,27096.6779
1779003156,R_75,27113.9736
1779003158,R_75,27111.1333
1779003160,R_75,27108.192
1779003162,R_75,27109.1757
1779003164,R_75,27110.1032
1779003166,R_75,27092.5562
1779003168,R_75,27084.4608
1779003170,R_75,27089.6567
1779003172,R_75,27094.5754
1779003174,R_75,27091.3297
1779003176,R_75,27084.3914
1779003178,R_75,27084.646
1779003180,R_75,27069.7804
1779003182,R_75,27074.3997
1779003184,R_75,27070.1427
1779003186,R_75,27063.5982
1779003188,R_75,27054.7054
1779003190,R_75,27051.8507
1779003192,R_75,27062.4944
1779003194,R_75,27059.3315
1779003196,R_75,27062.784
1779003198,R_75,27055.9313
1779003200,R_75,27054.652
1779003202,R_75,27042.4374
1779003204,R_75,27026.3345
1779003206,R_75,27031.6159
1779003208,R_75,27027.4822
1779003210,R_75,27031.1658
1779003212,R_75,27036.1921
1779003214,R_75,27044.2688
1779003216,R_75,27054.8019
1779003218,R_75,27048.7376
1779003220,R_75,27051.8066
1779003222,R_75,27051.7447
1779003224,R_75,27052.7891
1779003226,R_75,27051.4704
1779003228,R_75,27054.7307
1779003230,R_75,27053.2969
1779003232,R_75,27061.8612
1779003234,R_75,27058.3246
1779003236,R_75,27058.8196
1779003238,R_75,27049.155
1779003240,R_75,27049.6411
1779003242,R_75,27044.8498
1779003244,R_75,27047.4356
1779003246,R_75,27048.2732
1779003248,R_75,27050.6626
1779003250,R_75,27053.5695
1779003252,R_75,27056.1707
1779003254,R_75,27057.2877
1779003256,R_75,27050.6355
1779003258,R_75,27049.8484
1779003260,R_75,27056.264
1779003262,R_75,27056.5828
1779003264,R_75,27058.6449
1779003266,R_75,27062.0015
1779003268,R_75,27058.8058
1779003270,R_75,27058.7129
1779003272,R_75,27054.4627
1779003274,R_75,27061.6262
1779003276,R_75,27066.1157
1779003278,R_75,27067.6335
1779003280,R_75,27073.3453
1779003282,R_75,27076.7685
1779003284,R_75,27081.0071
1779003286,R_75,27078.393
1779003288,R_75,27079.2242
1779003290,R_75,27073.3799
1779003292,R_75,27069.3814
1779003294,R_75,27079.292
1779003296,R_75,27081.5511
1779003298,R_75,27077.3271
1779003300,R_75,27072.8937
1779003302,R_75,27073.3944
1779003304,R_75,27079.4222
1779003306,R_75,27077.138
1779003308,R_75,27072.6709
1779003310,R_75,27069.0856
1779003312,R_75,27062.93
1779003314,R_75,27064.0389
1779003316,R_75,27068.4476
1779003318,R_75,27059.3574
1779003320,R_75,27056.2945
1779003322,R_75,27055.5356
1779003324,R_75,27058.6867
1779003326,R_75,27058.3835
1779003328,R_75,27049.9651
1779003330,R_75,27045.4697
1779003332,R_75,27046.3262
1779003334,R_75,27048.9748
1779003336,R_75,27045.1478
1779003338,R_75,27044.5997
1779003340,R_75,27043.0878
1779003342,R_75,27034.5156
1779003344,R_75,27030.9258
1779003346,R_75,27023.8764
1779003348,R_75,27019.8112
1779003350,R_75,27013.0329
1779003352,R_75,27012.663
1779003354,R_75,27001.9903
1779003356,R_75,26998.8467
1779003358,R_75,27000.6321
1779003360,R_75,26998.4614
1779003362,R_75,27003.5875
1779003364,R_75,27009.3433
1779003366,R_75,27012.7139
1779003368,R_75,27012.3155
1779003370,R_75,27006.4263
1779003372,R_75,27015.177
1779003374,R_75,27007.4442
1779003376,R_75,27011.7211
1779003378,R_75,27015.1368
1779003380,R_75,27017.4431
1779003382,R_75,27024.9088
1779003384,R_75,27028.4393
1779003386,R_75,27025.379
1779003388,R_75,27023.8991
1779003390,R_75,27026.1249
1779003392,R_75,27030.8886
1779003394,R_75,27034.7251
1779003396,R_75,27041.5898
1779003398,R_75,27036.517
1779003400,R_75,27035.3209
1779003402,R_75,27044.7519
1779003404,R_75,27043.5289
1779003406,R_75,27042.4732
1779003408,R_75,27046.6316
1779003410,R_75,27046.2641
1779003412,R_75,27033.335
1779003414,R_75,27029.2243
1779003416,R_75,27028.4485
1779003418,R_75,27028.9164
1779003420,R_75,27030.1505
1779003422,R_75,27028.2943
1779003424,R_75,27035.0661
1779003426,R_75,27045.5789
1779003428,R_75,27047.7482
1779003430,R_75,27035.5885
1779003432,R_75,27030.5062
1779003434,R_75,27031.1124
1779003436,R_75,27031.1207
1779003438,R_75,27035.6683
1779003440,R_75,27033.2775
1779003442,R_75,27027.7657
1779003444,R_75,27028.8184
1779003446,R_75,27038.1431
1779003448,R_75,27032.83
1779003450,R_75,27036.712
1779003452,R_75,27037.0499
1779003454,R_75,27041.288
1779003456,R_75,27030.9524
1779003458,R_75,27042.4902
1779003460,R_75,27037.5404
1779003462,R_75,27039.3592
1779003464,R_75,27048.2627
1779003466,R_75,27057.5681
1779003468,R_75,27053.4243
1779003470,R_75,27055.0586
1779003472,R_75,27051.6983
1779003474,R_75,27045.7211
1779003476,R_75,27044.7179
1779003478,R_75,27050.1634
1779003480,R_75,27046.5406
1779003482,R_75,27054.8189
1779003484,R_75,27059.7883
1779003486,R_75,27062.3357
1779003488,R_75,27059.7527
1779003490,R_75,27053.7673
1779003492,R_75,27060.5499
1779003494,R_75,27064.3846
1779003496,R_75,27069.8646
1779003498,R_75,27064.3751
1779003500,R_75,27064.6249
1779003502,R_75,27065.0302
1779003504,R_75,27063.3329
1779003506,R_75,27067.5133
1779003508,R_75,27074.5229
1779003510,R_75,27068.1551
1779003512,R_75,27071.3597
1779003514,R_75,27073.0777
1779003516,R_75,27067.7377
1779003518,R_75,27066.2943
1779003520,R_75,27066.3093
1779003522,R_75,27058.5515
1779003524,R_75,27054.4781
1779003526,R_75,27052.9418
1779003528,R_75,27046.8985
1779003530,R_75,27048.4643
1779003532,R_75,27042.8363
1779003534,R_75,27034.6135
1779003536,R_75,27040.1438
1779003538,R_75,27036.631
1779003540,R_75,27032.4993
1779003542,R_75,27021.3365
1779003544,R_75,27016.4665
1779003546,R_75,27024.7056
1779003548,R_75,27023.171
1779003550,R_75,27021.0061
1779003552,R_75,27012.8348
1779003554,R_75,27006.6416
1779003556,R_75,27011.0027
1779003558,R_75,27013.5463
1779003560,R_75,27015.8984
1779003562,R_75,27015.6232
1779003564,R_75,27020.1131
1779003566,R_75,27021.2344
1779003568,R_75,27021.3694
1779003570,R_75,27020.4463
1779003572,R_75,27019.5767
1779003574,R_75,27022.8001
1779003576,R_75,27034.5497
1779003578,R_75,27027.3194
1779003580,R_75,27029.4117
1779003582,R_75,27022.1753
1779003584,R_75,27017.7104
1779003586,R_75,27014.5724
1779003588,R_75,27024.9427
1779003590,R_75,27024.3001
1779003592,R_75,27027.2778
1779003594,R_75,27028.9087
1779003596,R_75,27023.406
1779003598,R_75,27020.9575
1779003600,R_75,27019.377
1779003602,R_75,27024.1035
1779003604,R_75,27021.5401
1779003606,R_75,27025.5656
1779003608,R_75,27025.3094
1779003610,R_75,27017.4015
1779003612,R_75,27026.3002
1779003614,R_75,27023.0903
1779003616,R_75,27021.3184
1779003618,R_75,27021.6283
1779003620,R_75,27027.9954
1779003622,R_75,27020.3503
1779003624,R_75,27021.7275
1779003626,R_75,27018.9743
1779003628,R_75,27014.7116
1779003630,R_75,27015.4595
1779003632,R_75,27003.004
1779003634,R_75,26999.5394
1779003636,R_75,26992.7514
1779003638,R_75,26994.1172
1779003640,R_75,26995.0829
1779003642,R_75,26995.4407
1779003644,R_75,26997.5163
1779003646,R_75,26996.8587
1779003648,R_75,26994.3305
1779003650,R_75,26992.6392
1779003652,R_75,26993.2632
1779003654,R_75,26985.1398
1779003656,R_75,26988.6796
1779003658,R_75,26986.7409
1779003660,R_75,26993.7797
1779003662,R_75,26986.8282
1779003664,R_75,26979.3517
1779003666,R_75,26978.8214
1779003668,R_75,26975.9649
1779003670,R_75,26978.5438
1779003672,R_75,26975.8931
1779003674,R_75,26967.6354
1779003676,R_75,26967.6782
1779003678,R_75,26963.5349
1779003680,R_75,26958.0366
1779003682,R_75,26956.4047
1779003684,R_75,26951.3322
1779003686,R_75,26939.356
1779003688,R_75,26933.2229
1779003690,R_75,26929.0791
1779003692,R_75,26933.2553
1779003694,R_75,26932.4412
1779003696,R_75,26934.5953
1779003698,R_75,26932.3749
1779003700,R_75,26935.4418
1779003702,R_75,26938.158
1779003704,R_75,26937.9668
1779003706,R_75,26932.4543
1779003708,R_75,26938.6268
1779003710,R_75,26939.8402
1779003712,R_75,26933.9518
1779003714,R_75,26928.1546
1779003716,R_75,26924.3375
1779003718,R_75,26921.4757
1779003720,R_75,26923.3097
1779003722,R_75,26920.2419
1779003724,R_75,26921.6042
1779003726,R_75,26927.0857
1779003728,R_75,26926.5995
1779003730,R_75,26933.9776
1779003732,R_75,26933.7279
1779003734,R_75,26931.0842
1779003736,R_75,26928.3513
1779003738,R_75,26927.0543
1779003740,R_75,26926.5789
1779003742,R_75,26924.4717
1779003744,R_75,26920.9471
1779003746,R_75,26923.4385
1779003748,R_75,26921.8534
1779003750,R_75,26930.3187
1779003752,R_75,26936.2851
1779003754,R_75,26928.3936
1779003756,R_75,26932.8554
1779003758,R_75,26939.9997
1779003760,R_75,26936.6522
1779003762,R_75,26930.1121
1779003764,R_75,26935.5318
1779003766,R_75,26942.6694
1779003768,R_75,26950.3251
1779003770,R_75,26949.7348
1779003772,R_75,26950.3071
1779003774,R_75,26950.6549
1779003776,R_75,26947.025
1779003778,R_75,26951.8358
1779003780,R_75,26946.4326
1779003782,R_75,26956.0674
1779003784,R_75,26963.4491
1779003786,R_75,26964.8245
1779003788,R_75,26959.8508
1779003790,R_75,26955.5463
1779003792,R_75,26958.9934
1779003794,R_75,26949.4672
1779003796,R_75,26947.801
1779003798,R_75,26941.9028
1779003800,R_75,26941.0754
1779003802,R_75,26936.0979
1779003804,R_75,26928.8122
1779003806,R_75,26931.3507
1779003808,R_75,26934.569
1779003810,R_75,26930.6647
1779003812,R_75,26928.4757
1779003814,R_75,26926.9393
1779003816,R_75,26932.2075
1779003818,R_75,26925.8052
1779003820,R_75,26931.4472
1779003822,R_75,26932.9693
1779003824,R_75,26938.718
1779003826,R_75,26933.4079
1779003828,R_75,26935.8242
1779003830,R_75,26933.5195
1779003832,R_75,26928.9019
1779003834,R_75,26924.5199
1779003836,R_75,26927.6097
1779003838,R_75,26932.8506
1779003840,R_75,26944.1369
1779003842,R_75,26940.2403
1779003844,R_75,26942.6985
1779003846,R_75,26939.1322
1779003848,R_75,26939.7829
1779003850,R_75,26938.2494
1779003852,R_75,26928.5445
1779003854,R_75,26930.3939
1779003856,R_75,26922.4342
1779003858,R_75,26920.8768
1779003860,R_75,26925.6848
1779003862,R_75,26922.8275
1779003864,R_75,26924.8663
1779003866,R_75,26925.2351
1779003868,R_75,26928.3191
1779003870,R_75,26918.9376
1779003872,R_75,26923.1795
1779003874,R_75,26919.1228
1779003876,R_75,26918.5816
1779003878,R_75,26920.0518
1779003880,R_75,26922.2408
1779003882,R_75,26917.6515
1779003884,R_75,26918.7269
1779003886,R_75,26928.3589
1779003888,R_75,26925.6358
1779003890,R_75,26916.4786
1779003892,R_75,26916.2183
1779003894,R_75,26916.8476
1779003896,R_75,26921.7797
1779003898,R_75,26925.6858
1779003900,R_75,26921.4742
1779003902,R_75,26919.9061
1779003904,R_75,26923.5192
1779003906,R_75,26928.6338
1779003908,R_75,26930.0488
1779003910,R_75,26926.0681
1779003912,R_75,26918.4235
1779003914,R_75,26922.0358
1779003916,R_75,26924.9196
1779003918,R_75,26926.2548
1779003920,R_75,26920.7527
1779003922,R_75,26917.0883
1779003924,R_75,26915.9282
1779003926,R_75,26921.6989
1779003928,R_75,26928.8789
1779003930,R_75,26928.1428
1779003932,R_75,26938.3063
1779003934,R_75,26938.5964
1779003936,R_75,26936.6003
1779003938,R_75,26934.4862
1779003940,R_75,26924.5501
1779003942,R_75,26928.8533
1779003944,R_75,26929.8808
1779003946,R_75,26918.8018
1779003948,R_75,26917.9935
1779003950,R_75,26917.7654
1779003952,R_75,26918.4143
1779003954,R_75,26913.1875
1779003956,R_75,26916.3005
1779003958,R_75,26911.1948
1779003960,R_75,26908.5712
1779003962,R_75,26900.8505
1779003964,R_75,26902.6595
1779003966,R_75,26897.7034
1779003968,R_75,26900.3264
1779003970,R_75,26895.7821
1779003972,R_75,26893.2309
1779003974,R_75,26898.5746
1779003976,R_75,26896.7803
1779003978,R_75,26897.751
1779003980,R_75,26902.1751
1779003982,R_75,26898.8771
1779003984,R_75,26890.0128
1779003986,R_75,26895.368
1779003988,R_75,26894.0054
1779003990,R_75,26900.8989
1779003992,R_75,26898.5687
1779003994,R_75,26892.4146
1779003996,R_75,26891.9782
1779003998,R_75,26898.3462
1779004000,R_75,26893.8068
1779004002,R_75,26895.3971
1779004004,R_75,26893.1751
1779004006,R_75,26889.3384
1779004008,R_75,26889.1094
1779004010,R_75,26892.3329
1779004012,R_75,26893.073
1779004014,R_75,26894.3976
1779004016,R_75,26899.0561
1779004018,R_75,26903.8996
1779004020,R_75,26907.5493
1779004022,R_75,26905.6359
1779004024,R_75,26902.116
1779004026,R_75,26902.6741
1779004028,R_75,26908.8869
1779004030,R_75,26907.6502
1779004032,R_75,26906.2572
1779004034,R_75,26910.0125
1779004036,R_75,26913.3663
1779004038,R_75,26899.1481
1779004040,R_75,26898.2703
1779004042,R_75,26897.3552
1779004044,R_75,26886.7287
1779004046,R_75,26886.5321
1779004048,R_75,26888.7683
1779004050,R_75,26888.6549
1779004052,R_75,26903.736
1779004054,R_75,26905.1067
1779004056,R_75,26898.7206
1779004058,R_75,26899.8697
1779004060,R_75,26905.3961
1779004062,R_75,26905.0659
1779004064,R_75,26907.3223
1779004066,R_75,26909.3565
1779004068,R_75,26908.2675
1779004070,R_75,26905.7109
1779004072,R_75,26902.3977
1779004074,R_75,26898.6829
1779004076,R_75,26902.1176
1779004078,R_75,26903.3568
1779004080,R_75,26904.1768
1779004082,R_75,26895.4667
1779004084,R_75,26902.675
1779004086,R_75,26903.208
1779004088,R_75,26900.1815
1779004090,R_75,26903.6206
1779004092,R_75,26907.1525
1779004094,R_75,26907.2364
1779004096,R_75,26904.3455
1779004098,R_75,26903.6665
1779004100,R_75,26902.042
1779004102,R_75,26890.2188
1779004104,R_75,26893.5479
1779004106,R_75,26893.8474
1779004108,R_75,26896.6943
1779004110,R_75,26898.1912
1779004112,R_75,26901.4027
1779004114,R_75,26892.4077
1779004116,R_75,26896.9406
1779004118,R_75,26891.0413
1779004120,R_75,26897.6382
1779004122,R_75,26900.8067
1779004124,R_75,26906.5246
1779004126,R_75,26909.9357
1779004128,R_75,26911.8612
1779004130,R_75,26905.1503
1779004132,R_75,26910.7597
1779004134,R_75,26918.7421
1779004136,R_75,26913.423
1779004138,R_75,26918.187
1779004140,R_75,26925.0557
1779004142,R_75,26924.4854
1779004144,R_75,26925.9379
1779004146,R_75,26922.9478
1779004148,R_75,26925.7958
1779004150,R_75,26924.4646
1779004152,R_75,26926.7299
1779004154,R_75,26931.1181
1779004156,R_75,26929.7977
1779004158,R_75,26933.7731
1779004160,R_75,26941.3357
1779004162,R_75,26944.429
1779004164,R_75,26954.0793
1779004166,R_75,26960.0408
1779004168,R_75,26962.7167
1779004170,R_75,26959.7803
1779004172,R_75,26960.0827
1779004174,R_75,26960.8814
1779004176,R_75,26968.2727
1779004178,R_75,26967.4088
1779004180,R_75,26969.8476
1779004182,R_75,26963.7213
1779004184,R_75,26967.1411
1779004186,R_75,26984.5516
1779004188,R_75,26975.2131
1779004190,R_75,26970.8781
1779004192,R_75,26966.3934
1779004194,R_75,26972.9874
1779004196,R_75,26969.5772
1779004198,R_75,26967.0474
1779004200,R_75,26969.1661
1779004202,R_75,26971.5124
1779004204,R_75,26969.0535
1779004206,R_75,26968.5621
1779004208,R_75,26967.2257
1779004210,R_75,26979.3604
1779004212,R_75,26985.8836
1779004214,R_75,26984.4804
1779004216,R_75,26994.7668
1779004218,R_75,26988.5295
1779004220,R_75,26982.4136
1779004222,R_75,26976.0099
1779004224,R_75,26979.3349
1779004226,R_75,26979.4537
1779004228,R_75,26971.1896
1779004230,R_75,26975.3604
1779004232,R_75,26980.6
1779004234,R_75,26986.9127
1779004236,R_75,26989.8895
1779004238,R_75,26988.9604
1779004240,R_75,26988.6365
1779004242,R_75,26991.9584
1779004244,R_75,26997.1775
1779004246,R_75,26994.4945
1779004248,R_75,26986.8112
1779004250,R_75,26985.843
1779004252,R_75,26982.2637
1779004254,R_75,26978.5792
1779004256,R_75,26970.5137
1779004258,R_75,26965.0319
1779004260,R_75,26965.8544
1779004262,R_75,26970.6337
1779004264,R_75,26963.9472
1779004266,R_75,26955.9562
1779004268,R_75,26959.8437
1779004270,R_75,26964.287
1779004272,R_75,26965.6959
1779004274,R_75,26970.3775
1779004276,R_75,26970.9483
1779004278,R_75,26966.5191
1779004280,R_75,26971.2864
1779004282,R_75,26970.417
1779004284,R_75,26969.5757
1779004286,R_75,26965.3041
1779004288,R_75,26963.707
1779004290,R_75,26964.3729
1779004292,R_75,26963.9806
1779004294,R_75,26965.4016
1779004296,R_75,26971.7869
1779004298,R_75,26963.2724
1779004300,R_75,26968.5675
1779004302,R_75,26977.1743
1779004304,R_75,26983.7159
1779004306,R_75,26974.1406
1779004308,R_75,26972.2808
1779004310,R_75,26970.9507
1779004312,R_75,26982.065
1779004314,R_75,26982.533
1779004316,R_75,26984.8647
1779004318,R_75,26993.3055
1779004320,R_75,26989.3579
1779004322,R_75,26990.9426
1779004324,R_75,26987.7369
1779004326,R_75,26980.7385
1779004328,R_75,26976.9145
1779004330,R_75,26982.7079
1779004332,R_75,26981.9555
1779004334,R_75,26982.4835
1779004336,R_75,26985.7776
1779004338,R_75,26982.9546
1779004340,R_75,26979.9497
1779004342,R_75,26977.8732
1779004344,R_75,26974.2481
1779004346,R_75,26972.8199
1779004348,R_75,26981.2688
1779004350,R_75,26979.0447
1779004352,R_75,26976.4526
1779004354,R_75,26984.1219
1779004356,R_75,26976.8884
1779004358,R_75,26970.5609
1779004360,R_75,26967.7334
1779004362,R_75,26961.6678
1779004364,R_75,26962.3828
1779004366,R_75,26968.1956
1779004368,R_75,26963.7287
1779004370,R_75,26954.0358
1779004372,R_75,26960.8243
1779004374,R_75,26963.534
1779004376,R_75,26969.1303
1779004378,R_75,26962.7581
1779004380,R_75,26966.0919
1779004382,R_75,26968.8315
1779004384,R_75,26971.0719
1779004386,R_75,26974.5623
1779004388,R_75,26968.622
1779004390,R_75,26967.4241
1779004392,R_75,26970.441
1779004394,R_75,26973.3618
1779004396,R_75,26972.0302
1779004398,R_75,26971.0219
1779004400,R_75,26976.2671
1779004402,R_75,26969.7992
1779004404,R_75,26959.7951
1779004406,R_75,26961.454
1779004408,R_75,26965.4012
1779004410,R_75,26965.9534
1779004412,R_75,26970.56
1779004414,R_75,26974.0449
1779004416,R_75,26980.031
1779004418,R_75,26978.8506
1779004420,R_75,26976.7114
1779004422,R_75,26971.2188
1779004424,R_75,26969.2724
1779004426,R_75,26962.6147
1779004428,R_75,26964.6439
1779004430,R_75,26966.6177
1779004432,R_75,26977.1276
1779004434,R_75,26971.9232
1779004436,R_75,26967.2026
1779004438,R_75,26966.9586
1779004440,R_75,26964.1941
1779004442,R_75,26966.6988
1779004444,R_75,26963.2166
1779004446,R_75,26967.4604
1779004448,R_75,26965.733
1779004450,R_75,26964.0194
1779004452,R_75,26967.488
1779004454,R_75,26964.4983
1779004456,R_75,26968.7801
1779004458,R_75,26966.9475
1779004460,R_75,26959.5258
1779004462,R_75,26957.3148
1779004464,R_75,26948.5561
1779004466,R_75,26943.242
1779004468,R_75,26944.3415
1779004470,R_75,26935.0356
1779004472,R_75,26937.2885
1779004474,R_75,26934.7937
1779004476,R_75,26943.7918
1779004478,R_75,26941.7466
1779004480,R_75,26942.4731
1779004482,R_75,26943.9639
1779004484,R_75,26942.1405
1779004486,R_75,26944.4627
1779004488,R_75,26947.4115
1779004490,R_75,26948.971
1779004492,R_75,26953.5191
1779004494,R_75,26955.8618
1779004496,R_75,26955.9363
1779004498,R_75,26958.7874
1779004500,R_75,26959.2796
1779004502,R_75,26962.3379
1779004504,R_75,26970.0793
1779004506,R_75,26959.5814
1779004508,R_75,26964.7711
1779004510,R_75,26954.8089
1779004512,R_75,26952.6866
1779004514,R_75,26952.8166
1779004516,R_75,26949.6819
1779004518,R_75,26947.016
1779004520,R_75,26954.1395
1779004522,R_75,26958.552
1779004524,R_75,26964.0145
1779004526,R_75,26962.8569
1779004528,R_75,26962.9846
1779004530,R_75,26961.2575
1779004532,R_75,26954.9276
1779004534,R_75,26961.33
1779004536,R_75,26970.2321
1779004538,R_75,26963.3157
1779004540,R_75,26965.0889
1779004542,R_75,26962.2134
1779004544,R_75,26961.383
1779004546,R_75,26966.7683
1779004548,R_75,26958.9735
1779004550,R_75,26957.8019
1779004552,R_75,26969.9341
1779004554,R_75,26975.2953
1779004556,R_75,26971.6969
1779004558,R_75,26968.5738
1779004560,R_75,26978.4202
1779004562,R_75,26980.832
1779004564,R_75,26978.2709
1779004566,R_75,26977.4039
1779004568,R_75,26974.7637
1779004570,R_75,26967.3558
1779004572,R_75,26967.2453
1779004574,R_75,26964.8021
1779004576,R_75,26975.8132
1779004578,R_75,26975.42
1779004580,R_75,26980.5128
1779004582,R_75,26982.1047
1779004584,R_75,26975.2069
1779004586,R_75,26983.9247
1779004588,R_75,26984.3356
1779004590,R_75,26986.9721
1779004592,R_75,26993.1887
1779004594,R_75,26989.5182
1779004596,R_75,26987.0331
1779004598,R_75,26988.3514
1779004600,R_75,26989.5059
1779004602,R_75,26995.5994
1779004604,R_75,26995.4895
1779004606,R_75,26989.6275
1779004608,R_75,26987.9762
1779004610,R_75,26993.2285
1779004612,R_75,26985.7001
1779004614,R_75,26987.0603
1779004616,R_75,26982.7322
1779004618,R_75,26981.7632
1779004620,R_75,26984.4495
1779004622,R_75,26990.1313
1779004624,R_75,26989.3913
1779004626,R_75,26992.725
1779004628,R_75,26989.88
1779004630,R_75,26986.8252
1779004632,R_75,26985.9568
1779004634,R_75,26983.7494
1779004636,R_75,26988.5051
1779004638,R_75,26984.7089
1779004640,R_75,26983.7493
1779004642,R_75,26974.913
1779004644,R_75,26986.9869
1779004646,R_75,26990.9161
1779004648,R_75,26992.6225
1779004650,R_75,26999.5447
1779004652,R_75,26998.6201
1779004654,R_75,26997.2104
1779004656,R_75,27002.3362
1779004658,R_75,26996.5947
1779004660,R_75,26995.8841
1779004662,R_75,27002.2583
1779004664,R_75,26997.441
1779004666,R_75,26991.9061
1779004668,R_75,26998.4628
1779004670,R_75,26999.7526
1779004672,R_75,27004.9497
1779004674,R_75,26997.7765
1779004676,R_75,26993.2798
1779004678,R_75,26990.5258
1779004680,R_75,26989.816
1779004682,R_75,26993.1169
1779004684,R_75,26992.9239
1779004686,R_75,26992.0824
1779004688,R_75,26984.7885
1779004690,R_75,26987.2352
1779004692,R_75,26991.275
1779004694,R_75,26987.7052
1779004696,R_75,26989.1266
1779004698,R_75,26990.3504
1779004700,R_75,26986.4374
1779004702,R_75,26992.2192
1779004704,R_75,26985.0648
1779004706,R_75,26995.8736
1779004708,R_75,26993.8441
1779004710,R_75,26995.418
1779004712,R_75,26996.0956
1779004714,R_75,26998.242
1779004716,R_75,26999.0179
1779004718,R_75,26999.5408
1779004720,R_75,26994.6066
1779004722,R_75,26984.1874
1779004724,R_75,26986.0853
1779004726,R_75,26995.68
1779004728,R_75,26990.7403
1779004730,R_75,26993.077
1779004732,R_75,26999.9746
1779004734,R_75,26999.0845
1779004736,R_75,27005.012
1779004738,R_75,27001.7543
1779004740,R_75,26996.7276
1779004742,R_75,26994.2283
1779004744,R_75,26990.478
1779004746,R_75,26988.6996
1779004748,R_75,26989.4386
1779004750,R_75,26986.4871
1779004752,R_75,26983.4809
1779004754,R_75,26984.1155
1779004756,R_75,26994.4841
1779004758,R_75,26993.9888
1779004760,R_75,26995.3851
1779004762,R_75,26992.5318
1779004764,R_75,26993.338
1779004766,R_75,26990.706
1779004768,R_75,26996.4995
1779004770,R_75,26984.114
1779004772,R_75,26974.9684
1779004774,R_75,26985.0848
1779004776,R_75,26987.8192
1779004778,R_75,26982.8479
1779004780,R_75,26993.4721
1779004782,R_75,27001.4617
1779004784,R_75,27004.9979
1779004786,R_75,27012.3717
1779004788,R_75,27020.7179
1779004790,R_75,27016.2372
1779004792,R_75,27014.2455
1779004794,R_75,27008.169
1779004796,R_75,27011.9328
1779004798,R_75,27003.506
1779004800,R_75,26998.7604
1779004802,R_75,27002.1342
1779004804,R_75,27004.05
1779004806,R_75,27002.8724
1779004808,R_75,27009.5973
1779004810,R_75,27007.1973
1779004812,R_75,27002.59
1779004814,R_75,27000.5487
1779004816,R_75,26995.3433
1779004818,R_75,26989.538
1779004820,R_75,26988.3388
1779004822,R_75,26988.4533
1779004824,R_75,26986.0509
1779004826,R_75,26982.7388
1779004828,R_75,26978.9245
1779004830,R_75,26981.4219
1779004832,R_75,26989.6537
1779004834,R_75,26989.92
1779004836,R_75,26994.2917
1779004838,R_75,27001.051
1779004840,R_75,26998.3771
1779004842,R_75,26992.61
1779004844,R_75,26993.0055
1779004846,R_75,26999.6105
1779004848,R_75,27001.4033
1779004850,R_75,27005.5337
1779004852,R_75,27016.2426
1779004854,R_75,27015.2844
1779004856,R_75,27020.1551
1779004858,R_75,27011.6075
1779004860,R_75,26999.186
1779004862,R_75,26988.4805
1779004864,R_75,26994.1483
1779004866,R_75,26996.0855
1779004868,R_75,26989.7299
1779004870,R_75,26990.9619
1779004872,R_75,26989.3724
1779004874,R_75,26982.6117
1779004876,R_75,26975.2545
1779004878,R_75,26974.8014
1779004880,R_75,26989.0858
1779004882,R_75,26982.495
1779004884,R_75,26979.1088
1779004886,R_75,26975.0188
1779004888,R_75,26979.3119
1779004890,R_75,26986.3017
1779004892,R_75,26985.1901
1779004894,R_75,26999.6431
1779004896,R_75,26991.6659
1779004898,R_75,26985.0745
1779004900,R_75,26985.1382
1779004902,R_75,26994.587
1779004904,R_75,26989.6025
1779004906,R_75,26986.8314
1779004908,R_75,26996.6976
1779004910,R_75,26993.6738
1779004912,R_75,26994.5057
1779004914,R_75,26990.6983
1779004916,R_75,26985.0169
1779004918,R_75,26989.5903
1779004920,R_75,26991.0413
1779004922,R_75,26990.2732
1779004924,R_75,26990.0526
1779004926,R_75,26999.2644
1779004928,R_75,27003.5815
1779004930,R_75,27001.2984
1779004932,R_75,26996.3394
1779004934,R_75,27000.6593
1779004936,R_75,27005.4855
1779004938,R_75,27002.3001
1779004940,R_75,26995.5908
1779004942,R_75,26988.0918
1779004944,R_75,26996.1907
1779004946,R_75,27002.7486
1779004948,R_75,27005.0605
1779004950,R_75,27008.9382
1779004952,R_75,27000.7504
1779004954,R_75,27006.5911
1779004956,R_75,27007.5285
1779004958,R_75,27002.9843
1779004960,R_75,27002.1123
1779004962,R_75,26999.8607
1779004964,R_75,26997.4452
1779004966,R_75,26991.643
1779004968,R_75,26988.7732
1779004970,R_75,26988.2332
1779004972,R_75,26995.5057
1779004974,R_75,26997.3233
1779004976,R_75,26998.8649
1779004978,R_75,26999.7109
1779004980,R_75,26999.2259
1779004982,R_75,27002.593
1779004984,R_75,27001.5752
1779004986,R_75,27002.422
1779004988,R_75,27004.8865
1779004990,R_75,26998.5757
1779004992,R_75,26994.0175
1779004994,R_75,26990.5356
1779004996,R_75,26987.6039
1779004998,R_75,26985.1243
1779005000,R_75,26980.1431
1779005002,R_75,26985.302
1779005004,R_75,26980.5036
1779005006,R_75,26982.3902
1779005008,R_75,26981.5849
1779005010,R_75,26974.6614
1779005012,R_75,26972.0558
1779005014,R_75,26983.0398
1779005016,R_75,26983.8249
1779005018,R_75,26983.4815
1779005020,R_75,26982.2456
1779005022,R_75,26977.0359
1779005024,R_75,26980.6654
1779005026,R_75,26974.7472
1779005028,R_75,26967.4077
1779005030,R_75,26970.7775
1779005032,R_75,26972.6774
1779005034,R_75,26961.7222
1779005036,R_75,26953.0617
1779005038,R_75,26947.8422
1779005040,R_75,26946.4202
1779005042,R_75,26938.2849
1779005044,R_75,26935.1309
1779005046,R_75,26935.892
1779005048,R_75,26928.4074
1779005050,R_75,26931.1081
1779005052,R_75,26927.039
1779005054,R_75,26930.1408
1779005056,R_75,26934.2484
1779005058,R_75,26942.8887
1779005060,R_75,26944.3504
1779005062,R_75,26946.387
1779005064,R_75,26941.7868
1779005066,R_75,26946.2908
1779005068,R_75,26948.5862
1779005070,R_75,26945.8187
1779005072,R_75,26942.6284
1779005074,R_75,26942.8126
1779005076,R_75,26939.6486
1779005078,R_75,26943.8443
1779005080,R_75,26944.622
1779005082,R_75,26941.779
1779005084,R_75,26942.1602
1779005086,R_75,26945.6692
1779005088,R_75,26950.9864
1779005090,R_75,26949.5746
1779005092,R_75,26951.512
1779005094,R_75,26950.2677
1779005096,R_75,26947.2756
1779005098,R_75,26950.8175
1779005100,R_75,26955.7344
1779005102,R_75,26955.1173
1779005104,R_75,26956.5841
1779005106,R_75,26955.6925
1779005108,R_75,26956.1446
1779005110,R_75,26959.2051
1779005112,R_75,26961.7767
1779005114,R_75,26956.9321
1779005116,R_75,26950.9416
1779005118,R_75,26938.1091
1779005120,R_75,26941.6734
1779005122,R_75,26944.2391
1779005124,R_75,26942.0449
1779005126,R_75,26944.8018
1779005128,R_75,26951.0395
1779005130,R_75,26953.4544
1779005132,R_75,26957.1531
1779005134,R_75,26960.6134
1779005136,R_75,26967.9915
1779005138,R_75,26976.1038
1779005140,R_75,26976.8092
1779005142,R_75,26972.4688
1779005144,R_75,26969.9738
1779005146,R_75,26978.694
1779005148,R_75,26976.9024
1779005150,R_75,26967.7003
1779005152,R_75,26970.1436
1779005154,R_75,26979.0928
1779005156,R_75,26980.7671
1779005158,R_75,26983.6654
1779005160,R_75,26974.9035
1779005162,R_75,26977.4975
1779005164,R_75,26982.6342
1779005166,R_75,26977.9669
1779005168,R_75,26975.3045
1779005170,R_75,26982.9286
1779005172,R_75,26988.5254
1779005174,R_75,26986.1201
1779005176,R_75,26991.5775
1779005178,R_75,26999.5299
1779005180,R_75,27001.9765
1779005182,R_75,27002.012
1779005184,R_75,27006.1266
1779005186,R_75,27016.9071
1779005188,R_75,27022.7388
1779005190,R_75,27021.3227
1779005192,R_75,27023.112
1779005194,R_75,27024.4729
1779005196,R_75,27024.1384
1779005198,R_75,27026.1603
1779005200,R_75,27020.8171
1779005202,R_75,27015.4304
1779005204,R_75,27020.3673
1779005206,R_75,27018.4291
1779005208,R_75,27014.7421
1779005210,R_75,27005.2684
1779005212,R_75,27003.6229
1779005214,R_75,27002.4489
1779005216,R_75,27012.7989
1779005218,R_75,27002.0288
1779005220,R_75,27003.1103
1779005222,R_75,27001.4324
1779005224,R_75,27014.7594
1779005226,R_75,27004.09
1779005228,R_75,27002.4092
1779005230,R_75,27003.3603
1779005232,R_75,27009.4527
1779005234,R_75,27010.1993
1779005236,R_75,27019.0247
1779005238,R_75,27017.3797
1779005240,R_75,27010.4921
1779005242,R_75,27013.9434
1779005244,R_75,27012.1899
1779005246,R_75,27012.297
1779005248,R_75,27010.4509
1779005250,R_75,27017.5066
1779005252,R_75,27019.9823
1779005254,R_75,27015.3848
1779005256,R_75,27018.0007
1779005258,R_75,27021.5804
1779005260,R_75,27023.4408
1779005262,R_75,27021.3242
1779005264,R_75,27019.928
1779005266,R_75,27015.7423
1779005268,R_75,27016.3222
1779005270,R_75,27015.6209
1779005272,R_75,27018.4919
1779005274,R_75,27023.8913
1779005276,R_75,27014.2452
1779005278,R_75,27012.5457
1779005280,R_75,27016.6397
1779005282,R_75,27012.6463
1779005284,R_75,27005.5722
1779005286,R_75,26998.5758
1779005288,R_75,26991.9669
1779005290,R_75,26995.1884
1779005292,R_75,26990.573
1779005294,R_75,26994.57
1779005296,R_75,26999.895
1779005298,R_75,27004.588
1779005300,R_75,27010.4602
1779005302,R_75,27015.4476
1779005304,R_75,27009.9309
1779005306,R_75,27012.0094
1779005308,R_75,27009.2521
1779005310,R_75,27010.1007
1779005312,R_75,27014.6983
1779005314,R_75,27015.311
1779005316,R_75,27013.9697
1779005318,R_75,27011.3035
1779005320,R_75,27012.8336
1779005322,R_75,27013.2187
1779005324,R_75,27001.3678
1779005326,R_75,27002.9243
1779005328,R_75,27003.4019
1779005330,R_75,27009.5053
1779005332,R_75,27017.5542
1779005334,R_75,27018.8683
1779005336,R_75,27011.0994
1779005338,R_75,27004.2894
1779005340,R_75,27001.4766
1779005342,R_75,26995.9026
1779005344,R_75,26993.0735
1779005346,R_75,26993.0709
1779005348,R_75,26989.5435
1779005350,R_75,26989.5826
1779005352,R_75,26980.4198
1779005354,R_75,26982.6859
1779005356,R_75,26980.3663
1779005358,R_75,26969.7633
1779005360,R_75,26971.7185
1779005362,R_75,26963.4021
1779005364,R_75,26963.8945
1779005366,R_75,26966.7884
1779005368,R_75,26973.9821
1779005370,R_75,26976.266
1779005372,R_75,26976.177
1779005374,R_75,26975.3688
1779005376,R_75,26982.1769
1779005378,R_75,26980.5607
1779005380,R_75,26987.9363
1779005382,R_75,26976.5951
1779005384,R_75,26988.3334
1779005386,R_75,26994.1069
1779005388,R_75,26992.5128
1779005390,R_75,26995.4152
1779005392,R_75,26999.7095
1779005394,R_75,26998.014
1779005396,R_75,26994.3353
1779005398,R_75,26998.9858
1779005400,R_75,26996.9793
1779005402,R_75,26983.9659
1779005404,R_75,26974.0561
1779005406,R_75,26972.9732
1779005408,R_75,26977.9674
1779005410,R_75,26969.9707
1779005412,R_75,26961.2556
1779005414,R_75,26966.955
1779005416,R_75,26961.2455
1779005418,R_75,26965.2153
1779005420,R_75,26964.0959
1779005422,R_75,26964.3678
1779005424,R_75,26968.6179
1779005426,R_75,26972.4715
1779005428,R_75,26971.5591
1779005430,R_75,26965.7701
1779005432,R_75,26963.6553
1779005434,R_75,26966.0349
1779005436,R_75,26962.4501
1779005438,R_75,26964.356
1779005440,R_75,26966.1213
1779005442,R_75,26962.3615
1779005444,R_75,26957.0035
1779005446,R_75,26949.867
1779005448,R_75,26947.3785
1779005450,R_75,26950.3918
1779005452,R_75,26961.7279
1779005454,R_75,26962.9121
1779005456,R_75,26967.3051
1779005458,R_75,26970.4622
1779005460,R_75,26975.6973
1779005462,R_75,26974.4208
1779005464,R_75,26973.7495
1779005466,R_75,26977.3899
1779005468,R_75,26990.5575
1779005470,R_75,26987.9564
1779005472,R_75,26980.2051
1779005474,R_75,26988.1747
1779005476,R_75,26995.4977
1779005478,R_75,26997.2188
1779005480,R_75,26999.3001
1779005482,R_75,27001.6787
1779005484,R_75,27009.7824
1779005486,R_75,27019.0537
1779005488,R_75,27020.174
1779005490,R_75,27022.5153
1779005492,R_75,27019.7588
1779005494,R_75,27025.7069
1779005496,R_75,27031.5215
1779005498,R_75,27030.2679
1779005500,R_75,27033.203
1779005502,R_75,27038.0262
1779005504,R_75,27026.8313
1779005506,R_75,27018.1292
1779005508,R_75,27017.5826
1779005510,R_75,27026.6582
1779005512,R_75,27022.3021
1779005514,R_75,27027.7915
1779005516,R_75,27026.5577
1779005518,R_75,27020.8666
1779005520,R_75,27015.1514
1779005522,R_75,27011.7139
1779005524,R_75,27007.9023
1779005526,R_75,27011.124
1779005528,R_75,27012.8777
1779005530,R_75,27010.853
1779005532,R_75,27009.5063
1779005534,R_75,27003.9106
1779005536,R_75,27003.2901
1779005538,R_75,27003.3058
1779005540,R_75,26997.0081
1779005542,R_75,26991.9809
1779005544,R_75,26998.9343
1779005546,R_75,26996.4855
1779005548,R_75,26995.6831
1779005550,R_75,26984.9755
1779005552,R_75,26976.8473
1779005554,R_75,26969.1617
1779005556,R_75,26965.7543
1779005558,R_75,26966.2889
1779005560,R_75,26959.4339
1779005562,R_75,26958.2175
1779005564,R_75,26956.6155
1779005566,R_75,26955.4028
1779005568,R_75,26952.2489
1779005570,R_75,26959.5781
1779005572,R_75,26960.3867
1779005574,R_75,26967.3965
1779005576,R_75,26978.3864
1779005578,R_75,26981.916
1779005580,R_75,26972.173
1779005582,R_75,26970.6459
1779005584,R_75,26977.5394
1779005586,R_75,26978.2844
1779005588,R_75,26978.569
1779005590,R_75,26975.3478
1779005592,R_75,26975.152
1779005594,R_75,26964.6702
1779005596,R_75,26953.5443
1779005598,R_75,26953.9199
1779005600,R_75,26951.9916
1779005602,R_75,26954.5757
1779005604,R_75,26946.4855
1779005606,R_75,26943.8683
1779005608,R_75,26946.6036
1779005610,R_75,26950.1184
1779005612,R_75,26954.551
1779005614,R_75,26955.0929
1779005616,R_75,26953.202
1779005618,R_75,26954.9927
1779005620,R_75,26955.0592
1779005622,R_75,26955.0081
1779005624,R_75,26958.438
1779005626,R_75,26964.9001
1779005628,R_75,26970.3105
1779005630,R_75,26962.8648
1779005632,R_75,26960.2109
1779005634,R_75,26964.5161
1779005636,R_75,26962.5892
1779005638,R_75,26958.0883
1779005640,R_75,26956.5218
1779005642,R_75,26957.869
1779005644,R_75,26955.4941
1779005646,R_75,26951.8632
1779005648,R_75,26954.2982
1779005650,R_75,26961.4313
1779005652,R_75,26960.5631
1779005654,R_75,26964.5031
1779005656,R_75,26961.8517
1779005658,R_75,26957.1015
1779005660,R_75,26953.6902
1779005662,R_75,26949.2901
1779005664,R_75,26937.7864
1779005666,R_75,26940.6146
1779005668,R_75,26939.8192
1779005670,R_75,26948.6709
1779005672,R_75,26947.2873
1779005674,R_75,26936.6803
1779005676,R_75,26935.8013
1779005678,R_75,26937.301
1779005680,R_75,26949.1853
1779005682,R_75,26952.2838
1779005684,R_75,26967.5177
1779005686,R_75,26960.5637
1779005688,R_75,26956.7162
1779005690,R_75,26971.6288
1779005692,R_75,26968.9212
1779005694,R_75,26965.0227
1779005696,R_75,26954.3976
1779005698,R_75,26946.7329
1779005700,R_75,26953.4075
1779005702,R_75,26962.9129
1779005704,R_75,26960.1077
1779005706,R_75,26950.0773
1779005708,R_75,26955.9787
1779005710,R_75,26964.6915
1779005712,R_75,26969.1064
1779005714,R_75,26967.3401
1779005716,R_75,26966.7078
1779005718,R_75,26978.7085
1779005720,R_75,26974.9911
1779005722,R_75,26970.6428
1779005724,R_75,26959.7299
1779005726,R_75,26959.3983
1779005728,R_75,26961.4398
1779005730,R_75,26960.4839
1779005732,R_75,26957.081
1779005734,R_75,26964.5636
1779005736,R_75,26963.0395
1779005738,R_75,26959.6633
1779005740,R_75,26970.3674
1779005742,R_75,26971.75
1779005744,R_75,26962.1075
1779005746,R_75,26964.2417
1779005748,R_75,26963.9584
1779005750,R_75,26964.6733
1779005752,R_75,26969.312
1779005754,R_75,26975.8509
1779005756,R_75,26980.8012
1779005758,R_75,26974.3557
1779005760,R_75,26975.2612
1779005762,R_75,26973.1558
1779005764,R_75,26971.5158
1779005766,R_75,26972.5246
1779005768,R_75,26964.6007
1779005770,R_75,26959.799
1779005772,R_75,26953.8751
1779005774,R_75,26960.7445
1779005776,R_75,26959.4035
1779005778,R_75,26955.8084
1779005780,R_75,26956.9442
1779005782,R_75,26956.5952
1779005784,R_75,26952.2707
1779005786,R_75,26965.0575
1779005788,R_75,26968.3003
1779005790,R_75,26968.2874
1779005792,R_75,26969.7061
1779005794,R_75,26968.6638
1779005796,R_75,26967.4174
1779005798,R_75,26965.0327
1779005800,R_75,26960.9801
1779005802,R_75,26962.9542
1779005804,R_75,26961.2836
1779005806,R_75,26960.4058
1779005808,R_75,26953.0645
1779005810,R_75,26950.8637
1779005812,R_75,26953.3326
1779005814,R_75,26954.3056
1779005816,R_75,26942.4231
1779005818,R_75,26941.4638
1779005820,R_75,26940.8308
1779005822,R_75,26948.194
1779005824,R_75,26947.071
1779005826,R_75,26953.0789
1779005828,R_75,26945.0112
1779005830,R_75,26941.7724
1779005832,R_75,26936.6452
1779005834,R_75,26933.4641
1779005836,R_75,26929.033
1779005838,R_75,26934.4806
1779005840,R_75,26937.3554
1779005842,R_75,26938.4628
1779005844,R_75,26935.2871
1779005846,R_75,26940.7465
1779005848,R_75,26950.5447
1779005850,R_75,26951.5584
1779005852,R_75,26950.4886
1779005854,R_75,26951.7796
1779005856,R_75,26953.0302
1779005858,R_75,26950.5328
1779005860,R_75,26948.4278
1779005862,R_75,26944.981
1779005864,R_75,26942.2112
1779005866,R_75,26938.745
1779005868,R_75,26934.602
1779005870,R_75,26934.8774
1779005872,R_75,26939.7465
1779005874,R_75,26930.555
1779005876,R_75,26929.6294
1779005878,R_75,26929.5724
1779005880,R_75,26932.0127
1779005882,R_75,26931.8517
1779005884,R_75,26934.4565
1779005886,R_75,26930.4023
1779005888,R_75,26932.8691
1779005890,R_75,26938.4907
1779005892,R_75,26938.0829
1779005894,R_75,26941.7177
1779005896,R_75,26951.0635
1779005898,R_75,26947.7653
1779005900,R_75,26949.8522
1779005902,R_75,26951.6184
1779005904,R_75,26940.9014
1779005906,R_75,26940.9091
1779005908,R_75,26948.409
1779005910,R_75,26952.9978
1779005912,R_75,26957.6424
1779005914,R_75,26954.5313
1779005916,R_75,26956.2108
1779005918,R_75,26960.1106
1779005920,R_75,26962.162
1779005922,R_75,26968.7078
1779005924,R_75,26961.4948
1779005926,R_75,26957.9264
1779005928,R_75,26947.5912
1779005930,R_75,26951.4383
1779005932,R_75,26949.9825
1779005934,R_75,26962.0306
1779005936,R_75,26963.4524
1779005938,R_75,26959.9733
1779005940,R_75,26963.6404
1779005942,R_75,26963.6238
1779005944,R_75,26966.5447
1779005946,R_75,26970.868
1779005948,R_75,26980.5666
1779005950,R_75,26983.304
1779005952,R_75,26985.0249
1779005954,R_75,26986.4073
1779005956,R_75,26997.4293
1779005958,R_75,27008.358
1779005960,R_75,27006.4733
1779005962,R_75,27005.4726
1779005964,R_75,27008.069
1779005966,R_75,27003.9305
1779005968,R_75,27008.7731
1779005970,R_75,27012.4353
1779005972,R_75,27016.5052
1779005974,R_75,27016.0052
1779005976,R_75,27019.4253
1779005978,R_75,27026.4302
1779005980,R_75,27028.154
1779005982,R_75,27028.148
1779005984,R_75,27020.6893
1779005986,R_75,27018.7196
1779005988,R_75,27022.6316
1779005990,R_75,27028.9428
1779005992,R_75,27032.4861
1779005994,R_75,27038.4888
1779005996,R_75,27051.3243
1779005998,R_75,27042.5147
1779006000,R_75,27038.3457
1779006002,R_75,27039.9322
1779006004,R_75,27039.7423
1779006006,R_75,27036.4285
1779006008,R_75,27032.2068
1779006010,R_75,27029.0039
1779006012,R_75,27031.2726
1779006014,R_75,27033.6644
1779006016,R_75,27031.9669
1779006018,R_75,27029.2982
1779006020,R_75,27024.1688
1779006022,R_75,27025.757
1779006024,R_75,27028.772
1779006026,R_75,27027.4667
1779006028,R_75,27023.7111
1779006030,R_75,27020.6092
1779006032,R_75,27014.0383
1779006034,R_75,27015.7519
1779006036,R_75,27018.939
1779006038,R_75,27011.1769
1779006040,R_75,27010.8922
1779006042,R_75,27007.7069
1779006044,R_75,27000.5139
1779006046,R_75,26998.4692
1779006048,R_75,27003.7313
1779006050,R_75,27008.1191
1779006052,R_75,27011.724
1779006054,R_75,27013.4288
1779006056,R_75,27006.2209
1779006058,R_75,27012.4027
1779006060,R_75,27005.6745
1779006062,R_75,27009.1877
1779006064,R_75,27006.7472
1779006066,R_75,27001.4698
1779006068,R_75,27007.7105
1779006070,R_75,27018.4847
1779006072,R_75,27019.7431
1779006074,R_75,27017.5905
1779006076,R_75,27009.7326
1779006078,R_75,27011.4608
1779006080,R_75,27013.3299
1779006082,R_75,27015.5483
1779006084,R_75,27005.6091
1779006086,R_75,27005.3199
1779006088,R_75,26998.8695
1779006090,R_75,26997.4821
1779006092,R_75,26990.9814
1779006094,R_75,26988.4073
1779006096,R_75,26991.1163
1779006098,R_75,26992.06
1779006100,R_75,26979.0742
1779006102,R_75,26968.1622
1779006104,R_75,26970.7573
1779006106,R_75,26977.4918
1779006108,R_75,26973.7753
1779006110,R_75,26968.6212
1779006112,R_75,26965.1667
1779006114,R_75,26960.4037
1779006116,R_75,26970.3123
1779006118,R_75,26970.054
1779006120,R_75,26982.8011
1779006122,R_75,26989.9536
1779006124,R_75,26993.8785
1779006126,R_75,26996.0654
1779006128,R_75,26993.3595
1779006130,R_75,26992.3804
1779006132,R_75,26993.9173
1779006134,R_75,26983.8334
1779006136,R_75,26978.4214
1779006138,R_75,26983.329
1779006140,R_75,26982.232
1779006142,R_75,26987.2032
1779006144,R_75,26988.1876
1779006146,R_75,26993.7046
1779006148,R_75,26997.2908
1779006150,R_75,26989.1044
1779006152,R_75,26983.6752
1779006154,R_75,26978.3281
1779006156,R_75,26979.876
1779006158,R_75,26984.1896
1779006160,R_75,26986.9114
1779006162,R_75,26989.143
1779006164,R_75,26979.1311
1779006166,R_75,26975.5042
1779006168,R_75,26962.36
1779006170,R_75,26959.5556
1779006172,R_75,26960.6386
1779006174,R_75,26963.5666
1779006176,R_75,26967.6629
1779006178,R_75,26970.2011
1779006180,R_75,26974.6517
1779006182,R_75,26975.9515
1779006184,R_75,26981.0267
1779006186,R_75,26982.9686
1779006188,R_75,26989.4946
1779006190,R_75,26985.9221
1779006192,R_75,26986.1382
1779006194,R_75,26987.7449
1779006196,R_75,26978.9537
1779006198,R_75,26979.5107
1779006200,R_75,26990.2304
1779006202,R_75,26997.7043
1779006204,R_75,26988.2461
1779006206,R_75,26987.2694
1779006208,R_75,26991.5309
1779006210,R_75,26999.7534
1779006212,R_75,27004.1605
1779006214,R_75,26997.8489
1779006216,R_75,26999.1324
1779006218,R_75,27002.151
1779006220,R_75,27000.6508
1779006222,R_75,27003.5598
1779006224,R_75,27003.3951
1779006226,R_75,27003.282
1779006228,R_75,27005.7638
1779006230,R_75,27014.4096
1779006232,R_75,27000.8985
1779006234,R_75,26998.7824
1779006236,R_75,27002.0491
1779006238,R_75,26999.9798
1779006240,R_75,26991.3556
1779006242,R_75,26986.995
1779006244,R_75,26983.3106
1779006246,R_75,26981.3169
1779006248,R_75,26985.9709
1779006250,R_75,26974.9467
1779006252,R_75,26970.3208
1779006254,R_75,26967.9405
1779006256,R_75,26977.0989
1779006258,R_75,26985.9185
1779006260,R_75,26984.918
1779006262,R_75,26989.2865
1779006264,R_75,26984.086
1779006266,R_75,26984.4944
1779006268,R_75,26988.9521
1779006270,R_75,26989.0431
1779006272,R_75,26988.8382
1779006274,R_75,26993.3049
1779006276,R_75,26994.0613
1779006278,R_75,26998.3146
1779006280,R_75,26989.4449
1779006282,R_75,26989.6182
1779006284,R_75,26989.8473
1779006286,R_75,26987.0053
1779006288,R_75,26989.5652
1779006290,R_75,26989.5421
1779006292,R_75,26994.0696
1779006294,R_75,26995.1061
1779006296,R_75,26998.6041
1779006298,R_75,27000.9602
1779006300,R_75,27001.4215
1779006302,R_75,27004.8806
1779006304,R_75,27005.822
1779006306,R_75,27013.911
1779006308,R_75,27007.5409
1779006310,R_75,27009.6863
1779006312,R_75,27007.717
1779006314,R_75,27006.9273
1779006316,R_75,26997.3168
1779006318,R_75,26991.2149
1779006320,R_75,26993.7695
1779006322,R_75,26998.6268
1779006324,R_75,26995.667
1779006326,R_75,26995.5516
1779006328,R_75,26990.4027
1779006330,R_75,26992.368
1779006332,R_75,27000.5475
1779006334,R_75,27000.7818
1779006336,R_75,26994.5728
1779006338,R_75,26990.79
1779006340,R_75,26988.44
1779006342,R_75,26994.3171
1779006344,R_75,26991.5575
1779006346,R_75,26979.8056
1779006348,R_75,26976.0219
1779006350,R_75,26975.884
1779006352,R_75,26986.6598
1779006354,R_75,26980.8712
1779006356,R_75,26977.9647
1779006358,R_75,26979.7201
1779006360,R_75,26983.0915
1779006362,R_75,26985.006
1779006364,R_75,26978.1747
1779006366,R_75,26973.9053
1779006368,R_75,26975.4563
1779006370,R_75,26967.7077
1779006372,R_75,26963.6416
1779006374,R_75,26957.737
1779006376,R_75,26955.5391
1779006378,R_75,26959.9818
1779006380,R_75,26950.3655
1779006382,R_75,26950.7856
1779006384,R_75,26953.2385
1779006386,R_75,26954.3102
1779006388,R_75,26956.9456
1779006390,R_75,26956.8138
1779006392,R_75,26946.4147
1779006394,R_75,26945.2124
1779006396,R_75,26947.141
1779006398,R_75,26949.373
1779006400,R_75,26956.9131
1779006402,R_75,26953.1207
1779006404,R_75,26948.7595
1779006406,R_75,26950.8207
1779006408,R_75,26949.2472
1779006410,R_75,26958.4652
1779006412,R_75,26964.6862
1779006414,R_75,26959.4354
1779006416,R_75,26962.3174
1779006418,R_75,26966.955
1779006420,R_75,26961.4713
1779006422,R_75,26957.8568
1779006424,R_75,26958.894
1779006426,R_75,26953.5326
1779006428,R_75,26946.1262
1779006430,R_75,26947.3833
1779006432,R_75,26950.875
1779006434,R_75,26952.5055
1779006436,R_75,26951.5854
1779006438,R_75,26942.688
1779006440,R_75,26952.7671
1779006442,R_75,26954.6343
1779006444,R_75,26956.9698
1779006446,R_75,26951.253
1779006448,R_75,26954.9393
1779006450,R_75,26947.1783
1779006452,R_75,26949.2611
1779006454,R_75,26956.773
1779006456,R_75,26952.3607
1779006458,R_75,26951.2473
1779006460,R_75,26943.0529
1779006462,R_75,26940.2755
1779006464,R_75,26940.4382
1779006466,R_75,26940.2004
1779006468,R_75,26938.8231
1779006470,R_75,26935.0897
1779006472,R_75,26928.2505
1779006474,R_75,26929.1191
1779006476,R_75,26921.4661
1779006478,R_75,26920.1269
1779006480,R_75,26922.6675
1779006482,R_75,26921.3901
1779006484,R_75,26920.4954
1779006486,R_75,26927.2707
1779006488,R_75,26926.438
1779006490,R_75,26923.8223
1779006492,R_75,26920.696
1779006494,R_75,26921.1195
1779006496,R_75,26922.564
1779006498,R_75,26921.565
1779006500,R_75,26918.7386
1779006502,R_75,26908.8311
1779006504,R_75,26907.0857
1779006506,R_75,26908.9653
1779006508,R_75,26909.6547
1779006510,R_75,26916.0791
1779006512,R_75,26923.3159
1779006514,R_75,26913.1785
1779006516,R_75,26906.9982
1779006518,R_75,26908.8261
1779006520,R_75,26911.4033
1779006522,R_75,26913.3441
1779006524,R_75,26912.382
1779006526,R_75,26921.306
1779006528,R_75,26922.4145
1779006530,R_75,26924.5772
1779006532,R_75,26922.9501
1779006534,R_75,26926.9775
1779006536,R_75,26933.437
1779006538,R_75,26935.5599
1779006540,R_75,26931.6162
1779006542,R_75,26929.4337
1779006544,R_75,26942.441
1779006546,R_75,26937.8337
1779006548,R_75,26946.6417
1779006550,R_75,26949.1039
1779006552,R_75,26959.5979
1779006554,R_75,26960.9321
1779006556,R_75,26956.3872
1779006558,R_75,26961.8546
1779006560,R_75,26968.3745
1779006562,R_75,26967.5024
1779006564,R_75,26973.368
1779006566,R_75,26979.0757
1779006568,R_75,26985.1615
1779006570,R_75,26979.2891
1779006572,R_75,26974.6595
1779006574,R_75,26964.0958
1779006576,R_75,26967.2798
1779006578,R_75,26965.6981
1779006580,R_75,26965.8644
1779006582,R_75,26960.1809
1779006584,R_75,26957.5389
1779006586,R_75,26955.54
1779006588,R_75,26959.047
1779006590,R_75,26959.229
1779006592,R_75,26958.6318
1779006594,R_75,26965.0871
1779006596,R_75,26961.9437
1779006598,R_75,26967.3892
1779006600,R_75,26964.5
1779006602,R_75,26954.3512
1779006604,R_75,26958.234
1779006606,R_75,26965.9489
1779006608,R_75,26966.21
1779006610,R_75,26966.05
1779006612,R_75,26968.7032
1779006614,R_75,26969.0988
1779006616,R_75,26974.1249
1779006618,R_75,26978.3554
1779006620,R_75,26974.6053
1779006622,R_75,26979.9126
1779006624,R_75,26976.6832
1779006626,R_75,26971.8211
1779006628,R_75,26968.1667
1779006630,R_75,26972.5413
1779006632,R_75,26975.6797
1779006634,R_75,26975.3853
1779006636,R_75,26976.1194
1779006638,R_75,26977.841
1779006640,R_75,26977.0842
1779006642,R_75,26969.5934
1779006644,R_75,26974.0265
1779006646,R_75,26973.18
1779006648,R_75,26978.1752
1779006650,R_75,26981.9861
1779006652,R_75,26980.3258
1779006654,R_75,26985.3255
1779006656,R_75,26976.1662
1779006658,R_75,26978.572
1779006660,R_75,26972.1834
1779006662,R_75,26978.4798
1779006664,R_75,26974.3761
1779006666,R_75,26977.8683
1779006668,R_75,26970.9538
1779006670,R_75,26973.4835
1779006672,R_75,26975.2666
1779006674,R_75,26975.2062
1779006676,R_75,26968.7077
1779006678,R_75,26959.3504
1779006680,R_75,26963.4341
1779006682,R_75,26963.4551
1779006684,R_75,26965.841
1779006686,R_75,26967.3695
1779006688,R_75,26961.834
1779006690,R_75,26964.4887
1779006692,R_75,26959.2284
1779006694,R_75,26951.9983
1779006696,R_75,26954.667
1779006698,R_75,26950.1396
1779006700,R_75,26954.1863
1779006702,R_75,26951.2392
1779006704,R_75,26945.7586
1779006706,R_75,26938.904
1779006708,R_75,26933.8163
1779006710,R_75,26934.0461
1779006712,R_75,26930.3262
1779006714,R_75,26927.8598
1779006716,R_75,26928.3151
1779006718,R_75,26924.3794
1779006720,R_75,26925.5625
1779006722,R_75,26927.5431
1779006724,R_75,26924.4143
1779006726,R_75,26926.4211
1779006728,R_75,26930.4699
1779006730,R_75,26925.9948
1779006732,R_75,26927.9362
1779006734,R_75,26928.4613
1779006736,R_75,26924.1617
1779006738,R_75,26921.0525
1779006740,R_75,26924.2393
1779006742,R_75,26932.2651
1779006744,R_75,26923.742
1779006746,R_75,26930.1934
1779006748,R_75,26928.2364
1779006750,R_75,26923.0671
1779006752,R_75,26929.3815
1779006754,R_75,26930.9633
1779006756,R_75,26931.8285
1779006758,R_75,26929.4367
1779006760,R_75,26933.0644
1779006762,R_75,26929.1664
1779006764,R_75,26927.7027
1779006766,R_75,26930.3208
1779006768,R_75,26932.018
1779006770,R_75,26924.0828
1779006772,R_75,26921.2585
1779006774,R_75,26927.4985
1779006776,R_75,26932.5666
1779006778,R_75,26940.8594
1779006780,R_75,26938.1435
1779006782,R_75,26944.5272
1779006784,R_75,26937.2813
1779006786,R_75,26941.379
1779006788,R_75,26940.0382
1779006790,R_75,26945.8084
1779006792,R_75,26945.4661
1779006794,R_75,26955.1133
1779006796,R_75,26958.5994
1779006798,R_75,26969.7253
1779006800,R_75,26967.3701
1779006802,R_75,26963.0707
1779006804,R_75,26966.3896
1779006806,R_75,26964.9824
1779006808,R_75,26964.7509
1779006810,R_75,26970.3863
1779006812,R_75,26975.6637
1779006814,R_75,26977.5364
1779006816,R_75,26979.8
1779006818,R_75,26975.7382
1779006820,R_75,26977.4688
1779006822,R_75,26970.3926
1779006824,R_75,26971.0488
1779006826,R_75,26984.2115
1779006828,R_75,26987.9086
1779006830,R_75,26985.3307
1779006832,R_75,26985.1911
1779006834,R_75,26997.3898
1779006836,R_75,26993.1646
1779006838,R_75,26994.6085
1779006840,R_75,26991.8695
1779006842,R_75,26990.5365
1779006844,R_75,26995.5057
1779006846,R_75,26988.4243
1779006848,R_75,26996.8318
1779006850,R_75,26992.1912
1779006852,R_75,26987.2735
1779006854,R_75,26991.9853
1779006856,R_75,26995.9428
1779006858,R_75,26994.4183
1779006860,R_75,26991.4851
1779006862,R_75,26996.3372
1779006864,R_75,27000.391
1779006866,R_75,27002.8663
1779006868,R_75,26992.2273
1779006870,R_75,26982.9226
1779006872,R_75,26973.7051
1779006874,R_75,26966.8966
1779006876,R_75,26961.3706
1779006878,R_75,26975.5146
1779006880,R_75,26970.6115
1779006882,R_75,26967.1967
1779006884,R_75,26967.8013
1779006886,R_75,26962.099
1779006888,R_75,26961.4161
1779006890,R_75,26957.0578
1779006892,R_75,26950.4218
1779006894,R_75,26956.3963
1779006896,R_75,26951.4049
1779006898,R_75,26944.552
1779006900,R_75,26952.9962
1779006902,R_75,26951.0425
1779006904,R_75,26956.4195
1779006906,R_75,26953.7208
1779006908,R_75,26952.1068
1779006910,R_75,26952.5193
1779006912,R_75,26953.6044
1779006914,R_75,26945.4105
1779006916,R_75,26944.5459
1779006918,R_75,26933.1468
1779006920,R_75,26932.5973
1779006922,R_75,26930.747
1779006924,R_75,26933.4187
1779006926,R_75,26930.4948
1779006928,R_75,26926.8026
1779006930,R_75,26924.6793
1779006932,R_75,26914.3492
1779006934,R_75,26909.3959
1779006936,R_75,26904.2025
1779006938,R_75,26899.7635
1779006940,R_75,26894.7628
1779006942,R_75,26900.2376
1779006944,R_75,26902.7891
1779006946,R_75,26908.1551
1779006948,R_75,26904.9997
1779006950,R_75,26901.1784
1779006952,R_75,26897.6437
1779006954,R_75,26894.7119
1779006956,R_75,26891.8866
1779006958,R_75,26886.0835
1779006960,R_75,26890.2533
1779006962,R_75,26892.2995
1779006964,R_75,26889.9996
1779006966,R_75,26891.0926
1779006968,R_75,26891.2665
1779006970,R_75,26891.6442
1779006972,R_75,26894.0852
1779006974,R_75,26892.8022
1779006976,R_75,26905.2376
1779006978,R_75,26899.4841
1779006980,R_75,26902.3681
1779006982,R_75,26906.1868
1779006984,R_75,26900.1571
1779006986,R_75,26896.5687
1779006988,R_75,26904.3338
1779006990,R_75,26896.3673
1779006992,R_75,26896.6271
1779006994,R_75,26894.2369
1779006996,R_75,26894.9931
1779006998,R_75,26891.8894
1779007000,R_75,26899.5597
1779007002,R_75,26892.3552
1779007004,R_75,26898.1537
1779007006,R_75,26890.011
1779007008,R_75,26883.4466
1779007010,R_75,26875.5195
1779007012,R_75,26873.0586
1779007014,R_75,26872.2917
1779007016,R_75,26877.0814
1779007018,R_75,26877.7636
1779007020,R_75,26876.4053
1779007022,R_75,26878.6003
1779007024,R_75,26875.8974
1779007026,R_75,26874.0559
1779007028,R_75,26868.2231
1779007030,R_75,26867.2138
1779007032,R_75,26867.982
1779007034,R_75,26873.4141
1779007036,R_75,26876.5346
1779007038,R_75,26877.2349
1779007040,R_75,26871.6705
1779007042,R_75,26870.0485
1779007044,R_75,26874.8777
1779007046,R_75,26881.8678
1779007048,R_75,26883.7451
1779007050,R_75,26888.3468
1779007052,R_75,26886.2363
1779007054,R_75,26893.2237
1779007056,R_75,26896.3916
1779007058,R_75,26897.3742
1779007060,R_75,26890.9654
1779007062,R_75,26885.5607
1779007064,R_75,26876.4834
1779007066,R_75,26881.2881
1779007068,R_75,26880.1167
1779007070,R_75,26875.5832
1779007072,R_75,26877.1833
1779007074,R_75,26874.4662
1779007076,R_75,26876.9618
1779007078,R_75,26878.8931
1779007080,R_75,26877.2863
1779007082,R_75,26877.9073
1779007084,R_75,26876.1713
1779007086,R_75,26874.4468
1779007088,R_75,26878.8384
1779007090,R_75,26886.4709
1779007092,R_75,26891.7018
1779007094,R_75,26891.914
1779007096,R_75,26905.2418
1779007098,R_75,26908.299
1779007100,R_75,26914.4492
1779007102,R_75,26919.1715
1779007104,R_75,26923.6425
1779007106,R_75,26927.0755
1779007108,R_75,26927.7385
1779007110,R_75,26919.0473
1779007112,R_75,26924.7221
1779007114,R_75,26924.3948
1779007116,R_75,26927.7038
1779007118,R_75,26928.0417
1779007120,R_75,26930.9736
1779007122,R_75,26927.2229
1779007124,R_75,26932.5527
1779007126,R_75,26929.1759
1779007128,R_75,26920.1562
1779007130,R_75,26918.9801
1779007132,R_75,26919.0392
1779007134,R_75,26921.2928
1779007136,R_75,26910.4522
1779007138,R_75,26904.1067
1779007140,R_75,26898.5067
1779007142,R_75,26892.9007
1779007144,R_75,26899.0015
1779007146,R_75,26889.4139
1779007148,R_75,26885.5303
1779007150,R_75,26891.7383
1779007152,R_75,26890.8821
1779007154,R_75,26890.1499
1779007156,R_75,26886.4591
1779007158,R_75,26875.4092
1779007160,R_75,26874.4432
1779007162,R_75,26876.976
1779007164,R_75,26872.6094
1779007166,R_75,26878.2209
1779007168,R_75,26880.1486
1779007170,R_75,26880.198
1779007172,R_75,26883.3683
1779007174,R_75,26890.3338
1779007176,R_75,26895.1128
1779007178,R_75,26886.3282
1779007180,R_75,26887.5487
1779007182,R_75,26895.5943
1779007184,R_75,26891.6617
1779007186,R_75,26896.7887
1779007188,R_75,26893.2811
1779007190,R_75,26890.2423
1779007192,R_75,26894.2896
1779007194,R_75,26890.8244
1779007196,R_75,26883.8043
1779007198,R_75,26882.138
1779007200,R_75,26881.2205
1779007202,R_75,26876.8091
1779007204,R_75,26882.6243
1779007206,R_75,26887.3981
1779007208,R_75,26884.7461
1779007210,R_75,26879.3064
1779007212,R_75,26884.1429
1779007214,R_75,26885.3317
1779007216,R_75,26883.2248
1779007218,R_75,26891.1136
1779007220,R_75,26884.9764
1779007222,R_75,26882.4437
1779007224,R_75,26886.2894
1779007226,R_75,26884.0541
1779007228,R_75,26879.7465
1779007230,R_75,26874.8728
1779007232,R_75,26870.7399
1779007234,R_75,26866.7433
1779007236,R_75,26864.2729
1779007238,R_75,26864.4662
1779007240,R_75,26860.4059
1779007242,R_75,26860.9204
1779007244,R_75,26858.1714
1779007246,R_75,26857.9064
1779007248,R_75,26856.9419
1779007250,R_75,26855.2761
1779007252,R_75,26853.4338
1779007254,R_75,26863.3511
1779007256,R_75,26863.2121
1779007258,R_75,26860.081
1779007260,R_75,26856.6161
1779007262,R_75,26854.7684
1779007264,R_75,26847.1321
1779007266,R_75,26852.0077
1779007268,R_75,26857.1169
1779007270,R_75,26857.7751
1779007272,R_75,26862.7529
1779007274,R_75,26868.6263
1779007276,R_75,26870.1318
1779007278,R_75,26873.1328
1779007280,R_75,26862.1684
1779007282,R_75,26860.283
1779007284,R_75,26866.8389
1779007286,R_75,26871.9164
1779007288,R_75,26871.9841
1779007290,R_75,26872.7382
1779007292,R_75,26878.4394
1779007294,R_75,26873.4152
1779007296,R_75,26872.2498
1779007298,R_75,26868.2687
1779007300,R_75,26872.7994
1779007302,R_75,26869.7146
1779007304,R_75,26870.0316
1779007306,R_75,26868.2207
1779007308,R_75,26868.5245
1779007310,R_75,26868.7209
1779007312,R_75,26871.2961
1779007314,R_75,26874.5931
1779007316,R_75,26875.0348
1779007318,R_75,26870.1382
1779007320,R_75,26876.0105
1779007322,R_75,26862.7619
1779007324,R_75,26855.2866
1779007326,R_75,26858.4061
1779007328,R_75,26858.4098
1779007330,R_75,26853.3143
1779007332,R_75,26858.086
1779007334,R_75,26865.3357
1779007336,R_75,26864.8611
1779007338,R_75,26857.3801
1779007340,R_75,26859.0321
1779007342,R_75,26865.1102
1779007344,R_75,26853.5712
1779007346,R_75,26847.6246
1779007348,R_75,26839.877
1779007350,R_75,26843.3464
1779007352,R_75,26851.2575
1779007354,R_75,26850.9598
1779007356,R_75,26857.8144
1779007358,R_75,26863.5992
1779007360,R_75,26862.0513
1779007362,R_75,26867.1327
1779007364,R_75,26865.4101
1779007366,R_75,26868.8511
1779007368,R_75,26864.5528
1779007370,R_75,26865.4255
1779007372,R_75,26857.7473
1779007374,R_75,26854.7293
1779007376,R_75,26851.4893
1779007378,R_75,26855.7054
1779007380,R_75,26860.4411
1779007382,R_75,26865.5862
1779007384,R_75,26863.9526
1779007386,R_75,26865.0746
1779007388,R_75,26867.7278
1779007390,R_75,26863.1825
1779007392,R_75,26866.1155
1779007394,R_75,26861.7862
1779007396,R_75,26874.1869
1779007398,R_75,26869.0084
1779007400,R_75,26867.7833
1779007402,R_75,26874.2891
1779007404,R_75,26874.0001
1779007406,R_75,26872.6418
1779007408,R_75,26866.2179
1779007410,R_75,26864.3773
1779007412,R_75,26855.2904
1779007414,R_75,26857.8794
1779007416,R_75,26859.0185
1779007418,R_75,26859.8262
1779007420,R_75,26864.8151
1779007422,R_75,26858.942
1779007424,R_75,26852.5912
1779007426,R_75,26856.8353
1779007428,R_75,26863.3361
1779007430,R_75,26865.13
1779007432,R_75,26869.4375
1779007434,R_75,26867.3206
1779007436,R_75,26862.5367
1779007438,R_75,26865.375
1779007440,R_75,26868.6253
1779007442,R_75,26867.8434
1779007444,R_75,26862.3465
1779007446,R_75,26866.5277
1779007448,R_75,26866.7041
1779007450,R_75,26871.2405
1779007452,R_75,26865.2249
1779007454,R_75,26864.3109
1779007456,R_75,26862.9541
1779007458,R_75,26867.5373
1779007460,R_75,26870.9917
1779007462,R_75,26871.8028
1779007464,R_75,26874.8711
1779007466,R_75,26869.5355
1779007468,R_75,26867.3499
1779007470,R_75,26874.6434
1779007472,R_75,26875.0691
1779007474,R_75,26879.8712
1779007476,R_75,26870.9649
1779007478,R_75,26886.968
1779007480,R_75,26883.8885
1779007482,R_75,26884.4843
1779007484,R_75,26886.4225
1779007486,R_75,26886.756
1779007488,R_75,26886.6556
1779007490,R_75,26883.4323
1779007492,R_75,26886.0553
1779007494,R_75,26885.7788
1779007496,R_75,26874.0831
1779007498,R_75,26877.3775
1779007500,R_75,26876.3636
1779007502,R_75,26881.3136
1779007504,R_75,26879.9473
1779007506,R_75,26874.6927
1779007508,R_75,26878.57
1779007510,R_75,26879.1132
1779007512,R_75,26879.1623
1779007514,R_75,26879.1814
1779007516,R_75,26885.5533
1779007518,R_75,26886.8591
1779007520,R_75,26878.3064
1779007522,R_75,26877.8635
1779007524,R_75,26867.2486
1779007526,R_75,26862.934
1779007528,R_75,26862.4015
1779007530,R_75,26864.4775
1779007532,R_75,26877.8491
1779007534,R_75,26879.3996
1779007536,R_75,26878.5179
1779007538,R_75,26872.0919
1779007540,R_75,26866.9622
1779007542,R_75,26851.012
1779007544,R_75,26846.9266
1779007546,R_75,26852.6844
1779007548,R_75,26858.9983
1779007550,R_75,26852.9469
1779007552,R_75,26850.3576
1779007554,R_75,26849.2788
1779007556,R_75,26846.612
1779007558,R_75,26852.5708
1779007560,R_75,26846.7875
1779007562,R_75,26847.6366
1779007564,R_75,26841.1025
1779007566,R_75,26842.4521
1779007568,R_75,26845.2381
1779007570,R_75,26845.573
1779007572,R_75,26853.5792
1779007574,R_75,26857.7112
1779007576,R_75,26854.5065
1779007578,R_75,26855.8484
1779007580,R_75,26861.6438
1779007582,R_75,26856.8291
1779007584,R_75,26848.5034
1779007586,R_75,26855.6162
1779007588,R_75,26858.741
1779007590,R_75,26864.7062
1779007592,R_75,26874.3249
1779007594,R_75,26867.1694
1779007596,R_75,26879.3273
1779007598,R_75,26884.0052
1779007600,R_75,26892.5766
1779007602,R_75,26888.4804
1779007604,R_75,26896.1631
1779007606,R_75,26900.2625
1779007608,R_75,26900.9517
1779007610,R_75,26901.3516
1779007612,R_75,26903.1112
1779007614,R_75,26894.3741
1779007616,R_75,26888.9227
1779007618,R_75,26889.0805
1779007620,R_75,26874.987
1779007622,R_75,26875.7557
1779007624,R_75,26865.7683
1779007626,R_75,26870.9705
1779007628,R_75,26871.6893
1779007630,R_75,26868.543
1779007632,R_75,26862.5354
1779007634,R_75,26861.8107
1779007636,R_75,26859.3401
1779007638,R_75,26851.4532
1779007640,R_75,26859.2559
1779007642,R_75,26853.1172
1779007644,R_75,26855.2956
1779007646,R_75,26859.1451
1779007648,R_75,26851.7533
1779007650,R_75,26853.0747
1779007652,R_75,26859.7124
1779007654,R_75,26858.9308
1779007656,R_75,26849.9068
1779007658,R_75,26847.1615
1779007660,R_75,26854.2037
1779007662,R_75,26847.807
1779007664,R_75,26838.8911
1779007666,R_75,26846.0546
1779007668,R_75,26844.2491
1779007670,R_75,26845.0426
1779007672,R_75,26838.8821
1779007674,R_75,26838.2801
1779007676,R_75,26837.3202
1779007678,R_75,26834.1712
1779007680,R_75,26828.1371
1779007682,R_75,26827.4173
1779007684,R_75,26823.6447
1779007686,R_75,26819.1232
1779007688,R_75,26810.7949
1779007690,R_75,26808.377
1779007692,R_75,26807.2383
1779007694,R_75,26821.4105
1779007696,R_75,26824.6875
1779007698,R_75,26833.5146
1779007700,R_75,26832.1926
1779007702,R_75,26826.4552
1779007704,R_75,26825.9622
1779007706,R_75,26828.075
1779007708,R_75,26816.0385
1779007710,R_75,26817.4904
1779007712,R_75,26813.5179
1779007714,R_75,26807.0963
1779007716,R_75,26807.4393
1779007718,R_75,26809.3818
1779007720,R_75,26812.1544
1779007722,R_75,26817.7242
1779007724,R_75,26813.5684
1779007726,R_75,26813.1067
1779007728,R_75,26814.4252
1779007730,R_75,26813.0262
1779007732,R_75,26817.1863
1779007734,R_75,26822.0247
1779007736,R_75,26823.3065
1779007738,R_75,26822.2737
1779007740,R_75,26818.9484
1779007742,R_75,26822.4634
1779007744,R_75,26820.676
1779007746,R_75,26814.7699
1779007748,R_75,26812.2095
1779007750,R_75,26809.4284
1779007752,R_75,26818.459
1779007754,R_75,26817.627
1779007756,R_75,26810.8419
1779007758,R_75,26808.0836
1779007760,R_75,26818.2142
1779007762,R_75,26830.0809
1779007764,R_75,26827.2512
1779007766,R_75,26820.0318
1779007768,R_75,26824.1814
1779007770,R_75,26832.4137
1779007772,R_75,26833.6711
1779007774,R_75,26838.5303
1779007776,R_75,26843.6599
1779007778,R_75,26842.7484
1779007780,R_75,26847.1063
1779007782,R_75,26851.0172
1779007784,R_75,26847.1245
1779007786,R_75,26852.2297
1779007788,R_75,26844.046
1779007790,R_75,26842.9402
1779007792,R_75,26841.7859
1779007794,R_75,26831.4576
1779007796,R_75,26835.2256
1779007798,R_75,26833.5262
1779007800,R_75,26829.1794
1779007802,R_75,26832.4936
1779007804,R_75,26833.0147
1779007806,R_75,26835.1828
1779007808,R_75,26831.0116
1779007810,R_75,26833.3444
1779007812,R_75,26832.6207
1779007814,R_75,26834.4602
1779007816,R_75,26835.7688
1779007818,R_75,26829.4246
1779007820,R_75,26829.9389
1779007822,R_75,26830.1244
1779007824,R_75,26832.3386
1779007826,R_75,26837.0471
1779007828,R_75,26834.5883
1779007830,R_75,26832.0327
1779007832,R_75,26834.4991
1779007834,R_75,26828.6486
1779007836,R_75,26833.0578
1779007838,R_75,26834.1221
1779007840,R_75,26839.7114
1779007842,R_75,26847.2473
1779007844,R_75,26846.7262
1779007846,R_75,26842.817
1779007848,R_75,26833.8473
1779007850,R_75,26824.7685
1779007852,R_75,26830.5012
1779007854,R_75,26832.3142
1779007856,R_75,26820.5065
1779007858,R_75,26815.2769
1779007860,R_75,26812.876
1779007862,R_75,26800.5369
1779007864,R_75,26796.4709
1779007866,R_75,26798.303
1779007868,R_75,26800.8919
1779007870,R_75,26804.1183
1779007872,R_75,26809.476
1779007874,R_75,26801.1501
1779007876,R_75,26799.4186
1779007878,R_75,26799.6523
1779007880,R_75,26803.5172
1779007882,R_75,26806.4605
1779007884,R_75,26809.4383
1779007886,R_75,26811.3921
1779007888,R_75,26806.8702
1779007890,R_75,26802.181
1779007892,R_75,26805.7086
1779007894,R_75,26803.1784
1779007896,R_75,26803.3859
1779007898,R_75,26807.2766
1779007900,R_75,26805.595
1779007902,R_75,26808.3758
1779007904,R_75,26803.3287
1779007906,R_75,26813.6762
1779007908,R_75,26816.1191
1779007910,R_75,26810.1591
1779007912,R_75,26806.4418
1779007914,R_75,26805.6304
1779007916,R_75,26806.4617
1779007918,R_75,26809.8593
1779007920,R_75,26816.7072
1779007922,R_75,26823.5108
1779007924,R_75,26828.5663
1779007926,R_75,26828.5599
1779007928,R_75,26822.6385
1779007930,R_75,26822.9457
1779007932,R_75,26826.1148
1779007934,R_75,26821.1501
1779007936,R_75,26826.0231
1779007938,R_75,26828.741
1779007940,R_75,26822.3857
1779007942,R_75,26815.3353
1779007944,R_75,26821.7467
1779007946,R_75,26827.1703
1779007948,R_75,26824.3034
1779007950,R_75,26823.8659
1779007952,R_75,26824.9705
1779007954,R_75,26824.1555
1779007956,R_75,26827.6569
1779007958,R_75,26829.1945
1779007960,R_75,26830.0524
1779007962,R_75,26825.0392
1779007964,R_75,26823.5989
1779007966,R_75,26831.2611
1779007968,R_75,26829.3819
1779007970,R_75,26828.2843
1779007972,R_75,26833.5829
1779007974,R_75,26838.0902
1779007976,R_75,26844.1817
1779007978,R_75,26848.0271
1779007980,R_75,26856.7771
1779007982,R_75,26850.6443
1779007984,R_75,26843.629
1779007986,R_75,26847.7278
1779007988,R_75,26848.104
1779007990,R_75,26841.4596
1779007992,R_75,26835.9404
1779007994,R_75,26830.685
1779007996,R_75,26826.2218
1779007998,R_75,26836.0084
1779008000,R_75,26841.084
1779008002,R_75,26838.7882
1779008004,R_75,26839.3248
1779008006,R_75,26843.2433
1779008008,R_75,26837.739
1779008010,R_75,26832.0806
1779008012,R_75,26833.7479
1779008014,R_75,26833.4525
1779008016,R_75,26829.2936
1779008018,R_75,26828.5865
1779008020,R_75,26829.9942
1779008022,R_75,26826.8482
1779008024,R_75,26825.535
1779008026,R_75,26822.0958
1779008028,R_75,26829.3753
1779008030,R_75,26828.8139
1779008032,R_75,26833.0893
1779008034,R_75,26830.7148
1779008036,R_75,26829.2047
1779008038,R_75,26826.7602
1779008040,R_75,26826.3688
1779008042,R_75,26833.8466
1779008044,R_75,26829.3366
1779008046,R_75,26826.7426
1779008048,R_75,26826.1741
1779008050,R_75,26831.4914
1779008052,R_75,26833.325
1779008054,R_75,26826.0885
1779008056,R_75,26836.6031
1779008058,R_75,26834.4012
1779008060,R_75,26839.1487
1779008062,R_75,26840.8607
1779008064,R_75,26837.9457
1779008066,R_75,26832.4798
1779008068,R_75,26830.3294
1779008070,R_75,26829.0475
1779008072,R_75,26833.8851
1779008074,R_75,26838.7505
1779008076,R_75,26839.9398
1779008078,R_75,26843.825
1779008080,R_75,26842.678
1779008082,R_75,26843.9453
1779008084,R_75,26847.0255
1779008086,R_75,26844.4485
1779008088,R_75,26840.781
1779008090,R_75,26834.3611
1779008092,R_75,26833.6502
1779008094,R_75,26829.7237
1779008096,R_75,26838.3829
1779008098,R_75,26835.3902
1779008100,R_75,26826.4411
1779008102,R_75,26830.6555
1779008104,R_75,26832.6909
1779008106,R_75,26831.6099
1779008108,R_75,26836.4798
1779008110,R_75,26841.8361
1779008112,R_75,26831.8868
1779008114,R_75,26824.3842
1779008116,R_75,26824.2674
1779008118,R_75,26826.7371
1779008120,R_75,26823.9333
1779008122,R_75,26828.2997
1779008124,R_75,26824.954
1779008126,R_75,26820.6668
1779008128,R_75,26823.7596
1779008130,R_75,26832.9228
1779008132,R_75,26828.0903
1779008134,R_75,26840.287
1779008136,R_75,26835.6156
1779008138,R_75,26830.9652
1779008140,R_75,26823.9902
1779008142,R_75,26820.0687
1779008144,R_75,26821.6723
1779008146,R_75,26822.074
1779008148,R_75,26829.579
1779008150,R_75,26832.6815
1779008152,R_75,26838.4966
1779008154,R_75,26832.9715
1779008156,R_75,26834.7311
1779008158,R_75,26827.613
1779008160,R_75,26827.7296
1779008162,R_75,26825.7903
1779008164,R_75,26834.9958
1779008166,R_75,26831.0405
1779008168,R_75,26825.1259
1779008170,R_75,26823.6495
1779008172,R_75,26819.3168
1779008174,R_75,26818.9046
1779008176,R_75,26822.4276
1779008178,R_75,26831.0627
1779008180,R_75,26832.4073
1779008182,R_75,26830.3381
1779008184,R_75,26825.9175
1779008186,R_75,26827.8982
1779008188,R_75,26822.1627
1779008190,R_75,26819.6024
1779008192,R_75,26812.5531
1779008194,R_75,26807.9005
1779008196,R_75,26807.9693
1779008198,R_75,26811.7758
1779008200,R_75,26808.3413
1779008202,R_75,26806.6202
1779008204,R_75,26801.1292
1779008206,R_75,26798.7831
1779008208,R_75,26795.9408
1779008210,R_75,26792.03
1779008212,R_75,26795.0047
1779008214,R_75,26794.0723
1779008216,R_75,26800.9648
1779008218,R_75,26798.3934
1779008220,R_75,26798.1354
1779008222,R_75,26802.8422
1779008224,R_75,26798.1503
1779008226,R_75,26797.8131
1779008228,R_75,26793.2808
1779008230,R_75,26787.186
1779008232,R_75,26781.8434
1779008234,R_75,26787.6092
1779008236,R_75,26785.5229
1779008238,R_75,26789.1351
1779008240,R_75,26794.8253
1779008242,R_75,26792.6025
1779008244,R_75,26787.353
1779008246,R_75,26782.7426
1779008248,R_75,26785.699
1779008250,R_75,26788.2567
1779008252,R_75,26790.7108
1779008254,R_75,26794.9979
1779008256,R_75,26798.72
1779008258,R_75,26796.3313
1779008260,R_75,26802.983
1779008262,R_75,26802.1919
1779008264,R_75,26796.5872
1779008266,R_75,26797.4404
1779008268,R_75,26799.1095
1779008270,R_75,26804.9412
1779008272,R_75,26806.8174
1779008274,R_75,26806.0997
1779008276,R_75,26813.9643
1779008278,R_75,26810.2958
1779008280,R_75,26806.8342
1779008282,R_75,26808.9237
1779008284,R_75,26806.2649
1779008286,R_75,26808.7889
1779008288,R_75,26807.5912
1779008290,R_75,26813.4259
1779008292,R_75,26807.5589
1779008294,R_75,26807.0835
1779008296,R_75,26802.1702
1779008298,R_75,26801.0608
1779008300,R_75,26805.4315
1779008302,R_75,26806.8987
1779008304,R_75,26799.7376
1779008306,R_75,26798.9353
1779008308,R_75,26803.514
1779008310,R_75,26802.3696
1779008312,R_75,26799.1683
1779008314,R_75,26793.5297
1779008316,R_75,26791.5422
1779008318,R_75,26792.9811
1779008320,R_75,26790.8296
1779008322,R_75,26790.4581
1779008324,R_75,26788.8665
1779008326,R_75,26781.5112
1779008328,R_75,26782.6652
1779008330,R_75,26780.4259
1779008332,R_75,26779.393
1779008334,R_75,26775.2802
1779008336,R_75,26770.8989
1779008338,R_75,26765.9709
1779008340,R_75,26766.7479
1779008342,R_75,26767.5614
1779008344,R_75,26766.483
1779008346,R_75,26767.5127
1779008348,R_75,26763.7663
1779008350,R_75,26765.7522
1779008352,R_75,26761.7055
1779008354,R_75,26768.249
1779008356,R_75,26779.1346
1779008358,R_75,26770.7026
1779008360,R_75,26772.518
1779008362,R_75,26779.811
1779008364,R_75,26778.135
1779008366,R_75,26780.3744
1779008368,R_75,26779.2591
1779008370,R_75,26783.6726
1779008372,R_75,26782.9677
1779008374,R_75,26789.1475
1779008376,R_75,26779.8759
1779008378,R_75,26782.4444
1779008380,R_75,26790.4157
1779008382,R_75,26795.1383
1779008384,R_75,26791.0444
1779008386,R_75,26790.324
1779008388,R_75,26791.7692
1779008390,R_75,26787.5552
1779008392,R_75,26786.4937
1779008394,R_75,26793.0144
1779008396,R_75,26792.7927
1779008398,R_75,26795.546
1779008400,R_75,26790.7924
1779008402,R_75,26788.6419
1779008404,R_75,26787.1169
1779008406,R_75,26784.9079
1779008408,R_75,26781.9355
1779008410,R_75,26781.0258
1779008412,R_75,26791.5701
1779008414,R_75,26789.7843
1779008416,R_75,26784.9343
1779008418,R_75,26783.5299
1779008420,R_75,26775.0347
1779008422,R_75,26772.9672
1779008424,R_75,26773.4853
1779008426,R_75,26765.0019
1779008428,R_75,26768.6473
1779008430,R_75,26771.1479
1779008432,R_75,26768.8659
1779008434,R_75,26772.155
1779008436,R_75,26769.1379
1779008438,R_75,26769.3612
1779008440,R_75,26762.8737
1779008442,R_75,26762.8385
1779008444,R_75,26769.7733
1779008446,R_75,26776.6272
1779008448,R_75,26778.5631
1779008450,R_75,26784.6051
1779008452,R_75,26785.479
1779008454,R_75,26791.0808
1779008456,R_75,26783.1264
1779008458,R_75,26775.7047
1779008460,R_75,26775.5832
1779008462,R_75,26769.1352
1779008464,R_75,26768.5978
1779008466,R_75,26763.8046
1779008468,R_75,26768.6796
1779008470,R_75,26763.0532
1779008472,R_75,26757.3611
1779008474,R_75,26754.9601
1779008476,R_75,26756.3353
1779008478,R_75,26761.2102
1779008480,R_75,26764.7676
1779008482,R_75,26769.2152
1779008484,R_75,26769.0518
1779008486,R_75,26764.3544
1779008488,R_75,26771.1013
1779008490,R_75,26770.6096
1779008492,R_75,26771.4268
1779008494,R_75,26773.8691
1779008496,R_75,26780.1595
1779008498,R_75,26783.4242
1779008500,R_75,26795.5052
1779008502,R_75,26798.181
1779008504,R_75,26804.3
1779008506,R_75,26799.3898
1779008508,R_75,26795.9897
1779008510,R_75,26791.6078
1779008512,R_75,26792.2737
1779008514,R_75,26785.933
1779008516,R_75,26775.1608
1779008518,R_75,26773.6504
1779008520,R_75,26767.3901
1779008522,R_75,26773.4696
1779008524,R_75,26768.7962
1779008526,R_75,26769.6757
1779008528,R_75,26768.4125
1779008530,R_75,26769.2729
1779008532,R_75,26762.8723
1779008534,R_75,26761.3062
1779008536,R_75,26761.4746
1779008538,R_75,26764.7051
1779008540,R_75,26768.8169
1779008542,R_75,26774.0791
1779008544,R_75,26780.5909
1779008546,R_75,26775.817
1779008548,R_75,26772.7077
1779008550,R_75,26774.475
1779008552,R_75,26765.2028
1779008554,R_75,26762.9755
1779008556,R_75,26756.1681
1779008558,R_75,26753.392
1779008560,R_75,26752.4073
1779008562,R_75,26752.4792
1779008564,R_75,26751.3282
1779008566,R_75,26748.4978
1779008568,R_75,26745.8966
1779008570,R_75,26751.4746
1779008572,R_75,26758.2822
1779008574,R_75,26754.5031
1779008576,R_75,26742.607
1779008578,R_75,26742.2795
1779008580,R_75,26740.9756
1779008582,R_75,26739.1901
1779008584,R_75,26744.991
1779008586,R_75,26749.9121
1779008588,R_75,26758.8855
1779008590,R_75,26761.4485
1779008592,R_75,26765.2772
1779008594,R_75,26767.0275
1779008596,R_75,26758.1899
1779008598,R_75,26762.0473
1779008600,R_75,26755.5861
1779008602,R_75,26760.2192
1779008604,R_75,26758.3039
1779008606,R_75,26759.1796
1779008608,R_75,26757.2385
1779008610,R_75,26756.7377
1779008612,R_75,26755.3119
1779008614,R_75,26750.4627
1779008616,R_75,26750.2273
1779008618,R_75,26749.2859
1779008620,R_75,26760.0637
1779008622,R_75,26764.0269
1779008624,R_75,26765.8238
1779008626,R_75,26764.6256
1779008628,R_75,26760.9116
1779008630,R_75,26758.5452
1779008632,R_75,26754.4968
1779008634,R_75,26750.1001
1779008636,R_75,26733.641
1779008638,R_75,26734.0474
1779008640,R_75,26733.6671
1779008642,R_75,26732.5981
1779008644,R_75,26734.5042
1779008646,R_75,26734.3455
1779008648,R_75,26737.37
1779008650,R_75,26742.5846
1779008652,R_75,26742.4355
1779008654,R_75,26750.0822
1779008656,R_75,26755.3615
1779008658,R_75,26754.7173
1779008660,R_75,26762.6077
1779008662,R_75,26763.7158
1779008664,R_75,26770.5375
1779008666,R_75,26774.5052
1779008668,R_75,26785.9673
1779008670,R_75,26784.5068
1779008672,R_75,26785.4847
1779008674,R_75,26798.7513
1779008676,R_75,26797.963
1779008678,R_75,26803.5846
1779008680,R_75,26800.3034
1779008682,R_75,26795.3964
1779008684,R_75,26787.267
1779008686,R_75,26783.6832
1779008688,R_75,26779.9062
1779008690,R_75,26779.2327
1779008692,R_75,26776.5824
1779008694,R_75,26778.7487
1779008696,R_75,26773.6931
1779008698,R_75,26769.6749
1779008700,R_75,26769.5425
1779008702,R_75,26778.549
1779008704,R_75,26787.2531
1779008706,R_75,26791.9347
1779008708,R_75,26789.3352
1779008710,R_75,26789.2115
1779008712,R_75,26789.3984
1779008714,R_75,26794.2004
1779008716,R_75,26801.1554
1779008718,R_75,26796.5164
1779008720,R_75,26796.1163
1779008722,R_75,26799.5988
1779008724,R_75,26799.6237
1779008726,R_75,26797.667
1779008728,R_75,26802.2193
1779008730,R_75,26804.2774
1779008732,R_75,26808.1177
1779008734,R_75,26808.6165
1779008736,R_75,26808.3021
1779008738,R_75,26811.2497
1779008740,R_75,26812.7992
1779008742,R_75,26815.4989
1779008744,R_75,26823.2311
1779008746,R_75,26815.7907
1779008748,R_75,26812.7687
1779008750,R_75,26809.5263
1779008752,R_75,26811.3251
1779008754,R_75,26812.5137
1779008756,R_75,26806.9692
1779008758,R_75,26796.9797
1779008760,R_75,26793.9836
1779008762,R_75,26793.4779
1779008764,R_75,26794.0082
1779008766,R_75,26795.5201
1779008768,R_75,26799.8226
1779008770,R_75,26799.1576
1779008772,R_75,26789.2616
1779008774,R_75,26779.5353
1779008776,R_75,26778.132
1779008778,R_75,26781.3704
1779008780,R_75,26783.2072
1779008782,R_75,26774.2193
1779008784,R_75,26778.8494
1779008786,R_75,26778.2027
1779008788,R_75,26777.2606
1779008790,R_75,26781.5041
1779008792,R_75,26780.5916
1779008794,R_75,26781.2611
1779008796,R_75,26782.5919
1779008798,R_75,26787.5061
1779008800,R_75,26794.2234
1779008802,R_75,26795.2811
1779008804,R_75,26795.5791
1779008806,R_75,26802.3552
1779008808,R_75,26803.328
1779008810,R_75,26804.7468
1779008812,R_75,26805.1189
1779008814,R_75,26805.8387
1779008816,R_75,26799.9819
1779008818,R_75,26812.1663
1779008820,R_75,26810.5246
1779008822,R_75,26821.2825
1779008824,R_75,26825.2773
1779008826,R_75,26822.8966
1779008828,R_75,26822.4273
1779008830,R_75,26812.0843
1779008832,R_75,26808.0748
1779008834,R_75,26802.0735
1779008836,R_75,26801.5341
1779008838,R_75,26804.2425
1779008840,R_75,26801.1288
1779008842,R_75,26797.8871
1779008844,R_75,26801.5926
1779008846,R_75,26802.9327
1779008848,R_75,26807.5086
1779008850,R_75,26800.7507
1779008852,R_75,26795.0748
1779008854,R_75,26799.5634
1779008856,R_75,26796.0594
1779008858,R_75,26790.2742
1779008860,R_75,26794.5326
1779008862,R_75,26794.2156
1779008864,R_75,26794.5139
1779008866,R_75,26795.4386
1779008868,R_75,26801.2703
1779008870,R_75,26800.4285
1779008872,R_75,26805.5766
1779008874,R_75,26808.3928
1779008876,R_75,26807.4975
1779008878,R_75,26806.405
1779008880,R_75,26810.4725
1779008882,R_75,26814.7898
1779008884,R_75,26818.3992
1779008886,R_75,26815.8909
1779008888,R_75,26825.8213
1779008890,R_75,26824.1037
1779008892,R_75,26823.5138
1779008894,R_75,26827.0727
1779008896,R_75,26827.4472
1779008898,R_75,26822.7179
1779008900,R_75,26821.1766
1779008902,R_75,26816.0516
1779008904,R_75,26817.3996
1779008906,R_75,26815.8811
1779008908,R_75,26815.459
1779008910,R_75,26823.4622
1779008912,R_75,26815.1887
1779008914,R_75,26820.8584
1779008916,R_75,26823.9281
1779008918,R_75,26814.2152
1779008920,R_75,26819.158
1779008922,R_75,26817.3123
1779008924,R_75,26806.5695
1779008926,R_75,26809.5575
1779008928,R_75,26815.3063
1779008930,R_75,26819.0341
1779008932,R_75,26819.9969
1779008934,R_75,26820.2618
1779008936,R_75,26821.5574
1779008938,R_75,26820.884
1779008940,R_75,26830.6096
1779008942,R_75,26834.8908
1779008944,R_75,26834.8565
1779008946,R_75,26832.4354
1779008948,R_75,26831.272
1779008950,R_75,26833.5091
1779008952,R_75,26827.7378
1779008954,R_75,26832.8773
1779008956,R_75,26832.186
1779008958,R_75,26837.8642
1779008960,R_75,26848.2601
1779008962,R_75,26838.7974
1779008964,R_75,26841.1301
1779008966,R_75,26846.0609
1779008968,R_75,26845.4672
1779008970,R_75,26842.8197
1779008972,R_75,26842.5495
1779008974,R_75,26845.7175
1779008976,R_75,26856.3186
1779008978,R_75,26858.6273
1779008980,R_75,26856.8888
1779008982,R_75,26851.7699
1779008984,R_75,26846.6034
1779008986,R_75,26851.1823
1779008988,R_75,26840.7177
1779008990,R_75,26838.4554
1779008992,R_75,26834.3489
1779008994,R_75,26840.5913
1779008996,R_75,26834.1124
1779008998,R_75,26828.519
1779009000,R_75,26833.417
1779009002,R_75,26821.6761
1779009004,R_75,26826.9538
1779009006,R_75,26827.4755
1779009008,R_75,26828.6603
1779009010,R_75,26830.0434
1779009012,R_75,26830.6585
1779009014,R_75,26834.4047
1779009016,R_75,26833.8367
1779009018,R_75,26830.4389
1779009020,R_75,26836.1292
1779009022,R_75,26832.6643
1779009024,R_75,26830.454
1779009026,R_75,26830.5272
1779009028,R_75,26839.0331
1779009030,R_75,26829.8342
1779009032,R_75,26828.0154
1779009034,R_75,26827.1561
1779009036,R_75,26827.6537
1779009038,R_75,26828.8432
1779009040,R_75,26826.3038
1779009042,R_75,26823.9404
1779009044,R_75,26819.1849
1779009046,R_75,26814.0984
1779009048,R_75,26818.7397
1779009050,R_75,26813.9883
1779009052,R_75,26814.4679
1779009054,R_75,26811.7451
1779009056,R_75,26815.255
1779009058,R_75,26817.5769
1779009060,R_75,26816.4282
1779009062,R_75,26823.0062
1779009064,R_75,26825.174
1779009066,R_75,26825.3631
1779009068,R_75,26824.0114
1779009070,R_75,26828.0812
1779009072,R_75,26831.6869
1779009074,R_75,26826.668
1779009076,R_75,26821.174
1779009078,R_75,26824.824
1779009080,R_75,26829.1791
1779009082,R_75,26835.2532
1779009084,R_75,26835.8595
1779009086,R_75,26835.9451
1779009088,R_75,26828.7407
1779009090,R_75,26833.7245
1779009092,R_75,26837.5289
1779009094,R_75,26847.2101
1779009096,R_75,26852.9518
1779009098,R_75,26861.8256
1779009100,R_75,26856.8624
1779009102,R_75,26849.5394
1779009104,R_75,26848.7229
1779009106,R_75,26852.6582
1779009108,R_75,26849.7709
1779009110,R_75,26848.8905
1779009112,R_75,26858.6292
1779009114,R_75,26865.7848
1779009116,R_75,26871.4833
1779009118,R_75,26873.5709
1779009120,R_75,26870.7202
1779009122,R_75,26874.4164
1779009124,R_75,26884.4007
1779009126,R_75,26881.0691
1779009128,R_75,26876.9756
1779009130,R_75,26874.4735
1779009132,R_75,26872.6425
1779009134,R_75,26877.6905
1779009136,R_75,26877.5909
1779009138,R_75,26891.6594
1779009140,R_75,26886.311
1779009142,R_75,26886.7714
1779009144,R_75,26884.328
1779009146,R_75,26886.1258
1779009148,R_75,26883.3035
1779009150,R_75,26895.6253
1779009152,R_75,26902.5118
1779009154,R_75,26902.0705
1779009156,R_75,26905.9581
1779009158,R_75,26900.5985
1779009160,R_75,26912.6894
1779009162,R_75,26912.2786
1779009164,R_75,26917.3228
1779009166,R_75,26913.6132
1779009168,R_75,26908.7962
1779009170,R_75,26916.4851
1779009172,R_75,26920.757
1779009174,R_75,26920.1988
1779009176,R_75,26912.9025
1779009178,R_75,26914.4348
1779009180,R_75,26916.8418
1779009182,R_75,26907.4214
1779009184,R_75,26910.128
1779009186,R_75,26919.131
1779009188,R_75,26922.8282
1779009190,R_75,26919.0217
1779009192,R_75,26923.7876
1779009194,R_75,26921.3966
1779009196,R_75,26923.9318
1779009198,R_75,26930.7658
1779009200,R_75,26934.2222
1779009202,R_75,26931.5999
1779009204,R_75,26925.4228
1779009206,R_75,26937.8558
1779009208,R_75,26931.1822
1779009210,R_75,26930.019
1779009212,R_75,26924.8143
1779009214,R_75,26915.1076
1779009216,R_75,26909.9002
1779009218,R_75,26902.0813
1779009220,R_75,26897.7433
1779009222,R_75,26890.6249
1779009224,R_75,26888.627
1779009226,R_75,26876.06
1779009228,R_75,26875.8082
1779009230,R_75,26874.6606
1779009232,R_75,26877.789
1779009234,R_75,26877.2251
1779009236,R_75,26873.9894
1779009238,R_75,26862.9631
1779009240,R_75,26874.8596
1779009242,R_75,26884.0878
1779009244,R_75,26880.8383
1779009246,R_75,26880.3207
1779009248,R_75,26877.5463
1779009250,R_75,26878.8415
1779009252,R_75,26877.0899
1779009254,R_75,26877.9771
1779009256,R_75,26878.004
1779009258,R_75,26872.2899
1779009260,R_75,26871.5364
1779009262,R_75,26864.9608
1779009264,R_75,26865.3529
1779009266,R_75,26867.1377
1779009268,R_75,26864.8561
1779009270,R_75,26863.2073
1779009272,R_75,26862.6789
1779009274,R_75,26862.6121
1779009276,R_75,26864.5676
1779009278,R_75,26866.3637
1779009280,R_75,26868.5172
1779009282,R_75,26865.1243
1779009284,R_75,26864.5969
1779009286,R_75,26866.1793
1779009288,R_75,26864.8046
1779009290,R_75,26870.44
1779009292,R_75,26873.1159
1779009294,R_75,26870.7646
1779009296,R_75,26862.9682
1779009298,R_75,26865.7649
1779009300,R_75,26867.3156
1779009302,R_75,26868.5079
1779009304,R_75,26865.8525
1779009306,R_75,26860.8445
1779009308,R_75,26854.9561
1779009310,R_75,26858.2965
1779009312,R_75,26865.6901
1779009314,R_75,26869.5834
1779009316,R_75,26870.1208
1779009318,R_75,26871.3862
1779009320,R_75,26859.64
1779009322,R_75,26860.6304
1779009324,R_75,26862.7528
1779009326,R_75,26861.8254
1779009328,R_75,26858.6461
1779009330,R_75,26862.8998
1779009332,R_75,26870.6169
1779009334,R_75,26873.4369
1779009336,R_75,26866.4931
1779009338,R_75,26863.6898
1779009340,R_75,26869.8807
1779009342,R_75,26873.6689
1779009344,R_75,26877.8333
1779009346,R_75,26873.5215
1779009348,R_75,26864.5939
1779009350,R_75,26855.6841
1779009352,R_75,26860.047
1779009354,R_75,26865.4504
1779009356,R_75,26863.9942
1779009358,R_75,26857.4613
1779009360,R_75,26861.9604
1779009362,R_75,26867.4811
1779009364,R_75,26873.7971
1779009366,R_75,26873.762
1779009368,R_75,26862.1114
1779009370,R_75,26860.5263
1779009372,R_75,26862.7311
1779009374,R_75,26862.2261
1779009376,R_75,26853.1219
1779009378,R_75,26860.5985
1779009380,R_75,26848.7747
1779009382,R_75,26847.9334
1779009384,R_75,26849.528
1779009386,R_75,26841.1839
1779009388,R_75,26831.6989
1779009390,R_75,26845.923
1779009392,R_75,26855.6124
1779009394,R_75,26853.8569
1779009396,R_75,26860.3589
1779009398,R_75,26857.0245
1779009400,R_75,26866.4771
1779009402,R_75,26864.7402
1779009404,R_75,26865.8585
1779009406,R_75,26859.3193
1779009408,R_75,26854.0891
1779009410,R_75,26851.9331
1779009412,R_75,26852.7656
1779009414,R_75,26852.8157
1779009416,R_75,26857.6583
1779009418,R_75,26856.7927
1779009420,R_75,26860.6404
1779009422,R_75,26860.9062
1779009424,R_75,26865.8779
1779009426,R_75,26868.022
1779009428,R_75,26862.1982
1779009430,R_75,26856.9941
1779009432,R_75,26854.7222
1779009434,R_75,26860.4492
1779009436,R_75,26854.1163
1779009438,R_75,26850.3692
1779009440,R_75,26849.5309
1779009442,R_75,26847.7163
1779009444,R_75,26857.1066
1779009446,R_75,26860.1866
1779009448,R_75,26862.1488
1779009450,R_75,26862.059
1779009452,R_75,26866.7963
1779009454,R_75,26863.6147
1779009456,R_75,26866.235
1779009458,R_75,26861.6866
1779009460,R_75,26856.7594
1779009462,R_75,26856.0764
1779009464,R_75,26860.539
1779009466,R_75,26861.1231
1779009468,R_75,26856.1269
1779009470,R_75,26852.1847
1779009472,R_75,26857.1031
1779009474,R_75,26865.2223
1779009476,R_75,26861.1236
1779009478,R_75,26859.7013
1779009480,R_75,26861.5792
1779009482,R_75,26860.3947
1779009484,R_75,26862.8715
1779009486,R_75,26858.428
1779009488,R_75,26872.1177
1779009490,R_75,26867.0301
1779009492,R_75,26869.2251
1779009494,R_75,26878.0888
1779009496,R_75,26876.3807
1779009498,R_75,26880.2478
1779009500,R_75,26876.3932
1779009502,R_75,26876.676
1779009504,R_75,26878.0812
1779009506,R_75,26883.5124
1779009508,R_75,26895.0082
1779009510,R_75,26897.7309
1779009512,R_75,26897.5759
1779009514,R_75,26910.5736
1779009516,R_75,26916.2158
1779009518,R_75,26916.5446
1779009520,R_75,26916.6702
1779009522,R_75,26910.2354
1779009524,R_75,26913.7467
1779009526,R_75,26923.4869
1779009528,R_75,26925.589
1779009530,R_75,26924.5333
1779009532,R_75,26934.3974
1779009534,R_75,26932.0574
1779009536,R_75,26928.5258
1779009538,R_75,26929.1905
1779009540,R_75,26924.9717
1779009542,R_75,26925.1617
1779009544,R_75,26926.4412
1779009546,R_75,26927.0185
1779009548,R_75,26923.3903
1779009550,R_75,26922.5935
1779009552,R_75,26925.6931
1779009554,R_75,26916.8294
1779009556,R_75,26919.1388
1779009558,R_75,26928.9494
1779009560,R_75,26934.1492
1779009562,R_75,26940.2499
1779009564,R_75,26939.0369
1779009566,R_75,26936.2851
1779009568,R_75,26937.4474
1779009570,R_75,26936.7388
1779009572,R_75,26933.1055
1779009574,R_75,26930.909
1779009576,R_75,26923.6522
1779009578,R_75,26920.0778
1779009580,R_75,26918.9825
1779009582,R_75,26919.6538
1779009584,R_75,26913.7538
1779009586,R_75,26914.3685
1779009588,R_75,26910.2197
1779009590,R_75,26918.9764
1779009592,R_75,26916.6496
1779009594,R_75,26922.4357
1779009596,R_75,26926.4384
1779009598,R_75,26930.7352
1779009600,R_75,26925.2905
1779009602,R_75,26931.5802
1779009604,R_75,26931.7778
1779009606,R_75,26929.4643
1779009608,R_75,26929.7685
1779009610,R_75,26934.1768
1779009612,R_75,26939.3931
1779009614,R_75,26939.6919
1779009616,R_75,26938.7174
1779009618,R_75,26933.1005
1779009620,R_75,26929.9417
1779009622,R_75,26940.8724
1779009624,R_75,26938.3679
1779009626,R_75,26933.9638
1779009628,R_75,26940.394
1779009630,R_75,26951.0258
1779009632,R_75,26956.5447
1779009634,R_75,26951.0053
1779009636,R_75,26956.6305
1779009638,R_75,26954.6847
1779009640,R_75,26954.2793
1779009642,R_75,26945.7266
1779009644,R_75,26951.1186
1779009646,R_75,26945.5708
1779009648,R_75,26943.0332
1779009650,R_75,26945.0153
1779009652,R_75,26940.962
1779009654,R_75,26930.1575
1779009656,R_75,26931.4137
1779009658,R_75,26925.5627
1779009660,R_75,26929.4909
1779009662,R_75,26936.4428
1779009664,R_75,26938.7684
1779009666,R_75,26939.0848
1779009668,R_75,26945.8886
1779009670,R_75,26939.6317
1779009672,R_75,26937.0669
1779009674,R_75,26934.6978
1779009676,R_75,26937.3114
1779009678,R_75,26936.885
1779009680,R_75,26929.9706
1779009682,R_75,26935.8421
1779009684,R_75,26925.468
1779009686,R_75,26934.6424
1779009688,R_75,26925.9556
1779009690,R_75,26926.0619
1779009692,R_75,26917.8435
1779009694,R_75,26922.6613
1779009696,R_75,26932.5155
1779009698,R_75,26936.2067
1779009700,R_75,26923.6624
1779009702,R_75,26918.7584
1779009704,R_75,26917.1633
1779009706,R_75,26916.8346
1779009708,R_75,26920.8454
1779009710,R_75,26916.2356
1779009712,R_75,26913.4308
1779009714,R_75,26904.844
1779009716,R_75,26907.3759
1779009718,R_75,26912.6015
1779009720,R_75,26908.0113
1779009722,R_75,26900.1704
1779009724,R_75,26902.6864
1779009726,R_75,26898.7131
1779009728,R_75,26899.7442
1779009730,R_75,26901.2868
1779009732,R_75,26895.3673
1779009734,R_75,26892.2849
1779009736,R_75,26880.9469
1779009738,R_75,26884.1202
1779009740,R_75,26885.5041
1779009742,R_75,26881.0358
1779009744,R_75,26880.0709
1779009746,R_75,26875.2631
1779009748,R_75,26880.359
1779009750,R_75,26880.7604
1779009752,R_75,26878.4366
1779009754,R_75,26884.6315
1779009756,R_75,26882.3697
1779009758,R_75,26881.1048
1779009760,R_75,26875.1709
1779009762,R_75,26874.2244
1779009764,R_75,26871.8946
1779009766,R_75,26865.9305
1779009768,R_75,26860.9388
1779009770,R_75,26860.0816
1779009772,R_75,26863.6687
1779009774,R_75,26866.6776
1779009776,R_75,26871.2951
1779009778,R_75,26877.0696
1779009780,R_75,26878.1397
1779009782,R_75,26880.433
1779009784,R_75,26874.1705
1779009786,R_75,26878.6912
1779009788,R_75,26876.8313
1779009790,R_75,26876.0497
1779009792,R_75,26877.7708
1779009794,R_75,26875.9946
1779009796,R_75,26869.3393
1779009798,R_75,26872.3696
1779009800,R_75,26874
1779009802,R_75,26873.8804
1779009804,R_75,26865.7185
1779009806,R_75,26863.8707
1779009808,R_75,26857.7647
1779009810,R_75,26862.9466
1779009812,R_75,26875.0799
1779009814,R_75,26880.9198
1779009816,R_75,26884.9255
1779009818,R_75,26881.4964
1779009820,R_75,26880.4191
1779009822,R_75,26879.9868
1779009824,R_75,26881.2115
1779009826,R_75,26881.4534
1779009828,R_75,26874.081
1779009830,R_75,26878.984
1779009832,R_75,26878.5903
1779009834,R_75,26878.2903
1779009836,R_75,26883.3403
1779009838,R_75,26874.3429
1779009840,R_75,26871.8997
1779009842,R_75,26886.2415
1779009844,R_75,26879.0107
1779009846,R_75,26877.3592
1779009848,R_75,26880.3577
1779009850,R_75,26872.6927
1779009852,R_75,26867.0268
1779009854,R_75,26871.333
1779009856,R_75,26869.894
1779009858,R_75,26864.1835
1779009860,R_75,26871.1227
1779009862,R_75,26864.2828
1779009864,R_75,26867.2839
1779009866,R_75,26878.6701
1779009868,R_75,26880.7053
1779009870,R_75,26886.7676
1779009872,R_75,26890.4067
1779009874,R_75,26892.8688
1779009876,R_75,26898.6624
1779009878,R_75,26899.9457
1779009880,R_75,26906.567
1779009882,R_75,26910.8915
1779009884,R_75,26916.6175
1779009886,R_75,26910.0074
1779009888,R_75,26906.5747
1779009890,R_75,26902.4786
1779009892,R_75,26905.4466
1779009894,R_75,26904.4836
1779009896,R_75,26904.3174
1779009898,R_75,26898.6152
1779009900,R_75,26900.2701
1779009902,R_75,26896.9758
1779009904,R_75,26896.8516
1779009906,R_75,26892.8402
1779009908,R_75,26897.7848
1779009910,R_75,26894.5682
1779009912,R_75,26898.3116
1779009914,R_75,26904.9561
1779009916,R_75,26915.4564
1779009918,R_75,26920.5559
1779009920,R_75,26920.8869
1779009922,R_75,26919.7772
1779009924,R_75,26922.5776
1779009926,R_75,26922.6666
1779009928,R_75,26922.7689
1779009930,R_75,26919.0505
1779009932,R_75,26927.1206
1779009934,R_75,26917.5211
1779009936,R_75,26913.2195
1779009938,R_75,26912.0273
1779009940,R_75,26913.0239
1779009942,R_75,26921.173
1779009944,R_75,26930.4962
1779009946,R_75,26922.6439
1779009948,R_75,26927.1843
1779009950,R_75,26926.7954
1779009952,R_75,26923.232
1779009954,R_75,26929.9713
1779009956,R_75,26921.299
1779009958,R_75,26912.5879
1779009960,R_75,26905.1736
1779009962,R_75,26907.922
1779009964,R_75,26900.1959
1779009966,R_75,26897.6085
1779009968,R_75,26893.8365
1779009970,R_75,26901.2087
1779009972,R_75,26900.0205
1779009974,R_75,26904.418
1779009976,R_75,26905.7793
1779009978,R_75,26915.293
1779009980,R_75,26921.58
1779009982,R_75,26928.0718
1779009984,R_75,26932.6757
1779009986,R_75,26933.6765
1779009988,R_75,26935.0609
1779009990,R_75,26926.8505
1779009992,R_75,26923.9862
1779009994,R_75,26921.05
1779009996,R_75,26918.2865
1779009998,R_75,26919.9691
1779010000,R_75,26919.4755
1779010002,R_75,26916.8094
1779010004,R_75,26919.7507
1779010006,R_75,26912.6749
1779010008,R_75,26914.1414
1779010010,R_75,26913.1982
1779010012,R_75,26911.5089
1779010014,R_75,26909.3735
1779010016,R_75,26906.5533
1779010018,R_75,26898.4026
1779010020,R_75,26901.9933
1779010022,R_75,26908.4705
1779010024,R_75,26907.9918
1779010026,R_75,26910.0781
1779010028,R_75,26911.6628
1779010030,R_75,26909.8968
1779010032,R_75,26909.4865
1779010034,R_75,26913.2573
1779010036,R_75,26908.0517
1779010038,R_75,26906.6933
1779010040,R_75,26906.2079
1779010042,R_75,26907.9018
1779010044,R_75,26919.927
1779010046,R_75,26924.0927
1779010048,R_75,26927.3372
1779010050,R_75,26924.3392
1779010052,R_75,26920.8205
1779010054,R_75,26926.7726
1779010056,R_75,26926.0816
1779010058,R_75,26924.9033
1779010060,R_75,26926.841
1779010062,R_75,26928.7795
1779010064,R_75,26932.0493
1779010066,R_75,26931.4674
1779010068,R_75,26931.729
1779010070,R_75,26933.9325
1779010072,R_75,26923.9676
1779010074,R_75,26917.6001
1779010076,R_75,26919.91
1779010078,R_75,26914.1004
1779010080,R_75,26913.2193
1779010082,R_75,26906.3001
1779010084,R_75,26906.3583
1779010086,R_75,26912.2871
1779010088,R_75,26904.5158
1779010090,R_75,26903.3629
1779010092,R_75,26902.3901
1779010094,R_75,26901.2625
1779010096,R_75,26908.9585
1779010098,R_75,26907.803
1779010100,R_75,26907.0045
1779010102,R_75,26902.1702
1779010104,R_75,26901.1217
1779010106,R_75,26891.692
1779010108,R_75,26903.7012
1779010110,R_75,26904.4984
1779010112,R_75,26907.8219
1779010114,R_75,26911.5772
1779010116,R_75,26911.5635
1779010118,R_75,26915.4721
1779010120,R_75,26910.7432
1779010122,R_75,26914.6359
1779010124,R_75,26910.1356
1779010126,R_75,26907.3881
1779010128,R_75,26901.1598
1779010130,R_75,26901.9179
1779010132,R_75,26902.8415
1779010134,R_75,26894.7502
1779010136,R_75,26888.1796
1779010138,R_75,26885.6329
1779010140,R_75,26877.35
1779010142,R_75,26880.1955
1779010144,R_75,26876.4822
1779010146,R_75,26873.6171
1779010148,R_75,26868.0128
1779010150,R_75,26872.2394
1779010152,R_75,26872.8477
1779010154,R_75,26869.5465
1779010156,R_75,26866.0779
1779010158,R_75,26877.4787
1779010160,R_75,26878.4627
1779010162,R_75,26885.609
1779010164,R_75,26880.8449
1779010166,R_75,26883.1887
1779010168,R_75,26879.6058
1779010170,R_75,26886.9195
1779010172,R_75,26886.0471
1779010174,R_75,26876.3238
1779010176,R_75,26870.561
1779010178,R_75,26873.9045
1779010180,R_75,26870.6954
1779010182,R_75,26866.5701
1779010184,R_75,26870.9642
1779010186,R_75,26864.4181
1779010188,R_75,26861.4828
1779010190,R_75,26867.3366
1779010192,R_75,26862.8124
1779010194,R_75,26861.5102
1779010196,R_75,26866.5436
1779010198,R_75,26868.9177
1779010200,R_75,26869.3315
1779010202,R_75,26869.9383
1779010204,R_75,26868.6448
1779010206,R_75,26866.2736
1779010208,R_75,26855.3871
1779010210,R_75,26853.8418
1779010212,R_75,26861.1868
1779010214,R_75,26859.9829
1779010216,R_75,26852.9269
1779010218,R_75,26852.5506
1779010220,R_75,26860.8876
1779010222,R_75,26866.9274
1779010224,R_75,26865.246
1779010226,R_75,26858.7989
1779010228,R_75,26865.4374
1779010230,R_75,26872.6626
1779010232,R_75,26865.0148
1779010234,R_75,26857.3661
1779010236,R_75,26856.2711
1779010238,R_75,26851.8573
1779010240,R_75,26853.7667
1779010242,R_75,26840.3713
1779010244,R_75,26837.8713
1779010246,R_75,26832.5715
1779010248,R_75,26835.5439
1779010250,R_75,26841.4782
1779010252,R_75,26834.8262
1779010254,R_75,26837.7097
1779010256,R_75,26834.9557
1779010258,R_75,26835.14
1779010260,R_75,26833.4417
1779010262,R_75,26834.4252
1779010264,R_75,26837.5532
1779010266,R_75,26842.1852
1779010268,R_75,26838.6848
1779010270,R_75,26841.8929
1779010272,R_75,26837.4734
1779010274,R_75,26844.306
1779010276,R_75,26838.3065
1779010278,R_75,26832.2481
1779010280,R_75,26827.1232
1779010282,R_75,26831.552
1779010284,R_75,26837.2975
1779010286,R_75,26833.9752
1779010288,R_75,26836.579
1779010290,R_75,26831.8293
1779010292,R_75,26836.263
1779010294,R_75,26843.6138
1779010296,R_75,26832.1912
1779010298,R_75,26826.7407
1779010300,R_75,26820.8069
1779010302,R_75,26823.0428
1779010304,R_75,26829.0763
1779010306,R_75,26833.0794
1779010308,R_75,26831.0954
1779010310,R_75,26833.9202
1779010312,R_75,26843.9654
1779010314,R_75,26850.1363
1779010316,R_75,26850.6317
1779010318,R_75,26848.1586
1779010320,R_75,26847.8338
1779010322,R_75,26844.2522
1779010324,R_75,26846.1725
1779010326,R_75,26844.4434
1779010328,R_75,26850.8966
1779010330,R_75,26852.9699
1779010332,R_75,26850.8785
1779010334,R_75,26845.6963
1779010336,R_75,26843.8611
1779010338,R_75,26852.2879
1779010340,R_75,26846.871
1779010342,R_75,26845.22
1779010344,R_75,26846.3759
1779010346,R_75,26850.0675
1779010348,R_75,26849.3041
1779010350,R_75,26852.3443
1779010352,R_75,26857.6538
1779010354,R_75,26863.7306
1779010356,R_75,26861.1706
1779010358,R_75,26854.3251
1779010360,R_75,26863.8107
1779010362,R_75,26869.9129
1779010364,R_75,26875.382
1779010366,R_75,26871.6395
1779010368,R_75,26879.6005
1779010370,R_75,26883.6502
1779010372,R_75,26880.4831
1779010374,R_75,26868.978
1779010376,R_75,26872.7856
1779010378,R_75,26876.8393
1779010380,R_75,26879.7614
1779010382,R_75,26873.9628
1779010384,R_75,26875.9455
1779010386,R_75,26871.4016
1779010388,R_75,26872.0275
1779010390,R_75,26871.1497
1779010392,R_75,26871.1586
1779010394,R_75,26868.1613
1779010396,R_75,26866.1522
1779010398,R_75,26873.3202
1779010400,R_75,26874.5025
1779010402,R_75,26873.2642
1779010404,R_75,26873.3173
1779010406,R_75,26869.1482
1779010408,R_75,26866.4641
1779010410,R_75,26867.0156
1779010412,R_75,26860.6413
1779010414,R_75,26847.628
1779010416,R_75,26851.4314
1779010418,R_75,26852.4899
1779010420,R_75,26860.3811
1779010422,R_75,26862.5464
1779010424,R_75,26862.3753
1779010426,R_75,26860.6299
1779010428,R_75,26860.2249
1779010430,R_75,26854.0659
1779010432,R_75,26854.1211
1779010434,R_75,26848.7889
1779010436,R_75,26852.5142
1779010438,R_75,26855.9008
1779010440,R_75,26857.7648
1779010442,R_75,26861.2903
1779010444,R_75,26866.2571
1779010446,R_75,26862.4981
1779010448,R_75,26862.7538
1779010450,R_75,26853.1842
1779010452,R_75,26856.6292
1779010454,R_75,26848.255
1779010456,R_75,26847.3959
1779010458,R_75,26843.0008
1779010460,R_75,26843.4623
1779010462,R_75,26841.7603
1779010464,R_75,26843.3986
1779010466,R_75,26840.3421
1779010468,R_75,26839.1476
1779010470,R_75,26839.4343
1779010472,R_75,26833.6092
1779010474,R_75,26840.436
1779010476,R_75,26838.1537
1779010478,R_75,26838.4189
1779010480,R_75,26846.4579
1779010482,R_75,26849.4086
1779010484,R_75,26847.9673
1779010486,R_75,26849.472
1779010488,R_75,26845.8904
1779010490,R_75,26842.5194
1779010492,R_75,26844.4091
1779010494,R_75,26848.0853
1779010496,R_75,26844.2167
1779010498,R_75,26834.6367
1779010500,R_75,26832.0352
1779010502,R_75,26838.3874
1779010504,R_75,26837.2297
1779010506,R_75,26828.4226
1779010508,R_75,26826.119
1779010510,R_75,26828.6754
1779010512,R_75,26840.0291
1779010514,R_75,26843.1032
1779010516,R_75,26841.7697
1779010518,R_75,26848.3397
1779010520,R_75,26844.6348
1779010522,R_75,26856.034
1779010524,R_75,26858.0071
1779010526,R_75,26851.2808
1779010528,R_75,26859.1426
1779010530,R_75,26843.7706
1779010532,R_75,26847.1545
1779010534,R_75,26849.8092
1779010536,R_75,26852.6193
1779010538,R_75,26847.3362
1779010540,R_75,26848.1215
1779010542,R_75,26845.8709
1779010544,R_75,26846.1009
1779010546,R_75,26832.968
1779010548,R_75,26830.6271
1779010550,R_75,26824.9527
1779010552,R_75,26826.4304
1779010554,R_75,26834.9414
1779010556,R_75,26836.8891
1779010558,R_75,26843.6239
1779010560,R_75,26855.3901
1779010562,R_75,26846.5507
1779010564,R_75,26840.6911
1779010566,R_75,26847.5872
1779010568,R_75,26847.6891
1779010570,R_75,26852.024
1779010572,R_75,26853.4129
1779010574,R_75,26848.7714
1779010576,R_75,26849.6629
1779010578,R_75,26852.4416
1779010580,R_75,26855.3588
1779010582,R_75,26851.6301
1779010584,R_75,26846.6901
1779010586,R_75,26844.4618
1779010588,R_75,26845.5233
1779010590,R_75,26846.8746
1779010592,R_75,26845.2689
1779010594,R_75,26843.7265
1779010596,R_75,26845.506
1779010598,R_75,26843.1856
1779010600,R_75,26842.3612
1779010602,R_75,26839.8256
1779010604,R_75,26842.2727
1779010606,R_75,26842.2394
1779010608,R_75,26836.1296
1779010610,R_75,26843.6844
1779010612,R_75,26842.4409
1779010614,R_75,26835.666
1779010616,R_75,26838.7679
1779010618,R_75,26835.4933
1779010620,R_75,26838.8546
1779010622,R_75,26831.517
1779010624,R_75,26831.9438
1779010626,R_75,26826.9456
1779010628,R_75,26826.3996
1779010630,R_75,26824.1951
1779010632,R_75,26819.2003
1779010634,R_75,26824.7476
1779010636,R_75,26829.0611
1779010638,R_75,26827.4637
1779010640,R_75,26831.1994
1779010642,R_75,26827.4196
1779010644,R_75,26824.3508
1779010646,R_75,26829.4675
1779010648,R_75,26825.4303
1779010650,R_75,26817.1098
1779010652,R_75,26808.3227
1779010654,R_75,26804.3761
1779010656,R_75,26798.2847
1779010658,R_75,26800.523
1779010660,R_75,26807.2437
1779010662,R_75,26811.6632
1779010664,R_75,26809.4487
1779010666,R_75,26811.004
1779010668,R_75,26814.6651
1779010670,R_75,26812.7084
1779010672,R_75,26810.906
1779010674,R_75,26795.5492
1779010676,R_75,26798.2409
1779010678,R_75,26808.18
1779010680,R_75,26805.3958
1779010682,R_75,26804.6952
1779010684,R_75,26809.0339
1779010686,R_75,26810.2863
1779010688,R_75,26800.8929
1779010690,R_75,26795.795
1779010692,R_75,26797.0262
1779010694,R_75,26797.3155
1779010696,R_75,26795.5333
1779010698,R_75,26799.0531
1779010700,R_75,26802.643
1779010702,R_75,26801.7201
1779010704,R_75,26806.8928
1779010706,R_75,26804.5331
1779010708,R_75,26798.6214
1779010710,R_75,26801.9487
1779010712,R_75,26798.1627
1779010714,R_75,26801.1383
1779010716,R_75,26800.6821
1779010718,R_75,26793.8603
1779010720,R_75,26798.0144
1779010722,R_75,26803.773
1779010724,R_75,26799.8497
1779010726,R_75,26797.1791
1779010728,R_75,26795.5376
1779010730,R_75,26797.5037
1779010732,R_75,26799.0907
1779010734,R_75,26806.3314
1779010736,R_75,26807.143
1779010738,R_75,26805.9468
1779010740,R_75,26811.4547
1779010742,R_75,26805.1506
1779010744,R_75,26810.7601
1779010746,R_75,26809.8829
1779010748,R_75,26804.467
1779010750,R_75,26800.7143
1779010752,R_75,26796.5842
1779010754,R_75,26795.1598
1779010756,R_75,26803.4149
1779010758,R_75,26797.2781
1779010760,R_75,26795.5159
1779010762,R_75,26793.7176
1779010764,R_75,26805.0389
1779010766,R_75,26805.9671
1779010768,R_75,26806.1536
1779010770,R_75,26811.0191
1779010772,R_75,26809.3898
1779010774,R_75,26805.9441
1779010776,R_75,26810.9862
1779010778,R_75,26807.5241
1779010780,R_75,26807.4134
1779010782,R_75,26808.8542
1779010784,R_75,26802.9757
1779010786,R_75,26804.4438
1779010788,R_75,26806.6216
1779010790,R_75,26803.8344
1779010792,R_75,26801.9952
1779010794,R_75,26796.9971
1779010796,R_75,26797.1263
1779010798,R_75,26798.5599
1779010800,R_75,26798.6753
1779010802,R_75,26800.5715
1779010804,R_75,26794.3315
1779010806,R_75,26793.8818
1779010808,R_75,26796.9276
1779010810,R_75,26791.4984
1779010812,R_75,26788.5929
1779010814,R_75,26788.0816
1779010816,R_75,26792.715
1779010818,R_75,26792.3568
1779010820,R_75,26796.7317
1779010822,R_75,26789.9201
1779010824,R_75,26787.9123
1779010826,R_75,26774.5311
1779010828,R_75,26767.0867
1779010830,R_75,26766.4912
1779010832,R_75,26765.7315
1779010834,R_75,26759.7476
1779010836,R_75,26756.221
1779010838,R_75,26759.1694
1779010840,R_75,26756.7031
1779010842,R_75,26754.3147
1779010844,R_75,26750.4228
1779010846,R_75,26746.1303
1779010848,R_75,26752.5919
1779010850,R_75,26747.0079
1779010852,R_75,26746.3212
1779010854,R_75,26754.0583
1779010856,R_75,26748.6219
1779010858,R_75,26753.4096
1779010860,R_75,26759.4621
1779010862,R_75,26758.4678
1779010864,R_75,26751.0288
1779010866,R_75,26750.6466
1779010868,R_75,26752.6318
1779010870,R_75,26758.4128
1779010872,R_75,26755.441
1779010874,R_75,26757.4189
1779010876,R_75,26753.8762
1779010878,R_75,26753.417
1779010880,R_75,26750.1339
1779010882,R_75,26752.4489
1779010884,R_75,26752.1396
1779010886,R_75,26752.6893
1779010888,R_75,26761.2292
1779010890,R_75,26757.617
1779010892,R_75,26757.923
1779010894,R_75,26752.1875
1779010896,R_75,26753.5924
1779010898,R_75,26750.4418
1779010900,R_75,26750.2128
1779010902,R_75,26742.9382
1779010904,R_75,26739.8774
1779010906,R_75,26749.3791
1779010908,R_75,26749.8155
1779010910,R_75,26744.5102
1779010912,R_75,26748.8036
1779010914,R_75,26760.9039
1779010916,R_75,26765.999
1779010918,R_75,26766.8984
1779010920,R_75,26769.3575
1779010922,R_75,26765.2006
1779010924,R_75,26763.2685
1779010926,R_75,26765.327
1779010928,R_75,26766.0653
1779010930,R_75,26762.6741
1779010932,R_75,26767.4138
1779010934,R_75,26766.9709
1779010936,R_75,26771.0262
1779010938,R_75,26768.2567
1779010940,R_75,26766.0768
1779010942,R_75,26771.1435
1779010944,R_75,26764.7733
1779010946,R_75,26767.7853
1779010948,R_75,26771.1903
1779010950,R_75,26777.9913
1779010952,R_75,26775.4809
1779010954,R_75,26777.5842
1779010956,R_75,26771.0373
1779010958,R_75,26780.4751
1779010960,R_75,26781.3909
1779010962,R_75,26775.4692
1779010964,R_75,26771.3055
1779010966,R_75,26777.8038
1779010968,R_75,26780.0988
1779010970,R_75,26779.12
1779010972,R_75,26777.8754
1779010974,R_75,26778.8634
1779010976,R_75,26777.2797
1779010978,R_75,26776.5456
1779010980,R_75,26781.5708
1779010982,R_75,26776.5679
1779010984,R_75,26772.4655
1779010986,R_75,26769.1598
1779010988,R_75,26773.8509
1779010990,R_75,26775.1413
1779010992,R_75,26774.5875
1779010994,R_75,26780.7999
1779010996,R_75,26786.8538
1779010998,R_75,26789.4532
1779011000,R_75,26784.6106
1779011002,R_75,26782.2517
1779011004,R_75,26783.7903
1779011006,R_75,26790.3581
1779011008,R_75,26792.2182
1779011010,R_75,26800.0946
1779011012,R_75,26804.4272
1779011014,R_75,26802.7807
1779011016,R_75,26804.9909
1779011018,R_75,26808.8521
1779011020,R_75,26798.4481
1779011022,R_75,26806.3455
1779011024,R_75,26806.8241
1779011026,R_75,26810.662
1779011028,R_75,26820.5758
1779011030,R_75,26818.7647
1779011032,R_75,26816.9676
1779011034,R_75,26832.9684
1779011036,R_75,26830.3464
1779011038,R_75,26826.914
1779011040,R_75,26823.6876
1779011042,R_75,26824.54
1779011044,R_75,26827.2347
1779011046,R_75,26830.8048
1779011048,R_75,26831.3473
1779011050,R_75,26823.8124
1779011052,R_75,26814.8853
1779011054,R_75,26817.2499
1779011056,R_75,26821.5228
1779011058,R_75,26828.1414
1779011060,R_75,26823.0873
1779011062,R_75,26819.9039
1779011064,R_75,26822.7484
1779011066,R_75,26817.917
1779011068,R_75,26819.7094
1779011070,R_75,26814.2107
1779011072,R_75,26817.9945
1779011074,R_75,26819.7682
1779011076,R_75,26826.9954
1779011078,R_75,26830.508
1779011080,R_75,26834.0286
1779011082,R_75,26838.338
1779011084,R_75,26832.2367
1779011086,R_75,26828.9397
1779011088,R_75,26827.6639
1779011090,R_75,26837.6708
1779011092,R_75,26832.0102
1779011094,R_75,26830.9905
1779011096,R_75,26829.0999
1779011098,R_75,26825.1179
1779011100,R_75,26824.8075
1779011102,R_75,26820.9553
1779011104,R_75,26824.0802
1779011106,R_75,26829.7272
1779011108,R_75,26828.1651
1779011110,R_75,26820.0766
1779011112,R_75,26820.7591
1779011114,R_75,26813.0606
1779011116,R_75,26811.4095
1779011118,R_75,26809.7045
1779011120,R_75,26812.8888
1779011122,R_75,26812.5567
1779011124,R_75,26812.1813
1779011126,R_75,26812.9409
1779011128,R_75,26800.4053
1779011130,R_75,26806.3329
1779011132,R_75,26812.8982
1779011134,R_75,26810.9803
1779011136,R_75,26804.795
1779011138,R_75,26809.7649
1779011140,R_75,26804.8452
1779011142,R_75,26803.2837
1779011144,R_75,26802.0866
1779011146,R_75,26797.2615
1779011148,R_75,26786.3838
1779011150,R_75,26792.0814
1779011152,R_75,26795.0903
1779011154,R_75,26797.5546
1779011156,R_75,26795.7761
1779011158,R_75,26795.9131
1779011160,R_75,26806.7628
1779011162,R_75,26808.8781
1779011164,R_75,26812.6468
1779011166,R_75,26820.2411
1779011168,R_75,26822.6462
1779011170,R_75,26832.8052
1779011172,R_75,26834.2179
1779011174,R_75,26830.7974
1779011176,R_75,26825.6541
1779011178,R_75,26820.9556
1779011180,R_75,26811.437
1779011182,R_75,26815.7565
1779011184,R_75,26808.9957
1779011186,R_75,26811.7205
