epoch,symbol,price
1780449124,R_10,4900.122
1780449126,R_10,4899.988
1780449128,R_10,4899.801
1780449130,R_10,4899.637
1780449132,R_10,4899.585
1780449134,R_10,4899.681
1780449136,R_10,4899.477
1780449138,R_10,4899.657
1780449140,R_10,4899.599
1780449142,R_10,4899.555
1780449144,R_10,4899.357
1780449146,R_10,4899.304
1780449148,R_10,4899.227
1780449150,R_10,4899.013
1780449152,R_10,4898.998
1780449154,R_10,4899.187
1780449156,R_10,4899.413
1780449158,R_10,4899.433
1780449160,R_10,4899.516
1780449162,R_10,4899.692
1780449164,R_10,4899.655
1780449166,R_10,4899.761
1780449168,R_10,4899.622
1780449170,R_10,4899.959
1780449172,R_10,4899.906
1780449174,R_10,4900.027
1780449176,R_10,4900.172
1780449178,R_10,4899.952
1780449180,R_10,4899.924
1780449182,R_10,4899.896
1780449184,R_10,4899.859
1780449186,R_10,4899.824
1780449188,R_10,4899.84
1780449190,R_10,4899.653
1780449192,R_10,4899.83
1780449194,R_10,4899.811
1780449196,R_10,4899.827
1780449198,R_10,4899.862
1780449200,R_10,4899.867
1780449202,R_10,4899.96
1780449204,R_10,4900.061
1780449206,R_10,4899.926
1780449208,R_10,4899.897
1780449210,R_10,4899.89
1780449212,R_10,4899.779
1780449214,R_10,4899.674
1780449216,R_10,4899.659
1780449218,R_10,4899.662
1780449220,R_10,4899.529
1780449222,R_10,4899.608
1780449224,R_10,4899.732
1780449226,R_10,4899.683
1780449228,R_10,4899.565
1780449230,R_10,4899.954
1780449232,R_10,4899.99
1780449234,R_10,4899.807
1780449236,R_10,4899.752
1780449238,R_10,4899.91
1780449240,R_10,4900.079
1780449242,R_10,4900.102
1780449244,R_10,4900.245
1780449246,R_10,4900.121
1780449248,R_10,4899.995
1780449250,R_10,4899.953
1780449252,R_10,4899.952
1780449254,R_10,4899.961
1780449256,R_10,4900.129
1780449258,R_10,4900.074
1780449260,R_10,4900.075
1780449262,R_10,4900.35
1780449264,R_10,4900.256
1780449266,R_10,4900.171
1780449268,R_10,4900.204
1780449270,R_10,4900.155
1780449272,R_10,4900.084
1780449274,R_10,4899.985
1780449276,R_10,4900.144
1780449278,R_10,4900.081
1780449280,R_10,4899.985
1780449282,R_10,4900.033
1780449284,R_10,4899.975
1780449286,R_10,4900.079
1780449288,R_10,4900.205
1780449290,R_10,4900.053
1780449292,R_10,4900.156
1780449294,R_10,4900.188
1780449296,R_10,4900.099
1780449298,R_10,4900.371
1780449300,R_10,4900.244
1780449302,R_10,4900.34
1780449304,R_10,4900.424
1780449306,R_10,4900.388
1780449308,R_10,4900.536
1780449310,R_10,4900.307
1780449312,R_10,4900.358
1780449314,R_10,4900.435
1780449316,R_10,4900.364
1780449318,R_10,4900.309
1780449320,R_10,4900.182
1780449322,R_10,4900.159
1780449324,R_10,4900.132
1780449326,R_10,4900.151
1780449328,R_10,4899.939
1780449330,R_10,4900.044
1780449332,R_10,4900.135
1780449334,R_10,4900.076
1780449336,R_10,4900.193
1780449338,R_10,4900.141
1780449340,R_10,4900.158
1780449342,R_10,4900.074
1780449344,R_10,4900.177
1780449346,R_10,4900.061
1780449348,R_10,4899.994
1780449350,R_10,4899.883
1780449352,R_10,4899.977
1780449354,R_10,4899.88
1780449356,R_10,4899.887
1780449358,R_10,4899.976
1780449360,R_10,4900.046
1780449362,R_10,4900.223
1780449364,R_10,4900.247
1780449366,R_10,4900.221
1780449368,R_10,4900.136
1780449370,R_10,4900.094
1780449372,R_10,4900.016
1780449374,R_10,4900.035
1780449376,R_10,4900.002
1780449378,R_10,4899.837
1780449380,R_10,4899.965
1780449382,R_10,4899.901
1780449384,R_10,4899.912
1780449386,R_10,4899.867
1780449388,R_10,4899.982
1780449390,R_10,4900.248
1780449392,R_10,4900.394
1780449394,R_10,4900.223
1780449396,R_10,4900.094
1780449398,R_10,4900.322
1780449400,R_10,4900.428
1780449402,R_10,4900.57
1780449404,R_10,4900.514
1780449406,R_10,4900.241
1780449408,R_10,4900.134
1780449410,R_10,4900.369
1780449412,R_10,4900.44
1780449414,R_10,4900.444
1780449416,R_10,4900.542
1780449418,R_10,4900.46
1780449420,R_10,4900.298
1780449422,R_10,4900.348
1780449424,R_10,4900.508
1780449426,R_10,4900.351
1780449428,R_10,4900.316
1780449430,R_10,4900.247
1780449432,R_10,4899.995
1780449434,R_10,4899.963
1780449436,R_10,4899.976
1780449438,R_10,4900.05
1780449440,R_10,4900.122
1780449442,R_10,4900.152
1780449444,R_10,4900.128
1780449446,R_10,4900.358
1780449448,R_10,4900.442
1780449450,R_10,4900.603
1780449452,R_10,4900.776
1780449454,R_10,4900.87
1780449456,R_10,4900.9
1780449458,R_10,4900.662
1780449460,R_10,4900.538
1780449462,R_10,4900.529
1780449464,R_10,4900.512
1780449466,R_10,4900.551
1780449468,R_10,4900.535
1780449470,R_10,4900.647
1780449472,R_10,4900.644
1780449474,R_10,4900.642
1780449476,R_10,4900.574
1780449478,R_10,4900.618
1780449480,R_10,4900.723
1780449482,R_10,4900.851
1780449484,R_10,4900.703
1780449486,R_10,4900.79
1780449488,R_10,4900.77
1780449490,R_10,4901.037
1780449492,R_10,4900.866
1780449494,R_10,4900.936
1780449496,R_10,4900.875
1780449498,R_10,4900.834
1780449500,R_10,4900.489
1780449502,R_10,4900.484
1780449504,R_10,4900.47
1780449506,R_10,4900.526
1780449508,R_10,4900.484
1780449510,R_10,4900.44
1780449512,R_10,4900.5
1780449514,R_10,4900.45
1780449516,R_10,4900.337
1780449518,R_10,4900.122
1780449520,R_10,4900.097
1780449522,R_10,4900.09
1780449524,R_10,4899.937
1780449526,R_10,4900.281
1780449528,R_10,4900.5
1780449530,R_10,4900.442
1780449532,R_10,4900.626
1780449534,R_10,4900.515
1780449536,R_10,4900.549
1780449538,R_10,4900.509
1780449540,R_10,4900.589
1780449542,R_10,4900.689
1780449544,R_10,4900.683
1780449546,R_10,4900.555
1780449548,R_10,4900.621
1780449550,R_10,4900.462
1780449552,R_10,4900.675
1780449554,R_10,4900.619
1780449556,R_10,4900.656
1780449558,R_10,4900.666
1780449560,R_10,4900.594
1780449562,R_10,4900.503
1780449564,R_10,4900.616
1780449566,R_10,4900.506
1780449568,R_10,4900.34
1780449570,R_10,4900.383
1780449572,R_10,4900.258
1780449574,R_10,4900.318
1780449576,R_10,4900.284
1780449578,R_10,4900.113
1780449580,R_10,4900.437
1780449582,R_10,4900.414
1780449584,R_10,4900.529
1780449586,R_10,4900.315
1780449588,R_10,4900.21
1780449590,R_10,4900.342
1780449592,R_10,4900.331
1780449594,R_10,4900.264
1780449596,R_10,4900.35
1780449598,R_10,4900.416
1780449600,R_10,4900.409
1780449602,R_10,4900.462
1780449604,R_10,4900.413
1780449606,R_10,4900.53
1780449608,R_10,4900.33
1780449610,R_10,4900.371
1780449612,R_10,4900.341
1780449614,R_10,4900.323
1780449616,R_10,4900.108
1780449618,R_10,4900.19
1780449620,R_10,4900.128
1780449622,R_10,4900.161
1780449624,R_10,4900.017
1780449626,R_10,4900.142
1780449628,R_10,4900.179
1780449630,R_10,4900.144
1780449632,R_10,4900.235
1780449634,R_10,4900.34
1780449636,R_10,4900.113
1780449638,R_10,4900.209
1780449640,R_10,4900.096
1780449642,R_10,4899.899
1780449644,R_10,4899.73
1780449646,R_10,4899.548
1780449648,R_10,4899.521
1780449650,R_10,4899.598
1780449652,R_10,4899.731
1780449654,R_10,4899.918
1780449656,R_10,4900.059
1780449658,R_10,4900.172
1780449660,R_10,4900.202
1780449662,R_10,4900.195
1780449664,R_10,4900.498
1780449666,R_10,4900.562
1780449668,R_10,4900.404
1780449670,R_10,4900.382
1780449672,R_10,4900.494
1780449674,R_10,4900.648
1780449676,R_10,4900.733
1780449678,R_10,4900.596
1780449680,R_10,4900.413
1780449682,R_10,4900.638
1780449684,R_10,4900.59
1780449686,R_10,4900.732
1780449688,R_10,4900.667
1780449690,R_10,4900.77
1780449692,R_10,4900.748
1780449694,R_10,4900.645
1780449696,R_10,4900.739
1780449698,R_10,4900.793
1780449700,R_10,4900.714
1780449702,R_10,4900.705
1780449704,R_10,4900.93
1780449706,R_10,4901.075
1780449708,R_10,4900.994
1780449710,R_10,4900.966
1780449712,R_10,4900.949
1780449714,R_10,4901.167
1780449716,R_10,4901.137
1780449718,R_10,4901.254
1780449720,R_10,4901.313
1780449722,R_10,4901.501
1780449724,R_10,4901.469
1780449726,R_10,4901.591
1780449728,R_10,4901.655
1780449730,R_10,4901.596
1780449732,R_10,4901.586
1780449734,R_10,4901.582
1780449736,R_10,4901.598
1780449738,R_10,4901.723
1780449740,R_10,4901.67
1780449742,R_10,4901.736
1780449744,R_10,4901.765
1780449746,R_10,4901.783
1780449748,R_10,4901.545
1780449750,R_10,4901.699
1780449752,R_10,4901.536
1780449754,R_10,4901.434
1780449756,R_10,4901.23
1780449758,R_10,4901.44
1780449760,R_10,4901.427
1780449762,R_10,4901.384
1780449764,R_10,4901.337
1780449766,R_10,4901.228
1780449768,R_10,4901.111
1780449770,R_10,4901.164
1780449772,R_10,4901.213
1780449774,R_10,4900.994
1780449776,R_10,4900.898
1780449778,R_10,4900.879
1780449780,R_10,4900.742
1780449782,R_10,4900.791
1780449784,R_10,4900.57
1780449786,R_10,4900.583
1780449788,R_10,4900.689
1780449790,R_10,4900.822
1780449792,R_10,4900.956
1780449794,R_10,4900.877
1780449796,R_10,4900.931
1780449798,R_10,4900.987
1780449800,R_10,4901.119
1780449802,R_10,4901.323
1780449804,R_10,4901.224
1780449806,R_10,4901.203
1780449808,R_10,4901.198
1780449810,R_10,4901.089
1780449812,R_10,4901.159
1780449814,R_10,4901.329
1780449816,R_10,4901.28
1780449818,R_10,4901.099
1780449820,R_10,4901.084
1780449822,R_10,4901.071
1780449824,R_10,4901.166
1780449826,R_10,4901.01
1780449828,R_10,4901.165
1780449830,R_10,4901.058
1780449832,R_10,4901.087
1780449834,R_10,4901.211
1780449836,R_10,4901.104
1780449838,R_10,4900.95
1780449840,R_10,4901.132
1780449842,R_10,4901.115
1780449844,R_10,4900.872
1780449846,R_10,4901.023
1780449848,R_10,4901.154
1780449850,R_10,4901.046
1780449852,R_10,4901.089
1780449854,R_10,4900.907
1780449856,R_10,4900.798
1780449858,R_10,4900.731
1780449860,R_10,4900.831
1780449862,R_10,4900.815
1780449864,R_10,4900.931
1780449866,R_10,4901.051
1780449868,R_10,4900.954
1780449870,R_10,4901.147
1780449872,R_10,4901.056
1780449874,R_10,4900.998
1780449876,R_10,4900.86
1780449878,R_10,4900.913
1780449880,R_10,4900.898
1780449882,R_10,4901.088
1780449884,R_10,4901.063
1780449886,R_10,4901.065
1780449888,R_10,4900.997
1780449890,R_10,4901.03
1780449892,R_10,4901.224
1780449894,R_10,4901.382
1780449896,R_10,4901.378
1780449898,R_10,4901.094
1780449900,R_10,4900.928
1780449902,R_10,4900.915
1780449904,R_10,4900.903
1780449906,R_10,4900.819
1780449908,R_10,4900.887
1780449910,R_10,4901.037
1780449912,R_10,4900.842
1780449914,R_10,4900.663
1780449916,R_10,4900.438
1780449918,R_10,4900.315
1780449920,R_10,4900.249
1780449922,R_10,4900.498
1780449924,R_10,4900.458
1780449926,R_10,4900.481
1780449928,R_10,4900.412
1780449930,R_10,4900.089
1780449932,R_10,4900.313
1780449934,R_10,4900.345
1780449936,R_10,4900.353
1780449938,R_10,4900.369
1780449940,R_10,4900.235
1780449942,R_10,4900.247
1780449944,R_10,4900.211
1780449946,R_10,4900.25
1780449948,R_10,4900.308
1780449950,R_10,4900.267
1780449952,R_10,4900.389
1780449954,R_10,4900.46
1780449956,R_10,4900.642
1780449958,R_10,4900.828
1780449960,R_10,4900.693
1780449962,R_10,4900.479
1780449964,R_10,4900.607
1780449966,R_10,4900.613
1780449968,R_10,4900.693
1780449970,R_10,4900.611
1780449972,R_10,4900.607
1780449974,R_10,4900.679
1780449976,R_10,4900.89
1780449978,R_10,4901.043
1780449980,R_10,4900.928
1780449982,R_10,4900.943
1780449984,R_10,4901.054
1780449986,R_10,4900.948
1780449988,R_10,4901.014
1780449990,R_10,4901.18
1780449992,R_10,4901.13
1780449994,R_10,4901.284
1780449996,R_10,4901.345
1780449998,R_10,4901.493
1780450000,R_10,4901.348
1780450002,R_10,4901.241
1780450004,R_10,4901.153
1780450006,R_10,4901.158
1780450008,R_10,4901.304
1780450010,R_10,4901.291
1780450012,R_10,4901.373
1780450014,R_10,4901.522
1780450016,R_10,4901.426
1780450018,R_10,4901.321
1780450020,R_10,4901.137
1780450022,R_10,4901.098
1780450024,R_10,4901.221
1780450026,R_10,4901.286
1780450028,R_10,4901.344
1780450030,R_10,4901.117
1780450032,R_10,4901.139
1780450034,R_10,4901.098
1780450036,R_10,4901.241
1780450038,R_10,4901.159
1780450040,R_10,4901.226
1780450042,R_10,4900.965
1780450044,R_10,4901.118
1780450046,R_10,4901.156
1780450048,R_10,4901.299
1780450050,R_10,4901.38
1780450052,R_10,4901.428
1780450054,R_10,4901.492
1780450056,R_10,4901.57
1780450058,R_10,4901.733
1780450060,R_10,4901.647
1780450062,R_10,4901.591
1780450064,R_10,4901.676
1780450066,R_10,4901.652
1780450068,R_10,4901.78
1780450070,R_10,4901.682
1780450072,R_10,4901.672
1780450074,R_10,4901.709
1780450076,R_10,4901.651
1780450078,R_10,4901.897
1780450080,R_10,4902.056
1780450082,R_10,4902.102
1780450084,R_10,4902.31
1780450086,R_10,4902.394
1780450088,R_10,4902.302
1780450090,R_10,4902.428
1780450092,R_10,4902.705
1780450094,R_10,4902.583
1780450096,R_10,4902.446
1780450098,R_10,4902.645
1780450100,R_10,4902.69
1780450102,R_10,4902.74
1780450104,R_10,4902.769
1780450106,R_10,4902.863
1780450108,R_10,4902.925
1780450110,R_10,4902.972
1780450112,R_10,4903.087
1780450114,R_10,4903.091
1780450116,R_10,4903.2
1780450118,R_10,4903.189
1780450120,R_10,4903.177
1780450122,R_10,4903.341
1780450124,R_10,4903.288
1780450126,R_10,4903.543
1780450128,R_10,4903.682
1780450130,R_10,4903.909
1780450132,R_10,4903.947
1780450134,R_10,4903.827
1780450136,R_10,4903.671
1780450138,R_10,4903.716
1780450140,R_10,4903.62
1780450142,R_10,4903.486
1780450144,R_10,4903.534
1780450146,R_10,4903.384
1780450148,R_10,4903.642
1780450150,R_10,4903.677
1780450152,R_10,4903.786
1780450154,R_10,4903.876
1780450156,R_10,4904.148
1780450158,R_10,4904.153
1780450160,R_10,4904.306
1780450162,R_10,4904.321
1780450164,R_10,4904.556
1780450166,R_10,4904.444
1780450168,R_10,4904.268
1780450170,R_10,4904.124
1780450172,R_10,4904.086
1780450174,R_10,4904.15
1780450176,R_10,4904.122
1780450178,R_10,4904.244
1780450180,R_10,4904.196
1780450182,R_10,4904.032
1780450184,R_10,4904.077
1780450186,R_10,4904.024
1780450188,R_10,4903.986
1780450190,R_10,4904.064
1780450192,R_10,4903.998
1780450194,R_10,4904.091
1780450196,R_10,4904.335
1780450198,R_10,4904.362
1780450200,R_10,4904.238
1780450202,R_10,4904.228
1780450204,R_10,4904.216
1780450206,R_10,4904.418
1780450208,R_10,4904.393
1780450210,R_10,4904.355
1780450212,R_10,4904.353
1780450214,R_10,4904.501
1780450216,R_10,4904.61
1780450218,R_10,4904.622
1780450220,R_10,4904.582
1780450222,R_10,4904.576
1780450224,R_10,4904.692
1780450226,R_10,4904.747
1780450228,R_10,4904.848
1780450230,R_10,4904.703
1780450232,R_10,4904.697
1780450234,R_10,4904.618
1780450236,R_10,4904.77
1780450238,R_10,4904.649
1780450240,R_10,4904.581
1780450242,R_10,4904.795
1780450244,R_10,4904.734
1780450246,R_10,4904.573
1780450248,R_10,4904.622
1780450250,R_10,4904.573
1780450252,R_10,4904.661
1780450254,R_10,4904.623
1780450256,R_10,4904.624
1780450258,R_10,4904.539
1780450260,R_10,4904.434
1780450262,R_10,4904.515
1780450264,R_10,4904.499
1780450266,R_10,4904.294
1780450268,R_10,4904.104
1780450270,R_10,4904.011
1780450272,R_10,4903.924
1780450274,R_10,4904.055
1780450276,R_10,4904.157
1780450278,R_10,4904.149
1780450280,R_10,4904.174
1780450282,R_10,4903.984
1780450284,R_10,4903.852
1780450286,R_10,4903.498
1780450288,R_10,4903.567
1780450290,R_10,4903.63
1780450292,R_10,4903.529
1780450294,R_10,4903.564
1780450296,R_10,4903.402
1780450298,R_10,4903.465
1780450300,R_10,4903.559
1780450302,R_10,4903.631
1780450304,R_10,4903.781
1780450306,R_10,4903.472
1780450308,R_10,4903.358
1780450310,R_10,4903.566
1780450312,R_10,4903.364
1780450314,R_10,4903.229
1780450316,R_10,4903.214
1780450318,R_10,4903.153
1780450320,R_10,4903.163
1780450322,R_10,4903.099
1780450324,R_10,4903.261
1780450326,R_10,4903.271
1780450328,R_10,4903.31
1780450330,R_10,4903.114
1780450332,R_10,4903.242
1780450334,R_10,4903.354
1780450336,R_10,4903.523
1780450338,R_10,4903.285
1780450340,R_10,4903.07
1780450342,R_10,4903.09
1780450344,R_10,4903.004
1780450346,R_10,4903.174
1780450348,R_10,4903.264
1780450350,R_10,4903.294
1780450352,R_10,4903.373
1780450354,R_10,4903.42
1780450356,R_10,4903.297
1780450358,R_10,4903.088
1780450360,R_10,4903.063
1780450362,R_10,4903.203
1780450364,R_10,4903.109
1780450366,R_10,4903.026
1780450368,R_10,4903.17
1780450370,R_10,4903.215
1780450372,R_10,4903.112
1780450374,R_10,4903.218
1780450376,R_10,4903.314
1780450378,R_10,4902.994
1780450380,R_10,4903.124
1780450382,R_10,4903.265
1780450384,R_10,4903.331
1780450386,R_10,4903.195
1780450388,R_10,4903.268
1780450390,R_10,4903.331
1780450392,R_10,4903.466
1780450394,R_10,4903.54
1780450396,R_10,4903.628
1780450398,R_10,4903.661
1780450400,R_10,4903.776
1780450402,R_10,4903.694
1780450404,R_10,4903.91
1780450406,R_10,4903.904
1780450408,R_10,4903.81
1780450410,R_10,4903.687
1780450412,R_10,4903.672
1780450414,R_10,4903.64
1780450416,R_10,4903.856
1780450418,R_10,4903.868
1780450420,R_10,4903.778
1780450422,R_10,4903.769
1780450424,R_10,4903.679
1780450426,R_10,4903.676
1780450428,R_10,4903.652
1780450430,R_10,4903.544
1780450432,R_10,4903.658
1780450434,R_10,4903.645
1780450436,R_10,4903.648
1780450438,R_10,4903.864
1780450440,R_10,4903.898
1780450442,R_10,4904.033
1780450444,R_10,4903.814
1780450446,R_10,4903.821
1780450448,R_10,4903.805
1780450450,R_10,4904.024
1780450452,R_10,4903.921
1780450454,R_10,4903.917
1780450456,R_10,4904.031
1780450458,R_10,4904.071
1780450460,R_10,4904.109
1780450462,R_10,4904.269
1780450464,R_10,4904.163
1780450466,R_10,4904.079
1780450468,R_10,4904.015
1780450470,R_10,4903.933
1780450472,R_10,4904.057
1780450474,R_10,4903.969
1780450476,R_10,4903.977
1780450478,R_10,4904.092
1780450480,R_10,4904.261
1780450482,R_10,4904.389
1780450484,R_10,4904.24
1780450486,R_10,4904.214
1780450488,R_10,4904.385
1780450490,R_10,4904.407
1780450492,R_10,4904.302
1780450494,R_10,4904.274
1780450496,R_10,4904.371
1780450498,R_10,4904.301
1780450500,R_10,4904.303
1780450502,R_10,4904.139
1780450504,R_10,4904.177
1780450506,R_10,4904.289
1780450508,R_10,4904.503
1780450510,R_10,4904.478
1780450512,R_10,4904.454
1780450514,R_10,4904.32
1780450516,R_10,4904.238
1780450518,R_10,4904.337
1780450520,R_10,4904.22
1780450522,R_10,4904.363
1780450524,R_10,4904.465
1780450526,R_10,4904.338
1780450528,R_10,4904.496
1780450530,R_10,4904.803
1780450532,R_10,4905.006
1780450534,R_10,4904.966
1780450536,R_10,4904.961
1780450538,R_10,4904.908
1780450540,R_10,4904.891
1780450542,R_10,4904.858
1780450544,R_10,4904.95
1780450546,R_10,4905.099
1780450548,R_10,4905.183
1780450550,R_10,4905.158
1780450552,R_10,4905.035
1780450554,R_10,4905.146
1780450556,R_10,4905.115
1780450558,R_10,4905.12
1780450560,R_10,4904.984
1780450562,R_10,4905.013
1780450564,R_10,4905.178
1780450566,R_10,4904.917
1780450568,R_10,4904.976
1780450570,R_10,4904.955
1780450572,R_10,4905.049
1780450574,R_10,4905.239
1780450576,R_10,4905.328
1780450578,R_10,4905.599
1780450580,R_10,4905.528
1780450582,R_10,4905.453
1780450584,R_10,4905.476
1780450586,R_10,4905.486
1780450588,R_10,4905.351
1780450590,R_10,4905.498
1780450592,R_10,4905.712
1780450594,R_10,4905.576
1780450596,R_10,4905.454
1780450598,R_10,4905.57
1780450600,R_10,4905.771
1780450602,R_10,4905.907
1780450604,R_10,4906.17
1780450606,R_10,4906.037
1780450608,R_10,4906.015
1780450610,R_10,4906.195
1780450612,R_10,4906.348
1780450614,R_10,4906.313
1780450616,R_10,4906.099
1780450618,R_10,4906.147
1780450620,R_10,4906.301
1780450622,R_10,4906.241
1780450624,R_10,4906.367
1780450626,R_10,4906.424
1780450628,R_10,4906.687
1780450630,R_10,4906.796
1780450632,R_10,4906.654
1780450634,R_10,4906.597
1780450636,R_10,4906.505
1780450638,R_10,4906.461
1780450640,R_10,4906.482
1780450642,R_10,4906.495
1780450644,R_10,4906.558
1780450646,R_10,4906.724
1780450648,R_10,4906.889
1780450650,R_10,4906.828
1780450652,R_10,4906.713
1780450654,R_10,4906.696
1780450656,R_10,4906.646
1780450658,R_10,4906.888
1780450660,R_10,4906.69
1780450662,R_10,4906.581
1780450664,R_10,4906.649
1780450666,R_10,4906.359
1780450668,R_10,4906.59
1780450670,R_10,4906.666
1780450672,R_10,4906.502
1780450674,R_10,4906.483
1780450676,R_10,4906.238
1780450678,R_10,4906.264
1780450680,R_10,4906.279
1780450682,R_10,4906.101
1780450684,R_10,4905.951
1780450686,R_10,4905.919
1780450688,R_10,4905.901
1780450690,R_10,4905.884
1780450692,R_10,4906.172
1780450694,R_10,4906.266
1780450696,R_10,4906.08
1780450698,R_10,4906.206
1780450700,R_10,4906.172
1780450702,R_10,4906.104
1780450704,R_10,4905.923
1780450706,R_10,4906.089
1780450708,R_10,4906.263
1780450710,R_10,4906.366
1780450712,R_10,4906.36
1780450714,R_10,4906.533
1780450716,R_10,4906.527
1780450718,R_10,4906.572
1780450720,R_10,4906.376
1780450722,R_10,4906.443
1780450724,R_10,4906.511
1780450726,R_10,4906.572
1780450728,R_10,4906.457
1780450730,R_10,4906.422
1780450732,R_10,4906.385
1780450734,R_10,4906.475
1780450736,R_10,4906.488
1780450738,R_10,4906.513
1780450740,R_10,4906.547
1780450742,R_10,4906.354
1780450744,R_10,4906.336
1780450746,R_10,4906.342
1780450748,R_10,4906.315
1780450750,R_10,4906.534
1780450752,R_10,4906.715
1780450754,R_10,4906.705
1780450756,R_10,4906.648
1780450758,R_10,4906.672
1780450760,R_10,4906.686
1780450762,R_10,4906.575
1780450764,R_10,4906.665
1780450766,R_10,4906.608
1780450768,R_10,4906.515
1780450770,R_10,4906.502
1780450772,R_10,4906.517
1780450774,R_10,4906.582
1780450776,R_10,4906.893
1780450778,R_10,4906.962
1780450780,R_10,4906.913
1780450782,R_10,4907.043
1780450784,R_10,4907.116
1780450786,R_10,4907.131
1780450788,R_10,4907.077
1780450790,R_10,4907.098
1780450792,R_10,4906.861
1780450794,R_10,4906.806
1780450796,R_10,4906.798
1780450798,R_10,4906.835
1780450800,R_10,4907.054
1780450802,R_10,4907.113
1780450804,R_10,4907.09
1780450806,R_10,4907.245
1780450808,R_10,4907.355
1780450810,R_10,4907.256
1780450812,R_10,4907.386
1780450814,R_10,4907.421
1780450816,R_10,4907.536
1780450818,R_10,4907.5
1780450820,R_10,4907.556
1780450822,R_10,4907.546
1780450824,R_10,4907.603
1780450826,R_10,4907.4
1780450828,R_10,4907.435
1780450830,R_10,4907.569
1780450832,R_10,4907.504
1780450834,R_10,4907.502
1780450836,R_10,4907.448
1780450838,R_10,4907.808
1780450840,R_10,4907.67
1780450842,R_10,4907.612
1780450844,R_10,4907.709
1780450846,R_10,4907.873
1780450848,R_10,4907.905
1780450850,R_10,4907.99
1780450852,R_10,4908.015
1780450854,R_10,4908.078
1780450856,R_10,4908.099
1780450858,R_10,4908.178
1780450860,R_10,4908.111
1780450862,R_10,4908.189
1780450864,R_10,4907.97
1780450866,R_10,4908
1780450868,R_10,4907.818
1780450870,R_10,4907.983
1780450872,R_10,4908.199
1780450874,R_10,4908.082
1780450876,R_10,4908.061
1780450878,R_10,4908.176
1780450880,R_10,4908.185
1780450882,R_10,4907.958
1780450884,R_10,4907.83
1780450886,R_10,4907.967
1780450888,R_10,4907.929
1780450890,R_10,4908.023
1780450892,R_10,4908.013
1780450894,R_10,4908.123
1780450896,R_10,4908.078
1780450898,R_10,4908.07
1780450900,R_10,4907.909
1780450902,R_10,4907.925
1780450904,R_10,4907.858
1780450906,R_10,4907.869
1780450908,R_10,4907.94
1780450910,R_10,4907.985
1780450912,R_10,4908.036
1780450914,R_10,4908.08
1780450916,R_10,4908.042
1780450918,R_10,4908.041
1780450920,R_10,4908.268
1780450922,R_10,4908.11
1780450924,R_10,4907.98
1780450926,R_10,4908.068
1780450928,R_10,4907.987
1780450930,R_10,4908.164
1780450932,R_10,4908.118
1780450934,R_10,4908.178
1780450936,R_10,4908.255
1780450938,R_10,4908.288
1780450940,R_10,4908.233
1780450942,R_10,4908.293
1780450944,R_10,4908.379
1780450946,R_10,4908.157
1780450948,R_10,4908.318
1780450950,R_10,4908.254
1780450952,R_10,4908.239
1780450954,R_10,4907.827
1780450956,R_10,4907.971
1780450958,R_10,4908.078
1780450960,R_10,4908.193
1780450962,R_10,4908.193
1780450964,R_10,4908.043
1780450966,R_10,4908.157
1780450968,R_10,4908.239
1780450970,R_10,4908.113
1780450972,R_10,4907.874
1780450974,R_10,4907.839
1780450976,R_10,4907.736
1780450978,R_10,4907.599
1780450980,R_10,4907.699
1780450982,R_10,4907.866
1780450984,R_10,4907.681
1780450986,R_10,4907.721
1780450988,R_10,4907.562
1780450990,R_10,4907.679
1780450992,R_10,4907.754
1780450994,R_10,4907.601
1780450996,R_10,4907.756
1780450998,R_10,4907.88
1780451000,R_10,4907.89
1780451002,R_10,4907.859
1780451004,R_10,4907.852
1780451006,R_10,4907.633
1780451008,R_10,4907.983
1780451010,R_10,4908.008
1780451012,R_10,4907.807
1780451014,R_10,4907.971
1780451016,R_10,4908.089
1780451018,R_10,4908.044
1780451020,R_10,4908.092
1780451022,R_10,4908.079
1780451024,R_10,4908.177
1780451026,R_10,4908.366
1780451028,R_10,4908.423
1780451030,R_10,4908.317
1780451032,R_10,4908.662
1780451034,R_10,4908.634
1780451036,R_10,4908.748
1780451038,R_10,4908.776
1780451040,R_10,4908.799
1780451042,R_10,4908.808
1780451044,R_10,4908.795
1780451046,R_10,4908.74
1780451048,R_10,4908.585
1780451050,R_10,4908.458
1780451052,R_10,4908.666
1780451054,R_10,4908.592
1780451056,R_10,4908.496
1780451058,R_10,4908.48
1780451060,R_10,4908.452
1780451062,R_10,4908.48
1780451064,R_10,4908.748
1780451066,R_10,4908.741
1780451068,R_10,4908.922
1780451070,R_10,4908.998
1780451072,R_10,4909.067
1780451074,R_10,4909.248
1780451076,R_10,4909.351
1780451078,R_10,4909.262
1780451080,R_10,4909.478
1780451082,R_10,4909.422
1780451084,R_10,4909.4
1780451086,R_10,4909.325
1780451088,R_10,4909.268
1780451090,R_10,4909.369
1780451092,R_10,4909.345
1780451094,R_10,4909.493
1780451096,R_10,4909.426
1780451098,R_10,4909.49
1780451100,R_10,4909.328
1780451102,R_10,4909.247
1780451104,R_10,4909.112
1780451106,R_10,4909.035
1780451108,R_10,4909.081
1780451110,R_10,4909.116
1780451112,R_10,4908.934
1780451114,R_10,4908.918
1780451116,R_10,4908.89
1780451118,R_10,4908.932
1780451120,R_10,4909.143
1780451122,R_10,4909.306
1780451124,R_10,4909.266
1780451126,R_10,4909.426
1780451128,R_10,4909.491
1780451130,R_10,4909.496
1780451132,R_10,4909.509
1780451134,R_10,4909.669
1780451136,R_10,4909.838
1780451138,R_10,4909.906
1780451140,R_10,4909.742
1780451142,R_10,4909.789
1780451144,R_10,4909.808
1780451146,R_10,4909.581
1780451148,R_10,4909.505
1780451150,R_10,4909.281
1780451152,R_10,4909.489
1780451154,R_10,4909.52
1780451156,R_10,4909.516
1780451158,R_10,4909.438
1780451160,R_10,4909.457
1780451162,R_10,4909.446
1780451164,R_10,4909.409
1780451166,R_10,4909.486
1780451168,R_10,4909.459
1780451170,R_10,4909.412
1780451172,R_10,4909.437
1780451174,R_10,4909.514
1780451176,R_10,4909.549
1780451178,R_10,4909.274
1780451180,R_10,4909.417
1780451182,R_10,4909.282
1780451184,R_10,4909.38
1780451186,R_10,4909.448
1780451188,R_10,4909.534
1780451190,R_10,4909.431
1780451192,R_10,4909.583
1780451194,R_10,4909.592
1780451196,R_10,4909.573
1780451198,R_10,4909.647
1780451200,R_10,4909.752
1780451202,R_10,4909.665
1780451204,R_10,4909.579
1780451206,R_10,4909.84
1780451208,R_10,4909.968
1780451210,R_10,4910.072
1780451212,R_10,4910.067
1780451214,R_10,4910.096
1780451216,R_10,4909.964
1780451218,R_10,4909.626
1780451220,R_10,4909.462
1780451222,R_10,4909.651
1780451224,R_10,4909.836
1780451226,R_10,4909.79
1780451228,R_10,4909.779
1780451230,R_10,4909.701
1780451232,R_10,4909.722
1780451234,R_10,4909.727
1780451236,R_10,4909.608
1780451238,R_10,4909.394
1780451240,R_10,4909.492
1780451242,R_10,4909.339
1780451244,R_10,4909.422
1780451246,R_10,4909.376
1780451248,R_10,4909.582
1780451250,R_10,4909.555
1780451252,R_10,4909.727
1780451254,R_10,4909.697
1780451256,R_10,4909.5
1780451258,R_10,4909.487
1780451260,R_10,4909.432
1780451262,R_10,4909.431
1780451264,R_10,4909.488
1780451266,R_10,4909.41
1780451268,R_10,4909.356
1780451270,R_10,4909.305
1780451272,R_10,4909.288
1780451274,R_10,4909.313
1780451276,R_10,4909.246
1780451278,R_10,4909.204
1780451280,R_10,4909.183
1780451282,R_10,4909.207
1780451284,R_10,4909
1780451286,R_10,4909.068
1780451288,R_10,4909.022
1780451290,R_10,4909.159
1780451292,R_10,4909.184
1780451294,R_10,4909.067
1780451296,R_10,4908.967
1780451298,R_10,4908.792
1780451300,R_10,4908.691
1780451302,R_10,4908.77
1780451304,R_10,4908.895
1780451306,R_10,4908.951
1780451308,R_10,4908.953
1780451310,R_10,4909.197
1780451312,R_10,4909.144
1780451314,R_10,4909.229
1780451316,R_10,4909.325
1780451318,R_10,4909.128
1780451320,R_10,4909.159
1780451322,R_10,4909.2
1780451324,R_10,4909.109
1780451326,R_10,4908.936
1780451328,R_10,4908.905
1780451330,R_10,4908.885
1780451332,R_10,4908.963
1780451334,R_10,4908.983
1780451336,R_10,4908.929
1780451338,R_10,4908.793
1780451340,R_10,4908.904
1780451342,R_10,4909.259
1780451344,R_10,4909.207
1780451346,R_10,4909.079
1780451348,R_10,4908.907
1780451350,R_10,4908.933
1780451352,R_10,4909.125
1780451354,R_10,4909.174
1780451356,R_10,4909.185
1780451358,R_10,4909.218
1780451360,R_10,4909.155
1780451362,R_10,4909.143
1780451364,R_10,4909.05
1780451366,R_10,4908.985
1780451368,R_10,4909.051
1780451370,R_10,4909.157
1780451372,R_10,4909.168
1780451374,R_10,4909.265
1780451376,R_10,4909.292
1780451378,R_10,4909.359
1780451380,R_10,4909.289
1780451382,R_10,4909.244
1780451384,R_10,4909.162
1780451386,R_10,4909.166
1780451388,R_10,4909.02
1780451390,R_10,4908.881
1780451392,R_10,4908.936
1780451394,R_10,4908.81
1780451396,R_10,4908.728
1780451398,R_10,4908.769
1780451400,R_10,4908.762
1780451402,R_10,4908.933
1780451404,R_10,4908.664
1780451406,R_10,4908.736
1780451408,R_10,4908.721
1780451410,R_10,4908.585
1780451412,R_10,4908.694
1780451414,R_10,4908.887
1780451416,R_10,4908.918
1780451418,R_10,4908.713
1780451420,R_10,4908.562
1780451422,R_10,4908.439
1780451424,R_10,4908.517
1780451426,R_10,4908.503
1780451428,R_10,4908.404
1780451430,R_10,4908.524
1780451432,R_10,4908.611
1780451434,R_10,4908.497
1780451436,R_10,4908.56
1780451438,R_10,4908.551
1780451440,R_10,4908.533
1780451442,R_10,4908.693
1780451444,R_10,4908.618
1780451446,R_10,4908.501
1780451448,R_10,4908.679
1780451450,R_10,4908.726
1780451452,R_10,4908.643
1780451454,R_10,4908.413
1780451456,R_10,4908.646
1780451458,R_10,4908.668
1780451460,R_10,4908.643
1780451462,R_10,4908.687
1780451464,R_10,4908.794
1780451466,R_10,4908.675
1780451468,R_10,4908.502
1780451470,R_10,4908.271
1780451472,R_10,4908.298
1780451474,R_10,4908.324
1780451476,R_10,4908.435
1780451478,R_10,4908.601
1780451480,R_10,4908.716
1780451482,R_10,4908.888
1780451484,R_10,4908.963
1780451486,R_10,4908.84
1780451488,R_10,4908.732
1780451490,R_10,4908.785
1780451492,R_10,4908.623
1780451494,R_10,4908.67
1780451496,R_10,4908.567
1780451498,R_10,4908.681
1780451500,R_10,4908.578
1780451502,R_10,4908.669
1780451504,R_10,4908.768
1780451506,R_10,4908.727
1780451508,R_10,4908.689
1780451510,R_10,4908.75
1780451512,R_10,4908.714
1780451514,R_10,4908.662
1780451516,R_10,4908.698
1780451518,R_10,4908.564
1780451520,R_10,4908.564
1780451522,R_10,4908.724
1780451524,R_10,4908.636
1780451526,R_10,4908.871
1780451528,R_10,4908.87
1780451530,R_10,4909.036
1780451532,R_10,4908.986
1780451534,R_10,4909.144
1780451536,R_10,4908.986
1780451538,R_10,4908.916
1780451540,R_10,4909.177
1780451542,R_10,4909.252
1780451544,R_10,4909.117
1780451546,R_10,4909.173
1780451548,R_10,4909.274
1780451550,R_10,4909.275
1780451552,R_10,4909.285
1780451554,R_10,4909.405
1780451556,R_10,4909.507
1780451558,R_10,4909.489
1780451560,R_10,4909.395
1780451562,R_10,4909.442
1780451564,R_10,4909.422
1780451566,R_10,4909.598
1780451568,R_10,4909.708
1780451570,R_10,4909.629
1780451572,R_10,4909.675
1780451574,R_10,4909.487
1780451576,R_10,4909.635
1780451578,R_10,4909.514
1780451580,R_10,4909.243
1780451582,R_10,4909.236
1780451584,R_10,4909.29
1780451586,R_10,4909.079
1780451588,R_10,4909.332
1780451590,R_10,4909.407
1780451592,R_10,4909.345
1780451594,R_10,4909.399
1780451596,R_10,4909.462
1780451598,R_10,4909.521
1780451600,R_10,4909.498
1780451602,R_10,4909.387
1780451604,R_10,4909.661
1780451606,R_10,4909.604
1780451608,R_10,4909.552
1780451610,R_10,4909.637
1780451612,R_10,4909.695
1780451614,R_10,4909.417
1780451616,R_10,4909.505
1780451618,R_10,4909.563
1780451620,R_10,4909.681
1780451622,R_10,4909.749
1780451624,R_10,4909.56
1780451626,R_10,4909.652
1780451628,R_10,4909.516
1780451630,R_10,4909.711
1780451632,R_10,4909.68
1780451634,R_10,4909.602
1780451636,R_10,4909.7
1780451638,R_10,4909.714
1780451640,R_10,4909.566
1780451642,R_10,4909.569
1780451644,R_10,4909.37
1780451646,R_10,4909.191
1780451648,R_10,4909.131
1780451650,R_10,4909.241
1780451652,R_10,4909.35
1780451654,R_10,4909.243
1780451656,R_10,4909.283
1780451658,R_10,4909.139
1780451660,R_10,4909.024
1780451662,R_10,4908.989
1780451664,R_10,4908.87
1780451666,R_10,4908.784
1780451668,R_10,4908.779
1780451670,R_10,4909.008
1780451672,R_10,4909.087
1780451674,R_10,4909.064
1780451676,R_10,4909.026
1780451678,R_10,4908.971
1780451680,R_10,4908.894
1780451682,R_10,4908.76
1780451684,R_10,4908.779
1780451686,R_10,4908.741
1780451688,R_10,4908.888
1780451690,R_10,4908.787
1780451692,R_10,4908.675
1780451694,R_10,4908.376
1780451696,R_10,4908.274
1780451698,R_10,4908.083
1780451700,R_10,4908.175
1780451702,R_10,4908.028
1780451704,R_10,4908.082
1780451706,R_10,4908.176
1780451708,R_10,4908.237
1780451710,R_10,4908.125
1780451712,R_10,4908.158
1780451714,R_10,4907.962
1780451716,R_10,4907.93
1780451718,R_10,4908.145
1780451720,R_10,4908.222
1780451722,R_10,4908.33
1780451724,R_10,4908.245
1780451726,R_10,4908.21
1780451728,R_10,4908.525
1780451730,R_10,4908.793
1780451732,R_10,4908.985
1780451734,R_10,4908.86
1780451736,R_10,4908.987
1780451738,R_10,4909.036
1780451740,R_10,4909.073
1780451742,R_10,4909.091
1780451744,R_10,4909.205
1780451746,R_10,4909.249
1780451748,R_10,4909.053
1780451750,R_10,4908.868
1780451752,R_10,4908.743
1780451754,R_10,4908.621
1780451756,R_10,4908.683
1780451758,R_10,4908.636
1780451760,R_10,4908.681
1780451762,R_10,4908.894
1780451764,R_10,4908.836
1780451766,R_10,4908.794
1780451768,R_10,4908.842
1780451770,R_10,4908.92
1780451772,R_10,4909.037
1780451774,R_10,4908.879
1780451776,R_10,4908.901
1780451778,R_10,4908.904
1780451780,R_10,4908.904
1780451782,R_10,4908.902
1780451784,R_10,4908.784
1780451786,R_10,4908.836
1780451788,R_10,4908.958
1780451790,R_10,4908.883
1780451792,R_10,4908.961
1780451794,R_10,4908.956
1780451796,R_10,4909.055
1780451798,R_10,4909.024
1780451800,R_10,4908.966
1780451802,R_10,4909.073
1780451804,R_10,4909.202
1780451806,R_10,4909.248
1780451808,R_10,4909.253
1780451810,R_10,4909.23
1780451812,R_10,4909.369
1780451814,R_10,4909.551
1780451816,R_10,4909.787
1780451818,R_10,4909.613
1780451820,R_10,4909.743
1780451822,R_10,4909.8
1780451824,R_10,4909.699
1780451826,R_10,4909.761
1780451828,R_10,4909.806
1780451830,R_10,4909.827
1780451832,R_10,4909.852
1780451834,R_10,4910.055
1780451836,R_10,4910.059
1780451838,R_10,4910.149
1780451840,R_10,4910.183
1780451842,R_10,4910.111
1780451844,R_10,4910.116
1780451846,R_10,4909.942
1780451848,R_10,4909.888
1780451850,R_10,4909.883
1780451852,R_10,4909.895
1780451854,R_10,4909.673
1780451856,R_10,4909.754
1780451858,R_10,4909.884
1780451860,R_10,4909.932
1780451862,R_10,4909.863
1780451864,R_10,4909.811
1780451866,R_10,4909.884
1780451868,R_10,4910.017
1780451870,R_10,4910.098
1780451872,R_10,4910.392
1780451874,R_10,4910.597
1780451876,R_10,4910.459
1780451878,R_10,4910.411
1780451880,R_10,4910.481
1780451882,R_10,4910.31
1780451884,R_10,4910.192
1780451886,R_10,4910.304
1780451888,R_10,4910.455
1780451890,R_10,4910.291
1780451892,R_10,4909.987
1780451894,R_10,4909.683
1780451896,R_10,4909.676
1780451898,R_10,4909.522
1780451900,R_10,4909.631
1780451902,R_10,4909.693
1780451904,R_10,4909.609
1780451906,R_10,4909.866
1780451908,R_10,4910.104
1780451910,R_10,4910.214
1780451912,R_10,4910.316
1780451914,R_10,4910.248
1780451916,R_10,4910.178
1780451918,R_10,4910.01
1780451920,R_10,4910.109
1780451922,R_10,4910.092
1780451924,R_10,4910.188
1780451926,R_10,4910.218
1780451928,R_10,4910.205
1780451930,R_10,4910.168
1780451932,R_10,4910.318
1780451934,R_10,4910.208
1780451936,R_10,4910.195
1780451938,R_10,4910.14
1780451940,R_10,4910.102
1780451942,R_10,4910.339
1780451944,R_10,4910.479
1780451946,R_10,4910.433
1780451948,R_10,4910.477
1780451950,R_10,4910.482
1780451952,R_10,4910.403
1780451954,R_10,4910.303
1780451956,R_10,4910.397
1780451958,R_10,4910.229
1780451960,R_10,4910.185
1780451962,R_10,4910.022
1780451964,R_10,4910.078
1780451966,R_10,4910.062
1780451968,R_10,4909.645
1780451970,R_10,4909.561
1780451972,R_10,4909.458
1780451974,R_10,4909.31
1780451976,R_10,4909.252
1780451978,R_10,4909.354
1780451980,R_10,4909.492
1780451982,R_10,4909.42
1780451984,R_10,4909.292
1780451986,R_10,4909.267
1780451988,R_10,4909.412
1780451990,R_10,4909.617
1780451992,R_10,4909.704
1780451994,R_10,4909.548
1780451996,R_10,4909.516
1780451998,R_10,4909.588
1780452000,R_10,4909.407
1780452002,R_10,4909.31
1780452004,R_10,4909.102
1780452006,R_10,4908.953
1780452008,R_10,4908.873
1780452010,R_10,4908.944
1780452012,R_10,4908.971
1780452014,R_10,4908.975
1780452016,R_10,4909.111
1780452018,R_10,4909.281
1780452020,R_10,4909.289
1780452022,R_10,4909.273
1780452024,R_10,4909.116
1780452026,R_10,4909.102
1780452028,R_10,4909.299
1780452030,R_10,4909.237
1780452032,R_10,4909.253
1780452034,R_10,4909.157
1780452036,R_10,4909.066
1780452038,R_10,4909.065
1780452040,R_10,4909.013
1780452042,R_10,4908.971
1780452044,R_10,4909.086
1780452046,R_10,4909.134
1780452048,R_10,4908.956
1780452050,R_10,4908.92
1780452052,R_10,4908.863
1780452054,R_10,4908.802
1780452056,R_10,4908.831
1780452058,R_10,4908.659
1780452060,R_10,4908.655
1780452062,R_10,4908.706
1780452064,R_10,4908.67
1780452066,R_10,4908.744
1780452068,R_10,4908.629
1780452070,R_10,4908.588
1780452072,R_10,4908.637
1780452074,R_10,4908.528
1780452076,R_10,4908.432
1780452078,R_10,4908.37
1780452080,R_10,4908.448
1780452082,R_10,4908.375
1780452084,R_10,4908.475
1780452086,R_10,4908.602
1780452088,R_10,4908.731
1780452090,R_10,4908.953
1780452092,R_10,4909.048
1780452094,R_10,4909.004
1780452096,R_10,4909.298
1780452098,R_10,4909.393
1780452100,R_10,4909.439
1780452102,R_10,4909.504
1780452104,R_10,4909.366
1780452106,R_10,4909.06
1780452108,R_10,4909.023
1780452110,R_10,4908.981
1780452112,R_10,4909.052
1780452114,R_10,4908.988
1780452116,R_10,4909.096
1780452118,R_10,4908.953
1780452120,R_10,4908.896
1780452122,R_10,4908.999
1780452124,R_10,4909.101
1780452126,R_10,4909.179
1780452128,R_10,4909.097
1780452130,R_10,4909.164
1780452132,R_10,4909.297
1780452134,R_10,4909.56
1780452136,R_10,4909.613
1780452138,R_10,4909.543
1780452140,R_10,4909.638
1780452142,R_10,4909.718
1780452144,R_10,4909.736
1780452146,R_10,4909.917
1780452148,R_10,4909.728
1780452150,R_10,4909.85
1780452152,R_10,4909.972
1780452154,R_10,4910.138
1780452156,R_10,4910.18
1780452158,R_10,4910.155
1780452160,R_10,4910.154
1780452162,R_10,4910.04
1780452164,R_10,4909.866
1780452166,R_10,4909.733
1780452168,R_10,4909.558
1780452170,R_10,4909.731
1780452172,R_10,4909.653
1780452174,R_10,4909.759
1780452176,R_10,4909.67
1780452178,R_10,4909.635
1780452180,R_10,4909.541
1780452182,R_10,4909.737
1780452184,R_10,4909.583
1780452186,R_10,4909.994
1780452188,R_10,4910.058
1780452190,R_10,4910.038
1780452192,R_10,4909.909
1780452194,R_10,4909.952
1780452196,R_10,4909.725
1780452198,R_10,4909.753
1780452200,R_10,4909.746
1780452202,R_10,4909.877
1780452204,R_10,4909.869
1780452206,R_10,4909.688
1780452208,R_10,4909.611
1780452210,R_10,4909.593
1780452212,R_10,4909.653
1780452214,R_10,4909.604
1780452216,R_10,4909.572
1780452218,R_10,4909.729
1780452220,R_10,4909.77
1780452222,R_10,4909.858
1780452224,R_10,4909.845
1780452226,R_10,4909.785
1780452228,R_10,4909.771
1780452230,R_10,4909.791
1780452232,R_10,4909.862
1780452234,R_10,4909.636
1780452236,R_10,4909.78
1780452238,R_10,4909.951
1780452240,R_10,4909.92
1780452242,R_10,4909.766
1780452244,R_10,4909.975
1780452246,R_10,4909.878
1780452248,R_10,4909.962
1780452250,R_10,4909.994
1780452252,R_10,4909.829
1780452254,R_10,4909.763
1780452256,R_10,4909.714
1780452258,R_10,4909.891
1780452260,R_10,4909.879
1780452262,R_10,4909.908
1780452264,R_10,4909.752
1780452266,R_10,4909.754
1780452268,R_10,4909.758
1780452270,R_10,4909.923
1780452272,R_10,4910.069
1780452274,R_10,4909.952
1780452276,R_10,4910.103
1780452278,R_10,4910.02
1780452280,R_10,4909.799
1780452282,R_10,4909.772
1780452284,R_10,4909.701
1780452286,R_10,4909.67
1780452288,R_10,4909.568
1780452290,R_10,4909.525
1780452292,R_10,4909.562
1780452294,R_10,4909.546
1780452296,R_10,4909.622
1780452298,R_10,4909.468
1780452300,R_10,4909.458
1780452302,R_10,4909.293
1780452304,R_10,4909.164
1780452306,R_10,4909.16
1780452308,R_10,4909.193
1780452310,R_10,4909.088
1780452312,R_10,4908.997
1780452314,R_10,4909.242
1780452316,R_10,4909.211
1780452318,R_10,4909.228
1780452320,R_10,4909.338
1780452322,R_10,4909.371
1780452324,R_10,4909.438
1780452326,R_10,4909.378
1780452328,R_10,4909.267
1780452330,R_10,4909.392
1780452332,R_10,4909.317
1780452334,R_10,4909.019
1780452336,R_10,4909.012
1780452338,R_10,4909.128
1780452340,R_10,4909.131
1780452342,R_10,4909.109
1780452344,R_10,4909.01
1780452346,R_10,4908.913
1780452348,R_10,4909.169
1780452350,R_10,4908.9
1780452352,R_10,4908.834
1780452354,R_10,4908.909
1780452356,R_10,4908.97
1780452358,R_10,4909.084
1780452360,R_10,4909.087
1780452362,R_10,4909.12
1780452364,R_10,4909.296
1780452366,R_10,4909.211
1780452368,R_10,4909.194
1780452370,R_10,4909.217
1780452372,R_10,4908.973
1780452374,R_10,4908.822
1780452376,R_10,4908.777
1780452378,R_10,4908.636
1780452380,R_10,4908.6
1780452382,R_10,4908.539
1780452384,R_10,4908.57
1780452386,R_10,4908.632
1780452388,R_10,4908.67
1780452390,R_10,4908.666
1780452392,R_10,4908.716
1780452394,R_10,4908.971
1780452396,R_10,4909.158
1780452398,R_10,4909.198
1780452400,R_10,4909.386
1780452402,R_10,4909.544
1780452404,R_10,4909.711
1780452406,R_10,4909.647
1780452408,R_10,4909.734
1780452410,R_10,4909.901
1780452412,R_10,4909.901
1780452414,R_10,4909.932
1780452416,R_10,4909.858
1780452418,R_10,4909.803
1780452420,R_10,4909.981
1780452422,R_10,4909.897
1780452424,R_10,4909.722
1780452426,R_10,4909.615
1780452428,R_10,4909.654
1780452430,R_10,4909.603
1780452432,R_10,4909.532
1780452434,R_10,4909.368
1780452436,R_10,4909.299
1780452438,R_10,4909.154
1780452440,R_10,4909.056
1780452442,R_10,4908.901
1780452444,R_10,4909.008
1780452446,R_10,4908.904
1780452448,R_10,4908.907
1780452450,R_10,4908.884
1780452452,R_10,4908.838
1780452454,R_10,4908.765
1780452456,R_10,4908.722
1780452458,R_10,4908.594
1780452460,R_10,4908.626
1780452462,R_10,4908.699
1780452464,R_10,4908.661
1780452466,R_10,4908.534
1780452468,R_10,4908.777
1780452470,R_10,4908.645
1780452472,R_10,4908.497
1780452474,R_10,4908.425
1780452476,R_10,4908.335
1780452478,R_10,4908.322
1780452480,R_10,4908.377
1780452482,R_10,4908.156
1780452484,R_10,4908.089
1780452486,R_10,4908.305
1780452488,R_10,4908.251
1780452490,R_10,4908.194
1780452492,R_10,4908.097
1780452494,R_10,4907.916
1780452496,R_10,4907.978
1780452498,R_10,4907.902
1780452500,R_10,4907.928
1780452502,R_10,4908.064
1780452504,R_10,4908.146
1780452506,R_10,4908.156
1780452508,R_10,4908.267
1780452510,R_10,4908.25
1780452512,R_10,4908.207
1780452514,R_10,4908.221
1780452516,R_10,4908.272
1780452518,R_10,4908.397
1780452520,R_10,4908.249
1780452522,R_10,4908.284
1780452524,R_10,4908.24
1780452526,R_10,4907.93
1780452528,R_10,4908.15
1780452530,R_10,4908.198
1780452532,R_10,4908.081
1780452534,R_10,4908.155
1780452536,R_10,4907.971
1780452538,R_10,4908.046
1780452540,R_10,4907.866
1780452542,R_10,4907.92
1780452544,R_10,4907.963
1780452546,R_10,4907.977
1780452548,R_10,4907.992
1780452550,R_10,4908.051
1780452552,R_10,4908.087
1780452554,R_10,4907.967
1780452556,R_10,4908.13
1780452558,R_10,4907.933
1780452560,R_10,4908.076
1780452562,R_10,4907.984
1780452564,R_10,4907.953
1780452566,R_10,4907.808
1780452568,R_10,4907.922
1780452570,R_10,4907.815
1780452572,R_10,4907.648
1780452574,R_10,4907.587
1780452576,R_10,4907.667
1780452578,R_10,4907.516
1780452580,R_10,4907.731
1780452582,R_10,4907.497
1780452584,R_10,4907.679
1780452586,R_10,4907.5
1780452588,R_10,4907.407
1780452590,R_10,4907.537
1780452592,R_10,4907.548
1780452594,R_10,4907.509
1780452596,R_10,4907.423
1780452598,R_10,4907.31
1780452600,R_10,4907.329
1780452602,R_10,4907.329
1780452604,R_10,4907.004
1780452606,R_10,4907.008
1780452608,R_10,4906.852
1780452610,R_10,4906.789
1780452612,R_10,4906.796
1780452614,R_10,4906.668
1780452616,R_10,4906.716
1780452618,R_10,4906.669
1780452620,R_10,4906.75
1780452622,R_10,4906.838
1780452624,R_10,4906.686
1780452626,R_10,4906.718
1780452628,R_10,4906.725
1780452630,R_10,4906.662
1780452632,R_10,4906.644
1780452634,R_10,4906.671
1780452636,R_10,4906.489
1780452638,R_10,4906.493
1780452640,R_10,4906.621
1780452642,R_10,4906.574
1780452644,R_10,4906.673
1780452646,R_10,4906.6
1780452648,R_10,4906.448
1780452650,R_10,4906.613
1780452652,R_10,4906.654
1780452654,R_10,4906.402
1780452656,R_10,4906.296
1780452658,R_10,4906.397
1780452660,R_10,4906.167
1780452662,R_10,4906.255
1780452664,R_10,4906.34
1780452666,R_10,4906.384
1780452668,R_10,4906.351
1780452670,R_10,4906.235
1780452672,R_10,4906.174
1780452674,R_10,4906.222
1780452676,R_10,4906.349
1780452678,R_10,4906.473
1780452680,R_10,4906.227
1780452682,R_10,4906.249
1780452684,R_10,4906.48
1780452686,R_10,4906.368
1780452688,R_10,4906.347
1780452690,R_10,4906.356
1780452692,R_10,4906.363
1780452694,R_10,4906.391
1780452696,R_10,4906.577
1780452698,R_10,4906.39
1780452700,R_10,4906.419
1780452702,R_10,4906.559
1780452704,R_10,4906.56
1780452706,R_10,4906.662
1780452708,R_10,4906.652
1780452710,R_10,4906.574
1780452712,R_10,4906.671
1780452714,R_10,4906.643
1780452716,R_10,4906.542
1780452718,R_10,4906.397
1780452720,R_10,4906.427
1780452722,R_10,4906.554
1780452724,R_10,4906.482
1780452726,R_10,4906.347
1780452728,R_10,4906.303
1780452730,R_10,4906.049
1780452732,R_10,4906.226
1780452734,R_10,4906.3
1780452736,R_10,4906.311
1780452738,R_10,4906.475
1780452740,R_10,4906.787
1780452742,R_10,4906.813
1780452744,R_10,4906.821
1780452746,R_10,4907.037
1780452748,R_10,4906.994
1780452750,R_10,4906.818
1780452752,R_10,4906.817
1780452754,R_10,4906.83
1780452756,R_10,4906.701
1780452758,R_10,4906.742
1780452760,R_10,4906.752
1780452762,R_10,4906.628
1780452764,R_10,4906.712
1780452766,R_10,4906.809
1780452768,R_10,4906.774
1780452770,R_10,4906.733
1780452772,R_10,4906.674
1780452774,R_10,4906.863
1780452776,R_10,4906.829
1780452778,R_10,4906.909
1780452780,R_10,4907.051
1780452782,R_10,4907.217
1780452784,R_10,4907.3
1780452786,R_10,4907.281
1780452788,R_10,4907.372
1780452790,R_10,4907.493
1780452792,R_10,4907.535
1780452794,R_10,4907.619
1780452796,R_10,4907.496
1780452798,R_10,4907.6
1780452800,R_10,4907.836
1780452802,R_10,4907.755
1780452804,R_10,4907.859
1780452806,R_10,4907.915
1780452808,R_10,4907.926
1780452810,R_10,4907.877
1780452812,R_10,4907.87
1780452814,R_10,4907.98
1780452816,R_10,4907.79
1780452818,R_10,4907.664
1780452820,R_10,4907.518
1780452822,R_10,4907.491
1780452824,R_10,4907.662
1780452826,R_10,4907.657
1780452828,R_10,4907.787
1780452830,R_10,4907.751
1780452832,R_10,4907.804
1780452834,R_10,4907.844
1780452836,R_10,4908.054
1780452838,R_10,4907.851
1780452840,R_10,4907.693
1780452842,R_10,4907.517
1780452844,R_10,4907.43
1780452846,R_10,4907.389
1780452848,R_10,4907.128
1780452850,R_10,4906.957
1780452852,R_10,4907.121
1780452854,R_10,4907.049
1780452856,R_10,4906.922
1780452858,R_10,4907.137
1780452860,R_10,4907.145
1780452862,R_10,4907.039
1780452864,R_10,4906.861
1780452866,R_10,4906.942
1780452868,R_10,4906.929
1780452870,R_10,4907.119
1780452872,R_10,4906.915
1780452874,R_10,4906.967
1780452876,R_10,4907.051
1780452878,R_10,4906.944
1780452880,R_10,4906.709
1780452882,R_10,4906.839
1780452884,R_10,4906.996
1780452886,R_10,4906.987
1780452888,R_10,4907.223
1780452890,R_10,4907.298
1780452892,R_10,4907.052
1780452894,R_10,4907.026
1780452896,R_10,4907.172
1780452898,R_10,4907.155
1780452900,R_10,4907.078
1780452902,R_10,4907.035
1780452904,R_10,4906.861
1780452906,R_10,4906.868
1780452908,R_10,4906.928
1780452910,R_10,4907.114
1780452912,R_10,4907.209
1780452914,R_10,4907.27
1780452916,R_10,4907.159
1780452918,R_10,4907.344
1780452920,R_10,4907.486
1780452922,R_10,4907.256
1780452924,R_10,4907.4
1780452926,R_10,4907.348
1780452928,R_10,4907.225
1780452930,R_10,4907.351
1780452932,R_10,4907.323
1780452934,R_10,4907.462
1780452936,R_10,4907.359
1780452938,R_10,4907.391
1780452940,R_10,4907.394
1780452942,R_10,4907.301
1780452944,R_10,4907.266
1780452946,R_10,4907.272
1780452948,R_10,4907.158
1780452950,R_10,4907.253
1780452952,R_10,4907.313
1780452954,R_10,4907.169
1780452956,R_10,4907.117
1780452958,R_10,4907.02
1780452960,R_10,4907.027
1780452962,R_10,4907.183
1780452964,R_10,4906.99
1780452966,R_10,4907.152
1780452968,R_10,4907.157
1780452970,R_10,4907.088
1780452972,R_10,4907.024
1780452974,R_10,4906.978
1780452976,R_10,4907.022
1780452978,R_10,4907.035
1780452980,R_10,4907.056
1780452982,R_10,4907.342
1780452984,R_10,4907.358
1780452986,R_10,4907.517
1780452988,R_10,4907.661
1780452990,R_10,4907.515
1780452992,R_10,4907.407
1780452994,R_10,4907.404
1780452996,R_10,4907.442
1780452998,R_10,4907.51
1780453000,R_10,4907.506
1780453002,R_10,4907.509
1780453004,R_10,4907.412
1780453006,R_10,4907.516
1780453008,R_10,4907.582
1780453010,R_10,4907.685
1780453012,R_10,4907.674
1780453014,R_10,4907.753
1780453016,R_10,4907.558
1780453018,R_10,4907.53
1780453020,R_10,4907.621
1780453022,R_10,4907.582
1780453024,R_10,4907.835
1780453026,R_10,4907.845
1780453028,R_10,4907.788
1780453030,R_10,4907.603
1780453032,R_10,4907.633
1780453034,R_10,4907.542
1780453036,R_10,4907.541
1780453038,R_10,4907.561
1780453040,R_10,4907.475
1780453042,R_10,4907.475
1780453044,R_10,4907.468
1780453046,R_10,4907.366
1780453048,R_10,4907.329
1780453050,R_10,4907.315
1780453052,R_10,4907.373
1780453054,R_10,4907.286
1780453056,R_10,4907.375
1780453058,R_10,4907.314
1780453060,R_10,4907.346
1780453062,R_10,4907.372
1780453064,R_10,4907.261
1780453066,R_10,4907.39
1780453068,R_10,4907.506
1780453070,R_10,4907.553
1780453072,R_10,4907.497
1780453074,R_10,4907.189
1780453076,R_10,4907.032
1780453078,R_10,4907.179
1780453080,R_10,4907.18
1780453082,R_10,4907.256
1780453084,R_10,4907.092
1780453086,R_10,4907.245
1780453088,R_10,4907.195
1780453090,R_10,4907.21
1780453092,R_10,4906.999
1780453094,R_10,4906.983
1780453096,R_10,4906.975
1780453098,R_10,4906.916
1780453100,R_10,4906.95
1780453102,R_10,4906.888
1780453104,R_10,4906.875
1780453106,R_10,4906.945
1780453108,R_10,4907.078
1780453110,R_10,4907.079
1780453112,R_10,4907.11
1780453114,R_10,4907.225
1780453116,R_10,4907.185
1780453118,R_10,4907.052
1780453120,R_10,4907.44
1780453122,R_10,4907.34
1780453124,R_10,4907.239
1780453126,R_10,4907.126
1780453128,R_10,4907.213
1780453130,R_10,4907.285
1780453132,R_10,4907.423
1780453134,R_10,4907.379
1780453136,R_10,4907.349
1780453138,R_10,4907.335
1780453140,R_10,4907.437
1780453142,R_10,4907.512
1780453144,R_10,4907.618
1780453146,R_10,4907.728
1780453148,R_10,4907.56
1780453150,R_10,4907.435
1780453152,R_10,4907.366
1780453154,R_10,4907.52
1780453156,R_10,4907.272
1780453158,R_10,4907.348
1780453160,R_10,4907.316
1780453162,R_10,4907.348
1780453164,R_10,4907.293
1780453166,R_10,4907.069
1780453168,R_10,4907.246
1780453170,R_10,4907.273
1780453172,R_10,4907.368
1780453174,R_10,4907.376
1780453176,R_10,4907.571
1780453178,R_10,4907.546
1780453180,R_10,4907.603
1780453182,R_10,4907.476
1780453184,R_10,4907.21
1780453186,R_10,4907.135
1780453188,R_10,4906.98
1780453190,R_10,4907.006
1780453192,R_10,4906.684
1780453194,R_10,4906.597
1780453196,R_10,4906.442
1780453198,R_10,4906.633
1780453200,R_10,4906.77
1780453202,R_10,4906.484
1780453204,R_10,4906.54
1780453206,R_10,4906.301
1780453208,R_10,4906.292
1780453210,R_10,4906.04
1780453212,R_10,4906.024
1780453214,R_10,4906.131
1780453216,R_10,4906.07
1780453218,R_10,4906.295
1780453220,R_10,4906.204
1780453222,R_10,4906.344
1780453224,R_10,4906.317
1780453226,R_10,4906.413
1780453228,R_10,4906.659
1780453230,R_10,4906.441
1780453232,R_10,4906.464
1780453234,R_10,4906.467
1780453236,R_10,4906.423
1780453238,R_10,4906.414
1780453240,R_10,4906.376
1780453242,R_10,4906.374
1780453244,R_10,4906.494
1780453246,R_10,4906.407
1780453248,R_10,4906.556
1780453250,R_10,4906.777
1780453252,R_10,4906.882
1780453254,R_10,4906.921
1780453256,R_10,4906.913
1780453258,R_10,4907.041
1780453260,R_10,4906.999
1780453262,R_10,4907.031
1780453264,R_10,4907.359
1780453266,R_10,4907.381
1780453268,R_10,4907.27
1780453270,R_10,4907.275
1780453272,R_10,4907.305
1780453274,R_10,4907.444
1780453276,R_10,4907.452
1780453278,R_10,4907.634
1780453280,R_10,4907.463
1780453282,R_10,4907.402
1780453284,R_10,4907.334
1780453286,R_10,4907.404
1780453288,R_10,4907.401
1780453290,R_10,4907.335
1780453292,R_10,4907.284
1780453294,R_10,4907.223
1780453296,R_10,4907.342
1780453298,R_10,4907.33
1780453300,R_10,4907.269
1780453302,R_10,4907.555
1780453304,R_10,4907.42
1780453306,R_10,4907.538
1780453308,R_10,4907.412
1780453310,R_10,4907.452
1780453312,R_10,4907.224
1780453314,R_10,4907.189
1780453316,R_10,4907.134
1780453318,R_10,4907.182
1780453320,R_10,4907.034
1780453322,R_10,4906.902
1780453324,R_10,4906.854
1780453326,R_10,4906.871
1780453328,R_10,4906.81
1780453330,R_10,4906.965
1780453332,R_10,4906.982
1780453334,R_10,4906.975
1780453336,R_10,4907.055
1780453338,R_10,4907.163
1780453340,R_10,4907.33
1780453342,R_10,4907.396
1780453344,R_10,4907.398
1780453346,R_10,4907.149
1780453348,R_10,4906.981
1780453350,R_10,4907.013
1780453352,R_10,4907.071
1780453354,R_10,4907.141
1780453356,R_10,4907.123
1780453358,R_10,4906.907
1780453360,R_10,4907.022
1780453362,R_10,4907.009
1780453364,R_10,4907.005
1780453366,R_10,4906.977
1780453368,R_10,4906.99
1780453370,R_10,4907.257
1780453372,R_10,4907.235
1780453374,R_10,4907.159
1780453376,R_10,4907.02
1780453378,R_10,4907.115
1780453380,R_10,4907.039
1780453382,R_10,4907.242
1780453384,R_10,4907.194
1780453386,R_10,4907.178
1780453388,R_10,4907.146
1780453390,R_10,4907.351
1780453392,R_10,4907.582
1780453394,R_10,4907.683
1780453396,R_10,4907.366
1780453398,R_10,4907.211
1780453400,R_10,4906.867
1780453402,R_10,4906.943
1780453404,R_10,4907.256
1780453406,R_10,4907.209
1780453408,R_10,4907.245
1780453410,R_10,4907.3
1780453412,R_10,4907.364
1780453414,R_10,4907.239
1780453416,R_10,4907.205
1780453418,R_10,4907.146
1780453420,R_10,4907.165
1780453422,R_10,4907.219
1780453424,R_10,4907.175
1780453426,R_10,4907.268
1780453428,R_10,4907.323
1780453430,R_10,4907.288
1780453432,R_10,4907.355
1780453434,R_10,4907.338
1780453436,R_10,4907.126
1780453438,R_10,4907.447
1780453440,R_10,4907.528
1780453442,R_10,4907.503
1780453444,R_10,4907.648
1780453446,R_10,4907.641
1780453448,R_10,4907.461
1780453450,R_10,4907.563
1780453452,R_10,4907.713
1780453454,R_10,4907.736
1780453456,R_10,4907.84
1780453458,R_10,4908.044
1780453460,R_10,4907.816
1780453462,R_10,4907.933
1780453464,R_10,4907.85
1780453466,R_10,4908.013
1780453468,R_10,4908.309
1780453470,R_10,4908.281
1780453472,R_10,4908.267
1780453474,R_10,4908.278
1780453476,R_10,4908.451
1780453478,R_10,4908.53
1780453480,R_10,4908.552
1780453482,R_10,4908.565
1780453484,R_10,4908.649
1780453486,R_10,4908.562
1780453488,R_10,4908.505
1780453490,R_10,4908.422
1780453492,R_10,4908.581
1780453494,R_10,4908.649
1780453496,R_10,4908.7
1780453498,R_10,4908.727
1780453500,R_10,4908.901
1780453502,R_10,4908.846
1780453504,R_10,4908.844
1780453506,R_10,4908.625
1780453508,R_10,4908.387
1780453510,R_10,4908.632
1780453512,R_10,4908.557
1780453514,R_10,4908.558
1780453516,R_10,4908.365
1780453518,R_10,4908.534
1780453520,R_10,4908.414
1780453522,R_10,4908.343
1780453524,R_10,4908.306
1780453526,R_10,4908.457
1780453528,R_10,4908.363
1780453530,R_10,4908.523
1780453532,R_10,4908.457
1780453534,R_10,4908.473
1780453536,R_10,4908.484
1780453538,R_10,4908.383
1780453540,R_10,4908.426
1780453542,R_10,4908.37
1780453544,R_10,4908.195
1780453546,R_10,4907.975
1780453548,R_10,4907.718
1780453550,R_10,4907.701
1780453552,R_10,4907.754
1780453554,R_10,4907.86
1780453556,R_10,4907.668
1780453558,R_10,4907.774
1780453560,R_10,4907.678
1780453562,R_10,4907.593
1780453564,R_10,4907.676
1780453566,R_10,4907.67
1780453568,R_10,4907.64
1780453570,R_10,4907.573
1780453572,R_10,4907.479
1780453574,R_10,4907.527
1780453576,R_10,4907.669
1780453578,R_10,4907.782
1780453580,R_10,4907.88
1780453582,R_10,4907.99
1780453584,R_10,4907.999
1780453586,R_10,4908.076
1780453588,R_10,4908.198
1780453590,R_10,4908.266
1780453592,R_10,4908.437
1780453594,R_10,4908.274
1780453596,R_10,4908.149
1780453598,R_10,4908.23
1780453600,R_10,4907.938
1780453602,R_10,4907.911
1780453604,R_10,4907.811
1780453606,R_10,4907.922
1780453608,R_10,4908.159
1780453610,R_10,4908.27
1780453612,R_10,4908.323
1780453614,R_10,4908.347
1780453616,R_10,4908.252
1780453618,R_10,4908.374
1780453620,R_10,4908.341
1780453622,R_10,4908.399
1780453624,R_10,4908.44
1780453626,R_10,4908.343
1780453628,R_10,4908.692
1780453630,R_10,4908.744
1780453632,R_10,4908.907
1780453634,R_10,4908.895
1780453636,R_10,4908.98
1780453638,R_10,4908.982
1780453640,R_10,4909.077
1780453642,R_10,4909.136
1780453644,R_10,4909.199
1780453646,R_10,4909.321
1780453648,R_10,4909.469
1780453650,R_10,4909.412
1780453652,R_10,4909.355
1780453654,R_10,4909.375
1780453656,R_10,4909.648
1780453658,R_10,4909.567
1780453660,R_10,4909.342
1780453662,R_10,4909.347
1780453664,R_10,4909.387
1780453666,R_10,4909.353
1780453668,R_10,4909.278
1780453670,R_10,4909.467
1780453672,R_10,4909.376
1780453674,R_10,4909.561
1780453676,R_10,4909.368
1780453678,R_10,4909.355
1780453680,R_10,4909.476
1780453682,R_10,4909.228
1780453684,R_10,4908.989
1780453686,R_10,4909.117
1780453688,R_10,4909.061
1780453690,R_10,4908.844
1780453692,R_10,4908.775
1780453694,R_10,4908.902
1780453696,R_10,4908.774
1780453698,R_10,4908.655
1780453700,R_10,4908.809
1780453702,R_10,4908.781
1780453704,R_10,4908.771
1780453706,R_10,4908.775
1780453708,R_10,4908.966
1780453710,R_10,4908.687
1780453712,R_10,4908.652
1780453714,R_10,4908.645
1780453716,R_10,4908.562
1780453718,R_10,4908.778
1780453720,R_10,4908.8
1780453722,R_10,4908.892
1780453724,R_10,4909.156
1780453726,R_10,4909.345
1780453728,R_10,4909.239
1780453730,R_10,4909.249
1780453732,R_10,4909.154
1780453734,R_10,4909.066
1780453736,R_10,4909.089
1780453738,R_10,4909.298
1780453740,R_10,4909.35
1780453742,R_10,4909.418
1780453744,R_10,4909.288
1780453746,R_10,4909.164
1780453748,R_10,4909.336
1780453750,R_10,4909.518
1780453752,R_10,4909.493
1780453754,R_10,4909.529
1780453756,R_10,4909.402
1780453758,R_10,4909.236
1780453760,R_10,4909.393
1780453762,R_10,4909.551
1780453764,R_10,4909.658
1780453766,R_10,4909.533
1780453768,R_10,4909.591
1780453770,R_10,4909.529
1780453772,R_10,4909.592
1780453774,R_10,4909.799
1780453776,R_10,4909.821
1780453778,R_10,4909.754
1780453780,R_10,4909.701
1780453782,R_10,4909.561
1780453784,R_10,4909.595
1780453786,R_10,4909.55
1780453788,R_10,4909.578
1780453790,R_10,4909.617
1780453792,R_10,4909.655
1780453794,R_10,4909.631
1780453796,R_10,4909.696
1780453798,R_10,4909.724
1780453800,R_10,4909.668
1780453802,R_10,4909.933
1780453804,R_10,4909.909
1780453806,R_10,4910.212
1780453808,R_10,4910.034
1780453810,R_10,4910.18
1780453812,R_10,4910.094
1780453814,R_10,4910.26
1780453816,R_10,4910.096
1780453818,R_10,4910.145
1780453820,R_10,4910.268
1780453822,R_10,4910.373
1780453824,R_10,4910.351
1780453826,R_10,4910.288
1780453828,R_10,4910.118
1780453830,R_10,4910.061
1780453832,R_10,4910.167
1780453834,R_10,4909.784
1780453836,R_10,4909.89
1780453838,R_10,4909.733
1780453840,R_10,4909.699
1780453842,R_10,4909.776
1780453844,R_10,4909.618
1780453846,R_10,4909.62
1780453848,R_10,4909.521
1780453850,R_10,4909.689
1780453852,R_10,4909.807
1780453854,R_10,4909.73
1780453856,R_10,4909.698
1780453858,R_10,4909.503
1780453860,R_10,4909.393
1780453862,R_10,4909.497
1780453864,R_10,4909.16
1780453866,R_10,4909.243
1780453868,R_10,4909.234
1780453870,R_10,4909.167
1780453872,R_10,4909.176
1780453874,R_10,4909.235
1780453876,R_10,4909.342
1780453878,R_10,4909.291
1780453880,R_10,4909.325
1780453882,R_10,4909.311
1780453884,R_10,4909.202
1780453886,R_10,4909.119
1780453888,R_10,4909.324
1780453890,R_10,4909.462
1780453892,R_10,4909.714
1780453894,R_10,4909.779
1780453896,R_10,4909.884
1780453898,R_10,4909.85
1780453900,R_10,4909.999
1780453902,R_10,4909.953
1780453904,R_10,4909.848
1780453906,R_10,4909.623
1780453908,R_10,4909.689
1780453910,R_10,4909.666
1780453912,R_10,4909.809
1780453914,R_10,4909.943
1780453916,R_10,4910.169
1780453918,R_10,4910.246
1780453920,R_10,4910.157
1780453922,R_10,4909.968
1780453924,R_10,4909.971
1780453926,R_10,4909.866
1780453928,R_10,4909.805
1780453930,R_10,4909.807
1780453932,R_10,4909.793
1780453934,R_10,4909.776
1780453936,R_10,4909.821
1780453938,R_10,4909.756
1780453940,R_10,4909.764
1780453942,R_10,4909.828
1780453944,R_10,4909.511
1780453946,R_10,4909.571
1780453948,R_10,4909.651
1780453950,R_10,4909.583
1780453952,R_10,4909.727
1780453954,R_10,4909.518
1780453956,R_10,4909.335
1780453958,R_10,4909.22
1780453960,R_10,4909.243
1780453962,R_10,4909.034
1780453964,R_10,4908.907
1780453966,R_10,4908.758
1780453968,R_10,4908.671
1780453970,R_10,4908.629
1780453972,R_10,4908.76
1780453974,R_10,4908.813
1780453976,R_10,4908.757
1780453978,R_10,4908.844
1780453980,R_10,4908.866
1780453982,R_10,4908.873
1780453984,R_10,4908.964
1780453986,R_10,4908.811
1780453988,R_10,4908.748
1780453990,R_10,4908.688
1780453992,R_10,4908.905
1780453994,R_10,4908.861
1780453996,R_10,4908.877
1780453998,R_10,4908.618
1780454000,R_10,4908.541
1780454002,R_10,4908.337
1780454004,R_10,4908.29
1780454006,R_10,4908.177
1780454008,R_10,4908.144
1780454010,R_10,4908.1
1780454012,R_10,4908.187
1780454014,R_10,4908.133
1780454016,R_10,4908.189
1780454018,R_10,4908.267
1780454020,R_10,4908.381
1780454022,R_10,4908.419
1780454024,R_10,4908.293
1780454026,R_10,4908.034
1780454028,R_10,4907.952
1780454030,R_10,4907.844
1780454032,R_10,4907.782
1780454034,R_10,4907.846
1780454036,R_10,4907.849
1780454038,R_10,4907.89
1780454040,R_10,4907.718
1780454042,R_10,4907.8
1780454044,R_10,4907.743
1780454046,R_10,4907.744
1780454048,R_10,4907.839
1780454050,R_10,4907.754
1780454052,R_10,4907.8
1780454054,R_10,4907.747
1780454056,R_10,4907.756
1780454058,R_10,4907.789
1780454060,R_10,4907.855
1780454062,R_10,4907.818
1780454064,R_10,4907.746
1780454066,R_10,4907.71
1780454068,R_10,4907.717
1780454070,R_10,4907.568
1780454072,R_10,4907.543
1780454074,R_10,4907.652
1780454076,R_10,4907.853
1780454078,R_10,4907.911
1780454080,R_10,4907.951
1780454082,R_10,4907.965
1780454084,R_10,4907.996
1780454086,R_10,4907.978
1780454088,R_10,4908.125
1780454090,R_10,4908.062
1780454092,R_10,4907.848
1780454094,R_10,4907.929
1780454096,R_10,4907.928
1780454098,R_10,4907.992
1780454100,R_10,4908.037
1780454102,R_10,4907.947
1780454104,R_10,4907.758
1780454106,R_10,4907.973
1780454108,R_10,4908.016
1780454110,R_10,4908.067
1780454112,R_10,4908.147
1780454114,R_10,4908.114
1780454116,R_10,4908.141
1780454118,R_10,4908.26
1780454120,R_10,4908.19
1780454122,R_10,4908.084
1780454124,R_10,4908.154
1780454126,R_10,4908.26
1780454128,R_10,4908.261
1780454130,R_10,4908.453
1780454132,R_10,4908.314
1780454134,R_10,4908.493
1780454136,R_10,4908.492
1780454138,R_10,4908.363
1780454140,R_10,4908.466
1780454142,R_10,4908.323
1780454144,R_10,4908.384
1780454146,R_10,4908.409
1780454148,R_10,4908.395
1780454150,R_10,4908.374
1780454152,R_10,4908.375
1780454154,R_10,4908.181
1780454156,R_10,4908.366
1780454158,R_10,4908.399
1780454160,R_10,4908.378
1780454162,R_10,4908.442
1780454164,R_10,4908.484
1780454166,R_10,4908.416
1780454168,R_10,4908.329
1780454170,R_10,4908.483
1780454172,R_10,4908.556
1780454174,R_10,4908.646
1780454176,R_10,4908.623
1780454178,R_10,4908.542
1780454180,R_10,4908.6
1780454182,R_10,4908.619
1780454184,R_10,4908.35
1780454186,R_10,4908.415
1780454188,R_10,4908.558
1780454190,R_10,4908.55
1780454192,R_10,4908.305
1780454194,R_10,4908.322
1780454196,R_10,4908.486
1780454198,R_10,4908.309
1780454200,R_10,4908.255
1780454202,R_10,4908.44
1780454204,R_10,4908.18
1780454206,R_10,4908.215
1780454208,R_10,4908.182
1780454210,R_10,4908.063
1780454212,R_10,4908.019
1780454214,R_10,4908.128
1780454216,R_10,4908.312
1780454218,R_10,4908.413
1780454220,R_10,4908.466
1780454222,R_10,4908.3
1780454224,R_10,4908.146
1780454226,R_10,4908.161
1780454228,R_10,4908.317
1780454230,R_10,4908.386
1780454232,R_10,4908.226
1780454234,R_10,4908.357
1780454236,R_10,4908.378
1780454238,R_10,4908.286
1780454240,R_10,4908.236
1780454242,R_10,4908.071
1780454244,R_10,4908.309
1780454246,R_10,4908.397
1780454248,R_10,4908.208
1780454250,R_10,4908.316
1780454252,R_10,4908.363
1780454254,R_10,4908.465
1780454256,R_10,4908.413
1780454258,R_10,4908.728
1780454260,R_10,4908.461
1780454262,R_10,4908.5
1780454264,R_10,4908.395
1780454266,R_10,4908.526
1780454268,R_10,4908.738
1780454270,R_10,4909.013
1780454272,R_10,4908.942
1780454274,R_10,4908.999
1780454276,R_10,4908.928
1780454278,R_10,4908.874
1780454280,R_10,4908.466
1780454282,R_10,4908.551
1780454284,R_10,4908.571
1780454286,R_10,4908.501
1780454288,R_10,4908.536
1780454290,R_10,4908.493
1780454292,R_10,4908.562
1780454294,R_10,4908.508
1780454296,R_10,4908.391
1780454298,R_10,4908.525
1780454300,R_10,4908.625
1780454302,R_10,4908.683
1780454304,R_10,4908.848
1780454306,R_10,4909.136
1780454308,R_10,4909.216
1780454310,R_10,4909.201
1780454312,R_10,4909.144
1780454314,R_10,4909.082
1780454316,R_10,4908.799
1780454318,R_10,4908.793
1780454320,R_10,4908.751
1780454322,R_10,4908.621
1780454324,R_10,4908.412
1780454326,R_10,4908.261
1780454328,R_10,4908.274
1780454330,R_10,4908.373
1780454332,R_10,4908.41
1780454334,R_10,4908.39
1780454336,R_10,4908.523
1780454338,R_10,4908.447
1780454340,R_10,4908.478
1780454342,R_10,4908.361
1780454344,R_10,4908.263
1780454346,R_10,4908.148
1780454348,R_10,4908.068
1780454350,R_10,4908.168
1780454352,R_10,4908.264
1780454354,R_10,4908.312
1780454356,R_10,4908.345
1780454358,R_10,4908.562
1780454360,R_10,4908.677
1780454362,R_10,4908.679
1780454364,R_10,4908.794
1780454366,R_10,4908.863
1780454368,R_10,4908.859
1780454370,R_10,4908.893
1780454372,R_10,4908.932
1780454374,R_10,4908.982
1780454376,R_10,4909.01
1780454378,R_10,4908.961
1780454380,R_10,4909.132
1780454382,R_10,4909.155
1780454384,R_10,4909.263
1780454386,R_10,4909.429
1780454388,R_10,4909.469
1780454390,R_10,4909.551
1780454392,R_10,4909.381
1780454394,R_10,4909.285
1780454396,R_10,4909.379
1780454398,R_10,4909.434
1780454400,R_10,4909.414
1780454402,R_10,4909.545
1780454404,R_10,4909.506
1780454406,R_10,4909.329
1780454408,R_10,4909.492
1780454410,R_10,4909.57
1780454412,R_10,4909.687
1780454414,R_10,4909.637
1780454416,R_10,4909.815
1780454418,R_10,4909.879
1780454420,R_10,4909.865
1780454422,R_10,4909.852
1780454424,R_10,4909.861
1780454426,R_10,4909.734
1780454428,R_10,4909.678
1780454430,R_10,4909.548
1780454432,R_10,4909.485
1780454434,R_10,4909.422
1780454436,R_10,4909.505
1780454438,R_10,4909.692
1780454440,R_10,4909.843
1780454442,R_10,4910.119
1780454444,R_10,4910.102
1780454446,R_10,4909.938
1780454448,R_10,4909.893
1780454450,R_10,4910.118
1780454452,R_10,4909.822
1780454454,R_10,4910.017
1780454456,R_10,4910.008
1780454458,R_10,4910.091
1780454460,R_10,4910.042
1780454462,R_10,4909.85
1780454464,R_10,4909.976
1780454466,R_10,4909.937
1780454468,R_10,4909.882
1780454470,R_10,4909.989
1780454472,R_10,4909.967
1780454474,R_10,4910.023
1780454476,R_10,4910.069
1780454478,R_10,4910.191
1780454480,R_10,4910.077
1780454482,R_10,4909.9
1780454484,R_10,4909.943
1780454486,R_10,4909.898
1780454488,R_10,4909.671
1780454490,R_10,4909.796
1780454492,R_10,4909.632
1780454494,R_10,4909.767
1780454496,R_10,4909.72
1780454498,R_10,4909.931
1780454500,R_10,4909.934
1780454502,R_10,4909.911
1780454504,R_10,4909.824
1780454506,R_10,4909.967
1780454508,R_10,4909.994
1780454510,R_10,4910.158
1780454512,R_10,4910.062
1780454514,R_10,4910.017
1780454516,R_10,4909.767
1780454518,R_10,4909.511
1780454520,R_10,4909.521
1780454522,R_10,4909.253
1780454524,R_10,4909.283
1780454526,R_10,4909.052
1780454528,R_10,4909.105
1780454530,R_10,4909.222
1780454532,R_10,4909.406
1780454534,R_10,4909.485
1780454536,R_10,4909.632
1780454538,R_10,4909.596
1780454540,R_10,4909.794
1780454542,R_10,4909.772
1780454544,R_10,4909.479
1780454546,R_10,4909.466
1780454548,R_10,4909.325
1780454550,R_10,4909.437
1780454552,R_10,4909.44
1780454554,R_10,4909.358
1780454556,R_10,4909.329
1780454558,R_10,4909.368
1780454560,R_10,4909.246
1780454562,R_10,4909.262
1780454564,R_10,4909.306
1780454566,R_10,4909.295
1780454568,R_10,4909.372
1780454570,R_10,4909.48
1780454572,R_10,4909.315
1780454574,R_10,4909.21
1780454576,R_10,4908.973
1780454578,R_10,4908.967
1780454580,R_10,4909.04
1780454582,R_10,4909.02
1780454584,R_10,4909.084
1780454586,R_10,4909.218
1780454588,R_10,4909.167
1780454590,R_10,4909.252
1780454592,R_10,4909.21
1780454594,R_10,4909.138
1780454596,R_10,4908.925
1780454598,R_10,4908.962
1780454600,R_10,4909.088
1780454602,R_10,4909.36
1780454604,R_10,4909.317
1780454606,R_10,4909.361
1780454608,R_10,4909.348
1780454610,R_10,4909.304
1780454612,R_10,4909.27
1780454614,R_10,4909.272
1780454616,R_10,4909.306
1780454618,R_10,4909.241
1780454620,R_10,4909.155
1780454622,R_10,4909.272
1780454624,R_10,4909.383
1780454626,R_10,4909.46
1780454628,R_10,4909.487
1780454630,R_10,4909.533
1780454632,R_10,4909.756
1780454634,R_10,4909.822
1780454636,R_10,4909.943
1780454638,R_10,4909.866
1780454640,R_10,4909.973
1780454642,R_10,4910.164
1780454644,R_10,4910.018
1780454646,R_10,4909.924
1780454648,R_10,4909.959
1780454650,R_10,4909.918
1780454652,R_10,4909.709
1780454654,R_10,4909.81
1780454656,R_10,4909.879
1780454658,R_10,4909.721
1780454660,R_10,4909.638
1780454662,R_10,4909.752
1780454664,R_10,4909.821
1780454666,R_10,4909.971
1780454668,R_10,4909.977
1780454670,R_10,4910.016
1780454672,R_10,4910.135
1780454674,R_10,4910.16
1780454676,R_10,4910.162
1780454678,R_10,4910.11
1780454680,R_10,4910.193
1780454682,R_10,4910.15
1780454684,R_10,4910.124
1780454686,R_10,4910.146
1780454688,R_10,4910.366
1780454690,R_10,4910.172
1780454692,R_10,4910.099
1780454694,R_10,4910.087
1780454696,R_10,4910.185
1780454698,R_10,4910.233
1780454700,R_10,4910.326
1780454702,R_10,4910.309
1780454704,R_10,4910.198
1780454706,R_10,4910.127
1780454708,R_10,4910.198
1780454710,R_10,4910.218
1780454712,R_10,4910.408
1780454714,R_10,4910.398
1780454716,R_10,4910.23
1780454718,R_10,4910.218
1780454720,R_10,4909.962
1780454722,R_10,4909.87
1780454724,R_10,4909.752
1780454726,R_10,4909.563
1780454728,R_10,4909.733
1780454730,R_10,4909.646
1780454732,R_10,4909.734
1780454734,R_10,4909.808
1780454736,R_10,4909.717
1780454738,R_10,4909.596
1780454740,R_10,4909.754
1780454742,R_10,4909.602
1780454744,R_10,4909.548
1780454746,R_10,4909.734
1780454748,R_10,4909.567
1780454750,R_10,4909.455
1780454752,R_10,4909.588
1780454754,R_10,4909.49
1780454756,R_10,4909.384
1780454758,R_10,4909.236
1780454760,R_10,4909.211
1780454762,R_10,4909.1
1780454764,R_10,4909.227
1780454766,R_10,4909.566
1780454768,R_10,4909.594
1780454770,R_10,4909.589
1780454772,R_10,4909.531
1780454774,R_10,4909.66
1780454776,R_10,4909.588
1780454778,R_10,4909.565
1780454780,R_10,4909.564
1780454782,R_10,4909.71
1780454784,R_10,4909.841
1780454786,R_10,4909.726
1780454788,R_10,4909.725
1780454790,R_10,4909.659
1780454792,R_10,4909.683
1780454794,R_10,4909.65
1780454796,R_10,4909.659
1780454798,R_10,4909.517
1780454800,R_10,4909.606
1780454802,R_10,4909.7
1780454804,R_10,4909.634
1780454806,R_10,4909.366
1780454808,R_10,4909.38
1780454810,R_10,4909.487
1780454812,R_10,4909.616
1780454814,R_10,4909.685
1780454816,R_10,4909.573
1780454818,R_10,4909.524
1780454820,R_10,4909.54
1780454822,R_10,4909.536
1780454824,R_10,4909.559
1780454826,R_10,4909.675
1780454828,R_10,4909.774
1780454830,R_10,4909.784
1780454832,R_10,4909.889
1780454834,R_10,4909.89
1780454836,R_10,4909.866
1780454838,R_10,4909.937
1780454840,R_10,4909.771
1780454842,R_10,4909.639
1780454844,R_10,4909.833
1780454846,R_10,4909.925
1780454848,R_10,4909.914
1780454850,R_10,4910.023
1780454852,R_10,4909.926
1780454854,R_10,4909.79
1780454856,R_10,4909.735
1780454858,R_10,4909.757
1780454860,R_10,4909.902
1780454862,R_10,4909.854
1780454864,R_10,4909.958
1780454866,R_10,4909.779
1780454868,R_10,4909.908
1780454870,R_10,4909.749
1780454872,R_10,4909.752
1780454874,R_10,4909.521
1780454876,R_10,4909.543
1780454878,R_10,4909.669
1780454880,R_10,4909.728
1780454882,R_10,4909.614
1780454884,R_10,4909.449
1780454886,R_10,4909.414
1780454888,R_10,4909.386
1780454890,R_10,4909.312
1780454892,R_10,4909.3
1780454894,R_10,4909.447
1780454896,R_10,4909.263
1780454898,R_10,4909.215
1780454900,R_10,4909.142
1780454902,R_10,4909.096
1780454904,R_10,4909.069
1780454906,R_10,4909.117
1780454908,R_10,4909.039
1780454910,R_10,4908.942
1780454912,R_10,4908.952
1780454914,R_10,4909.073
1780454916,R_10,4909.272
1780454918,R_10,4909.359
1780454920,R_10,4909.232
1780454922,R_10,4909.144
1780454924,R_10,4909.243
1780454926,R_10,4909.056
1780454928,R_10,4909.041
1780454930,R_10,4909.252
1780454932,R_10,4909.345
1780454934,R_10,4909.279
1780454936,R_10,4909.367
1780454938,R_10,4909.549
1780454940,R_10,4909.848
1780454942,R_10,4909.764
1780454944,R_10,4909.547
1780454946,R_10,4909.838
1780454948,R_10,4910.077
1780454950,R_10,4910.061
1780454952,R_10,4910.034
1780454954,R_10,4910.087
1780454956,R_10,4909.952
1780454958,R_10,4910.046
1780454960,R_10,4909.968
1780454962,R_10,4909.868
1780454964,R_10,4909.805
1780454966,R_10,4909.597
1780454968,R_10,4909.574
1780454970,R_10,4909.752
1780454972,R_10,4910.078
1780454974,R_10,4909.975
1780454976,R_10,4910.038
1780454978,R_10,4909.941
1780454980,R_10,4909.799
1780454982,R_10,4909.788
1780454984,R_10,4909.926
1780454986,R_10,4909.891
1780454988,R_10,4910.15
1780454990,R_10,4910.073
1780454992,R_10,4910.266
1780454994,R_10,4910.134
1780454996,R_10,4910.263
1780454998,R_10,4910.178
1780455000,R_10,4910.199
1780455002,R_10,4910.184
1780455004,R_10,4910.306
1780455006,R_10,4910.216
1780455008,R_10,4910.225
1780455010,R_10,4910.393
1780455012,R_10,4910.276
1780455014,R_10,4910.308
1780455016,R_10,4910.235
1780455018,R_10,4910.213
1780455020,R_10,4910.09
1780455022,R_10,4910.133
1780455024,R_10,4910.122
1780455026,R_10,4910.176
1780455028,R_10,4910.177
1780455030,R_10,4910.278
1780455032,R_10,4910.303
1780455034,R_10,4910.179
1780455036,R_10,4910.131
1780455038,R_10,4910.007
1780455040,R_10,4910.146
1780455042,R_10,4910.18
1780455044,R_10,4910.003
1780455046,R_10,4910.093
1780455048,R_10,4910.211
1780455050,R_10,4910.318
1780455052,R_10,4910.591
1780455054,R_10,4910.561
1780455056,R_10,4910.364
1780455058,R_10,4910.331
1780455060,R_10,4910.372
1780455062,R_10,4910.186
1780455064,R_10,4910.056
1780455066,R_10,4909.785
1780455068,R_10,4909.803
1780455070,R_10,4909.703
1780455072,R_10,4909.693
1780455074,R_10,4909.621
1780455076,R_10,4909.648
1780455078,R_10,4909.711
1780455080,R_10,4909.451
1780455082,R_10,4909.648
1780455084,R_10,4909.648
1780455086,R_10,4909.668
1780455088,R_10,4909.82
1780455090,R_10,4909.753
1780455092,R_10,4909.655
1780455094,R_10,4909.855
1780455096,R_10,4909.864
1780455098,R_10,4909.91
1780455100,R_10,4909.858
1780455102,R_10,4909.959
1780455104,R_10,4909.963
1780455106,R_10,4909.877
1780455108,R_10,4910.123
1780455110,R_10,4910.234
1780455112,R_10,4910.369
1780455114,R_10,4910.548
1780455116,R_10,4910.616
1780455118,R_10,4910.482
1780455120,R_10,4910.585
1780455122,R_10,4910.719
1780455124,R_10,4910.585
1780455126,R_10,4910.424
1780455128,R_10,4910.394
1780455130,R_10,4910.362
1780455132,R_10,4910.457
1780455134,R_10,4910.396
1780455136,R_10,4910.455
1780455138,R_10,4910.392
1780455140,R_10,4910.368
1780455142,R_10,4910.409
1780455144,R_10,4910.274
1780455146,R_10,4910.273
1780455148,R_10,4910.37
1780455150,R_10,4910.515
1780455152,R_10,4910.675
1780455154,R_10,4910.898
1780455156,R_10,4910.731
1780455158,R_10,4910.809
1780455160,R_10,4910.61
1780455162,R_10,4910.648
1780455164,R_10,4910.745
1780455166,R_10,4910.714
1780455168,R_10,4910.654
1780455170,R_10,4910.684
1780455172,R_10,4911.031
1780455174,R_10,4910.85
1780455176,R_10,4910.775
1780455178,R_10,4910.922
1780455180,R_10,4910.797
1780455182,R_10,4910.945
1780455184,R_10,4911.039
1780455186,R_10,4911.02
1780455188,R_10,4910.848
1780455190,R_10,4910.882
1780455192,R_10,4910.86
1780455194,R_10,4910.767
1780455196,R_10,4910.903
1780455198,R_10,4910.903
1780455200,R_10,4910.849
1780455202,R_10,4910.825
1780455204,R_10,4911.06
1780455206,R_10,4911.046
1780455208,R_10,4911.18
1780455210,R_10,4911.066
1780455212,R_10,4910.999
1780455214,R_10,4911.099
1780455216,R_10,4911.223
1780455218,R_10,4911.262
1780455220,R_10,4911.246
1780455222,R_10,4911.437
1780455224,R_10,4911.368
1780455226,R_10,4911.531
1780455228,R_10,4911.434
1780455230,R_10,4911.357
1780455232,R_10,4911.488
1780455234,R_10,4911.539
1780455236,R_10,4911.484
1780455238,R_10,4911.381
1780455240,R_10,4911.149
1780455242,R_10,4911.294
1780455244,R_10,4911.244
1780455246,R_10,4911.41
1780455248,R_10,4911.436
1780455250,R_10,4911.555
1780455252,R_10,4911.702
1780455254,R_10,4911.76
1780455256,R_10,4911.687
1780455258,R_10,4911.755
1780455260,R_10,4911.66
1780455262,R_10,4911.461
1780455264,R_10,4911.39
1780455266,R_10,4911.411
1780455268,R_10,4911.419
1780455270,R_10,4911.268
1780455272,R_10,4911.321
1780455274,R_10,4911.378
1780455276,R_10,4911.499
1780455278,R_10,4911.617
1780455280,R_10,4911.54
1780455282,R_10,4911.554
1780455284,R_10,4911.676
1780455286,R_10,4911.536
1780455288,R_10,4911.328
1780455290,R_10,4911.268
1780455292,R_10,4911.135
1780455294,R_10,4911.035
1780455296,R_10,4911.129
1780455298,R_10,4911.364
1780455300,R_10,4911.212
1780455302,R_10,4911.431
1780455304,R_10,4911.434
1780455306,R_10,4911.568
1780455308,R_10,4911.379
1780455310,R_10,4911.231
1780455312,R_10,4911.288
1780455314,R_10,4911.624
1780455316,R_10,4911.689
1780455318,R_10,4911.612
1780455320,R_10,4911.748
1780455322,R_10,4911.919
1780455324,R_10,4911.882
1780455326,R_10,4911.909
1780455328,R_10,4911.913
1780455330,R_10,4911.933
1780455332,R_10,4911.86
1780455334,R_10,4912.046
1780455336,R_10,4912.226
1780455338,R_10,4912.261
1780455340,R_10,4912.382
1780455342,R_10,4912.458
1780455344,R_10,4912.337
1780455346,R_10,4912.418
1780455348,R_10,4912.329
1780455350,R_10,4912.151
1780455352,R_10,4911.824
1780455354,R_10,4911.866
1780455356,R_10,4911.924
1780455358,R_10,4911.77
1780455360,R_10,4911.813
1780455362,R_10,4911.849
1780455364,R_10,4911.72
1780455366,R_10,4911.676
1780455368,R_10,4911.581
1780455370,R_10,4911.577
1780455372,R_10,4911.644
1780455374,R_10,4911.588
1780455376,R_10,4911.451
1780455378,R_10,4911.546
1780455380,R_10,4911.568
1780455382,R_10,4911.492
1780455384,R_10,4911.559
1780455386,R_10,4911.682
1780455388,R_10,4911.818
1780455390,R_10,4911.542
1780455392,R_10,4911.565
1780455394,R_10,4911.541
1780455396,R_10,4911.552
1780455398,R_10,4911.423
1780455400,R_10,4911.052
1780455402,R_10,4911.069
1780455404,R_10,4911.302
1780455406,R_10,4911.377
1780455408,R_10,4911.152
1780455410,R_10,4911.275
1780455412,R_10,4911.097
1780455414,R_10,4911.184
1780455416,R_10,4911.241
1780455418,R_10,4911.331
1780455420,R_10,4911.32
1780455422,R_10,4911.276
1780455424,R_10,4911.082
1780455426,R_10,4911.266
1780455428,R_10,4911.327
1780455430,R_10,4911.481
1780455432,R_10,4911.434
1780455434,R_10,4911.566
1780455436,R_10,4911.471
1780455438,R_10,4911.468
1780455440,R_10,4911.163
1780455442,R_10,4911.206
1780455444,R_10,4911.18
1780455446,R_10,4911.075
1780455448,R_10,4911.074
1780455450,R_10,4911.004
1780455452,R_10,4911.233
1780455454,R_10,4911.376
1780455456,R_10,4911.542
1780455458,R_10,4911.577
1780455460,R_10,4911.464
1780455462,R_10,4911.428
1780455464,R_10,4911.54
1780455466,R_10,4911.58
1780455468,R_10,4911.67
1780455470,R_10,4911.532
1780455472,R_10,4911.626
1780455474,R_10,4911.814
1780455476,R_10,4911.849
1780455478,R_10,4911.864
1780455480,R_10,4912.069
1780455482,R_10,4912.103
1780455484,R_10,4912.259
1780455486,R_10,4912.345
1780455488,R_10,4912.371
1780455490,R_10,4912.444
1780455492,R_10,4912.294
1780455494,R_10,4912.396
1780455496,R_10,4912.345
1780455498,R_10,4912.361
1780455500,R_10,4912.302
1780455502,R_10,4912.501
1780455504,R_10,4912.427
1780455506,R_10,4912.615
1780455508,R_10,4912.668
1780455510,R_10,4912.554
1780455512,R_10,4912.654
1780455514,R_10,4912.621
1780455516,R_10,4912.425
1780455518,R_10,4912.569
1780455520,R_10,4912.609
1780455522,R_10,4912.533
1780455524,R_10,4912.543
1780455526,R_10,4912.55
1780455528,R_10,4912.564
1780455530,R_10,4912.505
1780455532,R_10,4912.347
1780455534,R_10,4912.234
1780455536,R_10,4912.375
1780455538,R_10,4912.377
1780455540,R_10,4912.487
1780455542,R_10,4912.763
1780455544,R_10,4912.605
1780455546,R_10,4912.517
1780455548,R_10,4912.439
1780455550,R_10,4912.42
1780455552,R_10,4912.245
1780455554,R_10,4912.108
1780455556,R_10,4912.133
1780455558,R_10,4912.201
1780455560,R_10,4912.19
1780455562,R_10,4912
1780455564,R_10,4911.786
1780455566,R_10,4911.758
1780455568,R_10,4911.829
1780455570,R_10,4911.724
1780455572,R_10,4911.955
1780455574,R_10,4911.844
1780455576,R_10,4912.082
1780455578,R_10,4912.194
1780455580,R_10,4912.159
1780455582,R_10,4912.305
1780455584,R_10,4912.226
1780455586,R_10,4912.038
1780455588,R_10,4912.219
1780455590,R_10,4912.416
1780455592,R_10,4912.565
1780455594,R_10,4912.62
1780455596,R_10,4912.657
1780455598,R_10,4912.701
1780455600,R_10,4912.79
1780455602,R_10,4912.642
1780455604,R_10,4912.468
1780455606,R_10,4912.258
1780455608,R_10,4912.31
1780455610,R_10,4912.206
1780455612,R_10,4912.181
1780455614,R_10,4912.289
1780455616,R_10,4912.08
1780455618,R_10,4912.068
1780455620,R_10,4912.035
1780455622,R_10,4912.022
1780455624,R_10,4912.068
1780455626,R_10,4912.16
1780455628,R_10,4912.083
1780455630,R_10,4912.054
1780455632,R_10,4912.08
1780455634,R_10,4912.129
1780455636,R_10,4911.996
1780455638,R_10,4911.867
1780455640,R_10,4911.728
1780455642,R_10,4911.421
1780455644,R_10,4911.493
1780455646,R_10,4911.535
1780455648,R_10,4911.359
1780455650,R_10,4911.404
1780455652,R_10,4911.546
1780455654,R_10,4911.372
1780455656,R_10,4911.332
1780455658,R_10,4911.716
1780455660,R_10,4911.602
1780455662,R_10,4911.675
1780455664,R_10,4911.919
1780455666,R_10,4911.924
1780455668,R_10,4911.889
1780455670,R_10,4911.732
1780455672,R_10,4911.524
1780455674,R_10,4911.572
1780455676,R_10,4911.515
1780455678,R_10,4911.593
1780455680,R_10,4911.576
1780455682,R_10,4911.351
1780455684,R_10,4911.232
1780455686,R_10,4911.409
1780455688,R_10,4911.435
1780455690,R_10,4911.507
1780455692,R_10,4911.434
1780455694,R_10,4911.525
1780455696,R_10,4911.535
1780455698,R_10,4911.572
1780455700,R_10,4911.632
1780455702,R_10,4911.46
1780455704,R_10,4911.556
1780455706,R_10,4911.685
1780455708,R_10,4911.637
1780455710,R_10,4911.582
1780455712,R_10,4911.499
1780455714,R_10,4911.409
1780455716,R_10,4911.405
1780455718,R_10,4911.344
1780455720,R_10,4911.514
1780455722,R_10,4911.645
1780455724,R_10,4911.645
1780455726,R_10,4911.661
1780455728,R_10,4911.737
1780455730,R_10,4911.678
1780455732,R_10,4911.483
1780455734,R_10,4911.55
1780455736,R_10,4911.47
1780455738,R_10,4911.379
1780455740,R_10,4911.56
1780455742,R_10,4911.585
1780455744,R_10,4911.713
1780455746,R_10,4911.713
1780455748,R_10,4911.601
1780455750,R_10,4911.731
1780455752,R_10,4911.627
1780455754,R_10,4911.713
1780455756,R_10,4911.588
1780455758,R_10,4911.618
1780455760,R_10,4911.669
1780455762,R_10,4911.775
1780455764,R_10,4911.628
1780455766,R_10,4911.82
1780455768,R_10,4911.902
1780455770,R_10,4911.962
1780455772,R_10,4911.895
1780455774,R_10,4911.954
1780455776,R_10,4911.978
1780455778,R_10,4911.85
1780455780,R_10,4911.671
1780455782,R_10,4911.657
1780455784,R_10,4911.632
1780455786,R_10,4911.62
1780455788,R_10,4911.428
1780455790,R_10,4911.576
1780455792,R_10,4911.681
1780455794,R_10,4911.661
1780455796,R_10,4911.626
1780455798,R_10,4911.638
1780455800,R_10,4911.608
1780455802,R_10,4911.643
1780455804,R_10,4911.744
1780455806,R_10,4911.625
1780455808,R_10,4911.501
1780455810,R_10,4911.446
1780455812,R_10,4911.514
1780455814,R_10,4911.521
1780455816,R_10,4911.644
1780455818,R_10,4911.634
1780455820,R_10,4911.459
1780455822,R_10,4911.443
1780455824,R_10,4911.607
1780455826,R_10,4911.642
1780455828,R_10,4911.643
1780455830,R_10,4911.808
1780455832,R_10,4911.64
1780455834,R_10,4911.483
1780455836,R_10,4911.575
1780455838,R_10,4911.609
1780455840,R_10,4911.796
1780455842,R_10,4911.957
1780455844,R_10,4912.009
1780455846,R_10,4911.879
1780455848,R_10,4911.971
1780455850,R_10,4911.971
1780455852,R_10,4911.956
1780455854,R_10,4912.122
1780455856,R_10,4912.095
1780455858,R_10,4912.116
1780455860,R_10,4912.128
1780455862,R_10,4912.337
1780455864,R_10,4912.346
1780455866,R_10,4912.265
1780455868,R_10,4912.206
1780455870,R_10,4912.268
1780455872,R_10,4912.312
1780455874,R_10,4912.532
1780455876,R_10,4912.434
1780455878,R_10,4912.238
1780455880,R_10,4912.137
1780455882,R_10,4912.374
1780455884,R_10,4912.221
1780455886,R_10,4912.014
1780455888,R_10,4912.02
1780455890,R_10,4912.139
1780455892,R_10,4912.074
1780455894,R_10,4911.819
1780455896,R_10,4912.09
1780455898,R_10,4912.152
1780455900,R_10,4911.827
1780455902,R_10,4911.727
1780455904,R_10,4911.816
1780455906,R_10,4911.758
1780455908,R_10,4911.88
1780455910,R_10,4911.838
1780455912,R_10,4911.962
1780455914,R_10,4912.043
1780455916,R_10,4912.047
1780455918,R_10,4911.919
1780455920,R_10,4911.933
1780455922,R_10,4911.669
1780455924,R_10,4911.607
1780455926,R_10,4911.644
1780455928,R_10,4911.85
1780455930,R_10,4911.843
1780455932,R_10,4911.899
1780455934,R_10,4912.052
1780455936,R_10,4912.18
1780455938,R_10,4912.212
1780455940,R_10,4912.411
1780455942,R_10,4912.213
1780455944,R_10,4912.267
1780455946,R_10,4912.238
1780455948,R_10,4912.125
1780455950,R_10,4912.154
1780455952,R_10,4912.307
1780455954,R_10,4912.259
1780455956,R_10,4912.299
1780455958,R_10,4912.407
1780455960,R_10,4912.534
1780455962,R_10,4912.415
1780455964,R_10,4912.423
1780455966,R_10,4912.387
1780455968,R_10,4912.587
1780455970,R_10,4912.637
1780455972,R_10,4912.635
1780455974,R_10,4912.703
1780455976,R_10,4912.578
1780455978,R_10,4912.366
1780455980,R_10,4912.41
1780455982,R_10,4912.584
1780455984,R_10,4912.585
1780455986,R_10,4912.498
1780455988,R_10,4912.612
1780455990,R_10,4912.778
1780455992,R_10,4912.832
1780455994,R_10,4912.754
1780455996,R_10,4912.6
1780455998,R_10,4912.56
1780456000,R_10,4912.596
1780456002,R_10,4912.416
1780456004,R_10,4912.158
1780456006,R_10,4912.258
1780456008,R_10,4912.2
1780456010,R_10,4912.098
1780456012,R_10,4912.253
1780456014,R_10,4912.214
1780456016,R_10,4911.981
1780456018,R_10,4912.081
1780456020,R_10,4912.268
1780456022,R_10,4912.22
1780456024,R_10,4912.132
1780456026,R_10,4912.327
1780456028,R_10,4912.331
1780456030,R_10,4912.444
1780456032,R_10,4912.614
1780456034,R_10,4912.501
1780456036,R_10,4912.599
1780456038,R_10,4912.401
1780456040,R_10,4912.469
1780456042,R_10,4912.468
1780456044,R_10,4912.606
1780456046,R_10,4912.388
1780456048,R_10,4912.553
1780456050,R_10,4912.443
1780456052,R_10,4912.5
1780456054,R_10,4912.374
1780456056,R_10,4912.222
1780456058,R_10,4912.312
1780456060,R_10,4912.404
1780456062,R_10,4912.287
1780456064,R_10,4912.377
1780456066,R_10,4912.356
1780456068,R_10,4912.376
1780456070,R_10,4912.365
1780456072,R_10,4912.332
1780456074,R_10,4912.129
1780456076,R_10,4912.263
1780456078,R_10,4911.938
1780456080,R_10,4911.96
1780456082,R_10,4912.015
1780456084,R_10,4912.111
1780456086,R_10,4912.165
1780456088,R_10,4912.094
1780456090,R_10,4912.267
1780456092,R_10,4912.191
1780456094,R_10,4912.096
1780456096,R_10,4912.279
1780456098,R_10,4912.075
1780456100,R_10,4912.111
1780456102,R_10,4912.238
1780456104,R_10,4912.37
1780456106,R_10,4912.418
1780456108,R_10,4912.355
1780456110,R_10,4912.248
1780456112,R_10,4912.305
1780456114,R_10,4912.11
1780456116,R_10,4912.015
1780456118,R_10,4911.995
1780456120,R_10,4912.095
1780456122,R_10,4912.047
1780456124,R_10,4912.002
1780456126,R_10,4911.61
1780456128,R_10,4911.534
1780456130,R_10,4911.535
1780456132,R_10,4911.709
1780456134,R_10,4911.679
1780456136,R_10,4911.96
1780456138,R_10,4912.197
1780456140,R_10,4912.295
1780456142,R_10,4912.226
1780456144,R_10,4912.199
1780456146,R_10,4912.187
1780456148,R_10,4912.145
1780456150,R_10,4912.285
1780456152,R_10,4912.276
1780456154,R_10,4912.443
1780456156,R_10,4912.549
1780456158,R_10,4912.472
1780456160,R_10,4912.462
1780456162,R_10,4912.424
1780456164,R_10,4912.421
1780456166,R_10,4912.524
1780456168,R_10,4912.594
1780456170,R_10,4912.696
1780456172,R_10,4912.558
1780456174,R_10,4912.432
1780456176,R_10,4912.483
1780456178,R_10,4912.434
1780456180,R_10,4912.429
1780456182,R_10,4912.392
1780456184,R_10,4912.207
1780456186,R_10,4912.113
1780456188,R_10,4912.342
1780456190,R_10,4912.416
1780456192,R_10,4912.316
1780456194,R_10,4912.345
1780456196,R_10,4912.274
1780456198,R_10,4912.336
1780456200,R_10,4912.307
1780456202,R_10,4912.211
1780456204,R_10,4912.156
1780456206,R_10,4912.08
1780456208,R_10,4911.884
1780456210,R_10,4911.876
1780456212,R_10,4911.895
1780456214,R_10,4911.944
1780456216,R_10,4911.841
1780456218,R_10,4911.773
1780456220,R_10,4912.003
1780456222,R_10,4912.063
1780456224,R_10,4912.123
1780456226,R_10,4912.205
1780456228,R_10,4912.112
1780456230,R_10,4912.151
1780456232,R_10,4912.257
1780456234,R_10,4912.257
1780456236,R_10,4912.32
1780456238,R_10,4912.35
1780456240,R_10,4912.265
1780456242,R_10,4912.161
1780456244,R_10,4912.136
1780456246,R_10,4912.217
1780456248,R_10,4912.115
1780456250,R_10,4912.257
1780456252,R_10,4912.228
1780456254,R_10,4911.968
1780456256,R_10,4912.042
1780456258,R_10,4912.188
1780456260,R_10,4912.107
1780456262,R_10,4911.84
1780456264,R_10,4911.925
1780456266,R_10,4911.954
1780456268,R_10,4911.873
1780456270,R_10,4911.687
1780456272,R_10,4911.658
1780456274,R_10,4911.692
1780456276,R_10,4911.657
1780456278,R_10,4911.67
1780456280,R_10,4911.509
1780456282,R_10,4911.421
1780456284,R_10,4911.371
1780456286,R_10,4911.318
1780456288,R_10,4911.296
1780456290,R_10,4911.278
1780456292,R_10,4911.431
1780456294,R_10,4911.393
1780456296,R_10,4911.553
1780456298,R_10,4911.664
1780456300,R_10,4911.532
1780456302,R_10,4911.64
1780456304,R_10,4911.832
1780456306,R_10,4911.6
1780456308,R_10,4911.664
1780456310,R_10,4911.683
1780456312,R_10,4911.559
1780456314,R_10,4911.286
1780456316,R_10,4911.42
1780456318,R_10,4911.331
1780456320,R_10,4911.161
1780456322,R_10,4911.205
1780456324,R_10,4911.033
1780456326,R_10,4910.899
1780456328,R_10,4910.83
1780456330,R_10,4910.669
1780456332,R_10,4910.738
1780456334,R_10,4910.815
1780456336,R_10,4910.812
1780456338,R_10,4910.824
1780456340,R_10,4910.964
1780456342,R_10,4910.866
1780456344,R_10,4911.141
1780456346,R_10,4911.009
1780456348,R_10,4910.876
1780456350,R_10,4910.967
1780456352,R_10,4911.039
1780456354,R_10,4911.065
1780456356,R_10,4911.277
1780456358,R_10,4911.238
1780456360,R_10,4911.198
1780456362,R_10,4911.29
1780456364,R_10,4911.429
1780456366,R_10,4911.328
1780456368,R_10,4911.395
1780456370,R_10,4911.292
1780456372,R_10,4911.376
1780456374,R_10,4911.229
1780456376,R_10,4911.249
1780456378,R_10,4911.334
1780456380,R_10,4911.402
1780456382,R_10,4911.331
1780456384,R_10,4911.379
1780456386,R_10,4911.206
1780456388,R_10,4911.213
1780456390,R_10,4911.307
1780456392,R_10,4911.267
1780456394,R_10,4911.266
1780456396,R_10,4911.312
1780456398,R_10,4911.387
1780456400,R_10,4911.333
1780456402,R_10,4911.536
1780456404,R_10,4911.643
1780456406,R_10,4911.623
1780456408,R_10,4911.5
1780456410,R_10,4911.595
1780456412,R_10,4911.824
1780456414,R_10,4911.776
1780456416,R_10,4911.72
1780456418,R_10,4911.505
1780456420,R_10,4911.526
1780456422,R_10,4911.468
1780456424,R_10,4911.461
1780456426,R_10,4911.605
1780456428,R_10,4911.635
1780456430,R_10,4911.697
1780456432,R_10,4911.732
1780456434,R_10,4911.804
1780456436,R_10,4911.729
1780456438,R_10,4911.649
1780456440,R_10,4911.659
1780456442,R_10,4911.549
1780456444,R_10,4911.336
1780456446,R_10,4911.232
1780456448,R_10,4911.271
1780456450,R_10,4911.112
1780456452,R_10,4910.971
1780456454,R_10,4910.845
1780456456,R_10,4910.879
1780456458,R_10,4910.921
1780456460,R_10,4911.035
1780456462,R_10,4911.063
1780456464,R_10,4910.775
1780456466,R_10,4910.677
1780456468,R_10,4910.781
1780456470,R_10,4910.655
1780456472,R_10,4910.575
1780456474,R_10,4910.591
1780456476,R_10,4910.58
1780456478,R_10,4910.597
1780456480,R_10,4910.573
1780456482,R_10,4910.466
1780456484,R_10,4910.465
1780456486,R_10,4910.48
1780456488,R_10,4910.337
1780456490,R_10,4910.244
1780456492,R_10,4910.218
1780456494,R_10,4910.126
1780456496,R_10,4910.078
1780456498,R_10,4910.083
1780456500,R_10,4910.212
1780456502,R_10,4910.173
1780456504,R_10,4910.237
1780456506,R_10,4910.353
1780456508,R_10,4910.372
1780456510,R_10,4910.317
1780456512,R_10,4910.367
1780456514,R_10,4910.501
1780456516,R_10,4910.624
1780456518,R_10,4910.596
1780456520,R_10,4910.545
1780456522,R_10,4910.515
1780456524,R_10,4910.541
1780456526,R_10,4910.408
1780456528,R_10,4910.463
1780456530,R_10,4910.348
1780456532,R_10,4910.298
1780456534,R_10,4910.296
1780456536,R_10,4910.294
1780456538,R_10,4910.329
1780456540,R_10,4910.276
1780456542,R_10,4910.365
1780456544,R_10,4910.417
1780456546,R_10,4910.516
1780456548,R_10,4910.798
1780456550,R_10,4910.763
1780456552,R_10,4910.804
1780456554,R_10,4910.694
1780456556,R_10,4910.675
1780456558,R_10,4910.832
1780456560,R_10,4910.712
1780456562,R_10,4910.675
1780456564,R_10,4910.752
1780456566,R_10,4910.659
1780456568,R_10,4910.532
1780456570,R_10,4910.625
1780456572,R_10,4910.682
1780456574,R_10,4910.651
1780456576,R_10,4910.701
1780456578,R_10,4910.755
1780456580,R_10,4910.942
1780456582,R_10,4910.801
1780456584,R_10,4911.12
1780456586,R_10,4910.95
1780456588,R_10,4911.078
1780456590,R_10,4910.961
1780456592,R_10,4910.883
1780456594,R_10,4910.917
1780456596,R_10,4910.77
1780456598,R_10,4910.601
1780456600,R_10,4910.518
1780456602,R_10,4910.519
1780456604,R_10,4910.39
1780456606,R_10,4910.274
1780456608,R_10,4910.334
1780456610,R_10,4910.107
1780456612,R_10,4910.162
1780456614,R_10,4910.176
1780456616,R_10,4910.19
1780456618,R_10,4910.057
1780456620,R_10,4910.008
1780456622,R_10,4909.879
1780456624,R_10,4910.131
1780456626,R_10,4909.848
1780456628,R_10,4909.964
1780456630,R_10,4910.037
1780456632,R_10,4909.945
1780456634,R_10,4909.855
1780456636,R_10,4910.076
1780456638,R_10,4910.183
1780456640,R_10,4910.371
1780456642,R_10,4910.553
1780456644,R_10,4910.261
1780456646,R_10,4910.16
1780456648,R_10,4910.234
1780456650,R_10,4910.17
1780456652,R_10,4910.242
1780456654,R_10,4910.195
1780456656,R_10,4910.463
1780456658,R_10,4910.377
1780456660,R_10,4910.179
1780456662,R_10,4910.106
1780456664,R_10,4910.177
1780456666,R_10,4910.12
1780456668,R_10,4910.146
1780456670,R_10,4909.857
1780456672,R_10,4909.764
1780456674,R_10,4909.627
1780456676,R_10,4909.611
1780456678,R_10,4909.609
1780456680,R_10,4909.446
1780456682,R_10,4909.505
1780456684,R_10,4909.565
1780456686,R_10,4909.685
1780456688,R_10,4909.768
1780456690,R_10,4909.849
1780456692,R_10,4910.021
1780456694,R_10,4909.838
1780456696,R_10,4909.782
1780456698,R_10,4909.772
1780456700,R_10,4909.702
1780456702,R_10,4909.789
1780456704,R_10,4909.745
1780456706,R_10,4909.695
1780456708,R_10,4909.768
1780456710,R_10,4909.906
1780456712,R_10,4909.876
1780456714,R_10,4909.736
1780456716,R_10,4909.691
1780456718,R_10,4909.961
1780456720,R_10,4909.995
1780456722,R_10,4909.96
1780456724,R_10,4910.124
1780456726,R_10,4910.012
1780456728,R_10,4910.136
1780456730,R_10,4909.902
1780456732,R_10,4909.902
1780456734,R_10,4909.903
1780456736,R_10,4910.053
1780456738,R_10,4910.036
1780456740,R_10,4910.036
1780456742,R_10,4910.146
1780456744,R_10,4910.366
1780456746,R_10,4910.438
1780456748,R_10,4910.476
1780456750,R_10,4910.368
1780456752,R_10,4910.31
1780456754,R_10,4910.385
1780456756,R_10,4910.179
1780456758,R_10,4909.963
1780456760,R_10,4909.855
1780456762,R_10,4910.025
1780456764,R_10,4909.995
1780456766,R_10,4910.322
1780456768,R_10,4910.269
1780456770,R_10,4910.384
1780456772,R_10,4910.238
1780456774,R_10,4910.257
1780456776,R_10,4910.292
1780456778,R_10,4910.44
1780456780,R_10,4910.552
1780456782,R_10,4910.629
1780456784,R_10,4910.608
1780456786,R_10,4910.522
1780456788,R_10,4910.423
1780456790,R_10,4910.534
1780456792,R_10,4910.606
1780456794,R_10,4910.729
1780456796,R_10,4910.737
1780456798,R_10,4910.679
1780456800,R_10,4910.614
1780456802,R_10,4910.321
1780456804,R_10,4910.553
1780456806,R_10,4910.542
1780456808,R_10,4910.468
1780456810,R_10,4910.487
1780456812,R_10,4910.688
1780456814,R_10,4910.765
1780456816,R_10,4910.446
1780456818,R_10,4910.661
1780456820,R_10,4910.742
1780456822,R_10,4910.82
1780456824,R_10,4910.939
1780456826,R_10,4911.014
1780456828,R_10,4911.036
1780456830,R_10,4911.114
1780456832,R_10,4911.172
1780456834,R_10,4911.063
1780456836,R_10,4911.047
1780456838,R_10,4910.887
1780456840,R_10,4910.726
1780456842,R_10,4910.678
1780456844,R_10,4910.823
1780456846,R_10,4910.791
1780456848,R_10,4910.694
1780456850,R_10,4910.862
1780456852,R_10,4910.91
1780456854,R_10,4910.878
1780456856,R_10,4910.94
1780456858,R_10,4910.919
1780456860,R_10,4910.843
1780456862,R_10,4910.916
1780456864,R_10,4910.99
1780456866,R_10,4910.868
1780456868,R_10,4910.88
1780456870,R_10,4911.026
1780456872,R_10,4911.18
1780456874,R_10,4911.113
1780456876,R_10,4911.1
1780456878,R_10,4911.144
1780456880,R_10,4911.076
1780456882,R_10,4911.203
1780456884,R_10,4911.074
1780456886,R_10,4910.908
1780456888,R_10,4910.635
1780456890,R_10,4910.718
1780456892,R_10,4910.884
1780456894,R_10,4910.662
1780456896,R_10,4910.677
1780456898,R_10,4910.549
1780456900,R_10,4910.677
1780456902,R_10,4910.629
1780456904,R_10,4910.653
1780456906,R_10,4910.486
1780456908,R_10,4910.607
1780456910,R_10,4910.474
1780456912,R_10,4910.484
1780456914,R_10,4910.584
1780456916,R_10,4911.105
1780456918,R_10,4911.111
1780456920,R_10,4911.124
1780456922,R_10,4911.277
1780456924,R_10,4911.423
1780456926,R_10,4911.551
1780456928,R_10,4911.385
1780456930,R_10,4911.396
1780456932,R_10,4911.272
1780456934,R_10,4911.211
1780456936,R_10,4911.156
1780456938,R_10,4911.199
1780456940,R_10,4911.029
1780456942,R_10,4911.097
1780456944,R_10,4911.185
1780456946,R_10,4911.449
1780456948,R_10,4911.552
1780456950,R_10,4911.444
1780456952,R_10,4911.265
1780456954,R_10,4911.226
1780456956,R_10,4911.272
1780456958,R_10,4910.961
1780456960,R_10,4911.031
1780456962,R_10,4911.115
1780456964,R_10,4911.027
1780456966,R_10,4910.652
1780456968,R_10,4910.561
1780456970,R_10,4910.526
1780456972,R_10,4910.854
1780456974,R_10,4910.964
1780456976,R_10,4910.992
1780456978,R_10,4910.958
1780456980,R_10,4910.959
1780456982,R_10,4910.893
1780456984,R_10,4910.978
1780456986,R_10,4910.959
1780456988,R_10,4910.837
1780456990,R_10,4910.671
1780456992,R_10,4910.599
1780456994,R_10,4910.477
1780456996,R_10,4910.741
1780456998,R_10,4910.802
1780457000,R_10,4910.835
1780457002,R_10,4910.729
1780457004,R_10,4910.644
1780457006,R_10,4910.647
1780457008,R_10,4910.5
1780457010,R_10,4910.522
1780457012,R_10,4910.322
1780457014,R_10,4910.321
1780457016,R_10,4910.429
1780457018,R_10,4910.441
1780457020,R_10,4910.278
1780457022,R_10,4910.316
1780457024,R_10,4910.451
1780457026,R_10,4910.439
1780457028,R_10,4910.459
1780457030,R_10,4910.468
1780457032,R_10,4910.628
1780457034,R_10,4910.606
1780457036,R_10,4910.663
1780457038,R_10,4910.696
1780457040,R_10,4910.612
1780457042,R_10,4910.651
1780457044,R_10,4910.833
1780457046,R_10,4910.84
1780457048,R_10,4910.963
1780457050,R_10,4910.821
1780457052,R_10,4910.875
1780457054,R_10,4910.825
1780457056,R_10,4910.764
1780457058,R_10,4910.496
1780457060,R_10,4910.422
1780457062,R_10,4910.658
1780457064,R_10,4910.7
1780457066,R_10,4910.785
1780457068,R_10,4910.78
1780457070,R_10,4910.786
1780457072,R_10,4910.624
1780457074,R_10,4910.703
1780457076,R_10,4910.677
1780457078,R_10,4910.588
1780457080,R_10,4910.58
1780457082,R_10,4910.623
1780457084,R_10,4910.607
1780457086,R_10,4910.585
1780457088,R_10,4910.684
1780457090,R_10,4910.637
1780457092,R_10,4910.917
1780457094,R_10,4911.006
1780457096,R_10,4910.724
1780457098,R_10,4910.649
1780457100,R_10,4910.634
1780457102,R_10,4910.623
1780457104,R_10,4910.758
1780457106,R_10,4910.663
1780457108,R_10,4910.795
1780457110,R_10,4911.047
1780457112,R_10,4911.201
1780457114,R_10,4911.198
1780457116,R_10,4911.12
1780457118,R_10,4911.112
1780457120,R_10,4911.198
1780457122,R_10,4911.113
1780457124,R_10,4911.206
1780457126,R_10,4911.185
1780457128,R_10,4911.141
1780457130,R_10,4911.288
1780457132,R_10,4911.311
1780457134,R_10,4911.404
1780457136,R_10,4911.718
1780457138,R_10,4911.8
1780457140,R_10,4911.791
1780457142,R_10,4911.689
1780457144,R_10,4911.659
1780457146,R_10,4911.485
1780457148,R_10,4911.359
1780457150,R_10,4911.2
1780457152,R_10,4911.194
1780457154,R_10,4911.36
1780457156,R_10,4911.292
1780457158,R_10,4911.272
1780457160,R_10,4911.15
1780457162,R_10,4911.368
1780457164,R_10,4911.191
1780457166,R_10,4911.235
1780457168,R_10,4911.179
1780457170,R_10,4911.145
1780457172,R_10,4911.426
1780457174,R_10,4911.417
1780457176,R_10,4911.459
1780457178,R_10,4911.592
1780457180,R_10,4911.643
1780457182,R_10,4911.504
1780457184,R_10,4911.318
1780457186,R_10,4911.217
1780457188,R_10,4911.291
1780457190,R_10,4911.431
1780457192,R_10,4911.402
1780457194,R_10,4911.749
1780457196,R_10,4911.545
1780457198,R_10,4911.531
1780457200,R_10,4911.477
1780457202,R_10,4911.577
1780457204,R_10,4911.583
1780457206,R_10,4911.684
1780457208,R_10,4911.726
1780457210,R_10,4911.734
1780457212,R_10,4911.825
1780457214,R_10,4911.634
1780457216,R_10,4911.614
1780457218,R_10,4911.829
1780457220,R_10,4911.802
1780457222,R_10,4911.694
1780457224,R_10,4911.911
1780457226,R_10,4911.795
1780457228,R_10,4911.813
1780457230,R_10,4911.851
1780457232,R_10,4911.724
1780457234,R_10,4911.704
1780457236,R_10,4911.619
1780457238,R_10,4911.839
1780457240,R_10,4911.551
1780457242,R_10,4911.474
1780457244,R_10,4911.629
1780457246,R_10,4911.645
1780457248,R_10,4911.656
1780457250,R_10,4911.789
1780457252,R_10,4911.679
1780457254,R_10,4911.736
1780457256,R_10,4911.69
1780457258,R_10,4911.638
1780457260,R_10,4911.457
1780457262,R_10,4911.514
1780457264,R_10,4911.673
1780457266,R_10,4911.394
1780457268,R_10,4911.23
1780457270,R_10,4911.282
1780457272,R_10,4911.246
1780457274,R_10,4911.202
1780457276,R_10,4911.068
1780457278,R_10,4911.218
1780457280,R_10,4911.221
1780457282,R_10,4911.306
1780457284,R_10,4911.343
1780457286,R_10,4911.397
1780457288,R_10,4911.357
1780457290,R_10,4911.18
1780457292,R_10,4911.114
1780457294,R_10,4911.103
1780457296,R_10,4911.09
1780457298,R_10,4910.957
1780457300,R_10,4911.076
1780457302,R_10,4910.953
1780457304,R_10,4910.863
1780457306,R_10,4910.752
1780457308,R_10,4910.778
1780457310,R_10,4910.734
1780457312,R_10,4910.885
1780457314,R_10,4910.783
1780457316,R_10,4910.861
1780457318,R_10,4911.043
1780457320,R_10,4910.948
1780457322,R_10,4911.064
1780457324,R_10,4911.106
1780457326,R_10,4911.297
1780457328,R_10,4911.202
1780457330,R_10,4910.993
1780457332,R_10,4911.101
1780457334,R_10,4911.148
1780457336,R_10,4911.051
1780457338,R_10,4910.929
1780457340,R_10,4910.769
1780457342,R_10,4910.604
1780457344,R_10,4910.459
1780457346,R_10,4910.62
1780457348,R_10,4910.624
1780457350,R_10,4910.797
1780457352,R_10,4910.752
1780457354,R_10,4910.713
1780457356,R_10,4910.845
1780457358,R_10,4910.839
1780457360,R_10,4910.883
1780457362,R_10,4910.633
1780457364,R_10,4910.642
1780457366,R_10,4910.481
1780457368,R_10,4910.33
1780457370,R_10,4910.523
1780457372,R_10,4910.595
1780457374,R_10,4910.65
1780457376,R_10,4910.419
1780457378,R_10,4910.436
1780457380,R_10,4910.345
1780457382,R_10,4910.343
1780457384,R_10,4910.345
1780457386,R_10,4910.22
1780457388,R_10,4910.217
1780457390,R_10,4910.187
1780457392,R_10,4910.267
1780457394,R_10,4910.456
1780457396,R_10,4910.49
1780457398,R_10,4910.701
1780457400,R_10,4910.825
1780457402,R_10,4910.821
1780457404,R_10,4910.922
1780457406,R_10,4911.01
1780457408,R_10,4911.112
1780457410,R_10,4910.926
1780457412,R_10,4910.896
1780457414,R_10,4910.844
1780457416,R_10,4910.755
1780457418,R_10,4910.899
1780457420,R_10,4910.891
1780457422,R_10,4910.852
1780457424,R_10,4910.898
1780457426,R_10,4910.776
1780457428,R_10,4910.792
1780457430,R_10,4910.647
1780457432,R_10,4910.727
1780457434,R_10,4910.667
1780457436,R_10,4910.728
1780457438,R_10,4910.764
1780457440,R_10,4910.878
1780457442,R_10,4911.017
1780457444,R_10,4911.098
1780457446,R_10,4911.215
1780457448,R_10,4911.377
1780457450,R_10,4911.447
1780457452,R_10,4911.289
1780457454,R_10,4911.421
1780457456,R_10,4911.436
1780457458,R_10,4911.29
1780457460,R_10,4911.167
1780457462,R_10,4911.368
1780457464,R_10,4911.466
1780457466,R_10,4911.598
1780457468,R_10,4911.574
1780457470,R_10,4911.699
1780457472,R_10,4911.759
1780457474,R_10,4911.711
1780457476,R_10,4911.839
1780457478,R_10,4912.098
1780457480,R_10,4912.278
1780457482,R_10,4912.292
1780457484,R_10,4912.162
1780457486,R_10,4912.189
1780457488,R_10,4912.321
1780457490,R_10,4912.338
1780457492,R_10,4912.456
1780457494,R_10,4912.533
1780457496,R_10,4912.619
1780457498,R_10,4912.592
1780457500,R_10,4912.637
1780457502,R_10,4912.466
1780457504,R_10,4912.531
1780457506,R_10,4912.654
1780457508,R_10,4912.579
1780457510,R_10,4912.538
1780457512,R_10,4912.687
1780457514,R_10,4912.798
1780457516,R_10,4912.745
1780457518,R_10,4912.84
1780457520,R_10,4912.729
1780457522,R_10,4912.744
1780457524,R_10,4912.644
1780457526,R_10,4912.657
1780457528,R_10,4912.501
1780457530,R_10,4912.541
1780457532,R_10,4912.497
1780457534,R_10,4912.464
1780457536,R_10,4912.325
1780457538,R_10,4912.351
1780457540,R_10,4912.317
1780457542,R_10,4912.424
1780457544,R_10,4912.313
1780457546,R_10,4912.134
1780457548,R_10,4912.14
1780457550,R_10,4912.268
1780457552,R_10,4912.265
1780457554,R_10,4912.219
1780457556,R_10,4912.197
1780457558,R_10,4912.306
1780457560,R_10,4912.389
1780457562,R_10,4912.169
1780457564,R_10,4911.934
1780457566,R_10,4911.957
1780457568,R_10,4911.915
1780457570,R_10,4911.817
1780457572,R_10,4912.053
1780457574,R_10,4912.141
1780457576,R_10,4912.416
1780457578,R_10,4912.553
1780457580,R_10,4912.577
1780457582,R_10,4912.638
1780457584,R_10,4912.334
1780457586,R_10,4912.469
1780457588,R_10,4912.588
1780457590,R_10,4912.657
1780457592,R_10,4912.447
1780457594,R_10,4912.387
1780457596,R_10,4912.417
1780457598,R_10,4912.352
1780457600,R_10,4912.265
1780457602,R_10,4912.195
1780457604,R_10,4912.21
1780457606,R_10,4912.184
1780457608,R_10,4912.352
1780457610,R_10,4912.345
1780457612,R_10,4912.336
1780457614,R_10,4912.125
1780457616,R_10,4912.059
1780457618,R_10,4912.018
1780457620,R_10,4912.011
1780457622,R_10,4912.064
1780457624,R_10,4912.251
1780457626,R_10,4912.257
1780457628,R_10,4912.179
1780457630,R_10,4912.221
1780457632,R_10,4912.191
1780457634,R_10,4912.11
1780457636,R_10,4911.932
1780457638,R_10,4911.888
1780457640,R_10,4911.875
1780457642,R_10,4912.07
1780457644,R_10,4912.005
1780457646,R_10,4912.215
1780457648,R_10,4912.306
1780457650,R_10,4912.502
1780457652,R_10,4912.412
1780457654,R_10,4912.238
1780457656,R_10,4912.053
1780457658,R_10,4912.151
1780457660,R_10,4912.289
1780457662,R_10,4912.169
1780457664,R_10,4912.173
1780457666,R_10,4912.215
1780457668,R_10,4912.262
1780457670,R_10,4912.464
1780457672,R_10,4912.551
1780457674,R_10,4912.62
1780457676,R_10,4912.761
1780457678,R_10,4912.773
1780457680,R_10,4912.627
1780457682,R_10,4912.502
1780457684,R_10,4912.592
1780457686,R_10,4912.66
1780457688,R_10,4912.594
1780457690,R_10,4912.576
1780457692,R_10,4912.545
1780457694,R_10,4912.683
1780457696,R_10,4912.786
1780457698,R_10,4912.744
1780457700,R_10,4912.633
1780457702,R_10,4912.634
1780457704,R_10,4912.788
1780457706,R_10,4912.813
1780457708,R_10,4912.755
1780457710,R_10,4912.652
1780457712,R_10,4912.677
1780457714,R_10,4912.628
1780457716,R_10,4912.607
1780457718,R_10,4912.759
1780457720,R_10,4912.679
1780457722,R_10,4912.644
1780457724,R_10,4912.516
1780457726,R_10,4912.319
1780457728,R_10,4912.035
1780457730,R_10,4911.996
1780457732,R_10,4912.063
1780457734,R_10,4912.032
1780457736,R_10,4912.028
1780457738,R_10,4912.085
1780457740,R_10,4912.092
1780457742,R_10,4911.999
1780457744,R_10,4911.883
1780457746,R_10,4911.837
1780457748,R_10,4911.902
1780457750,R_10,4912.046
1780457752,R_10,4912.106
1780457754,R_10,4912.098
1780457756,R_10,4912.09
1780457758,R_10,4912.196
1780457760,R_10,4912.084
1780457762,R_10,4912.069
1780457764,R_10,4911.86
1780457766,R_10,4911.876
1780457768,R_10,4911.835
1780457770,R_10,4911.739
1780457772,R_10,4911.537
1780457774,R_10,4911.617
1780457776,R_10,4911.701
1780457778,R_10,4911.86
1780457780,R_10,4911.993
1780457782,R_10,4911.997
1780457784,R_10,4912.103
1780457786,R_10,4912.005
1780457788,R_10,4912.192
1780457790,R_10,4912.41
1780457792,R_10,4912.369
1780457794,R_10,4912.599
1780457796,R_10,4912.674
1780457798,R_10,4912.545
1780457800,R_10,4912.555
1780457802,R_10,4912.674
1780457804,R_10,4912.672
1780457806,R_10,4912.586
1780457808,R_10,4912.601
1780457810,R_10,4912.61
1780457812,R_10,4912.727
1780457814,R_10,4912.699
1780457816,R_10,4912.746
1780457818,R_10,4912.559
1780457820,R_10,4912.603
1780457822,R_10,4912.335
1780457824,R_10,4912.217
1780457826,R_10,4912.139
1780457828,R_10,4912.189
1780457830,R_10,4911.916
1780457832,R_10,4911.904
1780457834,R_10,4911.839
1780457836,R_10,4911.702
1780457838,R_10,4911.734
1780457840,R_10,4911.798
1780457842,R_10,4911.919
1780457844,R_10,4911.989
1780457846,R_10,4911.952
1780457848,R_10,4912.011
1780457850,R_10,4912.106
1780457852,R_10,4912.163
1780457854,R_10,4912.51
1780457856,R_10,4912.321
1780457858,R_10,4912.398
1780457860,R_10,4912.528
1780457862,R_10,4912.173
1780457864,R_10,4912.165
1780457866,R_10,4912.28
1780457868,R_10,4912.265
1780457870,R_10,4912.207
1780457872,R_10,4912.137
1780457874,R_10,4912.082
1780457876,R_10,4911.98
1780457878,R_10,4911.881
1780457880,R_10,4912.108
1780457882,R_10,4912.029
1780457884,R_10,4911.953
1780457886,R_10,4911.831
1780457888,R_10,4911.902
1780457890,R_10,4911.922
1780457892,R_10,4911.769
1780457894,R_10,4911.776
1780457896,R_10,4911.742
1780457898,R_10,4911.726
1780457900,R_10,4911.733
1780457902,R_10,4911.58
1780457904,R_10,4911.614
1780457906,R_10,4911.656
1780457908,R_10,4911.669
1780457910,R_10,4911.494
1780457912,R_10,4911.598
1780457914,R_10,4911.66
1780457916,R_10,4911.606
1780457918,R_10,4911.647
1780457920,R_10,4911.524
1780457922,R_10,4911.493
1780457924,R_10,4911.513
1780457926,R_10,4911.821
1780457928,R_10,4911.831
1780457930,R_10,4911.881
1780457932,R_10,4911.918
1780457934,R_10,4912.041
1780457936,R_10,4912.165
1780457938,R_10,4912.078
1780457940,R_10,4912.145
1780457942,R_10,4912.121
1780457944,R_10,4912.073
1780457946,R_10,4912.077
1780457948,R_10,4912.235
1780457950,R_10,4912.176
1780457952,R_10,4912.286
1780457954,R_10,4912.173
1780457956,R_10,4912.342
1780457958,R_10,4912.503
1780457960,R_10,4912.388
1780457962,R_10,4912.438
1780457964,R_10,4912.6
1780457966,R_10,4912.536
1780457968,R_10,4912.494
1780457970,R_10,4912.582
1780457972,R_10,4912.464
1780457974,R_10,4912.429
1780457976,R_10,4912.418
1780457978,R_10,4912.621
1780457980,R_10,4912.457
1780457982,R_10,4912.448
1780457984,R_10,4912.521
1780457986,R_10,4912.477
1780457988,R_10,4912.576
1780457990,R_10,4912.432
1780457992,R_10,4912.321
1780457994,R_10,4912.176
1780457996,R_10,4912.187
1780457998,R_10,4911.919
1780458000,R_10,4912.132
1780458002,R_10,4912.078
1780458004,R_10,4912.045
1780458006,R_10,4912.296
1780458008,R_10,4912.334
1780458010,R_10,4912.434
1780458012,R_10,4912.319
1780458014,R_10,4912.339
1780458016,R_10,4912.491
1780458018,R_10,4912.558
1780458020,R_10,4912.604
1780458022,R_10,4912.634
1780458024,R_10,4912.682
1780458026,R_10,4912.719
1780458028,R_10,4912.667
1780458030,R_10,4912.941
1780458032,R_10,4912.835
1780458034,R_10,4913.021
1780458036,R_10,4912.864
1780458038,R_10,4912.857
1780458040,R_10,4912.881
1780458042,R_10,4912.947
1780458044,R_10,4913.162
1780458046,R_10,4913.149
1780458048,R_10,4913.383
1780458050,R_10,4913.423
1780458052,R_10,4913.321
1780458054,R_10,4913.112
1780458056,R_10,4912.738
1780458058,R_10,4912.552
1780458060,R_10,4912.591
1780458062,R_10,4912.429
1780458064,R_10,4912.12
1780458066,R_10,4912.142
1780458068,R_10,4912.243
1780458070,R_10,4912.564
1780458072,R_10,4912.799
1780458074,R_10,4912.771
1780458076,R_10,4912.539
1780458078,R_10,4912.401
1780458080,R_10,4912.324
1780458082,R_10,4912.133
1780458084,R_10,4912.297
1780458086,R_10,4912.089
1780458088,R_10,4912.1
1780458090,R_10,4912.126
1780458092,R_10,4912.341
1780458094,R_10,4912.243
1780458096,R_10,4912.339
1780458098,R_10,4912.378
1780458100,R_10,4912.506
1780458102,R_10,4912.72
1780458104,R_10,4912.724
1780458106,R_10,4912.648
1780458108,R_10,4912.605
1780458110,R_10,4912.615
1780458112,R_10,4912.505
1780458114,R_10,4912.748
1780458116,R_10,4912.731
1780458118,R_10,4912.743
1780458120,R_10,4912.708
1780458122,R_10,4912.818
1780458124,R_10,4912.777
1780458126,R_10,4912.613
1780458128,R_10,4912.723
1780458130,R_10,4912.924
1780458132,R_10,4913.069
1780458134,R_10,4912.985
1780458136,R_10,4913.124
1780458138,R_10,4913.339
1780458140,R_10,4913.532
1780458142,R_10,4913.675
1780458144,R_10,4913.653
1780458146,R_10,4913.766
1780458148,R_10,4913.667
1780458150,R_10,4913.579
1780458152,R_10,4913.493
1780458154,R_10,4913.615
1780458156,R_10,4913.41
1780458158,R_10,4913.29
1780458160,R_10,4913.339
1780458162,R_10,4913.139
1780458164,R_10,4913.471
1780458166,R_10,4913.687
1780458168,R_10,4913.673
1780458170,R_10,4913.733
1780458172,R_10,4913.676
1780458174,R_10,4913.52
1780458176,R_10,4913.486
1780458178,R_10,4913.576
1780458180,R_10,4913.68
1780458182,R_10,4913.507
1780458184,R_10,4913.38
1780458186,R_10,4913.215
1780458188,R_10,4913.183
1780458190,R_10,4912.951
1780458192,R_10,4912.82
1780458194,R_10,4912.753
1780458196,R_10,4912.705
1780458198,R_10,4912.734
1780458200,R_10,4912.772
1780458202,R_10,4912.919
1780458204,R_10,4912.962
1780458206,R_10,4912.925
1780458208,R_10,4912.893
1780458210,R_10,4912.875
1780458212,R_10,4912.953
1780458214,R_10,4912.93
1780458216,R_10,4912.803
1780458218,R_10,4913.107
1780458220,R_10,4913.21
1780458222,R_10,4913.218
1780458224,R_10,4913.279
1780458226,R_10,4913.108
1780458228,R_10,4913.126
1780458230,R_10,4913.424
1780458232,R_10,4913.197
1780458234,R_10,4913.191
1780458236,R_10,4913.267
1780458238,R_10,4913.006
1780458240,R_10,4912.929
1780458242,R_10,4912.876
1780458244,R_10,4912.763
1780458246,R_10,4912.763
1780458248,R_10,4912.672
1780458250,R_10,4912.655
1780458252,R_10,4912.868
1780458254,R_10,4912.727
1780458256,R_10,4912.618
1780458258,R_10,4912.778
1780458260,R_10,4912.717
1780458262,R_10,4912.868
1780458264,R_10,4912.879
1780458266,R_10,4912.776
1780458268,R_10,4912.78
1780458270,R_10,4912.82
1780458272,R_10,4912.725
1780458274,R_10,4912.445
1780458276,R_10,4912.561
1780458278,R_10,4912.684
1780458280,R_10,4912.652
1780458282,R_10,4912.824
1780458284,R_10,4912.799
1780458286,R_10,4912.763
1780458288,R_10,4912.646
1780458290,R_10,4912.6
1780458292,R_10,4912.724
1780458294,R_10,4912.654
1780458296,R_10,4912.546
1780458298,R_10,4912.883
1780458300,R_10,4913.002
1780458302,R_10,4913.27
1780458304,R_10,4913.222
1780458306,R_10,4913.231
1780458308,R_10,4912.946
1780458310,R_10,4912.769
1780458312,R_10,4913.013
1780458314,R_10,4912.879
1780458316,R_10,4912.962
1780458318,R_10,4913.005
1780458320,R_10,4913.02
1780458322,R_10,4913.159
1780458324,R_10,4913.04
1780458326,R_10,4912.811
1780458328,R_10,4913.022
1780458330,R_10,4913.228
1780458332,R_10,4912.87
1780458334,R_10,4913.033
1780458336,R_10,4913.016
1780458338,R_10,4912.803
1780458340,R_10,4912.679
1780458342,R_10,4912.912
1780458344,R_10,4912.878
1780458346,R_10,4913.07
1780458348,R_10,4913.023
1780458350,R_10,4913.12
1780458352,R_10,4913.077
1780458354,R_10,4913.021
1780458356,R_10,4913.119
1780458358,R_10,4913.028
1780458360,R_10,4913.064
1780458362,R_10,4913.122
1780458364,R_10,4913.205
1780458366,R_10,4913.486
1780458368,R_10,4913.251
1780458370,R_10,4913.191
1780458372,R_10,4913.213
1780458374,R_10,4913.162
1780458376,R_10,4913.176
1780458378,R_10,4913.329
1780458380,R_10,4913.373
1780458382,R_10,4913.271
1780458384,R_10,4913.285
1780458386,R_10,4913.146
1780458388,R_10,4913.38
1780458390,R_10,4913.294
1780458392,R_10,4913.418
1780458394,R_10,4913.337
1780458396,R_10,4913.206
1780458398,R_10,4913.377
1780458400,R_10,4913.207
1780458402,R_10,4913.245
1780458404,R_10,4913.331
1780458406,R_10,4913.004
1780458408,R_10,4912.939
1780458410,R_10,4913.044
1780458412,R_10,4913.034
1780458414,R_10,4913.034
1780458416,R_10,4913.081
1780458418,R_10,4913.313
1780458420,R_10,4913.338
1780458422,R_10,4913.291
1780458424,R_10,4913.413
1780458426,R_10,4913.51
1780458428,R_10,4913.613
1780458430,R_10,4913.655
1780458432,R_10,4914.057
1780458434,R_10,4913.965
1780458436,R_10,4914.093
1780458438,R_10,4913.873
1780458440,R_10,4914.118
1780458442,R_10,4914.074
1780458444,R_10,4913.935
1780458446,R_10,4913.867
1780458448,R_10,4913.982
1780458450,R_10,4913.949
1780458452,R_10,4914.07
1780458454,R_10,4914.25
1780458456,R_10,4914.309
1780458458,R_10,4914.104
1780458460,R_10,4914.157
1780458462,R_10,4914.272
1780458464,R_10,4914.297
1780458466,R_10,4914.348
1780458468,R_10,4914.615
1780458470,R_10,4914.613
1780458472,R_10,4914.594
1780458474,R_10,4914.665
1780458476,R_10,4914.512
1780458478,R_10,4914.599
1780458480,R_10,4914.502
1780458482,R_10,4914.446
1780458484,R_10,4914.475
1780458486,R_10,4914.233
1780458488,R_10,4914.049
1780458490,R_10,4914.028
1780458492,R_10,4913.829
1780458494,R_10,4913.9
1780458496,R_10,4914.054
1780458498,R_10,4914.017
1780458500,R_10,4914.155
1780458502,R_10,4913.997
1780458504,R_10,4913.958
1780458506,R_10,4913.875
1780458508,R_10,4914.009
1780458510,R_10,4914.015
1780458512,R_10,4914.034
1780458514,R_10,4914.077
1780458516,R_10,4914.28
1780458518,R_10,4914.316
1780458520,R_10,4914.312
1780458522,R_10,4914.167
1780458524,R_10,4914.164
1780458526,R_10,4914.191
1780458528,R_10,4914.135
1780458530,R_10,4914.366
1780458532,R_10,4914.653
1780458534,R_10,4914.517
1780458536,R_10,4914.411
1780458538,R_10,4914.596
1780458540,R_10,4914.556
1780458542,R_10,4914.581
1780458544,R_10,4914.726
1780458546,R_10,4914.536
1780458548,R_10,4914.364
1780458550,R_10,4914.406
1780458552,R_10,4914.545
1780458554,R_10,4914.703
1780458556,R_10,4914.594
1780458558,R_10,4914.604
1780458560,R_10,4914.402
1780458562,R_10,4914.369
1780458564,R_10,4914.506
1780458566,R_10,4914.558
1780458568,R_10,4914.711
1780458570,R_10,4914.598
1780458572,R_10,4914.429
1780458574,R_10,4914.44
1780458576,R_10,4914.734
1780458578,R_10,4914.663
1780458580,R_10,4914.77
1780458582,R_10,4914.735
1780458584,R_10,4914.773
1780458586,R_10,4914.784
1780458588,R_10,4914.525
1780458590,R_10,4914.649
1780458592,R_10,4914.273
1780458594,R_10,4914.419
1780458596,R_10,4914.275
1780458598,R_10,4913.968
1780458600,R_10,4913.748
1780458602,R_10,4913.791
1780458604,R_10,4913.813
1780458606,R_10,4914.045
1780458608,R_10,4914.007
1780458610,R_10,4913.917
1780458612,R_10,4914.066
1780458614,R_10,4913.825
1780458616,R_10,4913.698
1780458618,R_10,4913.507
1780458620,R_10,4913.334
1780458622,R_10,4913.239
1780458624,R_10,4913.083
1780458626,R_10,4913.095
1780458628,R_10,4912.981
1780458630,R_10,4912.997
1780458632,R_10,4912.898
1780458634,R_10,4913.217
1780458636,R_10,4913.184
1780458638,R_10,4913.232
1780458640,R_10,4913.199
1780458642,R_10,4913.049
1780458644,R_10,4913.296
1780458646,R_10,4913.302
1780458648,R_10,4913.315
1780458650,R_10,4913.447
1780458652,R_10,4913.48
1780458654,R_10,4913.771
1780458656,R_10,4914.044
1780458658,R_10,4914.06
1780458660,R_10,4914.091
1780458662,R_10,4914.126
1780458664,R_10,4914.121
1780458666,R_10,4914.037
1780458668,R_10,4913.894
1780458670,R_10,4913.941
1780458672,R_10,4914.026
1780458674,R_10,4914
1780458676,R_10,4914.094
1780458678,R_10,4914.218
1780458680,R_10,4914.142
1780458682,R_10,4914.24
1780458684,R_10,4914.549
1780458686,R_10,4914.567
1780458688,R_10,4914.594
1780458690,R_10,4914.679
1780458692,R_10,4914.654
1780458694,R_10,4914.733
1780458696,R_10,4914.548
1780458698,R_10,4914.481
1780458700,R_10,4914.62
1780458702,R_10,4914.358
1780458704,R_10,4914.453
1780458706,R_10,4914.594
1780458708,R_10,4914.536
1780458710,R_10,4914.476
1780458712,R_10,4914.558
1780458714,R_10,4914.473
1780458716,R_10,4914.594
1780458718,R_10,4914.642
1780458720,R_10,4914.438
1780458722,R_10,4914.47
1780458724,R_10,4914.452
1780458726,R_10,4914.447
1780458728,R_10,4914.513
1780458730,R_10,4914.401
1780458732,R_10,4914.26
1780458734,R_10,4914.278
1780458736,R_10,4914.258
1780458738,R_10,4914.323
1780458740,R_10,4914.284
1780458742,R_10,4914.294
1780458744,R_10,4914.222
1780458746,R_10,4914.285
1780458748,R_10,4914.229
1780458750,R_10,4914.06
1780458752,R_10,4914.046
1780458754,R_10,4914.078
1780458756,R_10,4914.124
1780458758,R_10,4914.267
1780458760,R_10,4914.112
1780458762,R_10,4914.073
1780458764,R_10,4914.083
1780458766,R_10,4914.067
1780458768,R_10,4914.076
1780458770,R_10,4914.029
1780458772,R_10,4914.015
1780458774,R_10,4914.077
1780458776,R_10,4914.085
1780458778,R_10,4914.053
1780458780,R_10,4914.053
1780458782,R_10,4914.033
1780458784,R_10,4913.978
1780458786,R_10,4914.041
1780458788,R_10,4913.934
1780458790,R_10,4914.07
1780458792,R_10,4914.093
1780458794,R_10,4913.943
1780458796,R_10,4913.934
1780458798,R_10,4913.872
1780458800,R_10,4913.91
1780458802,R_10,4913.798
1780458804,R_10,4913.711
1780458806,R_10,4913.713
1780458808,R_10,4913.838
1780458810,R_10,4913.653
1780458812,R_10,4913.474
1780458814,R_10,4913.402
1780458816,R_10,4913.549
1780458818,R_10,4913.549
1780458820,R_10,4913.476
1780458822,R_10,4913.58
1780458824,R_10,4913.527
1780458826,R_10,4913.501
1780458828,R_10,4913.537
1780458830,R_10,4913.495
1780458832,R_10,4913.806
1780458834,R_10,4913.872
1780458836,R_10,4914.067
1780458838,R_10,4914.08
1780458840,R_10,4914.042
1780458842,R_10,4914.253
1780458844,R_10,4914.154
1780458846,R_10,4914.119
1780458848,R_10,4914.102
1780458850,R_10,4914.37
1780458852,R_10,4914.419
1780458854,R_10,4914.284
1780458856,R_10,4914.548
1780458858,R_10,4914.551
1780458860,R_10,4914.68
1780458862,R_10,4914.543
1780458864,R_10,4914.509
1780458866,R_10,4914.478
1780458868,R_10,4914.652
1780458870,R_10,4914.697
1780458872,R_10,4914.652
1780458874,R_10,4914.598
1780458876,R_10,4914.797
1780458878,R_10,4914.827
1780458880,R_10,4914.983
1780458882,R_10,4914.879
1780458884,R_10,4914.809
1780458886,R_10,4914.9
1780458888,R_10,4914.908
1780458890,R_10,4914.84
1780458892,R_10,4914.81
1780458894,R_10,4914.738
1780458896,R_10,4914.741
1780458898,R_10,4914.697
1780458900,R_10,4914.728
1780458902,R_10,4914.79
1780458904,R_10,4914.882
1780458906,R_10,4915.109
1780458908,R_10,4915.231
1780458910,R_10,4915.307
1780458912,R_10,4915.421
1780458914,R_10,4915.385
1780458916,R_10,4915.353
1780458918,R_10,4915.386
1780458920,R_10,4915.344
1780458922,R_10,4915.436
1780458924,R_10,4915.254
1780458926,R_10,4915.547
1780458928,R_10,4915.556
1780458930,R_10,4915.621
1780458932,R_10,4915.674
1780458934,R_10,4915.597
1780458936,R_10,4915.573
1780458938,R_10,4915.564
1780458940,R_10,4915.363
1780458942,R_10,4915.506
1780458944,R_10,4915.322
1780458946,R_10,4915.493
1780458948,R_10,4915.442
1780458950,R_10,4915.416
1780458952,R_10,4915.29
1780458954,R_10,4915.318
1780458956,R_10,4915.393
1780458958,R_10,4915.402
1780458960,R_10,4915.31
1780458962,R_10,4915.389
1780458964,R_10,4915.643
1780458966,R_10,4915.478
1780458968,R_10,4915.395
1780458970,R_10,4915.372
1780458972,R_10,4915.272
1780458974,R_10,4915.41
1780458976,R_10,4915.138
1780458978,R_10,4915.247
1780458980,R_10,4915.187
1780458982,R_10,4915.14
1780458984,R_10,4915.3
1780458986,R_10,4915.316
1780458988,R_10,4915.323
1780458990,R_10,4915.271
1780458992,R_10,4915.345
1780458994,R_10,4915.307
1780458996,R_10,4915.333
1780458998,R_10,4915.427
1780459000,R_10,4915.491
1780459002,R_10,4915.511
1780459004,R_10,4915.33
1780459006,R_10,4915.093
1780459008,R_10,4915.029
1780459010,R_10,4915.01
1780459012,R_10,4915.051
1780459014,R_10,4915.113
1780459016,R_10,4914.948
1780459018,R_10,4914.815
1780459020,R_10,4914.95
1780459022,R_10,4915.124
1780459024,R_10,4915.149
1780459026,R_10,4915.214
1780459028,R_10,4915.274
1780459030,R_10,4915.354
1780459032,R_10,4915.288
1780459034,R_10,4915.25
1780459036,R_10,4915.236
1780459038,R_10,4915.504
1780459040,R_10,4915.342
1780459042,R_10,4915.625
1780459044,R_10,4915.837
1780459046,R_10,4915.658
1780459048,R_10,4915.764
1780459050,R_10,4915.797
1780459052,R_10,4915.689
1780459054,R_10,4915.804
1780459056,R_10,4915.965
1780459058,R_10,4915.994
1780459060,R_10,4916.013
1780459062,R_10,4915.972
1780459064,R_10,4916.059
1780459066,R_10,4916.185
1780459068,R_10,4916.248
1780459070,R_10,4915.969
1780459072,R_10,4915.922
1780459074,R_10,4915.689
1780459076,R_10,4915.593
1780459078,R_10,4915.609
1780459080,R_10,4915.561
1780459082,R_10,4915.651
1780459084,R_10,4915.752
1780459086,R_10,4915.738
1780459088,R_10,4915.707
1780459090,R_10,4915.658
1780459092,R_10,4915.537
1780459094,R_10,4915.553
1780459096,R_10,4915.235
1780459098,R_10,4915.157
1780459100,R_10,4915.148
1780459102,R_10,4915.273
1780459104,R_10,4915.156
1780459106,R_10,4915.095
1780459108,R_10,4914.856
1780459110,R_10,4914.595
1780459112,R_10,4914.712
1780459114,R_10,4914.659
1780459116,R_10,4914.739
1780459118,R_10,4914.742
1780459120,R_10,4914.834
1780459122,R_10,4914.77
1780467162,R_10,4912.025
1780467164,R_10,4912.005
1780467166,R_10,4911.888
1780467168,R_10,4912.046
1780467170,R_10,4912.087
1780467172,R_10,4912.133
1780467174,R_10,4912.387
1780467176,R_10,4912.302
1780467178,R_10,4912.105
1780467180,R_10,4912.198
1780467182,R_10,4912.245
1780467184,R_10,4912.326
1780467186,R_10,4912.224
1780467188,R_10,4912.134
1780467190,R_10,4912.325
1780467192,R_10,4912.184
1780467194,R_10,4912.422
1780467196,R_10,4912.268
1780467198,R_10,4912.244
1780467200,R_10,4912.396
1780467202,R_10,4912.295
1780467204,R_10,4912.253
1780467206,R_10,4912.302
1780467208,R_10,4912.261
1780467210,R_10,4912.378
1780467212,R_10,4912.219
1780467214,R_10,4912.155
1780467216,R_10,4912.169
1780467218,R_10,4912.033
1780467220,R_10,4911.951
1780467222,R_10,4911.873
1780467224,R_10,4911.87
1780467226,R_10,4911.923
1780467228,R_10,4911.892
1780467230,R_10,4912.072
1780467232,R_10,4911.953
1780467234,R_10,4911.806
1780467236,R_10,4911.719
1780467238,R_10,4911.632
1780467240,R_10,4911.482
1780467242,R_10,4911.596
1780467244,R_10,4911.402
1780467246,R_10,4911.453
1780467248,R_10,4911.556
1780467250,R_10,4911.427
1780467252,R_10,4911.552
1780467254,R_10,4911.642
1780467256,R_10,4911.621
1780467258,R_10,4911.696
1780467260,R_10,4911.718
1780467262,R_10,4911.62
1780467264,R_10,4911.391
1780467266,R_10,4911.015
1780467268,R_10,4910.956
1780467270,R_10,4911.003
1780467272,R_10,4910.799
1780467274,R_10,4910.798
1780467276,R_10,4910.722
1780467278,R_10,4910.665
1780467280,R_10,4910.661
1780467282,R_10,4910.923
1780467284,R_10,4911.001
1780467286,R_10,4910.877
1780467288,R_10,4910.818
1780467290,R_10,4910.766
1780467292,R_10,4910.843
1780467294,R_10,4910.844
1780467296,R_10,4911.012
1780467298,R_10,4910.993
1780467300,R_10,4911.233
1780467302,R_10,4911.296
1780467304,R_10,4911.292
1780467306,R_10,4911.183
1780467308,R_10,4911.412
1780467310,R_10,4911.425
1780467312,R_10,4911.256
1780467314,R_10,4911.175
1780467316,R_10,4911.017
1780467318,R_10,4911.022
1780467320,R_10,4911.06
1780467322,R_10,4910.977
1780467324,R_10,4911.013
1780467326,R_10,4910.991
1780467328,R_10,4910.944
1780467330,R_10,4911.003
1780467332,R_10,4911.121
1780467334,R_10,4910.991
1780467336,R_10,4910.697
1780467338,R_10,4910.746
1780467340,R_10,4910.919
1780467342,R_10,4910.948
1780467344,R_10,4910.783
1780467346,R_10,4910.904
1780467348,R_10,4910.923
1780467350,R_10,4910.98
1780467352,R_10,4911.196
1780467354,R_10,4911.22
1780467356,R_10,4911.05
1780467358,R_10,4911.166
1780467360,R_10,4911.185
1780467362,R_10,4911.125
1780467364,R_10,4911.035
1780467366,R_10,4910.977
1780467368,R_10,4910.96
1780467370,R_10,4910.759
1780467372,R_10,4910.651
1780467374,R_10,4910.696
1780467376,R_10,4910.677
1780467378,R_10,4910.698
1780467380,R_10,4910.507
1780467382,R_10,4910.503
1780467384,R_10,4910.41
1780467386,R_10,4910.343
1780467388,R_10,4910.434
1780467390,R_10,4910.466
1780467392,R_10,4910.473
1780467394,R_10,4910.573
1780467396,R_10,4910.537
1780467398,R_10,4910.389
1780467400,R_10,4910.363
1780467402,R_10,4910.321
1780467404,R_10,4910.39
1780467406,R_10,4910.49
1780467408,R_10,4910.241
1780467410,R_10,4910.063
1780467412,R_10,4910.174
1780467414,R_10,4910.255
1780467416,R_10,4910.156
1780467418,R_10,4910.164
1780467420,R_10,4910.146
1780467422,R_10,4910.011
1780467424,R_10,4909.979
1780467426,R_10,4910.005
1780467428,R_10,4910.153
1780467430,R_10,4910.196
1780467432,R_10,4910.195
1780467434,R_10,4910.324
1780467436,R_10,4910.319
1780467438,R_10,4910.326
1780467440,R_10,4910.383
1780467442,R_10,4910.538
1780467444,R_10,4910.433
1780467446,R_10,4910.511
1780467448,R_10,4910.57
1780467450,R_10,4910.548
1780467452,R_10,4910.62
1780467454,R_10,4910.364
1780467456,R_10,4910.11
1780467458,R_10,4910.213
1780467460,R_10,4910.009
1780467462,R_10,4910.164
1780467464,R_10,4910.165
1780467466,R_10,4909.998
1780467468,R_10,4909.817
1780467470,R_10,4909.695
1780467472,R_10,4909.698
1780467474,R_10,4909.498
1780467476,R_10,4909.326
1780467478,R_10,4909.371
1780467480,R_10,4909.275
1780467482,R_10,4909.238
1780467484,R_10,4909.323
1780467486,R_10,4909.29
1780467488,R_10,4909.141
1780467490,R_10,4909.161
1780467492,R_10,4909.103
1780467494,R_10,4909.441
1780467496,R_10,4909.304
1780467498,R_10,4909.24
1780467500,R_10,4909.301
1780467502,R_10,4909.326
1780467504,R_10,4909.426
1780467506,R_10,4909.518
1780467508,R_10,4909.334
1780467510,R_10,4909.504
1780467512,R_10,4909.671
1780467514,R_10,4909.809
1780467516,R_10,4909.785
1780467518,R_10,4909.722
1780467520,R_10,4909.72
1780467522,R_10,4909.642
1780467524,R_10,4909.565
1780467526,R_10,4909.652
1780467528,R_10,4909.678
1780467530,R_10,4909.877
1780467532,R_10,4909.906
1780467534,R_10,4909.848
1780467536,R_10,4909.648
1780467538,R_10,4909.611
1780467540,R_10,4909.605
1780467542,R_10,4909.597
1780467544,R_10,4909.674
1780467546,R_10,4909.822
1780467548,R_10,4909.924
1780467550,R_10,4909.8
1780467552,R_10,4909.658
1780467554,R_10,4909.573
1780467556,R_10,4909.624
1780467558,R_10,4909.561
1780467560,R_10,4909.606
1780467562,R_10,4909.533
1780467564,R_10,4909.383
1780467566,R_10,4909.306
1780467568,R_10,4909.309
1780467570,R_10,4909.219
1780467572,R_10,4909.205
1780467574,R_10,4909.182
1780467576,R_10,4909.14
1780467578,R_10,4909.078
1780467580,R_10,4909.137
1780467582,R_10,4909.238
1780467584,R_10,4909.311
1780467586,R_10,4909.11
1780467588,R_10,4909.084
1780467590,R_10,4909.1
1780467592,R_10,4909.156
1780467594,R_10,4909.448
1780467596,R_10,4909.674
1780467598,R_10,4909.729
1780467600,R_10,4909.656
1780467602,R_10,4909.649
1780467604,R_10,4909.528
1780467606,R_10,4909.498
1780467608,R_10,4909.65
1780467610,R_10,4909.721
1780467612,R_10,4909.488
1780467614,R_10,4909.539
1780467616,R_10,4909.525
1780467618,R_10,4909.596
1780467620,R_10,4909.722
1780467622,R_10,4909.629
1780467624,R_10,4909.412
1780467626,R_10,4909.32
1780467628,R_10,4909.245
1780467630,R_10,4909.062
1780467632,R_10,4909.014
1780467634,R_10,4909.138
1780467636,R_10,4909.02
1780467638,R_10,4908.946
1780467640,R_10,4908.989
1780467642,R_10,4908.764
1780467644,R_10,4908.572
1780467646,R_10,4908.521
1780467648,R_10,4908.48
1780467650,R_10,4908.381
1780467652,R_10,4908.359
1780467654,R_10,4908.14
1780467656,R_10,4908.222
1780467658,R_10,4908.242
1780467660,R_10,4908.238
1780467662,R_10,4908.37
1780467664,R_10,4908.503
1780467666,R_10,4908.405
1780467668,R_10,4908.241
1780467670,R_10,4908.271
1780467672,R_10,4908.244
1780467674,R_10,4908.121
1780467676,R_10,4908.086
1780467678,R_10,4908.079
1780467680,R_10,4907.951
1780467682,R_10,4908.056
1780467684,R_10,4907.923
1780467686,R_10,4907.95
1780467688,R_10,4907.875
1780467690,R_10,4907.792
1780467692,R_10,4907.778
1780467694,R_10,4907.824
1780467696,R_10,4907.934
1780467698,R_10,4907.891
1780467700,R_10,4908.024
1780467702,R_10,4908.097
1780467704,R_10,4908.043
1780467706,R_10,4908.112
1780467708,R_10,4908.113
1780467710,R_10,4908.298
1780467712,R_10,4908.312
1780467714,R_10,4908.362
1780467716,R_10,4908.23
1780467718,R_10,4908.158
1780467720,R_10,4908.175
1780467722,R_10,4908.164
1780467724,R_10,4908.133
1780467726,R_10,4907.956
1780467728,R_10,4908.207
1780467730,R_10,4908.114
1780467732,R_10,4908.075
1780467734,R_10,4908.114
1780467736,R_10,4908.31
1780467738,R_10,4908.395
1780467740,R_10,4908.38
1780467742,R_10,4908.326
1780467744,R_10,4908.178
1780467746,R_10,4908.185
1780467748,R_10,4908.169
1780467750,R_10,4907.856
1780467752,R_10,4907.648
1780467754,R_10,4907.617
1780467756,R_10,4907.476
1780467758,R_10,4907.432
1780467760,R_10,4907.669
1780467762,R_10,4907.661
1780467764,R_10,4907.561
1780467766,R_10,4907.679
1780467768,R_10,4907.769
1780467770,R_10,4908.008
1780467772,R_10,4908.045
1780467774,R_10,4908.209
1780467776,R_10,4908.203
1780467778,R_10,4908.17
1780467780,R_10,4908.242
1780467782,R_10,4908.237
1780467784,R_10,4908.201
1780467786,R_10,4908.361
1780467788,R_10,4908.239
1780467790,R_10,4908.188
1780467792,R_10,4908.18
1780467794,R_10,4908.264
1780467796,R_10,4908.187
1780467798,R_10,4908.125
1780467800,R_10,4908.323
1780467802,R_10,4908.443
1780467804,R_10,4908.235
1780467806,R_10,4908.194
1780467808,R_10,4908.332
1780467810,R_10,4908.385
1780467812,R_10,4908.234
1780467814,R_10,4908.216
1780467816,R_10,4908.324
1780467818,R_10,4908.082
1780467820,R_10,4908.183
1780467822,R_10,4908.252
1780467824,R_10,4907.818
1780467826,R_10,4907.934
1780467828,R_10,4907.825
1780467830,R_10,4907.785
1780467832,R_10,4907.832
1780467834,R_10,4907.854
1780467836,R_10,4907.744
1780467838,R_10,4907.776
1780467840,R_10,4907.841
1780467842,R_10,4907.945
1780467844,R_10,4907.92
1780467846,R_10,4907.795
1780467848,R_10,4907.787
1780467850,R_10,4907.649
1780467852,R_10,4907.716
1780467854,R_10,4907.809
1780467856,R_10,4907.822
1780467858,R_10,4908.042
1780467860,R_10,4908.221
1780467862,R_10,4908.123
1780467864,R_10,4908.031
1780467866,R_10,4907.886
1780467868,R_10,4907.633
1780467870,R_10,4907.736
1780467872,R_10,4907.629
1780467874,R_10,4907.525
1780467876,R_10,4907.587
1780467878,R_10,4907.647
1780467880,R_10,4907.532
1780467882,R_10,4907.519
1780467884,R_10,4907.358
1780467886,R_10,4907.395
1780467888,R_10,4907.362
1780467890,R_10,4907.212
1780467892,R_10,4907.222
1780467894,R_10,4907.272
1780467896,R_10,4907.284
1780467898,R_10,4907.436
1780467900,R_10,4907.588
1780467902,R_10,4907.762
1780467904,R_10,4907.606
1780467906,R_10,4907.666
1780467908,R_10,4907.766
1780467910,R_10,4907.834
1780467912,R_10,4907.972
1780467914,R_10,4907.923
1780467916,R_10,4908.017
1780467918,R_10,4908.01
1780467920,R_10,4908.035
1780467922,R_10,4908.197
1780467924,R_10,4908.281
1780467926,R_10,4908.27
1780467928,R_10,4908.261
1780467930,R_10,4908.188
1780467932,R_10,4908.373
1780467934,R_10,4908.322
1780467936,R_10,4908.165
1780467938,R_10,4908.33
1780467940,R_10,4908.23
1780467942,R_10,4908.352
1780467944,R_10,4908.505
1780467946,R_10,4908.442
1780467948,R_10,4908.637
1780467950,R_10,4908.762
1780467952,R_10,4908.893
1780467954,R_10,4908.874
1780467956,R_10,4908.677
1780467958,R_10,4908.576
1780467960,R_10,4908.748
1780467962,R_10,4908.601
1780467964,R_10,4908.689
1780467966,R_10,4908.717
1780467968,R_10,4908.485
1780467970,R_10,4908.562
1780467972,R_10,4908.564
1780467974,R_10,4908.333
1780467976,R_10,4908.503
1780467978,R_10,4908.401
1780467980,R_10,4908.247
1780467982,R_10,4908.285
1780467984,R_10,4908.142
1780467986,R_10,4908.069
1780467988,R_10,4907.856
1780467990,R_10,4907.73
1780467992,R_10,4907.803
1780467994,R_10,4907.718
1780467996,R_10,4907.714
1780467998,R_10,4907.554
1780468000,R_10,4907.618
1780468002,R_10,4907.818
1780468004,R_10,4907.808
1780468006,R_10,4907.824
1780468008,R_10,4907.791
1780468010,R_10,4908.033
1780468012,R_10,4907.841
1780468014,R_10,4907.874
1780468016,R_10,4907.783
1780468018,R_10,4907.919
1780468020,R_10,4907.869
1780468022,R_10,4907.917
1780468024,R_10,4907.897
1780468026,R_10,4907.774
1780468028,R_10,4907.528
1780468030,R_10,4907.69
1780468032,R_10,4907.644
1780468034,R_10,4907.588
1780468036,R_10,4907.81
1780468038,R_10,4907.858
1780468040,R_10,4907.887
1780468042,R_10,4907.847
1780468044,R_10,4907.82
1780468046,R_10,4907.809
1780468048,R_10,4907.66
1780468050,R_10,4907.559
1780468052,R_10,4907.615
1780468054,R_10,4907.433
1780468056,R_10,4907.191
1780468058,R_10,4907.195
1780468060,R_10,4907.288
1780468062,R_10,4907.178
1780468064,R_10,4907.099
1780468066,R_10,4906.996
1780468068,R_10,4906.892
1780468070,R_10,4906.632
1780468072,R_10,4906.521
1780468074,R_10,4906.628
1780468076,R_10,4906.588
1780468078,R_10,4906.528
1780468080,R_10,4906.528
1780468082,R_10,4906.455
1780468084,R_10,4906.488
1780468086,R_10,4906.5
1780468088,R_10,4906.339
1780468090,R_10,4906.303
1780468092,R_10,4906.369
1780468094,R_10,4906.47
1780468096,R_10,4906.426
1780468098,R_10,4906.374
1780468100,R_10,4906.577
1780468102,R_10,4906.659
1780468104,R_10,4906.731
1780468106,R_10,4906.64
1780468108,R_10,4906.744
1780468110,R_10,4906.901
1780468112,R_10,4906.971
1780468114,R_10,4906.924
1780468116,R_10,4906.852
1780468118,R_10,4906.682
1780468120,R_10,4906.617
1780468122,R_10,4906.708
1780468124,R_10,4906.485
1780468126,R_10,4906.471
1780468128,R_10,4906.406
1780468130,R_10,4906.5
1780468132,R_10,4906.46
1780468134,R_10,4906.344
1780468136,R_10,4906.497
1780468138,R_10,4906.375
1780468140,R_10,4906.349
1780468142,R_10,4906.138
1780468144,R_10,4906.299
1780468146,R_10,4906.269
1780468148,R_10,4905.961
1780468150,R_10,4905.875
1780468152,R_10,4905.821
1780468154,R_10,4905.79
1780468156,R_10,4905.644
1780468158,R_10,4905.607
1780468160,R_10,4905.678
1780468162,R_10,4905.691
1780468164,R_10,4905.768
1780468166,R_10,4906.024
1780468168,R_10,4906.093
1780468170,R_10,4906.022
1780468172,R_10,4906.01
1780468174,R_10,4906.008
1780468176,R_10,4906.028
1780468178,R_10,4906.052
1780468180,R_10,4905.868
1780468182,R_10,4905.745
1780468184,R_10,4905.903
1780468186,R_10,4905.684
1780468188,R_10,4905.535
1780468190,R_10,4905.544
1780468192,R_10,4905.7
1780468194,R_10,4905.571
1780468196,R_10,4905.343
1780468198,R_10,4905.208
1780468200,R_10,4905.292
1780468202,R_10,4905.051
1780468204,R_10,4904.914
1780468206,R_10,4904.852
1780468208,R_10,4905.078
1780468210,R_10,4905.088
1780468212,R_10,4904.873
1780468214,R_10,4904.869
1780468216,R_10,4904.865
1780468218,R_10,4904.903
1780468220,R_10,4904.774
1780468222,R_10,4904.481
1780468224,R_10,4904.545
1780468226,R_10,4904.769
1780468228,R_10,4904.847
1780468230,R_10,4904.797
1780468232,R_10,4904.833
1780468234,R_10,4904.998
1780468236,R_10,4904.959
1780468238,R_10,4904.941
1780468240,R_10,4904.928
1780468242,R_10,4904.995
1780468244,R_10,4905.042
1780468246,R_10,4904.993
1780468248,R_10,4905.02
1780468250,R_10,4905.151
1780468252,R_10,4905.042
1780468254,R_10,4904.938
1780468256,R_10,4904.956
1780468258,R_10,4905.126
1780468260,R_10,4905.205
1780468262,R_10,4905.098
1780468264,R_10,4905.088
1780468266,R_10,4905.18
1780468268,R_10,4905.336
1780468270,R_10,4905.375
1780468272,R_10,4905.42
1780468274,R_10,4905.55
1780468276,R_10,4905.473
1780468278,R_10,4905.245
1780468280,R_10,4905.267
1780468282,R_10,4905.173
1780468284,R_10,4905.23
1780468286,R_10,4905.398
1780468288,R_10,4905.455
1780468290,R_10,4905.3
1780468292,R_10,4905.353
1780468294,R_10,4905.26
1780468296,R_10,4905.573
1780468298,R_10,4905.489
1780468300,R_10,4905.277
1780468302,R_10,4905.446
1780468304,R_10,4905.401
1780468306,R_10,4905.607
1780468308,R_10,4905.475
1780468310,R_10,4905.141
1780468312,R_10,4905.385
1780468314,R_10,4905.351
1780468316,R_10,4905.529
1780468318,R_10,4905.38
1780468320,R_10,4905.411
1780468322,R_10,4905.269
1780468324,R_10,4905.284
1780468326,R_10,4905.05
1780468328,R_10,4905.208
1780468330,R_10,4905.432
1780468332,R_10,4905.515
1780468334,R_10,4905.278
1780468336,R_10,4905.354
1780468338,R_10,4905.428
1780468340,R_10,4905.461
1780468342,R_10,4905.362
1780468344,R_10,4905.488
1780468346,R_10,4905.45
1780468348,R_10,4905.454
1780468350,R_10,4905.563
1780468352,R_10,4905.462
1780468354,R_10,4905.51
1780468356,R_10,4905.569
1780468358,R_10,4905.639
1780468360,R_10,4905.672
1780468362,R_10,4905.924
1780468364,R_10,4905.917
1780468366,R_10,4906.04
1780468368,R_10,4905.959
1780468370,R_10,4905.99
1780468372,R_10,4906.018
1780468374,R_10,4906.212
1780468376,R_10,4906.245
1780468378,R_10,4906.181
1780468380,R_10,4906.309
1780468382,R_10,4906.208
1780468384,R_10,4906.371
1780468386,R_10,4906.425
1780468388,R_10,4906.559
1780468390,R_10,4906.411
1780468392,R_10,4906.218
1780468394,R_10,4906.148
1780468396,R_10,4906.196
1780468398,R_10,4906.202
1780468400,R_10,4906.07
1780468402,R_10,4905.949
1780468404,R_10,4906.111
1780468406,R_10,4906.048
1780468408,R_10,4905.931
1780468410,R_10,4906.009
1780468412,R_10,4905.947
1780468414,R_10,4906.027
1780468416,R_10,4906.083
1780468418,R_10,4906.153
1780468420,R_10,4906.022
1780468422,R_10,4905.948
1780468424,R_10,4905.957
1780468426,R_10,4906.013
1780468428,R_10,4905.99
1780468430,R_10,4905.898
1780468432,R_10,4905.822
1780468434,R_10,4906.005
1780468436,R_10,4906.053
1780468438,R_10,4905.941
1780468440,R_10,4905.961
1780468442,R_10,4905.906
1780468444,R_10,4905.922
1780468446,R_10,4905.921
1780468448,R_10,4905.927
1780468450,R_10,4905.717
1780468452,R_10,4905.771
1780468454,R_10,4905.86
1780468456,R_10,4905.946
1780468458,R_10,4906.254
1780468460,R_10,4906.405
1780468462,R_10,4906.489
1780468464,R_10,4906.502
1780468466,R_10,4906.498
1780468468,R_10,4906.65
1780468470,R_10,4906.66
1780468472,R_10,4906.938
1780468474,R_10,4906.862
1780468476,R_10,4906.977
1780468478,R_10,4906.98
1780468480,R_10,4906.962
1780468482,R_10,4907.234
1780468484,R_10,4907.148
1780468486,R_10,4907.114
1780468488,R_10,4907.263
1780468490,R_10,4907.345
1780468492,R_10,4907.333
1780468494,R_10,4907.486
1780468496,R_10,4907.522
1780468498,R_10,4907.375
1780468500,R_10,4907.332
1780468502,R_10,4906.932
1780468504,R_10,4906.892
1780468506,R_10,4906.789
1780468508,R_10,4906.548
1780468510,R_10,4906.452
1780468512,R_10,4906.545
1780468514,R_10,4906.605
1780468516,R_10,4906.758
1780468518,R_10,4906.825
1780468520,R_10,4906.832
1780468522,R_10,4906.961
1780468524,R_10,4907.128
1780468526,R_10,4907.02
1780468528,R_10,4907.14
1780468530,R_10,4907.265
1780468532,R_10,4907.338
1780468534,R_10,4907.284
1780468536,R_10,4907.231
1780468538,R_10,4907.33
1780468540,R_10,4907.148
1780468542,R_10,4907.109
1780468544,R_10,4906.89
1780468546,R_10,4906.822
1780468548,R_10,4906.88
1780468550,R_10,4907.141
1780468552,R_10,4906.942
1780468554,R_10,4907.135
1780468556,R_10,4907.02
1780468558,R_10,4907.074
1780468560,R_10,4907.305
1780468562,R_10,4907.362
1780468564,R_10,4907.217
1780468566,R_10,4907.082
1780468568,R_10,4907.238
1780468570,R_10,4907.079
1780468572,R_10,4906.866
1780468574,R_10,4906.768
1780468576,R_10,4906.722
1780468578,R_10,4906.987
1780468580,R_10,4906.87
1780468582,R_10,4906.741
1780468584,R_10,4906.763
1780468586,R_10,4906.721
1780468588,R_10,4906.564
1780468590,R_10,4906.526
1780468592,R_10,4906.533
1780468594,R_10,4906.555
1780468596,R_10,4906.732
1780468598,R_10,4906.7
1780468600,R_10,4906.806
1780468602,R_10,4906.86
1780468604,R_10,4906.865
1780468606,R_10,4906.972
1780468608,R_10,4906.908
1780468610,R_10,4906.894
1780468612,R_10,4907.156
1780468614,R_10,4907.044
1780468616,R_10,4906.891
1780468618,R_10,4906.841
1780468620,R_10,4906.919
1780468622,R_10,4907.179
1780468624,R_10,4907.085
1780468626,R_10,4906.987
1780468628,R_10,4907.073
1780468630,R_10,4907.285
1780468632,R_10,4907.225
1780468634,R_10,4907.308
1780468636,R_10,4907.494
1780468638,R_10,4907.459
1780468640,R_10,4907.493
1780468642,R_10,4907.496
1780468644,R_10,4907.629
1780468646,R_10,4907.83
1780468648,R_10,4907.864
1780468650,R_10,4907.747
1780468652,R_10,4907.751
1780468654,R_10,4907.564
1780468656,R_10,4907.599
1780468658,R_10,4907.421
1780468660,R_10,4907.414
1780468662,R_10,4907.249
1780468664,R_10,4907.513
1780468666,R_10,4907.432
1780468668,R_10,4907.357
1780468670,R_10,4907.401
1780468672,R_10,4907.468
1780468674,R_10,4907.429
1780468676,R_10,4907.373
1780468678,R_10,4907.414
1780468680,R_10,4907.382
1780468682,R_10,4907.432
1780468684,R_10,4907.319
1780468686,R_10,4907.417
1780468688,R_10,4907.484
1780468690,R_10,4907.237
1780468692,R_10,4907.15
1780468694,R_10,4907.13
1780468696,R_10,4907.247
1780468698,R_10,4907.351
1780468700,R_10,4907.365
1780468702,R_10,4907.379
1780468704,R_10,4907.331
1780468706,R_10,4907.321
1780468708,R_10,4907.31
1780468710,R_10,4907.591
1780468712,R_10,4907.466
1780468714,R_10,4907.718
1780468716,R_10,4908.025
1780468718,R_10,4908.032
1780468720,R_10,4907.867
1780468722,R_10,4907.593
1780468724,R_10,4907.572
1780468726,R_10,4907.438
1780468728,R_10,4907.303
1780468730,R_10,4907.226
1780468732,R_10,4907.046
1780468734,R_10,4907.184
1780468736,R_10,4907.203
1780468738,R_10,4907.338
1780468740,R_10,4907.607
1780468742,R_10,4907.746
1780468744,R_10,4907.718
1780468746,R_10,4907.798
1780468748,R_10,4907.817
1780468750,R_10,4907.749
1780468752,R_10,4907.895
1780468754,R_10,4907.796
1780468756,R_10,4907.859
1780468758,R_10,4907.822
1780468760,R_10,4907.963
1780468762,R_10,4907.899
1780468764,R_10,4907.862
1780468766,R_10,4907.774
1780468768,R_10,4907.728
1780468770,R_10,4907.679
1780468772,R_10,4907.685
1780468774,R_10,4907.599
1780468776,R_10,4907.44
1780468778,R_10,4907.444
1780468780,R_10,4907.448
1780468782,R_10,4907.427
1780468784,R_10,4907.364
1780468786,R_10,4907.516
1780468788,R_10,4907.395
1780468790,R_10,4907.48
1780468792,R_10,4907.565
1780468794,R_10,4907.712
1780468796,R_10,4907.551
1780468798,R_10,4907.708
1780468800,R_10,4907.733
1780468802,R_10,4907.581
1780468804,R_10,4907.424
1780468806,R_10,4907.291
1780468808,R_10,4907.19
1780468810,R_10,4907.285
1780468812,R_10,4907.363
1780468814,R_10,4907.287
1780468816,R_10,4907.605
1780468818,R_10,4907.795
1780468820,R_10,4907.929
1780468822,R_10,4907.933
1780468824,R_10,4908.067
1780468826,R_10,4907.974
1780468828,R_10,4908.027
1780468830,R_10,4908.261
1780468832,R_10,4908.295
1780468834,R_10,4908.232
1780468836,R_10,4908.243
1780468838,R_10,4908.155
1780468840,R_10,4908.354
1780468842,R_10,4908.338
1780468844,R_10,4908.594
1780468846,R_10,4908.796
1780468848,R_10,4908.828
1780468850,R_10,4908.862
1780468852,R_10,4908.944
1780468854,R_10,4908.804
1780468856,R_10,4908.874
1780468858,R_10,4908.793
1780468860,R_10,4908.578
1780468862,R_10,4908.619
1780468864,R_10,4908.518
1780468866,R_10,4908.363
1780468868,R_10,4908.358
1780468870,R_10,4908.386
1780468872,R_10,4908.293
1780468874,R_10,4908.206
1780468876,R_10,4908.094
1780468878,R_10,4908.187
1780468880,R_10,4908.097
1780468882,R_10,4908.198
1780468884,R_10,4908.037
1780468886,R_10,4908.104
1780468888,R_10,4907.977
1780468890,R_10,4908.031
1780468892,R_10,4907.858
1780468894,R_10,4907.874
1780468896,R_10,4907.633
1780468898,R_10,4907.606
1780468900,R_10,4907.748
1780468902,R_10,4907.658
1780468904,R_10,4907.854
1780468906,R_10,4907.665
1780468908,R_10,4907.699
1780468910,R_10,4907.65
1780468912,R_10,4907.561
1780468914,R_10,4907.592
1780468916,R_10,4907.378
1780468918,R_10,4907.295
1780468920,R_10,4907.261
1780468922,R_10,4907.206
1780468924,R_10,4906.891
1780468926,R_10,4907.02
1780468928,R_10,4906.999
1780468930,R_10,4906.986
1780468932,R_10,4906.944
1780468934,R_10,4907.041
1780468936,R_10,4907.317
1780468938,R_10,4907.434
1780468940,R_10,4907.443
1780468942,R_10,4907.334
1780468944,R_10,4907.296
1780468946,R_10,4907.57
1780468948,R_10,4907.584
1780468950,R_10,4907.597
1780468952,R_10,4907.574
1780468954,R_10,4907.475
1780468956,R_10,4907.509
1780468958,R_10,4907.603
1780468960,R_10,4907.79
1780468962,R_10,4907.785
1780468964,R_10,4907.817
1780468966,R_10,4907.846
1780468968,R_10,4907.798
1780468970,R_10,4907.726
1780468972,R_10,4907.522
1780468974,R_10,4907.463
1780468976,R_10,4907.437
1780468978,R_10,4907.45
1780468980,R_10,4907.289
1780468982,R_10,4907.132
1780468984,R_10,4907.113
1780468986,R_10,4906.701
1780468988,R_10,4906.87
1780468990,R_10,4906.916
1780468992,R_10,4906.965
1780468994,R_10,4907.01
1780468996,R_10,4907.015
1780468998,R_10,4906.991
1780469000,R_10,4907.007
1780469002,R_10,4907.062
1780469004,R_10,4907.022
1780469006,R_10,4907.216
1780469008,R_10,4907.09
1780469010,R_10,4907.194
1780469012,R_10,4907.27
1780469014,R_10,4907.192
1780469016,R_10,4907.081
1780469018,R_10,4907.095
1780469020,R_10,4907.031
1780469022,R_10,4906.753
1780469024,R_10,4906.574
1780469026,R_10,4906.755
1780469028,R_10,4906.687
1780469030,R_10,4906.713
1780469032,R_10,4906.854
1780469034,R_10,4906.769
1780469036,R_10,4906.654
1780469038,R_10,4906.385
1780469040,R_10,4906.296
1780469042,R_10,4906.2
1780469044,R_10,4906.041
1780469046,R_10,4906.053
1780469048,R_10,4906.082
1780469050,R_10,4906.031
1780469052,R_10,4906.187
1780469054,R_10,4906.274
1780469056,R_10,4906.371
1780469058,R_10,4906.331
1780469060,R_10,4906.242
1780469062,R_10,4906.341
1780469064,R_10,4906.173
1780469066,R_10,4906.16
1780469068,R_10,4906.183
1780469070,R_10,4906.252
1780469072,R_10,4906.213
1780469074,R_10,4906.345
1780469076,R_10,4906.266
1780469078,R_10,4906.148
1780469080,R_10,4906.307
1780469082,R_10,4906.416
1780469084,R_10,4906.423
1780469086,R_10,4906.683
1780469088,R_10,4906.488
1780469090,R_10,4906.552
1780469092,R_10,4906.473
1780469094,R_10,4906.346
1780469096,R_10,4906.249
1780469098,R_10,4906.167
1780469100,R_10,4906.145
1780469102,R_10,4906.195
1780469104,R_10,4906.102
1780469106,R_10,4906.039
1780469108,R_10,4905.703
1780469110,R_10,4905.583
1780469112,R_10,4905.472
1780469114,R_10,4905.371
1780469116,R_10,4905.434
1780469118,R_10,4905.576
1780469120,R_10,4905.684
1780469122,R_10,4905.743
1780469124,R_10,4905.985
1780469126,R_10,4905.747
1780469128,R_10,4905.66
1780469130,R_10,4905.703
1780469132,R_10,4905.819
1780469134,R_10,4905.9
1780469136,R_10,4906.008
1780469138,R_10,4906.101
1780469140,R_10,4906.05
1780469142,R_10,4906.037
1780469144,R_10,4905.938
1780469146,R_10,4905.902
1780469148,R_10,4905.859
1780469150,R_10,4905.923
1780469152,R_10,4905.981
1780469154,R_10,4906.281
1780469156,R_10,4906.251
1780469158,R_10,4906.195
1780469160,R_10,4906.231
1780469162,R_10,4906.217
1780469164,R_10,4906.303
1780469166,R_10,4906.312
1780469168,R_10,4906.5
1780469170,R_10,4906.7
1780469172,R_10,4906.72
1780469174,R_10,4906.551
1780469176,R_10,4906.234
1780469178,R_10,4906.137
1780469180,R_10,4906.023
1780469182,R_10,4906.031
1780469184,R_10,4905.991
1780469186,R_10,4905.965
1780469188,R_10,4905.995
1780469190,R_10,4906.016
1780469192,R_10,4905.933
1780469194,R_10,4906.142
1780469196,R_10,4906.089
1780469198,R_10,4906.072
1780469200,R_10,4906.09
1780469202,R_10,4906.104
1780469204,R_10,4905.982
1780469206,R_10,4905.955
1780469208,R_10,4905.891
1780469210,R_10,4905.949
1780469212,R_10,4905.956
1780469214,R_10,4906.003
1780469216,R_10,4906.114
1780469218,R_10,4906.188
1780469220,R_10,4906.038
1780469222,R_10,4906.069
1780469224,R_10,4906.152
1780469226,R_10,4906.097
1780469228,R_10,4906.035
1780469230,R_10,4905.886
1780469232,R_10,4906.088
1780469234,R_10,4906.218
1780469236,R_10,4906.156
1780469238,R_10,4906.395
1780469240,R_10,4906.358
1780469242,R_10,4906.056
1780469244,R_10,4906.124
1780469246,R_10,4906.087
1780469248,R_10,4906.112
1780469250,R_10,4906.187
1780469252,R_10,4905.994
1780469254,R_10,4906.018
1780469256,R_10,4905.96
1780469258,R_10,4906.078
1780469260,R_10,4905.942
1780469262,R_10,4905.894
1780469264,R_10,4905.836
1780469266,R_10,4905.872
1780469268,R_10,4906.015
1780469270,R_10,4905.967
1780469272,R_10,4906.029
1780469274,R_10,4905.932
1780469276,R_10,4906.147
1780469278,R_10,4906.203
1780469280,R_10,4906.048
1780469282,R_10,4906.024
1780469284,R_10,4906.08
1780469286,R_10,4906.226
1780469288,R_10,4906.061
1780469290,R_10,4906.247
1780469292,R_10,4906.072
1780469294,R_10,4905.924
1780469296,R_10,4905.99
1780469298,R_10,4905.787
1780469300,R_10,4906.031
1780469302,R_10,4905.945
1780469304,R_10,4905.787
1780469306,R_10,4906.056
1780469308,R_10,4906.065
1780469310,R_10,4906.142
1780469312,R_10,4906.063
1780469314,R_10,4906.073
1780469316,R_10,4906.166
1780469318,R_10,4906.199
1780469320,R_10,4906.04
1780469322,R_10,4905.883
1780469324,R_10,4905.943
1780469326,R_10,4906.056
1780469328,R_10,4906.052
1780469330,R_10,4906.103
1780469332,R_10,4906.099
1780469334,R_10,4906.187
1780469336,R_10,4906.221
1780469338,R_10,4906.217
1780469340,R_10,4906.101
1780469342,R_10,4906.186
1780469344,R_10,4906.205
1780469346,R_10,4906.483
1780469348,R_10,4906.562
1780469350,R_10,4906.407
1780469352,R_10,4906.342
1780469354,R_10,4906.462
1780469356,R_10,4906.395
1780469358,R_10,4906.519
1780469360,R_10,4906.561
1780469362,R_10,4906.668
1780469364,R_10,4906.4
1780469366,R_10,4906.455
1780469368,R_10,4906.54
1780469370,R_10,4906.47
1780469372,R_10,4906.597
1780469374,R_10,4906.431
1780469376,R_10,4906.833
1780469378,R_10,4906.927
1780469380,R_10,4906.711
1780469382,R_10,4906.761
1780469384,R_10,4906.694
1780469386,R_10,4906.836
1780469388,R_10,4906.891
1780469390,R_10,4906.964
1780469392,R_10,4906.795
1780469394,R_10,4906.886
1780469396,R_10,4906.984
1780469398,R_10,4907.25
1780469400,R_10,4907.623
1780469402,R_10,4907.611
1780469404,R_10,4907.625
1780469406,R_10,4907.771
1780469408,R_10,4907.684
1780469410,R_10,4907.631
1780469412,R_10,4907.346
1780469414,R_10,4907.302
1780469416,R_10,4907.294
1780469418,R_10,4907.233
1780469420,R_10,4907.329
1780469422,R_10,4907.361
1780469424,R_10,4907.413
1780469426,R_10,4907.283
1780469428,R_10,4907.331
1780469430,R_10,4907.271
1780469432,R_10,4907.379
1780469434,R_10,4907.399
1780469436,R_10,4907.467
1780469438,R_10,4907.528
1780469440,R_10,4907.6
1780469442,R_10,4907.76
1780469444,R_10,4907.944
1780469446,R_10,4908.004
1780469448,R_10,4908.028
1780469450,R_10,4907.841
1780469452,R_10,4907.845
1780469454,R_10,4907.848
1780469456,R_10,4907.818
1780469458,R_10,4907.908
1780469460,R_10,4907.852
1780469462,R_10,4907.783
1780469464,R_10,4907.576
1780469466,R_10,4907.707
1780469468,R_10,4907.793
1780469470,R_10,4907.858
1780469472,R_10,4907.792
1780469474,R_10,4907.722
1780469476,R_10,4907.729
1780469478,R_10,4907.807
1780469480,R_10,4908.035
1780469482,R_10,4908.046
1780469484,R_10,4908.046
1780469486,R_10,4907.881
1780469488,R_10,4907.972
1780469490,R_10,4907.827
1780469492,R_10,4907.879
1780469494,R_10,4907.864
1780469496,R_10,4907.794
1780469498,R_10,4907.806
1780469500,R_10,4907.745
1780469502,R_10,4907.661
1780469504,R_10,4907.786
1780469506,R_10,4907.843
1780469508,R_10,4908.024
1780469510,R_10,4907.862
1780469512,R_10,4908.008
1780469514,R_10,4908.04
1780469516,R_10,4908.174
1780469518,R_10,4908.037
1780469520,R_10,4908.025
1780469522,R_10,4908.116
1780469524,R_10,4908.241
1780469526,R_10,4908.414
1780469528,R_10,4908.643
1780469530,R_10,4908.608
1780469532,R_10,4908.402
1780469534,R_10,4908.568
1780469536,R_10,4908.61
1780469538,R_10,4908.542
1780469540,R_10,4908.611
1780469542,R_10,4908.548
1780469544,R_10,4908.627
1780469546,R_10,4908.717
1780469548,R_10,4908.809
1780469550,R_10,4909.143
1780469552,R_10,4909.002
1780469554,R_10,4908.956
1780469556,R_10,4909.039
1780469558,R_10,4909.179
1780469560,R_10,4909.094
1780469562,R_10,4908.982
1780469564,R_10,4909.145
1780469566,R_10,4908.922
1780469568,R_10,4908.847
1780469570,R_10,4908.776
1780469572,R_10,4908.626
1780469574,R_10,4908.645
1780469576,R_10,4908.751
1780469578,R_10,4908.861
1780469580,R_10,4908.828
1780469582,R_10,4908.672
1780469584,R_10,4908.734
1780469586,R_10,4908.762
1780469588,R_10,4908.773
1780469590,R_10,4908.827
1780469592,R_10,4909.03
1780469594,R_10,4909.317
1780469596,R_10,4909.246
1780469598,R_10,4909.181
1780469600,R_10,4909.273
1780469602,R_10,4909.388
1780469604,R_10,4909.565
1780469606,R_10,4909.528
1780469608,R_10,4909.604
1780469610,R_10,4909.673
1780469612,R_10,4909.859
1780469614,R_10,4909.845
1780469616,R_10,4909.838
1780469618,R_10,4909.952
1780469620,R_10,4909.928
1780469622,R_10,4909.896
1780469624,R_10,4909.938
1780469626,R_10,4909.97
1780469628,R_10,4909.887
1780469630,R_10,4909.742
1780469632,R_10,4910.091
1780469634,R_10,4909.981
1780469636,R_10,4909.945
1780469638,R_10,4909.866
1780469640,R_10,4909.91
1780469642,R_10,4910.036
1780469644,R_10,4909.969
1780469646,R_10,4909.7
1780469648,R_10,4909.705
1780469650,R_10,4909.7
1780469652,R_10,4909.84
1780469654,R_10,4909.911
1780469656,R_10,4909.836
1780469658,R_10,4909.958
1780469660,R_10,4910.048
1780469662,R_10,4909.995
1780469664,R_10,4909.955
1780469666,R_10,4909.95
1780469668,R_10,4909.7
1780469670,R_10,4909.728
1780469672,R_10,4909.708
1780469674,R_10,4909.518
1780469676,R_10,4909.493
1780469678,R_10,4909.561
1780469680,R_10,4909.511
1780469682,R_10,4909.48
1780469684,R_10,4909.401
1780469686,R_10,4909.343
1780469688,R_10,4909.302
1780469690,R_10,4909.37
1780469692,R_10,4909.352
1780469694,R_10,4909.433
1780469696,R_10,4909.313
1780469698,R_10,4909.296
1780469700,R_10,4909.471
1780469702,R_10,4909.521
1780469704,R_10,4909.432
1780469706,R_10,4909.616
1780469708,R_10,4909.571
1780469710,R_10,4909.61
1780469712,R_10,4909.532
1780469714,R_10,4909.587
1780469716,R_10,4909.365
1780469718,R_10,4909.42
1780469720,R_10,4909.424
1780469722,R_10,4909.405
1780469724,R_10,4909.369
1780469726,R_10,4909.43
1780469728,R_10,4909.657
1780469730,R_10,4909.595
1780469732,R_10,4909.612
1780469734,R_10,4909.7
1780469736,R_10,4909.751
1780469738,R_10,4909.788
1780469740,R_10,4909.759
1780469742,R_10,4909.773
1780469744,R_10,4909.565
1780469746,R_10,4909.511
1780469748,R_10,4909.467
1780469750,R_10,4909.229
1780469752,R_10,4909.182
1780469754,R_10,4909.429
1780469756,R_10,4909.441
1780469758,R_10,4909.483
1780469760,R_10,4909.474
1780469762,R_10,4909.523
1780469764,R_10,4909.472
1780469766,R_10,4909.406
1780469768,R_10,4909.316
1780469770,R_10,4909.378
1780469772,R_10,4909.286
1780469774,R_10,4909.262
1780469776,R_10,4909.251
1780469778,R_10,4909.091
1780469780,R_10,4908.9
1780469782,R_10,4909.044
1780469784,R_10,4909.276
1780469786,R_10,4909.499
1780469788,R_10,4909.548
1780469790,R_10,4909.357
1780469792,R_10,4909.487
1780469794,R_10,4909.378
1780469796,R_10,4909.315
1780469798,R_10,4909.257
1780469800,R_10,4909.049
1780469802,R_10,4909.083
1780469804,R_10,4909.059
1780469806,R_10,4909.029
1780469808,R_10,4909.034
1780469810,R_10,4908.978
1780469812,R_10,4908.841
1780469814,R_10,4908.786
1780469816,R_10,4908.699
1780469818,R_10,4908.871
1780469820,R_10,4909.162
1780469822,R_10,4909.031
1780469824,R_10,4909.188
1780469826,R_10,4909.229
1780469828,R_10,4908.903
1780469830,R_10,4909
1780469832,R_10,4908.916
1780469834,R_10,4908.682
1780469836,R_10,4908.615
1780469838,R_10,4908.38
1780469840,R_10,4908.284
1780469842,R_10,4908.114
1780469844,R_10,4908.081
1780469846,R_10,4908.271
1780469848,R_10,4908.242
1780469850,R_10,4908.392
1780469852,R_10,4908.347
1780469854,R_10,4908.098
1780469856,R_10,4908.217
1780469858,R_10,4908.123
1780469860,R_10,4908.232
1780469862,R_10,4908.269
1780469864,R_10,4908.173
1780469866,R_10,4908.292
1780469868,R_10,4908.366
1780469870,R_10,4908.37
1780469872,R_10,4908.31
1780469874,R_10,4907.982
1780469876,R_10,4908.441
1780469878,R_10,4908.407
1780469880,R_10,4908.498
1780469882,R_10,4908.366
1780469884,R_10,4908.41
1780469886,R_10,4908.598
1780469888,R_10,4908.6
1780469890,R_10,4908.724
1780469892,R_10,4908.733
1780469894,R_10,4908.563
1780469896,R_10,4908.816
1780469898,R_10,4908.881
1780469900,R_10,4908.865
1780469902,R_10,4908.936
1780469904,R_10,4908.903
1780469906,R_10,4909.087
1780469908,R_10,4909.15
1780469910,R_10,4909.158
1780469912,R_10,4909.119
1780469914,R_10,4909.145
1780469916,R_10,4909.04
1780469918,R_10,4908.921
1780469920,R_10,4908.945
1780469922,R_10,4909.001
1780469924,R_10,4908.883
1780469926,R_10,4908.993
1780469928,R_10,4909.147
1780469930,R_10,4909.226
1780469932,R_10,4909.257
1780469934,R_10,4909.114
1780469936,R_10,4909.334
1780469938,R_10,4909.115
1780469940,R_10,4909.253
1780469942,R_10,4909.215
1780469944,R_10,4909.343
1780469946,R_10,4909.647
1780469948,R_10,4909.61
1780469950,R_10,4909.749
1780469952,R_10,4909.637
1780469954,R_10,4909.583
1780469956,R_10,4909.563
1780469958,R_10,4909.755
1780469960,R_10,4909.897
1780469962,R_10,4910.072
1780469964,R_10,4910.152
1780469966,R_10,4910.258
1780469968,R_10,4910.292
1780469970,R_10,4910.283
1780469972,R_10,4910.31
1780469974,R_10,4910.114
1780469976,R_10,4910.208
1780469978,R_10,4910.41
1780469980,R_10,4910.342
1780469982,R_10,4910.355
1780469984,R_10,4910.32
1780469986,R_10,4910.181
1780469988,R_10,4910.213
1780469990,R_10,4910.153
1780469992,R_10,4910.029
1780469994,R_10,4909.832
1780469996,R_10,4909.94
1780469998,R_10,4910.011
1780470000,R_10,4910.185
1780470002,R_10,4910.202
1780470004,R_10,4909.968
1780470006,R_10,4910.098
1780470008,R_10,4910.019
1780470010,R_10,4910.06
1780470012,R_10,4909.883
1780470014,R_10,4909.897
1780470016,R_10,4909.855
1780470018,R_10,4909.809
1780470020,R_10,4909.735
1780470022,R_10,4909.393
1780470024,R_10,4909.533
1780470026,R_10,4909.541
1780470028,R_10,4909.571
1780470030,R_10,4909.449
1780470032,R_10,4909.706
1780470034,R_10,4909.797
1780470036,R_10,4909.849
1780470038,R_10,4909.612
1780470040,R_10,4909.563
1780470042,R_10,4909.508
1780470044,R_10,4909.46
1780470046,R_10,4909.447
1780470048,R_10,4909.447
1780470050,R_10,4909.319
1780470052,R_10,4909.301
1780470054,R_10,4909.241
1780470056,R_10,4909.218
1780470058,R_10,4909.306
1780470060,R_10,4909.274
1780470062,R_10,4909.079
1780470064,R_10,4908.746
1780470066,R_10,4908.745
1780470068,R_10,4908.671
1780470070,R_10,4908.522
1780470072,R_10,4908.646
1780470074,R_10,4908.401
1780470076,R_10,4908.495
1780470078,R_10,4908.288
1780470080,R_10,4908.083
1780470082,R_10,4908.14
1780470084,R_10,4908.201
1780470086,R_10,4908.038
1780470088,R_10,4908.164
1780470090,R_10,4908.332
1780470092,R_10,4908.251
1780470094,R_10,4908.243
1780470096,R_10,4908.375
1780470098,R_10,4908.296
1780470100,R_10,4908.302
1780470102,R_10,4908.265
1780470104,R_10,4908.164
1780470106,R_10,4908.255
1780470108,R_10,4908.111
1780470110,R_10,4908.109
1780470112,R_10,4908.151
1780470114,R_10,4908.077
1780470116,R_10,4908.083
1780470118,R_10,4908.018
1780470120,R_10,4907.921
1780470122,R_10,4907.674
1780470124,R_10,4907.501
1780470126,R_10,4907.388
1780470128,R_10,4907.31
1780470130,R_10,4907.021
1780470132,R_10,4906.827
1780470134,R_10,4906.68
1780470136,R_10,4906.65
1780470138,R_10,4906.468
1780470140,R_10,4906.407
1780470142,R_10,4906.32
1780470144,R_10,4906.342
1780470146,R_10,4906.283
1780470148,R_10,4906.21
1780470150,R_10,4906.152
1780470152,R_10,4906.089
1780470154,R_10,4906.156
1780470156,R_10,4906.122
1780470158,R_10,4906.306
1780470160,R_10,4906.285
1780470162,R_10,4906.3
1780470164,R_10,4906.255
1780470166,R_10,4906.332
1780470168,R_10,4906.196
1780470170,R_10,4906.189
1780470172,R_10,4905.97
1780470174,R_10,4905.821
1780470176,R_10,4905.727
1780470178,R_10,4905.599
1780470180,R_10,4905.671
1780470182,R_10,4905.71
1780470184,R_10,4905.551
1780470186,R_10,4905.396
1780470188,R_10,4905.539
1780470190,R_10,4905.494
1780470192,R_10,4905.554
1780470194,R_10,4905.557
1780470196,R_10,4905.521
1780470198,R_10,4905.322
1780470200,R_10,4905.186
1780470202,R_10,4905.043
1780470204,R_10,4904.97
1780470206,R_10,4904.877
1780470208,R_10,4904.909
1780470210,R_10,4905.052
1780470212,R_10,4904.965
1780470214,R_10,4904.967
1780470216,R_10,4904.857
1780470218,R_10,4904.736
1780470220,R_10,4904.6
1780470222,R_10,4904.463
1780470224,R_10,4904.681
1780470226,R_10,4904.82
1780470228,R_10,4904.72
1780470230,R_10,4904.806
1780470232,R_10,4904.899
1780470234,R_10,4904.905
1780470236,R_10,4905.052
1780470238,R_10,4904.903
1780470240,R_10,4904.903
1780470242,R_10,4905.122
1780470244,R_10,4905.145
1780470246,R_10,4905.182
1780470248,R_10,4905.385
1780470250,R_10,4905.473
1780470252,R_10,4905.659
1780470254,R_10,4905.72
1780470256,R_10,4905.761
1780470258,R_10,4905.509
1780470260,R_10,4905.603
1780470262,R_10,4905.516
1780470264,R_10,4905.37
1780470266,R_10,4905.422
1780470268,R_10,4905.726
1780470270,R_10,4905.676
1780470272,R_10,4905.751
1780470274,R_10,4905.592
1780470276,R_10,4905.573
1780470278,R_10,4905.404
1780470280,R_10,4905.457
1780470282,R_10,4905.49
1780470284,R_10,4905.818
1780470286,R_10,4906.003
1780470288,R_10,4906.026
1780470290,R_10,4906.212
1780470292,R_10,4906.535
1780470294,R_10,4906.636
1780470296,R_10,4906.688
1780470298,R_10,4906.716
1780470300,R_10,4906.766
1780470302,R_10,4906.76
1780470304,R_10,4906.612
1780470306,R_10,4906.631
1780470308,R_10,4906.66
1780470310,R_10,4906.704
1780470312,R_10,4906.556
1780470314,R_10,4906.537
1780470316,R_10,4906.726
1780470318,R_10,4906.798
1780470320,R_10,4906.871
1780470322,R_10,4906.966
1780470324,R_10,4906.936
1780470326,R_10,4907
1780470328,R_10,4906.785
1780470330,R_10,4906.722
1780470332,R_10,4906.829
1780470334,R_10,4907.089
1780470336,R_10,4907.042
1780470338,R_10,4907.116
1780470340,R_10,4907.104
1780470342,R_10,4907.09
1780470344,R_10,4907.085
1780470346,R_10,4907.142
1780470348,R_10,4907.049
1780470350,R_10,4906.862
1780470352,R_10,4906.905
1780470354,R_10,4906.608
1780470356,R_10,4906.467
1780470358,R_10,4906.382
1780470360,R_10,4906.261
1780470362,R_10,4906.463
1780470364,R_10,4906.349
1780470366,R_10,4906.283
1780470368,R_10,4906.265
1780470370,R_10,4906.345
1780470372,R_10,4906.372
1780470374,R_10,4906.293
1780470376,R_10,4906.514
1780470378,R_10,4906.353
1780470380,R_10,4906.451
1780470382,R_10,4906.375
1780470384,R_10,4906.395
1780470386,R_10,4906.355
1780470388,R_10,4906.395
1780470390,R_10,4906.434
1780470392,R_10,4906.249
1780470394,R_10,4906.505
1780470396,R_10,4906.418
1780470398,R_10,4906.508
1780470400,R_10,4906.474
1780470402,R_10,4906.432
1780470404,R_10,4906.442
1780470406,R_10,4906.297
1780470408,R_10,4906.038
1780470410,R_10,4906.284
1780470412,R_10,4906.107
1780470414,R_10,4905.994
1780470416,R_10,4905.868
1780470418,R_10,4905.731
1780470420,R_10,4905.738
1780470422,R_10,4905.702
1780470424,R_10,4905.622
1780470426,R_10,4905.597
1780470428,R_10,4905.551
1780470430,R_10,4905.576
1780470432,R_10,4905.546
1780470434,R_10,4905.517
1780470436,R_10,4905.404
1780470438,R_10,4905.423
1780470440,R_10,4905.494
1780470442,R_10,4905.361
1780470444,R_10,4905.297
1780470446,R_10,4905.275
1780470448,R_10,4905.393
1780470450,R_10,4905.581
1780470452,R_10,4905.609
1780470454,R_10,4905.636
1780470456,R_10,4905.768
1780470458,R_10,4905.761
1780470460,R_10,4906
1780470462,R_10,4906.144
1780470464,R_10,4906.231
1780470466,R_10,4906.043
1780470468,R_10,4906.172
1780470470,R_10,4906.418
1780470472,R_10,4906.249
1780470474,R_10,4906.302
1780470476,R_10,4906.362
1780470478,R_10,4906.342
1780470480,R_10,4906.344
1780470482,R_10,4906.399
1780470484,R_10,4906.421
1780470486,R_10,4906.21
1780470488,R_10,4906.486
1780470490,R_10,4906.41
1780470492,R_10,4906.353
1780470494,R_10,4906.371
1780470496,R_10,4906.373
1780470498,R_10,4906.307
1780470500,R_10,4906.518
1780470502,R_10,4906.494
1780470504,R_10,4906.436
1780470506,R_10,4906.439
1780470508,R_10,4906.331
1780470510,R_10,4906.393
1780470512,R_10,4906.46
1780470514,R_10,4906.54
1780470516,R_10,4906.427
1780470518,R_10,4906.361
1780470520,R_10,4906.476
1780470522,R_10,4906.58
1780470524,R_10,4906.678
1780470526,R_10,4906.59
1780470528,R_10,4906.616
1780470530,R_10,4906.589
1780470532,R_10,4906.656
1780470534,R_10,4906.671
1780470536,R_10,4906.687
1780470538,R_10,4906.627
1780470540,R_10,4906.5
1780470542,R_10,4906.49
1780470544,R_10,4906.433
1780470546,R_10,4906.434
1780470548,R_10,4906.224
1780470550,R_10,4906.37
1780470552,R_10,4906.264
1780470554,R_10,4906.344
1780470556,R_10,4906.279
1780470558,R_10,4906.161
1780470560,R_10,4906.013
1780470562,R_10,4905.915
1780470564,R_10,4905.817
1780470566,R_10,4906.003
1780470568,R_10,4906.007
1780470570,R_10,4906.09
1780470572,R_10,4905.921
1780470574,R_10,4905.946
1780470576,R_10,4905.792
1780470578,R_10,4905.614
1780470580,R_10,4905.907
1780470582,R_10,4906.143
1780470584,R_10,4906.134
1780470586,R_10,4906.295
1780470588,R_10,4906.342
1780470590,R_10,4906.268
1780470592,R_10,4905.89
1780470594,R_10,4905.81
1780470596,R_10,4905.673
1780470598,R_10,4905.593
1780470600,R_10,4905.818
1780470602,R_10,4905.753
1780470604,R_10,4905.777
1780470606,R_10,4905.817
1780470608,R_10,4905.794
1780470610,R_10,4905.727
1780470612,R_10,4905.763
1780470614,R_10,4905.727
1780470616,R_10,4905.639
1780470618,R_10,4905.568
1780470620,R_10,4905.565
1780470622,R_10,4905.553
1780470624,R_10,4905.328
1780470626,R_10,4905.224
1780470628,R_10,4904.849
1780470630,R_10,4904.7
1780470632,R_10,4904.544
1780470634,R_10,4904.52
1780470636,R_10,4904.448
1780470638,R_10,4904.45
1780470640,R_10,4904.374
1780470642,R_10,4904.475
1780470644,R_10,4904.369
1780470646,R_10,4904.362
1780470648,R_10,4904.292
1780470650,R_10,4904.357
1780470652,R_10,4904.491
1780470654,R_10,4904.428
1780470656,R_10,4904.222
1780470658,R_10,4904.14
1780470660,R_10,4904.162
1780470662,R_10,4904.146
1780470664,R_10,4904.261
1780470666,R_10,4904.285
1780470668,R_10,4904.597
1780470670,R_10,4904.798
1780470672,R_10,4904.687
1780470674,R_10,4904.729
1780470676,R_10,4904.845
1780470678,R_10,4904.783
1780470680,R_10,4904.801
1780470682,R_10,4904.908
1780470684,R_10,4905.018
1780470686,R_10,4905.142
1780470688,R_10,4905.129
1780470690,R_10,4905.33
1780470692,R_10,4905.334
1780470694,R_10,4905.275
1780470696,R_10,4905.289
1780470698,R_10,4905.253
1780470700,R_10,4905.31
1780470702,R_10,4905.461
1780470704,R_10,4905.308
1780470706,R_10,4905.303
1780470708,R_10,4905.282
1780470710,R_10,4905.26
1780470712,R_10,4905.093
1780470714,R_10,4904.972
1780470716,R_10,4904.927
1780470718,R_10,4905.099
1780470720,R_10,4905.142
1780470722,R_10,4905.063
1780470724,R_10,4904.991
1780470726,R_10,4905.05
1780470728,R_10,4905.186
1780470730,R_10,4905.233
1780470732,R_10,4905.201
1780470734,R_10,4905.2
1780470736,R_10,4905.232
1780470738,R_10,4905.277
1780470740,R_10,4905.054
1780470742,R_10,4905.237
1780470744,R_10,4905.221
1780470746,R_10,4905.179
1780470748,R_10,4905.221
1780470750,R_10,4905.202
1780470752,R_10,4905.068
1780470754,R_10,4904.971
1780470756,R_10,4904.975
1780470758,R_10,4904.899
1780470760,R_10,4904.818
1780470762,R_10,4904.638
1780470764,R_10,4904.674
1780470766,R_10,4904.791
1780470768,R_10,4904.774
1780470770,R_10,4904.679
1780470772,R_10,4904.553
1780470774,R_10,4904.42
1780470776,R_10,4904.406
1780470778,R_10,4904.417
1780470780,R_10,4904.317
1780470782,R_10,4904.189
1780470784,R_10,4903.988
1780470786,R_10,4903.953
1780470788,R_10,4904.141
1780470790,R_10,4904.183
1780470792,R_10,4904.318
1780470794,R_10,4904.365
1780470796,R_10,4904.185
1780470798,R_10,4904.421
1780470800,R_10,4904.305
1780470802,R_10,4904.267
1780470804,R_10,4904.278
1780470806,R_10,4904.176
1780470808,R_10,4904.161
1780470810,R_10,4904.295
1780470812,R_10,4904.154
1780470814,R_10,4904.007
1780470816,R_10,4904.129
1780470818,R_10,4904.159
1780470820,R_10,4904.26
1780470822,R_10,4904.164
1780470824,R_10,4903.94
1780470826,R_10,4903.771
1780470828,R_10,4903.835
1780470830,R_10,4904.03
1780470832,R_10,4904.015
1780470834,R_10,4904.136
1780470836,R_10,4904.328
1780470838,R_10,4904.499
1780470840,R_10,4904.587
1780470842,R_10,4904.607
1780470844,R_10,4904.853
1780470846,R_10,4904.641
1780470848,R_10,4904.593
1780470850,R_10,4904.597
1780470852,R_10,4904.537
1780470854,R_10,4904.504
1780470856,R_10,4904.635
1780470858,R_10,4904.59
1780470860,R_10,4904.565
1780470862,R_10,4904.442
1780470864,R_10,4904.498
1780470866,R_10,4904.488
1780470868,R_10,4904.482
1780470870,R_10,4904.636
1780470872,R_10,4904.682
1780470874,R_10,4904.641
1780470876,R_10,4904.92
1780470878,R_10,4905.051
1780470880,R_10,4904.902
1780470882,R_10,4904.955
1780470884,R_10,4904.976
1780470886,R_10,4905.152
1780470888,R_10,4905.153
1780470890,R_10,4905.151
1780470892,R_10,4905.212
1780470894,R_10,4905.067
1780470896,R_10,4905.29
1780470898,R_10,4905.251
1780470900,R_10,4905.062
1780470902,R_10,4905.118
1780470904,R_10,4904.881
1780470906,R_10,4904.981
1780470908,R_10,4904.893
1780470910,R_10,4904.923
1780470912,R_10,4905.054
1780470914,R_10,4904.923
1780470916,R_10,4904.928
1780470918,R_10,4904.751
1780470920,R_10,4904.763
1780470922,R_10,4904.955
1780470924,R_10,4904.986
1780470926,R_10,4904.902
1780470928,R_10,4904.957
1780470930,R_10,4904.886
1780470932,R_10,4904.752
1780470934,R_10,4904.685
1780470936,R_10,4904.676
1780470938,R_10,4904.659
1780470940,R_10,4904.639
1780470942,R_10,4904.542
1780470944,R_10,4904.774
1780470946,R_10,4904.735
1780470948,R_10,4904.9
1780470950,R_10,4904.863
1780470952,R_10,4904.839
1780470954,R_10,4904.792
1780470956,R_10,4904.917
1780470958,R_10,4904.856
1780470960,R_10,4904.695
1780470962,R_10,4904.605
1780470964,R_10,4904.511
1780470966,R_10,4904.562
1780470968,R_10,4904.63
1780470970,R_10,4904.812
1780470972,R_10,4904.794
1780470974,R_10,4904.734
1780470976,R_10,4904.733
1780470978,R_10,4904.695
1780470980,R_10,4904.696
1780470982,R_10,4904.808
1780470984,R_10,4904.732
1780470986,R_10,4904.829
1780470988,R_10,4905.127
1780470990,R_10,4905.092
1780470992,R_10,4905.104
1780470994,R_10,4904.864
1780470996,R_10,4904.65
1780470998,R_10,4904.459
1780471000,R_10,4904.48
1780471002,R_10,4904.204
1780471004,R_10,4904.204
1780471006,R_10,4904.238
1780471008,R_10,4904.304
1780471010,R_10,4904.242
1780471012,R_10,4904.283
1780471014,R_10,4904.085
1780471016,R_10,4903.958
1780471018,R_10,4904.026
1780471020,R_10,4903.905
1780471022,R_10,4904.144
1780471024,R_10,4904.275
1780471026,R_10,4904.333
1780471028,R_10,4904.263
1780471030,R_10,4904.387
1780471032,R_10,4904.109
1780471034,R_10,4904.153
1780471036,R_10,4904.029
1780471038,R_10,4903.724
1780471040,R_10,4903.656
1780471042,R_10,4903.53
1780471044,R_10,4903.495
1780471046,R_10,4903.855
1780471048,R_10,4903.867
1780471050,R_10,4903.956
1780471052,R_10,4903.946
1780471054,R_10,4903.881
1780471056,R_10,4903.823
1780471058,R_10,4903.911
1780471060,R_10,4903.871
1780471062,R_10,4903.83
1780471064,R_10,4903.772
1780471066,R_10,4903.609
1780471068,R_10,4903.787
1780471070,R_10,4903.973
1780471072,R_10,4903.901
1780471074,R_10,4903.964
1780471076,R_10,4904.262
1780471078,R_10,4904.293
1780471080,R_10,4904.325
1780471082,R_10,4904.367
1780471084,R_10,4904.537
1780471086,R_10,4904.465
1780471088,R_10,4904.7
1780471090,R_10,4904.521
1780471092,R_10,4904.701
1780471094,R_10,4904.466
1780471096,R_10,4904.378
1780471098,R_10,4904.376
1780471100,R_10,4904.286
1780471102,R_10,4904.381
1780471104,R_10,4904.397
1780471106,R_10,4904.365
1780471108,R_10,4904.449
1780471110,R_10,4904.234
1780471112,R_10,4904.198
1780471114,R_10,4904.249
1780471116,R_10,4904.248
1780471118,R_10,4904.288
1780471120,R_10,4904.205
1780471122,R_10,4904.253
1780471124,R_10,4904.297
1780471126,R_10,4904.495
1780471128,R_10,4904.633
1780471130,R_10,4904.708
1780471132,R_10,4904.664
1780471134,R_10,4904.922
1780471136,R_10,4904.739
1780471138,R_10,4904.617
1780471140,R_10,4904.682
1780471142,R_10,4904.798
1780471144,R_10,4904.677
1780471146,R_10,4904.674
1780471148,R_10,4904.638
1780471150,R_10,4904.78
1780471152,R_10,4904.948
1780471154,R_10,4904.918
1780471156,R_10,4905.026
1780471158,R_10,4905.064
1780471160,R_10,4904.958
1780471162,R_10,4904.873
1780471164,R_10,4905.035
1780471166,R_10,4904.955
1780471168,R_10,4904.819
1780471170,R_10,4904.97
1780471172,R_10,4905.194
1780471174,R_10,4905.118
1780471176,R_10,4905.238
1780471178,R_10,4905.323
1780471180,R_10,4905.356
1780471182,R_10,4905.288
1780471184,R_10,4905.342
1780471186,R_10,4905.39
1780471188,R_10,4905.35
1780471190,R_10,4905.427
1780471192,R_10,4905.584
1780471194,R_10,4905.633
1780471196,R_10,4905.628
1780471198,R_10,4905.568
1780471200,R_10,4905.662
1780471202,R_10,4905.833
1780471204,R_10,4905.783
1780471206,R_10,4906.028
1780471208,R_10,4905.757
1780471210,R_10,4905.783
1780471212,R_10,4905.867
1780471214,R_10,4905.83
1780471216,R_10,4905.786
1780471218,R_10,4905.789
1780471220,R_10,4905.652
1780471222,R_10,4905.698
1780471224,R_10,4905.596
1780471226,R_10,4905.593
1780471228,R_10,4905.621
1780471230,R_10,4905.642
1780471232,R_10,4905.694
1780471234,R_10,4905.572
1780471236,R_10,4905.569
1780471238,R_10,4905.375
1780471240,R_10,4905.442
1780471242,R_10,4905.459
1780471244,R_10,4905.459
1780471246,R_10,4905.566
1780471248,R_10,4905.384
1780471250,R_10,4905.38
1780471252,R_10,4905.22
1780471254,R_10,4905.322
1780471256,R_10,4905.189
1780471258,R_10,4905.329
1780471260,R_10,4905.294
1780471262,R_10,4905.508
1780471264,R_10,4905.451
1780471266,R_10,4905.619
1780471268,R_10,4905.545
1780471270,R_10,4905.453
1780471272,R_10,4905.393
1780471274,R_10,4905.49
1780471276,R_10,4905.463
1780471278,R_10,4905.528
1780471280,R_10,4905.531
1780471282,R_10,4905.617
1780471284,R_10,4905.385
1780471286,R_10,4905.196
1780471288,R_10,4905.198
1780471290,R_10,4904.92
1780471292,R_10,4905.106
1780471294,R_10,4905.13
1780471296,R_10,4905.302
1780471298,R_10,4905.177
1780471300,R_10,4905.154
1780471302,R_10,4905.19
1780471304,R_10,4905.277
1780471306,R_10,4905.388
1780471308,R_10,4905.267
1780471310,R_10,4905.435
1780471312,R_10,4905.473
1780471314,R_10,4905.346
1780471316,R_10,4905.386
1780471318,R_10,4905.303
1780471320,R_10,4905.293
1780471322,R_10,4905.243
1780471324,R_10,4905.341
1780471326,R_10,4905.355
1780471328,R_10,4905.432
1780471330,R_10,4905.564
1780471332,R_10,4905.598
1780471334,R_10,4905.545
1780471336,R_10,4905.611
1780471338,R_10,4905.769
1780471340,R_10,4905.697
1780471342,R_10,4905.661
1780471344,R_10,4905.784
1780471346,R_10,4905.892
1780471348,R_10,4905.86
1780471350,R_10,4905.95
1780471352,R_10,4906.006
1780471354,R_10,4905.898
1780471356,R_10,4905.828
1780471358,R_10,4905.822
1780471360,R_10,4905.719
1780471362,R_10,4905.702
1780471364,R_10,4905.738
1780471366,R_10,4905.69
1780471368,R_10,4905.817
1780471370,R_10,4905.924
1780471372,R_10,4905.663
1780471374,R_10,4905.93
1780471376,R_10,4905.756
1780471378,R_10,4905.821
1780471380,R_10,4905.622
1780471382,R_10,4905.397
1780471384,R_10,4905.526
1780471386,R_10,4905.303
1780471388,R_10,4905.308
1780471390,R_10,4905.337
1780471392,R_10,4905.241
1780471394,R_10,4905.18
1780471396,R_10,4904.975
1780471398,R_10,4904.983
1780471400,R_10,4905.111
1780471402,R_10,4905.283
1780471404,R_10,4905.288
1780471406,R_10,4905.35
1780471408,R_10,4905.401
1780471410,R_10,4905.415
1780471412,R_10,4905.439
1780471414,R_10,4905.497
1780471416,R_10,4905.452
1780471418,R_10,4905.471
1780471420,R_10,4905.515
1780471422,R_10,4905.329
1780471424,R_10,4905.222
1780471426,R_10,4905.328
1780471428,R_10,4905.212
1780471430,R_10,4905.16
1780471432,R_10,4905.108
1780471434,R_10,4905.211
1780471436,R_10,4905.363
1780471438,R_10,4905.591
1780471440,R_10,4905.671
1780471442,R_10,4905.595
1780471444,R_10,4905.607
1780471446,R_10,4905.609
1780471448,R_10,4905.756
1780471450,R_10,4905.9
1780471452,R_10,4905.888
1780471454,R_10,4906.208
1780471456,R_10,4906.302
1780471458,R_10,4906.325
1780471460,R_10,4906.333
1780471462,R_10,4906.306
1780471464,R_10,4906.032
1780471466,R_10,4906.092
1780471468,R_10,4906.099
1780471470,R_10,4905.992
1780471472,R_10,4905.827
1780471474,R_10,4905.656
1780471476,R_10,4905.564
1780471478,R_10,4905.738
1780471480,R_10,4905.735
1780471482,R_10,4905.811
1780471484,R_10,4905.971
1780471486,R_10,4906.124
1780471488,R_10,4906.236
1780471490,R_10,4906.19
1780471492,R_10,4906.14
1780471494,R_10,4906.191
1780471496,R_10,4906.033
1780471498,R_10,4906.028
1780471500,R_10,4906.194
1780471502,R_10,4905.905
1780471504,R_10,4906.035
1780471506,R_10,4906.133
1780471508,R_10,4906.355
1780471510,R_10,4906.106
1780471512,R_10,4906.152
1780471514,R_10,4906.051
1780471516,R_10,4905.865
1780471518,R_10,4905.726
1780471520,R_10,4905.719
1780471522,R_10,4905.637
1780471524,R_10,4905.562
1780471526,R_10,4905.395
1780471528,R_10,4905.287
1780471530,R_10,4905.426
1780471532,R_10,4905.456
1780471534,R_10,4905.374
1780471536,R_10,4905.188
1780471538,R_10,4905.456
1780471540,R_10,4905.53
1780471542,R_10,4905.619
1780471544,R_10,4905.655
1780471546,R_10,4905.746
1780471548,R_10,4905.915
1780471550,R_10,4906.115
1780471552,R_10,4906.094
1780471554,R_10,4905.984
1780471556,R_10,4906.023
1780471558,R_10,4906.053
1780471560,R_10,4906.167
1780471562,R_10,4906.146
1780471564,R_10,4906.027
1780471566,R_10,4905.914
1780471568,R_10,4906.009
1780471570,R_10,4906.186
1780471572,R_10,4906.307
1780471574,R_10,4906.542
1780471576,R_10,4906.577
1780471578,R_10,4906.462
1780471580,R_10,4906.456
1780471582,R_10,4906.589
1780471584,R_10,4906.751
1780471586,R_10,4906.7
1780471588,R_10,4906.787
1780471590,R_10,4906.829
1780471592,R_10,4907.052
1780471594,R_10,4906.942
1780471596,R_10,4906.946
1780471598,R_10,4907.037
1780471600,R_10,4906.883
1780471602,R_10,4906.909
1780471604,R_10,4906.828
1780471606,R_10,4906.855
1780471608,R_10,4906.987
1780471610,R_10,4906.846
1780471612,R_10,4906.749
1780471614,R_10,4906.653
1780471616,R_10,4906.613
1780471618,R_10,4906.446
1780471620,R_10,4906.409
1780471622,R_10,4906.729
1780471624,R_10,4906.712
1780471626,R_10,4906.998
1780471628,R_10,4906.946
1780471630,R_10,4906.843
1780471632,R_10,4906.967
1780471634,R_10,4907.101
1780471636,R_10,4906.987
1780471638,R_10,4907.165
1780471640,R_10,4907.112
1780471642,R_10,4906.966
1780471644,R_10,4907.146
1780471646,R_10,4907.277
1780471648,R_10,4907.273
1780471650,R_10,4907.399
1780471652,R_10,4907.414
1780471654,R_10,4907.381
1780471656,R_10,4907.479
1780471658,R_10,4907.274
1780471660,R_10,4907.322
1780471662,R_10,4907.755
1780471664,R_10,4907.665
1780471666,R_10,4907.678
1780471668,R_10,4907.797
1780471670,R_10,4907.79
1780471672,R_10,4907.847
1780471674,R_10,4907.718
1780471676,R_10,4907.531
1780471678,R_10,4907.601
1780471680,R_10,4907.589
1780471682,R_10,4907.437
1780471684,R_10,4907.392
1780471686,R_10,4907.444
1780471688,R_10,4907.583
1780471690,R_10,4907.439
1780471692,R_10,4907.306
1780471694,R_10,4907.378
1780471696,R_10,4907.38
1780471698,R_10,4907.42
1780471700,R_10,4907.288
1780471702,R_10,4907.278
1780471704,R_10,4907.263
1780471706,R_10,4907.176
1780471708,R_10,4907.03
1780471710,R_10,4907.06
1780471712,R_10,4906.858
1780471714,R_10,4907.044
1780471716,R_10,4906.984
1780471718,R_10,4907.012
1780471720,R_10,4907.085
1780471722,R_10,4907.102
1780471724,R_10,4907.124
1780471726,R_10,4907.095
1780471728,R_10,4906.994
1780471730,R_10,4906.984
1780471732,R_10,4907.075
1780471734,R_10,4907.052
1780471736,R_10,4906.915
1780471738,R_10,4906.901
1780471740,R_10,4907.034
1780471742,R_10,4907.063
1780471744,R_10,4907.147
1780471746,R_10,4907.117
1780471748,R_10,4907.184
1780471750,R_10,4907.111
1780471752,R_10,4906.972
1780471754,R_10,4906.854
1780471756,R_10,4906.942
1780471758,R_10,4906.61
1780471760,R_10,4906.415
1780471762,R_10,4906.363
1780471764,R_10,4906.257
1780471766,R_10,4906.383
1780471768,R_10,4906.442
1780471770,R_10,4906.475
1780471772,R_10,4906.484
1780471774,R_10,4906.533
1780471776,R_10,4906.754
1780471778,R_10,4906.766
1780471780,R_10,4906.73
1780471782,R_10,4906.586
1780471784,R_10,4906.418
1780471786,R_10,4906.562
1780471788,R_10,4906.632
1780471790,R_10,4906.659
1780471792,R_10,4906.69
1780471794,R_10,4906.586
1780471796,R_10,4906.6
1780471798,R_10,4906.302
1780471800,R_10,4906.252
1780471802,R_10,4906.301
1780471804,R_10,4906.551
1780471806,R_10,4906.534
1780471808,R_10,4906.511
1780471810,R_10,4906.786
1780471812,R_10,4906.881
1780471814,R_10,4906.912
1780471816,R_10,4906.977
1780471818,R_10,4906.952
1780471820,R_10,4906.884
1780471822,R_10,4906.896
1780471824,R_10,4906.857
1780471826,R_10,4906.975
1780471828,R_10,4906.966
1780471830,R_10,4906.998
1780471832,R_10,4907.064
1780471834,R_10,4907.134
1780471836,R_10,4906.866
1780471838,R_10,4906.995
1780471840,R_10,4907.041
1780471842,R_10,4907.101
1780471844,R_10,4907.049
1780471846,R_10,4907.074
1780471848,R_10,4907.222
1780471850,R_10,4907.18
1780471852,R_10,4907.017
1780471854,R_10,4907.14
1780471856,R_10,4907.045
1780471858,R_10,4907.106
1780471860,R_10,4907.135
1780471862,R_10,4907.02
1780471864,R_10,4907.259
1780471866,R_10,4907.302
1780471868,R_10,4907.508
1780471870,R_10,4907.551
1780471872,R_10,4907.645
1780471874,R_10,4907.7
1780471876,R_10,4907.805
1780471878,R_10,4907.669
1780471880,R_10,4907.677
1780471882,R_10,4907.707
1780471884,R_10,4907.778
1780471886,R_10,4907.617
1780471888,R_10,4907.795
1780471890,R_10,4907.662
1780471892,R_10,4907.701
1780471894,R_10,4907.725
1780471896,R_10,4907.835
1780471898,R_10,4907.904
1780471900,R_10,4908.014
1780471902,R_10,4907.994
1780471904,R_10,4908.037
1780471906,R_10,4907.911
1780471908,R_10,4907.839
1780471910,R_10,4907.758
1780471912,R_10,4907.612
1780471914,R_10,4907.438
1780471916,R_10,4907.578
1780471918,R_10,4907.552
1780471920,R_10,4907.65
1780471922,R_10,4907.53
1780471924,R_10,4907.835
1780471926,R_10,4907.836
1780471928,R_10,4907.809
1780471930,R_10,4907.888
1780471932,R_10,4908.002
1780471934,R_10,4907.897
1780471936,R_10,4907.924
1780471938,R_10,4907.754
1780471940,R_10,4908.076
1780471942,R_10,4908.008
1780471944,R_10,4908.035
1780471946,R_10,4907.88
1780471948,R_10,4907.799
1780471950,R_10,4907.782
1780471952,R_10,4908.09
1780471954,R_10,4908.309
1780471956,R_10,4908.076
1780471958,R_10,4908.104
1780471960,R_10,4908.117
1780471962,R_10,4908.176
1780471964,R_10,4908.145
1780471966,R_10,4908.219
1780471968,R_10,4908.415
1780471970,R_10,4908.455
1780471972,R_10,4908.439
1780471974,R_10,4908.321
1780471976,R_10,4908.39
1780471978,R_10,4908.39
1780471980,R_10,4908.287
1780471982,R_10,4908.158
1780471984,R_10,4908.3
1780471986,R_10,4908.1
1780471988,R_10,4908.059
1780471990,R_10,4908.213
1780471992,R_10,4908.118
1780471994,R_10,4908.049
1780471996,R_10,4907.971
1780471998,R_10,4907.902
1780472000,R_10,4907.971
1780472002,R_10,4907.965
1780472004,R_10,4908.218
1780472006,R_10,4908.079
1780472008,R_10,4908.117
1780472010,R_10,4908.1
1780472012,R_10,4908.071
1780472014,R_10,4908.093
1780472016,R_10,4907.907
1780472018,R_10,4908.054
1780472020,R_10,4908.131
1780472022,R_10,4908.059
1780472024,R_10,4907.966
1780472026,R_10,4907.802
1780472028,R_10,4907.834
1780472030,R_10,4907.841
1780472032,R_10,4907.824
1780472034,R_10,4907.688
1780472036,R_10,4907.997
1780472038,R_10,4908.133
1780472040,R_10,4908
1780472042,R_10,4908.061
1780472044,R_10,4908.089
1780472046,R_10,4908.218
1780472048,R_10,4908.362
1780472050,R_10,4908.605
1780472052,R_10,4908.637
1780472054,R_10,4908.883
1780472056,R_10,4908.684
1780472058,R_10,4908.379
1780472060,R_10,4908.483
1780472062,R_10,4908.543
1780472064,R_10,4908.687
1780472066,R_10,4908.532
1780472068,R_10,4908.492
1780472070,R_10,4908.588
1780472072,R_10,4908.325
1780472074,R_10,4908.279
1780472076,R_10,4908.33
1780472078,R_10,4908.287
1780472080,R_10,4908.07
1780472082,R_10,4908.009
1780472084,R_10,4907.989
1780472086,R_10,4908.092
1780472088,R_10,4908.11
1780472090,R_10,4908.063
1780472092,R_10,4908.137
1780472094,R_10,4908.023
1780472096,R_10,4907.953
1780472098,R_10,4907.966
1780472100,R_10,4908.142
1780472102,R_10,4908.025
1780472104,R_10,4907.943
1780472106,R_10,4907.845
1780472108,R_10,4907.659
1780472110,R_10,4907.748
1780472112,R_10,4907.585
1780472114,R_10,4907.646
1780472116,R_10,4907.798
1780472118,R_10,4907.855
1780472120,R_10,4907.642
1780472122,R_10,4907.718
1780472124,R_10,4907.734
1780472126,R_10,4907.991
1780472128,R_10,4907.902
1780472130,R_10,4907.826
1780472132,R_10,4907.788
1780472134,R_10,4907.884
1780472136,R_10,4907.85
1780472138,R_10,4907.79
1780472140,R_10,4907.827
1780472142,R_10,4907.924
1780472144,R_10,4907.857
1780472146,R_10,4907.677
1780472148,R_10,4907.687
1780472150,R_10,4907.492
1780472152,R_10,4907.53
1780472154,R_10,4907.451
1780472156,R_10,4907.39
1780472158,R_10,4907.368
1780472160,R_10,4907.486
1780472162,R_10,4907.42
1780472164,R_10,4907.429
1780472166,R_10,4907.435
1780472168,R_10,4907.314
1780472170,R_10,4907.268
1780472172,R_10,4907.399
1780472174,R_10,4907.316
1780472176,R_10,4907.299
1780472178,R_10,4907.201
1780472180,R_10,4907.216
1780472182,R_10,4907.375
1780472184,R_10,4907.301
1780472186,R_10,4907.461
1780472188,R_10,4907.492
1780472190,R_10,4907.558
1780472192,R_10,4907.543
1780472194,R_10,4907.422
1780472196,R_10,4907.346
1780472198,R_10,4907.284
1780472200,R_10,4907.164
1780472202,R_10,4907.502
1780472204,R_10,4907.335
1780472206,R_10,4907.359
1780472208,R_10,4907.397
1780472210,R_10,4907.577
1780472212,R_10,4907.589
1780472214,R_10,4907.686
1780472216,R_10,4907.904
1780472218,R_10,4907.886
1780472220,R_10,4907.771
1780472222,R_10,4907.841
1780472224,R_10,4907.813
1780472226,R_10,4907.774
1780472228,R_10,4907.466
1780472230,R_10,4907.337
1780472232,R_10,4907.237
1780472234,R_10,4907.237
1780472236,R_10,4907.31
1780472238,R_10,4907.257
1780472240,R_10,4907.123
1780472242,R_10,4907.401
1780472244,R_10,4907.561
1780472246,R_10,4907.738
1780472248,R_10,4907.917
1780472250,R_10,4907.731
1780472252,R_10,4907.792
1780472254,R_10,4907.833
1780472256,R_10,4907.634
1780472258,R_10,4907.584
1780472260,R_10,4907.657
1780472262,R_10,4907.876
1780472264,R_10,4907.903
1780472266,R_10,4907.727
1780472268,R_10,4907.733
1780472270,R_10,4907.743
1780472272,R_10,4907.659
1780472274,R_10,4907.85
1780472276,R_10,4908.193
1780472278,R_10,4908.316
1780472280,R_10,4908.142
1780472282,R_10,4908.258
1780472284,R_10,4908.255
1780472286,R_10,4908.524
1780472288,R_10,4908.59
1780472290,R_10,4908.502
1780472292,R_10,4908.72
1780472294,R_10,4908.793
1780472296,R_10,4908.9
1780472298,R_10,4908.807
1780472300,R_10,4908.882
1780472302,R_10,4908.954
1780472304,R_10,4908.959
1780472306,R_10,4908.73
1780472308,R_10,4908.695
1780472310,R_10,4908.714
1780472312,R_10,4908.851
1780472314,R_10,4908.761
1780472316,R_10,4908.646
1780472318,R_10,4908.761
1780472320,R_10,4908.712
1780472322,R_10,4908.813
1780472324,R_10,4908.78
1780472326,R_10,4908.914
1780472328,R_10,4909.021
1780472330,R_10,4908.949
1780472332,R_10,4909.053
1780472334,R_10,4909.204
1780472336,R_10,4909.055
1780472338,R_10,4909.131
1780472340,R_10,4909.086
1780472342,R_10,4909.062
1780472344,R_10,4909.315
1780472346,R_10,4909.387
1780472348,R_10,4909.717
1780472350,R_10,4910.029
1780472352,R_10,4909.961
1780472354,R_10,4909.906
1780472356,R_10,4909.774
1780472358,R_10,4909.631
1780472360,R_10,4909.734
1780472362,R_10,4909.819
1780472364,R_10,4909.919
1780472366,R_10,4909.864
1780472368,R_10,4909.894
1780472370,R_10,4909.971
1780472372,R_10,4909.85
1780472374,R_10,4909.839
1780472376,R_10,4909.941
1780472378,R_10,4909.972
1780472380,R_10,4909.92
1780472382,R_10,4909.987
1780472384,R_10,4910.011
1780472386,R_10,4909.973
1780472388,R_10,4910.156
1780472390,R_10,4910.048
1780472392,R_10,4910.152
1780472394,R_10,4910.149
1780472396,R_10,4910.278
1780472398,R_10,4910.153
1780472400,R_10,4910.075
1780472402,R_10,4910.189
1780472404,R_10,4910.151
1780472406,R_10,4910.235
1780472408,R_10,4910.234
1780472410,R_10,4910.348
1780472412,R_10,4910.265
1780472414,R_10,4910.155
1780472416,R_10,4910.152
1780472418,R_10,4909.978
1780472420,R_10,4909.973
1780472422,R_10,4910.01
1780472424,R_10,4909.992
1780472426,R_10,4909.966
1780472428,R_10,4909.879
1780472430,R_10,4909.962
1780472432,R_10,4909.758
1780472434,R_10,4909.809
1780472436,R_10,4909.852
1780472438,R_10,4909.87
1780472440,R_10,4909.816
1780472442,R_10,4910.013
1780472444,R_10,4910.059
1780472446,R_10,4909.995
1780472448,R_10,4910.12
1780472450,R_10,4909.926
1780472452,R_10,4909.843
1780472454,R_10,4909.963
1780472456,R_10,4910.172
1780472458,R_10,4910.125
1780472460,R_10,4910.207
1780472462,R_10,4910.423
1780472464,R_10,4910.425
1780472466,R_10,4910.325
1780472468,R_10,4910.533
1780472470,R_10,4910.721
1780472472,R_10,4910.664
1780472474,R_10,4910.613
1780472476,R_10,4910.568
1780472478,R_10,4910.666
1780472480,R_10,4910.754
1780472482,R_10,4910.96
1780472484,R_10,4911.102
1780472486,R_10,4911.109
1780472488,R_10,4911.141
1780472490,R_10,4911.168
1780472492,R_10,4911.196
1780472494,R_10,4911.283
1780472496,R_10,4911.076
1780472498,R_10,4911.243
1780472500,R_10,4911.266
1780472502,R_10,4911.323
1780472504,R_10,4911.04
1780472506,R_10,4911.153
1780472508,R_10,4911.04
1780472510,R_10,4911.157
1780472512,R_10,4911.386
1780472514,R_10,4911.173
1780472516,R_10,4911.14
1780472518,R_10,4911.398
1780472520,R_10,4911.375
1780472522,R_10,4911.448
1780472524,R_10,4911.332
1780472526,R_10,4911.502
1780472528,R_10,4911.46
1780472530,R_10,4911.326
1780472532,R_10,4911.278
1780472534,R_10,4911.458
1780472536,R_10,4911.518
1780472538,R_10,4911.421
1780472540,R_10,4911.182
1780472542,R_10,4911.046
1780472544,R_10,4911.232
1780472546,R_10,4911.215
1780472548,R_10,4911.285
1780472550,R_10,4911.239
1780472552,R_10,4911.25
1780472554,R_10,4911.267
1780472556,R_10,4911.373
1780472558,R_10,4911.495
1780472560,R_10,4911.422
1780472562,R_10,4911.461
1780472564,R_10,4911.701
1780472566,R_10,4911.714
1780472568,R_10,4911.94
1780472570,R_10,4911.943
1780472572,R_10,4911.967
1780472574,R_10,4912.129
1780472576,R_10,4912.078
1780472578,R_10,4912.021
1780472580,R_10,4912.122
1780472582,R_10,4912.138
1780472584,R_10,4912.064
1780472586,R_10,4911.887
1780472588,R_10,4911.815
1780472590,R_10,4911.616
1780472592,R_10,4911.555
1780472594,R_10,4911.493
1780472596,R_10,4911.455
1780472598,R_10,4911.34
1780472600,R_10,4911.57
1780472602,R_10,4911.481
1780472604,R_10,4911.358
1780472606,R_10,4911.249
1780472608,R_10,4911.214
1780472610,R_10,4911.184
1780472612,R_10,4911.338
1780472614,R_10,4911.59
1780472616,R_10,4911.556
1780472618,R_10,4911.732
1780472620,R_10,4911.796
1780472622,R_10,4911.793
1780472624,R_10,4911.699
1780472626,R_10,4911.704
1780472628,R_10,4911.626
1780472630,R_10,4911.435
1780472632,R_10,4911.467
1780472634,R_10,4911.351
1780472636,R_10,4911.56
1780472638,R_10,4911.319
1780472640,R_10,4911.379
1780472642,R_10,4911.36
1780472644,R_10,4911.514
1780472646,R_10,4911.561
1780472648,R_10,4911.375
1780472650,R_10,4911.527
1780472652,R_10,4911.42
1780472654,R_10,4911.441
1780472656,R_10,4911.518
1780472658,R_10,4911.644
1780472660,R_10,4911.581
1780472662,R_10,4911.611
1780472664,R_10,4911.692
1780472666,R_10,4911.566
1780472668,R_10,4911.608
1780472670,R_10,4911.756
1780472672,R_10,4911.934
1780472674,R_10,4911.895
1780472676,R_10,4911.837
1780472678,R_10,4911.978
1780472680,R_10,4912.038
1780472682,R_10,4912.07
1780472684,R_10,4911.919
1780472686,R_10,4911.864
1780472688,R_10,4911.92
1780472690,R_10,4911.841
1780472692,R_10,4911.937
1780472694,R_10,4911.935
1780472696,R_10,4911.805
1780472698,R_10,4911.81
1780472700,R_10,4911.811
1780472702,R_10,4911.794
1780472704,R_10,4911.755
1780472706,R_10,4911.501
1780472708,R_10,4911.627
1780472710,R_10,4911.73
1780472712,R_10,4911.672
1780472714,R_10,4911.535
1780472716,R_10,4911.593
1780472718,R_10,4911.574
1780472720,R_10,4911.342
1780472722,R_10,4911.355
1780472724,R_10,4911.503
1780472726,R_10,4911.35
1780472728,R_10,4911.233
1780472730,R_10,4911.257
1780472732,R_10,4911.123
1780472734,R_10,4911.224
1780472736,R_10,4911.215
1780472738,R_10,4911.196
1780472740,R_10,4911.274
1780472742,R_10,4911.073
1780472744,R_10,4911.004
1780472746,R_10,4910.817
1780472748,R_10,4910.927
1780472750,R_10,4910.928
1780472752,R_10,4911.047
1780472754,R_10,4911.24
1780472756,R_10,4911.169
1780472758,R_10,4911.115
1780472760,R_10,4911.179
1780472762,R_10,4911.275
1780472764,R_10,4911.286
1780472766,R_10,4911.102
1780472768,R_10,4911.17
1780472770,R_10,4911.185
1780472772,R_10,4911.138
1780472774,R_10,4911.35
1780472776,R_10,4911.357
1780472778,R_10,4911.093
1780472780,R_10,4911.095
1780472782,R_10,4911.114
1780472784,R_10,4910.933
1780472786,R_10,4911.038
1780472788,R_10,4910.949
1780472790,R_10,4911.136
1780472792,R_10,4911.158
1780472794,R_10,4911.208
1780472796,R_10,4911.02
1780472798,R_10,4911.004
1780472800,R_10,4910.95
1780472802,R_10,4911
1780472804,R_10,4910.924
1780472806,R_10,4910.933
1780472808,R_10,4910.93
1780472810,R_10,4911.04
1780472812,R_10,4910.974
1780472814,R_10,4910.798
1780472816,R_10,4910.839
1780472818,R_10,4910.856
1780472820,R_10,4910.759
1780472822,R_10,4910.766
1780472824,R_10,4910.682
1780472826,R_10,4910.897
1780472828,R_10,4910.914
1780472830,R_10,4910.987
1780472832,R_10,4910.916
1780472834,R_10,4910.905
1780472836,R_10,4910.832
1780472838,R_10,4910.826
1780472840,R_10,4910.898
1780472842,R_10,4910.685
1780472844,R_10,4910.644
1780472846,R_10,4910.642
1780472848,R_10,4910.831
1780472850,R_10,4910.835
1780472852,R_10,4910.914
1780472854,R_10,4910.848
1780472856,R_10,4910.86
1780472858,R_10,4910.73
1780472860,R_10,4910.465
1780472862,R_10,4910.491
1780472864,R_10,4910.571
1780472866,R_10,4910.802
1780472868,R_10,4910.739
1780472870,R_10,4910.748
1780472872,R_10,4910.84
1780472874,R_10,4910.924
1780472876,R_10,4910.861
1780472878,R_10,4910.78
1780472880,R_10,4910.81
1780472882,R_10,4910.711
1780472884,R_10,4910.891
1780472886,R_10,4910.949
1780472888,R_10,4910.987
1780472890,R_10,4910.892
1780472892,R_10,4910.959
1780472894,R_10,4911.076
1780472896,R_10,4911.116
1780472898,R_10,4910.936
1780472900,R_10,4911.04
1780472902,R_10,4911.093
1780472904,R_10,4911.027
1780472906,R_10,4910.912
1780472908,R_10,4910.868
1780472910,R_10,4910.673
1780472912,R_10,4910.401
1780472914,R_10,4910.349
1780472916,R_10,4910.349
1780472918,R_10,4910.214
1780472920,R_10,4910.281
1780472922,R_10,4910.216
1780472924,R_10,4910.135
1780472926,R_10,4910.21
1780472928,R_10,4910.069
1780472930,R_10,4910.092
1780472932,R_10,4910.039
1780472934,R_10,4910.045
1780472936,R_10,4910.127
1780472938,R_10,4910.236
1780472940,R_10,4910.189
1780472942,R_10,4910.341
1780472944,R_10,4910.201
1780472946,R_10,4910.102
1780472948,R_10,4910.312
1780472950,R_10,4910.367
1780472952,R_10,4910.321
1780472954,R_10,4910.315
1780472956,R_10,4910.339
1780472958,R_10,4910.335
1780472960,R_10,4910.4
1780472962,R_10,4910.278
1780472964,R_10,4910.485
1780472966,R_10,4910.365
1780472968,R_10,4910.509
1780472970,R_10,4910.389
1780472972,R_10,4910.356
1780472974,R_10,4910.383
1780472976,R_10,4910.46
1780472978,R_10,4910.314
1780472980,R_10,4910.222
1780472982,R_10,4910.207
1780472984,R_10,4910.431
1780472986,R_10,4910.218
1780472988,R_10,4910.03
1780472990,R_10,4909.971
1780472992,R_10,4909.877
1780472994,R_10,4909.847
1780472996,R_10,4909.954
1780472998,R_10,4910.071
1780473000,R_10,4910.13
1780473002,R_10,4910.055
1780473004,R_10,4910.003
1780473006,R_10,4909.987
1780473008,R_10,4909.945
1780473010,R_10,4909.983
1780473012,R_10,4909.782
1780473014,R_10,4909.925
1780473016,R_10,4909.789
1780473018,R_10,4909.688
1780473020,R_10,4909.584
1780473022,R_10,4909.387
1780473024,R_10,4909.42
1780473026,R_10,4909.455
1780473028,R_10,4909.521
1780473030,R_10,4909.629
1780473032,R_10,4909.778
1780473034,R_10,4909.609
1780473036,R_10,4909.456
1780473038,R_10,4909.41
1780473040,R_10,4909.288
1780473042,R_10,4909.082
1780473044,R_10,4909.262
1780473046,R_10,4909.43
1780473048,R_10,4909.324
1780473050,R_10,4909.304
1780473052,R_10,4909.243
1780473054,R_10,4909.111
1780473056,R_10,4909.121
1780473058,R_10,4908.952
1780473060,R_10,4909.054
1780473062,R_10,4908.829
1780473064,R_10,4908.741
1780473066,R_10,4908.799
1780473068,R_10,4908.742
1780473070,R_10,4908.708
1780473072,R_10,4908.57
1780473074,R_10,4908.35
1780473076,R_10,4908.449
1780473078,R_10,4908.495
1780473080,R_10,4908.791
1780473082,R_10,4908.523
1780473084,R_10,4908.479
1780473086,R_10,4908.381
1780473088,R_10,4908.126
1780473090,R_10,4908.108
1780473092,R_10,4908.273
1780473094,R_10,4908.503
1780473096,R_10,4908.622
1780473098,R_10,4908.645
1780473100,R_10,4908.724
1780473102,R_10,4908.545
1780473104,R_10,4908.407
1780473106,R_10,4908.372
1780473108,R_10,4908.34
1780473110,R_10,4908.278
1780473112,R_10,4908.306
1780473114,R_10,4908.328
1780473116,R_10,4908.405
1780473118,R_10,4908.421
1780473120,R_10,4908.351
1780473122,R_10,4908.55
1780473124,R_10,4908.573
1780473126,R_10,4908.56
1780473128,R_10,4908.813
1780473130,R_10,4908.753
1780473132,R_10,4908.741
1780473134,R_10,4908.757
1780473136,R_10,4908.628
1780473138,R_10,4908.54
1780473140,R_10,4908.69
1780473142,R_10,4908.59
1780473144,R_10,4908.554
1780473146,R_10,4908.563
1780473148,R_10,4908.576
1780473150,R_10,4908.477
1780473152,R_10,4908.405
1780473154,R_10,4908.378
1780473156,R_10,4908.365
1780473158,R_10,4908.063
1780473160,R_10,4908.029
1780473162,R_10,4907.985
1780473164,R_10,4907.768
1780473166,R_10,4907.395
1780473168,R_10,4907.42
1780473170,R_10,4907.41
1780473172,R_10,4907.365
1780473174,R_10,4907.312
1780473176,R_10,4907.399
1780473178,R_10,4907.404
1780473180,R_10,4907.658
1780473182,R_10,4907.692
1780473184,R_10,4907.637
1780473186,R_10,4907.642
1780473188,R_10,4907.811
1780473190,R_10,4907.8
1780473192,R_10,4907.77
1780473194,R_10,4907.859
1780473196,R_10,4907.868
1780473198,R_10,4907.935
1780473200,R_10,4908.049
1780473202,R_10,4908.06
1780473204,R_10,4908.196
1780473206,R_10,4908.166
1780473208,R_10,4908.138
1780473210,R_10,4908.023
1780473212,R_10,4907.974
1780473214,R_10,4907.995
1780473216,R_10,4907.901
1780473218,R_10,4907.889
1780473220,R_10,4907.983
1780473222,R_10,4908.01
1780473224,R_10,4908.105
1780473226,R_10,4907.983
1780473228,R_10,4908.12
1780473230,R_10,4908.226
1780473232,R_10,4908.319
1780473234,R_10,4908.309
1780473236,R_10,4908.016
1780473238,R_10,4908.218
1780473240,R_10,4908.097
1780473242,R_10,4908.203
1780473244,R_10,4908.186
1780473246,R_10,4908.395
1780473248,R_10,4908.386
1780473250,R_10,4908.339
1780473252,R_10,4908.335
1780473254,R_10,4908.457
1780473256,R_10,4908.409
1780473258,R_10,4908.338
1780473260,R_10,4908.442
1780473262,R_10,4908.395
1780473264,R_10,4908.548
1780473266,R_10,4908.603
1780473268,R_10,4908.421
1780473270,R_10,4908.596
1780473272,R_10,4908.551
1780473274,R_10,4908.425
1780473276,R_10,4908.324
1780473278,R_10,4908.259
1780473280,R_10,4908.161
1780473282,R_10,4908.239
1780473284,R_10,4908.392
1780473286,R_10,4908.442
1780473288,R_10,4908.581
1780473290,R_10,4908.615
1780473292,R_10,4908.697
1780473294,R_10,4908.547
1780473296,R_10,4908.491
1780473298,R_10,4908.568
1780473300,R_10,4908.496
1780473302,R_10,4908.428
1780473304,R_10,4908.48
1780473306,R_10,4908.392
1780473308,R_10,4908.336
1780473310,R_10,4908.329
1780473312,R_10,4908.177
1780473314,R_10,4908.459
1780473316,R_10,4908.497
1780473318,R_10,4908.399
1780473320,R_10,4908.535
1780473322,R_10,4908.375
1780473324,R_10,4908.454
1780473326,R_10,4908.513
1780473328,R_10,4908.55
1780473330,R_10,4908.678
1780473332,R_10,4908.639
1780473334,R_10,4908.524
1780473336,R_10,4908.564
1780473338,R_10,4908.755
1780473340,R_10,4908.755
1780473342,R_10,4908.753
1780473344,R_10,4908.571
1780473346,R_10,4908.597
1780473348,R_10,4908.484
1780473350,R_10,4908.474
1780473352,R_10,4908.547
1780473354,R_10,4908.387
1780473356,R_10,4908.219
1780473358,R_10,4908.226
1780473360,R_10,4908.285
1780473362,R_10,4908.301
1780473364,R_10,4908.392
1780473366,R_10,4908.394
1780473368,R_10,4908.231
1780473370,R_10,4908.554
1780473372,R_10,4908.631
1780473374,R_10,4908.641
1780473376,R_10,4908.601
1780473378,R_10,4908.61
1780473380,R_10,4908.545
1780473382,R_10,4908.659
1780473384,R_10,4908.493
1780473386,R_10,4908.191
1780473388,R_10,4908.109
1780473390,R_10,4908.099
1780473392,R_10,4907.841
1780473394,R_10,4907.969
1780473396,R_10,4907.901
1780473398,R_10,4907.826
1780473400,R_10,4907.84
1780473402,R_10,4907.92
1780473404,R_10,4907.93
1780473406,R_10,4907.964
1780473408,R_10,4907.786
1780473410,R_10,4907.573
1780473412,R_10,4907.512
1780473414,R_10,4907.668
1780473416,R_10,4907.742
1780473418,R_10,4907.819
1780473420,R_10,4907.751
1780473422,R_10,4907.684
1780473424,R_10,4907.711
1780473426,R_10,4907.598
1780473428,R_10,4907.477
1780473430,R_10,4907.525
1780473432,R_10,4907.504
1780473434,R_10,4907.439
1780473436,R_10,4907.445
1780473438,R_10,4907.419
1780473440,R_10,4907.382
1780473442,R_10,4907.472
1780473444,R_10,4907.447
1780473446,R_10,4907.469
1780473448,R_10,4907.399
1780473450,R_10,4907.543
1780473452,R_10,4907.54
1780473454,R_10,4907.534
1780473456,R_10,4907.432
1780473458,R_10,4907.651
1780473460,R_10,4907.591
1780473462,R_10,4907.528
1780473464,R_10,4907.555
1780473466,R_10,4907.87
1780473468,R_10,4907.866
1780473470,R_10,4907.839
1780473472,R_10,4907.883
1780473474,R_10,4907.555
1780473476,R_10,4907.505
1780473478,R_10,4907.519
1780473480,R_10,4907.374
1780473482,R_10,4907.696
1780473484,R_10,4907.6
1780473486,R_10,4907.575
1780473488,R_10,4907.635
1780473490,R_10,4907.735
1780473492,R_10,4907.875
1780473494,R_10,4907.818
1780473496,R_10,4907.829
1780473498,R_10,4907.876
1780473500,R_10,4907.837
1780473502,R_10,4907.767
1780473504,R_10,4908.071
1780473506,R_10,4908.22
1780473508,R_10,4908.27
1780473510,R_10,4908.182
1780473512,R_10,4908.169
1780473514,R_10,4907.979
1780473516,R_10,4908.016
1780473518,R_10,4907.868
1780473520,R_10,4907.95
1780473522,R_10,4908.047
1780473524,R_10,4907.844
1780473526,R_10,4907.788
1780473528,R_10,4907.908
1780473530,R_10,4907.971
1780473532,R_10,4907.885
1780473534,R_10,4907.715
1780473536,R_10,4907.756
1780473538,R_10,4907.721
1780473540,R_10,4907.598
1780473542,R_10,4907.505
1780473544,R_10,4907.609
1780473546,R_10,4907.598
1780473548,R_10,4907.691
1780473550,R_10,4907.581
1780473552,R_10,4907.651
1780473554,R_10,4907.56
1780473556,R_10,4907.623
1780473558,R_10,4907.699
1780473560,R_10,4907.797
1780473562,R_10,4907.806
1780473564,R_10,4907.758
1780473566,R_10,4907.722
1780473568,R_10,4907.835
1780473570,R_10,4907.624
1780473572,R_10,4907.759
1780473574,R_10,4907.568
1780473576,R_10,4907.431
1780473578,R_10,4907.177
1780473580,R_10,4907.152
1780473582,R_10,4907.23
1780473584,R_10,4907.189
1780473586,R_10,4907.27
1780473588,R_10,4907.039
1780473590,R_10,4906.955
1780473592,R_10,4907.119
1780473594,R_10,4907.031
1780473596,R_10,4907.088
1780473598,R_10,4907.178
1780473600,R_10,4907.379
1780473602,R_10,4907.436
1780473604,R_10,4907.279
1780473606,R_10,4907.49
1780473608,R_10,4907.339
1780473610,R_10,4907.285
1780473612,R_10,4907.283
1780473614,R_10,4907.121
1780473616,R_10,4907.284
1780473618,R_10,4907.075
1780473620,R_10,4906.874
1780473622,R_10,4906.805
1780473624,R_10,4906.623
1780473626,R_10,4906.672
1780473628,R_10,4906.705
1780473630,R_10,4906.669
1780473632,R_10,4906.761
1780473634,R_10,4906.644
1780473636,R_10,4906.661
1780473638,R_10,4906.633
1780473640,R_10,4906.499
1780473642,R_10,4906.567
1780473644,R_10,4906.475
1780473646,R_10,4906.43
1780473648,R_10,4906.349
1780473650,R_10,4906.519
1780473652,R_10,4906.512
1780473654,R_10,4906.561
1780473656,R_10,4906.62
1780473658,R_10,4906.523
1780473660,R_10,4906.551
1780473662,R_10,4906.5
1780473664,R_10,4906.204
1780473666,R_10,4906.379
1780473668,R_10,4906.339
1780473670,R_10,4906.393
1780473672,R_10,4906.212
1780473674,R_10,4906.308
1780473676,R_10,4906.332
1780473678,R_10,4906.252
1780473680,R_10,4906.074
1780473682,R_10,4906.035
1780473684,R_10,4906.047
1780473686,R_10,4905.897
1780473688,R_10,4905.807
1780473690,R_10,4905.698
1780473692,R_10,4905.584
1780473694,R_10,4905.678
1780473696,R_10,4905.618
1780473698,R_10,4905.608
1780473700,R_10,4905.613
1780473702,R_10,4905.484
1780473704,R_10,4905.509
1780473706,R_10,4905.547
1780473708,R_10,4905.505
1780473710,R_10,4905.459
1780473712,R_10,4905.537
1780473714,R_10,4905.401
1780473716,R_10,4905.526
1780473718,R_10,4905.632
1780473720,R_10,4905.538
1780473722,R_10,4905.405
1780473724,R_10,4905.122
1780473726,R_10,4905.215
1780473728,R_10,4905.431
1780473730,R_10,4905.53
1780473732,R_10,4905.701
1780473734,R_10,4905.698
1780473736,R_10,4905.744
1780473738,R_10,4905.805
1780473740,R_10,4905.894
1780473742,R_10,4905.687
1780473744,R_10,4905.628
1780473746,R_10,4905.648
1780473748,R_10,4905.543
1780473750,R_10,4905.621
1780473752,R_10,4905.485
1780473754,R_10,4905.595
1780473756,R_10,4905.661
1780473758,R_10,4905.859
1780473760,R_10,4905.909
1780473762,R_10,4905.987
1780473764,R_10,4906.026
1780473766,R_10,4905.958
1780473768,R_10,4905.827
1780473770,R_10,4905.738
1780473772,R_10,4905.801
1780473774,R_10,4906.004
1780473776,R_10,4906.072
1780473778,R_10,4905.869
1780473780,R_10,4905.903
1780473782,R_10,4905.763
1780473784,R_10,4905.825
1780473786,R_10,4905.703
1780473788,R_10,4905.812
1780473790,R_10,4905.926
1780473792,R_10,4905.762
1780473794,R_10,4905.901
1780473796,R_10,4905.801
1780473798,R_10,4905.823
1780473800,R_10,4905.8
1780473802,R_10,4905.658
1780473804,R_10,4905.611
1780473806,R_10,4905.786
1780473808,R_10,4905.649
1780473810,R_10,4905.806
1780473812,R_10,4905.911
1780473814,R_10,4905.861
1780473816,R_10,4905.714
1780473818,R_10,4905.859
1780473820,R_10,4905.978
1780473822,R_10,4906.083
1780473824,R_10,4905.942
1780473826,R_10,4906.092
1780473828,R_10,4906.125
1780473830,R_10,4906.167
1780473832,R_10,4906.077
1780473834,R_10,4906.13
1780473836,R_10,4906.005
1780473838,R_10,4906.046
1780473840,R_10,4906.122
1780473842,R_10,4906.058
1780473844,R_10,4906.2
1780473846,R_10,4906.065
1780473848,R_10,4906.248
1780473850,R_10,4906.35
1780473852,R_10,4906.633
1780473854,R_10,4906.596
1780473856,R_10,4906.796
1780473858,R_10,4906.829
1780473860,R_10,4906.682
1780473862,R_10,4906.686
1780473864,R_10,4906.659
1780473866,R_10,4906.802
1780473868,R_10,4906.785
1780473870,R_10,4906.96
1780473872,R_10,4906.967
1780473874,R_10,4907.085
1780473876,R_10,4906.879
1780473878,R_10,4906.962
1780473880,R_10,4906.788
1780473882,R_10,4906.689
1780473884,R_10,4906.833
1780473886,R_10,4906.918
1780473888,R_10,4906.744
1780473890,R_10,4906.844
1780473892,R_10,4906.954
1780473894,R_10,4906.946
1780473896,R_10,4906.77
1780473898,R_10,4906.692
1780473900,R_10,4906.556
1780473902,R_10,4906.729
1780473904,R_10,4906.673
1780473906,R_10,4906.58
1780473908,R_10,4906.648
1780473910,R_10,4906.847
1780473912,R_10,4906.881
1780473914,R_10,4906.982
1780473916,R_10,4906.892
1780473918,R_10,4906.73
1780473920,R_10,4906.696
1780473922,R_10,4906.832
1780473924,R_10,4906.929
1780473926,R_10,4906.977
1780473928,R_10,4906.927
1780473930,R_10,4906.772
1780473932,R_10,4906.815
1780473934,R_10,4906.888
1780473936,R_10,4906.913
1780473938,R_10,4907.03
1780473940,R_10,4907.062
1780473942,R_10,4906.953
1780473944,R_10,4906.959
1780473946,R_10,4906.948
1780473948,R_10,4906.871
1780473950,R_10,4906.564
1780473952,R_10,4906.464
1780473954,R_10,4906.682
1780473956,R_10,4906.658
1780473958,R_10,4906.671
1780473960,R_10,4906.709
1780473962,R_10,4906.878
1780473964,R_10,4906.977
1780473966,R_10,4906.959
1780473968,R_10,4907.099
1780473970,R_10,4906.926
1780473972,R_10,4906.885
1780473974,R_10,4906.729
1780473976,R_10,4906.651
1780473978,R_10,4906.77
1780473980,R_10,4906.849
1780473982,R_10,4906.948
1780473984,R_10,4907.107
1780473986,R_10,4907.042
1780473988,R_10,4906.83
1780473990,R_10,4906.887
1780473992,R_10,4907.042
1780473994,R_10,4906.984
1780473996,R_10,4906.972
1780473998,R_10,4906.699
1780474000,R_10,4906.64
1780474002,R_10,4906.669
1780474004,R_10,4906.495
1780474006,R_10,4906.386
1780474008,R_10,4906.455
1780474010,R_10,4906.397
1780474012,R_10,4906.347
1780474014,R_10,4906.585
1780474016,R_10,4906.686
1780474018,R_10,4906.48
1780474020,R_10,4906.483
1780474022,R_10,4906.458
1780474024,R_10,4906.423
1780474026,R_10,4906.411
1780474028,R_10,4906.783
1780474030,R_10,4906.825
1780474032,R_10,4906.995
1780474034,R_10,4907.039
1780474036,R_10,4907.053
1780474038,R_10,4906.904
1780474040,R_10,4906.954
1780474042,R_10,4906.828
1780474044,R_10,4906.873
1780474046,R_10,4907.025
1780474048,R_10,4907.155
1780474050,R_10,4907.308
1780474052,R_10,4907.23
1780474054,R_10,4907.394
1780474056,R_10,4907.48
1780474058,R_10,4907.451
1780474060,R_10,4907.555
1780474062,R_10,4907.397
1780474064,R_10,4907.232
1780474066,R_10,4907.231
1780474068,R_10,4907.319
1780474070,R_10,4907.599
1780474072,R_10,4907.565
1780474074,R_10,4907.593
1780474076,R_10,4907.604
1780474078,R_10,4907.605
1780474080,R_10,4907.582
1780474082,R_10,4907.65
1780474084,R_10,4907.478
1780474086,R_10,4907.557
1780474088,R_10,4907.645
1780474090,R_10,4907.607
1780474092,R_10,4907.587
1780474094,R_10,4907.867
1780474096,R_10,4907.604
1780474098,R_10,4907.382
1780474100,R_10,4907.304
1780474102,R_10,4907.21
1780474104,R_10,4907.15
1780474106,R_10,4906.846
1780474108,R_10,4906.854
1780474110,R_10,4906.789
1780474112,R_10,4906.817
1780474114,R_10,4906.935
1780474116,R_10,4906.914
1780474118,R_10,4907.123
1780474120,R_10,4907.151
1780474122,R_10,4907.361
1780474124,R_10,4907.298
1780474126,R_10,4907.348
1780474128,R_10,4907.358
1780474130,R_10,4907.499
1780474132,R_10,4907.338
1780474134,R_10,4907.568
1780474136,R_10,4907.353
1780474138,R_10,4907.226
1780474140,R_10,4907.186
1780474142,R_10,4907.162
1780474144,R_10,4907.2
1780474146,R_10,4907.03
1780474148,R_10,4907.278
1780474150,R_10,4907.422
1780474152,R_10,4907.357
1780474154,R_10,4907.272
1780474156,R_10,4907.508
1780474158,R_10,4907.603
1780474160,R_10,4907.578
1780474162,R_10,4907.651
1780474164,R_10,4907.581
1780474166,R_10,4907.317
1780474168,R_10,4907.49
1780474170,R_10,4907.461
1780474172,R_10,4907.294
1780474174,R_10,4907.415
1780474176,R_10,4907.469
1780474178,R_10,4907.528
1780474180,R_10,4907.542
1780474182,R_10,4907.669
1780474184,R_10,4907.518
1780474186,R_10,4907.393
1780474188,R_10,4907.442
1780474190,R_10,4907.501
1780474192,R_10,4907.527
1780474194,R_10,4907.458
1780474196,R_10,4907.476
1780474198,R_10,4907.542
1780474200,R_10,4907.628
1780474202,R_10,4907.514
1780474204,R_10,4907.536
1780474206,R_10,4907.506
1780474208,R_10,4907.546
1780474210,R_10,4907.616
1780474212,R_10,4907.79
1780474214,R_10,4907.762
1780474216,R_10,4907.758
1780474218,R_10,4907.711
1780474220,R_10,4907.695
1780474222,R_10,4907.639
1780474224,R_10,4907.461
1780474226,R_10,4907.546
1780474228,R_10,4907.567
1780474230,R_10,4907.605
1780474232,R_10,4907.606
1780474234,R_10,4907.49
1780474236,R_10,4907.468
1780474238,R_10,4907.553
1780474240,R_10,4907.453
1780474242,R_10,4907.434
1780474244,R_10,4907.395
1780474246,R_10,4907.119
1780474248,R_10,4907.116
1780474250,R_10,4907.294
1780474252,R_10,4907.132
1780474254,R_10,4907.195
1780474256,R_10,4907.105
1780474258,R_10,4907.064
1780474260,R_10,4907.163
1780474262,R_10,4907.223
1780474264,R_10,4907.375
1780474266,R_10,4907.445
1780474268,R_10,4907.349
1780474270,R_10,4907.267
1780474272,R_10,4907.273
1780474274,R_10,4907.213
1780474276,R_10,4906.963
1780474278,R_10,4906.712
1780474280,R_10,4906.722
1780474282,R_10,4906.762
1780474284,R_10,4906.964
1780474286,R_10,4907.004
1780474288,R_10,4907.083
1780474290,R_10,4907.131
1780474292,R_10,4907.184
1780474294,R_10,4907.229
1780474296,R_10,4906.897
1780474298,R_10,4907.049
1780474300,R_10,4906.961
1780474302,R_10,4907.137
1780474304,R_10,4907.186
1780474306,R_10,4907.261
1780474308,R_10,4907.32
1780474310,R_10,4907.422
1780474312,R_10,4907.454
1780474314,R_10,4907.46
1780474316,R_10,4907.247
1780474318,R_10,4907.235
1780474320,R_10,4907.306
1780474322,R_10,4907.426
1780474324,R_10,4907.311
1780474326,R_10,4907.109
1780474328,R_10,4906.854
1780474330,R_10,4906.838
1780474332,R_10,4906.921
1780474334,R_10,4907.012
1780474336,R_10,4906.993
1780474338,R_10,4906.764
1780474340,R_10,4906.55
1780474342,R_10,4906.606
1780474344,R_10,4906.722
1780474346,R_10,4906.669
1780474348,R_10,4906.668
1780474350,R_10,4906.921
1780474352,R_10,4906.808
1780474354,R_10,4906.985
1780474356,R_10,4907.016
1780474358,R_10,4907.086
1780474360,R_10,4907.347
1780474362,R_10,4907.316
1780474364,R_10,4907.207
1780474366,R_10,4907.151
1780474368,R_10,4907.021
1780474370,R_10,4907.058
1780474372,R_10,4907.075
1780474374,R_10,4907.061
1780474376,R_10,4907.052
1780474378,R_10,4906.966
1780474380,R_10,4906.852
1780474382,R_10,4906.759
1780474384,R_10,4906.744
1780474386,R_10,4906.701
1780474388,R_10,4906.674
1780474390,R_10,4906.584
1780474392,R_10,4906.532
1780474394,R_10,4906.256
1780474396,R_10,4906.209
1780474398,R_10,4906.264
1780474400,R_10,4906.424
1780474402,R_10,4906.498
1780474404,R_10,4906.264
1780474406,R_10,4906.003
1780474408,R_10,4905.956
1780474410,R_10,4905.982
1780474412,R_10,4906.009
1780474414,R_10,4905.971
1780474416,R_10,4905.772
1780474418,R_10,4905.653
1780474420,R_10,4905.711
1780474422,R_10,4905.678
1780474424,R_10,4905.416
1780474426,R_10,4905.642
1780474428,R_10,4905.694
1780474430,R_10,4905.698
1780474432,R_10,4905.816
1780474434,R_10,4906.091
1780474436,R_10,4906.107
1780474438,R_10,4906.042
1780474440,R_10,4905.914
1780474442,R_10,4905.917
1780474444,R_10,4906.007
1780474446,R_10,4905.968
1780474448,R_10,4905.854
1780474450,R_10,4906.065
1780474452,R_10,4906.243
1780474454,R_10,4906.293
1780474456,R_10,4906.433
1780474458,R_10,4906.626
1780474460,R_10,4906.55
1780474462,R_10,4906.432
1780474464,R_10,4906.097
1780474466,R_10,4906.209
1780474468,R_10,4906.311
1780474470,R_10,4906.408
1780474472,R_10,4906.485
1780474474,R_10,4906.607
1780474476,R_10,4906.635
1780474478,R_10,4906.653
1780474480,R_10,4906.693
1780474482,R_10,4906.828
1780474484,R_10,4906.991
1780474486,R_10,4907.167
1780474488,R_10,4907.114
1780474490,R_10,4907.043
1780474492,R_10,4906.977
1780474494,R_10,4907.064
1780474496,R_10,4906.977
1780474498,R_10,4906.822
1780474500,R_10,4906.718
1780474502,R_10,4906.737
1780474504,R_10,4906.94
1780474506,R_10,4907.132
1780474508,R_10,4907.251
1780474510,R_10,4907.418
1780474512,R_10,4907.551
1780474514,R_10,4907.497
1780474516,R_10,4907.371
1780474518,R_10,4907.491
1780474520,R_10,4907.549
1780474522,R_10,4907.626
1780474524,R_10,4907.649
1780474526,R_10,4907.299
1780474528,R_10,4907.494
1780474530,R_10,4907.428
1780474532,R_10,4907.567
1780474534,R_10,4907.339
1780474536,R_10,4907.315
1780474538,R_10,4907.341
1780474540,R_10,4907.192
1780474542,R_10,4907.133
1780474544,R_10,4907.081
1780474546,R_10,4907.082
1780474548,R_10,4907.08
1780474550,R_10,4907.07
1780474552,R_10,4907.095
1780474554,R_10,4906.863
1780474556,R_10,4906.855
1780474558,R_10,4906.888
1780474560,R_10,4906.706
1780474562,R_10,4906.672
1780474564,R_10,4906.764
1780474566,R_10,4906.558
1780474568,R_10,4906.502
1780474570,R_10,4906.626
1780474572,R_10,4906.604
1780474574,R_10,4906.517
1780474576,R_10,4906.527
1780474578,R_10,4906.408
1780474580,R_10,4906.366
1780474582,R_10,4906.347
1780474584,R_10,4906.352
1780474586,R_10,4906.499
1780474588,R_10,4906.531
1780474590,R_10,4906.566
1780474592,R_10,4906.465
1780474594,R_10,4906.383
1780474596,R_10,4906.577
1780474598,R_10,4906.599
1780474600,R_10,4906.726
1780474602,R_10,4906.473
1780474604,R_10,4906.465
1780474606,R_10,4906.548
1780474608,R_10,4906.505
1780474610,R_10,4906.596
1780474612,R_10,4906.56
1780474614,R_10,4906.472
1780474616,R_10,4906.589
1780474618,R_10,4906.887
1780474620,R_10,4906.806
1780474622,R_10,4907.056
1780474624,R_10,4907.19
1780474626,R_10,4907.305
1780474628,R_10,4907.138
1780474630,R_10,4907.19
1780474632,R_10,4907.186
1780474634,R_10,4907.218
1780474636,R_10,4907.312
1780474638,R_10,4907.454
1780474640,R_10,4907.651
1780474642,R_10,4907.738
1780474644,R_10,4907.883
1780474646,R_10,4907.883
1780474648,R_10,4907.942
1780474650,R_10,4907.884
1780474652,R_10,4908.175
1780474654,R_10,4908.153
1780474656,R_10,4908.144
1780474658,R_10,4908.097
1780474660,R_10,4908.188
1780474662,R_10,4908.095
1780474664,R_10,4908.153
1780474666,R_10,4908.107
1780474668,R_10,4907.908
1780474670,R_10,4908.018
1780474672,R_10,4908.099
1780474674,R_10,4908.295
1780474676,R_10,4908.267
1780474678,R_10,4908.221
1780474680,R_10,4908.124
1780474682,R_10,4908.177
1780474684,R_10,4907.988
1780474686,R_10,4907.944
1780474688,R_10,4907.987
1780474690,R_10,4908.048
1780474692,R_10,4908.078
1780474694,R_10,4908.094
1780474696,R_10,4907.988
1780474698,R_10,4907.985
1780474700,R_10,4907.997
1780474702,R_10,4908.044
1780474704,R_10,4908.157
1780474706,R_10,4908.136
1780474708,R_10,4908.052
1780474710,R_10,4908.107
1780474712,R_10,4908.099
1780474714,R_10,4908.101
1780474716,R_10,4908.258
1780474718,R_10,4908.335
1780474720,R_10,4908.278
1780474722,R_10,4908.287
1780474724,R_10,4908.412
1780474726,R_10,4908.446
1780474728,R_10,4908.464
1780474730,R_10,4908.628
1780474732,R_10,4908.624
1780474734,R_10,4908.46
1780474736,R_10,4908.594
1780474738,R_10,4908.501
1780474740,R_10,4908.886
1780474742,R_10,4909.001
1780474744,R_10,4908.843
1780474746,R_10,4908.983
1780474748,R_10,4909.078
1780474750,R_10,4909.063
1780474752,R_10,4909.051
1780474754,R_10,4909.171
1780474756,R_10,4909.075
1780474758,R_10,4909.074
1780474760,R_10,4908.941
1780474762,R_10,4908.995
1780474764,R_10,4908.854
1780474766,R_10,4908.92
1780474768,R_10,4908.829
1780474770,R_10,4908.805
1780474772,R_10,4908.699
1780474774,R_10,4908.625
1780474776,R_10,4908.653
1780474778,R_10,4908.623
1780474780,R_10,4908.639
1780474782,R_10,4908.532
1780474784,R_10,4908.42
1780474786,R_10,4908.294
1780474788,R_10,4908.14
1780474790,R_10,4908.186
1780474792,R_10,4908.101
1780474794,R_10,4908.131
1780474796,R_10,4908.219
1780474798,R_10,4908.198
1780474800,R_10,4908.208
1780474802,R_10,4908.286
1780474804,R_10,4908.326
1780474806,R_10,4908.391
1780474808,R_10,4908.511
1780474810,R_10,4908.298
1780474812,R_10,4908.104
1780474814,R_10,4908.198
1780474816,R_10,4908.224
1780474818,R_10,4908.081
1780474820,R_10,4908.073
1780474822,R_10,4908.068
1780474824,R_10,4907.856
1780474826,R_10,4907.764
1780474828,R_10,4907.868
1780474830,R_10,4907.892
1780474832,R_10,4907.942
1780474834,R_10,4907.914
1780474836,R_10,4907.992
1780474838,R_10,4908.081
1780474840,R_10,4908.099
1780474842,R_10,4908.115
1780474844,R_10,4908.138
1780474846,R_10,4908.359
1780474848,R_10,4908.354
1780474850,R_10,4908.367
1780474852,R_10,4908.157
1780474854,R_10,4908.194
1780474856,R_10,4908.496
1780474858,R_10,4908.573
1780474860,R_10,4908.706
1780474862,R_10,4908.783
1780474864,R_10,4908.859
1780474866,R_10,4908.788
1780474868,R_10,4909.094
1780474870,R_10,4909.384
1780474872,R_10,4909.613
1780474874,R_10,4909.693
1780474876,R_10,4909.784
1780474878,R_10,4910.117
1780474880,R_10,4910.141
1780474882,R_10,4910.284
1780474884,R_10,4910.357
1780474886,R_10,4910.641
1780474888,R_10,4910.511
1780474890,R_10,4910.495
1780474892,R_10,4910.699
1780474894,R_10,4910.52
1780474896,R_10,4910.476
1780474898,R_10,4910.51
1780474900,R_10,4910.201
1780474902,R_10,4910.178
1780474904,R_10,4910.32
1780474906,R_10,4910.215
1780474908,R_10,4910.107
1780474910,R_10,4910.097
1780474912,R_10,4910.109
1780474914,R_10,4910.104
1780474916,R_10,4910.121
1780474918,R_10,4910.069
1780474920,R_10,4909.798
1780474922,R_10,4909.648
1780474924,R_10,4909.81
1780474926,R_10,4909.878
1780474928,R_10,4909.868
1780474930,R_10,4910.016
1780474932,R_10,4910.096
1780474934,R_10,4910.04
1780474936,R_10,4910.056
1780474938,R_10,4910.178
1780474940,R_10,4910.275
1780474942,R_10,4910.343
1780474944,R_10,4910.415
1780474946,R_10,4910.352
1780474948,R_10,4910.464
1780474950,R_10,4910.399
1780474952,R_10,4910.034
1780474954,R_10,4910.062
1780474956,R_10,4910.171
1780474958,R_10,4909.882
1780474960,R_10,4909.894
1780474962,R_10,4909.832
1780474964,R_10,4910.049
1780474966,R_10,4909.937
1780474968,R_10,4909.879
1780474970,R_10,4909.674
1780474972,R_10,4909.905
1780474974,R_10,4909.963
1780474976,R_10,4909.956
1780474978,R_10,4910.128
1780474980,R_10,4910.048
1780474982,R_10,4909.975
1780474984,R_10,4910.252
1780474986,R_10,4910.412
1780474988,R_10,4910.432
1780474990,R_10,4910.475
1780474992,R_10,4910.69
1780474994,R_10,4910.505
1780474996,R_10,4910.614
1780474998,R_10,4910.789
1780475000,R_10,4910.78
1780475002,R_10,4910.821
1780475004,R_10,4910.793
1780475006,R_10,4910.782
1780475008,R_10,4910.704
1780475010,R_10,4910.607
1780475012,R_10,4910.855
1780475014,R_10,4910.805
1780475016,R_10,4910.839
1780475018,R_10,4910.667
1780475020,R_10,4910.615
1780475022,R_10,4910.623
1780475024,R_10,4910.63
1780475026,R_10,4910.726
1780475028,R_10,4910.717
1780475030,R_10,4910.507
1780475032,R_10,4910.484
1780475034,R_10,4910.586
1780475036,R_10,4910.309
1780475038,R_10,4910.533
1780475040,R_10,4910.612
1780475042,R_10,4910.432
1780475044,R_10,4910.6
1780475046,R_10,4910.652
1780475048,R_10,4910.689
1780475050,R_10,4910.607
1780475052,R_10,4910.453
1780475054,R_10,4910.623
1780475056,R_10,4910.618
1780475058,R_10,4910.482
1780475060,R_10,4910.543
1780475062,R_10,4910.571
1780475064,R_10,4910.608
1780475066,R_10,4910.723
1780475068,R_10,4910.863
1780475070,R_10,4910.79
1780475072,R_10,4910.829
1780475074,R_10,4910.865
1780475076,R_10,4911.056
1780475078,R_10,4911.32
1780475080,R_10,4911.386
1780475082,R_10,4911.177
1780475084,R_10,4911.109
1780475086,R_10,4911.12
1780475088,R_10,4911.038
1780475090,R_10,4911.076
1780475092,R_10,4911.094
1780475094,R_10,4911.129
1780475096,R_10,4911.256
1780475098,R_10,4911.309
1780475100,R_10,4911.384
1780475102,R_10,4911.183
1780475104,R_10,4911.174
1780475106,R_10,4911.275
1780475108,R_10,4911.44
1780475110,R_10,4911.501
1780475112,R_10,4911.607
1780475114,R_10,4911.423
1780475116,R_10,4911.569
1780475118,R_10,4911.82
1780475120,R_10,4911.576
1780475122,R_10,4911.587
1780475124,R_10,4911.617
1780475126,R_10,4911.507
1780475128,R_10,4911.6
1780475130,R_10,4911.695
1780475132,R_10,4911.745
1780475134,R_10,4911.821
1780475136,R_10,4911.882
1780475138,R_10,4911.784
1780475140,R_10,4911.741
1780475142,R_10,4911.749
1780475144,R_10,4911.785
1780475146,R_10,4911.81
1780475148,R_10,4911.949
1780475150,R_10,4911.985
1780475152,R_10,4911.997
1780475154,R_10,4911.855
1780475156,R_10,4912.021
1780475158,R_10,4911.981
1780475160,R_10,4911.908
1780475162,R_10,4911.853
1780475164,R_10,4911.826
1780475166,R_10,4911.693
1780475168,R_10,4911.705
1780475170,R_10,4911.957
1780475172,R_10,4912.162
1780475174,R_10,4912.177
1780475176,R_10,4912.21
1780475178,R_10,4912.257
1780475180,R_10,4912.27
1780475182,R_10,4912.197
1780475184,R_10,4912.308
1780475186,R_10,4912.23
1780475188,R_10,4912.37
1780475190,R_10,4912.558
1780475192,R_10,4912.551
1780475194,R_10,4912.481
1780475196,R_10,4912.109
1780475198,R_10,4911.876
1780475200,R_10,4911.91
1780475202,R_10,4911.918
1780475204,R_10,4911.969
1780475206,R_10,4911.742
1780475208,R_10,4911.734
1780475210,R_10,4911.747
1780475212,R_10,4911.655
1780475214,R_10,4911.722
1780475216,R_10,4911.795
1780475218,R_10,4911.851
1780475220,R_10,4911.789
1780475222,R_10,4911.787
1780475224,R_10,4911.763
1780475226,R_10,4911.75
1780475228,R_10,4911.856
1780475230,R_10,4911.729
1780475232,R_10,4911.587
1780475234,R_10,4911.469
1780475236,R_10,4911.647
1780475238,R_10,4911.893
1780475240,R_10,4911.766
1780475242,R_10,4911.51
1780475244,R_10,4911.52
1780475246,R_10,4911.411
1780475248,R_10,4911.283
1780475250,R_10,4911.2
1780475252,R_10,4911.551
1780475254,R_10,4911.642
1780475256,R_10,4911.499
1780475258,R_10,4911.208
1780475260,R_10,4911.141
1780475262,R_10,4910.891
1780475264,R_10,4910.752
1780475266,R_10,4910.678
1780475268,R_10,4910.622
1780475270,R_10,4910.316
1780475272,R_10,4910.313
1780475274,R_10,4910.313
1780475276,R_10,4910.413
1780475278,R_10,4910.552
1780475280,R_10,4910.556
1780475282,R_10,4910.501
1780475284,R_10,4910.706
1780475286,R_10,4910.894
1780475288,R_10,4910.855
1780475290,R_10,4910.785
1780475292,R_10,4910.669
1780475294,R_10,4910.578
1780475296,R_10,4910.336
1780475298,R_10,4910.555
1780475300,R_10,4910.746
1780475302,R_10,4910.833
1780475304,R_10,4910.683
1780475306,R_10,4910.824
1780475308,R_10,4910.823
1780475310,R_10,4910.951
1780475312,R_10,4911.102
1780475314,R_10,4910.934
1780475316,R_10,4910.975
1780475318,R_10,4911.021
1780475320,R_10,4911.134
1780475322,R_10,4910.912
1780475324,R_10,4910.853
1780475326,R_10,4911
1780475328,R_10,4911.093
1780475330,R_10,4910.88
1780475332,R_10,4910.871
1780475334,R_10,4910.7
1780475336,R_10,4910.652
1780475338,R_10,4910.533
1780475340,R_10,4910.54
1780475342,R_10,4910.769
1780475344,R_10,4910.95
1780475346,R_10,4911.021
1780475348,R_10,4911.065
1780475350,R_10,4910.885
1780475352,R_10,4910.839
1780475354,R_10,4910.834
1780475356,R_10,4910.765
1780475358,R_10,4910.651
1780475360,R_10,4910.82
1780475362,R_10,4910.969
1780475364,R_10,4911.088
1780475366,R_10,4911.185
1780475368,R_10,4911.203
1780475370,R_10,4911.365
1780475372,R_10,4911.439
1780475374,R_10,4911.301
1780475376,R_10,4911.074
1780475378,R_10,4911.173
1780475380,R_10,4911.366
1780475382,R_10,4911.651
1780475384,R_10,4911.69
1780475386,R_10,4911.731
1780475388,R_10,4911.792
1780475390,R_10,4911.764
1780475392,R_10,4911.801
1780475394,R_10,4911.865
1780475396,R_10,4911.891
1780475398,R_10,4911.952
1780475400,R_10,4911.865
1780475402,R_10,4911.902
1780475404,R_10,4911.732
1780475406,R_10,4911.669
1780475408,R_10,4911.654
1780475410,R_10,4911.777
1780475412,R_10,4911.984
1780475414,R_10,4911.995
1780475416,R_10,4911.973
1780475418,R_10,4911.805
1780475420,R_10,4911.871
1780475422,R_10,4911.758
1780475424,R_10,4911.654
1780475426,R_10,4911.669
1780475428,R_10,4911.712
1780475430,R_10,4911.711
1780475432,R_10,4911.536
1780475434,R_10,4911.571
1780475436,R_10,4911.55
1780475438,R_10,4911.597
1780475440,R_10,4911.656
1780475442,R_10,4911.696
1780475444,R_10,4911.757
1780475446,R_10,4911.668
1780475448,R_10,4911.76
1780475450,R_10,4911.674
1780475452,R_10,4911.772
1780475454,R_10,4911.854
1780475456,R_10,4911.888
1780475458,R_10,4912.044
1780475460,R_10,4912.409
1780475462,R_10,4912.459
1780475464,R_10,4912.545
1780475466,R_10,4912.477
1780475468,R_10,4912.56
1780475470,R_10,4912.669
1780475472,R_10,4912.796
1780475474,R_10,4912.453
1780475476,R_10,4912.379
1780475478,R_10,4912.346
1780475480,R_10,4912.502
1780475482,R_10,4912.519
1780475484,R_10,4912.368
1780475486,R_10,4912.318
1780475488,R_10,4912.381
1780475490,R_10,4912.262
1780475492,R_10,4912.379
1780475494,R_10,4912.326
1780475496,R_10,4912.073
1780475498,R_10,4911.969
1780475500,R_10,4911.729
1780475502,R_10,4911.827
1780475504,R_10,4911.812
1780475506,R_10,4911.775
1780475508,R_10,4911.698
1780475510,R_10,4911.937
1780475512,R_10,4911.948
1780475514,R_10,4911.929
1780475516,R_10,4911.825
1780475518,R_10,4911.725
1780475520,R_10,4911.569
1780475522,R_10,4911.352
1780475524,R_10,4911.329
1780475526,R_10,4911.381
1780475528,R_10,4911.276
1780475530,R_10,4911.25
1780475532,R_10,4911.294
1780475534,R_10,4911.283
1780475536,R_10,4911.196
1780475538,R_10,4911.316
1780475540,R_10,4911.415
1780475542,R_10,4911.379
1780475544,R_10,4911.468
1780475546,R_10,4911.425
1780475548,R_10,4911.319
1780475550,R_10,4911.124
1780475552,R_10,4911.187
1780475554,R_10,4911.264
1780475556,R_10,4911.346
1780475558,R_10,4911.284
1780475560,R_10,4911.441
1780475562,R_10,4911.351
1780475564,R_10,4911.251
1780475566,R_10,4911.411
1780475568,R_10,4911.383
1780475570,R_10,4911.441
1780475572,R_10,4911.674
1780475574,R_10,4911.68
1780475576,R_10,4911.642
1780475578,R_10,4911.634
1780475580,R_10,4911.51
1780475582,R_10,4911.746
1780475584,R_10,4911.705
1780475586,R_10,4911.819
1780475588,R_10,4911.739
1780475590,R_10,4911.879
1780475592,R_10,4911.929
1780475594,R_10,4911.908
1780475596,R_10,4911.847
1780475598,R_10,4911.746
1780475600,R_10,4911.9
1780475602,R_10,4911.83
1780475604,R_10,4911.813
1780475606,R_10,4911.729
1780475608,R_10,4911.725
1780475610,R_10,4911.653
1780475612,R_10,4911.665
1780475614,R_10,4911.686
1780475616,R_10,4911.681
1780475618,R_10,4911.909
1780475620,R_10,4911.879
1780475622,R_10,4912.007
1780475624,R_10,4911.975
1780475626,R_10,4911.964
1780475628,R_10,4911.963
1780475630,R_10,4912.094
1780475632,R_10,4912.095
1780475634,R_10,4912.077
1780475636,R_10,4912.181
1780475638,R_10,4912.163
1780475640,R_10,4912.197
1780475642,R_10,4912.002
1780475644,R_10,4911.885
1780475646,R_10,4911.584
1780475648,R_10,4911.496
1780475650,R_10,4911.53
1780475652,R_10,4911.421
1780475654,R_10,4911.245
1780475656,R_10,4910.984
1780475658,R_10,4911.044
1780475660,R_10,4911.102
1780475662,R_10,4910.921
1780475664,R_10,4911.048
1780475666,R_10,4910.938
1780475668,R_10,4910.862
1780475670,R_10,4910.915
1780475672,R_10,4910.93
1780475674,R_10,4910.868
1780475676,R_10,4910.771
1780475678,R_10,4910.789
1780475680,R_10,4910.859
1780475682,R_10,4910.726
1780475684,R_10,4910.717
1780475686,R_10,4910.72
1780475688,R_10,4910.618
1780475690,R_10,4910.643
1780475692,R_10,4910.424
1780475694,R_10,4910.236
1780475696,R_10,4910.094
1780475698,R_10,4910.016
1780475700,R_10,4910.21
1780475702,R_10,4910.323
1780475704,R_10,4910.417
1780475706,R_10,4910.508
1780475708,R_10,4910.655
1780475710,R_10,4910.581
1780475712,R_10,4910.63
1780475714,R_10,4910.604
1780475716,R_10,4910.823
1780475718,R_10,4910.704
1780475720,R_10,4910.725
1780475722,R_10,4910.709
1780475724,R_10,4910.883
1780475726,R_10,4910.86
1780475728,R_10,4911.04
1780475730,R_10,4910.94
1780475732,R_10,4910.677
1780475734,R_10,4910.73
1780475736,R_10,4910.715
1780475738,R_10,4910.529
1780475740,R_10,4910.499
1780475742,R_10,4910.597
1780475744,R_10,4910.527
1780475746,R_10,4910.364
1780475748,R_10,4910.268
1780475750,R_10,4910.26
1780475752,R_10,4910.291
1780475754,R_10,4910.383
1780475756,R_10,4910.724
1780475758,R_10,4910.777
1780475760,R_10,4910.538
1780475762,R_10,4910.241
1780475764,R_10,4910.167
1780475766,R_10,4910.129
1780475768,R_10,4910.105
1780475770,R_10,4910.048
1780475772,R_10,4910.186
1780475774,R_10,4910.177
1780475776,R_10,4910.282
1780475778,R_10,4910.21
1780475780,R_10,4910.209
1780475782,R_10,4910.112
1780475784,R_10,4910.432
1780475786,R_10,4910.376
1780475788,R_10,4910.402
1780475790,R_10,4910.248
1780475792,R_10,4910.509
1780475794,R_10,4910.433
1780475796,R_10,4910.446
1780475798,R_10,4910.481
1780475800,R_10,4910.566
1780475802,R_10,4910.494
1780475804,R_10,4910.434
1780475806,R_10,4910.269
1780475808,R_10,4910.126
1780475810,R_10,4910.258
1780475812,R_10,4910.117
1780475814,R_10,4909.965
1780475816,R_10,4909.775
1780475818,R_10,4909.869
1780475820,R_10,4909.837
1780475822,R_10,4909.658
1780475824,R_10,4909.865
1780475826,R_10,4909.884
1780475828,R_10,4909.741
1780475830,R_10,4909.742
1780475832,R_10,4909.717
1780475834,R_10,4909.861
1780475836,R_10,4909.828
1780475838,R_10,4909.851
1780475840,R_10,4909.974
1780475842,R_10,4909.871
1780475844,R_10,4909.718
1780475846,R_10,4909.669
1780475848,R_10,4909.509
1780475850,R_10,4909.582
1780475852,R_10,4909.624
1780475854,R_10,4909.535
1780475856,R_10,4909.45
1780475858,R_10,4909.667
1780475860,R_10,4909.831
1780475862,R_10,4909.924
1780475864,R_10,4909.787
1780475866,R_10,4909.646
1780475868,R_10,4909.748
1780475870,R_10,4909.742
1780475872,R_10,4909.688
1780475874,R_10,4909.765
1780475876,R_10,4909.604
1780475878,R_10,4909.692
1780475880,R_10,4909.479
1780475882,R_10,4909.302
1780475884,R_10,4909.364
1780475886,R_10,4909.498
1780475888,R_10,4909.66
1780475890,R_10,4909.56
1780475892,R_10,4909.588
1780475894,R_10,4909.761
1780475896,R_10,4909.812
1780475898,R_10,4909.853
1780475900,R_10,4909.907
1780475902,R_10,4909.83
1780475904,R_10,4910.035
1780475906,R_10,4910.155
1780475908,R_10,4909.991
1780475910,R_10,4909.821
1780475912,R_10,4909.795
1780475914,R_10,4909.72
1780475916,R_10,4909.749
1780475918,R_10,4909.861
1780475920,R_10,4909.625
1780475922,R_10,4909.453
1780475924,R_10,4909.501
1780475926,R_10,4909.406
1780475928,R_10,4909.43
1780475930,R_10,4909.258
1780475932,R_10,4909.145
1780475934,R_10,4909.072
1780475936,R_10,4909.071
1780475938,R_10,4909.128
1780475940,R_10,4908.916
1780475942,R_10,4908.748
1780475944,R_10,4908.733
1780475946,R_10,4908.951
1780475948,R_10,4908.933
1780475950,R_10,4908.782
1780475952,R_10,4908.718
1780475954,R_10,4908.746
1780475956,R_10,4908.861
1780475958,R_10,4908.83
1780475960,R_10,4908.964
1780475962,R_10,4909.003
1780475964,R_10,4909.342
1780475966,R_10,4909.376
1780475968,R_10,4909.335
1780475970,R_10,4909.454
1780475972,R_10,4909.499
1780475974,R_10,4909.564
1780475976,R_10,4909.464
1780475978,R_10,4909.405
1780475980,R_10,4909.53
1780475982,R_10,4909.493
1780475984,R_10,4909.599
1780475986,R_10,4909.685
1780475988,R_10,4909.674
1780475990,R_10,4909.694
1780475992,R_10,4909.781
1780475994,R_10,4910.085
1780475996,R_10,4910.111
1780475998,R_10,4910.102
1780476000,R_10,4909.935
1780476002,R_10,4909.755
1780476004,R_10,4909.719
1780476006,R_10,4909.626
1780476008,R_10,4909.568
1780476010,R_10,4909.748
1780476012,R_10,4909.814
1780476014,R_10,4909.706
1780476016,R_10,4909.938
1780476018,R_10,4909.841
1780476020,R_10,4909.831
1780476022,R_10,4910.026
1780476024,R_10,4910.051
1780476026,R_10,4910.042
1780476028,R_10,4910.201
1780476030,R_10,4910.161
1780476032,R_10,4910.35
1780476034,R_10,4910.349
1780476036,R_10,4910.33
1780476038,R_10,4910.312
1780476040,R_10,4910.286
1780476042,R_10,4910.309
1780476044,R_10,4910.27
1780476046,R_10,4910.248
1780476048,R_10,4910.165
1780476050,R_10,4910.206
1780476052,R_10,4910.19
1780476054,R_10,4910.292
1780476056,R_10,4910.258
1780476058,R_10,4910.164
1780476060,R_10,4910.328
1780476062,R_10,4910.293
1780476064,R_10,4910.352
1780476066,R_10,4910.277
1780476068,R_10,4910.544
1780476070,R_10,4910.677
1780476072,R_10,4910.699
1780476074,R_10,4910.348
1780476076,R_10,4910.267
1780476078,R_10,4910.202
1780476080,R_10,4910.141
1780476082,R_10,4910.185
1780476084,R_10,4910.215
1780476086,R_10,4910.326
1780476088,R_10,4910.26
1780476090,R_10,4910.203
1780476092,R_10,4910.164
1780476094,R_10,4910.107
1780476096,R_10,4910.08
1780476098,R_10,4910.058
1780476100,R_10,4910.028
1780476102,R_10,4909.95
1780476104,R_10,4910.038
1780476106,R_10,4910.045
1780476108,R_10,4909.959
1780476110,R_10,4910.027
1780476112,R_10,4910.2
1780476114,R_10,4910.166
1780476116,R_10,4910.143
1780476118,R_10,4910.061
1780476120,R_10,4909.97
1780476122,R_10,4909.995
1780476124,R_10,4910.018
1780476126,R_10,4910.094
1780476128,R_10,4910.165
1780476130,R_10,4909.795
1780476132,R_10,4909.848
1780476134,R_10,4909.78
1780476136,R_10,4909.686
1780476138,R_10,4909.594
1780476140,R_10,4909.495
1780476142,R_10,4909.476
1780476144,R_10,4909.354
1780476146,R_10,4909.339
1780476148,R_10,4909.179
1780476150,R_10,4909.045
1780476152,R_10,4909.13
1780476154,R_10,4909.286
1780476156,R_10,4909.103
1780476158,R_10,4909.112
1780476160,R_10,4908.917
1780476162,R_10,4908.895
1780476164,R_10,4908.736
1780476166,R_10,4908.736
1780476168,R_10,4908.866
1780476170,R_10,4908.903
1780476172,R_10,4908.917
1780476174,R_10,4908.668
1780476176,R_10,4908.597
1780476178,R_10,4908.5
1780476180,R_10,4908.641
1780476182,R_10,4908.601
1780476184,R_10,4908.478
1780476186,R_10,4908.458
1780476188,R_10,4908.371
1780476190,R_10,4908.366
1780476192,R_10,4908.473
1780476194,R_10,4908.393
1780476196,R_10,4908.28
1780476198,R_10,4908.308
1780476200,R_10,4908.096
1780476202,R_10,4908.037
1780476204,R_10,4907.891
1780476206,R_10,4907.74
1780476208,R_10,4907.776
1780476210,R_10,4907.677
1780476212,R_10,4907.576
1780476214,R_10,4907.536
1780476216,R_10,4907.339
1780476218,R_10,4907.318
1780476220,R_10,4907.29
1780476222,R_10,4907.088
1780476224,R_10,4906.926
1780476226,R_10,4907.076
1780476228,R_10,4907.249
1780476230,R_10,4907.408
1780476232,R_10,4907.223
1780476234,R_10,4907.224
1780476236,R_10,4907.201
1780476238,R_10,4907.155
1780476240,R_10,4907.124
1780476242,R_10,4907.191
1780476244,R_10,4907.237
1780476246,R_10,4907.324
1780476248,R_10,4907.18
1780476250,R_10,4907.068
1780476252,R_10,4907.04
1780476254,R_10,4906.822
1780476256,R_10,4906.607
1780476258,R_10,4906.631
1780476260,R_10,4906.514
1780476262,R_10,4906.595
1780476264,R_10,4906.796
1780476266,R_10,4906.836
1780476268,R_10,4906.749
1780476270,R_10,4906.609
1780476272,R_10,4906.595
1780476274,R_10,4906.638
1780476276,R_10,4906.534
1780476278,R_10,4906.528
1780476280,R_10,4906.201
1780476282,R_10,4906.407
1780476284,R_10,4906.269
1780476286,R_10,4906.43
1780476288,R_10,4906.475
1780476290,R_10,4906.44
1780476292,R_10,4906.261
1780476294,R_10,4906.254
1780476296,R_10,4906.392
1780476298,R_10,4906.519
1780476300,R_10,4906.691
1780476302,R_10,4906.768
1780476304,R_10,4906.565
1780476306,R_10,4906.784
1780476308,R_10,4906.856
1780476310,R_10,4906.705
1780476312,R_10,4906.519
1780476314,R_10,4906.546
1780476316,R_10,4906.581
1780476318,R_10,4906.641
1780476320,R_10,4906.7
1780476322,R_10,4906.691
1780476324,R_10,4906.976
1780476326,R_10,4907.003
1780476328,R_10,4907.184
1780476330,R_10,4907.083
1780476332,R_10,4907.177
1780476334,R_10,4907.087
1780476336,R_10,4906.79
1780476338,R_10,4906.886
1780476340,R_10,4906.859
1780476342,R_10,4906.788
1780476344,R_10,4906.769
1780476346,R_10,4906.887
1780476348,R_10,4906.891
1780476350,R_10,4906.944
1780476352,R_10,4907.044
1780476354,R_10,4906.845
1780476356,R_10,4906.84
1780476358,R_10,4906.849
1780476360,R_10,4906.974
1780476362,R_10,4907.178
1780476364,R_10,4907.177
1780476366,R_10,4906.996
1780476368,R_10,4906.995
1780476370,R_10,4906.886
1780476372,R_10,4906.751
1780476374,R_10,4906.798
1780476376,R_10,4906.575
1780476378,R_10,4906.573
1780476380,R_10,4906.653
1780476382,R_10,4906.478
1780476384,R_10,4906.408
1780476386,R_10,4906.38
1780476388,R_10,4906.264
1780476390,R_10,4906.213
1780476392,R_10,4906.377
1780476394,R_10,4906.3
1780476396,R_10,4906.509
1780476398,R_10,4906.627
1780476400,R_10,4906.445
1780476402,R_10,4906.583
1780476404,R_10,4906.714
1780476406,R_10,4906.635
1780476408,R_10,4906.853
1780476410,R_10,4906.886
1780476412,R_10,4907.025
1780476414,R_10,4906.962
1780476416,R_10,4907.035
1780476418,R_10,4906.95
1780476420,R_10,4906.662
1780476422,R_10,4906.575
1780476424,R_10,4906.471
1780476426,R_10,4906.435
1780476428,R_10,4906.514
1780476430,R_10,4906.609
1780476432,R_10,4906.602
1780476434,R_10,4906.585
1780476436,R_10,4906.657
1780476438,R_10,4906.588
1780476440,R_10,4906.608
1780476442,R_10,4906.272
1780476444,R_10,4906.44
1780476446,R_10,4906.445
1780476448,R_10,4906.508
1780476450,R_10,4906.374
1780476452,R_10,4906.495
1780476454,R_10,4906.512
1780476456,R_10,4906.555
1780476458,R_10,4906.415
1780476460,R_10,4906.591
1780476462,R_10,4906.598
1780476464,R_10,4906.721
1780476466,R_10,4906.647
1780476468,R_10,4906.627
1780476470,R_10,4906.768
1780476472,R_10,4906.699
1780476474,R_10,4906.789
1780476476,R_10,4906.834
1780476478,R_10,4906.885
1780476480,R_10,4906.827
1780476482,R_10,4906.787
1780476484,R_10,4906.849
1780476486,R_10,4907.009
1780476488,R_10,4906.865
1780476490,R_10,4907.073
1780476492,R_10,4907.157
1780476494,R_10,4907.183
1780476496,R_10,4907.065
1780476498,R_10,4907.171
1780476500,R_10,4906.931
1780476502,R_10,4906.683
1780476504,R_10,4906.688
1780476506,R_10,4906.613
1780476508,R_10,4906.641
1780476510,R_10,4906.606
1780476512,R_10,4906.365
1780476514,R_10,4906.529
1780476516,R_10,4906.532
1780476518,R_10,4906.561
1780476520,R_10,4906.544
1780476522,R_10,4906.651
1780476524,R_10,4906.583
1780476526,R_10,4906.754
1780476528,R_10,4906.593
1780476530,R_10,4906.458
1780476532,R_10,4906.65
1780476534,R_10,4906.648
1780476536,R_10,4906.574
1780476538,R_10,4906.726
1780476540,R_10,4906.692
1780476542,R_10,4906.686
1780476544,R_10,4906.715
1780476546,R_10,4906.457
1780476548,R_10,4906.351
1780476550,R_10,4906.461
1780476552,R_10,4906.516
1780476554,R_10,4906.687
1780476556,R_10,4906.999
1780476558,R_10,4907.039
1780476560,R_10,4907.095
1780476562,R_10,4906.973
1780476564,R_10,4907.102
1780476566,R_10,4907.034
1780476568,R_10,4906.99
1780476570,R_10,4906.938
1780476572,R_10,4906.863
1780476574,R_10,4906.769
1780476576,R_10,4906.818
1780476578,R_10,4907.009
1780476580,R_10,4906.768
1780476582,R_10,4906.791
1780476584,R_10,4906.688
1780476586,R_10,4906.46
1780476588,R_10,4906.335
1780476590,R_10,4906.197
1780476592,R_10,4906.176
1780476594,R_10,4906.042
1780476596,R_10,4905.95
1780476598,R_10,4906.009
1780476600,R_10,4905.97
1780476602,R_10,4905.952
1780476604,R_10,4905.81
1780476606,R_10,4905.584
1780476608,R_10,4905.578
1780476610,R_10,4905.801
1780476612,R_10,4905.966
1780476614,R_10,4905.926
1780476616,R_10,4905.739
1780476618,R_10,4905.706
1780476620,R_10,4905.814
1780476622,R_10,4905.774
1780476624,R_10,4905.809
1780476626,R_10,4905.898
1780476628,R_10,4905.705
1780476630,R_10,4905.805
1780476632,R_10,4905.707
1780476634,R_10,4905.724
1780476636,R_10,4905.639
1780476638,R_10,4905.592
1780476640,R_10,4905.74
1780476642,R_10,4905.55
1780476644,R_10,4905.443
1780476646,R_10,4905.358
1780476648,R_10,4905.389
1780476650,R_10,4905.182
1780476652,R_10,4905.445
1780476654,R_10,4905.697
1780476656,R_10,4905.818
1780476658,R_10,4905.871
1780476660,R_10,4905.882
1780476662,R_10,4905.708
1780476664,R_10,4905.595
1780476666,R_10,4905.636
1780476668,R_10,4905.773
1780476670,R_10,4906.037
1780476672,R_10,4905.998
1780476674,R_10,4906.118
1780476676,R_10,4906.136
1780476678,R_10,4906.235
1780476680,R_10,4906.21
1780476682,R_10,4906.33
1780476684,R_10,4906.244
1780476686,R_10,4906.12
1780476688,R_10,4906.173
1780476690,R_10,4906.161
1780476692,R_10,4906.296
1780476694,R_10,4906.452
1780476696,R_10,4906.514
1780476698,R_10,4906.595
1780476700,R_10,4906.752
1780476702,R_10,4906.588
1780476704,R_10,4906.638
1780476706,R_10,4906.607
1780476708,R_10,4906.354
1780476710,R_10,4906.28
1780476712,R_10,4906.554
1780476714,R_10,4906.273
1780476716,R_10,4906.158
1780476718,R_10,4906.013
1780476720,R_10,4905.995
1780476722,R_10,4905.905
1780476724,R_10,4905.812
1780476726,R_10,4906.059
1780476728,R_10,4905.989
1780476730,R_10,4906.061
1780476732,R_10,4906.275
1780476734,R_10,4906.298
1780476736,R_10,4906.497
1780476738,R_10,4906.606
1780476740,R_10,4906.44
1780476742,R_10,4906.356
1780476744,R_10,4906.431
1780476746,R_10,4906.227
1780476748,R_10,4906.391
1780476750,R_10,4906.211
1780476752,R_10,4906.186
1780476754,R_10,4906.295
1780476756,R_10,4906.196
1780476758,R_10,4906.046
1780476760,R_10,4906.006
1780476762,R_10,4906.093
1780476764,R_10,4906.051
1780476766,R_10,4905.92
1780476768,R_10,4905.932
1780476770,R_10,4906.091
1780476772,R_10,4906.301
1780476774,R_10,4906.194
1780476776,R_10,4906.384
1780476778,R_10,4906.408
1780476780,R_10,4906.513
1780476782,R_10,4906.427
1780476784,R_10,4906.224
1780476786,R_10,4906.412
1780476788,R_10,4906.282
1780476790,R_10,4906.379
1780476792,R_10,4906.329
1780476794,R_10,4906.34
1780476796,R_10,4906.288
1780476798,R_10,4906.385
1780476800,R_10,4906.424
1780476802,R_10,4906.453
1780476804,R_10,4906.615
1780476806,R_10,4906.772
1780476808,R_10,4906.795
1780476810,R_10,4906.955
1780476812,R_10,4906.86
1780476814,R_10,4906.751
1780476816,R_10,4906.719
1780476818,R_10,4906.569
1780476820,R_10,4906.602
1780476822,R_10,4906.53
1780476824,R_10,4906.358
1780476826,R_10,4906.293
1780476828,R_10,4906.285
1780476830,R_10,4906.237
1780476832,R_10,4906.241
1780476834,R_10,4906.331
1780476836,R_10,4906.277
1780476838,R_10,4906.371
1780476840,R_10,4906.303
1780476842,R_10,4906.273
1780476844,R_10,4906.192
1780476846,R_10,4906.279
1780476848,R_10,4906.28
1780476850,R_10,4906.012
1780476852,R_10,4906.135
1780476854,R_10,4906.117
1780476856,R_10,4906.144
1780476858,R_10,4906.044
1780476860,R_10,4905.897
1780476862,R_10,4905.987
1780476864,R_10,4906.111
1780476866,R_10,4906.117
1780476868,R_10,4906.045
1780476870,R_10,4906.335
1780476872,R_10,4906.338
1780476874,R_10,4906.23
1780476876,R_10,4906.272
1780476878,R_10,4906.377
1780476880,R_10,4906.373
1780476882,R_10,4906.139
1780476884,R_10,4906.332
1780476886,R_10,4906.181
1780476888,R_10,4906.097
1780476890,R_10,4906.142
1780476892,R_10,4906.22
1780476894,R_10,4906.193
1780476896,R_10,4906.374
1780476898,R_10,4906.251
1780476900,R_10,4906.295
1780476902,R_10,4906.392
1780476904,R_10,4906.376
1780476906,R_10,4906.243
1780476908,R_10,4906.318
1780476910,R_10,4906.318
1780476912,R_10,4906.095
1780476914,R_10,4906.17
1780476916,R_10,4906.133
1780476918,R_10,4906.09
1780476920,R_10,4906.075
1780476922,R_10,4906.142
1780476924,R_10,4905.991
1780476926,R_10,4906.09
1780476928,R_10,4906.177
1780476930,R_10,4906.175
1780476932,R_10,4906.352
1780476934,R_10,4906.297
1780476936,R_10,4906.228
1780476938,R_10,4906.355
1780476940,R_10,4906.194
1780476942,R_10,4906.149
1780476944,R_10,4906.094
1780476946,R_10,4905.981
1780476948,R_10,4905.784
1780476950,R_10,4905.83
1780476952,R_10,4905.86
1780476954,R_10,4905.802
1780476956,R_10,4905.696
1780476958,R_10,4905.779
1780476960,R_10,4905.967
1780476962,R_10,4905.978
1780476964,R_10,4906.067
1780476966,R_10,4905.971
1780476968,R_10,4905.751
1780476970,R_10,4905.53
1780476972,R_10,4905.533
1780476974,R_10,4905.432
1780476976,R_10,4905.43
1780476978,R_10,4905.43
1780476980,R_10,4905.204
1780476982,R_10,4905.215
1780476984,R_10,4905.215
1780476986,R_10,4905.229
1780476988,R_10,4905.27
1780476990,R_10,4905.282
1780476992,R_10,4905.051
1780476994,R_10,4905.142
1780476996,R_10,4905.216
1780476998,R_10,4905.35
1780477000,R_10,4905.507
1780477002,R_10,4905.588
1780477004,R_10,4905.365
1780477006,R_10,4905.414
1780477008,R_10,4905.507
1780477010,R_10,4905.584
1780477012,R_10,4905.818
1780477014,R_10,4905.697
1780477016,R_10,4905.672
1780477018,R_10,4905.609
1780477020,R_10,4905.923
1780477022,R_10,4905.898
1780477024,R_10,4905.928
1780477026,R_10,4905.873
1780477028,R_10,4905.798
1780477030,R_10,4905.646
1780477032,R_10,4905.766
1780477034,R_10,4905.779
1780477036,R_10,4905.738
1780477038,R_10,4906.014
1780477040,R_10,4906.081
1780477042,R_10,4906.075
1780477044,R_10,4906.082
1780477046,R_10,4905.969
1780477048,R_10,4905.874
1780477050,R_10,4905.949
1780477052,R_10,4905.952
1780477054,R_10,4905.93
1780477056,R_10,4905.994
1780477058,R_10,4906.116
1780477060,R_10,4905.969
1780477062,R_10,4906.002
1780477064,R_10,4906.119
1780477066,R_10,4906.166
1780477068,R_10,4906.04
1780477070,R_10,4906.119
1780477072,R_10,4906.226
1780477074,R_10,4906.433
1780477076,R_10,4906.473
1780477078,R_10,4906.647
1780477080,R_10,4906.784
1780477082,R_10,4906.742
1780477084,R_10,4906.831
1780477086,R_10,4906.771
1780477088,R_10,4906.769
1780477090,R_10,4906.77
1780477092,R_10,4906.745
1780477094,R_10,4906.666
1780477096,R_10,4906.586
1780477098,R_10,4906.443
1780477100,R_10,4906.545
1780477102,R_10,4906.592
1780477104,R_10,4906.512
1780477106,R_10,4906.607
1780477108,R_10,4906.81
1780477110,R_10,4906.832
1780477112,R_10,4906.858
1780477114,R_10,4907.081
1780477116,R_10,4907.093
1780477118,R_10,4907.318
1780477120,R_10,4907.365
1780477122,R_10,4907.403
1780477124,R_10,4907.634
1780477126,R_10,4907.546
1780477128,R_10,4907.506
1780477130,R_10,4907.47
1780477132,R_10,4907.419
1780477134,R_10,4907.208
1780477136,R_10,4907.159
1780477138,R_10,4907.033
1780477140,R_10,4907.16
1780477142,R_10,4907.105
1780477144,R_10,4907.512
1780477146,R_10,4907.54
1780477148,R_10,4907.679
1780477150,R_10,4907.728
1780477152,R_10,4907.67
1780477154,R_10,4907.95
1780477156,R_10,4907.874
1780477158,R_10,4907.854
1780477160,R_10,4907.834
