epoch,symbol,price
1780362354,R_10,4963.726
1780362356,R_10,4963.897
1780362358,R_10,4963.771
1780362360,R_10,4963.655
1780362362,R_10,4963.828
1780362364,R_10,4964.098
1780362366,R_10,4964.1
1780362368,R_10,4964.342
1780362370,R_10,4964.411
1780362372,R_10,4964.362
1780362374,R_10,4964.439
1780362376,R_10,4964.335
1780362378,R_10,4964.137
1780362380,R_10,4964.037
1780362382,R_10,4964.019
1780362384,R_10,4964.065
1780362386,R_10,4963.834
1780362388,R_10,4963.862
1780362390,R_10,4963.997
1780362392,R_10,4963.967
1780362394,R_10,4963.906
1780362396,R_10,4963.829
1780362398,R_10,4963.681
1780362400,R_10,4963.553
1780362402,R_10,4963.626
1780362404,R_10,4963.639
1780362406,R_10,4963.757
1780362408,R_10,4963.994
1780362410,R_10,4964.087
1780362412,R_10,4963.854
1780362414,R_10,4963.85
1780362416,R_10,4963.481
1780362418,R_10,4963.189
1780362420,R_10,4963.154
1780362422,R_10,4963.204
1780362424,R_10,4963.23
1780362426,R_10,4963.314
1780362428,R_10,4963.511
1780362430,R_10,4963.525
1780362432,R_10,4963.578
1780362434,R_10,4963.582
1780362436,R_10,4963.547
1780362438,R_10,4963.441
1780362440,R_10,4963.547
1780362442,R_10,4963.408
1780362444,R_10,4963.436
1780362446,R_10,4963.275
1780362448,R_10,4963.295
1780362450,R_10,4963.351
1780362452,R_10,4963.293
1780362454,R_10,4963.177
1780362456,R_10,4963.243
1780362458,R_10,4963.033
1780362460,R_10,4963.193
1780362462,R_10,4963.246
1780362464,R_10,4963.285
1780362466,R_10,4963.423
1780362468,R_10,4963.374
1780362470,R_10,4963.29
1780362472,R_10,4963.264
1780362474,R_10,4963.19
1780362476,R_10,4963.213
1780362478,R_10,4963.357
1780362480,R_10,4963.47
1780362482,R_10,4963.555
1780362484,R_10,4963.383
1780362486,R_10,4963.412
1780362488,R_10,4963.669
1780362490,R_10,4963.554
1780362492,R_10,4963.757
1780362494,R_10,4963.726
1780362496,R_10,4963.8
1780362498,R_10,4963.826
1780362500,R_10,4963.926
1780362502,R_10,4963.742
1780362504,R_10,4963.823
1780362506,R_10,4963.787
1780362508,R_10,4963.929
1780362510,R_10,4963.976
1780362512,R_10,4964.098
1780362514,R_10,4964.124
1780362516,R_10,4964.056
1780362518,R_10,4963.798
1780362520,R_10,4963.831
1780362522,R_10,4963.849
1780362524,R_10,4964.082
1780362526,R_10,4963.854
1780362528,R_10,4964.203
1780362530,R_10,4964.307
1780362532,R_10,4964.297
1780362534,R_10,4964.252
1780362536,R_10,4964.129
1780362538,R_10,4964.072
1780362540,R_10,4964.111
1780362542,R_10,4964.164
1780362544,R_10,4964.17
1780362546,R_10,4964.195
1780362548,R_10,4964.427
1780362550,R_10,4964.593
1780362552,R_10,4964.663
1780362554,R_10,4964.696
1780362556,R_10,4964.687
1780362558,R_10,4965.04
1780362560,R_10,4964.965
1780362562,R_10,4965.083
1780362564,R_10,4965.191
1780362566,R_10,4965.26
1780362568,R_10,4965.207
1780362570,R_10,4965.359
1780362572,R_10,4965.462
1780362574,R_10,4965.219
1780362576,R_10,4964.909
1780362578,R_10,4964.892
1780362580,R_10,4965.069
1780362582,R_10,4965.143
1780362584,R_10,4965.03
1780362586,R_10,4965.166
1780362588,R_10,4965.315
1780362590,R_10,4965.293
1780362592,R_10,4965.42
1780362594,R_10,4965.444
1780362596,R_10,4965.458
1780362598,R_10,4965.373
1780362600,R_10,4965.282
1780362602,R_10,4965.071
1780362604,R_10,4965.006
1780362606,R_10,4965.087
1780362608,R_10,4965.138
1780362610,R_10,4965.12
1780362612,R_10,4965.025
1780362614,R_10,4965.024
1780362616,R_10,4964.887
1780362618,R_10,4964.998
1780362620,R_10,4964.958
1780362622,R_10,4964.945
1780362624,R_10,4964.882
1780362626,R_10,4965.107
1780362628,R_10,4965.078
1780362630,R_10,4965.078
1780362632,R_10,4964.996
1780362634,R_10,4964.93
1780362636,R_10,4964.894
1780362638,R_10,4964.995
1780362640,R_10,4965.024
1780362642,R_10,4965.115
1780362644,R_10,4965.225
1780362646,R_10,4965.109
1780362648,R_10,4964.919
1780362650,R_10,4965.032
1780362652,R_10,4965.248
1780362654,R_10,4965.169
1780362656,R_10,4965.326
1780362658,R_10,4965.198
1780362660,R_10,4965.165
1780362662,R_10,4965.194
1780362664,R_10,4965.096
1780362666,R_10,4965.179
1780362668,R_10,4965.2
1780362670,R_10,4965.052
1780362672,R_10,4965.207
1780362674,R_10,4965.354
1780362676,R_10,4965.481
1780362678,R_10,4965.304
1780362680,R_10,4965.174
1780362682,R_10,4965.133
1780362684,R_10,4965.253
1780362686,R_10,4965.317
1780362688,R_10,4965.235
1780362690,R_10,4965.456
1780362692,R_10,4965.235
1780362694,R_10,4965.414
1780362696,R_10,4965.363
1780362698,R_10,4965.164
1780362700,R_10,4965.221
1780362702,R_10,4965.351
1780362704,R_10,4965.328
1780362706,R_10,4965.372
1780362708,R_10,4965.405
1780362710,R_10,4965.201
1780362712,R_10,4965.321
1780362714,R_10,4965.17
1780362716,R_10,4965.33
1780362718,R_10,4965.354
1780362720,R_10,4965.487
1780362722,R_10,4965.407
1780362724,R_10,4965.494
1780362726,R_10,4965.647
1780362728,R_10,4965.588
1780362730,R_10,4965.559
1780362732,R_10,4965.357
1780362734,R_10,4965.388
1780362736,R_10,4965.324
1780362738,R_10,4965.422
1780362740,R_10,4965.411
1780362742,R_10,4965.12
1780362744,R_10,4965.089
1780362746,R_10,4965.238
1780362748,R_10,4965.309
1780362750,R_10,4965.436
1780362752,R_10,4965.397
1780362754,R_10,4965.197
1780362756,R_10,4965.284
1780362758,R_10,4965.205
1780362760,R_10,4965.392
1780362762,R_10,4965.392
1780362764,R_10,4965.275
1780362766,R_10,4965.341
1780362768,R_10,4965.208
1780362770,R_10,4965.317
1780362772,R_10,4965.363
1780362774,R_10,4965.321
1780362776,R_10,4965.21
1780362778,R_10,4965.323
1780362780,R_10,4965.421
1780362782,R_10,4965.423
1780362784,R_10,4965.506
1780362786,R_10,4965.603
1780362788,R_10,4965.723
1780362790,R_10,4966.067
1780362792,R_10,4965.984
1780362794,R_10,4965.995
1780362796,R_10,4965.973
1780362798,R_10,4965.905
1780362800,R_10,4966.088
1780362802,R_10,4966.074
1780362804,R_10,4966.142
1780362806,R_10,4966.359
1780362808,R_10,4966.608
1780362810,R_10,4966.486
1780362812,R_10,4966.465
1780362814,R_10,4966.562
1780362816,R_10,4966.416
1780362818,R_10,4966.325
1780362820,R_10,4966.286
1780362822,R_10,4966.341
1780362824,R_10,4966.331
1780362826,R_10,4966.295
1780362828,R_10,4966.139
1780362830,R_10,4966.104
1780362832,R_10,4966.01
1780362834,R_10,4965.964
1780362836,R_10,4965.816
1780362838,R_10,4965.892
1780362840,R_10,4965.816
1780362842,R_10,4965.839
1780362844,R_10,4965.961
1780362846,R_10,4966.083
1780362848,R_10,4966.079
1780362850,R_10,4966.03
1780362852,R_10,4966.13
1780362854,R_10,4966.302
1780362856,R_10,4966.436
1780362858,R_10,4966.425
1780362860,R_10,4966.445
1780362862,R_10,4966.4
1780362864,R_10,4966.276
1780362866,R_10,4966.076
1780362868,R_10,4965.947
1780362870,R_10,4965.813
1780362872,R_10,4965.859
1780362874,R_10,4965.962
1780362876,R_10,4965.858
1780362878,R_10,4966.144
1780362880,R_10,4966.225
1780362882,R_10,4966.262
1780362884,R_10,4966.148
1780362886,R_10,4966.215
1780362888,R_10,4966.212
1780362890,R_10,4966.256
1780362892,R_10,4966.238
1780362894,R_10,4966.432
1780362896,R_10,4966.307
1780362898,R_10,4966.385
1780362900,R_10,4966.383
1780362902,R_10,4966.449
1780362904,R_10,4966.328
1780362906,R_10,4966.232
1780362908,R_10,4966.491
1780362910,R_10,4966.651
1780362912,R_10,4966.704
1780362914,R_10,4966.753
1780362916,R_10,4966.874
1780362918,R_10,4966.735
1780362920,R_10,4966.569
1780362922,R_10,4966.801
1780362924,R_10,4966.722
1780362926,R_10,4966.681
1780362928,R_10,4966.637
1780362930,R_10,4966.695
1780362932,R_10,4966.868
1780362934,R_10,4967.179
1780362936,R_10,4967.202
1780362938,R_10,4967.163
1780362940,R_10,4967.182
1780362942,R_10,4967.3
1780362944,R_10,4967.267
1780362946,R_10,4967.398
1780362948,R_10,4967.421
1780362950,R_10,4967.486
1780362952,R_10,4967.368
1780362954,R_10,4967.253
1780362956,R_10,4967.428
1780362958,R_10,4967.264
1780362960,R_10,4967.136
1780362962,R_10,4967.049
1780362964,R_10,4967.059
1780362966,R_10,4967.287
1780362968,R_10,4967.432
1780362970,R_10,4967.516
1780362972,R_10,4967.533
1780362974,R_10,4967.41
1780362976,R_10,4967.401
1780362978,R_10,4967.486
1780362980,R_10,4967.388
1780362982,R_10,4967.486
1780362984,R_10,4967.496
1780362986,R_10,4967.525
1780362988,R_10,4967.54
1780362990,R_10,4967.473
1780362992,R_10,4967.407
1780362994,R_10,4967.398
1780362996,R_10,4967.526
1780362998,R_10,4967.41
1780363000,R_10,4967.57
1780363002,R_10,4967.516
1780363004,R_10,4967.535
1780363006,R_10,4967.435
1780363008,R_10,4967.432
1780363010,R_10,4967.372
1780363012,R_10,4967.196
1780363014,R_10,4967.19
1780363016,R_10,4967.242
1780363018,R_10,4967.097
1780363020,R_10,4967.016
1780363022,R_10,4966.945
1780363024,R_10,4966.962
1780363026,R_10,4967.05
1780363028,R_10,4967.024
1780363030,R_10,4967.173
1780363032,R_10,4967.132
1780363034,R_10,4967.021
1780363036,R_10,4967.147
1780363038,R_10,4966.854
1780363040,R_10,4966.777
1780363042,R_10,4966.83
1780363044,R_10,4966.848
1780363046,R_10,4966.792
1780363048,R_10,4966.93
1780363050,R_10,4966.869
1780363052,R_10,4966.773
1780363054,R_10,4966.968
1780363056,R_10,4966.752
1780363058,R_10,4966.788
1780363060,R_10,4966.866
1780363062,R_10,4966.887
1780363064,R_10,4966.931
1780363066,R_10,4966.979
1780363068,R_10,4967.033
1780363070,R_10,4967.057
1780363072,R_10,4967.09
1780363074,R_10,4967.202
1780363076,R_10,4967.247
1780363078,R_10,4967.087
1780363080,R_10,4966.942
1780363082,R_10,4966.837
1780363084,R_10,4966.969
1780363086,R_10,4966.968
1780363088,R_10,4967.048
1780363090,R_10,4967.047
1780363092,R_10,4966.813
1780363094,R_10,4966.818
1780363096,R_10,4966.848
1780363098,R_10,4966.848
1780363100,R_10,4966.779
1780363102,R_10,4966.924
1780363104,R_10,4966.783
1780363106,R_10,4966.657
1780363108,R_10,4966.667
1780363110,R_10,4966.491
1780363112,R_10,4966.252
1780363114,R_10,4966.489
1780363116,R_10,4966.418
1780363118,R_10,4966.549
1780363120,R_10,4966.666
1780363122,R_10,4966.464
1780363124,R_10,4966.382
1780363126,R_10,4966.551
1780363128,R_10,4966.628
1780363130,R_10,4966.88
1780363132,R_10,4966.951
1780363134,R_10,4966.79
1780363136,R_10,4966.792
1780363138,R_10,4966.905
1780363140,R_10,4966.891
1780363142,R_10,4966.971
1780363144,R_10,4966.91
1780363146,R_10,4966.933
1780363148,R_10,4966.95
1780363150,R_10,4966.97
1780363152,R_10,4966.786
1780363154,R_10,4966.762
1780363156,R_10,4966.913
1780363158,R_10,4966.905
1780363160,R_10,4966.753
1780363162,R_10,4966.759
1780363164,R_10,4966.685
1780363166,R_10,4966.709
1780363168,R_10,4966.798
1780363170,R_10,4966.908
1780363172,R_10,4967.182
1780363174,R_10,4967.453
1780363176,R_10,4967.363
1780363178,R_10,4967.416
1780363180,R_10,4967.329
1780363182,R_10,4967.332
1780363184,R_10,4967.295
1780363186,R_10,4967.1
1780363188,R_10,4967.235
1780363190,R_10,4967.211
1780363192,R_10,4967.335
1780363194,R_10,4967.483
1780363196,R_10,4967.453
1780363198,R_10,4967.336
1780363200,R_10,4967.332
1780363202,R_10,4967.22
1780363204,R_10,4967.175
1780363206,R_10,4967.054
1780363208,R_10,4967.033
1780363210,R_10,4966.91
1780363212,R_10,4966.9
1780363214,R_10,4966.884
1780363216,R_10,4966.677
1780363218,R_10,4966.757
1780363220,R_10,4966.695
1780363222,R_10,4966.895
1780363224,R_10,4966.644
1780363226,R_10,4966.524
1780363228,R_10,4966.387
1780363230,R_10,4966.407
1780363232,R_10,4966.422
1780363234,R_10,4966.474
1780363236,R_10,4966.629
1780363238,R_10,4966.596
1780363240,R_10,4966.454
1780363242,R_10,4966.608
1780363244,R_10,4966.481
1780363246,R_10,4966.446
1780363248,R_10,4966.415
1780363250,R_10,4966.41
1780363252,R_10,4966.155
1780363254,R_10,4966.249
1780363256,R_10,4966.108
1780363258,R_10,4966.023
1780363260,R_10,4965.987
1780363262,R_10,4965.917
1780363264,R_10,4966.084
1780363266,R_10,4966.14
1780363268,R_10,4965.919
1780363270,R_10,4965.665
1780363272,R_10,4965.643
1780363274,R_10,4965.598
1780363276,R_10,4965.572
1780363278,R_10,4965.632
1780363280,R_10,4965.573
1780363282,R_10,4965.879
1780363284,R_10,4965.805
1780363286,R_10,4965.874
1780363288,R_10,4965.885
1780363290,R_10,4966.032
1780363292,R_10,4966.06
1780363294,R_10,4966.246
1780363296,R_10,4966.342
1780363298,R_10,4966.489
1780363300,R_10,4966.684
1780363302,R_10,4966.736
1780363304,R_10,4966.654
1780363306,R_10,4966.583
1780363308,R_10,4966.58
1780363310,R_10,4966.62
1780363312,R_10,4966.605
1780363314,R_10,4966.655
1780363316,R_10,4966.602
1780363318,R_10,4966.657
1780363320,R_10,4966.541
1780363322,R_10,4966.513
1780363324,R_10,4966.585
1780363326,R_10,4966.424
1780363328,R_10,4966.485
1780363330,R_10,4966.478
1780363332,R_10,4966.335
1780363334,R_10,4966.44
1780363336,R_10,4966.405
1780363338,R_10,4966.465
1780363340,R_10,4966.292
1780363342,R_10,4966.244
1780363344,R_10,4966.23
1780363346,R_10,4966.225
1780363348,R_10,4966.165
1780363350,R_10,4966.246
1780363352,R_10,4966.164
1780363354,R_10,4965.873
1780363356,R_10,4965.836
1780363358,R_10,4966.023
1780363360,R_10,4965.934
1780363362,R_10,4965.989
1780363364,R_10,4965.903
1780363366,R_10,4966.033
1780363368,R_10,4966.008
1780363370,R_10,4966.088
1780363372,R_10,4966.171
1780363374,R_10,4966.138
1780363376,R_10,4966.093
1780363378,R_10,4965.996
1780363380,R_10,4965.978
1780363382,R_10,4965.976
1780363384,R_10,4965.701
1780363386,R_10,4965.518
1780363388,R_10,4965.465
1780363390,R_10,4965.377
1780363392,R_10,4965.211
1780363394,R_10,4965.406
1780363396,R_10,4965.634
1780363398,R_10,4965.734
1780363400,R_10,4965.672
1780363402,R_10,4965.582
1780363404,R_10,4965.608
1780363406,R_10,4965.557
1780363408,R_10,4965.518
1780363410,R_10,4965.47
1780363412,R_10,4965.406
1780363414,R_10,4965.29
1780363416,R_10,4965.475
1780363418,R_10,4965.513
1780363420,R_10,4965.459
1780363422,R_10,4965.573
1780363424,R_10,4965.582
1780363426,R_10,4965.774
1780363428,R_10,4965.863
1780363430,R_10,4965.79
1780363432,R_10,4965.844
1780363434,R_10,4965.918
1780363436,R_10,4965.956
1780363438,R_10,4965.707
1780363440,R_10,4965.787
1780363442,R_10,4965.844
1780363444,R_10,4965.687
1780363446,R_10,4965.737
1780363448,R_10,4965.852
1780363450,R_10,4965.577
1780363452,R_10,4965.498
1780363454,R_10,4965.342
1780363456,R_10,4965.165
1780363458,R_10,4965.16
1780363460,R_10,4965.142
1780363462,R_10,4965.149
1780363464,R_10,4965.143
1780363466,R_10,4964.938
1780363468,R_10,4964.843
1780363470,R_10,4964.927
1780363472,R_10,4965.07
1780363474,R_10,4965.042
1780363476,R_10,4965.073
1780363478,R_10,4964.96
1780363480,R_10,4965.08
1780363482,R_10,4964.978
1780363484,R_10,4965.097
1780363486,R_10,4965.192
1780363488,R_10,4965.133
1780363490,R_10,4964.952
1780363492,R_10,4964.786
1780363494,R_10,4964.951
1780363496,R_10,4964.754
1780363498,R_10,4964.576
1780363500,R_10,4964.727
1780363502,R_10,4964.673
1780363504,R_10,4964.487
1780363506,R_10,4964.227
1780363508,R_10,4964.472
1780363510,R_10,4964.299
1780363512,R_10,4964.232
1780363514,R_10,4964.048
1780363516,R_10,4963.965
1780363518,R_10,4964.275
1780363520,R_10,4964.341
1780363522,R_10,4964.26
1780363524,R_10,4964.414
1780363526,R_10,4964.228
1780363528,R_10,4964.164
1780363530,R_10,4964.029
1780363532,R_10,4963.896
1780363534,R_10,4964.002
1780363536,R_10,4963.816
1780363538,R_10,4963.89
1780363540,R_10,4963.902
1780363542,R_10,4963.946
1780363544,R_10,4963.862
1780363546,R_10,4963.99
1780363548,R_10,4963.967
1780363550,R_10,4963.971
1780363552,R_10,4964.109
1780363554,R_10,4963.992
1780363556,R_10,4963.831
1780363558,R_10,4963.694
1780363560,R_10,4963.708
1780363562,R_10,4963.621
1780363564,R_10,4963.415
1780363566,R_10,4963.211
1780363568,R_10,4963.145
1780363570,R_10,4963.11
1780363572,R_10,4963.146
1780363574,R_10,4963.091
1780363576,R_10,4962.911
1780363578,R_10,4962.933
1780363580,R_10,4962.884
1780363582,R_10,4962.807
1780363584,R_10,4963.023
1780363586,R_10,4962.977
1780363588,R_10,4963.021
1780363590,R_10,4962.951
1780363592,R_10,4962.972
1780363594,R_10,4963.027
1780363596,R_10,4963.11
1780363598,R_10,4963.07
1780363600,R_10,4963.037
1780363602,R_10,4963.036
1780363604,R_10,4962.916
1780363606,R_10,4962.909
1780363608,R_10,4962.764
1780363610,R_10,4962.745
1780363612,R_10,4962.735
1780363614,R_10,4962.73
1780363616,R_10,4962.623
1780363618,R_10,4962.565
1780363620,R_10,4962.614
1780363622,R_10,4962.629
1780363624,R_10,4962.696
1780363626,R_10,4962.795
1780363628,R_10,4962.703
1780363630,R_10,4962.776
1780363632,R_10,4962.778
1780363634,R_10,4962.759
1780363636,R_10,4962.802
1780363638,R_10,4962.685
1780363640,R_10,4962.7
1780363642,R_10,4962.62
1780363644,R_10,4962.645
1780363646,R_10,4962.849
1780363648,R_10,4962.884
1780363650,R_10,4962.653
1780363652,R_10,4962.803
1780363654,R_10,4962.729
1780363656,R_10,4962.782
1780363658,R_10,4962.944
1780363660,R_10,4962.981
1780363662,R_10,4963.086
1780363664,R_10,4962.89
1780363666,R_10,4963.117
1780363668,R_10,4963.18
1780363670,R_10,4962.957
1780363672,R_10,4962.866
1780363674,R_10,4962.759
1780363676,R_10,4963.029
1780363678,R_10,4963.104
1780363680,R_10,4963.286
1780363682,R_10,4963.396
1780363684,R_10,4963.443
1780363686,R_10,4963.594
1780363688,R_10,4963.604
1780363690,R_10,4963.585
1780363692,R_10,4963.598
1780363694,R_10,4963.67
1780363696,R_10,4963.972
1780363698,R_10,4964.097
1780363700,R_10,4964.129
1780363702,R_10,4964.123
1780363704,R_10,4963.993
1780363706,R_10,4964.244
1780363708,R_10,4964.266
1780363710,R_10,4964.22
1780363712,R_10,4964.128
1780363714,R_10,4964.092
1780363716,R_10,4964.13
1780363718,R_10,4964.206
1780363720,R_10,4963.965
1780363722,R_10,4963.796
1780363724,R_10,4963.689
1780363726,R_10,4963.725
1780363728,R_10,4963.584
1780363730,R_10,4963.336
1780363732,R_10,4963.137
1780363734,R_10,4963.424
1780363736,R_10,4963.501
1780363738,R_10,4963.479
1780363740,R_10,4963.624
1780363742,R_10,4963.639
1780363744,R_10,4963.81
1780363746,R_10,4963.718
1780363748,R_10,4963.427
1780363750,R_10,4963.583
1780363752,R_10,4963.478
1780363754,R_10,4963.661
1780363756,R_10,4963.766
1780363758,R_10,4963.899
1780363760,R_10,4963.575
1780363762,R_10,4963.622
1780363764,R_10,4963.613
1780363766,R_10,4963.823
1780363768,R_10,4963.995
1780363770,R_10,4963.983
1780363772,R_10,4964.026
1780363774,R_10,4964.067
1780363776,R_10,4964.173
1780363778,R_10,4964.095
1780363780,R_10,4963.791
1780363782,R_10,4963.854
1780363784,R_10,4963.793
1780363786,R_10,4963.718
1780363788,R_10,4963.78
1780363790,R_10,4963.721
1780363792,R_10,4963.742
1780363794,R_10,4963.592
1780363796,R_10,4963.418
1780363798,R_10,4963.451
1780363800,R_10,4963.383
1780363802,R_10,4963.449
1780363804,R_10,4963.456
1780363806,R_10,4963.239
1780363808,R_10,4963.411
1780363810,R_10,4963.199
1780363812,R_10,4963.231
1780363814,R_10,4963.14
1780363816,R_10,4963.031
1780363818,R_10,4963.108
1780363820,R_10,4963.089
1780363822,R_10,4963.062
1780363824,R_10,4963.16
1780363826,R_10,4963.41
1780363828,R_10,4963.39
1780363830,R_10,4963.45
1780363832,R_10,4963.743
1780363834,R_10,4963.885
1780363836,R_10,4964.121
1780363838,R_10,4964.077
1780363840,R_10,4964.183
1780363842,R_10,4964.231
1780363844,R_10,4964.379
1780363846,R_10,4964.445
1780363848,R_10,4964.537
1780363850,R_10,4964.655
1780363852,R_10,4964.37
1780363854,R_10,4964.295
1780363856,R_10,4964.187
1780363858,R_10,4964.238
1780363860,R_10,4964.353
1780363862,R_10,4964.14
1780363864,R_10,4964.069
1780363866,R_10,4963.937
1780363868,R_10,4964.012
1780363870,R_10,4964.113
1780363872,R_10,4964.043
1780363874,R_10,4963.906
1780363876,R_10,4963.932
1780363878,R_10,4963.759
1780363880,R_10,4963.625
1780363882,R_10,4963.684
1780363884,R_10,4963.809
1780363886,R_10,4963.731
1780363888,R_10,4963.683
1780363890,R_10,4963.634
1780363892,R_10,4963.635
1780363894,R_10,4963.594
1780363896,R_10,4963.677
1780363898,R_10,4963.594
1780363900,R_10,4963.598
1780363902,R_10,4963.625
1780363904,R_10,4963.561
1780363906,R_10,4963.727
1780363908,R_10,4963.764
1780363910,R_10,4963.677
1780363912,R_10,4963.65
1780363914,R_10,4963.805
1780363916,R_10,4963.717
1780363918,R_10,4963.676
1780363920,R_10,4963.682
1780363922,R_10,4963.869
1780363924,R_10,4963.897
1780363926,R_10,4963.88
1780363928,R_10,4964.062
1780363930,R_10,4964.105
1780363932,R_10,4964.018
1780363934,R_10,4963.885
1780363936,R_10,4963.969
1780363938,R_10,4964.021
1780363940,R_10,4964.204
1780363942,R_10,4964.454
1780363944,R_10,4964.598
1780363946,R_10,4964.6
1780363948,R_10,4964.509
1780363950,R_10,4964.423
1780363952,R_10,4964.282
1780363954,R_10,4964.184
1780363956,R_10,4964.324
1780363958,R_10,4964.37
1780363960,R_10,4964.434
1780363962,R_10,4964.536
1780363964,R_10,4964.547
1780363966,R_10,4964.564
1780363968,R_10,4964.721
1780363970,R_10,4964.619
1780363972,R_10,4964.661
1780363974,R_10,4964.579
1780363976,R_10,4964.584
1780363978,R_10,4964.773
1780363980,R_10,4964.831
1780363982,R_10,4964.738
1780363984,R_10,4964.716
1780363986,R_10,4964.842
1780363988,R_10,4965.102
1780363990,R_10,4964.99
1780363992,R_10,4965.015
1780363994,R_10,4964.983
1780363996,R_10,4964.931
1780363998,R_10,4964.94
1780364000,R_10,4965.008
1780364002,R_10,4965.014
1780364004,R_10,4964.943
1780364006,R_10,4964.966
1780364008,R_10,4964.917
1780364010,R_10,4964.744
1780364012,R_10,4964.764
1780364014,R_10,4964.986
1780364016,R_10,4965.05
1780364018,R_10,4964.957
1780364020,R_10,4964.917
1780364022,R_10,4965.095
1780364024,R_10,4965.183
1780364026,R_10,4965.088
1780364028,R_10,4965.239
1780364030,R_10,4965.36
1780364032,R_10,4965.346
1780364034,R_10,4965.374
1780364036,R_10,4965.508
1780364038,R_10,4965.302
1780364040,R_10,4965.337
1780364042,R_10,4965.523
1780364044,R_10,4965.608
1780364046,R_10,4965.692
1780364048,R_10,4965.703
1780364050,R_10,4965.698
1780364052,R_10,4965.846
1780364054,R_10,4965.851
1780364056,R_10,4965.858
1780364058,R_10,4965.709
1780364060,R_10,4965.928
1780364062,R_10,4965.957
1780364064,R_10,4966.045
1780364066,R_10,4966.154
1780364068,R_10,4966.308
1780364070,R_10,4966.222
1780364072,R_10,4966.179
1780364074,R_10,4966.215
1780364076,R_10,4966.275
1780364078,R_10,4966.252
1780364080,R_10,4966.45
1780364082,R_10,4966.41
1780364084,R_10,4966.497
1780364086,R_10,4966.538
1780364088,R_10,4966.485
1780364090,R_10,4966.495
1780364092,R_10,4966.557
1780364094,R_10,4966.723
1780364096,R_10,4966.72
1780364098,R_10,4966.562
1780364100,R_10,4966.561
1780364102,R_10,4966.686
1780364104,R_10,4966.679
1780364106,R_10,4966.937
1780364108,R_10,4966.96
1780364110,R_10,4967.058
1780364112,R_10,4966.866
1780364114,R_10,4966.656
1780364116,R_10,4966.719
1780364118,R_10,4966.524
1780364120,R_10,4966.556
1780364122,R_10,4966.623
1780364124,R_10,4966.661
1780364126,R_10,4966.598
1780364128,R_10,4966.888
1780364130,R_10,4966.91
1780364132,R_10,4966.849
1780364134,R_10,4966.999
1780364136,R_10,4966.987
1780364138,R_10,4966.894
1780364140,R_10,4967.059
1780364142,R_10,4967.152
1780364144,R_10,4967.347
1780364146,R_10,4967.396
1780364148,R_10,4967.591
1780364150,R_10,4967.598
1780364152,R_10,4967.358
1780364154,R_10,4967.207
1780364156,R_10,4967.391
1780364158,R_10,4967.503
1780364160,R_10,4967.484
1780364162,R_10,4967.621
1780364164,R_10,4967.657
1780364166,R_10,4967.646
1780364168,R_10,4967.59
1780364170,R_10,4967.87
1780364172,R_10,4968.058
1780364174,R_10,4968.307
1780364176,R_10,4968.238
1780364178,R_10,4968.084
1780364180,R_10,4968.067
1780364182,R_10,4968.134
1780364184,R_10,4968.129
1780364186,R_10,4968.208
1780364188,R_10,4968.2
1780364190,R_10,4968.199
1780364192,R_10,4968.176
1780364194,R_10,4968.144
1780364196,R_10,4968.088
1780364198,R_10,4968.055
1780364200,R_10,4967.841
1780364202,R_10,4967.951
1780364204,R_10,4968.082
1780364206,R_10,4967.835
1780364208,R_10,4967.623
1780364210,R_10,4967.534
1780364212,R_10,4967.479
1780364214,R_10,4967.506
1780364216,R_10,4967.45
1780364218,R_10,4967.552
1780364220,R_10,4967.269
1780364222,R_10,4967.053
1780364224,R_10,4967.279
1780364226,R_10,4967.121
1780364228,R_10,4967.244
1780364230,R_10,4967.354
1780364232,R_10,4967.285
1780364234,R_10,4967.603
1780364236,R_10,4967.614
1780364238,R_10,4967.794
1780364240,R_10,4967.642
1780364242,R_10,4967.375
1780364244,R_10,4967.512
1780364246,R_10,4967.458
1780364248,R_10,4967.366
1780364250,R_10,4967.419
1780364252,R_10,4967.206
1780364254,R_10,4967.314
1780364256,R_10,4967.456
1780364258,R_10,4967.528
1780364260,R_10,4967.622
1780364262,R_10,4967.568
1780364264,R_10,4967.67
1780364266,R_10,4967.593
1780364268,R_10,4967.698
1780364270,R_10,4967.822
1780364272,R_10,4967.898
1780364274,R_10,4967.731
1780364276,R_10,4967.938
1780364278,R_10,4968.096
1780364280,R_10,4968.215
1780364282,R_10,4968.441
1780364284,R_10,4968.564
1780364286,R_10,4968.495
1780364288,R_10,4968.455
1780364290,R_10,4968.419
1780364292,R_10,4968.394
1780364294,R_10,4968.316
1780364296,R_10,4968.255
1780364298,R_10,4968.03
1780364300,R_10,4967.987
1780364302,R_10,4968.006
1780364304,R_10,4968.119
1780364306,R_10,4967.941
1780364308,R_10,4968.033
1780364310,R_10,4968.186
1780364312,R_10,4968.187
1780364314,R_10,4968.192
1780364316,R_10,4967.98
1780364318,R_10,4967.738
1780364320,R_10,4967.789
1780364322,R_10,4967.483
1780364324,R_10,4967.536
1780364326,R_10,4967.532
1780364328,R_10,4967.829
1780364330,R_10,4967.83
1780364332,R_10,4967.989
1780364334,R_10,4967.981
1780364336,R_10,4968.12
1780364338,R_10,4968.053
1780364340,R_10,4967.983
1780364342,R_10,4968.148
1780364344,R_10,4968.029
1780364346,R_10,4968.081
1780364348,R_10,4967.902
1780364350,R_10,4967.775
1780364352,R_10,4967.39
1780364354,R_10,4967.347
1780364356,R_10,4967.185
1780364358,R_10,4967.526
1780364360,R_10,4967.617
1780364362,R_10,4967.895
1780364364,R_10,4967.989
1780364366,R_10,4968.032
1780364368,R_10,4967.948
1780364370,R_10,4967.928
1780364372,R_10,4968.066
1780364374,R_10,4968.167
1780364376,R_10,4968.145
1780364378,R_10,4968.191
1780364380,R_10,4968.239
1780364382,R_10,4968.261
1780364384,R_10,4968.514
1780364386,R_10,4968.476
1780364388,R_10,4968.531
1780364390,R_10,4968.507
1780364392,R_10,4968.734
1780364394,R_10,4968.68
1780364396,R_10,4968.635
1780364398,R_10,4968.722
1780364400,R_10,4968.713
1780364402,R_10,4968.784
1780364404,R_10,4968.711
1780364406,R_10,4968.598
1780364408,R_10,4968.428
1780364410,R_10,4968.444
1780364412,R_10,4968.376
1780364414,R_10,4968.349
1780364416,R_10,4968.34
1780364418,R_10,4968.459
1780364420,R_10,4968.357
1780364422,R_10,4968.325
1780364424,R_10,4968.243
1780364426,R_10,4968.17
1780364428,R_10,4968.193
1780364430,R_10,4968.282
1780364432,R_10,4968.497
1780364434,R_10,4968.568
1780364436,R_10,4968.653
1780364438,R_10,4968.753
1780364440,R_10,4968.734
1780364442,R_10,4968.84
1780364444,R_10,4968.812
1780364446,R_10,4968.923
1780364448,R_10,4968.595
1780364450,R_10,4968.617
1780364452,R_10,4968.569
1780364454,R_10,4968.413
1780364456,R_10,4968.251
1780364458,R_10,4968.303
1780364460,R_10,4968.507
1780364462,R_10,4968.506
1780364464,R_10,4968.412
1780364466,R_10,4968.394
1780364468,R_10,4968.367
1780364470,R_10,4968.724
1780364472,R_10,4968.58
1780364474,R_10,4968.595
1780364476,R_10,4968.775
1780364478,R_10,4968.642
1780364480,R_10,4968.619
1780364482,R_10,4968.725
1780364484,R_10,4968.514
1780364486,R_10,4968.452
1780364488,R_10,4968.268
1780364490,R_10,4968.102
1780364492,R_10,4968.041
1780364494,R_10,4967.803
1780364496,R_10,4967.878
1780364498,R_10,4967.92
1780364500,R_10,4968.162
1780364502,R_10,4968.242
1780364504,R_10,4968.367
1780364506,R_10,4968.407
1780364508,R_10,4968.475
1780364510,R_10,4968.42
1780364512,R_10,4968.523
1780364514,R_10,4968.441
1780364516,R_10,4968.574
1780364518,R_10,4968.454
1780364520,R_10,4968.396
1780364522,R_10,4968.34
1780364524,R_10,4968.187
1780364526,R_10,4968.324
1780364528,R_10,4968.284
1780364530,R_10,4968.171
1780364532,R_10,4968.244
1780364534,R_10,4968.347
1780364536,R_10,4968.494
1780364538,R_10,4968.603
1780364540,R_10,4968.717
1780364542,R_10,4968.82
1780364544,R_10,4968.642
1780364546,R_10,4968.7
1780364548,R_10,4968.7
1780364550,R_10,4968.684
1780364552,R_10,4968.594
1780364554,R_10,4968.524
1780364556,R_10,4968.59
1780364558,R_10,4968.737
1780364560,R_10,4968.744
1780364562,R_10,4968.724
1780364564,R_10,4969.033
1780364566,R_10,4969.152
1780364568,R_10,4969.054
1780364570,R_10,4968.934
1780364572,R_10,4969.023
1780364574,R_10,4969.203
1780364576,R_10,4969.262
1780364578,R_10,4969.182
1780364580,R_10,4969.079
1780364582,R_10,4969.288
1780364584,R_10,4969.193
1780364586,R_10,4969.342
1780364588,R_10,4969.221
1780364590,R_10,4969.261
1780364592,R_10,4969.173
1780364594,R_10,4969.19
1780364596,R_10,4969.367
1780364598,R_10,4969.366
1780364600,R_10,4969.468
1780364602,R_10,4969.51
1780364604,R_10,4969.631
1780364606,R_10,4969.635
1780364608,R_10,4969.414
1780364610,R_10,4969.286
1780364612,R_10,4969.25
1780364614,R_10,4969.376
1780364616,R_10,4969.411
1780364618,R_10,4969.447
1780364620,R_10,4969.351
1780364622,R_10,4969.448
1780364624,R_10,4969.463
1780364626,R_10,4969.304
1780364628,R_10,4969.16
1780364630,R_10,4969.065
1780364632,R_10,4968.98
1780364634,R_10,4968.924
1780364636,R_10,4968.924
1780364638,R_10,4968.743
1780364640,R_10,4968.664
1780364642,R_10,4968.628
1780364644,R_10,4968.686
1780364646,R_10,4968.85
1780364648,R_10,4968.786
1780364650,R_10,4968.728
1780364652,R_10,4968.457
1780364654,R_10,4968.492
1780364656,R_10,4968.462
1780364658,R_10,4968.612
1780364660,R_10,4968.815
1780364662,R_10,4968.992
1780364664,R_10,4968.898
1780364666,R_10,4968.919
1780364668,R_10,4968.814
1780364670,R_10,4968.842
1780364672,R_10,4968.998
1780364674,R_10,4968.854
1780364676,R_10,4968.74
1780364678,R_10,4968.945
1780364680,R_10,4968.7
1780364682,R_10,4968.78
1780364684,R_10,4969.074
1780364686,R_10,4969.314
1780364688,R_10,4969.208
1780364690,R_10,4969.071
1780364692,R_10,4969.14
1780364694,R_10,4968.878
1780364696,R_10,4968.718
1780364698,R_10,4968.561
1780364700,R_10,4968.768
1780364702,R_10,4968.865
1780364704,R_10,4968.897
1780364706,R_10,4968.739
1780364708,R_10,4968.715
1780364710,R_10,4968.66
1780364712,R_10,4968.62
1780364714,R_10,4968.525
1780364716,R_10,4968.49
1780364718,R_10,4968.433
1780364720,R_10,4968.531
1780364722,R_10,4968.535
1780364724,R_10,4968.538
1780364726,R_10,4968.476
1780364728,R_10,4968.337
1780364730,R_10,4968.211
1780364732,R_10,4968.347
1780364734,R_10,4968.233
1780364736,R_10,4968.327
1780364738,R_10,4968.344
1780364740,R_10,4968.379
1780364742,R_10,4968.34
1780364744,R_10,4968.297
1780364746,R_10,4968.219
1780364748,R_10,4968.448
1780364750,R_10,4968.465
1780364752,R_10,4968.629
1780364754,R_10,4968.741
1780364756,R_10,4968.573
1780364758,R_10,4968.842
1780364760,R_10,4968.809
1780364762,R_10,4968.918
1780364764,R_10,4968.926
1780364766,R_10,4968.755
1780364768,R_10,4968.743
1780364770,R_10,4968.648
1780364772,R_10,4968.784
1780364774,R_10,4968.779
1780364776,R_10,4968.836
1780364778,R_10,4968.79
1780364780,R_10,4968.624
1780364782,R_10,4968.668
1780364784,R_10,4968.667
1780364786,R_10,4968.644
1780364788,R_10,4968.415
1780364790,R_10,4968.422
1780364792,R_10,4968.64
1780364794,R_10,4968.752
1780364796,R_10,4968.732
1780364798,R_10,4968.776
1780364800,R_10,4968.648
1780364802,R_10,4968.502
1780364804,R_10,4968.468
1780364806,R_10,4968.389
1780364808,R_10,4968.4
1780364810,R_10,4968.441
1780364812,R_10,4968.305
1780364814,R_10,4968.339
1780364816,R_10,4968.204
1780364818,R_10,4968.391
1780364820,R_10,4968.469
1780364822,R_10,4968.639
1780364824,R_10,4968.907
1780364826,R_10,4968.92
1780364828,R_10,4968.935
1780364830,R_10,4968.833
1780364832,R_10,4968.732
1780364834,R_10,4968.51
1780364836,R_10,4968.49
1780364838,R_10,4968.639
1780364840,R_10,4968.714
1780364842,R_10,4968.892
1780364844,R_10,4968.785
1780364846,R_10,4968.832
1780364848,R_10,4968.911
1780364850,R_10,4968.846
1780364852,R_10,4969.06
1780364854,R_10,4969.019
1780364856,R_10,4969.089
1780364858,R_10,4969.15
1780364860,R_10,4969.212
1780364862,R_10,4969.473
1780364864,R_10,4969.387
1780364866,R_10,4969.183
1780364868,R_10,4969.1
1780364870,R_10,4969.182
1780364872,R_10,4969.003
1780364874,R_10,4968.786
1780364876,R_10,4968.935
1780364878,R_10,4968.755
1780364880,R_10,4968.848
1780364882,R_10,4968.8
1780364884,R_10,4968.827
1780364886,R_10,4969.027
1780364888,R_10,4969.131
1780364890,R_10,4969.155
1780364892,R_10,4969.031
1780364894,R_10,4969.036
1780364896,R_10,4968.876
1780364898,R_10,4968.87
1780364900,R_10,4968.727
1780364902,R_10,4968.944
1780364904,R_10,4968.967
1780364906,R_10,4968.95
1780364908,R_10,4969.142
1780364910,R_10,4968.969
1780364912,R_10,4968.935
1780364914,R_10,4968.873
1780364916,R_10,4969.011
1780364918,R_10,4968.805
1780364920,R_10,4968.602
1780364922,R_10,4968.645
1780364924,R_10,4968.44
1780364926,R_10,4968.253
1780364928,R_10,4968.33
1780364930,R_10,4968.445
1780364932,R_10,4968.555
1780364934,R_10,4968.537
1780364936,R_10,4968.529
1780364938,R_10,4968.454
1780364940,R_10,4968.167
1780364942,R_10,4968.109
1780364944,R_10,4967.943
1780364946,R_10,4967.87
1780364948,R_10,4968.021
1780364950,R_10,4968.133
1780364952,R_10,4968.18
1780364954,R_10,4968.366
1780364956,R_10,4968.368
1780364958,R_10,4968.451
1780364960,R_10,4968.577
1780364962,R_10,4968.457
1780364964,R_10,4968.194
1780364966,R_10,4968.25
1780364968,R_10,4968.23
1780364970,R_10,4968.253
1780364972,R_10,4968.257
1780364974,R_10,4968.37
1780364976,R_10,4968.332
1780364978,R_10,4968.287
1780364980,R_10,4968.3
1780364982,R_10,4968.217
1780364984,R_10,4968.269
1780364986,R_10,4968.07
1780364988,R_10,4968.097
1780364990,R_10,4968.111
1780364992,R_10,4967.851
1780364994,R_10,4968.088
1780364996,R_10,4967.995
1780364998,R_10,4967.849
1780365000,R_10,4967.666
1780365002,R_10,4967.63
1780365004,R_10,4967.437
1780365006,R_10,4967.423
1780365008,R_10,4967.509
1780365010,R_10,4967.604
1780365012,R_10,4967.596
1780365014,R_10,4967.516
1780365016,R_10,4967.489
1780365018,R_10,4967.464
1780365020,R_10,4967.406
1780365022,R_10,4967.385
1780365024,R_10,4967.337
1780365026,R_10,4967.428
1780365028,R_10,4967.187
1780365030,R_10,4967.283
1780365032,R_10,4967.577
1780365034,R_10,4967.531
1780365036,R_10,4967.542
1780365038,R_10,4967.425
1780365040,R_10,4967.415
1780365042,R_10,4967.278
1780365044,R_10,4967.35
1780365046,R_10,4967.203
1780365048,R_10,4967.299
1780365050,R_10,4967.16
1780365052,R_10,4967.096
1780365054,R_10,4967.269
1780365056,R_10,4967.404
1780365058,R_10,4967.32
1780365060,R_10,4967.437
1780365062,R_10,4967.273
1780365064,R_10,4967.031
1780365066,R_10,4967.135
1780365068,R_10,4967.314
1780365070,R_10,4967.366
1780365072,R_10,4967.365
1780365074,R_10,4967.236
1780365076,R_10,4967.267
1780365078,R_10,4967.304
1780365080,R_10,4967.446
1780365082,R_10,4967.452
1780365084,R_10,4967.525
1780365086,R_10,4967.495
1780365088,R_10,4967.576
1780365090,R_10,4967.576
1780365092,R_10,4967.482
1780365094,R_10,4967.523
1780365096,R_10,4967.417
1780365098,R_10,4967.594
1780365100,R_10,4967.666
1780365102,R_10,4967.446
1780365104,R_10,4967.563
1780365106,R_10,4967.435
1780365108,R_10,4967.391
1780365110,R_10,4967.284
1780365112,R_10,4967.17
1780365114,R_10,4967.088
1780365116,R_10,4967.052
1780365118,R_10,4966.881
1780365120,R_10,4966.853
1780365122,R_10,4966.96
1780365124,R_10,4966.823
1780365126,R_10,4966.736
1780365128,R_10,4966.605
1780365130,R_10,4966.697
1780365132,R_10,4966.586
1780365134,R_10,4966.533
1780365136,R_10,4966.602
1780365138,R_10,4966.546
1780365140,R_10,4966.583
1780365142,R_10,4966.399
1780365144,R_10,4966.529
1780365146,R_10,4966.494
1780365148,R_10,4966.53
1780365150,R_10,4966.379
1780365152,R_10,4966.228
1780365154,R_10,4966.351
1780365156,R_10,4966.226
1780365158,R_10,4966.068
1780365160,R_10,4965.866
1780365162,R_10,4965.916
1780365164,R_10,4965.919
1780365166,R_10,4965.952
1780365168,R_10,4966.036
1780365170,R_10,4966.167
1780365172,R_10,4966.208
1780365174,R_10,4966.401
1780365176,R_10,4966.337
1780365178,R_10,4966.407
1780365180,R_10,4966.404
1780365182,R_10,4966.43
1780365184,R_10,4966.324
1780365186,R_10,4966.089
1780365188,R_10,4965.991
1780365190,R_10,4966.07
1780365192,R_10,4966.132
1780365194,R_10,4966.14
1780365196,R_10,4966.001
1780365198,R_10,4966.157
1780365200,R_10,4966.195
1780365202,R_10,4966.072
1780365204,R_10,4966.133
1780365206,R_10,4966.296
1780365208,R_10,4966.063
1780365210,R_10,4966.091
1780365212,R_10,4965.974
1780365214,R_10,4965.917
1780365216,R_10,4965.867
1780365218,R_10,4965.827
1780365220,R_10,4965.623
1780365222,R_10,4965.774
1780365224,R_10,4965.592
1780365226,R_10,4965.605
1780365228,R_10,4965.557
1780365230,R_10,4965.687
1780365232,R_10,4965.621
1780365234,R_10,4965.556
1780365236,R_10,4965.693
1780365238,R_10,4965.793
1780365240,R_10,4965.809
1780365242,R_10,4965.914
1780365244,R_10,4965.967
1780365246,R_10,4965.821
1780365248,R_10,4965.9
1780365250,R_10,4965.989
1780365252,R_10,4966.338
1780365254,R_10,4966.226
1780365256,R_10,4966.044
1780365258,R_10,4965.913
1780365260,R_10,4965.909
1780365262,R_10,4965.997
1780365264,R_10,4965.866
1780365266,R_10,4966.036
1780365268,R_10,4966.032
1780365270,R_10,4965.961
1780365272,R_10,4965.982
1780365274,R_10,4966.086
1780365276,R_10,4966.174
1780365278,R_10,4966.107
1780365280,R_10,4966.163
1780365282,R_10,4965.97
1780365284,R_10,4965.654
1780365286,R_10,4965.645
1780365288,R_10,4965.533
1780365290,R_10,4965.451
1780365292,R_10,4965.493
1780365294,R_10,4965.434
1780365296,R_10,4965.547
1780365298,R_10,4965.603
1780365300,R_10,4965.511
1780365302,R_10,4965.559
1780365304,R_10,4965.404
1780365306,R_10,4965.379
1780365308,R_10,4965.234
1780365310,R_10,4965.115
1780365312,R_10,4965.213
1780365314,R_10,4965.466
1780365316,R_10,4965.537
1780365318,R_10,4965.356
1780365320,R_10,4965.583
1780365322,R_10,4965.665
1780365324,R_10,4965.771
1780365326,R_10,4965.672
1780365328,R_10,4965.755
1780365330,R_10,4965.802
1780365332,R_10,4965.95
1780365334,R_10,4965.938
1780365336,R_10,4965.876
1780365338,R_10,4965.903
1780365340,R_10,4965.701
1780365342,R_10,4965.856
1780365344,R_10,4965.883
1780365346,R_10,4965.682
1780365348,R_10,4965.702
1780365350,R_10,4965.827
1780365352,R_10,4965.682
1780365354,R_10,4965.457
1780365356,R_10,4965.614
1780365358,R_10,4965.719
1780365360,R_10,4965.591
1780365362,R_10,4965.501
1780365364,R_10,4965.565
1780365366,R_10,4965.684
1780365368,R_10,4965.458
1780365370,R_10,4965.351
1780365372,R_10,4965.376
1780365374,R_10,4965.27
1780365376,R_10,4965.057
1780365378,R_10,4964.963
1780365380,R_10,4965.026
1780365382,R_10,4965.055
1780365384,R_10,4965.075
1780365386,R_10,4964.998
1780365388,R_10,4964.873
1780365390,R_10,4964.815
1780365392,R_10,4964.972
1780365394,R_10,4964.869
1780365396,R_10,4964.883
1780365398,R_10,4964.91
1780365400,R_10,4964.731
1780365402,R_10,4964.573
1780365404,R_10,4964.587
1780365406,R_10,4964.551
1780365408,R_10,4964.492
1780365410,R_10,4964.569
1780365412,R_10,4964.594
1780365414,R_10,4964.643
1780365416,R_10,4964.705
1780365418,R_10,4964.99
1780365420,R_10,4965.052
1780365422,R_10,4965.049
1780365424,R_10,4965.183
1780365426,R_10,4965.253
1780365428,R_10,4965.493
1780365430,R_10,4965.515
1780365432,R_10,4965.395
1780365434,R_10,4965.536
1780365436,R_10,4965.601
1780365438,R_10,4965.582
1780365440,R_10,4965.688
1780365442,R_10,4965.902
1780365444,R_10,4965.702
1780365446,R_10,4965.756
1780365448,R_10,4965.801
1780365450,R_10,4965.774
1780365452,R_10,4965.828
1780365454,R_10,4966.003
1780365456,R_10,4966.094
1780365458,R_10,4966.059
1780365460,R_10,4966.044
1780365462,R_10,4966.227
1780365464,R_10,4966.158
1780365466,R_10,4966.136
1780365468,R_10,4966.326
1780365470,R_10,4966.299
1780365472,R_10,4966.166
1780365474,R_10,4966.246
1780365476,R_10,4966.329
1780365478,R_10,4966.252
1780365480,R_10,4966.069
1780365482,R_10,4965.937
1780365484,R_10,4965.586
1780365486,R_10,4965.6
1780365488,R_10,4965.671
1780365490,R_10,4965.795
1780365492,R_10,4965.661
1780365494,R_10,4965.868
1780365496,R_10,4965.798
1780365498,R_10,4965.549
1780365500,R_10,4965.759
1780365502,R_10,4965.806
1780365504,R_10,4965.963
1780365506,R_10,4965.97
1780365508,R_10,4965.79
1780365510,R_10,4965.627
1780365512,R_10,4965.813
1780365514,R_10,4965.793
1780365516,R_10,4965.808
1780365518,R_10,4965.781
1780365520,R_10,4965.847
1780365522,R_10,4965.789
1780365524,R_10,4965.699
1780365526,R_10,4965.567
1780365528,R_10,4965.48
1780365530,R_10,4965.432
1780365532,R_10,4965.35
1780365534,R_10,4965.352
1780365536,R_10,4965.406
1780365538,R_10,4965.211
1780365540,R_10,4965.43
1780365542,R_10,4965.397
1780365544,R_10,4965.293
1780365546,R_10,4965.248
1780365548,R_10,4965.449
1780365550,R_10,4965.627
1780365552,R_10,4965.514
1780365554,R_10,4965.476
1780365556,R_10,4965.403
1780365558,R_10,4965.231
1780365560,R_10,4965.424
1780365562,R_10,4965.371
1780365564,R_10,4965.225
1780365566,R_10,4965.426
1780365568,R_10,4965.265
1780365570,R_10,4965.156
1780365572,R_10,4965.149
1780365574,R_10,4965.139
1780365576,R_10,4965.201
1780365578,R_10,4965.053
1780365580,R_10,4965.025
1780365582,R_10,4965.07
1780365584,R_10,4964.983
1780365586,R_10,4964.955
1780365588,R_10,4964.932
1780365590,R_10,4964.922
1780365592,R_10,4965.017
1780365594,R_10,4965.086
1780365596,R_10,4965.003
1780365598,R_10,4965.069
1780365600,R_10,4965.157
1780365602,R_10,4965.305
1780365604,R_10,4965.481
1780365606,R_10,4965.418
1780365608,R_10,4965.68
1780365610,R_10,4965.871
1780365612,R_10,4965.84
1780365614,R_10,4965.827
1780365616,R_10,4965.687
1780365618,R_10,4965.676
1780365620,R_10,4965.552
1780365622,R_10,4965.435
1780365624,R_10,4965.409
1780365626,R_10,4965.534
1780365628,R_10,4965.477
1780365630,R_10,4965.508
1780365632,R_10,4965.429
1780365634,R_10,4965.485
1780365636,R_10,4965.39
1780365638,R_10,4965.313
1780365640,R_10,4965.202
1780365642,R_10,4965.284
1780365644,R_10,4965.399
1780365646,R_10,4965.467
1780365648,R_10,4965.419
1780365650,R_10,4965.6
1780365652,R_10,4965.304
1780365654,R_10,4965.373
1780365656,R_10,4965.384
1780365658,R_10,4965.308
1780365660,R_10,4965.173
1780365662,R_10,4965.118
1780365664,R_10,4965.273
1780365666,R_10,4965.263
1780365668,R_10,4965.247
1780365670,R_10,4965.245
1780365672,R_10,4965.248
1780365674,R_10,4965.224
1780365676,R_10,4965.152
1780365678,R_10,4965.159
1780365680,R_10,4965.12
1780365682,R_10,4964.987
1780365684,R_10,4964.882
1780365686,R_10,4964.958
1780365688,R_10,4965.069
1780365690,R_10,4965.028
1780365692,R_10,4965.086
1780365694,R_10,4965.286
1780365696,R_10,4965.545
1780365698,R_10,4965.283
1780365700,R_10,4965.325
1780365702,R_10,4965.22
1780365704,R_10,4965.147
1780365706,R_10,4964.94
1780365708,R_10,4964.785
1780365710,R_10,4964.767
1780365712,R_10,4964.484
1780365714,R_10,4964.313
1780365716,R_10,4964.311
1780365718,R_10,4964.568
1780365720,R_10,4964.536
1780365722,R_10,4964.537
1780365724,R_10,4964.521
1780365726,R_10,4964.334
1780365728,R_10,4964.007
1780365730,R_10,4963.932
1780365732,R_10,4964.124
1780365734,R_10,4964.293
1780365736,R_10,4964.439
1780365738,R_10,4964.417
1780365740,R_10,4964.58
1780365742,R_10,4964.759
1780365744,R_10,4964.612
1780365746,R_10,4964.287
1780365748,R_10,4964.33
1780365750,R_10,4964.065
1780365752,R_10,4964.05
1780365754,R_10,4964.085
1780365756,R_10,4963.847
1780365758,R_10,4963.869
1780365760,R_10,4963.772
1780365762,R_10,4963.958
1780365764,R_10,4963.611
1780365766,R_10,4963.633
1780365768,R_10,4963.783
1780365770,R_10,4963.948
1780365772,R_10,4964.163
1780365774,R_10,4964.219
1780365776,R_10,4964.064
1780365778,R_10,4964.046
1780365780,R_10,4963.916
1780365782,R_10,4963.855
1780365784,R_10,4963.82
1780365786,R_10,4963.829
1780365788,R_10,4963.796
1780365790,R_10,4963.535
1780365792,R_10,4963.542
1780365794,R_10,4963.59
1780365796,R_10,4963.664
1780365798,R_10,4963.51
1780365800,R_10,4963.511
1780365802,R_10,4963.37
1780365804,R_10,4963.409
1780365806,R_10,4963.384
1780365808,R_10,4963.281
1780365810,R_10,4963.136
1780365812,R_10,4963.132
1780365814,R_10,4963.252
1780365816,R_10,4963.225
1780365818,R_10,4963.291
1780365820,R_10,4963.109
1780365822,R_10,4963.214
1780365824,R_10,4963.131
1780365826,R_10,4963.073
1780365828,R_10,4963.204
1780365830,R_10,4963.207
1780365832,R_10,4963.133
1780365834,R_10,4963.138
1780365836,R_10,4963.047
1780365838,R_10,4962.868
1780365840,R_10,4962.808
1780365842,R_10,4962.785
1780365844,R_10,4962.858
1780365846,R_10,4962.667
1780365848,R_10,4962.638
1780365850,R_10,4962.63
1780365852,R_10,4962.669
1780365854,R_10,4962.788
1780365856,R_10,4962.703
1780365858,R_10,4962.596
1780365860,R_10,4962.598
1780365862,R_10,4962.643
1780365864,R_10,4962.802
1780365866,R_10,4962.837
1780365868,R_10,4963.06
1780365870,R_10,4963.117
1780365872,R_10,4963.065
1780365874,R_10,4963.049
1780365876,R_10,4962.933
1780365878,R_10,4963.021
1780365880,R_10,4962.999
1780365882,R_10,4962.907
1780365884,R_10,4962.788
1780365886,R_10,4962.937
1780365888,R_10,4962.89
1780365890,R_10,4962.816
1780365892,R_10,4962.914
1780365894,R_10,4962.825
1780365896,R_10,4962.735
1780365898,R_10,4962.779
1780365900,R_10,4962.828
1780365902,R_10,4962.652
1780365904,R_10,4962.516
1780365906,R_10,4962.383
1780365908,R_10,4962.265
1780365910,R_10,4962.193
1780365912,R_10,4962.16
1780365914,R_10,4962.06
1780365916,R_10,4962.006
1780365918,R_10,4962.028
1780365920,R_10,4961.911
1780365922,R_10,4961.9
1780365924,R_10,4961.805
1780365926,R_10,4961.782
1780365928,R_10,4962.043
1780365930,R_10,4962.223
1780365932,R_10,4962.234
1780365934,R_10,4962.352
1780365936,R_10,4962.205
1780365938,R_10,4962.038
1780365940,R_10,4961.886
1780365942,R_10,4961.865
1780365944,R_10,4961.687
1780365946,R_10,4961.723
1780365948,R_10,4961.839
1780365950,R_10,4961.879
1780365952,R_10,4962.075
1780365954,R_10,4962.058
1780365956,R_10,4962.05
1780365958,R_10,4961.875
1780365960,R_10,4961.952
1780365962,R_10,4961.853
1780365964,R_10,4961.954
1780365966,R_10,4962.058
1780365968,R_10,4962.026
1780365970,R_10,4962.158
1780365972,R_10,4962.234
1780365974,R_10,4962.089
1780365976,R_10,4962.018
1780365978,R_10,4961.841
1780365980,R_10,4961.772
1780365982,R_10,4961.857
1780365984,R_10,4962.015
1780365986,R_10,4961.962
1780365988,R_10,4961.877
1780365990,R_10,4961.932
1780365992,R_10,4961.992
1780365994,R_10,4961.932
1780365996,R_10,4961.864
1780365998,R_10,4961.906
1780366000,R_10,4961.929
1780366002,R_10,4961.839
1780366004,R_10,4961.882
1780366006,R_10,4961.826
1780366008,R_10,4961.925
1780366010,R_10,4961.989
1780366012,R_10,4961.929
1780366014,R_10,4961.894
1780366016,R_10,4961.817
1780366018,R_10,4961.824
1780366020,R_10,4961.515
1780366022,R_10,4961.546
1780366024,R_10,4961.683
1780366026,R_10,4961.745
1780366028,R_10,4961.698
1780366030,R_10,4961.442
1780366032,R_10,4961.301
1780366034,R_10,4961.31
1780366036,R_10,4961.2
1780366038,R_10,4961.331
1780366040,R_10,4961.312
1780366042,R_10,4961.292
1780366044,R_10,4961.556
1780366046,R_10,4961.544
1780366048,R_10,4961.632
1780366050,R_10,4961.581
1780366052,R_10,4961.469
1780366054,R_10,4961.625
1780366056,R_10,4961.738
1780366058,R_10,4961.779
1780366060,R_10,4961.73
1780366062,R_10,4961.781
1780366064,R_10,4961.857
1780366066,R_10,4962.036
1780366068,R_10,4961.923
1780366070,R_10,4961.966
1780366072,R_10,4962.03
1780366074,R_10,4961.952
1780366076,R_10,4961.894
1780366078,R_10,4961.931
1780366080,R_10,4961.664
1780366082,R_10,4961.794
1780366084,R_10,4961.866
1780366086,R_10,4961.936
1780366088,R_10,4962.019
1780366090,R_10,4962.213
1780366092,R_10,4962.188
1780366094,R_10,4962.037
1780366096,R_10,4962.083
1780366098,R_10,4962.149
1780366100,R_10,4962.107
1780366102,R_10,4962.159
1780366104,R_10,4962.35
1780366106,R_10,4962.332
1780366108,R_10,4962.341
1780366110,R_10,4962.341
1780366112,R_10,4962.239
1780366114,R_10,4962.478
1780366116,R_10,4962.575
1780366118,R_10,4962.494
1780366120,R_10,4962.455
1780366122,R_10,4962.211
1780366124,R_10,4962.189
1780366126,R_10,4962.219
1780366128,R_10,4962.099
1780366130,R_10,4962.02
1780366132,R_10,4962.081
1780366134,R_10,4962.143
1780366136,R_10,4962.123
1780366138,R_10,4962.184
1780366140,R_10,4962.282
1780366142,R_10,4962.099
1780366144,R_10,4961.962
1780366146,R_10,4961.95
1780366148,R_10,4961.794
1780366150,R_10,4961.808
1780366152,R_10,4961.839
1780366154,R_10,4961.7
1780366156,R_10,4961.687
1780366158,R_10,4961.667
1780366160,R_10,4961.465
1780366162,R_10,4961.722
1780366164,R_10,4961.722
1780366166,R_10,4961.704
1780366168,R_10,4961.591
1780366170,R_10,4961.548
1780366172,R_10,4961.512
1780366174,R_10,4961.529
1780366176,R_10,4961.333
1780366178,R_10,4961.025
1780366180,R_10,4961.121
1780366182,R_10,4961.185
1780366184,R_10,4961.396
1780366186,R_10,4961.338
1780366188,R_10,4961.316
1780366190,R_10,4961.391
1780366192,R_10,4961.484
1780366194,R_10,4961.356
1780366196,R_10,4961.227
1780366198,R_10,4961.445
1780366200,R_10,4961.276
1780366202,R_10,4961.252
1780366204,R_10,4961.208
1780366206,R_10,4961.18
1780366208,R_10,4961.203
1780366210,R_10,4961.411
1780366212,R_10,4961.438
1780366214,R_10,4961.432
1780366216,R_10,4961.081
1780366218,R_10,4961.204
1780366220,R_10,4961.156
1780366222,R_10,4961.209
1780366224,R_10,4961.321
1780366226,R_10,4960.933
1780366228,R_10,4960.837
1780366230,R_10,4961.12
1780366232,R_10,4961.187
1780366234,R_10,4961.168
1780366236,R_10,4961.169
1780366238,R_10,4961.333
1780366240,R_10,4961.372
1780366242,R_10,4961.421
1780366244,R_10,4961.553
1780366246,R_10,4961.51
1780366248,R_10,4961.691
1780366250,R_10,4961.514
1780366252,R_10,4961.339
1780366254,R_10,4961.34
1780366256,R_10,4961.295
1780366258,R_10,4961.288
1780366260,R_10,4961.303
1780366262,R_10,4961.4
1780366264,R_10,4961.466
1780366266,R_10,4961.343
1780366268,R_10,4961.209
1780366270,R_10,4961.219
1780366272,R_10,4961.067
1780366274,R_10,4961.032
1780366276,R_10,4961.312
1780366278,R_10,4961.3
1780366280,R_10,4961.488
1780366282,R_10,4961.578
1780366284,R_10,4961.655
1780366286,R_10,4961.758
1780366288,R_10,4961.755
1780366290,R_10,4961.52
1780366292,R_10,4961.65
1780366294,R_10,4961.657
1780366296,R_10,4961.482
1780366298,R_10,4961.479
1780366300,R_10,4961.421
1780366302,R_10,4961.573
1780366304,R_10,4961.716
1780366306,R_10,4961.699
1780366308,R_10,4961.81
1780366310,R_10,4961.598
1780366312,R_10,4961.464
1780366314,R_10,4961.327
1780366316,R_10,4961.239
1780366318,R_10,4961.353
1780366320,R_10,4961.16
1780366322,R_10,4961.138
1780366324,R_10,4961.156
1780366326,R_10,4961.127
1780366328,R_10,4961.047
1780366330,R_10,4961.125
1780366332,R_10,4960.918
1780366334,R_10,4960.941
1780366336,R_10,4961.235
1780366338,R_10,4961.178
1780366340,R_10,4961.358
1780366342,R_10,4961.184
1780366344,R_10,4961.177
1780366346,R_10,4961.153
1780366348,R_10,4961.015
1780366350,R_10,4961.222
1780366352,R_10,4961.135
1780366354,R_10,4960.994
1780366356,R_10,4961.27
1780366358,R_10,4961.155
1780366360,R_10,4961.06
1780366362,R_10,4960.993
1780366364,R_10,4960.896
1780366366,R_10,4961.143
1780366368,R_10,4961.142
1780366370,R_10,4961.003
1780366372,R_10,4961.117
1780366374,R_10,4960.953
1780366376,R_10,4961.037
1780366378,R_10,4961.173
1780366380,R_10,4961.205
1780366382,R_10,4961.373
1780366384,R_10,4961.48
1780366386,R_10,4961.364
1780366388,R_10,4961.365
1780366390,R_10,4961.355
1780366392,R_10,4961.242
1780366394,R_10,4961.189
1780366396,R_10,4960.861
1780366398,R_10,4960.764
1780366400,R_10,4960.544
1780366402,R_10,4960.741
1780366404,R_10,4960.829
1780366406,R_10,4960.672
1780366408,R_10,4960.71
1780366410,R_10,4960.755
1780366412,R_10,4960.816
1780366414,R_10,4960.747
1780366416,R_10,4960.864
1780366418,R_10,4960.721
1780366420,R_10,4960.674
1780366422,R_10,4960.849
1780366424,R_10,4961.073
1780366426,R_10,4961.104
1780366428,R_10,4961.108
1780366430,R_10,4961.307
1780366432,R_10,4961.196
1780366434,R_10,4961.258
1780366436,R_10,4961.276
1780366438,R_10,4961.431
1780366440,R_10,4961.32
1780366442,R_10,4961.369
1780366444,R_10,4961.477
1780366446,R_10,4961.393
1780366448,R_10,4961.394
1780366450,R_10,4961.496
1780366452,R_10,4961.513
1780366454,R_10,4961.328
1780366456,R_10,4961.225
1780366458,R_10,4961.187
1780366460,R_10,4961.279
1780366462,R_10,4961.402
1780366464,R_10,4961.522
1780366466,R_10,4961.44
1780366468,R_10,4961.202
1780366470,R_10,4961.388
1780366472,R_10,4961.457
1780366474,R_10,4961.467
1780366476,R_10,4961.321
1780366478,R_10,4961.224
1780366480,R_10,4961.115
1780366482,R_10,4961.086
1780366484,R_10,4960.909
1780366486,R_10,4960.968
1780366488,R_10,4960.924
1780366490,R_10,4960.98
1780366492,R_10,4960.913
1780366494,R_10,4960.84
1780366496,R_10,4960.777
1780366498,R_10,4960.651
1780366500,R_10,4960.841
1780366502,R_10,4961.024
1780366504,R_10,4960.95
1780366506,R_10,4961.023
1780366508,R_10,4960.884
1780366510,R_10,4960.81
1780366512,R_10,4960.635
1780366514,R_10,4960.678
1780366516,R_10,4960.707
1780366518,R_10,4960.587
1780366520,R_10,4960.971
1780366522,R_10,4960.812
1780366524,R_10,4960.884
1780366526,R_10,4960.854
1780366528,R_10,4960.821
1780366530,R_10,4960.857
1780366532,R_10,4960.799
1780366534,R_10,4960.715
1780366536,R_10,4960.564
1780366538,R_10,4960.494
1780366540,R_10,4960.771
1780366542,R_10,4960.92
1780366544,R_10,4960.843
1780366546,R_10,4960.796
1780366548,R_10,4960.663
1780366550,R_10,4960.536
1780366552,R_10,4960.46
1780366554,R_10,4960.205
1780366556,R_10,4960.625
1780366558,R_10,4960.542
1780366560,R_10,4960.62
1780366562,R_10,4960.646
1780366564,R_10,4960.611
1780366566,R_10,4960.74
1780366568,R_10,4960.752
1780366570,R_10,4960.683
1780366572,R_10,4960.746
1780366574,R_10,4960.662
1780366576,R_10,4960.769
1780366578,R_10,4960.56
1780366580,R_10,4960.632
1780366582,R_10,4960.771
1780366584,R_10,4960.865
1780366586,R_10,4960.862
1780366588,R_10,4960.791
1780366590,R_10,4960.718
1780366592,R_10,4960.842
1780366594,R_10,4960.761
1780366596,R_10,4960.495
1780366598,R_10,4960.493
1780366600,R_10,4960.553
1780366602,R_10,4960.44
1780366604,R_10,4960.299
1780366606,R_10,4960.247
1780366608,R_10,4960.166
1780366610,R_10,4960.287
1780366612,R_10,4960.186
1780366614,R_10,4960.147
1780366616,R_10,4960.208
1780366618,R_10,4960.327
1780366620,R_10,4960.213
1780366622,R_10,4960.171
1780366624,R_10,4960.479
1780366626,R_10,4960.539
1780366628,R_10,4960.49
1780366630,R_10,4960.356
1780366632,R_10,4960.464
1780366634,R_10,4960.515
1780366636,R_10,4960.441
1780366638,R_10,4960.447
1780366640,R_10,4960.477
1780366642,R_10,4960.587
1780366644,R_10,4960.522
1780366646,R_10,4960.517
1780366648,R_10,4960.518
1780366650,R_10,4960.507
1780366652,R_10,4960.64
1780366654,R_10,4960.848
1780366656,R_10,4960.835
1780366658,R_10,4960.712
1780366660,R_10,4960.972
1780366662,R_10,4960.879
1780366664,R_10,4960.771
1780366666,R_10,4960.814
1780366668,R_10,4960.738
1780366670,R_10,4960.602
1780366672,R_10,4960.467
1780366674,R_10,4960.437
1780366676,R_10,4960.222
1780366678,R_10,4960.069
1780366680,R_10,4960.31
1780366682,R_10,4960.114
1780366684,R_10,4960.073
1780366686,R_10,4960.119
1780366688,R_10,4960.189
1780366690,R_10,4960.097
1780366692,R_10,4959.968
1780366694,R_10,4959.813
1780366696,R_10,4959.75
1780366698,R_10,4959.818
1780366700,R_10,4959.93
1780366702,R_10,4959.953
1780366704,R_10,4960.169
1780366706,R_10,4960.064
1780366708,R_10,4959.964
1780366710,R_10,4959.937
1780366712,R_10,4959.884
1780366714,R_10,4959.745
1780366716,R_10,4959.806
1780366718,R_10,4959.927
1780366720,R_10,4959.76
1780366722,R_10,4959.775
1780366724,R_10,4959.68
1780366726,R_10,4959.709
1780366728,R_10,4959.873
1780366730,R_10,4959.941
1780366732,R_10,4959.836
1780366734,R_10,4959.85
1780366736,R_10,4959.89
1780366738,R_10,4959.787
1780366740,R_10,4959.778
1780366742,R_10,4959.807
1780366744,R_10,4959.965
1780366746,R_10,4959.892
1780366748,R_10,4959.889
1780366750,R_10,4959.875
1780366752,R_10,4959.858
1780366754,R_10,4959.82
1780366756,R_10,4960.201
1780366758,R_10,4960.286
1780366760,R_10,4960.295
1780366762,R_10,4960.123
1780366764,R_10,4959.822
1780366766,R_10,4959.647
1780366768,R_10,4959.698
1780366770,R_10,4959.84
1780366772,R_10,4959.929
1780366774,R_10,4959.784
1780366776,R_10,4959.711
1780366778,R_10,4959.403
1780366780,R_10,4959.535
1780366782,R_10,4959.427
1780366784,R_10,4959.553
1780366786,R_10,4959.982
1780366788,R_10,4959.863
1780366790,R_10,4959.826
1780366792,R_10,4959.758
1780366794,R_10,4959.861
1780366796,R_10,4959.709
1780366798,R_10,4959.868
1780366800,R_10,4960
1780366802,R_10,4959.929
1780366804,R_10,4959.781
1780366806,R_10,4959.804
1780366808,R_10,4959.548
1780366810,R_10,4959.431
1780366812,R_10,4959.375
1780366814,R_10,4959.314
1780366816,R_10,4959.435
1780366818,R_10,4959.436
1780366820,R_10,4959.377
1780366822,R_10,4959.534
1780366824,R_10,4959.746
1780366826,R_10,4959.8
1780366828,R_10,4959.919
1780366830,R_10,4959.81
1780366832,R_10,4959.804
1780366834,R_10,4959.8
1780366836,R_10,4959.796
1780366838,R_10,4959.77
1780366840,R_10,4959.916
1780366842,R_10,4959.819
1780366844,R_10,4959.738
1780366846,R_10,4959.764
1780366848,R_10,4959.757
1780366850,R_10,4959.955
1780366852,R_10,4959.904
1780366854,R_10,4960.094
1780366856,R_10,4959.907
1780366858,R_10,4959.84
1780366860,R_10,4959.867
1780366862,R_10,4959.977
1780366864,R_10,4959.752
1780366866,R_10,4959.848
1780366868,R_10,4960.123
1780366870,R_10,4960.164
1780366872,R_10,4960.186
1780366874,R_10,4960.217
1780366876,R_10,4960.477
1780366878,R_10,4960.334
1780366880,R_10,4960.275
1780366882,R_10,4960.323
1780366884,R_10,4960.325
1780366886,R_10,4960.458
1780366888,R_10,4960.542
1780366890,R_10,4960.632
1780366892,R_10,4960.724
1780366894,R_10,4960.681
1780366896,R_10,4960.665
1780366898,R_10,4960.824
1780366900,R_10,4960.99
1780366902,R_10,4961.196
1780366904,R_10,4961.032
1780366906,R_10,4960.886
1780366908,R_10,4960.815
1780366910,R_10,4960.728
1780366912,R_10,4960.615
1780366914,R_10,4960.597
1780366916,R_10,4960.51
1780366918,R_10,4960.576
1780366920,R_10,4960.606
1780366922,R_10,4960.528
1780366924,R_10,4960.658
1780366926,R_10,4960.75
1780366928,R_10,4960.799
1780366930,R_10,4960.853
1780366932,R_10,4960.82
1780366934,R_10,4960.788
1780366936,R_10,4960.908
1780366938,R_10,4961.019
1780366940,R_10,4961.045
1780366942,R_10,4961.172
1780366944,R_10,4961.207
1780366946,R_10,4961.222
1780366948,R_10,4961.254
1780366950,R_10,4961.166
1780366952,R_10,4961.205
1780366954,R_10,4961.509
1780366956,R_10,4961.5
1780366958,R_10,4961.435
1780366960,R_10,4961.456
1780366962,R_10,4961.606
1780366964,R_10,4961.661
1780366966,R_10,4961.663
1780366968,R_10,4961.69
1780366970,R_10,4961.803
1780366972,R_10,4961.951
1780366974,R_10,4962.045
1780366976,R_10,4962.028
1780366978,R_10,4962.012
1780366980,R_10,4961.9
1780366982,R_10,4961.92
1780366984,R_10,4961.888
1780366986,R_10,4961.776
1780366988,R_10,4961.754
1780366990,R_10,4961.66
1780366992,R_10,4961.661
1780366994,R_10,4961.915
1780366996,R_10,4961.908
1780366998,R_10,4961.818
1780367000,R_10,4962.035
1780367002,R_10,4961.929
1780367004,R_10,4962.253
1780367006,R_10,4962.276
1780367008,R_10,4962.278
1780367010,R_10,4962.075
1780367012,R_10,4962.121
1780367014,R_10,4961.983
1780367016,R_10,4961.888
1780367018,R_10,4961.821
1780367020,R_10,4961.937
1780367022,R_10,4962.007
1780367024,R_10,4961.971
1780367026,R_10,4962.07
1780367028,R_10,4962.214
1780367030,R_10,4962.1
1780367032,R_10,4962.093
1780367034,R_10,4961.842
1780367036,R_10,4961.911
1780367038,R_10,4962.127
1780367040,R_10,4962.136
1780367042,R_10,4962.259
1780367044,R_10,4962.441
1780367046,R_10,4962.498
1780367048,R_10,4962.705
1780367050,R_10,4962.821
1780367052,R_10,4962.844
1780367054,R_10,4962.999
1780367056,R_10,4962.876
1780367058,R_10,4962.993
1780367060,R_10,4962.876
1780367062,R_10,4962.766
1780367064,R_10,4962.9
1780367066,R_10,4963.062
1780367068,R_10,4963.136
1780367070,R_10,4963.088
1780367072,R_10,4963.225
1780367074,R_10,4962.959
1780367076,R_10,4963.106
1780367078,R_10,4962.987
1780367080,R_10,4963.093
1780367082,R_10,4963.322
1780367084,R_10,4963.291
1780367086,R_10,4963.27
1780367088,R_10,4963.29
1780367090,R_10,4963.226
1780367092,R_10,4963.252
1780367094,R_10,4963.243
1780367096,R_10,4963.317
1780367098,R_10,4963.281
1780367100,R_10,4963.362
1780367102,R_10,4963.589
1780367104,R_10,4963.827
1780367106,R_10,4963.843
1780367108,R_10,4963.974
1780367110,R_10,4963.895
1780367112,R_10,4964.019
1780367114,R_10,4964.228
1780367116,R_10,4964.284
1780367118,R_10,4964.588
1780367120,R_10,4964.597
1780367122,R_10,4964.54
1780367124,R_10,4964.685
1780367126,R_10,4964.567
1780367128,R_10,4964.758
1780367130,R_10,4964.954
1780367132,R_10,4965.007
1780367134,R_10,4964.99
1780367136,R_10,4964.9
1780367138,R_10,4964.633
1780367140,R_10,4964.832
1780367142,R_10,4964.759
1780367144,R_10,4964.811
1780367146,R_10,4964.652
1780367148,R_10,4964.711
1780367150,R_10,4964.586
1780367152,R_10,4964.608
1780367154,R_10,4964.824
1780367156,R_10,4965.055
1780367158,R_10,4965.263
1780367160,R_10,4965.336
1780367162,R_10,4965.168
1780367164,R_10,4965.246
1780367166,R_10,4965.296
1780367168,R_10,4965.359
1780367170,R_10,4965.114
1780367172,R_10,4964.887
1780367174,R_10,4964.856
1780367176,R_10,4964.841
1780367178,R_10,4964.74
1780367180,R_10,4964.624
1780367182,R_10,4964.567
1780367184,R_10,4964.551
1780367186,R_10,4964.513
1780367188,R_10,4964.343
1780367190,R_10,4964.199
1780367192,R_10,4964.209
1780367194,R_10,4964.016
1780367196,R_10,4963.923
1780367198,R_10,4963.825
1780367200,R_10,4963.726
1780367202,R_10,4963.839
1780367204,R_10,4963.936
1780367206,R_10,4963.71
1780367208,R_10,4963.835
1780367210,R_10,4963.977
1780367212,R_10,4964.065
1780367214,R_10,4964.017
1780367216,R_10,4964.065
1780367218,R_10,4964.019
1780367220,R_10,4963.914
1780367222,R_10,4963.722
1780367224,R_10,4963.801
1780367226,R_10,4963.773
1780367228,R_10,4963.936
1780367230,R_10,4964.111
1780367232,R_10,4964.043
1780367234,R_10,4964.058
1780367236,R_10,4964.098
1780367238,R_10,4964.192
1780367240,R_10,4964.17
1780367242,R_10,4964.329
1780367244,R_10,4964.39
1780367246,R_10,4964.378
1780367248,R_10,4964.378
1780367250,R_10,4964.433
1780367252,R_10,4964.442
1780367254,R_10,4964.364
1780367256,R_10,4964.199
1780367258,R_10,4964.282
1780367260,R_10,4964.137
1780367262,R_10,4964.116
1780367264,R_10,4964.23
1780367266,R_10,4964.334
1780367268,R_10,4964.336
1780367270,R_10,4964.417
1780367272,R_10,4964.524
1780367274,R_10,4964.336
1780367276,R_10,4964.201
1780367278,R_10,4964.201
1780367280,R_10,4964.123
1780367282,R_10,4964.233
1780367284,R_10,4964.112
1780367286,R_10,4964.135
1780367288,R_10,4964.21
1780367290,R_10,4964.261
1780367292,R_10,4964.105
1780367294,R_10,4964.192
1780367296,R_10,4964.075
1780367298,R_10,4964.271
1780367300,R_10,4964.422
1780367302,R_10,4964.496
1780367304,R_10,4964.536
1780367306,R_10,4964.465
1780367308,R_10,4964.437
1780367310,R_10,4964.281
1780367312,R_10,4964.262
1780367314,R_10,4964.265
1780367316,R_10,4964.482
1780367318,R_10,4964.394
1780367320,R_10,4964.488
1780367322,R_10,4964.68
1780367324,R_10,4964.733
1780367326,R_10,4964.833
1780367328,R_10,4964.749
1780367330,R_10,4964.861
1780367332,R_10,4964.746
1780367334,R_10,4964.7
1780367336,R_10,4964.559
1780367338,R_10,4964.58
1780367340,R_10,4964.664
1780367342,R_10,4964.619
1780367344,R_10,4964.644
1780367346,R_10,4964.339
1780367348,R_10,4964.388
1780367350,R_10,4964.47
1780367352,R_10,4964.576
1780367354,R_10,4964.456
1780367356,R_10,4964.517
1780367358,R_10,4964.792
1780367360,R_10,4964.821
1780367362,R_10,4964.98
1780367364,R_10,4965.029
1780367366,R_10,4964.909
1780367368,R_10,4964.958
1780367370,R_10,4964.853
1780367372,R_10,4964.531
1780367374,R_10,4964.58
1780367376,R_10,4964.513
1780367378,R_10,4964.536
1780367380,R_10,4964.637
1780367382,R_10,4964.619
1780367384,R_10,4964.804
1780367386,R_10,4964.901
1780367388,R_10,4964.845
1780367390,R_10,4964.534
1780367392,R_10,4964.666
1780367394,R_10,4964.595
1780367396,R_10,4964.728
1780367398,R_10,4964.811
1780367400,R_10,4964.73
1780367402,R_10,4964.748
1780367404,R_10,4964.472
1780367406,R_10,4964.607
1780367408,R_10,4964.663
1780367410,R_10,4964.393
1780367412,R_10,4964.424
1780367414,R_10,4964.299
1780367416,R_10,4964.387
1780367418,R_10,4964.533
1780367420,R_10,4964.819
1780367422,R_10,4964.75
1780367424,R_10,4964.688
1780367426,R_10,4964.705
1780367428,R_10,4964.662
1780367430,R_10,4964.653
1780367432,R_10,4964.74
1780367434,R_10,4964.86
1780367436,R_10,4964.746
1780367438,R_10,4964.676
1780367440,R_10,4964.659
1780367442,R_10,4964.698
1780367444,R_10,4965.013
1780367446,R_10,4965.094
1780367448,R_10,4964.998
1780367450,R_10,4964.997
1780367452,R_10,4964.885
1780367454,R_10,4964.935
1780367456,R_10,4964.9
1780367458,R_10,4964.646
1780367460,R_10,4964.541
1780367462,R_10,4964.53
1780367464,R_10,4964.821
1780367466,R_10,4965.024
1780367468,R_10,4964.879
1780367470,R_10,4965.02
1780367472,R_10,4965.077
1780367474,R_10,4965.049
1780367476,R_10,4965.146
1780367478,R_10,4965.132
1780367480,R_10,4964.986
1780367482,R_10,4965.152
1780367484,R_10,4965.001
1780367486,R_10,4964.894
1780367488,R_10,4964.809
1780367490,R_10,4964.732
1780367492,R_10,4964.713
1780367494,R_10,4964.498
1780367496,R_10,4964.571
1780367498,R_10,4964.718
1780367500,R_10,4964.711
1780367502,R_10,4964.588
1780367504,R_10,4964.554
1780367506,R_10,4964.447
1780367508,R_10,4964.619
1780367510,R_10,4964.686
1780367512,R_10,4964.81
1780367514,R_10,4964.94
1780367516,R_10,4964.901
1780367518,R_10,4964.981
1780367520,R_10,4964.805
1780367522,R_10,4964.876
1780367524,R_10,4964.896
1780367526,R_10,4964.922
1780367528,R_10,4964.818
1780367530,R_10,4964.97
1780367532,R_10,4964.998
1780367534,R_10,4964.985
1780367536,R_10,4965.226
1780367538,R_10,4965.456
1780367540,R_10,4965.365
1780367542,R_10,4965.291
1780367544,R_10,4965.406
1780367546,R_10,4965.551
1780367548,R_10,4965.696
1780367550,R_10,4966.124
1780367552,R_10,4966.138
1780367554,R_10,4966.03
1780367556,R_10,4966.016
1780367558,R_10,4965.94
1780367560,R_10,4966.007
1780367562,R_10,4966.061
1780367564,R_10,4966.023
1780367566,R_10,4965.871
1780367568,R_10,4965.917
1780367570,R_10,4966.047
1780367572,R_10,4966.104
1780367574,R_10,4966.239
1780367576,R_10,4966.16
1780367578,R_10,4966.171
1780367580,R_10,4966.213
1780367582,R_10,4966.26
1780367584,R_10,4966.17
1780367586,R_10,4966.19
1780367588,R_10,4966.002
1780367590,R_10,4966.065
1780367592,R_10,4966.1
1780367594,R_10,4966.072
1780367596,R_10,4966.049
1780367598,R_10,4965.947
1780367600,R_10,4965.876
1780367602,R_10,4965.971
1780367604,R_10,4965.861
1780367606,R_10,4965.919
1780367608,R_10,4965.681
1780367610,R_10,4965.667
1780367612,R_10,4965.659
1780367614,R_10,4965.844
1780367616,R_10,4965.82
1780367618,R_10,4965.911
1780367620,R_10,4966.113
1780367622,R_10,4966.095
1780367624,R_10,4966.064
1780367626,R_10,4966.192
1780367628,R_10,4966.331
1780367630,R_10,4966.343
1780367632,R_10,4966.363
1780367634,R_10,4966.473
1780367636,R_10,4966.504
1780367638,R_10,4966.61
1780367640,R_10,4966.507
1780367642,R_10,4966.515
1780367644,R_10,4966.592
1780367646,R_10,4966.558
1780367648,R_10,4966.457
1780367650,R_10,4966.616
1780367652,R_10,4966.642
1780367654,R_10,4966.573
1780367656,R_10,4966.653
1780367658,R_10,4966.698
1780367660,R_10,4966.879
1780367662,R_10,4966.668
1780367664,R_10,4966.706
1780367666,R_10,4966.363
1780367668,R_10,4966.106
1780367670,R_10,4966.156
1780367672,R_10,4966.334
1780367674,R_10,4966.236
1780367676,R_10,4966.307
1780367678,R_10,4966.249
1780367680,R_10,4966.218
1780367682,R_10,4966.514
1780367684,R_10,4966.682
1780367686,R_10,4966.672
1780367688,R_10,4966.878
1780367690,R_10,4966.777
1780367692,R_10,4966.905
1780367694,R_10,4966.984
1780367696,R_10,4967.181
1780367698,R_10,4967.368
1780367700,R_10,4967.359
1780367702,R_10,4967.569
1780367704,R_10,4967.546
1780367706,R_10,4967.584
1780367708,R_10,4967.639
1780367710,R_10,4967.604
1780367712,R_10,4967.596
1780367714,R_10,4967.675
1780367716,R_10,4967.619
1780367718,R_10,4967.447
1780367720,R_10,4967.267
1780367722,R_10,4967.234
1780367724,R_10,4967.286
1780367726,R_10,4967.141
1780367728,R_10,4967.19
1780367730,R_10,4967.222
1780367732,R_10,4967.319
1780367734,R_10,4967.191
1780367736,R_10,4967.53
1780367738,R_10,4967.817
1780367740,R_10,4967.814
1780367742,R_10,4967.998
1780367744,R_10,4967.999
1780367746,R_10,4968.077
1780367748,R_10,4968.129
1780367750,R_10,4968.015
1780367752,R_10,4968.073
1780367754,R_10,4968.079
1780367756,R_10,4968.168
1780367758,R_10,4968.122
1780367760,R_10,4967.927
1780367762,R_10,4967.745
1780367764,R_10,4967.79
1780367766,R_10,4967.767
1780367768,R_10,4967.641
1780367770,R_10,4967.677
1780367772,R_10,4967.724
1780367774,R_10,4967.729
1780367776,R_10,4967.459
1780367778,R_10,4967.506
1780367780,R_10,4967.516
1780367782,R_10,4967.512
1780367784,R_10,4967.707
1780367786,R_10,4967.922
1780367788,R_10,4967.832
1780367790,R_10,4967.756
1780367792,R_10,4967.572
1780367794,R_10,4967.685
1780367796,R_10,4967.716
1780367798,R_10,4967.687
1780367800,R_10,4967.804
1780367802,R_10,4967.834
1780367804,R_10,4967.97
1780367806,R_10,4967.845
1780367808,R_10,4967.723
1780367810,R_10,4967.708
1780367812,R_10,4967.919
1780367814,R_10,4968.155
1780367816,R_10,4968.13
1780367818,R_10,4967.83
1780367820,R_10,4968.004
1780367822,R_10,4968.052
1780367824,R_10,4968.085
1780367826,R_10,4968.026
1780367828,R_10,4968.192
1780367830,R_10,4968.448
1780367832,R_10,4968.399
1780367834,R_10,4968.186
1780367836,R_10,4968.502
1780367838,R_10,4968.779
1780367840,R_10,4968.675
1780367842,R_10,4968.946
1780367844,R_10,4968.785
1780367846,R_10,4968.692
1780367848,R_10,4968.485
1780367850,R_10,4968.265
1780367852,R_10,4968.593
1780367854,R_10,4968.653
1780367856,R_10,4968.71
1780367858,R_10,4968.718
1780367860,R_10,4968.834
1780367862,R_10,4968.809
1780367864,R_10,4968.825
1780367866,R_10,4968.955
1780367868,R_10,4968.909
1780367870,R_10,4968.661
1780367872,R_10,4968.756
1780367874,R_10,4968.778
1780367876,R_10,4968.676
1780367878,R_10,4968.454
1780367880,R_10,4968.48
1780367882,R_10,4968.311
1780367884,R_10,4968.237
1780367886,R_10,4967.84
1780367888,R_10,4967.822
1780367890,R_10,4967.947
1780367892,R_10,4967.863
1780367894,R_10,4967.97
1780367896,R_10,4968.118
1780367898,R_10,4968.129
1780367900,R_10,4968.14
1780367902,R_10,4968.005
1780367904,R_10,4968.002
1780367906,R_10,4968.105
1780367908,R_10,4968.236
1780367910,R_10,4968.321
1780367912,R_10,4968.264
1780367914,R_10,4968.354
1780367916,R_10,4968.35
1780367918,R_10,4968.222
1780367920,R_10,4968.299
1780367922,R_10,4968.293
1780367924,R_10,4968.375
1780367926,R_10,4967.953
1780367928,R_10,4967.913
1780367930,R_10,4968.008
1780367932,R_10,4967.857
1780367934,R_10,4967.99
1780367936,R_10,4968.099
1780367938,R_10,4968.112
1780367940,R_10,4968.022
1780367942,R_10,4967.884
1780367944,R_10,4967.991
1780367946,R_10,4967.975
1780367948,R_10,4968.002
1780367950,R_10,4968.122
1780367952,R_10,4968.179
1780367954,R_10,4968.273
1780367956,R_10,4968.236
1780367958,R_10,4968.201
1780367960,R_10,4968.201
1780367962,R_10,4968.382
1780367964,R_10,4968.394
1780367966,R_10,4968.481
1780367968,R_10,4968.287
1780367970,R_10,4968.351
1780367972,R_10,4968.207
1780367974,R_10,4968.01
1780367976,R_10,4967.593
1780367978,R_10,4967.685
1780367980,R_10,4967.595
1780367982,R_10,4967.63
1780367984,R_10,4967.569
1780367986,R_10,4967.693
1780367988,R_10,4967.622
1780367990,R_10,4967.441
1780367992,R_10,4967.531
1780367994,R_10,4967.531
1780367996,R_10,4967.611
1780367998,R_10,4967.268
1780368000,R_10,4967.163
1780368002,R_10,4967.304
1780368004,R_10,4967.328
1780368006,R_10,4967.291
1780368008,R_10,4967.301
1780368010,R_10,4967.76
1780368012,R_10,4967.611
1780368014,R_10,4967.554
1780368016,R_10,4967.478
1780368018,R_10,4967.563
1780368020,R_10,4967.723
1780368022,R_10,4967.799
1780368024,R_10,4967.824
1780368026,R_10,4967.88
1780368028,R_10,4967.925
1780368030,R_10,4968.042
1780368032,R_10,4968.026
1780368034,R_10,4968.011
1780368036,R_10,4968.039
1780368038,R_10,4968.054
1780368040,R_10,4968.037
1780368042,R_10,4967.954
1780368044,R_10,4967.95
1780368046,R_10,4968.012
1780368048,R_10,4968.165
1780368050,R_10,4968.328
1780368052,R_10,4968.22
1780368054,R_10,4968
1780368056,R_10,4967.676
1780368058,R_10,4967.662
1780368060,R_10,4967.728
1780368062,R_10,4967.837
1780368064,R_10,4967.823
1780368066,R_10,4967.827
1780368068,R_10,4967.74
1780368070,R_10,4967.743
1780368072,R_10,4967.767
1780368074,R_10,4967.842
1780368076,R_10,4967.809
1780368078,R_10,4967.78
1780368080,R_10,4967.731
1780368082,R_10,4967.506
1780368084,R_10,4967.494
1780368086,R_10,4967.668
1780368088,R_10,4967.767
1780368090,R_10,4967.899
1780368092,R_10,4968.062
1780368094,R_10,4968.055
1780368096,R_10,4968.106
1780368098,R_10,4968.255
1780368100,R_10,4968.308
1780368102,R_10,4968.231
1780368104,R_10,4968.338
1780368106,R_10,4968.37
1780368108,R_10,4968.684
1780368110,R_10,4968.474
1780368112,R_10,4968.713
1780368114,R_10,4968.796
1780368116,R_10,4968.532
1780368118,R_10,4968.63
1780368120,R_10,4968.508
1780368122,R_10,4968.656
1780368124,R_10,4968.758
1780368126,R_10,4968.38
1780368128,R_10,4968.167
1780368130,R_10,4967.894
1780368132,R_10,4967.871
1780368134,R_10,4967.8
1780368136,R_10,4967.918
1780368138,R_10,4968.049
1780368140,R_10,4967.823
1780368142,R_10,4967.641
1780368144,R_10,4967.646
1780368146,R_10,4967.618
1780368148,R_10,4967.564
1780368150,R_10,4967.456
1780368152,R_10,4967.457
1780368154,R_10,4967.303
1780368156,R_10,4967.492
1780368158,R_10,4967.588
1780368160,R_10,4967.736
1780368162,R_10,4967.537
1780368164,R_10,4967.635
1780368166,R_10,4967.636
1780368168,R_10,4967.718
1780368170,R_10,4967.336
1780368172,R_10,4967.373
1780368174,R_10,4967.477
1780368176,R_10,4967.486
1780368178,R_10,4967.397
1780368180,R_10,4967.328
1780368182,R_10,4967.317
1780368184,R_10,4967.315
1780368186,R_10,4967.447
1780368188,R_10,4967.665
1780368190,R_10,4967.598
1780368192,R_10,4967.419
1780368194,R_10,4967.598
1780368196,R_10,4967.542
1780368198,R_10,4967.499
1780368200,R_10,4967.558
1780368202,R_10,4967.678
1780368204,R_10,4967.636
1780368206,R_10,4967.646
1780368208,R_10,4967.495
1780368210,R_10,4967.548
1780368212,R_10,4967.394
1780368214,R_10,4967.288
1780368216,R_10,4967.286
1780368218,R_10,4967.228
1780368220,R_10,4967.057
1780368222,R_10,4966.988
1780368224,R_10,4966.954
1780368226,R_10,4966.798
1780368228,R_10,4966.724
1780368230,R_10,4966.621
1780368232,R_10,4966.553
1780368234,R_10,4966.458
1780368236,R_10,4966.41
1780368238,R_10,4966.59
1780368240,R_10,4966.819
1780368242,R_10,4966.624
1780368244,R_10,4966.598
1780368246,R_10,4966.64
1780368248,R_10,4966.727
1780368250,R_10,4966.796
1780368252,R_10,4967.035
1780368254,R_10,4966.815
1780368256,R_10,4966.746
1780368258,R_10,4966.779
1780368260,R_10,4966.776
1780368262,R_10,4966.81
1780368264,R_10,4966.566
1780368266,R_10,4966.619
1780368268,R_10,4966.512
1780368270,R_10,4966.295
1780368272,R_10,4966.329
1780368274,R_10,4966.373
1780368276,R_10,4966.215
1780368278,R_10,4966.436
1780368280,R_10,4966.484
1780368282,R_10,4966.798
1780368284,R_10,4966.803
1780368286,R_10,4966.674
1780368288,R_10,4966.634
1780368290,R_10,4966.719
1780368292,R_10,4966.539
1780368294,R_10,4966.446
1780368296,R_10,4966.499
1780368298,R_10,4966.323
1780368300,R_10,4966.426
1780368302,R_10,4966.298
1780368304,R_10,4966.232
1780368306,R_10,4966.33
1780368308,R_10,4966.325
1780368310,R_10,4966.294
1780368312,R_10,4966.216
1780368314,R_10,4966.401
1780368316,R_10,4966.104
1780368318,R_10,4966.324
1780368320,R_10,4966.365
1780368322,R_10,4966.527
1780368324,R_10,4966.53
1780368326,R_10,4966.364
1780368328,R_10,4966.511
1780368330,R_10,4966.44
1780368332,R_10,4966.497
1780368334,R_10,4966.484
1780368336,R_10,4966.45
1780368338,R_10,4966.651
1780368340,R_10,4966.72
1780368342,R_10,4966.585
1780368344,R_10,4966.631
1780368346,R_10,4966.581
1780368348,R_10,4966.585
1780368350,R_10,4966.398
1780368352,R_10,4966.499
1780368354,R_10,4966.455
1780368356,R_10,4966.474
1780368358,R_10,4966.274
1780368360,R_10,4966.209
1780368362,R_10,4966.335
1780368364,R_10,4966.364
1780368366,R_10,4966.436
1780368368,R_10,4966.481
1780368370,R_10,4966.792
1780368372,R_10,4966.857
1780368374,R_10,4966.843
1780368376,R_10,4966.839
1780368378,R_10,4966.995
1780368380,R_10,4966.982
1780368382,R_10,4967.109
1780368384,R_10,4966.954
1780368386,R_10,4966.999
1780368388,R_10,4966.93
1780368390,R_10,4967.015
1780368392,R_10,4966.857
1780368394,R_10,4966.97
1780368396,R_10,4966.99
1780368398,R_10,4966.713
1780368400,R_10,4966.681
1780368402,R_10,4966.614
1780368404,R_10,4966.659
1780368406,R_10,4966.528
1780368408,R_10,4966.735
1780368410,R_10,4966.603
1780368412,R_10,4966.642
1780368414,R_10,4966.69
1780368416,R_10,4966.583
1780368418,R_10,4966.805
1780368420,R_10,4966.773
1780368422,R_10,4966.873
1780368424,R_10,4967.014
1780368426,R_10,4967.098
1780368428,R_10,4967.226
1780368430,R_10,4967.091
1780368432,R_10,4967.116
1780368434,R_10,4967.232
1780368436,R_10,4967.222
1780368438,R_10,4967.13
1780368440,R_10,4967.15
1780368442,R_10,4967.255
1780368444,R_10,4967.464
1780368446,R_10,4967.346
1780368448,R_10,4967.351
1780368450,R_10,4967.511
1780368452,R_10,4967.581
1780368454,R_10,4967.683
1780368456,R_10,4967.497
1780368458,R_10,4967.525
1780368460,R_10,4967.368
1780368462,R_10,4967.35
1780368464,R_10,4967.405
1780368466,R_10,4967.492
1780368468,R_10,4967.609
1780368470,R_10,4967.716
1780368472,R_10,4967.559
1780368474,R_10,4967.364
1780368476,R_10,4967.202
1780368478,R_10,4967.11
1780368480,R_10,4967.004
1780368482,R_10,4967.194
1780368484,R_10,4967.199
1780368486,R_10,4967.284
1780368488,R_10,4967.005
1780368490,R_10,4967.164
1780368492,R_10,4966.733
1780368494,R_10,4966.904
1780368496,R_10,4967.028
1780368498,R_10,4967.061
1780368500,R_10,4967.063
1780368502,R_10,4966.825
1780368504,R_10,4967.08
1780368506,R_10,4966.986
1780368508,R_10,4966.851
1780368510,R_10,4966.943
1780368512,R_10,4967.131
1780368514,R_10,4967.115
1780368516,R_10,4967.076
1780368518,R_10,4966.94
1780368520,R_10,4966.873
1780368522,R_10,4967.113
1780368524,R_10,4967.056
1780368526,R_10,4967.123
1780368528,R_10,4967.215
1780368530,R_10,4967.034
1780368532,R_10,4967.239
1780368534,R_10,4967.352
1780368536,R_10,4967.341
1780368538,R_10,4967.618
1780368540,R_10,4967.596
1780368542,R_10,4967.661
1780368544,R_10,4967.792
1780368546,R_10,4967.732
1780368548,R_10,4967.904
1780368550,R_10,4967.794
1780368552,R_10,4968.163
1780368554,R_10,4968.177
1780368556,R_10,4968.392
1780368558,R_10,4968.373
1780368560,R_10,4968.397
1780368562,R_10,4968.471
1780368564,R_10,4968.402
1780368566,R_10,4968.421
1780368568,R_10,4968.536
1780368570,R_10,4968.756
1780368572,R_10,4968.679
1780368574,R_10,4968.629
1780368576,R_10,4968.439
1780368578,R_10,4968.519
1780368580,R_10,4968.701
1780368582,R_10,4968.832
1780368584,R_10,4969.118
1780368586,R_10,4969.065
1780368588,R_10,4969.121
1780368590,R_10,4969.201
1780368592,R_10,4969.379
1780368594,R_10,4969.193
1780368596,R_10,4968.965
1780368598,R_10,4968.968
1780368600,R_10,4968.969
1780368602,R_10,4969.039
1780368604,R_10,4968.963
1780368606,R_10,4968.92
1780368608,R_10,4968.829
1780368610,R_10,4968.883
1780368612,R_10,4968.738
1780368614,R_10,4968.598
1780368616,R_10,4968.679
1780368618,R_10,4968.404
1780368620,R_10,4968.277
1780368622,R_10,4968.165
1780368624,R_10,4968.122
1780368626,R_10,4968.158
1780368628,R_10,4968.084
1780368630,R_10,4968.071
1780368632,R_10,4968.284
1780368634,R_10,4968.33
1780368636,R_10,4968.261
1780368638,R_10,4968.291
1780368640,R_10,4968.236
1780368642,R_10,4968.37
1780368644,R_10,4968.478
1780368646,R_10,4968.482
1780368648,R_10,4968.45
1780368650,R_10,4968.337
1780368652,R_10,4968.381
1780368654,R_10,4968.453
1780368656,R_10,4968.601
1780368658,R_10,4968.683
1780368660,R_10,4968.543
1780368662,R_10,4968.514
1780368664,R_10,4968.536
1780368666,R_10,4968.614
1780368668,R_10,4968.387
1780368670,R_10,4968.412
1780368672,R_10,4968.37
1780368674,R_10,4968.57
1780368676,R_10,4968.557
1780368678,R_10,4968.542
1780368680,R_10,4968.357
1780368682,R_10,4968.54
1780368684,R_10,4968.538
1780368686,R_10,4968.488
1780368688,R_10,4968.602
1780368690,R_10,4968.594
1780368692,R_10,4968.625
1780368694,R_10,4968.621
1780368696,R_10,4968.876
1780368698,R_10,4968.803
1780368700,R_10,4968.75
1780368702,R_10,4968.895
1780368704,R_10,4968.852
1780368706,R_10,4968.999
1780368708,R_10,4968.918
1780368710,R_10,4968.986
1780368712,R_10,4968.895
1780368714,R_10,4968.947
1780368716,R_10,4968.87
1780368718,R_10,4968.979
1780368720,R_10,4969.32
1780368722,R_10,4969.149
1780368724,R_10,4969.214
1780368726,R_10,4969.076
1780368728,R_10,4968.9
1780368730,R_10,4968.659
1780368732,R_10,4968.549
1780368734,R_10,4968.305
1780368736,R_10,4968.441
1780368738,R_10,4968.56
1780368740,R_10,4968.481
1780368742,R_10,4968.398
1780368744,R_10,4968.278
1780368746,R_10,4968.201
1780368748,R_10,4968.175
1780368750,R_10,4968.202
1780368752,R_10,4968.221
1780368754,R_10,4968.262
1780368756,R_10,4968.048
1780368758,R_10,4968.106
1780368760,R_10,4968.238
1780368762,R_10,4968.151
1780368764,R_10,4968.215
1780368766,R_10,4968.33
1780368768,R_10,4968.389
1780368770,R_10,4968.355
1780368772,R_10,4968.314
1780368774,R_10,4968.503
1780368776,R_10,4968.678
1780368778,R_10,4968.647
1780368780,R_10,4968.459
1780368782,R_10,4968.49
1780368784,R_10,4968.246
1780368786,R_10,4968.2
1780368788,R_10,4968.298
1780368790,R_10,4968.132
1780368792,R_10,4967.904
1780368794,R_10,4967.942
1780368796,R_10,4968.054
1780368798,R_10,4968.083
1780368800,R_10,4968.058
1780368802,R_10,4967.977
1780368804,R_10,4967.877
1780368806,R_10,4967.951
1780368808,R_10,4968.15
1780368810,R_10,4968.395
1780368812,R_10,4968.383
1780368814,R_10,4968.265
1780368816,R_10,4968.106
1780368818,R_10,4968.019
1780368820,R_10,4968.005
1780368822,R_10,4968.018
1780368824,R_10,4967.814
1780368826,R_10,4967.624
1780368828,R_10,4967.593
1780368830,R_10,4967.681
1780368832,R_10,4967.748
1780368834,R_10,4967.634
1780368836,R_10,4967.488
1780368838,R_10,4967.706
1780368840,R_10,4967.804
1780368842,R_10,4967.816
1780368844,R_10,4967.963
1780368846,R_10,4967.857
1780368848,R_10,4967.782
1780368850,R_10,4967.739
1780368852,R_10,4967.616
1780368854,R_10,4967.499
1780368856,R_10,4967.452
1780368858,R_10,4967.584
1780368860,R_10,4967.616
1780368862,R_10,4967.864
1780368864,R_10,4968.034
1780368866,R_10,4968.17
1780368868,R_10,4968.016
1780368870,R_10,4968.087
1780368872,R_10,4968.014
1780368874,R_10,4968.091
1780368876,R_10,4968.065
1780368878,R_10,4968.012
1780368880,R_10,4967.947
1780368882,R_10,4967.853
1780368884,R_10,4967.897
1780368886,R_10,4967.948
1780368888,R_10,4968.113
1780368890,R_10,4968.086
1780368892,R_10,4968.203
1780368894,R_10,4968.278
1780368896,R_10,4968.366
1780368898,R_10,4968.118
1780368900,R_10,4968.278
1780368902,R_10,4968.341
1780368904,R_10,4968.421
1780368906,R_10,4968.62
1780368908,R_10,4968.641
1780368910,R_10,4968.723
1780368912,R_10,4968.698
1780368914,R_10,4968.638
1780368916,R_10,4968.483
1780368918,R_10,4968.216
1780368920,R_10,4968.086
1780368922,R_10,4968.23
1780368924,R_10,4968.197
1780368926,R_10,4968.259
1780368928,R_10,4968.095
1780368930,R_10,4968.133
1780368932,R_10,4968.287
1780368934,R_10,4968.191
1780368936,R_10,4968.069
1780368938,R_10,4968.125
1780368940,R_10,4967.981
1780368942,R_10,4967.777
1780368944,R_10,4967.892
1780368946,R_10,4967.919
1780368948,R_10,4967.788
1780368950,R_10,4967.818
1780368952,R_10,4967.814
1780368954,R_10,4967.92
1780368956,R_10,4967.646
1780368958,R_10,4967.719
1780368960,R_10,4967.813
1780368962,R_10,4968.008
1780368964,R_10,4967.928
1780368966,R_10,4967.886
1780368968,R_10,4967.772
1780368970,R_10,4967.701
1780368972,R_10,4967.561
1780368974,R_10,4967.601
1780368976,R_10,4967.493
1780368978,R_10,4967.648
1780368980,R_10,4967.863
1780368982,R_10,4967.938
1780368984,R_10,4967.726
1780368986,R_10,4967.532
1780368988,R_10,4967.487
1780368990,R_10,4967.4
1780368992,R_10,4967.379
1780368994,R_10,4967.35
1780368996,R_10,4967.086
1780368998,R_10,4966.976
1780369000,R_10,4966.864
1780369002,R_10,4966.997
1780369004,R_10,4966.675
1780369006,R_10,4966.691
1780369008,R_10,4966.562
1780369010,R_10,4966.478
1780369012,R_10,4966.667
1780369014,R_10,4966.898
1780369016,R_10,4966.828
1780369018,R_10,4966.762
1780369020,R_10,4966.693
1780369022,R_10,4966.733
1780369024,R_10,4966.617
1780369026,R_10,4966.521
1780369028,R_10,4966.628
1780369030,R_10,4966.746
1780369032,R_10,4966.77
1780369034,R_10,4966.772
1780369036,R_10,4966.661
1780369038,R_10,4966.606
1780369040,R_10,4966.678
1780369042,R_10,4966.914
1780369044,R_10,4966.872
1780369046,R_10,4967.009
1780369048,R_10,4966.917
1780369050,R_10,4966.888
1780369052,R_10,4966.953
1780369054,R_10,4966.948
1780369056,R_10,4967.034
1780369058,R_10,4966.967
1780369060,R_10,4966.999
1780369062,R_10,4967.107
1780369064,R_10,4966.917
1780369066,R_10,4966.986
1780369068,R_10,4966.999
1780369070,R_10,4966.86
1780369072,R_10,4966.957
1780369074,R_10,4967.079
1780369076,R_10,4967.005
1780369078,R_10,4967.066
1780369080,R_10,4966.984
1780369082,R_10,4966.948
1780369084,R_10,4966.633
1780369086,R_10,4966.465
1780369088,R_10,4966.317
1780369090,R_10,4966.089
1780369092,R_10,4965.974
1780369094,R_10,4965.958
1780369096,R_10,4965.967
1780369098,R_10,4965.847
1780369100,R_10,4965.779
1780369102,R_10,4965.657
1780369104,R_10,4965.96
1780369106,R_10,4965.687
1780369108,R_10,4965.609
1780369110,R_10,4965.729
1780369112,R_10,4965.863
1780369114,R_10,4965.916
1780369116,R_10,4965.914
1780369118,R_10,4965.784
1780369120,R_10,4965.579
1780369122,R_10,4965.572
1780369124,R_10,4965.59
1780369126,R_10,4965.649
1780369128,R_10,4965.521
1780369130,R_10,4965.639
1780369132,R_10,4965.639
1780369134,R_10,4965.789
1780369136,R_10,4965.623
1780369138,R_10,4965.4
1780369140,R_10,4965.337
1780369142,R_10,4965.234
1780369144,R_10,4965.305
1780369146,R_10,4965.375
1780369148,R_10,4965.723
1780369150,R_10,4965.773
1780369152,R_10,4965.764
1780369154,R_10,4965.635
1780369156,R_10,4965.457
1780369158,R_10,4965.328
1780369160,R_10,4965.377
1780369162,R_10,4965.408
1780369164,R_10,4965.368
1780369166,R_10,4965.398
1780369168,R_10,4965.309
1780369170,R_10,4965.276
1780369172,R_10,4965.322
1780369174,R_10,4965.155
1780369176,R_10,4965.35
1780369178,R_10,4965.502
1780369180,R_10,4965.304
1780369182,R_10,4965.381
1780369184,R_10,4965.423
1780369186,R_10,4965.55
1780369188,R_10,4965.483
1780369190,R_10,4965.468
1780369192,R_10,4965.505
1780369194,R_10,4965.496
1780369196,R_10,4965.452
1780369198,R_10,4965.487
1780369200,R_10,4965.571
1780369202,R_10,4965.53
1780369204,R_10,4965.655
1780369206,R_10,4965.76
1780369208,R_10,4965.66
1780369210,R_10,4965.942
1780369212,R_10,4966.191
1780369214,R_10,4966.325
1780369216,R_10,4966.41
1780369218,R_10,4966.301
1780369220,R_10,4966.107
1780369222,R_10,4966.147
1780369224,R_10,4966.075
1780369226,R_10,4966.095
1780369228,R_10,4966.121
1780369230,R_10,4966.118
1780369232,R_10,4966.185
1780369234,R_10,4966.015
1780369236,R_10,4966.124
1780369238,R_10,4966.151
1780369240,R_10,4965.975
1780369242,R_10,4965.978
1780369244,R_10,4966.109
1780369246,R_10,4966.328
1780369248,R_10,4966.172
1780369250,R_10,4966.093
1780369252,R_10,4966.12
1780369254,R_10,4965.829
1780369256,R_10,4965.823
1780369258,R_10,4965.839
1780369260,R_10,4965.915
1780369262,R_10,4965.769
1780369264,R_10,4965.814
1780369266,R_10,4965.806
1780369268,R_10,4965.664
1780369270,R_10,4965.528
1780369272,R_10,4965.46
1780369274,R_10,4965.117
1780369276,R_10,4964.976
1780369278,R_10,4965.187
1780369280,R_10,4965.191
1780369282,R_10,4965.039
1780369284,R_10,4964.956
1780369286,R_10,4964.915
1780369288,R_10,4965.024
1780369290,R_10,4965.031
1780369292,R_10,4965.134
1780369294,R_10,4965.252
1780369296,R_10,4965.491
1780369298,R_10,4965.62
1780369300,R_10,4965.557
1780369302,R_10,4965.411
1780369304,R_10,4965.284
1780369306,R_10,4965.32
1780369308,R_10,4965.157
1780369310,R_10,4965.221
1780369312,R_10,4965.286
1780369314,R_10,4964.976
1780369316,R_10,4965.045
1780369318,R_10,4965.145
1780369320,R_10,4965.182
1780369322,R_10,4965.179
1780369324,R_10,4965.265
1780369326,R_10,4965.201
1780369328,R_10,4965.447
1780369330,R_10,4965.567
1780369332,R_10,4965.658
1780369334,R_10,4965.563
1780369336,R_10,4965.444
1780369338,R_10,4965.616
1780369340,R_10,4965.744
1780369342,R_10,4965.594
1780369344,R_10,4965.54
1780369346,R_10,4965.332
1780369348,R_10,4965.432
1780369350,R_10,4965.443
1780369352,R_10,4965.346
1780369354,R_10,4965.444
1780369356,R_10,4965.549
1780369358,R_10,4965.618
1780369360,R_10,4965.47
1780369362,R_10,4965.109
1780369364,R_10,4964.939
1780369366,R_10,4965.109
1780369368,R_10,4964.847
1780369370,R_10,4965.194
1780369372,R_10,4965.287
1780369374,R_10,4965.347
1780369376,R_10,4965.316
1780369378,R_10,4965.152
1780369380,R_10,4965.074
1780369382,R_10,4965.069
1780369384,R_10,4965.057
1780369386,R_10,4965.049
1780369388,R_10,4965.022
1780369390,R_10,4965.014
1780369392,R_10,4965.031
1780369394,R_10,4965.02
1780369396,R_10,4965.015
1780369398,R_10,4965.245
1780369400,R_10,4965.277
1780369402,R_10,4965.086
1780369404,R_10,4965.412
1780369406,R_10,4965.419
1780369408,R_10,4965.36
1780369410,R_10,4965.218
1780369412,R_10,4965.261
1780369414,R_10,4965.351
1780369416,R_10,4965.388
1780369418,R_10,4965.427
1780369420,R_10,4965.579
1780369422,R_10,4965.54
1780369424,R_10,4965.586
1780369426,R_10,4965.442
1780369428,R_10,4965.54
1780369430,R_10,4965.254
1780369432,R_10,4965.327
1780369434,R_10,4965.236
1780369436,R_10,4965.154
1780369438,R_10,4965.229
1780369440,R_10,4965.262
1780369442,R_10,4965.332
1780369444,R_10,4965.373
1780369446,R_10,4965.143
1780369448,R_10,4964.967
1780369450,R_10,4965.104
1780369452,R_10,4965.025
1780369454,R_10,4965.112
1780369456,R_10,4965.139
1780369458,R_10,4965.107
1780369460,R_10,4965.346
1780369462,R_10,4965.383
1780369464,R_10,4965.49
1780369466,R_10,4965.322
1780369468,R_10,4965.078
1780369470,R_10,4965.123
1780369472,R_10,4965.071
1780369474,R_10,4965.049
1780369476,R_10,4964.855
1780369478,R_10,4964.851
1780369480,R_10,4964.852
1780369482,R_10,4964.753
1780369484,R_10,4964.608
1780369486,R_10,4964.696
1780369488,R_10,4964.745
1780369490,R_10,4964.969
1780369492,R_10,4964.993
1780369494,R_10,4964.857
1780369496,R_10,4964.845
1780369498,R_10,4965.007
1780369500,R_10,4965.167
1780369502,R_10,4965.267
1780369504,R_10,4965.385
1780369506,R_10,4965.547
1780369508,R_10,4965.643
1780369510,R_10,4965.471
1780369512,R_10,4965.401
1780369514,R_10,4965.294
1780369516,R_10,4965.324
1780369518,R_10,4965.33
1780369520,R_10,4965.281
1780369522,R_10,4965.173
1780369524,R_10,4965.254
1780369526,R_10,4965.234
1780369528,R_10,4965.212
1780369530,R_10,4965.236
1780369532,R_10,4965.309
1780369534,R_10,4965.378
1780369536,R_10,4965.235
1780369538,R_10,4965.424
1780369540,R_10,4965.634
1780369542,R_10,4965.745
1780369544,R_10,4965.626
1780369546,R_10,4965.558
1780369548,R_10,4965.272
1780369550,R_10,4965.45
1780369552,R_10,4965.399
1780369554,R_10,4965.354
1780369556,R_10,4965.591
1780369558,R_10,4965.642
1780369560,R_10,4965.716
1780369562,R_10,4966.019
1780369564,R_10,4965.994
1780369566,R_10,4965.929
1780369568,R_10,4965.968
1780369570,R_10,4965.895
1780369572,R_10,4965.869
1780369574,R_10,4965.928
1780369576,R_10,4966.1
1780369578,R_10,4965.939
1780369580,R_10,4965.799
1780369582,R_10,4965.754
1780369584,R_10,4965.748
1780369586,R_10,4965.93
1780369588,R_10,4965.967
1780369590,R_10,4966.154
1780369592,R_10,4966.006
1780369594,R_10,4965.892
1780369596,R_10,4965.96
1780369598,R_10,4965.926
1780369600,R_10,4966.01
1780369602,R_10,4965.793
1780369604,R_10,4965.868
1780369606,R_10,4965.999
1780369608,R_10,4966.169
1780369610,R_10,4966.081
1780369612,R_10,4966.048
1780369614,R_10,4965.75
1780369616,R_10,4965.836
1780369618,R_10,4965.857
1780369620,R_10,4965.7
1780369622,R_10,4965.703
1780369624,R_10,4965.459
1780369626,R_10,4965.508
1780369628,R_10,4965.419
1780369630,R_10,4965.483
1780369632,R_10,4965.434
1780369634,R_10,4965.411
1780369636,R_10,4965.312
1780369638,R_10,4965.192
1780369640,R_10,4965.176
1780369642,R_10,4965.132
1780369644,R_10,4965.2
1780369646,R_10,4965.076
1780369648,R_10,4965.048
1780369650,R_10,4965.044
1780369652,R_10,4965.154
1780369654,R_10,4965.055
1780369656,R_10,4964.879
1780369658,R_10,4964.916
1780369660,R_10,4964.888
1780369662,R_10,4964.611
1780369664,R_10,4964.587
1780369666,R_10,4964.674
1780369668,R_10,4964.546
1780369670,R_10,4964.504
1780369672,R_10,4964.695
1780369674,R_10,4964.592
1780369676,R_10,4964.53
1780369678,R_10,4964.604
1780369680,R_10,4964.651
1780369682,R_10,4964.61
1780369684,R_10,4964.696
1780369686,R_10,4964.732
1780369688,R_10,4964.673
1780369690,R_10,4964.714
1780369692,R_10,4964.833
1780369694,R_10,4964.919
1780369696,R_10,4964.874
1780369698,R_10,4964.838
1780369700,R_10,4964.747
1780369702,R_10,4964.603
1780369704,R_10,4964.808
1780369706,R_10,4964.929
1780369708,R_10,4964.842
1780369710,R_10,4964.935
1780369712,R_10,4964.846
1780369714,R_10,4964.893
1780369716,R_10,4964.95
1780369718,R_10,4965.022
1780369720,R_10,4965.118
1780369722,R_10,4965.15
1780369724,R_10,4965.005
1780369726,R_10,4965.287
1780369728,R_10,4965.259
1780369730,R_10,4965.331
1780369732,R_10,4965.287
1780369734,R_10,4965.297
1780369736,R_10,4965.503
1780369738,R_10,4965.516
1780369740,R_10,4965.583
1780369742,R_10,4965.485
1780369744,R_10,4965.502
1780369746,R_10,4965.666
1780369748,R_10,4965.641
1780369750,R_10,4965.841
1780369752,R_10,4966.209
1780369754,R_10,4966.259
1780369756,R_10,4966.154
1780369758,R_10,4966.134
1780369760,R_10,4965.965
1780369762,R_10,4966.008
1780369764,R_10,4966.097
1780369766,R_10,4965.955
1780369768,R_10,4965.825
1780369770,R_10,4966.03
1780369772,R_10,4965.999
1780369774,R_10,4966.107
1780369776,R_10,4966.007
1780369778,R_10,4965.843
1780369780,R_10,4965.883
1780369782,R_10,4966.03
1780369784,R_10,4966.057
1780369786,R_10,4966.05
1780369788,R_10,4965.922
1780369790,R_10,4965.85
1780369792,R_10,4965.889
1780369794,R_10,4965.947
1780369796,R_10,4965.946
1780369798,R_10,4966.056
1780369800,R_10,4966.028
1780369802,R_10,4965.966
1780369804,R_10,4965.793
1780369806,R_10,4965.731
1780369808,R_10,4965.693
1780369810,R_10,4965.824
1780369812,R_10,4965.854
1780369814,R_10,4965.787
1780369816,R_10,4965.562
1780369818,R_10,4965.275
1780369820,R_10,4965.18
1780369822,R_10,4965.285
1780369824,R_10,4965.341
1780369826,R_10,4965.158
1780369828,R_10,4965.352
1780369830,R_10,4965.31
1780369832,R_10,4965.293
1780369834,R_10,4965.459
1780369836,R_10,4965.34
1780369838,R_10,4965.365
1780369840,R_10,4965.229
1780369842,R_10,4965.238
1780369844,R_10,4965.039
1780369846,R_10,4964.891
1780369848,R_10,4964.816
1780369850,R_10,4964.949
1780369852,R_10,4965.083
1780369854,R_10,4965.133
1780369856,R_10,4965.076
1780369858,R_10,4965.109
1780369860,R_10,4965.259
1780369862,R_10,4965.225
1780369864,R_10,4965.402
1780369866,R_10,4965.409
1780369868,R_10,4965.484
1780369870,R_10,4965.44
1780369872,R_10,4965.551
1780369874,R_10,4965.666
1780369876,R_10,4965.532
1780369878,R_10,4965.425
1780369880,R_10,4965.309
1780369882,R_10,4965.37
1780369884,R_10,4965.278
1780369886,R_10,4965.299
1780369888,R_10,4965.149
1780369890,R_10,4965.327
1780369892,R_10,4965.366
1780369894,R_10,4965.23
1780369896,R_10,4965.224
1780369898,R_10,4965.235
1780369900,R_10,4965.172
1780369902,R_10,4965.298
1780369904,R_10,4965.237
1780369906,R_10,4965.195
1780369908,R_10,4965.143
1780369910,R_10,4964.941
1780369912,R_10,4965.033
1780369914,R_10,4965.02
1780369916,R_10,4965.076
1780369918,R_10,4964.843
1780369920,R_10,4965.016
1780369922,R_10,4965.07
1780369924,R_10,4965.08
1780369926,R_10,4965.107
1780369928,R_10,4965.015
1780369930,R_10,4964.795
1780369932,R_10,4964.979
1780369934,R_10,4965.098
1780369936,R_10,4964.886
1780369938,R_10,4964.8
1780369940,R_10,4964.697
1780369942,R_10,4964.603
1780369944,R_10,4964.521
1780369946,R_10,4964.376
1780369948,R_10,4964.244
1780369950,R_10,4964.351
1780369952,R_10,4964.421
1780369954,R_10,4964.555
1780369956,R_10,4964.702
1780369958,R_10,4964.582
1780369960,R_10,4964.503
1780369962,R_10,4964.486
1780369964,R_10,4964.353
1780369966,R_10,4964.346
1780369968,R_10,4964.246
1780369970,R_10,4964.377
1780369972,R_10,4964.201
1780369974,R_10,4963.99
1780369976,R_10,4964.136
1780369978,R_10,4964.032
1780369980,R_10,4964.06
1780369982,R_10,4963.758
1780369984,R_10,4963.882
1780369986,R_10,4963.808
1780369988,R_10,4963.815
1780369990,R_10,4963.925
1780369992,R_10,4963.829
1780369994,R_10,4963.67
1780369996,R_10,4963.765
1780369998,R_10,4963.857
1780370000,R_10,4963.67
1780370002,R_10,4963.842
1780370004,R_10,4963.799
1780370006,R_10,4963.688
1780370008,R_10,4963.696
1780370010,R_10,4963.697
1780370012,R_10,4963.593
1780370014,R_10,4963.613
1780370016,R_10,4963.763
1780370018,R_10,4963.985
1780370020,R_10,4963.995
1780370022,R_10,4963.846
1780370024,R_10,4963.961
1780370026,R_10,4963.825
1780370028,R_10,4964.161
1780370030,R_10,4964.089
1780370032,R_10,4964.223
1780370034,R_10,4964.059
1780370036,R_10,4964.177
1780370038,R_10,4964.121
1780370040,R_10,4964.032
1780370042,R_10,4964.133
1780370044,R_10,4964.205
1780370046,R_10,4964.338
1780370048,R_10,4964.547
1780370050,R_10,4964.496
1780370052,R_10,4964.637
1780370054,R_10,4964.696
1780370056,R_10,4964.891
1780370058,R_10,4964.835
1780370060,R_10,4964.83
1780370062,R_10,4964.88
1780370064,R_10,4964.826
1780370066,R_10,4964.789
1780370068,R_10,4964.8
1780370070,R_10,4964.631
1780370072,R_10,4964.473
1780370074,R_10,4964.426
1780370076,R_10,4964.177
1780370078,R_10,4964.287
1780370080,R_10,4964.37
1780370082,R_10,4964.458
1780370084,R_10,4964.667
1780370086,R_10,4964.849
1780370088,R_10,4964.817
1780370090,R_10,4964.844
1780370092,R_10,4964.769
1780370094,R_10,4964.807
1780370096,R_10,4964.792
1780370098,R_10,4964.822
1780370100,R_10,4964.767
1780370102,R_10,4964.599
1780370104,R_10,4964.69
1780370106,R_10,4964.655
1780370108,R_10,4964.533
1780370110,R_10,4964.483
1780370112,R_10,4964.59
1780370114,R_10,4964.534
1780370116,R_10,4964.258
1780370118,R_10,4964.455
1780370120,R_10,4964.432
1780370122,R_10,4964.45
1780370124,R_10,4964.476
1780370126,R_10,4964.482
1780370128,R_10,4964.307
1780370130,R_10,4964.268
1780370132,R_10,4964.3
1780370134,R_10,4964.277
1780370136,R_10,4964.389
1780370138,R_10,4964.283
1780370140,R_10,4964.242
1780370142,R_10,4964.237
1780370144,R_10,4964.101
1780370146,R_10,4964.079
1780370148,R_10,4963.944
1780370150,R_10,4963.713
1780370152,R_10,4963.823
1780370154,R_10,4963.809
1780370156,R_10,4963.716
1780370158,R_10,4963.669
1780370160,R_10,4963.619
1780370162,R_10,4963.53
1780370164,R_10,4963.771
1780370166,R_10,4963.661
1780370168,R_10,4963.824
1780370170,R_10,4963.832
1780370172,R_10,4963.783
1780370174,R_10,4963.702
1780370176,R_10,4963.838
1780370178,R_10,4963.974
1780370180,R_10,4963.959
1780370182,R_10,4964.015
1780370184,R_10,4963.921
1780370186,R_10,4963.913
1780370188,R_10,4964.024
1780370190,R_10,4964.078
1780370192,R_10,4964.087
1780370194,R_10,4963.91
1780370196,R_10,4963.94
1780370198,R_10,4964.098
1780370200,R_10,4963.976
1780370202,R_10,4963.903
1780370204,R_10,4963.835
1780370206,R_10,4963.928
1780370208,R_10,4963.841
1780370210,R_10,4964.02
1780370212,R_10,4964.088
1780370214,R_10,4964.021
1780370216,R_10,4963.942
1780370218,R_10,4963.585
1780370220,R_10,4963.626
1780370222,R_10,4963.632
1780370224,R_10,4963.611
1780370226,R_10,4963.316
1780370228,R_10,4963.242
1780370230,R_10,4963.198
1780370232,R_10,4963.156
1780370234,R_10,4963.045
1780370236,R_10,4962.963
1780370238,R_10,4962.899
1780370240,R_10,4962.87
1780370242,R_10,4962.862
1780370244,R_10,4962.796
1780370246,R_10,4962.895
1780370248,R_10,4962.988
1780370250,R_10,4963.109
1780370252,R_10,4963.163
1780370254,R_10,4963.206
1780370256,R_10,4963.217
1780370258,R_10,4963.158
1780370260,R_10,4962.978
1780370262,R_10,4962.884
1780370264,R_10,4963.062
1780370266,R_10,4962.978
1780370268,R_10,4962.795
1780370270,R_10,4962.602
1780370272,R_10,4962.347
1780370274,R_10,4962.621
1780370276,R_10,4962.556
1780370278,R_10,4962.547
1780370280,R_10,4962.42
1780370282,R_10,4962.493
1780370284,R_10,4962.544
1780370286,R_10,4962.407
1780370288,R_10,4962.366
1780370290,R_10,4962.341
1780370292,R_10,4962.464
1780370294,R_10,4962.412
1780370296,R_10,4962.603
1780370298,R_10,4962.462
1780370300,R_10,4962.523
1780370302,R_10,4962.7
1780370304,R_10,4962.489
1780370306,R_10,4962.737
1780370308,R_10,4962.752
1780370310,R_10,4962.632
1780370312,R_10,4962.6
1780370314,R_10,4962.538
1780370316,R_10,4962.335
1780370318,R_10,4962.398
1780370320,R_10,4962.601
1780370322,R_10,4962.721
1780370324,R_10,4962.702
1780370326,R_10,4962.614
1780370328,R_10,4962.392
1780370330,R_10,4962.558
1780370332,R_10,4962.551
1780370334,R_10,4962.55
1780370336,R_10,4962.525
1780370338,R_10,4962.326
1780370340,R_10,4962.461
1780370342,R_10,4962.21
1780370344,R_10,4962.351
1780370346,R_10,4962.328
1780370348,R_10,4962.225
1780370350,R_10,4962.084
1780370352,R_10,4962.107
1780370354,R_10,4961.967
1780370356,R_10,4961.986
1780370358,R_10,4962.13
1780370360,R_10,4962.012
1780370362,R_10,4962.16
1780370364,R_10,4962.078
1780370366,R_10,4962.392
1780370368,R_10,4962.393
1780370370,R_10,4962.331
1780370372,R_10,4962.238
1780370374,R_10,4962.242
1780370376,R_10,4962.304
1780370378,R_10,4962.344
1780370380,R_10,4962.284
1780370382,R_10,4962.252
1780370384,R_10,4962.13
1780370386,R_10,4962.112
1780370388,R_10,4962.04
1780370390,R_10,4961.968
1780370392,R_10,4962.017
1780370394,R_10,4961.743
1780370396,R_10,4961.823
1780370398,R_10,4961.987
1780370400,R_10,4961.95
1780370402,R_10,4961.968
1780370404,R_10,4962.005
1780370406,R_10,4961.923
1780370408,R_10,4961.895
1780370410,R_10,4961.957
1780370412,R_10,4961.745
1780370414,R_10,4961.732
1780370416,R_10,4961.821
1780370418,R_10,4961.965
1780370420,R_10,4962.001
1780370422,R_10,4961.862
1780370424,R_10,4961.834
1780370426,R_10,4961.804
1780370428,R_10,4961.979
1780370430,R_10,4961.924
1780370432,R_10,4961.936
1780370434,R_10,4961.875
1780370436,R_10,4961.956
1780370438,R_10,4962.053
1780370440,R_10,4962.202
1780370442,R_10,4962.1
1780370444,R_10,4962.236
1780370446,R_10,4962.174
1780370448,R_10,4962.068
1780370450,R_10,4962.18
1780370452,R_10,4962.294
1780370454,R_10,4962.229
1780370456,R_10,4962.015
1780370458,R_10,4962.138
1780370460,R_10,4962.019
1780370462,R_10,4962.01
1780370464,R_10,4962.003
1780370466,R_10,4962.132
1780370468,R_10,4962.169
1780370470,R_10,4962.179
1780370472,R_10,4962.214
1780370474,R_10,4962.386
1780370476,R_10,4962.472
1780370478,R_10,4962.576
1780370480,R_10,4962.487
1780370482,R_10,4962.494
1780370484,R_10,4962.491
1780370486,R_10,4962.635
1780370488,R_10,4962.804
1780370490,R_10,4962.531
1780370492,R_10,4962.545
1780370494,R_10,4962.63
1780370496,R_10,4962.813
1780370498,R_10,4962.703
1780370500,R_10,4962.868
1780370502,R_10,4962.895
1780370504,R_10,4963.022
1780370506,R_10,4963.13
1780370508,R_10,4963.121
1780370510,R_10,4962.886
1780370512,R_10,4962.906
1780370514,R_10,4963.077
1780370516,R_10,4963.163
1780370518,R_10,4963.254
1780370520,R_10,4963.234
1780370522,R_10,4963.254
1780370524,R_10,4963.137
1780370526,R_10,4963.178
1780370528,R_10,4963.172
1780370530,R_10,4963.071
1780370532,R_10,4963.09
1780370534,R_10,4963.144
1780370536,R_10,4963.047
1780370538,R_10,4963.139
1780370540,R_10,4963.161
1780370542,R_10,4963.193
1780370544,R_10,4963.262
1780370546,R_10,4963.436
1780370548,R_10,4963.303
1780370550,R_10,4963.325
1780370552,R_10,4963.266
1780370554,R_10,4963.295
1780370556,R_10,4963.293
1780370558,R_10,4963.43
1780370560,R_10,4963.357
1780370562,R_10,4963.28
1780370564,R_10,4963.306
1780370566,R_10,4963.249
1780370568,R_10,4963.152
1780370570,R_10,4963.069
1780370572,R_10,4962.9
1780370574,R_10,4962.943
1780370576,R_10,4963.116
1780370578,R_10,4963.391
1780370580,R_10,4963.521
1780370582,R_10,4963.407
1780370584,R_10,4963.443
1780370586,R_10,4963.584
1780370588,R_10,4963.593
1780370590,R_10,4963.617
1780370592,R_10,4963.488
1780370594,R_10,4963.438
1780370596,R_10,4963.406
1780370598,R_10,4963.472
1780370600,R_10,4963.371
1780370602,R_10,4963.325
1780370604,R_10,4963.349
1780370606,R_10,4963.418
1780370608,R_10,4963.452
1780370610,R_10,4963.604
1780370612,R_10,4963.783
1780370614,R_10,4963.677
1780370616,R_10,4963.55
1780370618,R_10,4963.654
1780370620,R_10,4963.623
1780370622,R_10,4963.567
1780370624,R_10,4963.693
1780370626,R_10,4963.622
1780370628,R_10,4963.833
1780370630,R_10,4963.949
1780370632,R_10,4964.034
1780370634,R_10,4963.957
1780370636,R_10,4963.898
1780370638,R_10,4963.966
1780370640,R_10,4964.124
1780370642,R_10,4964.005
1780370644,R_10,4963.873
1780370646,R_10,4963.68
1780370648,R_10,4963.552
1780370650,R_10,4963.675
1780370652,R_10,4963.729
1780370654,R_10,4963.556
1780370656,R_10,4963.471
1780370658,R_10,4963.469
1780370660,R_10,4963.625
1780370662,R_10,4963.85
1780370664,R_10,4963.828
1780370666,R_10,4963.851
1780370668,R_10,4963.847
1780370670,R_10,4963.941
1780370672,R_10,4964.011
1780370674,R_10,4963.957
1780370676,R_10,4963.993
1780370678,R_10,4964.01
1780370680,R_10,4964.142
1780370682,R_10,4964.161
1780370684,R_10,4963.953
1780370686,R_10,4963.934
1780370688,R_10,4963.985
1780370690,R_10,4964.112
1780370692,R_10,4963.923
1780370694,R_10,4963.769
1780370696,R_10,4963.701
1780370698,R_10,4963.606
1780370700,R_10,4963.664
1780370702,R_10,4963.757
1780370704,R_10,4963.904
1780370706,R_10,4963.678
1780370708,R_10,4963.649
1780370710,R_10,4963.726
1780370712,R_10,4963.662
1780370714,R_10,4963.721
1780370716,R_10,4963.614
1780370718,R_10,4963.569
1780370720,R_10,4963.395
1780370722,R_10,4963.444
1780370724,R_10,4963.491
1780370726,R_10,4963.267
1780370728,R_10,4963.303
1780370730,R_10,4963.391
1780370732,R_10,4963.305
1780370734,R_10,4963.371
1780370736,R_10,4963.687
1780370738,R_10,4963.616
1780370740,R_10,4963.803
1780370742,R_10,4963.938
1780370744,R_10,4963.966
1780370746,R_10,4963.894
1780370748,R_10,4963.937
1780370750,R_10,4963.897
1780370752,R_10,4963.879
1780370754,R_10,4963.898
1780370756,R_10,4963.874
1780370758,R_10,4963.828
1780370760,R_10,4963.864
1780370762,R_10,4964.048
1780370764,R_10,4964.05
1780370766,R_10,4963.945
1780370768,R_10,4963.978
1780370770,R_10,4963.851
1780370772,R_10,4963.803
1780370774,R_10,4963.818
1780370776,R_10,4963.771
1780370778,R_10,4963.857
1780370780,R_10,4963.902
1780370782,R_10,4963.992
1780370784,R_10,4963.89
1780370786,R_10,4963.862
1780370788,R_10,4963.88
1780370790,R_10,4963.856
1780370792,R_10,4963.775
1780370794,R_10,4963.926
1780370796,R_10,4963.887
1780370798,R_10,4963.932
1780370800,R_10,4963.879
1780370802,R_10,4963.79
1780370804,R_10,4963.834
1780370806,R_10,4963.792
1780370808,R_10,4964.013
1780370810,R_10,4964.107
1780370812,R_10,4964.05
1780370814,R_10,4964.094
1780370816,R_10,4964.193
1780370818,R_10,4964.079
1780370820,R_10,4964.05
1780370822,R_10,4964.231
1780370824,R_10,4964.288
1780370826,R_10,4963.893
1780370828,R_10,4963.97
1780370830,R_10,4963.935
1780370832,R_10,4963.837
1780370834,R_10,4963.743
1780370836,R_10,4963.764
1780370838,R_10,4963.631
1780370840,R_10,4963.692
1780370842,R_10,4963.735
1780370844,R_10,4963.94
1780370846,R_10,4964.081
1780370848,R_10,4964.261
1780370850,R_10,4964.148
1780370852,R_10,4964.159
1780370854,R_10,4964.148
1780370856,R_10,4964.219
1780370858,R_10,4964.266
1780370860,R_10,4964.399
1780370862,R_10,4964.393
1780370864,R_10,4964.365
1780370866,R_10,4964.218
1780370868,R_10,4964.523
1780370870,R_10,4964.607
1780370872,R_10,4964.556
1780370874,R_10,4964.59
1780370876,R_10,4964.637
1780370878,R_10,4964.631
1780370880,R_10,4964.657
1780370882,R_10,4964.65
1780370884,R_10,4964.765
1780370886,R_10,4964.818
1780370888,R_10,4964.922
1780370890,R_10,4964.892
1780370892,R_10,4964.949
1780370894,R_10,4964.889
1780370896,R_10,4964.826
1780370898,R_10,4965.072
1780370900,R_10,4964.926
1780370902,R_10,4965.094
1780370904,R_10,4965.059
1780370906,R_10,4965.165
1780370908,R_10,4965.249
1780370910,R_10,4965.207
1780370912,R_10,4965.082
1780370914,R_10,4965.088
1780370916,R_10,4965.195
1780370918,R_10,4965.43
1780370920,R_10,4965.19
1780370922,R_10,4965.225
1780370924,R_10,4965.107
1780370926,R_10,4965.026
1780370928,R_10,4964.957
1780370930,R_10,4964.91
1780370932,R_10,4965.087
1780370934,R_10,4965.243
1780370936,R_10,4965.069
1780370938,R_10,4965.197
1780370940,R_10,4964.858
1780370942,R_10,4964.701
1780370944,R_10,4964.6
1780370946,R_10,4964.63
1780370948,R_10,4964.774
1780370950,R_10,4964.829
1780370952,R_10,4964.691
1780370954,R_10,4964.723
1780370956,R_10,4964.649
1780370958,R_10,4964.715
1780370960,R_10,4964.646
1780370962,R_10,4964.672
1780370964,R_10,4964.67
1780370966,R_10,4964.714
1780370968,R_10,4965.001
1780370970,R_10,4965.075
1780370972,R_10,4965.19
1780370974,R_10,4965.176
1780370976,R_10,4965.154
1780370978,R_10,4965.289
1780370980,R_10,4965.352
1780370982,R_10,4965.322
1780370984,R_10,4965.174
1780370986,R_10,4965.215
1780370988,R_10,4965.213
1780370990,R_10,4965.049
1780370992,R_10,4965.345
1780370994,R_10,4965.151
1780370996,R_10,4964.968
1780370998,R_10,4964.953
1780371000,R_10,4964.858
1780371002,R_10,4964.98
1780371004,R_10,4964.841
1780371006,R_10,4964.866
1780371008,R_10,4965.063
1780371010,R_10,4965.191
1780371012,R_10,4965.301
1780371014,R_10,4965.458
1780371016,R_10,4965.44
1780371018,R_10,4965.5
1780371020,R_10,4965.77
1780371022,R_10,4965.642
1780371024,R_10,4965.705
1780371026,R_10,4965.736
1780371028,R_10,4965.616
1780371030,R_10,4965.751
1780371032,R_10,4965.832
1780371034,R_10,4965.609
1780371036,R_10,4965.859
1780371038,R_10,4966.013
1780371040,R_10,4965.812
1780371042,R_10,4965.839
1780371044,R_10,4965.848
1780371046,R_10,4965.741
1780371048,R_10,4965.702
1780371050,R_10,4965.747
1780371052,R_10,4965.84
1780371054,R_10,4965.882
1780371056,R_10,4965.596
1780371058,R_10,4965.545
1780371060,R_10,4965.437
1780371062,R_10,4965.468
1780371064,R_10,4965.613
1780371066,R_10,4965.631
1780371068,R_10,4965.433
1780371070,R_10,4965.29
1780371072,R_10,4965.401
1780371074,R_10,4965.37
1780371076,R_10,4965.521
1780371078,R_10,4965.245
1780371080,R_10,4965.415
1780371082,R_10,4965.364
1780371084,R_10,4965.513
1780371086,R_10,4965.29
1780371088,R_10,4965.271
1780371090,R_10,4965.307
1780371092,R_10,4965.281
1780371094,R_10,4965.275
1780371096,R_10,4965.393
1780371098,R_10,4965.417
1780371100,R_10,4965.465
1780371102,R_10,4965.469
1780371104,R_10,4965.64
1780371106,R_10,4965.615
1780371108,R_10,4965.652
1780371110,R_10,4965.551
1780371112,R_10,4965.744
1780371114,R_10,4965.901
1780371116,R_10,4966.083
1780371118,R_10,4966.281
1780371120,R_10,4966.348
1780371122,R_10,4966.284
1780371124,R_10,4966.407
1780371126,R_10,4966.539
1780371128,R_10,4966.367
1780371130,R_10,4966.638
1780371132,R_10,4966.508
1780371134,R_10,4966.632
1780371136,R_10,4966.785
1780371138,R_10,4966.9
1780371140,R_10,4967.03
1780371142,R_10,4967.013
1780371144,R_10,4967.231
1780371146,R_10,4967.165
1780371148,R_10,4967.175
1780371150,R_10,4967.128
1780371152,R_10,4966.859
1780371154,R_10,4966.834
1780371156,R_10,4966.846
1780371158,R_10,4966.784
1780371160,R_10,4966.858
1780371162,R_10,4966.896
1780371164,R_10,4966.857
1780371166,R_10,4966.862
1780371168,R_10,4966.817
1780371170,R_10,4966.898
1780371172,R_10,4966.765
1780371174,R_10,4966.744
1780371176,R_10,4966.581
1780371178,R_10,4966.574
1780371180,R_10,4966.467
1780371182,R_10,4966.385
1780371184,R_10,4966.247
1780371186,R_10,4966.382
1780371188,R_10,4966.168
1780371190,R_10,4966.154
1780371192,R_10,4966.251
1780371194,R_10,4966.339
1780371196,R_10,4966.323
1780371198,R_10,4966.087
1780371200,R_10,4966.224
1780371202,R_10,4966.366
1780371204,R_10,4966.3
1780371206,R_10,4966.191
1780371208,R_10,4966.081
1780371210,R_10,4965.9
1780371212,R_10,4965.751
1780371214,R_10,4966.014
1780371216,R_10,4966.003
1780371218,R_10,4966.116
1780371220,R_10,4966.134
1780371222,R_10,4966.146
1780371224,R_10,4966.108
1780371226,R_10,4966.386
1780371228,R_10,4966.603
1780371230,R_10,4966.718
1780371232,R_10,4966.606
1780371234,R_10,4966.534
1780371236,R_10,4966.603
1780371238,R_10,4966.57
1780371240,R_10,4966.622
1780371242,R_10,4966.55
1780371244,R_10,4966.597
1780371246,R_10,4966.464
1780371248,R_10,4966.409
1780371250,R_10,4966.442
1780371252,R_10,4966.519
1780371254,R_10,4966.39
1780371256,R_10,4966.556
1780371258,R_10,4966.665
1780371260,R_10,4966.831
1780371262,R_10,4966.65
1780371264,R_10,4966.836
1780371266,R_10,4966.955
1780371268,R_10,4966.856
1780371270,R_10,4966.956
1780371272,R_10,4967.024
1780371274,R_10,4966.967
1780371276,R_10,4966.857
1780371278,R_10,4966.859
1780371280,R_10,4966.904
1780371282,R_10,4966.874
1780371284,R_10,4966.723
1780371286,R_10,4966.653
1780371288,R_10,4966.551
1780371290,R_10,4966.737
1780371292,R_10,4966.796
1780371294,R_10,4966.562
1780371296,R_10,4966.516
1780371298,R_10,4966.696
1780371300,R_10,4966.566
1780371302,R_10,4966.4
1780371304,R_10,4966.69
1780371306,R_10,4966.762
1780371308,R_10,4966.867
1780371310,R_10,4966.842
1780371312,R_10,4966.905
1780371314,R_10,4966.88
1780371316,R_10,4966.933
1780371318,R_10,4966.896
1780371320,R_10,4967.106
1780371322,R_10,4967.123
1780371324,R_10,4967.15
1780371326,R_10,4967.107
1780371328,R_10,4966.984
1780371330,R_10,4966.785
1780371332,R_10,4966.88
1780371334,R_10,4966.79
1780371336,R_10,4966.866
1780371338,R_10,4966.868
1780371340,R_10,4966.925
1780371342,R_10,4967.034
1780371344,R_10,4967.085
1780371346,R_10,4967.102
1780371348,R_10,4966.977
1780371350,R_10,4966.931
1780371352,R_10,4966.859
1780371354,R_10,4966.929
1780371356,R_10,4967.07
1780371358,R_10,4967.039
1780371360,R_10,4967.146
1780371362,R_10,4967.099
1780371364,R_10,4967.061
1780371366,R_10,4966.887
1780371368,R_10,4966.895
1780371370,R_10,4966.757
1780371372,R_10,4966.484
1780371374,R_10,4966.526
1780371376,R_10,4966.532
1780371378,R_10,4966.444
1780371380,R_10,4966.482
1780371382,R_10,4966.344
1780371384,R_10,4966.491
1780371386,R_10,4966.435
1780371388,R_10,4966.492
1780371390,R_10,4966.471
1780371392,R_10,4966.348
1780371394,R_10,4966.376
1780371396,R_10,4966.257
1780371398,R_10,4965.985
1780371400,R_10,4965.768
1780371402,R_10,4965.9
1780371404,R_10,4965.786
1780371406,R_10,4965.808
1780371408,R_10,4965.847
1780371410,R_10,4965.8
1780371412,R_10,4965.736
1780371414,R_10,4965.867
1780371416,R_10,4966.041
1780371418,R_10,4966.187
1780371420,R_10,4966.317
1780371422,R_10,4966.254
1780371424,R_10,4966.195
1780371426,R_10,4965.977
1780371428,R_10,4966.075
1780371430,R_10,4966.036
1780371432,R_10,4966.101
1780371434,R_10,4966.067
1780371436,R_10,4966.117
1780371438,R_10,4966.1
1780371440,R_10,4966.086
1780371442,R_10,4966.016
1780371444,R_10,4965.889
1780371446,R_10,4965.903
1780371448,R_10,4965.927
1780371450,R_10,4966.107
1780371452,R_10,4965.889
1780371454,R_10,4966.128
1780371456,R_10,4966.206
1780371458,R_10,4966.183
1780371460,R_10,4966.107
1780371462,R_10,4965.863
1780371464,R_10,4965.658
1780371466,R_10,4965.5
1780371468,R_10,4965.372
1780371470,R_10,4965.569
1780371472,R_10,4965.582
1780371474,R_10,4965.794
1780371476,R_10,4965.925
1780371478,R_10,4965.805
1780371480,R_10,4965.521
1780371482,R_10,4965.446
1780371484,R_10,4965.416
1780371486,R_10,4965.374
1780371488,R_10,4965.476
1780371490,R_10,4965.432
1780371492,R_10,4965.6
1780371494,R_10,4965.653
1780371496,R_10,4965.619
1780371498,R_10,4965.686
1780371500,R_10,4965.598
1780371502,R_10,4965.497
1780371504,R_10,4965.497
1780371506,R_10,4965.535
1780371508,R_10,4965.493
1780371510,R_10,4965.604
1780371512,R_10,4965.601
1780371514,R_10,4965.436
1780371516,R_10,4965.436
1780371518,R_10,4965.617
1780371520,R_10,4965.525
1780371522,R_10,4965.441
1780371524,R_10,4965.425
1780371526,R_10,4965.35
1780371528,R_10,4965.33
1780371530,R_10,4965.492
1780371532,R_10,4965.668
1780371534,R_10,4965.531
1780371536,R_10,4965.497
1780371538,R_10,4965.471
1780371540,R_10,4965.598
1780371542,R_10,4965.574
1780371544,R_10,4965.697
1780371546,R_10,4965.727
1780371548,R_10,4965.761
1780371550,R_10,4965.805
1780371552,R_10,4965.639
1780371554,R_10,4965.634
1780371556,R_10,4965.87
1780371558,R_10,4965.926
1780371560,R_10,4965.724
1780371562,R_10,4965.681
1780371564,R_10,4965.875
1780371566,R_10,4965.975
1780371568,R_10,4965.924
1780371570,R_10,4965.871
1780371572,R_10,4965.913
1780371574,R_10,4965.928
1780371576,R_10,4965.707
1780371578,R_10,4965.768
1780371580,R_10,4965.732
1780371582,R_10,4965.73
1780371584,R_10,4965.641
1780371586,R_10,4965.706
1780371588,R_10,4965.715
1780371590,R_10,4965.732
1780371592,R_10,4965.764
1780371594,R_10,4965.801
1780371596,R_10,4965.828
1780371598,R_10,4965.763
1780371600,R_10,4965.844
1780371602,R_10,4965.819
1780371604,R_10,4965.935
1780371606,R_10,4966.012
1780371608,R_10,4966.004
1780371610,R_10,4965.842
1780371612,R_10,4965.697
1780371614,R_10,4965.702
1780371616,R_10,4965.749
1780371618,R_10,4965.74
1780371620,R_10,4965.607
1780371622,R_10,4965.639
1780371624,R_10,4965.58
1780371626,R_10,4965.525
1780371628,R_10,4965.585
1780371630,R_10,4965.667
1780371632,R_10,4965.681
1780371634,R_10,4965.709
1780371636,R_10,4965.806
1780371638,R_10,4965.863
1780371640,R_10,4966.01
1780371642,R_10,4965.947
1780371644,R_10,4965.727
1780371646,R_10,4965.75
1780371648,R_10,4965.689
1780371650,R_10,4965.565
1780371652,R_10,4965.635
1780371654,R_10,4965.43
1780371656,R_10,4965.339
1780371658,R_10,4965.468
1780371660,R_10,4965.587
1780371662,R_10,4965.647
1780371664,R_10,4965.717
1780371666,R_10,4965.695
1780371668,R_10,4965.592
1780371670,R_10,4965.867
1780371672,R_10,4965.896
1780371674,R_10,4966.026
1780371676,R_10,4966.319
1780371678,R_10,4966.349
1780371680,R_10,4966.287
1780371682,R_10,4966.289
1780371684,R_10,4966.469
1780371686,R_10,4966.383
1780371688,R_10,4966.509
1780371690,R_10,4966.74
1780371692,R_10,4966.61
1780371694,R_10,4966.66
1780371696,R_10,4966.732
1780371698,R_10,4966.534
1780371700,R_10,4966.34
1780371702,R_10,4966.353
1780371704,R_10,4966.406
1780371706,R_10,4966.282
1780371708,R_10,4966.402
1780371710,R_10,4966.436
1780371712,R_10,4966.298
1780371714,R_10,4965.936
1780371716,R_10,4965.79
1780371718,R_10,4965.625
1780371720,R_10,4965.832
1780371722,R_10,4965.717
1780371724,R_10,4965.617
1780371726,R_10,4965.699
1780371728,R_10,4965.696
1780371730,R_10,4965.734
1780371732,R_10,4965.795
1780371734,R_10,4965.791
1780371736,R_10,4965.792
1780371738,R_10,4965.758
1780371740,R_10,4965.912
1780371742,R_10,4965.96
1780371744,R_10,4966.063
1780371746,R_10,4966.107
1780371748,R_10,4965.953
1780371750,R_10,4965.781
1780371752,R_10,4965.608
1780371754,R_10,4965.801
1780371756,R_10,4965.804
1780371758,R_10,4965.658
1780371760,R_10,4965.7
1780371762,R_10,4965.914
1780371764,R_10,4965.913
1780371766,R_10,4966
1780371768,R_10,4965.993
1780371770,R_10,4965.835
1780371772,R_10,4965.702
1780371774,R_10,4965.561
1780371776,R_10,4965.615
1780371778,R_10,4965.544
1780371780,R_10,4965.626
1780371782,R_10,4965.404
1780371784,R_10,4965.412
1780371786,R_10,4965.364
1780371788,R_10,4965.35
1780371790,R_10,4965.282
1780371792,R_10,4965.2
1780371794,R_10,4965.381
1780371796,R_10,4965.284
1780371798,R_10,4965.268
1780371800,R_10,4965.372
1780371802,R_10,4965.395
1780371804,R_10,4965.521
1780371806,R_10,4965.296
1780371808,R_10,4965.266
1780371810,R_10,4965.193
1780371812,R_10,4965.16
1780371814,R_10,4964.917
1780371816,R_10,4964.836
1780371818,R_10,4964.731
1780371820,R_10,4964.886
1780371822,R_10,4965.161
1780371824,R_10,4965.03
1780371826,R_10,4965.031
1780371828,R_10,4964.909
1780371830,R_10,4964.936
1780371832,R_10,4964.944
1780371834,R_10,4965.062
1780371836,R_10,4964.986
1780371838,R_10,4965.109
1780371840,R_10,4965.098
1780371842,R_10,4965.007
1780371844,R_10,4964.968
1780371846,R_10,4964.725
1780371848,R_10,4964.866
1780371850,R_10,4964.965
1780371852,R_10,4964.848
1780371854,R_10,4964.987
1780371856,R_10,4964.939
1780371858,R_10,4964.908
1780371860,R_10,4964.864
1780371862,R_10,4964.918
1780371864,R_10,4964.856
1780371866,R_10,4964.863
1780371868,R_10,4964.897
1780371870,R_10,4965.056
1780371872,R_10,4965.014
1780371874,R_10,4965.005
1780371876,R_10,4965.112
1780371878,R_10,4965.101
1780371880,R_10,4965.133
1780371882,R_10,4964.982
1780371884,R_10,4964.87
1780371886,R_10,4964.79
1780371888,R_10,4964.839
1780371890,R_10,4964.728
1780371892,R_10,4964.764
1780371894,R_10,4964.819
1780371896,R_10,4964.774
1780371898,R_10,4964.757
1780371900,R_10,4964.54
1780371902,R_10,4964.533
1780371904,R_10,4964.489
1780371906,R_10,4964.624
1780371908,R_10,4964.501
1780371910,R_10,4964.304
1780371912,R_10,4964.207
1780371914,R_10,4964.359
1780371916,R_10,4964.403
1780371918,R_10,4964.182
1780371920,R_10,4964.197
1780371922,R_10,4964.298
1780371924,R_10,4964.204
1780371926,R_10,4964.217
1780371928,R_10,4964.238
1780371930,R_10,4964.293
1780371932,R_10,4964.39
1780371934,R_10,4964.548
1780371936,R_10,4964.741
1780371938,R_10,4964.642
1780371940,R_10,4964.562
1780371942,R_10,4964.534
1780371944,R_10,4964.42
1780371946,R_10,4964.462
1780371948,R_10,4964.234
1780371950,R_10,4964.137
1780371952,R_10,4964.02
1780371954,R_10,4964.12
1780371956,R_10,4963.982
1780371958,R_10,4963.952
1780371960,R_10,4963.834
1780371962,R_10,4963.849
1780371964,R_10,4963.781
1780371966,R_10,4963.872
1780371968,R_10,4964.018
1780371970,R_10,4964
1780371972,R_10,4963.899
1780371974,R_10,4964.008
1780371976,R_10,4964.052
1780371978,R_10,4963.904
1780371980,R_10,4963.942
1780371982,R_10,4963.799
1780371984,R_10,4963.728
1780371986,R_10,4963.615
1780371988,R_10,4963.72
1780371990,R_10,4963.788
1780371992,R_10,4963.658
1780371994,R_10,4963.509
1780371996,R_10,4963.389
1780371998,R_10,4963.459
1780372000,R_10,4963.488
1780372002,R_10,4963.677
1780372004,R_10,4963.463
1780372006,R_10,4963.542
1780372008,R_10,4963.663
1780372010,R_10,4963.447
1780372012,R_10,4963.772
1780372014,R_10,4963.706
1780372016,R_10,4963.792
1780372018,R_10,4963.715
1780372020,R_10,4963.941
1780372022,R_10,4963.963
1780372024,R_10,4963.944
1780372026,R_10,4964.02
1780372028,R_10,4963.958
1780372030,R_10,4964.169
1780372032,R_10,4964.261
1780372034,R_10,4964.197
1780372036,R_10,4964.228
1780372038,R_10,4964.134
1780372040,R_10,4964.111
1780372042,R_10,4964.262
1780372044,R_10,4964.338
1780372046,R_10,4964.238
1780372048,R_10,4964.265
1780372050,R_10,4964.125
1780372052,R_10,4964.038
1780372054,R_10,4963.918
1780372056,R_10,4963.734
1780372058,R_10,4963.697
1780372060,R_10,4963.779
1780372062,R_10,4963.801
1780372064,R_10,4963.785
1780372066,R_10,4964.022
1780372068,R_10,4963.976
1780372070,R_10,4963.893
1780372072,R_10,4963.833
1780372074,R_10,4963.961
1780372076,R_10,4963.975
1780372078,R_10,4963.917
1780372080,R_10,4964.019
1780372082,R_10,4963.988
1780372084,R_10,4963.844
1780372086,R_10,4964.001
1780372088,R_10,4964.115
1780372090,R_10,4964.013
1780372092,R_10,4963.776
1780372094,R_10,4963.825
1780372096,R_10,4963.643
1780372098,R_10,4963.737
1780372100,R_10,4963.614
1780372102,R_10,4963.793
1780372104,R_10,4963.802
1780372106,R_10,4963.706
1780372108,R_10,4963.439
1780372110,R_10,4963.312
1780372112,R_10,4963.461
1780372114,R_10,4963.397
1780372116,R_10,4963.267
1780372118,R_10,4963.246
1780372120,R_10,4963.268
1780372122,R_10,4963.093
1780372124,R_10,4962.991
1780372126,R_10,4963.056
1780372128,R_10,4963.146
1780372130,R_10,4962.991
1780372132,R_10,4962.994
1780372134,R_10,4963.126
1780372136,R_10,4963.274
1780372138,R_10,4963.167
1780372140,R_10,4963.099
1780372142,R_10,4963.198
1780372144,R_10,4963.229
1780372146,R_10,4963.168
1780372148,R_10,4963.024
1780372150,R_10,4962.982
1780372152,R_10,4963.106
1780372154,R_10,4963.103
1780372156,R_10,4963.065
1780372158,R_10,4962.884
1780372160,R_10,4962.889
1780372162,R_10,4962.964
1780372164,R_10,4963.187
1780372166,R_10,4963.131
1780372168,R_10,4963.11
1780372170,R_10,4963.052
1780372172,R_10,4963.221
1780372174,R_10,4963.412
1780372176,R_10,4963.401
1780372178,R_10,4963.49
1780372180,R_10,4963.487
1780372182,R_10,4963.508
1780372184,R_10,4963.263
1780372186,R_10,4963.248
1780372188,R_10,4963.176
1780372190,R_10,4963.188
1780372192,R_10,4963.166
1780372194,R_10,4963.049
1780372196,R_10,4962.878
1780372198,R_10,4963.009
1780372200,R_10,4963.27
1780372202,R_10,4963.466
1780372204,R_10,4963.578
1780372206,R_10,4963.408
1780372208,R_10,4963.438
1780372210,R_10,4963.48
1780372212,R_10,4963.553
1780372214,R_10,4963.446
1780372216,R_10,4963.558
1780372218,R_10,4963.793
1780372220,R_10,4963.917
1780372222,R_10,4963.993
1780372224,R_10,4964.049
1780372226,R_10,4963.846
1780372228,R_10,4963.707
1780372230,R_10,4963.697
1780372232,R_10,4963.818
1780372234,R_10,4963.7
1780372236,R_10,4963.999
1780372238,R_10,4963.882
1780372240,R_10,4963.9
1780372242,R_10,4963.732
1780372244,R_10,4963.748
1780372246,R_10,4963.933
1780372248,R_10,4964.091
1780372250,R_10,4964.052
1780372252,R_10,4964.101
1780372254,R_10,4963.898
1780372256,R_10,4963.928
1780372258,R_10,4964.024
1780372260,R_10,4964.065
1780372262,R_10,4963.885
1780372264,R_10,4963.734
1780372266,R_10,4964.204
1780372268,R_10,4964.071
1780372270,R_10,4963.885
1780372272,R_10,4964.022
1780372274,R_10,4963.905
1780372276,R_10,4963.708
1780372278,R_10,4963.735
1780372280,R_10,4963.776
1780372282,R_10,4963.708
1780372284,R_10,4963.788
1780372286,R_10,4963.619
1780372288,R_10,4963.523
1780372290,R_10,4963.61
1780372292,R_10,4963.672
1780372294,R_10,4963.595
1780372296,R_10,4963.535
1780372298,R_10,4963.658
1780372300,R_10,4963.531
1780372302,R_10,4963.286
1780372304,R_10,4963.187
1780372306,R_10,4963.062
1780372308,R_10,4962.921
1780372310,R_10,4963.05
1780372312,R_10,4963.027
1780372314,R_10,4963.111
1780372316,R_10,4962.982
1780372318,R_10,4963.019
1780372320,R_10,4963.285
1780372322,R_10,4963.207
1780372324,R_10,4963.203
1780372326,R_10,4963.117
1780372328,R_10,4963.192
1780372330,R_10,4963.177
1780372332,R_10,4963.049
1780372334,R_10,4962.914
1780372336,R_10,4963.158
1780372338,R_10,4963.228
1780372340,R_10,4963.347
1780372342,R_10,4963.154
1780372344,R_10,4963.071
1780372346,R_10,4963.097
1780372348,R_10,4963.235
1780372350,R_10,4963.076
1780372352,R_10,4963.082
